# https://github.com/mikedh/trimesh
v 0.00634645 -0.00439683 -0.02099842 0.54509804 0.71372549 0.60000000
v 0.00565452 -0.00445779 -0.02099842 0.54509804 0.71372549 0.60000000
v -0.00565641 -0.00445779 -0.02099842 0.54509804 0.71372549 0.60000000
v 0.00565641 -0.00445779 -0.01710322 0.54509804 0.71372549 0.60000000
v 0.00628974 -0.00440610 0.01599742 0.54509804 0.71372549 0.60000000
v 0.00634645 -0.00439671 0.01599742 0.54509804 0.71372549 0.60000000
v 0.00628596 -0.00438379 0.01660094 0.54509804 0.71372549 0.60000000
v 0.00690415 -0.00423226 0.01660496 0.54509804 0.71372549 0.60000000
v 0.00690793 -0.00425575 0.01599742 0.54509804 0.71372549 0.60000000
v 0.00701758 -0.00421864 -0.02099842 0.54509804 0.71372549 0.60000000
v 0.00701758 -0.00421816 0.01599742 0.54509804 0.71372549 0.60000000
v 0.00749399 -0.00400908 0.01599742 0.54509804 0.71372549 0.60000000
v 0.00749021 -0.00398559 0.01660094 0.54509804 0.71372549 0.60000000
v 0.00764712 -0.00392686 0.01599742 0.54509804 0.71372549 0.60000000
v 0.00764712 -0.00392673 -0.02099842 0.54509804 0.71372549 0.60000000
v 0.00870959 -0.00304164 -0.02099842 0.54509804 0.71372549 0.60000000
v 0.00821617 -0.00353049 -0.02099842 0.54509804 0.71372549 0.60000000
v 0.00803468 -0.00367314 0.01599742 0.54509804 0.71372549 0.60000000
v 0.00803090 -0.00364847 0.01659289 0.54509804 0.71372549 0.60000000
v 0.00748076 -0.00391276 0.01719640 0.54509804 0.71372549 0.60000000
v 0.00801956 -0.00357447 0.01717629 0.54509804 0.71372549 0.60000000
v 0.00746185 -0.00379295 0.01778382 0.54509804 0.71372549 0.60000000
v 0.00800065 -0.00345231 0.01775566 0.54509804 0.71372549 0.60000000
v 0.00849975 -0.00315630 0.01714008 0.54509804 0.71372549 0.60000000
v 0.00851109 -0.00323030 0.01657277 0.54509804 0.71372549 0.60000000
v 0.00821617 -0.00352983 0.01599742 0.54509804 0.71372549 0.60000000
v 0.00851487 -0.00325497 0.01599742 0.54509804 0.71372549 0.60000000
v 0.00870959 -0.00304119 0.01599742 0.54509804 0.71372549 0.60000000
v 0.00891755 -0.00274166 0.01654863 0.54509804 0.71372549 0.60000000
v 0.00892133 -0.00276632 0.01599742 0.54509804 0.71372549 0.60000000
v 0.00911038 -0.00247424 -0.02099842 0.54509804 0.71372549 0.60000000
v 0.00911038 -0.00247502 0.01599742 0.54509804 0.71372549 0.60000000
v 0.00924272 -0.00219545 0.01651645 0.54509804 0.71372549 0.60000000
v 0.00924650 -0.00222012 0.01599742 0.54509804 0.71372549 0.60000000
v 0.00940719 -0.00184776 0.01599742 0.54509804 0.71372549 0.60000000
v 0.00947714 -0.00160462 0.01648024 0.54509804 0.71372549 0.60000000
v 0.00948092 -0.00162811 0.01599742 0.54509804 0.71372549 0.60000000
v 0.00940719 -0.00184706 -0.02099842 0.54509804 0.71372549 0.60000000
v 0.00959057 -0.00117767 -0.02099842 0.54509804 0.71372549 0.60000000
v 0.00959057 -0.00117823 0.01599742 0.54509804 0.71372549 0.60000000
v 0.00961326 -0.00098441 0.01643598 0.54509804 0.71372549 0.60000000
v 0.00946202 -0.00153296 0.01695097 0.54509804 0.71372549 0.60000000
v 0.00922948 -0.00212263 0.01702742 0.54509804 0.71372549 0.60000000
v 0.00920869 -0.00200164 0.01753035 0.54509804 0.71372549 0.60000000
v 0.00943933 -0.00141668 0.01742172 0.54509804 0.71372549 0.60000000
v 0.00959813 -0.00091628 0.01687051 0.54509804 0.71372549 0.60000000
v 0.00964918 -0.00035011 0.01639172 0.54509804 0.71372549 0.60000000
v 0.00965674 -0.00048754 0.01599742 0.54509804 0.71372549 0.60000000
v 0.00961704 -0.00100673 0.01599742 0.54509804 0.71372549 0.60000000
v 0.00965485 -0.00048718 -0.02099842 0.54509804 0.71372549 0.60000000
v -0.00965674 -0.00048718 -0.02099842 0.54509804 0.71372549 0.60000000
v -0.00870959 -0.00304164 -0.02099842 0.54509804 0.71372549 0.60000000
v -0.00940719 -0.00184706 -0.02099842 0.54509804 0.71372549 0.60000000
v -0.00959057 -0.00117767 -0.02099842 0.54509804 0.71372549 0.60000000
v -0.00961704 -0.00100673 0.01605778 0.54509804 0.71372549 0.60000000
v -0.00965674 -0.00048754 0.01599742 0.54509804 0.71372549 0.60000000
v -0.00960948 -0.00096797 0.01656875 0.54509804 0.71372549 0.60000000
v -0.00959057 -0.00117823 0.01599742 0.54509804 0.71372549 0.60000000
v -0.00947525 -0.00159757 0.01654461 0.54509804 0.71372549 0.60000000
v -0.00948092 -0.00162811 0.01599742 0.54509804 0.71372549 0.60000000
v -0.00959057 -0.00117823 -0.01709920 0.54509804 0.71372549 0.60000000
v -0.00941475 -0.00182479 -0.01710322 0.54509804 0.71372549 0.60000000
v -0.00940719 -0.00184776 0.01599742 0.54509804 0.71372549 0.60000000
v -0.00924083 -0.00218841 0.01658484 0.54509804 0.71372549 0.60000000
v -0.00923894 -0.00217783 0.01667336 0.54509804 0.71372549 0.60000000
v -0.00891566 -0.00272404 0.01671359 0.54509804 0.71372549 0.60000000
v -0.00890054 -0.00263476 0.01725675 0.54509804 0.71372549 0.60000000
v -0.00849407 -0.00312341 0.01731308 0.54509804 0.71372549 0.60000000
v -0.00850731 -0.00321268 0.01674578 0.54509804 0.71372549 0.60000000
v -0.00891755 -0.00273461 0.01662106 0.54509804 0.71372549 0.60000000
v -0.00911038 -0.00247502 0.01599742 0.54509804 0.71372549 0.60000000
v -0.00924650 -0.00221895 0.01606985 0.54509804 0.71372549 0.60000000
v -0.00911038 -0.00247424 -0.02099842 0.54509804 0.71372549 0.60000000
v -0.00911038 -0.00247502 -0.01709920 0.54509804 0.71372549 0.60000000
v -0.00892133 -0.00276632 0.01607387 0.54509804 0.71372549 0.60000000
v -0.00870959 -0.00304119 0.01599742 0.54509804 0.71372549 0.60000000
v -0.00850920 -0.00322325 0.01664922 0.54509804 0.71372549 0.60000000
v -0.00802901 -0.00363085 0.01676992 0.54509804 0.71372549 0.60000000
v -0.00802901 -0.00364142 0.01667336 0.54509804 0.71372549 0.60000000
v -0.00821617 -0.00352983 0.01599742 0.54509804 0.71372549 0.60000000
v -0.00851487 -0.00325497 0.01607789 0.54509804 0.71372549 0.60000000
v -0.00821617 -0.00353049 -0.01710322 0.54509804 0.71372549 0.60000000
v -0.00851487 -0.00325497 0.01599742 0.54509804 0.71372549 0.60000000
v -0.00873228 -0.00301233 -0.01710322 0.54509804 0.71372549 0.60000000
v -0.00821617 -0.00353049 -0.02099842 0.54509804 0.71372549 0.60000000
v -0.00803468 -0.00367314 0.01599742 0.54509804 0.71372549 0.60000000
v -0.00764712 -0.00392673 -0.02099842 0.54509804 0.71372549 0.60000000
v -0.00701758 -0.00421864 -0.02099842 0.54509804 0.71372549 0.60000000
v -0.00749399 -0.00400908 0.01608192 0.54509804 0.71372549 0.60000000
v -0.00701758 -0.00421864 -0.01710322 0.54509804 0.71372549 0.60000000
v -0.00701758 -0.00421816 0.01599742 0.54509804 0.71372549 0.60000000
v -0.00749021 -0.00397736 0.01668543 0.54509804 0.71372549 0.60000000
v -0.00764712 -0.00392686 0.01599742 0.54509804 0.71372549 0.60000000
v -0.00748832 -0.00396797 0.01678601 0.54509804 0.71372549 0.60000000
v -0.00690226 -0.00421581 0.01678601 0.54509804 0.71372549 0.60000000
v -0.00690415 -0.00422521 0.01668543 0.54509804 0.71372549 0.60000000
v -0.00628596 -0.00437674 0.01668141 0.54509804 0.71372549 0.60000000
v -0.00690793 -0.00425575 0.01608192 0.54509804 0.71372549 0.60000000
v -0.00634645 -0.00439683 -0.02099842 0.54509804 0.71372549 0.60000000
v -0.00634645 -0.00439671 0.01599742 0.54509804 0.71372549 0.60000000
v -0.00628974 -0.00440610 0.01608192 0.54509804 0.71372549 0.60000000
v -0.00565074 -0.00442960 0.01666531 0.54509804 0.71372549 0.60000000
v -0.00628407 -0.00436734 0.01678199 0.54509804 0.71372549 0.60000000
v -0.00627083 -0.00428629 0.01737343 0.54509804 0.71372549 0.60000000
v -0.00563562 -0.00434385 0.01734125 0.54509804 0.71372549 0.60000000
v -0.00564885 -0.00442020 0.01676590 0.54509804 0.71372549 0.60000000
v 0.00565263 -0.00443547 0.01658887 0.54509804 0.71372549 0.60000000
v 0.00564129 -0.00437087 0.01716824 0.54509804 0.71372549 0.60000000
v 0.00562049 -0.00426515 0.01773956 0.54509804 0.71372549 0.60000000
v -0.00561293 -0.00422521 0.01791257 0.54509804 0.71372549 0.60000000
v -0.00624815 -0.00416178 0.01795280 0.54509804 0.71372549 0.60000000
v -0.00688903 -0.00413124 0.01738550 0.54509804 0.71372549 0.60000000
v -0.00747509 -0.00388105 0.01737746 0.54509804 0.71372549 0.60000000
v -0.00686634 -0.00400086 0.01797292 0.54509804 0.71372549 0.60000000
v -0.00621790 -0.00399381 0.01852413 0.54509804 0.71372549 0.60000000
v -0.00683609 -0.00382584 0.01854827 0.54509804 0.71372549 0.60000000
v -0.00745429 -0.00374596 0.01796488 0.54509804 0.71372549 0.60000000
v -0.00742215 -0.00356507 0.01853620 0.54509804 0.71372549 0.60000000
v -0.00679450 -0.00360501 0.01911155 0.54509804 0.71372549 0.60000000
v -0.00617631 -0.00378355 0.01907936 0.54509804 0.71372549 0.60000000
v -0.00554298 -0.00386930 0.01900694 0.54509804 0.71372549 0.60000000
v -0.00552975 -0.00380469 0.01915983 0.54509804 0.71372549 0.60000000
v 0.00554487 -0.00387400 0.01899889 0.54509804 0.71372549 0.60000000
v -0.00558268 -0.00406664 0.01846780 0.54509804 0.71372549 0.60000000
v 0.00559403 -0.00411949 0.01829882 0.54509804 0.71372549 0.60000000
v 0.00625571 -0.00420524 0.01777578 0.54509804 0.71372549 0.60000000
v 0.00627461 -0.00431566 0.01719238 0.54509804 0.71372549 0.60000000
v 0.00689281 -0.00416178 0.01720445 0.54509804 0.71372549 0.60000000
v 0.00687391 -0.00404549 0.01779187 0.54509804 0.71372549 0.60000000
v 0.00684744 -0.00388457 0.01837124 0.54509804 0.71372549 0.60000000
v 0.00743350 -0.00362615 0.01836320 0.54509804 0.71372549 0.60000000
v 0.00797229 -0.00328198 0.01832296 0.54509804 0.71372549 0.60000000
v 0.00847895 -0.00303296 0.01769933 0.54509804 0.71372549 0.60000000
v 0.00890621 -0.00266765 0.01709179 0.54509804 0.71372549 0.60000000
v 0.00888541 -0.00254549 0.01762691 0.54509804 0.71372549 0.60000000
v 0.00885516 -0.00237400 0.01815398 0.54509804 0.71372549 0.60000000
v 0.00917655 -0.00183367 0.01802925 0.54509804 0.71372549 0.60000000
v 0.00940530 -0.00125458 0.01788038 0.54509804 0.71372549 0.60000000
v 0.00916332 -0.00177611 0.01817409 0.54509804 0.71372549 0.60000000
v 0.00884382 -0.00231527 0.01830687 0.54509804 0.71372549 0.60000000
v 0.00879656 -0.00208386 0.01881784 0.54509804 0.71372549 0.60000000
v 0.00911416 -0.00154941 0.01865288 0.54509804 0.71372549 0.60000000
v 0.00939207 -0.00119702 0.01801718 0.54509804 0.71372549 0.60000000
v 0.00953575 -0.00064964 0.01771543 0.54509804 0.71372549 0.60000000
v 0.00952251 -0.00059561 0.01783613 0.54509804 0.71372549 0.60000000
v 0.00955276 0.00001520 0.01764300 0.54509804 0.71372549 0.60000000
v 0.00960570 -0.00018097 0.01716019 0.54509804 0.71372549 0.60000000
v 0.00957356 -0.00080469 0.01729296 0.54509804 0.71372549 0.60000000
v 0.00963405 -0.00028668 0.01677797 0.54509804 0.71372549 0.60000000
v 0.00956789 0.00034057 0.01668141 0.54509804 0.71372549 0.60000000
v 0.00958490 0.00028184 0.01634344 0.54509804 0.71372549 0.60000000
v 0.00942799 0.00087620 0.01599742 0.54509804 0.71372549 0.60000000
v 0.00953764 0.00043689 0.01701535 0.54509804 0.71372549 0.60000000
v 0.00940152 0.00094785 0.01658082 0.54509804 0.71372549 0.60000000
v 0.00947903 0.00061896 0.01743781 0.54509804 0.71372549 0.60000000
v 0.00936938 0.00103595 0.01686648 0.54509804 0.71372549 0.60000000
v 0.00942799 0.00087621 -0.02099842 0.54509804 0.71372549 0.60000000
v 0.00959057 0.00026187 0.01599742 0.54509804 0.71372549 0.60000000
v 0.00960002 0.00020431 0.01599742 0.54509804 0.71372549 0.60000000
v 0.00960002 0.00021034 -0.01710322 0.54509804 0.71372549 0.60000000
v 0.00965485 -0.00037126 0.01599742 0.54509804 0.71372549 0.60000000
v 0.00960002 0.00020448 -0.02099842 0.54509804 0.71372549 0.60000000
v 0.00884760 0.00220092 -0.02099842 0.54509804 0.71372549 0.60000000
v 0.00915953 0.00155161 0.01775566 0.54509804 0.71372549 0.60000000
v 0.00924083 0.00136250 0.01749816 0.54509804 0.71372549 0.60000000
v 0.00930699 0.00119922 0.01722859 0.54509804 0.71372549 0.60000000
v 0.00941665 0.00079985 0.01775566 0.54509804 0.71372549 0.60000000
v 0.00942043 0.00044276 0.01835112 0.54509804 0.71372549 0.60000000
v 0.00933913 0.00101246 0.01805742 0.54509804 0.71372549 0.60000000
v 0.00924461 0.00125443 0.01834710 0.54509804 0.71372549 0.60000000
v 0.00932779 0.00070705 0.01868507 0.54509804 0.71372549 0.60000000
v 0.00921436 0.00100306 0.01899889 0.54509804 0.71372549 0.60000000
v 0.00919735 0.00046273 0.01935698 0.54509804 0.71372549 0.60000000
v 0.00914441 0.00060251 0.01949780 0.54509804 0.71372549 0.60000000
v 0.00902909 0.00006336 0.01983979 0.54509804 0.71372549 0.60000000
v 0.00888541 0.00044628 0.02019787 0.54509804 0.71372549 0.60000000
v 0.00899884 0.00096547 0.01981967 0.54509804 0.71372549 0.60000000
v 0.00916143 0.00113462 0.01912362 0.54509804 0.71372549 0.60000000
v 0.00912929 0.00152459 0.01862069 0.54509804 0.71372549 0.60000000
v 0.00907635 0.00164323 0.01872933 0.54509804 0.71372549 0.60000000
v 0.00901397 0.00147174 0.01941331 0.54509804 0.71372549 0.60000000
v 0.00892889 0.00194981 0.01897878 0.54509804 0.71372549 0.60000000
v 0.00894591 0.00200972 0.01823042 0.54509804 0.71372549 0.60000000
v 0.00906123 0.00176892 0.01799706 0.54509804 0.71372549 0.60000000
v 0.00889108 0.00211661 0.01832296 0.54509804 0.71372549 0.60000000
v 0.00875875 0.00227401 0.01921214 0.54509804 0.71372549 0.60000000
v 0.00884193 0.00182765 0.01967885 0.54509804 0.71372549 0.60000000
v 0.00882870 0.00135075 0.02011740 0.54509804 0.71372549 0.60000000
v 0.00863019 0.00175130 0.02038697 0.54509804 0.71372549 0.60000000
v 0.00864532 0.00220118 0.01992026 0.54509804 0.71372549 0.60000000
v 0.00856591 0.00261465 0.01942538 0.54509804 0.71372549 0.60000000
v 0.00874551 0.00238912 0.01853620 0.54509804 0.71372549 0.60000000
v 0.00857915 0.00267808 0.01873335 0.54509804 0.71372549 0.60000000
v 0.00839199 0.00297878 0.01891440 0.54509804 0.71372549 0.60000000
v 0.00834472 0.00296586 0.01961448 0.54509804 0.71372549 0.60000000
v 0.00842034 0.00258881 0.02013752 0.54509804 0.71372549 0.60000000
v 0.00840333 0.00216829 0.02062838 0.54509804 0.71372549 0.60000000
v 0.00829368 0.00171723 0.02108302 0.54509804 0.71372549 0.60000000
v 0.00820483 0.00187933 0.02116752 0.54509804 0.71372549 0.60000000
v 0.00800821 0.00141770 0.02157790 0.54509804 0.71372549 0.60000000
v 0.00773598 0.00190165 0.02181931 0.54509804 0.71372549 0.60000000
v 0.00792692 0.00234683 0.02139685 0.54509804 0.71372549 0.60000000
v 0.00831259 0.00232217 0.02070885 0.54509804 0.71372549 0.60000000
v 0.00833149 0.00273094 0.02020994 0.54509804 0.71372549 0.60000000
v 0.00803468 0.00276383 0.02091806 0.54509804 0.71372549 0.60000000
v 0.00805737 0.00314206 0.02039904 0.54509804 0.71372549 0.60000000
v 0.00825965 0.00309625 0.01967885 0.54509804 0.71372549 0.60000000
v 0.00818025 0.00329241 0.01907936 0.54509804 0.71372549 0.60000000
v 0.00799309 0.00347095 0.01984783 0.54509804 0.71372549 0.60000000
v 0.00809707 0.00340870 0.01913569 0.54509804 0.71372549 0.60000000
v 0.00808383 0.00342715 -0.01710322 0.54509804 0.71372549 0.60000000
v 0.00808194 0.00342832 -0.02099842 0.54509804 0.71372549 0.60000000
v 0.00714803 0.00453381 -0.02099842 0.54509804 0.71372549 0.60000000
v 0.00756394 0.00408176 0.01941733 0.54509804 0.71372549 0.60000000
v 0.00784374 0.00374347 0.01928456 0.54509804 0.71372549 0.60000000
v 0.00770006 0.00384801 0.01999670 0.54509804 0.71372549 0.60000000
v 0.00775299 0.00355200 0.02055998 0.54509804 0.71372549 0.60000000
v 0.00772653 0.00320431 0.02109509 0.54509804 0.71372549 0.60000000
v 0.00761877 0.00281199 0.02158595 0.54509804 0.71372549 0.60000000
v 0.00743161 0.00238560 0.02202048 0.54509804 0.71372549 0.60000000
v 0.00717072 0.00193571 0.02239063 0.54509804 0.71372549 0.60000000
v 0.00746564 0.00144120 0.02217739 0.54509804 0.71372549 0.60000000
v 0.00684366 0.00147408 0.02268434 0.54509804 0.71372549 0.60000000
v 0.00653361 0.00196978 0.02287344 0.54509804 0.71372549 0.60000000
v 0.00684555 0.00242671 0.02256766 0.54509804 0.71372549 0.60000000
v 0.00709510 0.00286484 0.02218946 0.54509804 0.71372549 0.60000000
v 0.00727658 0.00327362 0.02174286 0.54509804 0.71372549 0.60000000
v 0.00738623 0.00364245 0.02123994 0.54509804 0.71372549 0.60000000
v 0.00741837 0.00396195 0.02069677 0.54509804 0.71372549 0.60000000
v 0.00737489 0.00422389 0.02012143 0.54509804 0.71372549 0.60000000
v 0.00704027 0.00437659 0.02080943 0.54509804 0.71372549 0.60000000
v 0.00700246 0.00408411 0.02136064 0.54509804 0.71372549 0.60000000
v 0.00657520 0.00452225 0.02145720 0.54509804 0.71372549 0.60000000
v 0.00661869 0.00478889 0.02090197 0.54509804 0.71372549 0.60000000
v 0.00700813 0.00460799 0.02023006 0.54509804 0.71372549 0.60000000
v 0.00725579 0.00442240 0.01953401 0.54509804 0.71372549 0.60000000
v 0.00714803 0.00453399 0.01956620 0.54509804 0.71372549 0.60000000
v 0.00690604 0.00477244 0.01963459 0.54509804 0.71372549 0.60000000
v 0.00659978 0.00499210 0.02032260 0.54509804 0.71372549 0.60000000
v 0.00616496 0.00518474 0.02097037 0.54509804 0.71372549 0.60000000
v 0.00615740 0.00536328 0.02039100 0.54509804 0.71372549 0.60000000
v 0.00651660 0.00512600 0.01972713 0.54509804 0.71372549 0.60000000
v 0.00606477 0.00549275 -0.02099842 0.54509804 0.71372549 0.60000000
v 0.00609123 0.00547134 0.01979955 0.54509804 0.71372549 0.60000000
v 0.00567910 0.00571919 0.02044732 0.54509804 0.71372549 0.60000000
v 0.00567721 0.00556062 0.02102267 0.54509804 0.71372549 0.60000000
v 0.00526319 0.00584253 0.02104681 0.54509804 0.71372549 0.60000000
v 0.00527264 0.00598701 0.02047951 0.54509804 0.71372549 0.60000000
v 0.00562995 0.00580611 0.01985991 0.54509804 0.71372549 0.60000000
v 0.00485295 0.00628406 -0.02099842 0.54509804 0.71372549 0.60000000
v 0.00523672 0.00605983 0.01989611 0.54509804 0.71372549 0.60000000
v 0.00485295 0.00628419 0.01992428 0.54509804 0.71372549 0.60000000
v 0.00468658 0.00637463 0.01993635 0.54509804 0.71372549 0.60000000
v 0.00470927 0.00631590 0.02050768 0.54509804 0.71372549 0.60000000
v 0.00411943 0.00660956 0.02052377 0.54509804 0.71372549 0.60000000
v 0.00410808 0.00665889 0.01996451 0.54509804 0.71372549 0.60000000
v 0.00354093 0.00689366 -0.02099842 0.54509804 0.71372549 0.60000000
v 0.00072218 0.00751498 -0.02099842 0.54509804 0.71372549 0.60000000
v 0.00215518 0.00730631 -0.02099842 0.54509804 0.71372549 0.60000000
v 0.00287736 0.00711817 0.01998865 0.54509804 0.71372549 0.60000000
v 0.00221379 0.00729319 0.01999670 0.54509804 0.71372549 0.60000000
v 0.00154266 0.00742240 0.01999670 0.54509804 0.71372549 0.60000000
v 0.00153888 0.00738716 0.02052377 0.54509804 0.71372549 0.60000000
v 0.00221001 0.00725678 0.02052779 0.54509804 0.71372549 0.60000000
v 0.00152375 0.00728380 0.02104279 0.54509804 0.71372549 0.60000000
v 0.00085073 0.00736719 0.02103877 0.54509804 0.71372549 0.60000000
v 0.00086018 0.00746939 0.02052377 0.54509804 0.71372549 0.60000000
v 0.00086207 0.00750463 0.01999670 0.54509804 0.71372549 0.60000000
v 0.00072218 0.00751520 0.01999670 0.54509804 0.71372549 0.60000000
v 0.00017771 0.00753986 0.01999670 0.54509804 0.71372549 0.60000000
v 0.00017771 0.00750580 0.02051975 0.54509804 0.71372549 0.60000000
v 0.00017582 0.00740361 0.02103474 0.54509804 0.71372549 0.60000000
v 0.00000000 0.00740478 0.02103474 0.54509804 0.71372549 0.60000000
v 0.00000000 0.00750698 0.02051975 0.54509804 0.71372549 0.60000000
v -0.00068626 0.00748348 0.02051975 0.54509804 0.71372549 0.60000000
v -0.00068815 0.00751755 0.01999670 0.54509804 0.71372549 0.60000000
v 0.00000000 0.00754104 0.01999670 0.54509804 0.71372549 0.60000000
v -0.00072218 0.00751498 -0.02099842 0.54509804 0.71372549 0.60000000
v -0.00071839 0.00751616 -0.01710322 0.54509804 0.71372549 0.60000000
v -0.00136873 0.00744707 0.01999670 0.54509804 0.71372549 0.60000000
v -0.00136495 0.00741300 0.02052377 0.54509804 0.71372549 0.60000000
v -0.00067869 0.00738129 0.02103474 0.54509804 0.71372549 0.60000000
v -0.00135172 0.00730964 0.02104279 0.54509804 0.71372549 0.60000000
v -0.00203419 0.00729554 0.02052779 0.54509804 0.71372549 0.60000000
v -0.00201718 0.00719100 0.02105084 0.54509804 0.71372549 0.60000000
v -0.00269587 0.00713344 0.02053182 0.54509804 0.71372549 0.60000000
v -0.00215518 0.00730611 0.01999670 0.54509804 0.71372549 0.60000000
v -0.00203986 0.00733078 0.01999670 0.54509804 0.71372549 0.60000000
v -0.00215329 0.00730631 -0.02099842 0.54509804 0.71372549 0.60000000
v -0.00220623 0.00729342 -0.01710322 0.54509804 0.71372549 0.60000000
v -0.00269776 0.00717103 0.01999268 0.54509804 0.71372549 0.60000000
v -0.00333297 0.00697017 0.01998463 0.54509804 0.71372549 0.60000000
v -0.00354093 0.00689366 -0.02099842 0.54509804 0.71372549 0.60000000
v -0.00485295 0.00628406 -0.02099842 0.54509804 0.71372549 0.60000000
v -0.00392470 0.00673877 0.01996854 0.54509804 0.71372549 0.60000000
v -0.00354093 0.00689382 0.01998061 0.54509804 0.71372549 0.60000000
v -0.00333486 0.00692906 0.02053182 0.54509804 0.71372549 0.60000000
v -0.00267319 0.00702655 0.02106291 0.54509804 0.71372549 0.60000000
v -0.00198504 0.00701950 0.02155376 0.54509804 0.71372549 0.60000000
v -0.00263348 0.00685153 0.02156986 0.54509804 0.71372549 0.60000000
v -0.00331218 0.00681747 0.02107095 0.54509804 0.71372549 0.60000000
v -0.00393416 0.00669178 0.02052779 0.54509804 0.71372549 0.60000000
v -0.00448808 0.00647683 0.01994842 0.54509804 0.71372549 0.60000000
v -0.00450698 0.00642162 0.02051572 0.54509804 0.71372549 0.60000000
v -0.00391147 0.00657432 0.02107498 0.54509804 0.71372549 0.60000000
v -0.00448997 0.00629593 0.02107095 0.54509804 0.71372549 0.60000000
v -0.00505334 0.00612091 0.02049158 0.54509804 0.71372549 0.60000000
v -0.00485295 0.00628419 0.01992428 0.54509804 0.71372549 0.60000000
v -0.00502309 0.00618787 0.01991623 0.54509804 0.71372549 0.60000000
v -0.00552597 0.00587542 0.01987198 0.54509804 0.71372549 0.60000000
v -0.00557134 0.00579202 0.02045537 0.54509804 0.71372549 0.60000000
v -0.00504200 0.00598231 0.02105888 0.54509804 0.71372549 0.60000000
v -0.00443325 0.00609977 0.02160607 0.54509804 0.71372549 0.60000000
v -0.00498528 0.00577557 0.02159802 0.54509804 0.71372549 0.60000000
v -0.00556756 0.00563814 0.02103072 0.54509804 0.71372549 0.60000000
v -0.00606098 0.00543845 0.02040709 0.54509804 0.71372549 0.60000000
v -0.00606477 0.00549249 0.01980358 0.54509804 0.71372549 0.60000000
v -0.00606477 0.00549275 -0.02099842 0.54509804 0.71372549 0.60000000
v -0.00624625 0.00534918 0.01977541 0.54509804 0.71372549 0.60000000
v -0.00631809 0.00523289 0.02037088 0.54509804 0.71372549 0.60000000
v -0.00606666 0.00526344 0.02098244 0.54509804 0.71372549 0.60000000
v -0.00551463 0.00541614 0.02157790 0.54509804 0.71372549 0.60000000
v -0.00488887 0.00550306 0.02210497 0.54509804 0.71372549 0.60000000
v -0.00541254 0.00513070 0.02208485 0.54509804 0.71372549 0.60000000
v -0.00601750 0.00502381 0.02153365 0.54509804 0.71372549 0.60000000
v -0.00633133 0.00504613 0.02095025 0.54509804 0.71372549 0.60000000
v -0.00673212 0.00487228 0.02029443 0.54509804 0.71372549 0.60000000
v -0.00664326 0.00501559 0.01969897 0.54509804 0.71372549 0.60000000
v -0.00714803 0.00453381 -0.02099842 0.54509804 0.71372549 0.60000000
v -0.00700624 0.00467612 0.01961045 0.54509804 0.71372549 0.60000000
v -0.00711400 0.00450228 0.02020189 0.54509804 0.71372549 0.60000000
v -0.00675480 0.00466085 0.02087783 0.54509804 0.71372549 0.60000000
v -0.00714803 0.00426265 0.02078127 0.54509804 0.71372549 0.60000000
v -0.00671321 0.00438599 0.02142904 0.54509804 0.71372549 0.60000000
v -0.00711211 0.00396312 0.02132845 0.54509804 0.71372549 0.60000000
v -0.00750912 0.00385623 0.02066057 0.54509804 0.71372549 0.60000000
v -0.00747698 0.00352851 0.02120372 0.54509804 0.71372549 0.60000000
v -0.00783807 0.00344276 0.02051975 0.54509804 0.71372549 0.60000000
v -0.00778135 0.00374699 0.01995647 0.54509804 0.71372549 0.60000000
v -0.00746185 0.00412640 0.02008924 0.54509804 0.71372549 0.60000000
v -0.00733897 0.00433313 0.01950585 0.54509804 0.71372549 0.60000000
v -0.00764145 0.00399131 0.01938514 0.54509804 0.71372549 0.60000000
v -0.00775299 0.00385741 0.01933284 0.54509804 0.71372549 0.60000000
v -0.00801199 0.00352616 0.01919202 0.54509804 0.71372549 0.60000000
v -0.00789667 0.00359781 0.01990014 0.54509804 0.71372549 0.60000000
v -0.00795906 0.00328066 0.02045537 0.54509804 0.71372549 0.60000000
v -0.00781160 0.00308685 0.02105084 0.54509804 0.71372549 0.60000000
v -0.00736922 0.00315380 0.02170263 0.54509804 0.71372549 0.60000000
v -0.00770384 0.00268865 0.02153767 0.54509804 0.71372549 0.60000000
v -0.00793448 0.00291300 0.02097841 0.54509804 0.71372549 0.60000000
v -0.00782672 0.00250423 0.02146123 0.54509804 0.71372549 0.60000000
v -0.00821806 0.00247722 0.02078529 0.54509804 0.71372549 0.60000000
v -0.00823886 0.00287542 0.02027834 0.54509804 0.71372549 0.60000000
v -0.00816891 0.00322780 0.01974323 0.54509804 0.71372549 0.60000000
v -0.00840900 0.00286602 0.01956217 0.54509804 0.71372549 0.60000000
v -0.00848651 0.00247839 0.02007717 0.54509804 0.71372549 0.60000000
v -0.00862263 0.00251715 0.01936503 0.54509804 0.71372549 0.60000000
v -0.00844681 0.00289304 0.01886612 0.54509804 0.71372549 0.60000000
v -0.00824264 0.00320314 0.01903510 0.54509804 0.71372549 0.60000000
v -0.00808194 0.00342832 -0.02099842 0.54509804 0.71372549 0.60000000
v -0.00808383 0.00342867 0.01914776 0.54509804 0.71372549 0.60000000
v -0.00884760 0.00220092 -0.02099842 0.54509804 0.71372549 0.60000000
v -0.00862830 0.00259468 0.01868104 0.54509804 0.71372549 0.60000000
v -0.00876064 0.00236328 0.01851608 0.54509804 0.71372549 0.60000000
v -0.00880979 0.00218121 0.01914776 0.54509804 0.71372549 0.60000000
v -0.00870392 0.00209429 0.01985186 0.54509804 0.71372549 0.60000000
v -0.00889297 0.00172546 0.01960643 0.54509804 0.71372549 0.60000000
v -0.00894402 0.00192044 0.01895866 0.54509804 0.71372549 0.60000000
v -0.00890432 0.00209076 0.01830284 0.54509804 0.71372549 0.60000000
v -0.00902720 0.00184292 0.01807351 0.54509804 0.71372549 0.60000000
v -0.00908770 0.00161504 0.01870518 0.54509804 0.71372549 0.60000000
v -0.00902909 0.00144002 0.01938514 0.54509804 0.71372549 0.60000000
v -0.00887974 0.00124033 0.02003693 0.54509804 0.71372549 0.60000000
v -0.00901397 0.00093141 0.01979151 0.54509804 0.71372549 0.60000000
v -0.00917277 0.00110408 0.01909546 0.54509804 0.71372549 0.60000000
v -0.00921058 0.00133665 0.01843562 0.54509804 0.71372549 0.60000000
v -0.00913118 0.00161739 0.01783210 0.54509804 0.71372549 0.60000000
v -0.00921625 0.00142005 0.01757863 0.54509804 0.71372549 0.60000000
v -0.00916143 0.00154691 0.01719238 0.54509804 0.71372549 0.60000000
v -0.00942799 0.00087621 -0.02099842 0.54509804 0.71372549 0.60000000
v -0.00960002 0.00020448 -0.02099842 0.54509804 0.71372549 0.60000000
v -0.00959057 0.00026187 0.01604571 0.54509804 0.71372549 0.60000000
v -0.00942799 0.00087620 0.01599742 0.54509804 0.71372549 0.60000000
v -0.00958112 0.00029476 0.01644402 0.54509804 0.71372549 0.60000000
v -0.00960002 0.00020431 0.01599742 0.54509804 0.71372549 0.60000000
v -0.00965485 -0.00037126 0.01599742 0.54509804 0.71372549 0.60000000
v -0.00964540 -0.00033484 0.01650840 0.54509804 0.71372549 0.60000000
v -0.00959246 -0.00088692 0.01699926 0.54509804 0.71372549 0.60000000
v -0.00945635 -0.00150242 0.01709582 0.54509804 0.71372549 0.60000000
v -0.00922381 -0.00209091 0.01718433 0.54509804 0.71372549 0.60000000
v -0.00887785 -0.00249733 0.01778785 0.54509804 0.71372549 0.60000000
v -0.00919924 -0.00195583 0.01768324 0.54509804 0.71372549 0.60000000
v -0.00884382 -0.00231292 0.01831089 0.54509804 0.71372549 0.60000000
v -0.00843925 -0.00279921 0.01841952 0.54509804 0.71372549 0.60000000
v -0.00847139 -0.00298480 0.01787234 0.54509804 0.71372549 0.60000000
v -0.00799309 -0.00340532 0.01792867 0.54509804 0.71372549 0.60000000
v -0.00801578 -0.00354158 0.01735332 0.54509804 0.71372549 0.60000000
v -0.00796095 -0.00321973 0.01849597 0.54509804 0.71372549 0.60000000
v -0.00791747 -0.00298715 0.01905120 0.54509804 0.71372549 0.60000000
v -0.00839388 -0.00256429 0.01895866 0.54509804 0.71372549 0.60000000
v -0.00879467 -0.00207799 0.01882589 0.54509804 0.71372549 0.60000000
v -0.00877954 -0.00200164 0.01897475 0.54509804 0.71372549 0.60000000
v -0.00837686 -0.00248676 0.01911155 0.54509804 0.71372549 0.60000000
v -0.00790234 -0.00291080 0.01920811 0.54509804 0.71372549 0.60000000
v -0.00736544 -0.00326319 0.01926042 0.54509804 0.71372549 0.60000000
v -0.00737867 -0.00333719 0.01909948 0.54509804 0.71372549 0.60000000
v -0.00677938 -0.00353336 0.01927249 0.54509804 0.71372549 0.60000000
v -0.00672455 -0.00326437 0.01979955 0.54509804 0.71372549 0.60000000
v -0.00611014 -0.00346053 0.01975932 0.54509804 0.71372549 0.60000000
v -0.00616307 -0.00371542 0.01923628 0.54509804 0.71372549 0.60000000
v -0.00547871 -0.00356625 0.01966678 0.54509804 0.71372549 0.60000000
v -0.00541632 -0.00329608 0.02014959 0.54509804 0.71372549 0.60000000
v -0.00604397 -0.00317040 0.02025420 0.54509804 0.71372549 0.60000000
v -0.00534259 -0.00299772 0.02060424 0.54509804 0.71372549 0.60000000
v 0.00536717 -0.00309522 0.02046342 0.54509804 0.71372549 0.60000000
v 0.00543712 -0.00338535 0.02000072 0.54509804 0.71372549 0.60000000
v 0.00548060 -0.00357447 0.01965069 0.54509804 0.71372549 0.60000000
v 0.00612715 -0.00354510 0.01959838 0.54509804 0.71372549 0.60000000
v 0.00549572 -0.00364495 0.01950987 0.54509804 0.71372549 0.60000000
v 0.00617820 -0.00378942 0.01906729 0.54509804 0.71372549 0.60000000
v 0.00679639 -0.00361088 0.01909948 0.54509804 0.71372549 0.60000000
v 0.00674346 -0.00335364 0.01963459 0.54509804 0.71372549 0.60000000
v 0.00738056 -0.00334307 0.01908741 0.54509804 0.71372549 0.60000000
v 0.00742215 -0.00356742 0.01853218 0.54509804 0.71372549 0.60000000
v 0.00683609 -0.00382819 0.01854022 0.54509804 0.71372549 0.60000000
v 0.00621790 -0.00399616 0.01851608 0.54509804 0.71372549 0.60000000
v 0.00558268 -0.00406899 0.01845975 0.54509804 0.71372549 0.60000000
v 0.00622735 -0.00405019 0.01835112 0.54509804 0.71372549 0.60000000
v 0.00796095 -0.00322208 0.01848792 0.54509804 0.71372549 0.60000000
v 0.00791747 -0.00299303 0.01903913 0.54509804 0.71372549 0.60000000
v 0.00732574 -0.00307643 0.01962252 0.54509804 0.71372549 0.60000000
v 0.00667729 -0.00305998 0.02014557 0.54509804 0.71372549 0.60000000
v 0.00725768 -0.00277102 0.02013350 0.54509804 0.71372549 0.60000000
v 0.00659789 -0.00272991 0.02062838 0.54509804 0.71372549 0.60000000
v 0.00599104 -0.00295426 0.02057607 0.54509804 0.71372549 0.60000000
v 0.00595512 -0.00281683 0.02076517 0.54509804 0.71372549 0.60000000
v 0.00656008 -0.00258426 0.02082150 0.54509804 0.71372549 0.60000000
v 0.00717261 -0.00242803 0.02062033 0.54509804 0.71372549 0.60000000
v 0.00778891 -0.00240689 0.02006912 0.54509804 0.71372549 0.60000000
v 0.00770006 -0.00205567 0.02054791 0.54509804 0.71372549 0.60000000
v 0.00825965 -0.00197815 0.01994842 0.54509804 0.71372549 0.60000000
v 0.00833527 -0.00229412 0.01945756 0.54509804 0.71372549 0.60000000
v 0.00786075 -0.00272051 0.01956620 0.54509804 0.71372549 0.60000000
v 0.00839388 -0.00256899 0.01894659 0.54509804 0.71372549 0.60000000
v 0.00843925 -0.00280156 0.01841148 0.54509804 0.71372549 0.60000000
v 0.00845059 -0.00286147 0.01825054 0.54509804 0.71372549 0.60000000
v 0.00873417 -0.00181018 0.01930870 0.54509804 0.71372549 0.60000000
v 0.00904989 -0.00128042 0.01911557 0.54509804 0.71372549 0.60000000
v 0.00934102 -0.00097854 0.01845975 0.54509804 0.71372549 0.60000000
v 0.00946769 -0.00038653 0.01824249 0.54509804 0.71372549 0.60000000
v 0.00927297 -0.00071777 0.01888624 0.54509804 0.71372549 0.60000000
v 0.00896859 -0.00097149 0.01955815 0.54509804 0.71372549 0.60000000
v 0.00918789 -0.00042059 0.01929663 0.54509804 0.71372549 0.60000000
v 0.00939774 -0.00013868 0.01863276 0.54509804 0.71372549 0.60000000
v 0.00930699 0.00014441 0.01900292 0.54509804 0.71372549 0.60000000
v 0.00949416 0.00021136 0.01800511 0.54509804 0.71372549 0.60000000
v 0.00908013 -0.00008582 0.01968690 0.54509804 0.71372549 0.60000000
v 0.00881546 -0.00047110 0.02014154 0.54509804 0.71372549 0.60000000
v 0.00886461 -0.00062498 0.01997658 0.54509804 0.71372549 0.60000000
v 0.00855646 -0.00114181 0.02022201 0.54509804 0.71372549 0.60000000
v 0.00850920 -0.00098441 0.02039502 0.54509804 0.71372549 0.60000000
v 0.00837497 -0.00057917 0.02080541 0.54509804 0.71372549 0.60000000
v 0.00799120 -0.00105724 0.02102267 0.54509804 0.71372549 0.60000000
v 0.00811975 -0.00146483 0.02059619 0.54509804 0.71372549 0.60000000
v 0.00816513 -0.00162341 0.02041111 0.54509804 0.71372549 0.60000000
v 0.00765658 -0.00189945 0.02073701 0.54509804 0.71372549 0.60000000
v 0.00753558 -0.00149538 0.02117556 0.54509804 0.71372549 0.60000000
v 0.00739191 -0.00106781 0.02157790 0.54509804 0.71372549 0.60000000
v 0.00688525 -0.00146601 0.02166642 0.54509804 0.71372549 0.60000000
v 0.00701758 -0.00188300 0.02126005 0.54509804 0.71372549 0.60000000
v 0.00713101 -0.00227533 0.02081346 0.54509804 0.71372549 0.60000000
v 0.00645421 -0.00220837 0.02126810 0.54509804 0.71372549 0.60000000
v 0.00633133 -0.00180900 0.02167849 0.54509804 0.71372549 0.60000000
v 0.00619143 -0.00139083 0.02205267 0.54509804 0.71372549 0.60000000
v 0.00673023 -0.00102787 0.02204060 0.54509804 0.71372549 0.60000000
v 0.00722554 -0.00061793 0.02194403 0.54509804 0.71372549 0.60000000
v 0.00655252 -0.00057329 0.02237454 0.54509804 0.71372549 0.60000000
v 0.00703271 -0.00015160 0.02226993 0.54509804 0.71372549 0.60000000
v 0.00648068 -0.00040532 0.02248317 0.54509804 0.71372549 0.60000000
v 0.00695520 0.00002107 0.02237856 0.54509804 0.71372549 0.60000000
v 0.00626327 0.00007745 0.02277286 0.54509804 0.71372549 0.60000000
v 0.00671888 0.00051676 0.02266020 0.54509804 0.71372549 0.60000000
v 0.00737489 0.00047565 0.02218946 0.54509804 0.71372549 0.60000000
v 0.00745618 0.00030181 0.02208485 0.54509804 0.71372549 0.60000000
v 0.00766225 -0.00017039 0.02176700 0.54509804 0.71372549 0.60000000
v 0.00783996 -0.00062498 0.02141294 0.54509804 0.71372549 0.60000000
v 0.00821617 -0.00014808 0.02117959 0.54509804 0.71372549 0.60000000
v 0.00867556 -0.00007290 0.02052779 0.54509804 0.71372549 0.60000000
v 0.00851109 0.00034879 0.02087783 0.54509804 0.71372549 0.60000000
v 0.00871715 0.00085271 0.02052377 0.54509804 0.71372549 0.60000000
v 0.00852054 0.00127792 0.02081748 0.54509804 0.71372549 0.60000000
v 0.00831826 0.00079045 0.02119970 0.54509804 0.71372549 0.60000000
v 0.00803090 0.00030298 0.02151755 0.54509804 0.71372549 0.60000000
v 0.00781538 0.00077283 0.02181931 0.54509804 0.71372549 0.60000000
v 0.00773031 0.00094550 0.02191989 0.54509804 0.71372549 0.60000000
v 0.00809707 0.00124856 0.02148134 0.54509804 0.71372549 0.60000000
v 0.00712345 0.00097487 0.02245903 0.54509804 0.71372549 0.60000000
v 0.00645610 0.00101246 0.02289758 0.54509804 0.71372549 0.60000000
v 0.00602128 0.00056140 0.02301829 0.54509804 0.71372549 0.60000000
v 0.00554866 0.00013383 0.02305048 0.54509804 0.71372549 0.60000000
v 0.00530667 0.00059899 0.02326774 0.54509804 0.71372549 0.60000000
v 0.00575472 0.00104417 0.02322750 0.54509804 0.71372549 0.60000000
v 0.00616685 0.00150580 0.02309473 0.54509804 0.71372549 0.60000000
v 0.00583979 0.00200149 0.02325567 0.54509804 0.71372549 0.60000000
v 0.00545224 0.00153282 0.02340051 0.54509804 0.71372549 0.60000000
v 0.00503444 0.00107236 0.02345282 0.54509804 0.71372549 0.60000000
v 0.00459395 0.00063070 0.02340856 0.54509804 0.71372549 0.60000000
v 0.00483593 0.00018082 0.02321543 0.54509804 0.71372549 0.60000000
v 0.00504956 -0.00025967 0.02299012 0.54509804 0.71372549 0.60000000
v 0.00576795 -0.00033132 0.02279700 0.54509804 0.71372549 0.60000000
v 0.00596457 -0.00079412 0.02250329 0.54509804 0.71372549 0.60000000
v 0.00602885 -0.00095505 0.02239063 0.54509804 0.71372549 0.60000000
v 0.00541821 -0.00113476 0.02243087 0.54509804 0.71372549 0.60000000
v 0.00547493 -0.00128512 0.02231821 0.54509804 0.71372549 0.60000000
v 0.00485862 -0.00141668 0.02227395 0.54509804 0.71372549 0.60000000
v 0.00490777 -0.00155646 0.02216130 0.54509804 0.71372549 0.60000000
v -0.00494558 -0.00166335 0.02207278 0.54509804 0.71372549 0.60000000
v -0.00480568 -0.00127689 0.02238259 0.54509804 0.71372549 0.60000000
v 0.00470549 -0.00101495 0.02257169 0.54509804 0.71372549 0.60000000
v 0.00524428 -0.00069898 0.02272860 0.54509804 0.71372549 0.60000000
v 0.00453723 -0.00060971 0.02283723 0.54509804 0.71372549 0.60000000
v 0.00435196 -0.00019976 0.02306657 0.54509804 0.71372549 0.60000000
v 0.00427634 -0.00004119 0.02315106 0.54509804 0.71372549 0.60000000
v 0.00414400 0.00021958 0.02327579 0.54509804 0.71372549 0.60000000
v -0.00427634 -0.00004119 0.02315106 0.54509804 0.71372549 0.60000000
v -0.00440300 -0.00030665 0.02301024 0.54509804 0.71372549 0.60000000
v -0.00489265 0.00006571 0.02315911 0.54509804 0.71372549 0.60000000
v -0.00420261 0.00010329 0.02321946 0.54509804 0.71372549 0.60000000
v -0.00398520 0.00051206 0.02340051 0.54509804 0.71372549 0.60000000
v -0.00466390 0.00050619 0.02336028 0.54509804 0.71372549 0.60000000
v -0.00374700 0.00091261 0.02355340 0.54509804 0.71372549 0.60000000
v 0.00390958 0.00064480 0.02345282 0.54509804 0.71372549 0.60000000
v 0.00432549 0.00108293 0.02357352 0.54509804 0.71372549 0.60000000
v 0.00473195 0.00154339 0.02360168 0.54509804 0.71372549 0.60000000
v 0.00403435 0.00151990 0.02370629 0.54509804 0.71372549 0.60000000
v 0.00440490 0.00199797 0.02371836 0.54509804 0.71372549 0.60000000
v 0.00372053 0.00193806 0.02380688 0.54509804 0.71372549 0.60000000
v 0.00405515 0.00243023 0.02380285 0.54509804 0.71372549 0.60000000
v 0.00475842 0.00248309 0.02364192 0.54509804 0.71372549 0.60000000
v 0.00511762 0.00201794 0.02353731 0.54509804 0.71372549 0.60000000
v 0.00547682 0.00249484 0.02338442 0.54509804 0.71372549 0.60000000
v 0.00618387 0.00246782 0.02302633 0.54509804 0.71372549 0.60000000
v 0.00579820 0.00296234 0.02314301 0.54509804 0.71372549 0.60000000
v 0.00508737 0.00296469 0.02347696 0.54509804 0.71372549 0.60000000
v 0.00437465 0.00292475 0.02371031 0.54509804 0.71372549 0.60000000
v 0.00375834 0.00275678 0.02384711 0.54509804 0.71372549 0.60000000
v 0.00405137 0.00325482 0.02374652 0.54509804 0.71372549 0.60000000
v 0.00467146 0.00340870 0.02353328 0.54509804 0.71372549 0.60000000
v 0.00432360 0.00373994 0.02356145 0.54509804 0.71372549 0.60000000
v 0.00494180 0.00387268 0.02327579 0.54509804 0.71372549 0.60000000
v 0.00538229 0.00343102 0.02322348 0.54509804 0.71372549 0.60000000
v 0.00563940 0.00387150 0.02289758 0.54509804 0.71372549 0.60000000
v 0.00607422 0.00340870 0.02282114 0.54509804 0.71372549 0.60000000
v 0.00647879 0.00292123 0.02271251 0.54509804 0.71372549 0.60000000
v 0.00671699 0.00334762 0.02232224 0.54509804 0.71372549 0.60000000
v 0.00629919 0.00382334 0.02242684 0.54509804 0.71372549 0.60000000
v 0.00584925 0.00427557 0.02249926 0.54509804 0.71372549 0.60000000
v 0.00517622 0.00430729 0.02294184 0.54509804 0.71372549 0.60000000
v 0.00536906 0.00470079 0.02253950 0.54509804 0.71372549 0.60000000
v 0.00478678 0.00463031 0.02296196 0.54509804 0.71372549 0.60000000
v 0.00496827 0.00501676 0.02255962 0.54509804 0.71372549 0.60000000
v 0.00552030 0.00504613 0.02208083 0.54509804 0.71372549 0.60000000
v 0.00600994 0.00463501 0.02203657 0.54509804 0.71372549 0.60000000
v 0.00646744 0.00419805 0.02196818 0.54509804 0.71372549 0.60000000
v 0.00611581 0.00494041 0.02152560 0.54509804 0.71372549 0.60000000
v 0.00562239 0.00533509 0.02156986 0.54509804 0.71372549 0.60000000
v 0.00520836 0.00562992 0.02158997 0.54509804 0.71372549 0.60000000
v 0.00511006 0.00535271 0.02209692 0.54509804 0.71372549 0.60000000
v 0.00454479 0.00572037 0.02210497 0.54509804 0.71372549 0.60000000
v 0.00463743 0.00598583 0.02160205 0.54509804 0.71372549 0.60000000
v 0.00469414 0.00618552 0.02106693 0.54509804 0.71372549 0.60000000
v 0.00409863 0.00648975 0.02107498 0.54509804 0.71372549 0.60000000
v 0.00404570 0.00630063 0.02160205 0.54509804 0.71372549 0.60000000
v 0.00343128 0.00657197 0.02158997 0.54509804 0.71372549 0.60000000
v 0.00335566 0.00632530 0.02208083 0.54509804 0.71372549 0.60000000
v 0.00274692 0.00655435 0.02206071 0.54509804 0.71372549 0.60000000
v 0.00266562 0.00625365 0.02250329 0.54509804 0.71372549 0.60000000
v 0.00204364 0.00644629 0.02247915 0.54509804 0.71372549 0.60000000
v 0.00210603 0.00674347 0.02203657 0.54509804 0.71372549 0.60000000
v 0.00141788 0.00658607 0.02245501 0.54509804 0.71372549 0.60000000
v 0.00146326 0.00687972 0.02201646 0.54509804 0.71372549 0.60000000
v 0.00079212 0.00667534 0.02243891 0.54509804 0.71372549 0.60000000
v 0.00081670 0.00696665 0.02200438 0.54509804 0.71372549 0.60000000
v 0.00149918 0.00711348 0.02154572 0.54509804 0.71372549 0.60000000
v 0.00215708 0.00697957 0.02155779 0.54509804 0.71372549 0.60000000
v 0.00281119 0.00679632 0.02157790 0.54509804 0.71372549 0.60000000
v 0.00285467 0.00697252 0.02106291 0.54509804 0.71372549 0.60000000
v 0.00219110 0.00715224 0.02105486 0.54509804 0.71372549 0.60000000
v 0.00083750 0.00719922 0.02153365 0.54509804 0.71372549 0.60000000
v 0.00016826 0.00700423 0.02199634 0.54509804 0.71372549 0.60000000
v 0.00017204 0.00723564 0.02152962 0.54509804 0.71372549 0.60000000
v 0.00000000 0.00723681 0.02152962 0.54509804 0.71372549 0.60000000
v 0.00000000 0.00700541 0.02199634 0.54509804 0.71372549 0.60000000
v -0.00066735 0.00721214 0.02153365 0.54509804 0.71372549 0.60000000
v -0.00132903 0.00714049 0.02154169 0.54509804 0.71372549 0.60000000
v -0.00065223 0.00698074 0.02200036 0.54509804 0.71372549 0.60000000
v -0.00129878 0.00690674 0.02201243 0.54509804 0.71372549 0.60000000
v -0.00193778 0.00678340 0.02203255 0.54509804 0.71372549 0.60000000
v -0.00125908 0.00661426 0.02245098 0.54509804 0.71372549 0.60000000
v -0.00063143 0.00668943 0.02243891 0.54509804 0.71372549 0.60000000
v -0.00060875 0.00634409 0.02283321 0.54509804 0.71372549 0.60000000
v 0.00000000 0.00671528 0.02243489 0.54509804 0.71372549 0.60000000
v 0.00016258 0.00671293 0.02243489 0.54509804 0.71372549 0.60000000
v 0.00015691 0.00636876 0.02282516 0.54509804 0.71372549 0.60000000
v 0.00000000 0.00636994 0.02282516 0.54509804 0.71372549 0.60000000
v 0.00000000 0.00597643 0.02317118 0.54509804 0.71372549 0.60000000
v -0.00058039 0.00594942 0.02317520 0.54509804 0.71372549 0.60000000
v -0.00115699 0.00587072 0.02319129 0.54509804 0.71372549 0.60000000
v -0.00121182 0.00626657 0.02284528 0.54509804 0.71372549 0.60000000
v -0.00187917 0.00648740 0.02247110 0.54509804 0.71372549 0.60000000
v -0.00257299 0.00661191 0.02205267 0.54509804 0.71372549 0.60000000
v -0.00249548 0.00631120 0.02249524 0.54509804 0.71372549 0.60000000
v -0.00180922 0.00613736 0.02286942 0.54509804 0.71372549 0.60000000
v -0.00240284 0.00595647 0.02289356 0.54509804 0.71372549 0.60000000
v -0.00309666 0.00608685 0.02252341 0.54509804 0.71372549 0.60000000
v -0.00319119 0.00639225 0.02207681 0.54509804 0.71372549 0.60000000
v -0.00326303 0.00663775 0.02158595 0.54509804 0.71372549 0.60000000
v -0.00386043 0.00638755 0.02159802 0.54509804 0.71372549 0.60000000
v -0.00377724 0.00613618 0.02209290 0.54509804 0.71372549 0.60000000
v -0.00434440 0.00583900 0.02210497 0.54509804 0.71372549 0.60000000
v -0.00421962 0.00551833 0.02255962 0.54509804 0.71372549 0.60000000
v -0.00475275 0.00517299 0.02256364 0.54509804 0.71372549 0.60000000
v -0.00526319 0.00478771 0.02254755 0.54509804 0.71372549 0.60000000
v -0.00591163 0.00472193 0.02204864 0.54509804 0.71372549 0.60000000
v -0.00628217 0.00479358 0.02150146 0.54509804 0.71372549 0.60000000
v -0.00617631 0.00448231 0.02201646 0.54509804 0.71372549 0.60000000
v -0.00575283 0.00436602 0.02250731 0.54509804 0.71372549 0.60000000
v -0.00507225 0.00439656 0.02294989 0.54509804 0.71372549 0.60000000
v -0.00457882 0.00479006 0.02296598 0.54509804 0.71372549 0.60000000
v -0.00437087 0.00436484 0.02330395 0.54509804 0.71372549 0.60000000
v -0.00484349 0.00396312 0.02328383 0.54509804 0.71372549 0.60000000
v -0.00554676 0.00396312 0.02290966 0.54509804 0.71372549 0.60000000
v -0.00601372 0.00411700 0.02247513 0.54509804 0.71372549 0.60000000
v -0.00579820 0.00370940 0.02287344 0.54509804 0.71372549 0.60000000
v -0.00529533 0.00352499 0.02323957 0.54509804 0.71372549 0.60000000
v -0.00553353 0.00326657 0.02319934 0.54509804 0.71372549 0.60000000
v -0.00500419 0.00305866 0.02348903 0.54509804 0.71372549 0.60000000
v -0.00522916 0.00280024 0.02344477 0.54509804 0.71372549 0.60000000
v -0.00592298 0.00280846 0.02311083 0.54509804 0.71372549 0.60000000
v -0.00620466 0.00325717 0.02279297 0.54509804 0.71372549 0.60000000
v -0.00643342 0.00367651 0.02239868 0.54509804 0.71372549 0.60000000
v -0.00660545 0.00405592 0.02194001 0.54509804 0.71372549 0.60000000
v -0.00700246 0.00361191 0.02183540 0.54509804 0.71372549 0.60000000
v -0.00682475 0.00321488 0.02229005 0.54509804 0.71372549 0.60000000
v -0.00658466 0.00278497 0.02267630 0.54509804 0.71372549 0.60000000
v -0.00628407 0.00233156 0.02298610 0.54509804 0.71372549 0.60000000
v -0.00559403 0.00234213 0.02334821 0.54509804 0.71372549 0.60000000
v -0.00489076 0.00231982 0.02360973 0.54509804 0.71372549 0.60000000
v -0.00522727 0.00186641 0.02349707 0.54509804 0.71372549 0.60000000
v -0.00452400 0.00183822 0.02368215 0.54509804 0.71372549 0.60000000
v -0.00483026 0.00139773 0.02355743 0.54509804 0.71372549 0.60000000
v -0.00553920 0.00139891 0.02335625 0.54509804 0.71372549 0.60000000
v -0.00593243 0.00186524 0.02321543 0.54509804 0.71372549 0.60000000
v -0.00661680 0.00184057 0.02282919 0.54509804 0.71372549 0.60000000
v -0.00624436 0.00137777 0.02304645 0.54509804 0.71372549 0.60000000
v -0.00582656 0.00091966 0.02317520 0.54509804 0.71372549 0.60000000
v -0.00652983 0.00088090 0.02283723 0.54509804 0.71372549 0.60000000
v -0.00608934 0.00043219 0.02295794 0.54509804 0.71372549 0.60000000
v -0.00663381 0.00068356 0.02274469 0.54509804 0.71372549 0.60000000
v -0.00703271 0.00114401 0.02253950 0.54509804 0.71372549 0.60000000
v -0.00692117 0.00134135 0.02262802 0.54509804 0.71372549 0.60000000
v -0.00725201 0.00180416 0.02233833 0.54509804 0.71372549 0.60000000
v -0.00736922 0.00160799 0.02225384 0.54509804 0.71372549 0.60000000
v -0.00763956 0.00111935 0.02201243 0.54509804 0.71372549 0.60000000
v -0.00791558 0.00158685 0.02166642 0.54509804 0.71372549 0.60000000
v -0.00763578 0.00206492 0.02189173 0.54509804 0.71372549 0.60000000
v -0.00811030 0.00204378 0.02125201 0.54509804 0.71372549 0.60000000
v -0.00751479 0.00225639 0.02197220 0.54509804 0.71372549 0.60000000
v -0.00693251 0.00229985 0.02252743 0.54509804 0.71372549 0.60000000
v -0.00718584 0.00274033 0.02214923 0.54509804 0.71372549 0.60000000
v -0.00846950 0.00204965 0.02056400 0.54509804 0.71372549 0.60000000
v -0.00836174 0.00159155 0.02101060 0.54509804 0.71372549 0.60000000
v -0.00816134 0.00111817 0.02140490 0.54509804 0.71372549 0.60000000
v -0.00787777 0.00063892 0.02173884 0.54509804 0.71372549 0.60000000
v -0.00728982 0.00065067 0.02229005 0.54509804 0.71372549 0.60000000
v -0.00687580 0.00019491 0.02248317 0.54509804 0.71372549 0.60000000
v -0.00618387 0.00024073 0.02286137 0.54509804 0.71372549 0.60000000
v -0.00640695 -0.00023617 0.02259180 0.54509804 0.71372549 0.60000000
v -0.00708942 -0.00028433 0.02218142 0.54509804 0.71372549 0.60000000
v -0.00751857 0.00016672 0.02200036 0.54509804 0.71372549 0.60000000
v -0.00808572 0.00017377 0.02142501 0.54509804 0.71372549 0.60000000
v -0.00771518 -0.00030078 0.02167044 0.54509804 0.71372549 0.60000000
v -0.00727469 -0.00074714 0.02184345 0.54509804 0.71372549 0.60000000
v -0.00660545 -0.00070368 0.02228200 0.54509804 0.71372549 0.60000000
v -0.00589840 -0.00063202 0.02261192 0.54509804 0.71372549 0.60000000
v -0.00569612 -0.00017392 0.02288551 0.54509804 0.71372549 0.60000000
v -0.00518001 -0.00055097 0.02282114 0.54509804 0.71372549 0.60000000
v -0.00535960 -0.00098206 0.02253950 0.54509804 0.71372549 0.60000000
v -0.00607611 -0.00107956 0.02229809 0.54509804 0.71372549 0.60000000
v -0.00677560 -0.00115356 0.02193599 0.54509804 0.71372549 0.60000000
v -0.00623302 -0.00151065 0.02195208 0.54509804 0.71372549 0.60000000
v -0.00551841 -0.00140141 0.02222567 0.54509804 0.71372549 0.60000000
v -0.00474708 -0.00112184 0.02249524 0.54509804 0.71372549 0.60000000
v -0.00465066 -0.00087870 0.02266423 0.54509804 0.71372549 0.60000000
v -0.00458449 -0.00071777 0.02276884 0.54509804 0.71372549 0.60000000
v -0.00510249 -0.00037713 0.02292172 0.54509804 0.71372549 0.60000000
v -0.00560915 0.00001050 0.02298610 0.54509804 0.71372549 0.60000000
v -0.00537284 0.00047800 0.02321543 0.54509804 0.71372549 0.60000000
v -0.00511195 0.00094198 0.02340454 0.54509804 0.71372549 0.60000000
v -0.00441246 0.00094198 0.02352524 0.54509804 0.71372549 0.60000000
v -0.00359954 0.00114284 0.02362985 0.54509804 0.71372549 0.60000000
v -0.00414022 0.00136602 0.02366203 0.54509804 0.71372549 0.60000000
v -0.00331596 0.00154221 0.02374250 0.54509804 0.71372549 0.60000000
v 0.00337835 0.00145999 0.02372238 0.54509804 0.71372549 0.60000000
v 0.00314203 0.00176422 0.02379883 0.54509804 0.71372549 0.60000000
v 0.00365436 0.00105944 0.02360168 0.54509804 0.71372549 0.60000000
v 0.00281119 0.00214127 0.02387527 0.54509804 0.71372549 0.60000000
v -0.00301348 0.00191692 0.02383102 0.54509804 0.71372549 0.60000000
v -0.00269209 0.00226461 0.02389539 0.54509804 0.71372549 0.60000000
v 0.00259378 0.00236093 0.02391149 0.54509804 0.71372549 0.60000000
v 0.00345397 0.00225639 0.02386723 0.54509804 0.71372549 0.60000000
v 0.00308343 0.00264519 0.02392356 0.54509804 0.71372549 0.60000000
v 0.00209847 0.00278262 0.02396379 0.54509804 0.71372549 0.60000000
v -0.00235558 0.00257824 0.02393965 0.54509804 0.71372549 0.60000000
v -0.00331029 0.00241496 0.02389137 0.54509804 0.71372549 0.60000000
v -0.00295109 0.00277205 0.02393562 0.54509804 0.71372549 0.60000000
v -0.00199827 0.00285545 0.02396781 0.54509804 0.71372549 0.60000000
v -0.00122316 0.00328889 0.02399598 0.54509804 0.71372549 0.60000000
v -0.00257488 0.00309272 0.02396379 0.54509804 0.71372549 0.60000000
v -0.00218354 0.00337346 0.02397586 0.54509804 0.71372549 0.60000000
v -0.00279229 0.00360603 0.02390746 0.54509804 0.71372549 0.60000000
v -0.00320442 0.00328184 0.02389539 0.54509804 0.71372549 0.60000000
v -0.00359954 0.00291888 0.02386723 0.54509804 0.71372549 0.60000000
v -0.00387744 0.00341809 0.02375860 0.54509804 0.71372549 0.60000000
v -0.00344641 0.00378458 0.02377469 0.54509804 0.71372549 0.60000000
v -0.00413644 0.00390439 0.02356949 0.54509804 0.71372549 0.60000000
v -0.00367327 0.00426853 0.02357754 0.54509804 0.71372549 0.60000000
v -0.00300024 0.00410878 0.02377469 0.54509804 0.71372549 0.60000000
v -0.00319497 0.00459155 0.02356547 0.54509804 0.71372549 0.60000000
v -0.00253518 0.00439186 0.02376262 0.54509804 0.71372549 0.60000000
v -0.00236314 0.00388912 0.02390746 0.54509804 0.71372549 0.60000000
v -0.00176385 0.00361778 0.02397988 0.54509804 0.71372549 0.60000000
v -0.00190753 0.00413344 0.02389942 0.54509804 0.71372549 0.60000000
v -0.00204554 0.00463383 0.02374652 0.54509804 0.71372549 0.60000000
v -0.00269965 0.00487111 0.02354938 0.54509804 0.71372549 0.60000000
v -0.00217598 0.00510956 0.02352524 0.54509804 0.71372549 0.60000000
v -0.00154077 0.00482530 0.02372641 0.54509804 0.71372549 0.60000000
v -0.00163907 0.00529867 0.02350110 0.54509804 0.71372549 0.60000000
v -0.00103222 0.00496156 0.02371031 0.54509804 0.71372549 0.60000000
v -0.00109650 0.00543258 0.02348098 0.54509804 0.71372549 0.60000000
v -0.00051800 0.00504495 0.02369825 0.54509804 0.71372549 0.60000000
v -0.00048397 0.00454809 0.02386320 0.54509804 0.71372549 0.60000000
v 0.00000000 0.00457745 0.02386320 0.54509804 0.71372549 0.60000000
v 0.00000000 0.00406414 0.02396379 0.54509804 0.71372549 0.60000000
v 0.00060685 0.00453282 0.02386723 0.54509804 0.71372549 0.60000000
v 0.00056337 0.00401950 0.02396781 0.54509804 0.71372549 0.60000000
v 0.00000000 0.00354143 0.02399598 0.54509804 0.71372549 0.60000000
v -0.00133092 0.00381159 0.02397586 0.54509804 0.71372549 0.60000000
v -0.00044805 0.00403477 0.02396379 0.54509804 0.71372549 0.60000000
v -0.00096416 0.00446469 0.02387125 0.54509804 0.71372549 0.60000000
v -0.00143868 0.00432608 0.02388332 0.54509804 0.71372549 0.60000000
v -0.00089232 0.00395020 0.02396781 0.54509804 0.71372549 0.60000000
v 0.00092446 0.00339813 0.02399598 0.54509804 0.71372549 0.60000000
v 0.00144624 0.00376578 0.02397586 0.54509804 0.71372549 0.60000000
v 0.00100575 0.00391966 0.02397184 0.54509804 0.71372549 0.60000000
v 0.00108704 0.00443415 0.02387527 0.54509804 0.71372549 0.60000000
v 0.00156345 0.00428027 0.02388734 0.54509804 0.71372549 0.60000000
v 0.00203608 0.00407001 0.02389942 0.54509804 0.71372549 0.60000000
v 0.00188295 0.00355435 0.02397988 0.54509804 0.71372549 0.60000000
v 0.00248413 0.00381512 0.02390746 0.54509804 0.71372549 0.60000000
v 0.00266562 0.00431786 0.02376664 0.54509804 0.71372549 0.60000000
v 0.00218354 0.00457040 0.02375055 0.54509804 0.71372549 0.60000000
v 0.00167499 0.00477949 0.02373043 0.54509804 0.71372549 0.60000000
v 0.00116267 0.00493219 0.02371434 0.54509804 0.71372549 0.60000000
v 0.00178086 0.00525404 0.02350512 0.54509804 0.71372549 0.60000000
v 0.00123640 0.00540322 0.02348500 0.54509804 0.71372549 0.60000000
v 0.00187917 0.00569452 0.02321946 0.54509804 0.71372549 0.60000000
v 0.00245200 0.00549366 0.02324762 0.54509804 0.71372549 0.60000000
v 0.00232344 0.00504848 0.02353328 0.54509804 0.71372549 0.60000000
v 0.00283766 0.00479828 0.02355340 0.54509804 0.71372549 0.60000000
v 0.00299646 0.00524699 0.02327176 0.54509804 0.71372549 0.60000000
v 0.00313636 0.00565694 0.02292977 0.54509804 0.71372549 0.60000000
v 0.00256543 0.00589773 0.02290161 0.54509804 0.71372549 0.60000000
v 0.00196613 0.00609507 0.02287344 0.54509804 0.71372549 0.60000000
v 0.00325735 0.00601872 0.02253145 0.54509804 0.71372549 0.60000000
v 0.00396062 0.00604574 0.02209692 0.54509804 0.71372549 0.60000000
v 0.00384530 0.00573094 0.02255157 0.54509804 0.71372549 0.60000000
v 0.00370351 0.00536210 0.02295391 0.54509804 0.71372549 0.60000000
v 0.00441624 0.00539734 0.02256364 0.54509804 0.71372549 0.60000000
v 0.00425365 0.00502029 0.02296598 0.54509804 0.71372549 0.60000000
v 0.00406271 0.00459860 0.02330395 0.54509804 0.71372549 0.60000000
v 0.00457126 0.00420275 0.02329590 0.54509804 0.71372549 0.60000000
v 0.00384530 0.00414049 0.02357754 0.54509804 0.71372549 0.60000000
v 0.00334999 0.00449288 0.02356949 0.54509804 0.71372549 0.60000000
v 0.00314392 0.00401011 0.02377469 0.54509804 0.71372549 0.60000000
v 0.00360521 0.00365537 0.02377067 0.54509804 0.71372549 0.60000000
v 0.00292462 0.00350737 0.02390344 0.54509804 0.71372549 0.60000000
v 0.00353715 0.00494629 0.02329590 0.54509804 0.71372549 0.60000000
v 0.00229319 0.00329946 0.02397184 0.54509804 0.71372549 0.60000000
v 0.00269776 0.00299405 0.02395574 0.54509804 0.71372549 0.60000000
v 0.00334999 0.00315380 0.02388734 0.54509804 0.71372549 0.60000000
v 0.00132903 0.00324307 0.02399195 0.54509804 0.71372549 0.60000000
v 0.00136495 0.00623838 0.02284930 0.54509804 0.71372549 0.60000000
v 0.00130445 0.00584135 0.02319532 0.54509804 0.71372549 0.60000000
v 0.00072785 0.00593415 0.02317922 0.54509804 0.71372549 0.60000000
v 0.00069004 0.00549836 0.02346891 0.54509804 0.71372549 0.60000000
v 0.00014935 0.00597526 0.02317118 0.54509804 0.71372549 0.60000000
v 0.00000000 0.00554182 0.02346086 0.54509804 0.71372549 0.60000000
v 0.00076188 0.00632882 0.02283321 0.54509804 0.71372549 0.60000000
v -0.00055014 0.00551481 0.02346489 0.54509804 0.71372549 0.60000000
v -0.00172793 0.00573916 0.02321141 0.54509804 0.71372549 0.60000000
v -0.00229508 0.00555357 0.02323957 0.54509804 0.71372549 0.60000000
v -0.00284900 0.00531864 0.02326774 0.54509804 0.71372549 0.60000000
v -0.00298323 0.00572741 0.02292172 0.54509804 0.71372549 0.60000000
v -0.00353148 0.00545725 0.02294586 0.54509804 0.71372549 0.60000000
v -0.00366760 0.00582373 0.02254352 0.54509804 0.71372549 0.60000000
v -0.00406460 0.00514480 0.02296196 0.54509804 0.71372549 0.60000000
v -0.00337268 0.00504378 0.02328785 0.54509804 0.71372549 0.60000000
v -0.00388122 0.00472546 0.02330395 0.54509804 0.71372549 0.60000000
v -0.00458071 0.00350032 0.02354133 0.54509804 0.71372549 0.60000000
v -0.00428957 0.00301520 0.02372238 0.54509804 0.71372549 0.60000000
v -0.00397764 0.00251950 0.02381492 0.54509804 0.71372549 0.60000000
v -0.00468280 0.00257589 0.02365801 0.54509804 0.71372549 0.60000000
v -0.00433495 0.00208842 0.02373848 0.54509804 0.71372549 0.60000000
v -0.00365058 0.00202499 0.02382297 0.54509804 0.71372549 0.60000000
v -0.00397197 0.00160682 0.02372641 0.54509804 0.71372549 0.60000000
v 0.00013423 0.00507080 0.02369422 0.54509804 0.71372549 0.60000000
v 0.00065034 0.00502851 0.02369825 0.54509804 0.71372549 0.60000000
v -0.00565831 -0.00180665 0.02187966 0.54509804 0.71372549 0.60000000
v -0.00636914 -0.00192294 0.02156583 0.54509804 0.71372549 0.60000000
v -0.00578119 -0.00219545 0.02150146 0.54509804 0.71372549 0.60000000
v -0.00646555 -0.00224361 0.02122787 0.54509804 0.71372549 0.60000000
v -0.00703082 -0.00192059 0.02121982 0.54509804 0.71372549 0.60000000
v -0.00692495 -0.00158582 0.02155779 0.54509804 0.71372549 0.60000000
v -0.00743539 -0.00118997 0.02146927 0.54509804 0.71372549 0.60000000
v -0.00788533 -0.00074831 0.02130834 0.54509804 0.71372549 0.60000000
v -0.00826343 -0.00027141 0.02107900 0.54509804 0.71372549 0.60000000
v -0.00838821 -0.00061793 0.02076920 0.54509804 0.71372549 0.60000000
v -0.00800443 -0.00109718 0.02098646 0.54509804 0.71372549 0.60000000
v -0.00754693 -0.00153414 0.02113533 0.54509804 0.71372549 0.60000000
v -0.00813110 -0.00150242 0.02055595 0.54509804 0.71372549 0.60000000
v -0.00852054 -0.00102083 0.02035478 0.54509804 0.71372549 0.60000000
v -0.00882681 -0.00050634 0.02010533 0.54509804 0.71372549 0.60000000
v -0.00893834 -0.00086577 0.01969092 0.54509804 0.71372549 0.60000000
v -0.00862641 -0.00138731 0.01992026 0.54509804 0.71372549 0.60000000
v -0.00902531 -0.00118645 0.01925639 0.54509804 0.71372549 0.60000000
v -0.00924839 -0.00062733 0.01901901 0.54509804 0.71372549 0.60000000
v -0.00915575 -0.00031722 0.01942135 0.54509804 0.71372549 0.60000000
v -0.00904043 0.00002812 0.01980358 0.54509804 0.71372549 0.60000000
v -0.00927486 0.00024190 0.01911557 0.54509804 0.71372549 0.60000000
v -0.00915764 0.00057080 0.01946561 0.54509804 0.71372549 0.60000000
v -0.00890054 0.00040987 0.02016569 0.54509804 0.71372549 0.60000000
v -0.00869069 -0.00011166 0.02049158 0.54509804 0.71372549 0.60000000
v -0.00856024 0.00022780 0.02078529 0.54509804 0.71372549 0.60000000
v -0.00876820 0.00073524 0.02043525 0.54509804 0.71372549 0.60000000
v -0.00857915 0.00115576 0.02073701 0.54509804 0.71372549 0.60000000
v -0.00837686 0.00066359 0.02111119 0.54509804 0.71372549 0.60000000
v -0.00868880 0.00163618 0.02031455 0.54509804 0.71372549 0.60000000
v -0.00929376 0.00079867 0.01878565 0.54509804 0.71372549 0.60000000
v -0.00931078 0.00108528 0.01814995 0.54509804 0.71372549 0.60000000
v -0.00939207 0.00052381 0.01845975 0.54509804 0.71372549 0.60000000
v -0.00937127 -0.00005293 0.01874944 0.54509804 0.71372549 0.60000000
v -0.00944689 -0.00031252 0.01836722 0.54509804 0.71372549 0.60000000
v -0.00949227 0.00021606 0.01801316 0.54509804 0.71372549 0.60000000
v -0.00946580 -0.00038065 0.01825054 0.54509804 0.71372549 0.60000000
v -0.00932023 -0.00089984 0.01859655 0.54509804 0.71372549 0.60000000
v -0.00933913 -0.00097267 0.01847183 0.54509804 0.71372549 0.60000000
v -0.00952251 -0.00059326 0.01784015 0.54509804 0.71372549 0.60000000
v -0.00955087 0.00001755 0.01764703 0.54509804 0.71372549 0.60000000
v -0.00947903 0.00062013 0.01744183 0.54509804 0.71372549 0.60000000
v -0.00947147 0.00028066 0.01811777 0.54509804 0.71372549 0.60000000
v -0.00941665 0.00080337 0.01775968 0.54509804 0.71372549 0.60000000
v -0.00930510 0.00120157 0.01723261 0.54509804 0.71372549 0.60000000
v -0.00935615 0.00107001 0.01695500 0.54509804 0.71372549 0.60000000
v -0.00939396 0.00097134 0.01666934 0.54509804 0.71372549 0.60000000
v -0.00952629 0.00047448 0.01711594 0.54509804 0.71372549 0.60000000
v -0.00959624 -0.00014103 0.01727285 0.54509804 0.71372549 0.60000000
v -0.00956411 -0.00076123 0.01742574 0.54509804 0.71372549 0.60000000
v -0.00939207 -0.00119467 0.01802120 0.54509804 0.71372549 0.60000000
v -0.00911416 -0.00154354 0.01866495 0.54509804 0.71372549 0.60000000
v -0.00909526 -0.00146836 0.01880175 0.54509804 0.71372549 0.60000000
v -0.00871148 -0.00171503 0.01945756 0.54509804 0.71372549 0.60000000
v -0.00823129 -0.00187008 0.02009729 0.54509804 0.71372549 0.60000000
v -0.00766603 -0.00193586 0.02069275 0.54509804 0.71372549 0.60000000
v -0.00776245 -0.00230000 0.02022201 0.54509804 0.71372549 0.60000000
v -0.00831259 -0.00219898 0.01961448 0.54509804 0.71372549 0.60000000
v -0.00916332 -0.00177376 0.01817812 0.54509804 0.71372549 0.60000000
v -0.00942988 -0.00137204 0.01756254 0.54509804 0.71372549 0.60000000
v -0.00962649 -0.00025849 0.01689465 0.54509804 0.71372549 0.60000000
v -0.00956032 0.00036641 0.01678601 0.54509804 0.71372549 0.60000000
v -0.00783996 -0.00262537 0.01972713 0.54509804 0.71372549 0.60000000
v -0.00723310 -0.00266531 0.02029041 0.54509804 0.71372549 0.60000000
v -0.00730683 -0.00298363 0.01978748 0.54509804 0.71372549 0.60000000
v -0.00665461 -0.00295896 0.02030248 0.54509804 0.71372549 0.60000000
v -0.00596268 -0.00284855 0.02072494 0.54509804 0.71372549 0.60000000
v -0.00656764 -0.00261832 0.02077724 0.54509804 0.71372549 0.60000000
v -0.00714047 -0.00231057 0.02076920 0.54509804 0.71372549 0.60000000
v -0.00586815 -0.00249616 0.02116752 0.54509804 0.71372549 0.60000000
v -0.00517622 -0.00239279 0.02136064 0.54509804 0.71372549 0.60000000
v -0.00525563 -0.00267118 0.02103474 0.54509804 0.71372549 0.60000000
v 0.00524617 -0.00263946 0.02107498 0.54509804 0.71372549 0.60000000
v -0.00531990 -0.00291198 0.02072494 0.54509804 0.71372549 0.60000000
v 0.00533503 -0.00296836 0.02064849 0.54509804 0.71372549 0.60000000
v 0.00585870 -0.00246209 0.02120775 0.54509804 0.71372549 0.60000000
v 0.00574716 -0.00208739 0.02161009 0.54509804 0.71372549 0.60000000
v 0.00514787 -0.00229412 0.02146927 0.54509804 0.71372549 0.60000000
v 0.00508359 -0.00208739 0.02168251 0.54509804 0.71372549 0.60000000
v 0.00503444 -0.00193234 0.02183138 0.54509804 0.71372549 0.60000000
v 0.00562049 -0.00169389 0.02198025 0.54509804 0.71372549 0.60000000
v -0.00508359 -0.00208739 0.02168251 0.54509804 0.71372549 0.60000000
v 0.00865666 -0.00149538 0.01977541 0.54509804 0.71372549 0.60000000
v 0.00606477 -0.00326554 0.02010131 0.54509804 0.71372549 0.60000000
v 0.00287547 0.00708059 0.02053182 0.54509804 0.71372549 0.60000000
v 0.00349934 0.00690909 0.01998061 0.54509804 0.71372549 0.60000000
v 0.00350312 0.00686680 0.02053182 0.54509804 0.71372549 0.60000000
v 0.00348043 0.00675404 0.02107095 0.54509804 0.71372549 0.60000000
v 0.00689281 0.00373877 0.02186759 0.54509804 0.71372549 0.60000000
v 0.00565641 -0.00445661 0.01599742 0.54509804 0.71372549 0.60000000
v -0.00565641 -0.00445661 0.01608192 0.54509804 0.71372549 0.60000000
v -0.00803468 -0.00367196 0.01608192 0.54509804 0.71372549 0.60000000
v 0.00043265 0.01299274 -0.02100018 0.54117647 0.42352941 0.64313725
v 0.00043265 0.01299274 -0.02400000 0.54117647 0.42352941 0.64313725
v -0.00130051 0.01293424 -0.02100018 0.54117647 0.42352941 0.64313725
v -0.00072279 0.00751381 -0.02099871 0.54117647 0.42352941 0.64313725
v 0.00072279 0.00751381 -0.02099871 0.54117647 0.42352941 0.64313725
v 0.00216073 0.01281723 -0.02100018 0.54117647 0.42352941 0.64313725
v 0.00216073 0.01281723 -0.02400000 0.54117647 0.42352941 0.64313725
v -0.00130051 0.01293424 -0.02400000 0.54117647 0.42352941 0.64313725
v -0.00301331 0.01264427 -0.02100018 0.54117647 0.42352941 0.64313725
v -0.00215309 0.00730524 -0.02099871 0.54117647 0.42352941 0.64313725
v 0.00215309 0.00730524 -0.02099871 0.54117647 0.42352941 0.64313725
v 0.00385063 0.01241534 -0.02100018 0.54117647 0.42352941 0.64313725
v 0.00385063 0.01241534 -0.02400000 0.54117647 0.42352941 0.64313725
v -0.00301331 0.01264427 -0.02400000 0.54117647 0.42352941 0.64313725
v -0.00354013 0.00689317 -0.02099871 0.54117647 0.42352941 0.64313725
v -0.00467013 0.01213046 -0.02100018 0.54117647 0.42352941 0.64313725
v 0.00354013 0.00689317 -0.02099871 0.54117647 0.42352941 0.64313725
v 0.00547181 0.01179216 -0.02100018 0.54117647 0.42352941 0.64313725
v 0.00547181 0.01179216 -0.02400000 0.54117647 0.42352941 0.64313725
v -0.00467013 0.01213046 -0.02400000 0.54117647 0.42352941 0.64313725
v -0.00485337 0.00628271 -0.02099871 0.54117647 0.42352941 0.64313725
v -0.00624550 0.01139790 -0.02100018 0.54117647 0.42352941 0.64313725
v 0.00485337 0.00628271 -0.02099871 0.54117647 0.42352941 0.64313725
v 0.00699374 0.01095531 -0.02100018 0.54117647 0.42352941 0.64313725
v 0.00699374 0.01095531 -0.02400000 0.54117647 0.42352941 0.64313725
v -0.00624550 0.01139790 -0.02400000 0.54117647 0.42352941 0.64313725
v -0.00770889 0.01046440 -0.02100018 0.54117647 0.42352941 0.64313725
v -0.00606480 0.00549165 -0.02099871 0.54117647 0.42352941 0.64313725
v 0.00606480 0.00549165 -0.02099871 0.54117647 0.42352941 0.64313725
v 0.00839096 0.00992515 -0.02100018 0.54117647 0.42352941 0.64313725
v 0.00839096 0.00992515 -0.02400000 0.54117647 0.42352941 0.64313725
v -0.00770889 0.01046440 -0.02400000 0.54117647 0.42352941 0.64313725
v -0.00903739 0.00934267 -0.02100018 0.54117647 0.42352941 0.64313725
v -0.00714898 0.00453271 -0.02099871 0.54117647 0.42352941 0.64313725
v 0.00714898 0.00453271 -0.02099871 0.54117647 0.42352941 0.64313725
v 0.00964056 0.00871948 -0.02100018 0.54117647 0.42352941 0.64313725
v 0.00964056 0.00871948 -0.02400000 0.54117647 0.42352941 0.64313725
v -0.00903739 0.00934267 -0.02400000 0.54117647 0.42352941 0.64313725
v -0.01020047 0.00805560 -0.02100018 0.54117647 0.42352941 0.64313725
v -0.00808301 0.00342878 -0.02099871 0.54117647 0.42352941 0.64313725
v 0.00808301 0.00342878 -0.02099871 0.54117647 0.42352941 0.64313725
v 0.01071711 0.00735611 -0.02100018 0.54117647 0.42352941 0.64313725
v 0.01071711 0.00735611 -0.02400000 0.54117647 0.42352941 0.64313725
v -0.01020047 0.00805560 -0.02400000 0.54117647 0.42352941 0.64313725
v -0.01118285 0.00662355 -0.02100018 0.54117647 0.42352941 0.64313725
v -0.00884652 0.00220022 -0.02099871 0.54117647 0.42352941 0.64313725
v 0.00884652 0.00220022 -0.02099871 0.54117647 0.42352941 0.64313725
v 0.01160023 0.00586301 -0.02100018 0.54117647 0.42352941 0.64313725
v 0.01160023 0.00586301 -0.02400000 0.54117647 0.42352941 0.64313725
v -0.01118285 0.00662355 -0.02400000 0.54117647 0.42352941 0.64313725
v -0.01196672 0.00507449 -0.02100018 0.54117647 0.42352941 0.64313725
v -0.00942678 0.00087500 -0.02099871 0.54117647 0.42352941 0.64313725
v 0.00942678 0.00087500 -0.02099871 0.54117647 0.42352941 0.64313725
v 0.01227976 0.00426308 -0.02100018 0.54117647 0.42352941 0.64313725
v 0.01227976 0.00426308 -0.02400000 0.54117647 0.42352941 0.64313725
v -0.01196672 0.00507449 -0.02400000 0.54117647 0.42352941 0.64313725
v -0.01253681 0.00343387 -0.02100018 0.54117647 0.42352941 0.64313725
v -0.00959984 0.00020349 -0.02099871 0.54117647 0.42352941 0.64313725
v 0.00959984 0.00020349 -0.02099871 0.54117647 0.42352941 0.64313725
v 0.01273786 0.00258939 -0.02100018 0.54117647 0.42352941 0.64313725
v 0.01273786 0.00258939 -0.02400000 0.54117647 0.42352941 0.64313725
v -0.01253681 0.00343387 -0.02400000 0.54117647 0.42352941 0.64313725
v -0.01288293 0.00173220 -0.02100018 0.54117647 0.42352941 0.64313725
v -0.00965583 -0.00048583 -0.02099871 0.54117647 0.42352941 0.64313725
v 0.00965583 -0.00048583 -0.02099871 0.54117647 0.42352941 0.64313725
v 0.01296946 0.00086737 -0.02100018 0.54117647 0.42352941 0.64313725
v 0.01296946 0.00086737 -0.02400000 0.54117647 0.42352941 0.64313725
v -0.01288293 0.00173220 -0.02400000 0.54117647 0.42352941 0.64313725
v -0.01300000 0.00000000 -0.02100018 0.54117647 0.42352941 0.64313725
v -0.01288293 -0.00173220 -0.02100018 0.54117647 0.42352941 0.64313725
v -0.00958966 -0.00117769 -0.02099871 0.54117647 0.42352941 0.64313725
v 0.01296946 -0.00086737 -0.02100018 0.54117647 0.42352941 0.64313725
v 0.01300000 0.00000000 -0.02100018 0.54117647 0.42352941 0.64313725
v 0.00958966 -0.00117769 -0.02099871 0.54117647 0.42352941 0.64313725
v 0.01300000 0.00000000 -0.02400000 0.54117647 0.42352941 0.64313725
v -0.01300000 0.00000000 -0.02400000 0.54117647 0.42352941 0.64313725
v -0.01253681 -0.00343387 -0.02100018 0.54117647 0.42352941 0.64313725
v -0.01288293 -0.00173220 -0.02400000 0.54117647 0.42352941 0.64313725
v -0.00940642 -0.00184666 -0.02099871 0.54117647 0.42352941 0.64313725
v 0.01296946 -0.00086737 -0.02400000 0.54117647 0.42352941 0.64313725
v 0.01273786 -0.00258939 -0.02100018 0.54117647 0.42352941 0.64313725
v 0.00940642 -0.00184666 -0.02099871 0.54117647 0.42352941 0.64313725
v 0.01227976 -0.00426308 -0.02100018 0.54117647 0.42352941 0.64313725
v -0.01253681 -0.00343387 -0.02400000 0.54117647 0.42352941 0.64313725
v -0.01196672 -0.00507449 -0.02100018 0.54117647 0.42352941 0.64313725
v -0.00910865 -0.00247493 -0.02099871 0.54117647 0.42352941 0.64313725
v 0.01273786 -0.00258939 -0.02400000 0.54117647 0.42352941 0.64313725
v 0.00910865 -0.00247493 -0.02099871 0.54117647 0.42352941 0.64313725
v 0.01160023 -0.00586301 -0.02100018 0.54117647 0.42352941 0.64313725
v 0.01227976 -0.00426308 -0.02400000 0.54117647 0.42352941 0.64313725
v -0.01196672 -0.00507449 -0.02400000 0.54117647 0.42352941 0.64313725
v -0.01118285 -0.00662355 -0.02100018 0.54117647 0.42352941 0.64313725
v -0.00870908 -0.00303961 -0.02099871 0.54117647 0.42352941 0.64313725
v -0.01020047 -0.00805560 -0.02100018 0.54117647 0.42352941 0.64313725
v 0.00870908 -0.00303961 -0.02099871 0.54117647 0.42352941 0.64313725
v 0.01071711 -0.00735611 -0.02100018 0.54117647 0.42352941 0.64313725
v 0.01160023 -0.00586301 -0.02400000 0.54117647 0.42352941 0.64313725
v -0.01118285 -0.00662355 -0.02400000 0.54117647 0.42352941 0.64313725
v -0.00821535 -0.00353053 -0.02099871 0.54117647 0.42352941 0.64313725
v -0.00903739 -0.00934267 -0.02100018 0.54117647 0.42352941 0.64313725
v -0.01020047 -0.00805560 -0.02400000 0.54117647 0.42352941 0.64313725
v 0.00821535 -0.00353053 -0.02099871 0.54117647 0.42352941 0.64313725
v 0.00964056 -0.00871948 -0.02100018 0.54117647 0.42352941 0.64313725
v 0.01071711 -0.00735611 -0.02400000 0.54117647 0.42352941 0.64313725
v -0.00770889 -0.01046440 -0.02100018 0.54117647 0.42352941 0.64313725
v -0.00764781 -0.00392478 -0.02099871 0.54117647 0.42352941 0.64313725
v -0.00903739 -0.00934267 -0.02400000 0.54117647 0.42352941 0.64313725
v 0.00839096 -0.00992515 -0.02100018 0.54117647 0.42352941 0.64313725
v 0.00764781 -0.00392478 -0.02099871 0.54117647 0.42352941 0.64313725
v 0.00699374 -0.01095531 -0.02100018 0.54117647 0.42352941 0.64313725
v 0.00964056 -0.00871948 -0.02400000 0.54117647 0.42352941 0.64313725
v -0.00624550 -0.01139790 -0.02100018 0.54117647 0.42352941 0.64313725
v -0.00770889 -0.01046440 -0.02400000 0.54117647 0.42352941 0.64313725
v -0.00467013 -0.01213046 -0.02100018 0.54117647 0.42352941 0.64313725
v -0.00701664 -0.00421730 -0.02099871 0.54117647 0.42352941 0.64313725
v 0.00839096 -0.00992515 -0.02400000 0.54117647 0.42352941 0.64313725
v 0.00701664 -0.00421730 -0.02099871 0.54117647 0.42352941 0.64313725
v 0.00547181 -0.01179216 -0.02100018 0.54117647 0.42352941 0.64313725
v 0.00699374 -0.01095531 -0.02400000 0.54117647 0.42352941 0.64313725
v -0.00624550 -0.01139790 -0.02400000 0.54117647 0.42352941 0.64313725
v -0.00467013 -0.01213046 -0.02400000 0.54117647 0.42352941 0.64313725
v -0.00301331 -0.01264427 -0.02100018 0.54117647 0.42352941 0.64313725
v -0.00634730 -0.00439535 -0.02099871 0.54117647 0.42352941 0.64313725
v 0.00634730 -0.00439535 -0.02099871 0.54117647 0.42352941 0.64313725
v 0.00385063 -0.01241534 -0.02100018 0.54117647 0.42352941 0.64313725
v 0.00547181 -0.01179216 -0.02400000 0.54117647 0.42352941 0.64313725
v -0.00301331 -0.01264427 -0.02400000 0.54117647 0.42352941 0.64313725
v -0.00130051 -0.01293424 -0.02100018 0.54117647 0.42352941 0.64313725
v -0.00565505 -0.00445640 -0.02099871 0.54117647 0.42352941 0.64313725
v 0.00565505 -0.00445640 -0.02099871 0.54117647 0.42352941 0.64313725
v 0.00043265 -0.01299274 -0.02100018 0.54117647 0.42352941 0.64313725
v 0.00216073 -0.01281723 -0.02100018 0.54117647 0.42352941 0.64313725
v 0.00385063 -0.01241534 -0.02400000 0.54117647 0.42352941 0.64313725
v -0.00130051 -0.01293424 -0.02400000 0.54117647 0.42352941 0.64313725
v 0.00043265 -0.01299274 -0.02400000 0.54117647 0.42352941 0.64313725
v 0.00216073 -0.01281723 -0.02400000 0.54117647 0.42352941 0.64313725
f 2 3 1
f 2 4 3
f 2 5 4
f 2 1 5
f 6 5 1
f 6 7 5
f 6 8 7
f 6 9 8
f 6 1 9
f 10 9 1
f 10 11 9
f 12 11 10
f 12 13 11
f 12 14 13
f 12 15 14
f 12 10 15
f 10 1 15
f 15 1 16
f 17 15 16
f 18 15 17
f 18 14 15
f 19 14 18
f 19 13 14
f 19 20 13
f 21 20 19
f 21 22 20
f 21 23 22
f 21 24 23
f 21 25 24
f 21 19 25
f 26 25 19
f 26 27 25
f 26 17 27
f 26 18 17
f 26 19 18
f 27 17 16
f 27 16 28
f 27 28 25
f 28 29 25
f 28 30 29
f 28 16 30
f 31 30 16
f 32 30 31
f 32 29 30
f 32 33 29
f 34 33 32
f 35 33 34
f 35 36 33
f 35 37 36
f 35 38 37
f 35 34 38
f 34 31 38
f 34 32 31
f 38 31 39
f 38 39 37
f 40 37 39
f 40 36 37
f 41 36 40
f 42 36 41
f 42 43 36
f 42 44 43
f 42 45 44
f 42 46 45
f 42 41 46
f 41 47 46
f 41 48 47
f 41 49 48
f 41 40 49
f 40 39 49
f 39 50 49
f 39 16 50
f 31 16 39
f 16 1 50
f 1 3 50
f 3 51 50
f 52 51 3
f 53 51 52
f 54 51 53
f 55 51 54
f 55 56 51
f 55 57 56
f 58 57 55
f 58 59 57
f 58 60 59
f 58 61 60
f 58 55 61
f 55 54 61
f 54 60 61
f 54 62 60
f 54 53 62
f 62 53 63
f 60 62 63
f 59 60 63
f 64 59 63
f 64 65 59
f 66 65 64
f 66 67 65
f 66 68 67
f 66 69 68
f 66 70 69
f 66 64 70
f 64 71 70
f 64 72 71
f 64 63 72
f 72 63 53
f 72 53 73
f 72 73 74
f 72 74 71
f 75 71 74
f 70 71 75
f 70 75 76
f 70 76 77
f 70 77 69
f 77 78 69
f 77 79 78
f 77 80 79
f 81 80 77
f 81 82 80
f 81 83 82
f 81 52 83
f 81 76 52
f 81 77 76
f 76 84 52
f 75 84 76
f 75 73 84
f 75 74 73
f 84 73 52
f 73 53 52
f 83 52 85
f 83 85 82
f 85 86 82
f 85 87 86
f 85 52 87
f 87 52 3
f 88 87 3
f 88 89 87
f 90 89 88
f 91 89 90
f 92 89 91
f 92 93 89
f 92 79 93
f 92 94 79
f 92 95 94
f 96 95 92
f 96 97 95
f 96 98 97
f 96 91 98
f 96 92 91
f 91 90 98
f 98 90 88
f 98 88 99
f 98 99 100
f 97 98 100
f 97 100 101
f 97 101 102
f 103 97 102
f 103 95 97
f 103 104 95
f 103 105 104
f 103 106 105
f 103 102 106
f 106 102 107
f 106 107 108
f 105 106 108
f 105 108 109
f 105 109 110
f 104 105 110
f 104 110 111
f 104 111 112
f 104 112 95
f 112 94 95
f 112 113 94
f 112 114 113
f 112 111 114
f 115 114 111
f 116 114 115
f 116 117 114
f 116 118 117
f 116 119 118
f 116 120 119
f 116 115 120
f 121 120 115
f 121 122 120
f 121 123 122
f 121 124 123
f 121 115 124
f 115 111 124
f 110 124 111
f 110 125 124
f 110 109 125
f 109 126 125
f 127 126 109
f 127 128 126
f 8 128 127
f 13 128 8
f 13 20 128
f 20 129 128
f 22 129 20
f 22 130 129
f 22 131 130
f 22 23 131
f 23 132 131
f 23 133 132
f 23 24 133
f 24 134 133
f 24 29 134
f 24 25 29
f 29 33 134
f 43 134 33
f 43 135 134
f 43 44 135
f 44 136 135
f 44 137 136
f 44 45 137
f 138 137 45
f 139 137 138
f 139 140 137
f 139 141 140
f 139 142 141
f 139 143 142
f 139 138 143
f 144 143 138
f 144 145 143
f 144 146 145
f 144 147 146
f 144 148 147
f 144 138 148
f 138 45 148
f 148 45 46
f 149 148 46
f 149 147 148
f 149 150 147
f 151 150 149
f 152 150 151
f 152 153 150
f 154 153 152
f 154 155 153
f 154 156 155
f 154 152 156
f 152 157 156
f 152 158 157
f 152 151 158
f 159 158 151
f 159 160 158
f 159 161 160
f 159 47 161
f 159 151 47
f 151 149 47
f 149 46 47
f 161 47 48
f 161 48 50
f 161 50 162
f 161 162 160
f 162 157 160
f 162 50 157
f 157 50 163
f 164 157 163
f 165 157 164
f 166 157 165
f 166 156 157
f 167 156 166
f 167 155 156
f 167 168 155
f 167 169 168
f 167 166 169
f 166 165 169
f 170 169 165
f 170 171 169
f 172 171 170
f 172 173 171
f 174 173 172
f 174 175 173
f 174 176 175
f 174 177 176
f 174 178 177
f 174 172 178
f 172 170 178
f 179 178 170
f 180 178 179
f 180 181 178
f 180 182 181
f 180 183 182
f 180 184 183
f 180 179 184
f 179 164 184
f 179 170 164
f 170 165 164
f 184 164 163
f 183 184 163
f 183 163 185
f 182 183 185
f 186 182 185
f 187 182 186
f 187 181 182
f 187 188 181
f 187 189 188
f 187 190 189
f 187 186 190
f 186 191 190
f 186 192 191
f 186 185 192
f 192 185 163
f 192 163 193
f 192 193 191
f 194 191 193
f 195 191 194
f 196 191 195
f 196 190 191
f 197 190 196
f 197 189 190
f 197 198 189
f 199 198 197
f 199 200 198
f 199 201 200
f 199 202 201
f 199 203 202
f 199 197 203
f 197 196 203
f 204 203 196
f 204 205 203
f 204 206 205
f 204 207 206
f 204 195 207
f 204 196 195
f 195 194 207
f 208 207 194
f 208 209 207
f 208 210 209
f 208 211 210
f 208 194 211
f 194 212 211
f 194 163 212
f 194 193 163
f 212 163 213
f 212 213 214
f 215 212 214
f 215 211 212
f 215 210 211
f 209 210 215
f 216 209 215
f 217 209 216
f 206 209 217
f 206 207 209
f 218 206 217
f 205 206 218
f 205 218 219
f 205 219 202
f 205 202 203
f 202 219 220
f 201 202 220
f 221 201 220
f 221 222 201
f 221 223 222
f 221 224 223
f 221 225 224
f 221 220 225
f 220 226 225
f 219 226 220
f 219 227 226
f 218 227 219
f 218 228 227
f 218 217 228
f 217 229 228
f 217 216 229
f 230 229 216
f 231 229 230
f 231 232 229
f 231 233 232
f 231 234 233
f 231 235 234
f 231 230 235
f 230 236 235
f 230 214 236
f 230 216 214
f 216 215 214
f 236 214 213
f 236 213 237
f 235 236 237
f 235 237 238
f 239 235 238
f 239 234 235
f 239 240 234
f 239 241 240
f 239 242 241
f 239 238 242
f 238 213 242
f 238 237 213
f 243 242 213
f 244 242 243
f 244 241 242
f 245 241 244
f 245 246 241
f 245 247 246
f 245 248 247
f 245 249 248
f 245 244 249
f 244 243 249
f 250 249 243
f 251 249 250
f 251 248 249
f 251 252 248
f 251 250 252
f 253 252 250
f 253 254 252
f 253 255 254
f 253 256 255
f 253 250 256
f 250 257 256
f 250 243 257
f 243 213 257
f 257 213 258
f 259 257 258
f 259 260 257
f 259 261 260
f 262 261 259
f 263 261 262
f 263 264 261
f 263 265 264
f 263 266 265
f 263 267 266
f 263 262 267
f 268 267 262
f 268 269 267
f 268 258 269
f 268 262 258
f 262 259 258
f 270 269 258
f 271 269 270
f 271 267 269
f 271 272 267
f 271 273 272
f 274 273 271
f 274 275 273
f 274 276 275
f 274 277 276
f 274 271 277
f 271 270 277
f 270 258 277
f 277 258 278
f 277 278 279
f 277 279 276
f 276 279 280
f 281 276 280
f 281 275 276
f 281 282 275
f 281 283 282
f 284 283 281
f 284 285 283
f 284 286 285
f 284 287 286
f 284 288 287
f 284 281 288
f 288 281 280
f 288 280 289
f 288 289 287
f 287 289 290
f 291 287 290
f 291 286 287
f 291 292 286
f 291 293 292
f 291 290 293
f 293 290 289
f 293 289 294
f 293 294 295
f 296 293 295
f 296 292 293
f 297 292 296
f 297 286 292
f 298 286 297
f 298 285 286
f 298 299 285
f 298 300 299
f 298 301 300
f 298 297 301
f 297 302 301
f 297 296 302
f 296 295 302
f 303 302 295
f 304 302 303
f 304 305 302
f 304 306 305
f 304 307 306
f 304 308 307
f 304 303 308
f 303 294 308
f 303 295 294
f 309 308 294
f 307 308 309
f 307 309 310
f 311 307 310
f 312 307 311
f 312 306 307
f 312 313 306
f 312 314 313
f 312 315 314
f 312 311 315
f 311 316 315
f 311 317 316
f 311 310 317
f 317 310 318
f 319 317 318
f 319 316 317
f 320 316 319
f 321 316 320
f 321 315 316
f 322 315 321
f 322 314 315
f 322 323 314
f 322 324 323
f 322 325 324
f 322 321 325
f 321 326 325
f 321 320 326
f 320 327 326
f 320 328 327
f 320 319 328
f 319 318 328
f 329 328 318
f 330 328 329
f 327 328 330
f 331 327 330
f 331 332 327
f 333 332 331
f 333 334 332
f 333 335 334
f 336 335 333
f 336 337 335
f 336 338 337
f 336 339 338
f 336 340 339
f 336 333 340
f 333 331 340
f 340 331 341
f 342 340 341
f 339 340 342
f 339 342 343
f 339 343 344
f 339 344 345
f 338 339 345
f 338 345 346
f 338 346 347
f 338 347 337
f 347 348 337
f 347 349 348
f 350 349 347
f 350 351 349
f 350 352 351
f 350 353 352
f 350 346 353
f 350 347 346
f 353 346 354
f 355 353 354
f 355 356 353
f 355 357 356
f 355 358 357
f 359 358 355
f 359 360 358
f 359 361 360
f 359 354 361
f 359 355 354
f 344 361 354
f 344 360 361
f 344 343 360
f 342 360 343
f 342 329 360
f 342 341 329
f 330 329 341
f 331 330 341
f 360 329 362
f 360 362 358
f 363 358 362
f 357 358 363
f 357 363 364
f 365 357 364
f 365 366 357
f 365 367 366
f 365 368 367
f 365 369 368
f 365 364 369
f 369 364 362
f 369 362 370
f 369 370 368
f 371 368 370
f 372 368 371
f 372 367 368
f 372 373 367
f 372 374 373
f 372 375 374
f 372 371 375
f 371 376 375
f 377 376 371
f 377 378 376
f 377 379 378
f 377 380 379
f 377 362 380
f 377 370 362
f 377 371 370
f 380 362 51
f 381 380 51
f 382 380 381
f 382 383 380
f 382 384 383
f 382 385 384
f 382 381 385
f 386 385 381
f 386 387 385
f 386 56 387
f 386 51 56
f 386 381 51
f 57 387 56
f 57 388 387
f 57 389 388
f 59 389 57
f 59 390 389
f 59 65 390
f 390 65 67
f 391 390 67
f 391 392 390
f 391 393 392
f 391 394 393
f 391 395 394
f 391 67 395
f 68 395 67
f 68 396 395
f 68 397 396
f 68 69 397
f 397 69 78
f 397 78 113
f 117 397 113
f 117 396 397
f 117 118 396
f 398 396 118
f 395 396 398
f 394 395 398
f 399 394 398
f 400 394 399
f 400 393 394
f 400 401 393
f 400 402 401
f 400 403 402
f 400 404 403
f 400 399 404
f 399 405 404
f 399 406 405
f 399 398 406
f 406 398 118
f 406 118 119
f 407 406 119
f 407 405 406
f 407 408 405
f 407 409 408
f 407 410 409
f 407 119 410
f 410 119 120
f 410 120 122
f 410 122 411
f 410 411 409
f 412 409 411
f 412 413 409
f 412 414 413
f 412 415 414
f 412 416 415
f 412 411 416
f 417 416 411
f 417 418 416
f 417 419 418
f 417 411 419
f 122 419 411
f 122 123 419
f 420 419 123
f 420 418 419
f 421 418 420
f 421 422 418
f 421 423 422
f 421 424 423
f 425 424 421
f 425 131 424
f 425 130 131
f 425 426 130
f 425 420 426
f 425 421 420
f 426 420 123
f 426 123 427
f 426 427 428
f 130 426 428
f 130 428 129
f 126 129 428
f 126 128 129
f 126 428 125
f 427 125 428
f 427 124 125
f 427 123 124
f 424 131 132
f 424 132 429
f 424 429 423
f 430 423 429
f 431 423 430
f 431 422 423
f 431 432 422
f 433 432 431
f 434 432 433
f 434 435 432
f 434 436 435
f 434 437 436
f 434 438 437
f 434 433 438
f 439 438 433
f 439 440 438
f 439 441 440
f 439 442 441
f 439 443 442
f 439 433 443
f 433 431 443
f 431 430 443
f 430 444 443
f 445 444 430
f 445 140 444
f 445 136 140
f 445 446 136
f 445 429 446
f 445 430 429
f 446 429 132
f 446 132 133
f 446 133 135
f 446 135 136
f 135 133 134
f 140 136 137
f 140 141 444
f 141 442 444
f 141 447 442
f 142 447 141
f 142 448 447
f 142 449 448
f 142 143 449
f 143 145 449
f 449 145 450
f 451 449 450
f 451 448 449
f 451 452 448
f 451 453 452
f 454 453 451
f 454 455 453
f 454 168 455
f 454 456 168
f 454 450 456
f 454 451 450
f 456 450 146
f 456 146 155
f 456 155 168
f 155 146 153
f 153 146 147
f 150 153 147
f 450 145 146
f 455 168 171
f 173 455 171
f 173 457 455
f 173 175 457
f 458 457 175
f 459 457 458
f 459 453 457
f 459 452 453
f 459 460 452
f 459 461 460
f 459 458 461
f 461 458 462
f 461 462 463
f 461 463 464
f 461 464 460
f 464 465 460
f 464 466 465
f 464 467 466
f 464 463 467
f 467 463 468
f 469 467 468
f 470 467 469
f 470 466 467
f 470 471 466
f 470 472 471
f 470 473 472
f 470 469 473
f 469 474 473
f 469 475 474
f 469 468 475
f 476 475 468
f 476 477 475
f 478 477 476
f 478 479 477
f 480 479 478
f 480 481 479
f 480 482 481
f 480 483 482
f 480 484 483
f 480 478 484
f 478 485 484
f 478 476 485
f 486 485 476
f 486 487 485
f 486 462 487
f 486 463 462
f 486 468 463
f 486 476 468
f 488 487 462
f 488 489 487
f 488 176 489
f 488 175 176
f 488 458 175
f 488 462 458
f 176 490 489
f 176 177 490
f 490 177 188
f 490 188 491
f 490 491 492
f 490 492 489
f 492 493 489
f 494 493 492
f 494 484 493
f 494 483 484
f 494 495 483
f 496 495 494
f 496 200 495
f 198 200 496
f 198 496 491
f 198 491 189
f 189 491 188
f 496 492 491
f 496 494 492
f 222 495 200
f 222 497 495
f 222 223 497
f 497 223 498
f 497 498 482
f 497 482 483
f 495 497 483
f 499 482 498
f 499 481 482
f 499 500 481
f 499 501 500
f 499 502 501
f 499 498 502
f 498 503 502
f 498 223 503
f 503 223 224
f 503 224 504
f 503 504 505
f 502 503 505
f 502 505 506
f 501 502 506
f 501 506 507
f 501 507 508
f 501 508 500
f 500 508 509
f 500 509 510
f 500 510 481
f 479 481 510
f 511 479 510
f 511 477 479
f 511 512 477
f 513 512 511
f 513 514 512
f 515 514 513
f 515 516 514
f 515 517 516
f 515 518 517
f 515 519 518
f 515 513 519
f 513 520 519
f 513 511 520
f 511 510 520
f 509 520 510
f 509 521 520
f 509 522 521
f 509 523 522
f 509 508 523
f 524 523 508
f 525 523 524
f 525 526 523
f 525 527 526
f 525 528 527
f 525 524 528
f 529 528 524
f 529 530 528
f 529 531 530
f 529 532 531
f 529 524 532
f 507 532 524
f 507 533 532
f 507 506 533
f 534 533 506
f 534 535 533
f 536 535 534
f 536 537 535
f 536 538 537
f 536 539 538
f 540 539 536
f 540 541 539
f 540 504 541
f 540 505 504
f 540 534 505
f 540 536 534
f 534 506 505
f 541 504 542
f 541 542 543
f 544 541 543
f 539 541 544
f 539 544 545
f 539 545 538
f 545 546 538
f 545 547 546
f 548 547 545
f 548 549 547
f 548 550 549
f 551 550 548
f 551 552 550
f 551 553 552
f 551 543 553
f 551 544 543
f 551 548 544
f 548 545 544
f 553 543 554
f 553 554 555
f 553 555 556
f 553 556 552
f 557 552 556
f 557 558 552
f 559 558 557
f 559 560 558
f 559 561 560
f 559 562 561
f 559 563 562
f 559 557 563
f 563 557 564
f 563 564 233
f 563 233 565
f 563 565 562
f 565 566 562
f 240 566 565
f 246 566 240
f 567 566 246
f 567 568 566
f 567 569 568
f 567 570 569
f 567 247 570
f 567 246 247
f 247 571 570
f 248 571 247
f 248 254 571
f 248 252 254
f 572 571 254
f 572 573 571
f 574 573 572
f 574 575 573
f 576 575 574
f 576 577 575
f 576 578 577
f 579 578 576
f 579 580 578
f 581 580 579
f 581 582 580
f 581 583 582
f 581 584 583
f 581 585 584
f 581 579 585
f 585 579 586
f 585 586 587
f 585 587 588
f 584 585 588
f 584 588 265
f 584 265 589
f 584 589 583
f 589 590 583
f 589 591 590
f 266 591 589
f 266 272 591
f 266 267 272
f 592 591 272
f 592 593 591
f 592 594 593
f 592 282 594
f 592 273 282
f 592 272 273
f 273 275 282
f 594 282 283
f 595 594 283
f 595 596 594
f 595 597 596
f 595 299 597
f 595 285 299
f 595 283 285
f 597 299 598
f 599 597 598
f 599 600 597
f 601 600 599
f 602 600 601
f 602 596 600
f 593 596 602
f 593 594 596
f 593 602 590
f 593 590 591
f 603 590 602
f 603 583 590
f 603 582 583
f 603 604 582
f 603 602 604
f 605 604 602
f 605 606 604
f 605 601 606
f 605 602 601
f 601 607 606
f 601 608 607
f 601 609 608
f 601 599 609
f 599 610 609
f 599 598 610
f 610 598 611
f 612 610 611
f 612 613 610
f 612 614 613
f 612 615 614
f 612 616 615
f 612 611 616
f 617 616 611
f 617 618 616
f 305 618 617
f 305 306 618
f 313 618 306
f 313 619 618
f 313 620 619
f 313 314 620
f 323 620 314
f 323 621 620
f 323 622 621
f 324 622 323
f 324 623 622
f 324 624 623
f 324 325 624
f 624 325 625
f 624 625 626
f 624 626 627
f 624 627 623
f 628 623 627
f 628 629 623
f 628 630 629
f 628 631 630
f 628 632 631
f 628 627 632
f 633 632 627
f 634 632 633
f 634 635 632
f 636 635 634
f 636 637 635
f 636 638 637
f 636 639 638
f 636 640 639
f 636 634 640
f 634 641 640
f 634 633 641
f 633 642 641
f 633 626 642
f 633 627 626
f 334 642 626
f 334 335 642
f 642 335 643
f 641 642 643
f 641 643 644
f 640 641 644
f 640 644 645
f 639 640 645
f 639 645 646
f 639 646 647
f 639 647 638
f 647 648 638
f 649 648 647
f 649 650 648
f 649 651 650
f 649 652 651
f 649 653 652
f 649 647 653
f 653 647 646
f 653 646 654
f 653 654 655
f 653 655 652
f 655 656 652
f 657 656 655
f 657 658 656
f 657 659 658
f 657 660 659
f 657 661 660
f 657 655 661
f 654 661 655
f 662 661 654
f 663 661 662
f 663 660 661
f 663 664 660
f 663 665 664
f 666 665 663
f 666 667 665
f 666 351 667
f 666 668 351
f 666 662 668
f 666 663 662
f 668 662 669
f 670 668 669
f 670 349 668
f 670 348 349
f 670 644 348
f 670 645 644
f 670 669 645
f 669 646 645
f 669 654 646
f 669 662 654
f 348 644 643
f 348 643 337
f 337 643 335
f 668 349 351
f 667 351 352
f 667 352 671
f 667 671 672
f 667 672 665
f 665 672 673
f 665 673 664
f 674 664 673
f 675 664 674
f 675 660 664
f 675 659 660
f 676 659 675
f 676 677 659
f 676 678 677
f 676 679 678
f 676 680 679
f 676 675 680
f 675 674 680
f 680 674 681
f 680 681 682
f 679 680 682
f 679 682 683
f 679 683 684
f 679 684 678
f 685 678 684
f 685 686 678
f 685 687 686
f 685 688 687
f 685 689 688
f 685 684 689
f 689 684 690
f 689 690 691
f 689 691 692
f 689 692 688
f 518 688 692
f 693 688 518
f 693 694 688
f 693 519 694
f 693 518 519
f 519 521 694
f 519 520 521
f 695 694 521
f 695 687 694
f 695 526 687
f 695 521 526
f 522 526 521
f 522 523 526
f 696 687 526
f 686 687 696
f 686 696 697
f 686 697 677
f 686 677 678
f 697 658 677
f 697 698 658
f 697 527 698
f 697 696 527
f 696 526 527
f 530 698 527
f 530 699 698
f 530 700 699
f 531 700 530
f 701 700 531
f 701 702 700
f 701 703 702
f 704 703 701
f 704 705 703
f 704 535 705
f 704 706 535
f 704 701 706
f 701 531 706
f 531 532 706
f 532 533 706
f 535 706 533
f 535 537 705
f 707 705 537
f 707 708 705
f 707 709 708
f 707 710 709
f 707 711 710
f 707 537 711
f 711 537 538
f 711 538 712
f 711 712 710
f 713 710 712
f 714 710 713
f 714 709 710
f 714 715 709
f 714 716 715
f 714 717 716
f 714 713 717
f 718 717 713
f 718 719 717
f 720 719 718
f 721 719 720
f 722 719 721
f 722 723 719
f 722 724 723
f 725 724 722
f 725 726 724
f 725 727 726
f 728 727 725
f 728 729 727
f 728 730 729
f 728 731 730
f 728 721 731
f 728 725 721
f 725 722 721
f 731 721 732
f 731 732 733
f 731 733 730
f 734 730 733
f 734 735 730
f 734 736 735
f 737 736 734
f 737 738 736
f 739 738 737
f 739 740 738
f 739 741 740
f 742 741 739
f 742 743 741
f 744 743 742
f 744 745 743
f 744 746 745
f 744 747 746
f 744 748 747
f 744 749 748
f 744 742 749
f 742 750 749
f 742 739 750
f 739 737 750
f 737 751 750
f 737 734 751
f 751 734 733
f 751 733 748
f 752 751 748
f 752 750 751
f 749 750 752
f 749 752 748
f 733 732 748
f 747 748 732
f 747 732 718
f 747 718 753
f 754 747 753
f 755 747 754
f 755 746 747
f 755 756 746
f 755 757 756
f 755 758 757
f 755 754 758
f 758 754 759
f 758 759 760
f 758 760 761
f 758 761 762
f 758 762 757
f 763 757 762
f 763 756 757
f 763 764 756
f 765 764 763
f 765 766 764
f 765 767 766
f 765 768 767
f 765 769 768
f 765 763 769
f 769 763 762
f 769 762 770
f 769 770 771
f 769 771 768
f 772 768 771
f 773 768 772
f 773 767 768
f 773 774 767
f 773 577 774
f 775 577 773
f 775 575 577
f 775 776 575
f 775 777 776
f 775 772 777
f 775 773 772
f 777 772 778
f 777 778 779
f 777 779 569
f 776 777 569
f 776 569 570
f 776 570 573
f 776 573 575
f 570 571 573
f 568 569 779
f 568 779 561
f 568 561 562
f 568 562 566
f 561 779 780
f 560 561 780
f 560 780 781
f 782 560 781
f 782 558 560
f 550 558 782
f 550 552 558
f 550 782 549
f 782 783 549
f 782 781 783
f 783 781 784
f 785 783 784
f 785 786 783
f 785 787 786
f 785 760 787
f 785 761 760
f 785 784 761
f 770 761 784
f 770 762 761
f 770 784 788
f 770 788 771
f 788 778 771
f 788 780 778
f 788 781 780
f 788 784 781
f 778 780 779
f 778 772 771
f 760 759 787
f 787 759 789
f 787 789 790
f 791 787 790
f 786 787 791
f 786 791 547
f 786 547 549
f 786 549 783
f 791 546 547
f 791 712 546
f 791 790 712
f 713 712 790
f 713 790 792
f 718 713 792
f 718 792 753
f 792 759 753
f 792 789 759
f 792 790 789
f 754 753 759
f 538 546 712
f 578 774 577
f 793 774 578
f 793 794 774
f 795 794 793
f 795 796 794
f 797 796 795
f 797 798 796
f 797 606 798
f 797 604 606
f 797 799 604
f 797 795 799
f 795 793 799
f 793 580 799
f 793 578 580
f 582 799 580
f 582 604 799
f 798 606 607
f 800 798 607
f 800 741 798
f 800 740 741
f 800 608 740
f 800 607 608
f 608 801 740
f 608 613 801
f 608 609 613
f 613 609 610
f 613 614 801
f 802 801 614
f 738 801 802
f 738 740 801
f 738 802 736
f 802 803 736
f 804 803 802
f 804 805 803
f 804 806 805
f 804 615 806
f 804 614 615
f 804 802 614
f 615 619 806
f 615 616 619
f 618 619 616
f 806 619 620
f 621 806 620
f 805 806 621
f 807 805 621
f 807 808 805
f 807 809 808
f 807 629 809
f 807 622 629
f 807 621 622
f 629 622 623
f 630 809 629
f 727 809 630
f 727 729 809
f 729 808 809
f 729 735 808
f 729 730 735
f 808 735 803
f 805 808 803
f 736 803 735
f 727 630 726
f 726 630 631
f 810 726 631
f 810 724 726
f 811 724 810
f 811 723 724
f 811 812 723
f 811 813 812
f 811 637 813
f 811 810 637
f 810 635 637
f 810 631 635
f 635 631 632
f 813 637 638
f 813 638 648
f 813 648 814
f 813 814 812
f 814 815 812
f 814 650 815
f 814 648 650
f 816 815 650
f 816 708 815
f 816 703 708
f 816 702 703
f 816 650 702
f 651 702 650
f 651 700 702
f 651 699 700
f 651 652 699
f 699 652 656
f 699 656 698
f 658 698 656
f 703 705 708
f 709 815 708
f 709 715 815
f 815 715 812
f 723 812 715
f 723 715 716
f 723 716 719
f 716 717 719
f 798 741 817
f 798 817 796
f 796 817 818
f 796 818 766
f 796 766 794
f 766 767 794
f 767 774 794
f 766 818 764
f 818 745 764
f 817 745 818
f 743 745 817
f 743 817 741
f 756 764 745
f 756 745 746
f 720 718 732
f 721 720 732
f 530 527 528
f 658 659 677
f 687 688 694
f 518 692 517
f 692 819 517
f 692 691 819
f 820 819 691
f 820 821 819
f 820 822 821
f 820 823 822
f 820 824 823
f 820 691 824
f 690 824 691
f 690 825 824
f 690 683 825
f 690 684 683
f 683 826 825
f 683 682 826
f 826 682 827
f 828 826 827
f 829 826 828
f 829 825 826
f 829 830 825
f 829 831 830
f 829 832 831
f 829 828 832
f 832 828 833
f 834 832 833
f 834 835 832
f 834 836 835
f 834 837 836
f 834 838 837
f 834 833 838
f 839 838 833
f 839 840 838
f 839 841 840
f 839 842 841
f 839 843 842
f 839 833 843
f 828 843 833
f 828 827 843
f 843 827 844
f 842 843 844
f 845 842 844
f 845 374 842
f 845 373 374
f 845 846 373
f 845 847 846
f 845 844 847
f 681 847 844
f 681 674 847
f 674 673 847
f 846 847 673
f 846 673 672
f 848 846 672
f 848 373 846
f 848 367 373
f 366 367 848
f 366 848 671
f 366 671 356
f 366 356 357
f 671 352 356
f 353 356 352
f 848 672 671
f 681 844 827
f 681 827 682
f 374 841 842
f 374 375 841
f 375 849 841
f 376 849 375
f 850 849 376
f 851 849 850
f 840 849 851
f 840 841 849
f 840 851 852
f 840 852 838
f 852 837 838
f 852 853 837
f 854 853 852
f 855 853 854
f 855 856 853
f 855 857 856
f 855 858 857
f 855 859 858
f 855 854 859
f 854 860 859
f 854 861 860
f 854 852 861
f 852 851 861
f 851 862 861
f 851 850 862
f 863 862 850
f 863 864 862
f 863 380 864
f 863 378 380
f 863 850 378
f 378 850 376
f 378 379 380
f 865 864 380
f 865 862 864
f 860 862 865
f 860 861 862
f 860 865 866
f 860 866 859
f 867 859 866
f 858 859 867
f 858 867 868
f 858 868 869
f 857 858 869
f 857 869 870
f 871 857 870
f 856 857 871
f 856 871 836
f 856 836 837
f 856 837 853
f 872 836 871
f 872 835 836
f 873 835 872
f 873 831 835
f 873 874 831
f 873 875 874
f 873 876 875
f 873 872 876
f 872 402 876
f 872 871 402
f 871 870 402
f 401 402 870
f 401 870 877
f 393 401 877
f 392 393 877
f 392 877 878
f 392 878 389
f 392 389 390
f 878 388 389
f 878 868 388
f 878 869 868
f 878 877 869
f 877 870 869
f 388 868 879
f 388 879 387
f 879 384 387
f 880 384 879
f 880 383 384
f 880 865 383
f 880 866 865
f 880 867 866
f 880 879 867
f 879 868 867
f 865 380 383
f 387 384 385
f 876 402 403
f 881 876 403
f 881 875 876
f 881 882 875
f 883 882 881
f 883 884 882
f 883 408 884
f 883 405 408
f 883 404 405
f 883 881 404
f 881 403 404
f 884 408 413
f 884 413 885
f 884 885 886
f 882 884 886
f 887 882 886
f 887 875 882
f 887 874 875
f 887 823 874
f 887 822 823
f 887 886 822
f 888 822 886
f 888 821 822
f 888 889 821
f 890 889 888
f 890 891 889
f 890 892 891
f 890 885 892
f 890 888 885
f 888 886 885
f 892 885 414
f 892 414 893
f 892 893 891
f 436 891 893
f 436 894 891
f 436 437 894
f 472 894 437
f 895 894 472
f 895 896 894
f 895 897 896
f 895 898 897
f 895 899 898
f 895 473 899
f 895 472 473
f 474 899 473
f 474 514 899
f 474 512 514
f 474 475 512
f 512 475 477
f 514 516 899
f 899 516 898
f 517 898 516
f 900 898 517
f 900 897 898
f 900 896 897
f 900 889 896
f 900 821 889
f 900 819 821
f 900 517 819
f 896 889 891
f 896 891 894
f 471 472 437
f 438 471 437
f 438 440 471
f 466 471 440
f 466 440 465
f 440 441 465
f 901 465 441
f 901 460 465
f 901 452 460
f 901 448 452
f 901 447 448
f 901 441 447
f 441 442 447
f 435 436 893
f 435 893 415
f 435 415 902
f 435 902 432
f 902 422 432
f 902 418 422
f 902 416 418
f 415 416 902
f 414 415 893
f 414 885 413
f 874 823 830
f 831 874 830
f 823 824 830
f 830 824 825
f 409 413 408
f 831 832 835
f 334 626 625
f 334 625 332
f 625 326 332
f 625 325 326
f 326 327 332
f 305 617 301
f 305 301 302
f 617 300 301
f 617 611 300
f 300 611 598
f 300 598 299
f 597 600 596
f 266 589 265
f 264 265 588
f 264 588 903
f 264 903 261
f 903 260 261
f 904 260 903
f 904 257 260
f 904 256 257
f 904 905 256
f 904 903 905
f 587 905 903
f 587 906 905
f 587 586 906
f 574 906 586
f 574 572 906
f 255 906 572
f 255 905 906
f 255 256 905
f 255 572 254
f 576 574 586
f 579 576 586
f 588 587 903
f 246 240 241
f 240 565 234
f 234 565 233
f 232 233 564
f 907 232 564
f 907 228 232
f 907 227 228
f 555 227 907
f 555 226 227
f 555 554 226
f 554 225 226
f 554 542 225
f 554 543 542
f 224 225 542
f 224 542 504
f 555 907 556
f 907 564 556
f 557 556 564
f 232 228 229
f 507 524 508
f 201 222 200
f 484 485 493
f 487 493 485
f 487 489 493
f 177 181 188
f 178 181 177
f 455 457 453
f 168 169 171
f 443 444 442
f 117 113 114
f 94 113 78
f 94 78 79
f 362 318 51
f 329 318 362
f 318 258 51
f 289 258 318
f 278 258 289
f 278 289 280
f 279 278 280
f 294 289 318
f 310 294 318
f 309 294 310
f 258 50 51
f 213 50 258
f 163 50 213
f 363 362 364
f 344 354 345
f 345 354 346
f 160 157 158
f 48 49 50
f 43 33 36
f 13 8 11
f 8 9 11
f 8 127 7
f 127 108 7
f 127 109 108
f 7 108 107
f 7 107 5
f 908 5 107
f 908 4 5
f 908 909 4
f 908 107 909
f 107 102 909
f 101 909 102
f 101 3 909
f 99 3 101
f 99 88 3
f 99 101 100
f 4 909 3
f 910 93 79
f 910 86 93
f 910 80 86
f 910 79 80
f 86 80 82
f 93 86 87
f 93 87 89
f 911 912 918
f 911 918 913
f 911 913 914
f 911 914 915
f 911 915 916
f 911 916 917
f 911 917 912
f 912 917 923
f 912 923 929
f 912 929 935
f 912 935 941
f 912 941 947
f 912 947 953
f 912 953 959
f 912 959 965
f 912 965 971
f 912 971 977
f 912 977 985
f 912 985 990
f 912 990 997
f 912 997 1000
f 912 1000 1007
f 912 1007 1014
f 912 1014 1021
f 912 1021 1026
f 912 1026 1029
f 912 1029 1036
f 912 1036 1043
f 912 1043 1046
f 912 1046 1045
f 912 1045 1044
f 912 1044 1037
f 912 1037 1031
f 912 1031 1030
f 912 1030 1023
f 912 1023 1017
f 912 1017 1011
f 912 1011 1008
f 912 1008 1001
f 912 1001 994
f 912 994 988
f 912 988 986
f 912 986 978
f 912 978 972
f 912 972 966
f 912 966 960
f 912 960 954
f 912 954 948
f 912 948 942
f 912 942 936
f 912 936 930
f 912 930 924
f 912 924 918
f 913 918 924
f 913 924 919
f 913 919 920
f 913 920 914
f 914 920 925
f 914 925 931
f 914 931 938
f 914 938 944
f 914 944 950
f 914 950 956
f 914 956 962
f 914 962 968
f 914 968 974
f 914 974 981
f 914 981 989
f 914 989 996
f 914 996 1003
f 914 1003 1009
f 914 1009 1016
f 914 1016 1025
f 914 1025 1033
f 914 1033 1039
f 914 1039 1040
f 914 1040 1034
f 914 1034 1027
f 914 1027 1019
f 914 1019 1012
f 914 1012 1005
f 914 1005 998
f 914 998 992
f 914 992 984
f 914 984 975
f 914 975 969
f 914 969 963
f 914 963 957
f 914 957 951
f 914 951 945
f 914 945 939
f 914 939 933
f 914 933 927
f 914 927 921
f 914 921 915
f 915 921 916
f 916 921 922
f 916 922 923
f 916 923 917
f 919 925 920
f 919 924 930
f 919 930 926
f 919 926 925
f 921 927 922
f 922 927 928
f 922 928 929
f 922 929 923
f 925 926 931
f 926 930 936
f 926 936 932
f 926 932 931
f 927 933 928
f 928 933 934
f 928 934 935
f 928 935 929
f 931 932 937
f 931 937 938
f 932 936 942
f 932 942 937
f 933 939 934
f 934 939 940
f 934 940 941
f 934 941 935
f 937 942 948
f 937 948 943
f 937 943 938
f 938 943 944
f 939 945 940
f 940 946 947
f 940 947 941
f 940 945 946
f 943 948 954
f 943 954 949
f 943 949 944
f 944 949 950
f 945 951 946
f 946 951 952
f 946 952 953
f 946 953 947
f 949 954 960
f 949 960 955
f 949 955 950
f 950 955 956
f 951 957 952
f 952 958 959
f 952 959 953
f 952 957 958
f 955 960 966
f 955 966 961
f 955 961 956
f 956 961 962
f 957 963 958
f 958 964 965
f 958 965 959
f 958 963 964
f 961 966 972
f 961 972 967
f 961 967 962
f 962 967 968
f 963 969 970
f 963 970 964
f 964 970 971
f 964 971 965
f 967 972 978
f 967 978 973
f 967 973 968
f 968 973 974
f 969 975 976
f 969 976 970
f 970 976 977
f 970 977 971
f 973 978 986
f 973 986 979
f 973 979 974
f 974 979 980
f 974 980 981
f 975 982 983
f 975 983 976
f 975 984 982
f 976 983 985
f 976 985 977
f 979 986 988
f 979 988 980
f 980 987 981
f 980 988 994
f 980 994 987
f 981 987 989
f 982 990 985
f 982 985 983
f 982 984 991
f 982 991 997
f 982 997 990
f 984 992 993
f 984 993 991
f 987 994 1001
f 987 1001 995
f 987 995 989
f 989 995 996
f 991 993 1000
f 991 1000 997
f 992 998 999
f 992 999 993
f 993 999 1007
f 993 1007 1000
f 995 1001 1008
f 995 1008 1002
f 995 1002 996
f 996 1002 1004
f 996 1004 1003
f 998 1005 1006
f 998 1006 999
f 999 1006 1014
f 999 1014 1007
f 1002 1008 1011
f 1002 1011 1004
f 1003 1004 1010
f 1003 1010 1009
f 1004 1011 1017
f 1004 1017 1010
f 1005 1012 1013
f 1005 1013 1006
f 1006 1013 1021
f 1006 1021 1014
f 1009 1010 1015
f 1009 1015 1016
f 1010 1017 1023
f 1010 1023 1015
f 1012 1018 1013
f 1012 1019 1020
f 1012 1020 1018
f 1013 1018 1026
f 1013 1026 1021
f 1015 1022 1016
f 1015 1023 1030
f 1015 1030 1022
f 1016 1022 1024
f 1016 1024 1025
f 1018 1020 1029
f 1018 1029 1026
f 1019 1027 1028
f 1019 1028 1020
f 1020 1028 1036
f 1020 1036 1029
f 1022 1030 1031
f 1022 1031 1024
f 1024 1031 1037
f 1024 1037 1032
f 1024 1032 1025
f 1025 1032 1033
f 1027 1034 1035
f 1027 1035 1028
f 1028 1035 1043
f 1028 1043 1036
f 1032 1037 1044
f 1032 1044 1038
f 1032 1038 1033
f 1033 1038 1039
f 1034 1040 1041
f 1034 1041 1042
f 1034 1042 1035
f 1035 1042 1046
f 1035 1046 1043
f 1038 1044 1045
f 1038 1045 1041
f 1038 1041 1039
f 1039 1041 1040
f 1041 1045 1046
f 1041 1046 1042

