# https://github.com/mikedh/trimesh
v -0.01420000 0.01986900 -0.04011600
v -0.01420000 0.01956400 -0.04360200
v -0.01473600 0.01757100 -0.04342800
v -0.01473600 0.02186100 -0.04029000
v -0.01473600 0.02155600 -0.04377600
v -0.01620000 0.02332000 -0.04041700
v -0.01620000 0.02301500 -0.04390400
v -0.01820000 0.02385400 -0.04046400
v -0.01820000 0.02354800 -0.04395100
v -0.02020000 0.02332000 -0.04041700
v -0.02020000 0.02301500 -0.04390400
v -0.02166400 0.02186100 -0.04029000
v -0.02166400 0.02155600 -0.04377600
v -0.02220000 0.01986900 -0.04011600
v -0.02220000 0.01956400 -0.04360200
v -0.02166400 0.01787600 -0.03994100
v -0.02166400 0.01757100 -0.04342800
v -0.02020000 0.01641800 -0.03981400
v -0.02020000 0.01611300 -0.04330000
v -0.01820000 0.01557900 -0.04325400
v -0.01820000 0.01588400 -0.03976700
v -0.01620000 0.01641800 -0.03981400
v -0.01620000 0.01611300 -0.04330000
v -0.01473600 0.01787600 -0.03994100
v -0.02950000 0.02854900 -0.09500000
v -0.02950000 0.00161600 -0.08158200
v -0.02950000 0.02950900 -0.08402300
v -0.02950000 -0.02800000 -0.09500000
v -0.02950000 -0.03034000 -0.08794000
v -0.02950000 -0.00111100 -0.07833200
v -0.02950000 -0.00084200 -0.07986200
v -0.02950000 0.00015700 -0.08105100
v -0.02950000 -0.02800000 -0.09472200
v -0.02950000 -0.02860100 -0.09113500
v -0.02950000 -0.03302400 -0.08548600
v -0.02950000 -0.05149200 -0.06636900
v -0.02950000 -0.03636300 -0.08404200
v -0.02950000 -0.04098700 -0.08226900
v -0.02950000 -0.04503400 -0.07941300
v -0.02950000 -0.04825500 -0.07565000
v -0.02950000 -0.05045300 -0.07121200
v -0.02950000 -0.01800000 0.00000000
v -0.02950000 -0.05673800 -0.00640100
v -0.02950000 -0.05401100 -0.00315100
v -0.02950000 -0.05513500 -0.00347800
v -0.02950000 -0.05604800 -0.00421100
v -0.02950000 -0.05661100 -0.00523700
v -0.02950000 0.05673800 -0.00640100
v -0.02950000 0.05604800 -0.00421100
v -0.02950000 0.05661100 -0.00523700
v -0.02950000 0.05513500 -0.00347800
v -0.02950000 0.05401100 -0.00315100
v -0.02950000 0.05397600 -0.03798000
v -0.02950000 0.04314200 -0.04707000
v -0.02950000 0.05321900 -0.04101600
v -0.02950000 0.05156100 -0.04366900
v -0.02950000 0.04916400 -0.04568000
v -0.02950000 0.04626300 -0.04685200
v -0.02950000 0.01800000 0.00000000
v -0.02950000 0.00492800 -0.04372700
v -0.02950000 0.00376400 -0.04385400
v -0.02950000 0.00273800 -0.04441800
v -0.02950000 0.00200500 -0.04533000
v -0.02950000 0.00167800 -0.04645400
v -0.02650000 -0.05401100 -0.00315100
v -0.02650000 -0.05318200 -0.00689300
v -0.02650000 -0.05351300 -0.00310700
v -0.02650000 -0.05513500 -0.00347800
v -0.02650000 -0.05604800 -0.00421100
v -0.02650000 -0.05661100 -0.00523700
v -0.02650000 -0.05673800 -0.00640100
v -0.02650000 -0.05666900 -0.00719800
v -0.02650000 -0.01000000 0.00000000
v -0.02650000 -0.01330000 -0.00380000
v -0.02650000 -0.01000000 -0.00380000
v -0.02650000 -0.01800000 0.00000000
v -0.02650000 -0.01330000 -0.01000000
v -0.02650000 -0.01000000 -0.01000000
v -0.02650000 -0.01000000 -0.02750000
v -0.02650000 0.01000000 0.00000000
v -0.02650000 0.01330000 -0.00380000
v -0.02650000 0.01800000 0.00000000
v -0.02650000 0.01000000 -0.00380000
v -0.02650000 0.03358900 -0.00136400
v -0.02650000 0.03007000 -0.00487100
v -0.02650000 0.03325800 -0.00514900
v -0.02650000 0.02953000 -0.01104700
v -0.02650000 0.03209000 -0.01849800
v -0.02650000 0.03271800 -0.01132600
v -0.02650000 0.01330000 -0.01000000
v -0.02650000 0.01166800 -0.01671200
v -0.02650000 0.01000000 -0.01000000
v -0.02650000 0.01000000 -0.02750000
v -0.02650000 0.00927200 -0.04410700
v -0.02650000 0.00492800 -0.04372700
v -0.02650000 0.00376400 -0.04385400
v -0.02650000 0.00273800 -0.04441800
v -0.02650000 -0.03119300 -0.02875900
v -0.02650000 0.00167800 -0.04645400
v -0.02650000 0.00200500 -0.04533000
v -0.02650000 -0.02953000 -0.01104700
v -0.02650000 -0.02800000 -0.07899100
v -0.02650000 0.00015700 -0.08105100
v -0.02650000 0.00161600 -0.08158200
v -0.02650000 -0.00084200 -0.07986200
v -0.02650000 -0.00111100 -0.07833200
v -0.02650000 -0.02860100 -0.09113500
v -0.02650000 -0.02800000 -0.09472200
v -0.02650000 -0.03007000 -0.00487100
v -0.02650000 -0.03358900 -0.00136400
v -0.02650000 -0.03325800 -0.00514900
v -0.02650000 -0.04845200 -0.05981200
v -0.02650000 -0.03034000 -0.08794000
v -0.02650000 -0.03271800 -0.01132600
v -0.02650000 -0.03302400 -0.08548600
v -0.02650000 -0.04825500 -0.07565000
v -0.02650000 -0.03636300 -0.08404200
v -0.02650000 -0.04098700 -0.08226900
v -0.02650000 -0.04503400 -0.07941300
v -0.02650000 -0.05019500 -0.03988800
v -0.02650000 -0.05111600 -0.03050200
v -0.02650000 -0.05378100 -0.04020200
v -0.02650000 -0.05612800 -0.01337400
v -0.02650000 -0.05264200 -0.01306900
v -0.02650000 -0.05045300 -0.07121200
v -0.02650000 -0.05149200 -0.06636900
v -0.02650000 -0.05203800 -0.06012600
v 0.00830000 -0.02800000 -0.09472200
v 0.00830000 -0.02860100 -0.09113500
v 0.00830000 -0.02800000 -0.07899100
v 0.00830000 -0.01000000 -0.02750000
v 0.00830000 -0.01330000 -0.01000000
v 0.00830000 -0.01000000 -0.01000000
v 0.00830000 -0.03119300 -0.02875900
v 0.00830000 0.00167800 -0.04645400
v 0.00830000 -0.00111100 -0.07833200
v 0.00830000 -0.00084200 -0.07986200
v 0.00830000 -0.01800000 0.00000000
v 0.00830000 -0.01330000 -0.00380000
v 0.00830000 -0.02953000 -0.01104700
v 0.00830000 0.00015700 -0.08105100
v 0.00830000 0.00161600 -0.08158200
v 0.00830000 -0.03034000 -0.08794000
v 0.00830000 -0.03007000 -0.00487100
v 0.00830000 -0.03358900 -0.00136400
v 0.00830000 -0.03325800 -0.00514900
v 0.00830000 0.00927200 -0.04410700
v 0.00830000 0.01000000 -0.02750000
v 0.00830000 0.01166800 -0.01671200
v 0.00830000 0.00492800 -0.04372700
v 0.00830000 0.00376400 -0.04385400
v 0.00830000 0.00273800 -0.04441800
v 0.00830000 0.00200500 -0.04533000
v 0.00830000 0.03209000 -0.01849800
v 0.00830000 0.02953000 -0.01104700
v 0.00830000 0.03271800 -0.01132600
v 0.00830000 0.01330000 -0.01000000
v 0.00830000 0.01800000 0.00000000
v 0.00830000 0.01000000 -0.01000000
v 0.00830000 0.03007000 -0.00487100
v 0.00830000 0.03358900 -0.00136400
v 0.00830000 0.03325800 -0.00514900
v 0.00830000 0.01330000 -0.00380000
v 0.00830000 0.01000000 0.00000000
v 0.00830000 0.01000000 -0.00380000
v 0.00830000 -0.01000000 0.00000000
v 0.00830000 -0.01000000 -0.00380000
v 0.00830000 -0.05045300 -0.07121200
v 0.00830000 -0.04845200 -0.05981200
v 0.00830000 -0.04825500 -0.07565000
v 0.00830000 -0.05149200 -0.06636900
v 0.00830000 -0.05203800 -0.06012600
v 0.00830000 -0.03636300 -0.08404200
v 0.00830000 -0.03302400 -0.08548600
v 0.00830000 -0.04098700 -0.08226900
v 0.00830000 -0.04503400 -0.07941300
v 0.00830000 -0.05019500 -0.03988800
v 0.00830000 -0.05111600 -0.03050200
v 0.00830000 -0.05378100 -0.04020200
v 0.00830000 -0.05612800 -0.01337400
v 0.00830000 -0.05264200 -0.01306900
v 0.00830000 -0.03271800 -0.01132600
v 0.01130000 0.02950900 -0.08402300
v 0.01130000 0.00161600 -0.08158200
v 0.00830000 -0.05318200 -0.00689300
v 0.00830000 -0.05401100 -0.00315100
v 0.00830000 -0.05351300 -0.00310700
v 0.00830000 -0.05513500 -0.00347800
v 0.00830000 -0.05604800 -0.00421100
v 0.00830000 -0.05661100 -0.00523700
v 0.00830000 -0.05673800 -0.00640100
v 0.00830000 -0.05666900 -0.00719800
v -0.00120000 -0.03355700 -0.00517600
v -0.01700000 -0.03301700 -0.01135200
v -0.01700000 -0.03355700 -0.00517600
v -0.01300000 -0.03152600 -0.02838700
v -0.01300000 -0.03129100 -0.03107700
v -0.02270000 -0.03129100 -0.03107700
v -0.02270000 -0.03150000 -0.02868600
v -0.02400000 -0.03301700 -0.01135200
v -0.02400000 -0.03150000 -0.02868600
v -0.00120000 -0.03301700 -0.01135200
v 0.00380000 -0.03152600 -0.02838700
v 0.00380000 -0.03301700 -0.01135200
v -0.02270000 -0.05102600 -0.03039400
v -0.02400000 -0.05254200 -0.01306000
v -0.02400000 -0.05102600 -0.03039400
v -0.01700000 -0.05254200 -0.01306000
v -0.02270000 -0.05081600 -0.03278500
v -0.01300000 -0.05081600 -0.03278500
v -0.01300000 -0.05105200 -0.03009500
v 0.00380000 -0.05105200 -0.03009500
v -0.00120000 -0.05254200 -0.01306000
v 0.00380000 -0.05254200 -0.01306000
v -0.00120000 -0.05308200 -0.00688400
v -0.01700000 -0.05308200 -0.00688400
v -0.01300000 0.00980000 -0.02980000
v -0.02270000 0.00980000 -0.02740000
v -0.01300000 0.00980000 -0.02710000
v -0.02270000 0.00980000 -0.02980000
v 0.00380000 0.00980000 -0.02710000
v -0.00120000 0.00980000 -0.01000000
v 0.00380000 0.00980000 -0.01000000
v -0.01700000 0.00980000 -0.01000000
v -0.02400000 0.00980000 -0.01000000
v -0.02400000 0.00980000 -0.02740000
v -0.01700000 0.00980000 -0.00380000
v -0.00120000 0.00980000 -0.00380000
v -0.02270000 -0.00980000 -0.02740000
v -0.01700000 -0.00980000 -0.01000000
v -0.02400000 -0.00980000 -0.01000000
v -0.01300000 -0.00980000 -0.02710000
v -0.00120000 -0.00980000 -0.01000000
v 0.00380000 -0.00980000 -0.02710000
v -0.02400000 -0.00980000 -0.02740000
v -0.01300000 -0.00980000 -0.02980000
v -0.02270000 -0.00980000 -0.02980000
v -0.00120000 -0.00980000 -0.00380000
v -0.01700000 -0.00980000 -0.00380000
v 0.00380000 -0.00980000 -0.01000000
v -0.02400000 0.05254200 -0.01306000
v -0.02270000 0.05102600 -0.03039400
v -0.02400000 0.05102600 -0.03039400
v -0.01300000 0.05105200 -0.03009500
v -0.01300000 0.05081600 -0.03278500
v -0.02270000 0.05081600 -0.03278500
v -0.00120000 0.05254200 -0.01306000
v -0.01700000 0.05308200 -0.00688400
v -0.00120000 0.05308200 -0.00688400
v -0.01700000 0.05254200 -0.01306000
v 0.00380000 0.05105200 -0.03009500
v 0.00380000 0.05254200 -0.01306000
v -0.01700000 0.03301700 -0.01135200
v -0.00120000 0.03355700 -0.00517600
v -0.01700000 0.03355700 -0.00517600
v -0.00120000 0.03301700 -0.01135200
v -0.01300000 0.03152600 -0.02838700
v 0.00380000 0.03152600 -0.02838700
v 0.00380000 0.03301700 -0.01135200
v -0.02270000 0.03150000 -0.02868600
v -0.02400000 0.03301700 -0.01135200
v -0.02400000 0.03150000 -0.02868600
v -0.02270000 0.03129100 -0.03107700
v -0.01300000 0.03129100 -0.03107700
v -0.02700000 0.00927200 -0.04410700
v -0.02700000 0.02969400 -0.04589400
v -0.02650000 0.04314200 -0.04707000
v -0.02650000 0.02969400 -0.04589400
v -0.02439200 0.02681000 -0.02044600
v -0.02339800 0.02707800 -0.02046900
v -0.02553600 0.02993300 -0.02071900
v -0.02266900 0.02780300 -0.02053200
v -0.02612200 0.02778900 -0.02053100
v -0.02640000 0.02877700 -0.02061800
v -0.02538800 0.02707000 -0.02046800
v -0.02266100 0.02978600 -0.02070600
v -0.02338300 0.03051800 -0.02077000
v -0.02437500 0.03079400 -0.02079400
v -0.02240000 0.02879400 -0.02061900
v -0.00770000 0.03089900 -0.01879600
v -0.00520000 0.03156600 -0.01885400
v -0.02200000 0.03156600 -0.01885400
v -0.00770000 0.01270800 -0.01720400
v -0.00953000 0.01453100 -0.01736400
v -0.02200000 0.01204100 -0.01714600
v -0.00520000 0.01204100 -0.01714600
v -0.02661900 0.01511600 -0.01741500
v -0.02612200 0.01564400 -0.01746100
v -0.02700000 0.01702200 -0.01758200
v -0.02612200 0.02796300 -0.01853900
v -0.02661900 0.02849100 -0.01858500
v -0.02700000 0.02658500 -0.01841800
v -0.02538800 0.02724400 -0.01847600
v -0.02338300 0.03069200 -0.01877800
v -0.02391300 0.03118700 -0.01882100
v -0.00953000 0.02907600 -0.01863600
v -0.02266100 0.02996000 -0.01871400
v -0.02240000 0.02896800 -0.01862700
v -0.01020000 0.02658500 -0.01841800
v -0.02266900 0.02797800 -0.01854000
v -0.01020000 0.01702200 -0.01758200
v -0.02339800 0.02725200 -0.01847700
v -0.02338300 0.01291500 -0.01722200
v -0.02391300 0.01242000 -0.01717900
v -0.02266100 0.01364700 -0.01728600
v -0.02538800 0.01636300 -0.01752400
v -0.02439200 0.02698400 -0.01845300
v -0.02439200 0.01662300 -0.01754700
v -0.02339800 0.01635500 -0.01752300
v -0.02266900 0.01563000 -0.01746000
v -0.02240000 0.01463900 -0.01737300
v -0.02437500 0.01246400 -0.01919100
v -0.02338300 0.01274100 -0.01921500
v -0.02553600 0.01332500 -0.01926600
v -0.02538800 0.01618900 -0.01951600
v -0.02612200 0.01546900 -0.01945400
v -0.02640000 0.01448100 -0.01936700
v -0.02439200 0.01644900 -0.01953900
v -0.02339800 0.01618100 -0.01951600
v -0.02240000 0.01446500 -0.01936600
v -0.02266900 0.01545500 -0.01945200
v -0.02266100 0.01347200 -0.01927900
v 0.00450000 0.03159200 -0.01855500
v 0.00580000 0.01206700 -0.01684700
v 0.00580000 0.03159200 -0.01855500
v 0.00450000 0.01206700 -0.01684700
v 0.00880000 0.02860400 -0.01829400
v 0.00839800 0.03009800 -0.01842400
v 0.00730000 0.03119200 -0.01852000
v 0.00880000 0.01505600 -0.01710800
v 0.00839800 0.01356100 -0.01697800
v 0.00730000 0.01246700 -0.01688200
v -0.01020000 0.02682100 -0.01572900
v -0.00953000 0.02931100 -0.01594600
v -0.00770000 0.03113400 -0.01610600
v -0.00520000 0.03180200 -0.01616400
v 0.00450000 0.01227600 -0.01445600
v 0.00450000 0.03180200 -0.01616400
v -0.00520000 0.01227600 -0.01445600
v -0.01020000 0.01725700 -0.01489200
v -0.00953000 0.01476700 -0.01467400
v -0.00770000 0.01294400 -0.01451400
v -0.02640000 0.01465600 -0.01737500
v -0.02437500 0.01263900 -0.01719800
v -0.02437500 0.03096800 -0.01880200
v -0.02640000 0.02895100 -0.01862500
v 0.00880000 0.03119300 -0.02875900
v 0.00880000 0.02664300 -0.04070800
v 0.00880000 0.00927200 -0.04410700
v 0.00880000 0.02969400 -0.04589400
v 0.00880000 0.01309500 -0.03952300
v 0.00880000 0.01166800 -0.01671200
v 0.00880000 0.05351300 -0.00310700
v 0.00880000 0.05254200 -0.01306000
v 0.00880000 0.05308200 -0.00688400
v 0.00880000 0.05111600 -0.03050200
v 0.00880000 0.04607100 -0.02965900
v 0.00880000 0.04756100 -0.01262400
v 0.00880000 0.03650700 -0.02882300
v 0.00880000 0.03799800 -0.01178800
v 0.00880000 0.03209000 -0.01849800
v 0.00880000 0.03301700 -0.01135200
v 0.00880000 0.03355700 -0.00517600
v 0.00880000 0.03358900 -0.00136400
v -0.01922400 0.02535200 -0.04410900
v -0.01717600 0.02535200 -0.04410900
v -0.01922400 0.01377500 -0.04309600
v -0.01717600 0.01377500 -0.04309600
v -0.01820000 0.01368600 -0.04308800
v -0.01265600 0.01755300 -0.04342600
v -0.01368000 0.01578600 -0.04327200
v -0.01525000 0.01447400 -0.04315700
v -0.01525000 0.02465400 -0.04404800
v -0.01368000 0.02334200 -0.04393300
v -0.01265600 0.02157400 -0.04377800
v -0.01230000 0.01956400 -0.04360200
v -0.02374400 0.02157400 -0.04377800
v -0.02272000 0.02334200 -0.04393300
v -0.02115000 0.02465400 -0.04404800
v -0.02115000 0.01447400 -0.04315700
v -0.02272000 0.01578600 -0.04327200
v -0.02374400 0.01755300 -0.04342600
v -0.02410000 0.01956400 -0.04360200
v -0.01820000 0.01308600 -0.03962200
v -0.02030100 0.01341700 -0.03965200
v -0.02030100 0.01336500 -0.04024900
v -0.01820000 0.01303400 -0.04022000
v -0.01609900 0.01341700 -0.03965200
v -0.01609900 0.01336500 -0.04024900
v -0.01528700 0.01383000 -0.03968800
v -0.01528700 0.01377700 -0.04028500
v -0.01420300 0.01438000 -0.03973600
v -0.01420300 0.01432700 -0.04033300
v -0.01291200 0.01566500 -0.03984800
v -0.01291200 0.01561300 -0.04044600
v -0.01173300 0.01776700 -0.04003200
v -0.01269900 0.01587800 -0.03986700
v -0.01269900 0.01582600 -0.04046400
v -0.01173300 0.01771400 -0.04063000
v -0.01140000 0.01986000 -0.04021500
v -0.01163800 0.01836300 -0.04008400
v -0.01163800 0.01831100 -0.04068200
v -0.01140000 0.01980800 -0.04081300
v -0.01163800 0.02135700 -0.04034600
v -0.01163800 0.02130400 -0.04094400
v -0.01173300 0.02195300 -0.04039800
v -0.01269900 0.02378900 -0.04116100
v -0.01269900 0.02384200 -0.04056400
v -0.01173300 0.02190100 -0.04099600
v -0.01291200 0.02405500 -0.04058200
v -0.01420300 0.02528800 -0.04129200
v -0.01420300 0.02534000 -0.04069500
v -0.01291200 0.02400200 -0.04118000
v -0.01528700 0.02589000 -0.04074300
v -0.01528700 0.02583800 -0.04134000
v -0.01609900 0.02630200 -0.04077900
v -0.01609900 0.02625000 -0.04137600
v -0.01820000 0.02663400 -0.04080800
v -0.01820000 0.02658200 -0.04140600
v -0.02030100 0.02630200 -0.04077900
v -0.02030100 0.02625000 -0.04137600
v -0.02111300 0.02583800 -0.04134000
v -0.02111300 0.02589000 -0.04074300
v -0.02219700 0.02534000 -0.04069500
v -0.02219700 0.02528800 -0.04129200
v -0.02348800 0.02405500 -0.04058200
v -0.02348800 0.02400200 -0.04118000
v -0.02370100 0.02378900 -0.04116100
v -0.02466700 0.02195300 -0.04039800
v -0.02370100 0.02384200 -0.04056400
v -0.02466700 0.02190100 -0.04099600
v -0.02476200 0.02135700 -0.04034600
v -0.02476200 0.02130400 -0.04094400
v -0.02500000 0.01986000 -0.04021500
v -0.02500000 0.01980800 -0.04081300
v -0.02476200 0.01836300 -0.04008400
v -0.02476200 0.01831100 -0.04068200
v -0.02370100 0.01587800 -0.03986700
v -0.02466700 0.01776700 -0.04003200
v -0.02466700 0.01771400 -0.04063000
v -0.02370100 0.01582600 -0.04046400
v -0.02219700 0.01438000 -0.03973600
v -0.02348800 0.01566500 -0.03984800
v -0.02348800 0.01561300 -0.04044600
v -0.02219700 0.01432700 -0.04033300
v -0.02111300 0.01383000 -0.03968800
v -0.02111300 0.01377700 -0.04028500
v -0.01542400 0.01431500 -0.04304300
v -0.01541200 0.01450600 -0.04044900
v -0.01715800 0.01368600 -0.04298800
v -0.01820000 0.01382200 -0.04039000
v -0.01520000 0.01439600 -0.04305000
v -0.01360400 0.01573000 -0.04316600
v -0.01326200 0.01640400 -0.04061500
v -0.01332400 0.01621300 -0.04320900
v -0.01256200 0.01752800 -0.04332400
v -0.01224400 0.01907800 -0.04084900
v -0.01232500 0.01886600 -0.04344100
v -0.01220000 0.01979900 -0.04091200
v -0.01220000 0.01957200 -0.04350300
v -0.01259000 0.02191800 -0.04109800
v -0.01256200 0.02161700 -0.04368100
v -0.01260200 0.02168500 -0.04368700
v -0.01360400 0.02341400 -0.04383900
v -0.01422100 0.02427300 -0.04130400
v -0.01427800 0.02397800 -0.04388800
v -0.01520000 0.02474900 -0.04395600
v -0.01676400 0.02560200 -0.04142000
v -0.01715800 0.02545900 -0.04401800
v -0.01963600 0.02560200 -0.04142000
v -0.01924200 0.02545900 -0.04401800
v -0.01678400 0.02532300 -0.04400600
v -0.01961600 0.02532300 -0.04400600
v -0.02120000 0.02474900 -0.04395600
v -0.02217900 0.02427300 -0.04130400
v -0.02212200 0.02397800 -0.04388800
v -0.02279600 0.02341400 -0.04383900
v -0.02381000 0.02191800 -0.04109800
v -0.02415600 0.01907800 -0.04084900
v -0.02383800 0.02161700 -0.04368100
v -0.02420000 0.01957200 -0.04350300
v -0.02379800 0.02168500 -0.04368700
v -0.02407500 0.01886600 -0.04344100
v -0.02383800 0.01752800 -0.04332400
v -0.02313800 0.01640400 -0.04061500
v -0.02120000 0.01439600 -0.04305000
v -0.02098800 0.01450600 -0.04044900
v -0.02279600 0.01573000 -0.04316600
v -0.02307600 0.01621300 -0.04320900
v -0.02097600 0.01431500 -0.04304300
v -0.01924200 0.01368600 -0.04298800
v -0.01820000 0.01359500 -0.04298000
v -0.01613000 0.02614700 -0.04146800
v -0.02213800 0.02519900 -0.04138500
v -0.02027000 0.02614700 -0.04146800
v -0.01820000 0.02647400 -0.04149600
v -0.02213800 0.01439900 -0.04044000
v -0.02362000 0.01587600 -0.04056900
v -0.02457200 0.01773600 -0.04073200
v -0.02490000 0.01979900 -0.04091200
v -0.02457200 0.02186200 -0.04109300
v -0.02362000 0.02372200 -0.04125600
v -0.01613000 0.01345100 -0.04035700
v -0.01820000 0.01312400 -0.04032800
v -0.02027000 0.01345100 -0.04035700
v -0.01426200 0.02519900 -0.04138500
v -0.01278000 0.02372200 -0.04125600
v -0.01182800 0.02186200 -0.04109300
v -0.01150000 0.01979900 -0.04091200
v -0.01182800 0.01773600 -0.04073200
v -0.01278000 0.01587600 -0.04056900
v -0.01426200 0.01439900 -0.04044000
v -0.02027000 0.01352100 -0.03956000
v -0.02200000 0.01010600 -0.03926100
v -0.02213800 0.01446900 -0.03964300
v -0.01150000 0.01986900 -0.04011600
v -0.01182800 0.01780600 -0.03993500
v -0.02200000 0.02963100 -0.04097000
v -0.02027000 0.02621600 -0.04067100
v -0.02391300 0.02925200 -0.04093600
v -0.02213800 0.02526800 -0.04058800
v -0.02553600 0.02817200 -0.04084200
v -0.02362000 0.02379200 -0.04045900
v -0.02661900 0.02655700 -0.04070100
v -0.02700000 0.02465000 -0.04053400
v -0.01820000 0.01319400 -0.03953200
v -0.01613000 0.01352100 -0.03956000
v 0.00580000 0.01010600 -0.03926100
v -0.01182800 0.02193100 -0.04029600
v 0.00839800 0.02813700 -0.04083900
v 0.00580000 0.02963100 -0.04097000
v -0.01278000 0.02379200 -0.04045900
v -0.01426200 0.02526800 -0.04058800
v -0.01613000 0.02621600 -0.04067100
v -0.01820000 0.02654300 -0.04070000
v -0.01426200 0.01446900 -0.03964300
v -0.01278000 0.01594600 -0.03977200
v 0.00730000 0.01050600 -0.03929600
v 0.00839800 0.01160000 -0.03939200
v 0.00730000 0.02923100 -0.04093500
v -0.02457200 0.02193100 -0.04029600
v -0.02490000 0.01986900 -0.04011600
v -0.02700000 0.01508700 -0.03969700
v -0.02457200 0.01780600 -0.03993500
v -0.02661900 0.01318100 -0.03953000
v -0.02362000 0.01594600 -0.03977200
v -0.02553600 0.01156500 -0.03938900
v -0.02391300 0.01048500 -0.03929500
v -0.02700000 0.00980000 0.00170000
v -0.02150000 0.00750000 0.00170000
v -0.02150000 0.00980000 0.00170000
v -0.02150000 -0.00750000 0.00170000
v -0.02700000 -0.00980000 0.00170000
v -0.02150000 -0.00980000 0.00170000
v -0.01600000 0.00500000 0.00170000
v -0.01600000 0.00750000 0.00170000
v -0.01600000 -0.00500000 0.00170000
v -0.01600000 -0.00750000 0.00170000
v -0.01450000 -0.00500000 0.00170000
v -0.01450000 0.00500000 0.00170000
v -0.01450000 0.00500000 -0.00380000
v -0.01600000 0.00500000 -0.00380000
v -0.01600000 0.00750000 -0.00380000
v -0.02150000 0.00750000 -0.00380000
v -0.02150000 0.00980000 -0.00380000
v -0.02700000 -0.00980000 0.00000000
v -0.02700000 0.00980000 0.00000000
v -0.02150000 -0.00750000 -0.00380000
v -0.02150000 -0.00980000 -0.00380000
v -0.01600000 -0.00750000 -0.00380000
v -0.01600000 -0.00500000 -0.00380000
v -0.01450000 -0.00500000 -0.00380000
v -0.02150000 -0.03632800 0.00010300
v -0.02150000 -0.03403600 0.00030300
v -0.02700000 -0.03403600 0.00030300
v -0.01600000 -0.05127100 -0.00120400
v -0.01600000 -0.04878000 -0.00098600
v -0.02150000 -0.05127100 -0.00120400
v -0.02150000 -0.05356200 -0.00140500
v -0.02700000 -0.05356200 -0.00140500
v -0.01600000 -0.03881800 -0.00011500
v -0.01450000 -0.04878000 -0.00098600
v -0.01450000 -0.03881800 -0.00011500
v -0.01600000 -0.03632800 0.00010300
v -0.01450000 -0.03833900 -0.00559400
v -0.01600000 -0.03833900 -0.00559400
v -0.01600000 -0.03584800 -0.00537600
v -0.02150000 -0.03584800 -0.00537600
v -0.02150000 -0.03355700 -0.00517600
v -0.02700000 -0.05341400 -0.00309800
v -0.02700000 -0.03388800 -0.00139000
v -0.02150000 -0.05308200 -0.00688400
v -0.02150000 -0.05079100 -0.00668300
v -0.01600000 -0.05079100 -0.00668300
v -0.01600000 -0.04830100 -0.00646500
v -0.01450000 -0.04830100 -0.00646500
v -0.02150000 0.05127100 -0.00120400
v -0.02150000 0.05356200 -0.00140500
v -0.02700000 0.05356200 -0.00140500
v -0.01600000 0.03632800 0.00010300
v -0.01600000 0.03881800 -0.00011500
v -0.02150000 0.03632800 0.00010300
v -0.02150000 0.03403600 0.00030300
v -0.02700000 0.03403600 0.00030300
v -0.01600000 0.04878000 -0.00098600
v -0.01450000 0.03881800 -0.00011500
v -0.01450000 0.04878000 -0.00098600
v -0.01600000 0.05127100 -0.00120400
v -0.01450000 0.04830100 -0.00646500
v -0.01600000 0.04830100 -0.00646500
v -0.01600000 0.05079100 -0.00668300
v -0.02150000 0.05079100 -0.00668300
v -0.02150000 0.05308200 -0.00688400
v -0.02700000 0.05341400 -0.00309800
v -0.02700000 0.03388800 -0.00139000
v -0.02150000 0.03584800 -0.00537600
v -0.02150000 0.03355700 -0.00517600
v -0.01600000 0.03584800 -0.00537600
v -0.01600000 0.03833900 -0.00559400
v -0.01450000 0.03833900 -0.00559400
v -0.01050000 -0.03219400 -0.02844500
v -0.00867000 -0.03401700 -0.02860500
v 0.00733600 -0.03298500 -0.02851500
v 0.00841900 -0.03460100 -0.02865600
v -0.00800000 -0.03650700 -0.02882300
v -0.01050000 -0.05038400 -0.03003700
v -0.00867000 -0.04856100 -0.02987700
v -0.00800000 -0.04607100 -0.02965900
v 0.00813000 -0.04856100 -0.02987700
v 0.00630000 -0.05038400 -0.03003700
v 0.00880000 -0.04607100 -0.02965900
v 0.00880000 -0.03650700 -0.02882300
v 0.00571300 -0.03190600 -0.02842000
v -0.02659800 -0.03299400 -0.02881600
v -0.02550000 -0.03190100 -0.02872100
v -0.02700000 -0.03448900 -0.02894700
v -0.02700000 -0.04803700 -0.03013300
v -0.02659800 -0.04953100 -0.03026300
v -0.02550000 -0.05062500 -0.03035900
v -0.00800000 -0.03627200 -0.03151200
v -0.00867000 -0.03378200 -0.03129400
v -0.01050000 -0.03195800 -0.03113500
v -0.00800000 -0.04583600 -0.03234900
v -0.00867000 -0.04832600 -0.03256700
v -0.01050000 -0.05014900 -0.03272600
v -0.02700000 -0.03301700 -0.01135200
v -0.02700000 -0.03600500 -0.01161400
v -0.02700000 -0.03358900 -0.00136400
v -0.02700000 -0.03119300 -0.02875900
v -0.02700000 -0.05111600 -0.03050200
v -0.02700000 -0.05254200 -0.01306000
v -0.02700000 -0.04955400 -0.01279900
v -0.02700000 -0.05351300 -0.00310700
v 0.00782500 -0.04209000 -0.00100300
v 0.00647200 -0.03906200 -0.00073900
v -0.00730800 -0.04698800 -0.00143200
v 0.00400000 -0.03684500 -0.00054500
v 0.00083600 -0.03582100 -0.00045500
v -0.00535300 -0.03782400 -0.00063000
v -0.00730800 -0.04050500 -0.00086500
v -0.00800000 -0.04374700 -0.00114800
v -0.00247200 -0.03616700 -0.00048500
v 0.00083600 -0.05167300 -0.00184200
v 0.00400000 -0.05064900 -0.00175200
v -0.00247200 -0.05132600 -0.00181100
v 0.00647200 -0.04843100 -0.00155800
v -0.00535300 -0.04966900 -0.00166700
v 0.00782500 -0.04540400 -0.00129300
v 0.00500000 -0.04357200 -0.00314100
v 0.00782500 -0.04523000 -0.00328600
v 0.00433000 -0.04606300 -0.00335900
v 0.00647200 -0.04825700 -0.00355100
v 0.00250000 -0.04788600 -0.00351800
v 0.00400000 -0.05047400 -0.00374500
v 0.00000000 -0.04855400 -0.00357700
v 0.00083600 -0.05149800 -0.00383400
v -0.00250000 -0.04788600 -0.00351800
v -0.00247200 -0.05115200 -0.00380400
v -0.00535300 -0.04949500 -0.00365900
v -0.00433000 -0.04606300 -0.00335900
v -0.00730800 -0.04681400 -0.00342400
v -0.00500000 -0.04357200 -0.00314100
v -0.00800000 -0.04357200 -0.00314100
v -0.00433000 -0.04108200 -0.00292300
v -0.00730800 -0.04033100 -0.00285700
v -0.00250000 -0.03925900 -0.00276300
v -0.00535300 -0.03765000 -0.00262300
v -0.00247200 -0.03599300 -0.00247800
v 0.00000000 -0.03859200 -0.00270500
v 0.00083600 -0.03564700 -0.00244700
v 0.00250000 -0.03925900 -0.00276300
v 0.00400000 -0.03667100 -0.00253700
v 0.00433000 -0.04108200 -0.00292300
v 0.00647200 -0.03888800 -0.00273100
v 0.00782500 -0.04191600 -0.00299600
v -0.00500000 -0.04352900 -0.00363900
v -0.00433000 -0.04602000 -0.00385700
v -0.00250000 -0.04784300 -0.00401600
v 0.00000000 -0.04851000 -0.00407500
v 0.00250000 -0.04784300 -0.00401600
v 0.00433000 -0.04602000 -0.00385700
v 0.00500000 -0.04352900 -0.00363900
v 0.00433000 -0.04103800 -0.00342100
v 0.00250000 -0.03921500 -0.00326100
v 0.00000000 -0.03854800 -0.00320300
v -0.00250000 -0.03921500 -0.00326100
v -0.00433000 -0.04103800 -0.00342100
v -0.00563800 -0.04147600 -0.00356000
v -0.00531300 -0.04054200 -0.00578700
v -0.00600000 -0.04332000 -0.00603000
v -0.00336700 -0.03865000 -0.00331200
v -0.00340800 -0.03840100 -0.00559900
v -0.00459600 -0.03967800 -0.00340200
v -0.00523800 -0.04078600 -0.00349900
v -0.00300000 -0.03834400 -0.00328600
v -0.00104200 -0.03763400 -0.00322300
v -0.00072300 -0.03738600 -0.00551100
v 0.00104200 -0.03763400 -0.00322300
v 0.00212800 -0.03773100 -0.00554100
v 0.00447400 -0.03957600 -0.00339300
v 0.00449100 -0.03935600 -0.00568300
v 0.00300000 -0.03834400 -0.00328600
v 0.00209700 -0.03801600 -0.00325700
v 0.00459600 -0.03967800 -0.00340200
v 0.00563800 -0.04147600 -0.00356000
v 0.00582600 -0.04188900 -0.00590500
v 0.00574900 -0.04210300 -0.00361400
v 0.00582600 -0.04475000 -0.00615500
v 0.00600000 -0.04352000 -0.00373800
v 0.00563800 -0.04556500 -0.00391700
v 0.00459600 -0.04736200 -0.00407500
v 0.00449100 -0.04728300 -0.00637600
v 0.00574900 -0.04493700 -0.00386200
v 0.00447400 -0.04746400 -0.00408400
v 0.00300000 -0.04869700 -0.00419100
v 0.00212800 -0.04890800 -0.00651900
v 0.00104200 -0.04940700 -0.00425300
v -0.00072300 -0.04925300 -0.00654900
v 0.00209700 -0.04902400 -0.00422000
v -0.00104200 -0.04940700 -0.00425300
v -0.00300000 -0.04869700 -0.00419100
v -0.00340800 -0.04823900 -0.00646000
v -0.00336700 -0.04839000 -0.00416500
v -0.00459600 -0.04736200 -0.00407500
v -0.00531300 -0.04609800 -0.00627300
v -0.00523800 -0.04625500 -0.00397800
v -0.00563800 -0.04556500 -0.00391700
v -0.00600000 -0.04352000 -0.00373800
v 0.00102500 -0.04931700 -0.00414500
v 0.00295000 -0.04861900 -0.00408400
v 0.00452000 -0.03975100 -0.00330800
v 0.00295000 -0.03843900 -0.00319400
v -0.00452000 -0.04730700 -0.00396900
v -0.00295000 -0.04861900 -0.00408400
v -0.00102500 -0.04931700 -0.00414500
v 0.00452000 -0.04730700 -0.00396900
v 0.00554400 -0.04553900 -0.00381500
v 0.00590000 -0.04352900 -0.00363900
v 0.00554400 -0.04151900 -0.00346300
v 0.00102500 -0.03774100 -0.00313200
v -0.00102500 -0.03774100 -0.00313200
v -0.00295000 -0.03843900 -0.00319400
v -0.00452000 -0.03975100 -0.00330800
v -0.00554400 -0.04151900 -0.00346300
v -0.00590000 -0.04352900 -0.00363900
v -0.00554400 -0.04553900 -0.00381500
v -0.02650000 -0.05308200 -0.00688400
v -0.02650000 -0.05254200 -0.01306000
v 0.00830000 -0.03301700 -0.01135200
v 0.00830000 -0.03355700 -0.00517600
v 0.00880000 -0.04756100 -0.01262400
v 0.00880000 -0.05254200 -0.01306000
v 0.00813000 -0.05005200 -0.01284200
v -0.00120000 -0.05612800 -0.01337400
v 0.00630000 -0.05187500 -0.01300200
v 0.00830000 -0.05254200 -0.01306000
v -0.00120000 -0.02953000 -0.01104700
v 0.00571300 -0.03339600 -0.01138500
v 0.00733600 -0.03447600 -0.01148000
v 0.00841900 -0.03609200 -0.01162100
v 0.00880000 -0.03301700 -0.01135200
v 0.00880000 -0.03799800 -0.01178800
v -0.02659800 -0.03451100 -0.01148300
v -0.01700000 -0.02953000 -0.01104700
v -0.02550000 -0.03341700 -0.01138700
v -0.02650000 -0.03301700 -0.01135200
v -0.01700000 -0.05612800 -0.01337400
v -0.02550000 -0.05214200 -0.01302500
v -0.02659800 -0.05104800 -0.01293000
v -0.01700000 -0.05666900 -0.00719800
v 0.00880000 -0.03355700 -0.00517600
v 0.00830000 -0.05308200 -0.00688400
v 0.00880000 -0.05308200 -0.00688400
v -0.01700000 -0.03007000 -0.00487100
v -0.02650000 -0.03355700 -0.00517600
v -0.00120000 -0.03007000 -0.00487100
v -0.00120000 -0.05666900 -0.00719800
v -0.00800000 0.00480000 -0.02710000
v 0.00880000 0.00480000 -0.02710000
v 0.00880000 -0.00480000 -0.02710000
v 0.00813000 -0.00730000 -0.02710000
v -0.00800000 -0.00480000 -0.02710000
v 0.00630000 -0.00913000 -0.02710000
v 0.00841900 0.00671300 -0.02710000
v 0.00733600 0.00833600 -0.02710000
v 0.00571300 0.00941900 -0.02710000
v -0.00838100 -0.00671300 -0.02710000
v -0.00946400 -0.00833600 -0.02710000
v -0.01108700 -0.00941900 -0.02710000
v -0.00867000 0.00730000 -0.02710000
v -0.01050000 0.00913000 -0.02710000
v -0.02700000 -0.00680000 -0.02740000
v -0.02700000 0.00680000 -0.02740000
v -0.02550000 -0.00939800 -0.02740000
v -0.02659800 -0.00830000 -0.02740000
v -0.02514800 0.00957200 -0.02740000
v -0.02612100 0.00892100 -0.02740000
v -0.02677200 0.00794800 -0.02740000
v -0.00867000 0.00730000 -0.02980000
v -0.00800000 0.00480000 -0.02980000
v -0.01050000 0.00913000 -0.02980000
v -0.00800000 -0.00480000 -0.02980000
v -0.00838100 -0.00671300 -0.02980000
v -0.00946400 -0.00833600 -0.02980000
v -0.01108700 -0.00941900 -0.02980000
v -0.02700000 -0.01000000 0.00000000
v -0.02700000 -0.00980000 -0.01000000
v -0.02700000 -0.00680000 -0.01000000
v -0.02700000 0.00980000 -0.01000000
v -0.02700000 0.01000000 0.00000000
v -0.02700000 0.01000000 -0.02750000
v -0.02700000 0.00680000 -0.01000000
v -0.02700000 -0.01000000 -0.02750000
v 0.00782500 0.00166300 0.00110000
v 0.00782500 -0.00166300 0.00110000
v 0.00800000 0.00000000 0.00110000
v 0.00647200 0.00470200 0.00110000
v 0.00647200 -0.00470200 0.00110000
v 0.00400000 0.00692800 0.00110000
v 0.00400000 -0.00692800 0.00110000
v 0.00083600 0.00795600 0.00110000
v 0.00083600 -0.00795600 0.00110000
v -0.00247200 0.00760800 0.00110000
v -0.00247200 -0.00760800 0.00110000
v -0.00535300 0.00594500 0.00110000
v -0.00535300 -0.00594500 0.00110000
v -0.00730800 0.00325400 0.00110000
v -0.00730800 -0.00325400 0.00110000
v -0.00800000 0.00000000 0.00110000
v 0.00433000 -0.00250000 -0.00090000
v 0.00782500 -0.00166300 -0.00090000
v 0.00647200 -0.00470200 -0.00090000
v 0.00500000 0.00000000 -0.00090000
v 0.00782500 0.00166300 -0.00090000
v 0.00433000 0.00250000 -0.00090000
v 0.00250000 -0.00433000 -0.00090000
v 0.00400000 -0.00692800 -0.00090000
v 0.00083600 -0.00795600 -0.00090000
v 0.00000000 -0.00500000 -0.00090000
v -0.00247200 -0.00760800 -0.00090000
v -0.00250000 -0.00433000 -0.00090000
v -0.00535300 -0.00594500 -0.00090000
v -0.00730800 -0.00325400 -0.00090000
v -0.00433000 -0.00250000 -0.00090000
v 0.00647200 0.00470200 -0.00090000
v 0.00250000 0.00433000 -0.00090000
v 0.00400000 0.00692800 -0.00090000
v 0.00083600 0.00795600 -0.00090000
v 0.00000000 0.00500000 -0.00090000
v -0.00247200 0.00760800 -0.00090000
v -0.00250000 0.00433000 -0.00090000
v -0.00535300 0.00594500 -0.00090000
v -0.00433000 0.00250000 -0.00090000
v -0.00730800 0.00325400 -0.00090000
v -0.00500000 0.00000000 -0.00090000
v -0.00800000 0.00000000 -0.00090000
v -0.00500000 0.00000000 -0.00140000
v -0.00433000 0.00250000 -0.00140000
v -0.00433000 -0.00250000 -0.00140000
v -0.00250000 -0.00433000 -0.00140000
v 0.00000000 -0.00500000 -0.00140000
v 0.00250000 -0.00433000 -0.00140000
v 0.00433000 -0.00250000 -0.00140000
v 0.00500000 0.00000000 -0.00140000
v 0.00433000 0.00250000 -0.00140000
v 0.00250000 0.00433000 -0.00140000
v 0.00000000 0.00500000 -0.00140000
v -0.00250000 0.00433000 -0.00140000
v 0.00600000 0.00000000 -0.00380000
v 0.00563800 -0.00205200 -0.00150000
v 0.00531300 -0.00278800 -0.00380000
v 0.00340800 -0.00493800 -0.00380000
v 0.00459600 -0.00385700 -0.00150000
v 0.00336700 -0.00488800 -0.00150000
v 0.00523800 -0.00274500 -0.00150000
v 0.00300000 -0.00519600 -0.00150000
v 0.00104200 -0.00590900 -0.00150000
v 0.00072300 -0.00595600 -0.00380000
v -0.00104200 -0.00590900 -0.00150000
v -0.00212800 -0.00561000 -0.00380000
v -0.00300000 -0.00519600 -0.00150000
v -0.00447400 -0.00395900 -0.00150000
v -0.00449100 -0.00397900 -0.00380000
v -0.00209700 -0.00552500 -0.00150000
v -0.00574900 0.00142200 -0.00150000
v -0.00582600 0.00143600 -0.00380000
v -0.00600000 0.00000000 -0.00150000
v -0.00600000 0.00000000 -0.00380000
v -0.00574900 -0.00142200 -0.00150000
v -0.00582600 -0.00143600 -0.00380000
v -0.00563800 -0.00205200 -0.00150000
v -0.00459600 -0.00385700 -0.00150000
v -0.00563800 0.00205200 -0.00150000
v -0.00459600 0.00385700 -0.00150000
v -0.00449100 0.00397900 -0.00380000
v -0.00447400 0.00395900 -0.00150000
v -0.00300000 0.00519600 -0.00150000
v -0.00212800 0.00561000 -0.00380000
v -0.00209700 0.00552500 -0.00150000
v -0.00104200 0.00590900 -0.00150000
v 0.00072300 0.00595600 -0.00380000
v 0.00300000 0.00519600 -0.00150000
v 0.00340800 0.00493800 -0.00380000
v 0.00104200 0.00590900 -0.00150000
v 0.00336700 0.00488800 -0.00150000
v 0.00459600 0.00385700 -0.00150000
v 0.00531300 0.00278800 -0.00380000
v 0.00523800 0.00274500 -0.00150000
v 0.00563800 0.00205200 -0.00150000
v 0.00600000 0.00000000 -0.00150000
v 0.00590000 0.00000000 -0.00140000
v 0.00554400 0.00201800 -0.00140000
v 0.00554400 -0.00201800 -0.00140000
v 0.00452000 0.00379200 -0.00140000
v 0.00295000 0.00511000 -0.00140000
v 0.00102500 0.00581000 -0.00140000
v -0.00102500 0.00581000 -0.00140000
v -0.00295000 0.00511000 -0.00140000
v -0.00452000 0.00379200 -0.00140000
v -0.00554400 0.00201800 -0.00140000
v 0.00452000 -0.00379200 -0.00140000
v 0.00295000 -0.00511000 -0.00140000
v 0.00102500 -0.00581000 -0.00140000
v -0.00102500 -0.00581000 -0.00140000
v -0.00295000 -0.00511000 -0.00140000
v -0.00452000 -0.00379200 -0.00140000
v -0.00554400 -0.00201800 -0.00140000
v -0.00590000 0.00000000 -0.00140000
v -0.02650000 -0.00980000 -0.00380000
v -0.02650000 -0.00980000 -0.01000000
v 0.00830000 0.00980000 -0.00380000
v 0.00830000 0.00980000 -0.01000000
v 0.00630000 -0.00913000 -0.01000000
v 0.00830000 -0.00980000 -0.01000000
v 0.00813000 -0.00730000 -0.01000000
v -0.00120000 -0.01330000 -0.01000000
v 0.00880000 -0.00980000 -0.01000000
v 0.00880000 -0.00480000 -0.01000000
v 0.00841900 0.00671300 -0.01000000
v 0.00880000 0.00980000 -0.01000000
v 0.00880000 0.00480000 -0.01000000
v 0.00733600 0.00833600 -0.01000000
v 0.00571300 0.00941900 -0.01000000
v -0.00120000 0.01330000 -0.01000000
v -0.02612100 0.00892100 -0.01000000
v -0.02677200 0.00794800 -0.01000000
v -0.02650000 0.00980000 -0.01000000
v -0.01700000 0.01330000 -0.01000000
v -0.02514800 0.00957200 -0.01000000
v -0.01700000 -0.01330000 -0.01000000
v -0.02550000 -0.00939800 -0.01000000
v -0.02659800 -0.00830000 -0.01000000
v -0.01700000 -0.01330000 -0.00380000
v -0.01700000 0.01330000 -0.00380000
v -0.02650000 0.00980000 -0.00380000
v -0.00120000 0.01330000 -0.00380000
v 0.00830000 -0.00980000 -0.00380000
v 0.00880000 -0.00980000 -0.00380000
v 0.00880000 0.00980000 -0.00380000
v -0.00120000 -0.01330000 -0.00380000
v 0.00733600 0.04959300 -0.02996800
v 0.00841900 0.04797700 -0.02982600
v -0.00800000 0.04607100 -0.02965900
v -0.01050000 0.05038400 -0.03003700
v -0.00867000 0.04856100 -0.02987700
v -0.01050000 0.03219400 -0.02844500
v -0.00867000 0.03401700 -0.02860500
v 0.00571300 0.03190600 -0.02842000
v -0.00800000 0.03650700 -0.02882300
v 0.00733600 0.03298500 -0.02851500
v 0.00841900 0.03460100 -0.02865600
v 0.00571300 0.05067300 -0.03006200
v -0.02659800 0.04953100 -0.03026300
v -0.02550000 0.05062500 -0.03035900
v -0.02700000 0.04803700 -0.03013300
v -0.02700000 0.03448900 -0.02894700
v -0.02659800 0.03299400 -0.02881600
v -0.02550000 0.03190100 -0.02872100
v -0.00800000 0.04583600 -0.03234900
v -0.00867000 0.04832600 -0.03256700
v -0.01050000 0.05014900 -0.03272600
v -0.00867000 0.03378200 -0.03129400
v -0.01050000 0.03195800 -0.03113500
v -0.00800000 0.03627200 -0.03151200
v -0.02700000 0.03358900 -0.00136400
v -0.02700000 0.03301700 -0.01135200
v -0.02700000 0.03209000 -0.01849800
v -0.02700000 0.03600500 -0.01161400
v -0.02700000 0.05254200 -0.01306000
v -0.02700000 0.05351300 -0.00310700
v -0.02700000 0.05111600 -0.03050200
v -0.02700000 0.04955400 -0.01279900
v -0.02700000 0.03119300 -0.02875900
v -0.02700000 0.01166800 -0.01671200
v 0.00594500 0.03841400 -0.00068200
v 0.00760800 0.04128400 -0.00093300
v -0.00795600 0.04458000 -0.00122100
v 0.00800000 0.04374700 -0.00114800
v 0.00795600 0.04458000 -0.00122100
v -0.00325400 0.03646600 -0.00051100
v 0.00000000 0.03577700 -0.00045100
v -0.00594500 0.03841400 -0.00068200
v 0.00692800 0.04773200 -0.00149700
v 0.00470200 0.05019400 -0.00171200
v 0.00166300 0.05154200 -0.00183000
v -0.00166300 0.05154200 -0.00183000
v -0.00470200 0.05019400 -0.00171200
v -0.00760800 0.04128400 -0.00093300
v 0.00325400 0.03646600 -0.00051100
v -0.00692800 0.04773200 -0.00149700
v -0.00500000 0.04357200 -0.00314100
v -0.00433000 0.04108200 -0.00292300
v -0.00760800 0.04111000 -0.00292500
v -0.00795600 0.04440600 -0.00321400
v -0.00433000 0.04606300 -0.00335900
v -0.00692800 0.04755700 -0.00348900
v -0.00250000 0.04788600 -0.00351800
v -0.00470200 0.05002000 -0.00370500
v 0.00000000 0.04855400 -0.00357700
v 0.00433000 0.04108200 -0.00292300
v 0.00594500 0.03824000 -0.00267400
v 0.00250000 0.03925900 -0.00276300
v 0.00325400 0.03629200 -0.00250400
v 0.00000000 0.03859200 -0.00270500
v 0.00000000 0.03560300 -0.00244300
v -0.00250000 0.03925900 -0.00276300
v -0.00325400 0.03629200 -0.00250400
v -0.00594500 0.03824000 -0.00267400
v -0.00166300 0.05136800 -0.00382300
v 0.00166300 0.05136800 -0.00382300
v 0.00250000 0.04788600 -0.00351800
v 0.00470200 0.05002000 -0.00370500
v 0.00433000 0.04606300 -0.00335900
v 0.00692800 0.04755700 -0.00348900
v 0.00500000 0.04357200 -0.00314100
v 0.00795600 0.04440600 -0.00321400
v 0.00760800 0.04111000 -0.00292500
v 0.00000000 0.03854800 -0.00320300
v 0.00250000 0.03921500 -0.00326100
v 0.00433000 0.04103800 -0.00342100
v 0.00500000 0.04352900 -0.00363900
v 0.00433000 0.04602000 -0.00385700
v 0.00250000 0.04784300 -0.00401600
v 0.00000000 0.04851000 -0.00407500
v -0.00250000 0.04784300 -0.00401600
v -0.00433000 0.04602000 -0.00385700
v -0.00500000 0.04352900 -0.00363900
v -0.00433000 0.04103800 -0.00342100
v -0.00250000 0.03921500 -0.00326100
v 0.00531300 0.04054200 -0.00578700
v 0.00590900 0.04248200 -0.00364800
v 0.00527800 0.04075500 -0.00349700
v 0.00600000 0.04332000 -0.00603000
v 0.00519600 0.04053200 -0.00347700
v 0.00385700 0.03894200 -0.00333800
v 0.00340800 0.03840100 -0.00559900
v 0.00337300 0.03866300 -0.00331400
v 0.00072300 0.03738600 -0.00551100
v 0.00205200 0.03790400 -0.00324700
v 0.00070900 0.03766800 -0.00322600
v 0.00000000 0.03734300 -0.00550700
v 0.00000000 0.03754300 -0.00321600
v -0.00212800 0.03773100 -0.00554100
v -0.00205200 0.03790400 -0.00324700
v -0.00212100 0.03794300 -0.00325100
v -0.00385700 0.03894200 -0.00333800
v -0.00449100 0.03935600 -0.00568300
v -0.00519600 0.04053200 -0.00347700
v -0.00577200 0.04210900 -0.00361500
v -0.00582600 0.04188900 -0.00590500
v -0.00442300 0.03961400 -0.00339700
v -0.00590900 0.04248200 -0.00364800
v -0.00590900 0.04455800 -0.00382900
v -0.00582600 0.04475000 -0.00615500
v -0.00577200 0.04493100 -0.00386200
v -0.00519600 0.04650900 -0.00400000
v -0.00449100 0.04728300 -0.00637600
v -0.00442300 0.04742700 -0.00408000
v -0.00385700 0.04809900 -0.00413900
v -0.00212800 0.04890800 -0.00651900
v 0.00000000 0.04949700 -0.00426100
v 0.00072300 0.04925300 -0.00654900
v -0.00205200 0.04913700 -0.00423000
v -0.00212100 0.04909700 -0.00422600
v 0.00337300 0.04837800 -0.00416300
v 0.00340800 0.04823900 -0.00646000
v 0.00205200 0.04913700 -0.00423000
v 0.00070900 0.04937300 -0.00425000
v 0.00385700 0.04809900 -0.00413900
v 0.00519600 0.04650900 -0.00400000
v 0.00531300 0.04609800 -0.00627300
v 0.00527800 0.04628500 -0.00398000
v 0.00590900 0.04455800 -0.00382900
v 0.00600000 0.04352000 -0.00373800
v -0.00201800 0.03800600 -0.00315600
v 0.00000000 0.03765100 -0.00312500
v -0.00581000 0.04250800 -0.00355000
v -0.00511000 0.04059000 -0.00338200
v -0.00379200 0.03902600 -0.00324500
v -0.00379200 0.04803100 -0.00403300
v -0.00511000 0.04646800 -0.00389600
v -0.00581000 0.04455000 -0.00372800
v 0.00379200 0.04803100 -0.00403300
v 0.00201800 0.04905200 -0.00412200
v 0.00000000 0.04940600 -0.00415300
v -0.00201800 0.04905200 -0.00412200
v 0.00511000 0.04646800 -0.00389600
v 0.00581000 0.04455000 -0.00372800
v 0.00590000 0.04352900 -0.00363900
v 0.00201800 0.03800600 -0.00315600
v 0.00379200 0.03902600 -0.00324500
v 0.00511000 0.04059000 -0.00338200
v 0.00581000 0.04250800 -0.00355000
v -0.02650000 0.03301700 -0.01135200
v -0.02650000 0.03355700 -0.00517600
v 0.00830000 0.05308200 -0.00688400
v 0.00830000 0.05264200 -0.01306900
v 0.00830000 0.05318200 -0.00689300
v 0.00830000 0.05254200 -0.01306000
v 0.00841900 0.03609200 -0.01162100
v -0.00120000 0.02953000 -0.01104700
v 0.00571300 0.03339600 -0.01138500
v 0.00733600 0.03447600 -0.01148000
v 0.00830000 0.03301700 -0.01135200
v -0.00120000 0.05602900 -0.01336500
v 0.00830000 0.05602900 -0.01336500
v 0.00571300 0.05216300 -0.01302700
v 0.00733600 0.05108300 -0.01293300
v 0.00841900 0.04946700 -0.01279100
v -0.02659800 0.05104800 -0.01293000
v -0.01700000 0.05602900 -0.01336500
v -0.02650000 0.05602900 -0.01336500
v -0.02550000 0.05214200 -0.01302500
v -0.02650000 0.05254200 -0.01306000
v -0.02650000 0.05264200 -0.01306900
v -0.01700000 0.02953000 -0.01104700
v -0.02550000 0.03341700 -0.01138700
v -0.02659800 0.03451100 -0.01148300
v -0.01700000 0.03007000 -0.00487100
v -0.00120000 0.03007000 -0.00487100
v 0.00830000 0.03355700 -0.00517600
v -0.01700000 0.05656900 -0.00718900
v -0.02650000 0.05656900 -0.00718900
v -0.02650000 0.05318200 -0.00689300
v -0.02650000 0.05308200 -0.00688400
v 0.00830000 0.05656900 -0.00718900
v -0.00120000 0.05656900 -0.00718900
v 0.00830000 0.04314200 -0.04707000
v 0.00830000 0.03216600 -0.03960800
v 0.00830000 0.03230000 -0.03910800
v 0.00830000 0.03180000 -0.03997400
v 0.00830000 0.02969400 -0.04589400
v 0.00830000 0.03130000 -0.04010800
v 0.00830000 0.03029500 -0.03910900
v 0.00830000 0.03043400 -0.03960800
v 0.00830000 0.03080000 -0.03997400
v 0.00830000 0.05673800 -0.00640100
v 0.00830000 0.05397600 -0.03798000
v 0.00830000 0.05111600 -0.03050200
v 0.00830000 0.05321900 -0.04101600
v 0.00830000 0.05156100 -0.04366900
v 0.00830000 0.04916400 -0.04568000
v 0.00830000 0.04626300 -0.04685200
v 0.00830000 0.03216600 -0.03860800
v 0.00830000 0.03119300 -0.02875900
v 0.00830000 0.03180000 -0.03824200
v 0.00830000 0.03130000 -0.03810800
v 0.00830000 0.03080000 -0.03824200
v 0.00830000 0.03043400 -0.03860800
v 0.00830000 0.03029400 -0.03910400
v 0.00830000 0.05661100 -0.00523700
v 0.00830000 0.05604800 -0.00421100
v 0.00830000 0.05513500 -0.00347800
v 0.00830000 0.05401100 -0.00315100
v 0.00830000 0.05351300 -0.00310700
v -0.02650000 0.05401100 -0.00315100
v -0.02650000 0.05351300 -0.00310700
v -0.02650000 0.05111600 -0.03050200
v -0.02650000 0.03119300 -0.02875900
v -0.02650000 0.05661100 -0.00523700
v -0.02650000 0.05604800 -0.00421100
v -0.02650000 0.05513500 -0.00347800
v -0.02650000 0.05673800 -0.00640100
v -0.02650000 0.05397600 -0.03798000
v -0.02650000 0.05321900 -0.04101600
v -0.02650000 0.05156100 -0.04366900
v -0.02650000 0.04916400 -0.04568000
v -0.02650000 0.04626300 -0.04685200
v 0.01130000 0.02854900 -0.09500000
v 0.00930000 0.03180000 -0.03997400
v 0.00930000 0.03180000 -0.03824200
v 0.00930000 0.03216600 -0.03860800
v 0.00930000 0.03130000 -0.04010800
v 0.00930000 0.03130000 -0.03810800
v 0.00930000 0.03080000 -0.03997400
v 0.00930000 0.03080000 -0.03824200
v 0.00930000 0.03043400 -0.03960800
v 0.01130000 0.05604800 -0.00421100
v 0.01130000 0.05673800 -0.00640100
v 0.01130000 0.05661100 -0.00523700
v 0.01130000 0.05513500 -0.00347800
v 0.01130000 0.05401100 -0.00315100
v 0.01130000 0.05397600 -0.03798000
v 0.01130000 0.01800000 0.00000000
v 0.01130000 0.04314200 -0.04707000
v 0.01130000 0.05321900 -0.04101600
v 0.01130000 0.05156100 -0.04366900
v 0.01130000 0.04916400 -0.04568000
v 0.01130000 0.04626300 -0.04685200
v 0.01130000 0.00492800 -0.04372700
v 0.01130000 0.00376400 -0.04385400
v 0.01130000 -0.01800000 0.00000000
v 0.01130000 0.00273800 -0.04441800
v 0.01130000 -0.05149200 -0.06636900
v 0.01130000 0.00200500 -0.04533000
v 0.01130000 -0.05673800 -0.00640100
v 0.01130000 -0.02800000 -0.09500000
v 0.01130000 0.00015700 -0.08105100
v 0.01130000 -0.03636300 -0.08404200
v 0.01130000 0.00167800 -0.04645400
v 0.01130000 -0.03302400 -0.08548600
v 0.01130000 -0.00111100 -0.07833200
v 0.01130000 -0.02800000 -0.09472200
v 0.01130000 -0.00084200 -0.07986200
v 0.01130000 -0.02860100 -0.09113500
v 0.01130000 -0.03034000 -0.08794000
v 0.01130000 -0.04098700 -0.08226900
v 0.01130000 -0.04503400 -0.07941300
v 0.01130000 -0.04825500 -0.07565000
v 0.01130000 -0.05045300 -0.07121200
v 0.01130000 -0.05401100 -0.00315100
v 0.01130000 -0.05513500 -0.00347800
v 0.01130000 -0.05604800 -0.00421100
v 0.01130000 -0.05661100 -0.00523700
v 0.00930000 0.03043400 -0.03860800
v 0.00930000 0.03230000 -0.03910800
v 0.00930000 0.03216600 -0.03960800
v 0.00930000 0.03030000 -0.03910800
v 0.00880000 0.01000000 0.00000000
v 0.00880000 -0.01000000 0.00000000
v 0.00880000 0.01000000 -0.02750000
v 0.00880000 -0.01000000 -0.02750000
v 0.00880000 -0.05351300 -0.00310700
v 0.00880000 -0.03358900 -0.00136400
v 0.00880000 -0.05111600 -0.03050200
v 0.00880000 -0.03119300 -0.02875900
v 0.01135000 0.02310000 -0.08891800
v 0.01235000 0.02347600 -0.08907900
v 0.01235000 0.02310000 -0.08891800
v 0.01135000 0.02347600 -0.08907900
v 0.01235000 0.02387300 -0.08917400
v 0.01135000 0.02387300 -0.08917400
v 0.01235000 0.02428100 -0.08919900
v 0.01135000 0.02428100 -0.08919900
v 0.01235000 0.02468700 -0.08915600
v 0.01135000 0.02468700 -0.08915600
v 0.01235000 0.02508000 -0.08904400
v 0.01135000 0.02508000 -0.08904400
v 0.01235000 0.02544800 -0.08886700
v 0.01135000 0.02544800 -0.08886700
v 0.01235000 0.02578100 -0.08863000
v 0.01135000 0.02578100 -0.08863000
v 0.01135000 0.02606900 -0.08834000
v 0.01235000 0.02606900 -0.08834000
v 0.01335000 -0.05044000 -0.00943300
v 0.01335000 -0.05201900 -0.00971300
v 0.01335000 -0.05193700 -0.01001900
v 0.01335000 -0.05217200 -0.00937000
v 0.01335000 -0.05202600 -0.00968400
v 0.01335000 -0.05237000 -0.00908500
v 0.01335000 -0.05261500 -0.00883900
v 0.01335000 -0.05158300 -0.00352200
v 0.01335000 -0.05251600 -0.00385600
v 0.01335000 -0.05289800 -0.00863900
v 0.01335000 -0.05338000 -0.00434500
v 0.01335000 -0.05321100 -0.00849000
v 0.01335000 -0.05414700 -0.00497400
v 0.01335000 -0.05354500 -0.00839800
v 0.01335000 -0.05479600 -0.00572400
v 0.01335000 -0.05389100 -0.00836600
v 0.01335000 -0.05530700 -0.00657400
v 0.01335000 -0.05423600 -0.00839300
v 0.01335000 -0.05566600 -0.00749900
v 0.01335000 -0.05457200 -0.00847900
v 0.01335000 -0.05488800 -0.00862300
v 0.01335000 -0.05586300 -0.00847200
v 0.01335000 -0.04604600 -0.03717000
v 0.01335000 -0.00860700 -0.04493800
v 0.01335000 -0.04594000 -0.03704700
v 0.01335000 -0.04594200 -0.06688500
v 0.01335000 -0.04593000 -0.06695400
v 0.01335000 -0.04596600 -0.06682000
v 0.01335000 -0.04600100 -0.06675900
v 0.01335000 -0.04604600 -0.06670600
v 0.01335000 -0.05060700 -0.04276700
v 0.01335000 -0.04987400 -0.04099900
v 0.01335000 -0.05060700 -0.06111000
v 0.01335000 -0.04987400 -0.06287800
v 0.01335000 -0.04579300 -0.03675800
v 0.01335000 -0.04575600 -0.03660000
v 0.01335000 -0.04584400 -0.03687900
v 0.01335000 -0.04585600 -0.03690800
v 0.01335000 -0.04593000 -0.06702400
v 0.01335000 -0.04567600 -0.07790400
v 0.01335000 -0.04600100 -0.06721800
v 0.01335000 -0.04596600 -0.06715800
v 0.01335000 -0.04604600 -0.06727200
v 0.01335000 -0.04708200 -0.07622300
v 0.01335000 -0.04610000 -0.06731600
v 0.01335000 -0.04829300 -0.07439600
v 0.01335000 -0.04616000 -0.06735100
v 0.01335000 -0.04622500 -0.06737500
v 0.01335000 -0.04929600 -0.07244700
v 0.01335000 -0.04636400 -0.06738700
v 0.01335000 -0.04978100 -0.07117200
v 0.01335000 -0.04649800 -0.06735100
v 0.01335000 -0.05007600 -0.07039900
v 0.01335000 -0.05093700 -0.06610700
v 0.01335000 -0.04661200 -0.06727200
v 0.01335000 -0.05044000 -0.06344300
v 0.01335000 -0.05062600 -0.06827700
v 0.01335000 -0.05077600 -0.06304900
v 0.01335000 -0.05104700 -0.06260800
v 0.01335000 -0.05124500 -0.06212900
v 0.01335000 -0.04594600 -0.00600200
v 0.01335000 -0.03225300 -0.00174500
v 0.01335000 -0.04593200 -0.00593700
v 0.01335000 -0.04597000 -0.00606300
v 0.01335000 -0.04600300 -0.00612000
v 0.01335000 -0.04594000 -0.03582900
v 0.01335000 -0.04585600 -0.03596800
v 0.01335000 -0.04604600 -0.00617000
v 0.01335000 -0.04604600 -0.03570600
v 0.01335000 -0.05060700 -0.01176700
v 0.01335000 -0.04958800 -0.00971300
v 0.01335000 -0.05060700 -0.03011000
v 0.01335000 -0.04987400 -0.03187800
v 0.01335000 -0.05349400 -0.03687900
v 0.01335000 -0.04661200 -0.03627200
v 0.01335000 -0.05044000 -0.03244300
v 0.01335000 -0.04661200 -0.03660500
v 0.01335000 -0.05390700 -0.03216300
v 0.01335000 -0.05067900 -0.03216300
v 0.01335000 -0.05044000 -0.04043300
v 0.01335000 -0.05077600 -0.03204900
v 0.01335000 -0.05104700 -0.03160800
v 0.01335000 -0.05077600 -0.04082700
v 0.01335000 -0.05124500 -0.03112900
v 0.01335000 -0.05104700 -0.04126800
v 0.01335000 -0.05136600 -0.03062600
v 0.01335000 -0.05294500 -0.04315400
v 0.01335000 -0.05140700 -0.03011000
v 0.01335000 -0.05124500 -0.04174700
v 0.01335000 -0.00860700 -0.02793800
v 0.01335000 -0.00460700 -0.04493800
v 0.01335000 -0.00460700 -0.02793800
v 0.01335000 0.01999000 -0.04507200
v 0.01335000 0.00939300 -0.02793800
v 0.01335000 0.00984100 -0.04418400
v 0.01335000 0.00584100 -0.04383400
v 0.01335000 0.00539300 -0.02793800
v 0.01335000 0.00530600 -0.04378700
v 0.01335000 0.05568800 -0.00862300
v 0.01335000 0.05666200 -0.00847200
v 0.01335000 0.05646600 -0.00749900
v 0.01335000 0.05503600 -0.00839300
v 0.01335000 0.05610700 -0.00657400
v 0.01335000 0.05469000 -0.00836600
v 0.01335000 0.05559600 -0.00572400
v 0.01335000 0.05537200 -0.00847900
v 0.01335000 0.05434500 -0.00839800
v 0.01335000 0.05494700 -0.00497400
v 0.01335000 0.05401100 -0.00849000
v 0.01335000 0.05418000 -0.00434500
v 0.01335000 0.05369800 -0.00863900
v 0.01335000 0.05331600 -0.00385600
v 0.01335000 0.05341400 -0.00883900
v 0.01335000 0.05238200 -0.00352200
v 0.01335000 0.05122700 -0.00943300
v 0.01335000 0.05317000 -0.00908500
v 0.01335000 0.05297200 -0.00937000
v 0.01335000 0.05146600 -0.00971300
v 0.01335000 0.05282600 -0.00968400
v 0.01335000 0.05568600 -0.01210900
v 0.01335000 0.05470700 -0.03216300
v 0.01335000 0.05650600 -0.01159900
v 0.01335000 0.05219300 -0.03011000
v 0.01335000 0.05537000 -0.01225200
v 0.01335000 0.05503400 -0.01233800
v 0.01335000 0.05468800 -0.01236500
v 0.01335000 0.05434300 -0.01233200
v 0.01335000 0.05215300 -0.03062600
v 0.01335000 0.05400900 -0.01224000
v 0.01335000 0.05203200 -0.03112900
v 0.01335000 0.05183400 -0.03160800
v 0.01335000 0.05156300 -0.03204900
v 0.01335000 0.05219300 -0.01176700
v 0.01335000 0.05297100 -0.01136000
v 0.01335000 0.05215300 -0.01125000
v 0.01335000 0.05270600 -0.01036400
v 0.01335000 0.05183400 -0.01026800
v 0.01335000 0.05203200 -0.01074700
v 0.01335000 0.05273700 -0.01001900
v 0.01335000 0.05156300 -0.00982700
v 0.01335000 0.05140500 -0.00335100
v 0.01335000 0.05281800 -0.00971300
v 0.01335000 0.04739800 -0.00560500
v 0.01335000 0.04020300 -0.00237100
v 0.01335000 0.04708100 -0.00548900
v 0.01335000 0.04671700 -0.00592200
v 0.01335000 0.04671700 -0.00585300
v 0.01335000 0.03237500 -0.03749000
v 0.01335000 0.04671700 -0.03595400
v 0.01335000 0.03269100 -0.03763800
v 0.01335000 0.03357000 -0.03868600
v 0.01335000 0.04671700 -0.03602400
v 0.01335000 0.03366100 -0.03902300
v 0.01335000 0.04688600 -0.00556000
v 0.01335000 0.04694600 -0.00552500
v 0.01335000 0.04683300 -0.00560500
v 0.01335000 0.04678800 -0.00565800
v 0.01335000 0.04675300 -0.00571800
v 0.01335000 0.04672900 -0.00578400
v 0.01335000 0.03203800 -0.03740000
v 0.01335000 0.03369100 -0.03937000
v 0.01335000 0.04509700 -0.04714700
v 0.01335000 0.04661800 -0.04692000
v 0.01335000 0.04020300 -0.04684000
v 0.01335000 0.04356000 -0.04713400
v 0.01335000 0.03342300 -0.03837000
v 0.01335000 0.03322300 -0.03808400
v 0.01335000 0.03297700 -0.03783800
v 0.01335000 0.03169100 -0.03737000
v 0.01335000 0.03134400 -0.03740000
v 0.01335000 0.01999000 -0.00060300
v 0.01335000 0.00939300 -0.01393800
v 0.01335000 0.03100700 -0.03749000
v 0.01335000 0.03069100 -0.03763800
v 0.01335000 0.03040600 -0.03783800
v 0.01335000 0.03015900 -0.03808400
v 0.01335000 0.02995900 -0.03837000
v 0.01335000 0.02981200 -0.03868600
v 0.01335000 0.01999000 -0.08361800
v 0.01335000 0.01025900 -0.08505800
v 0.01335000 0.01029000 -0.08540600
v 0.01335000 0.01016900 -0.08472200
v 0.01335000 0.00984100 -0.08273100
v 0.01335000 0.00929000 -0.08367300
v 0.01335000 0.00957500 -0.08387300
v 0.01335000 0.00897400 -0.08352600
v 0.01335000 0.00584100 -0.08238100
v 0.01335000 0.00829000 -0.08340600
v 0.01335000 0.00794200 -0.08343600
v 0.01335000 0.00641000 -0.08472200
v 0.01335000 0.00195900 -0.08204100
v 0.01335000 0.00632000 -0.08505800
v 0.01335000 0.00655800 -0.08440600
v 0.01335000 0.00675800 -0.08412000
v 0.01335000 0.00700400 -0.08387300
v 0.01335000 0.00729000 -0.08367300
v 0.01335000 0.00760600 -0.08352600
v 0.01335000 0.02612700 -0.08616900
v 0.01335000 0.02942700 -0.08705200
v 0.01335000 0.02965300 -0.08446400
v 0.01335000 0.02620600 -0.08649800
v 0.01335000 0.02863000 -0.08778200
v 0.01335000 0.02683600 -0.08778200
v 0.01335000 0.02599300 -0.08585800
v 0.01335000 0.02580800 -0.08557300
v 0.01335000 0.02557900 -0.08532400
v 0.01335000 0.02531000 -0.08511800
v 0.01335000 0.02501100 -0.08495900
v 0.01335000 0.02468900 -0.08485400
v 0.01335000 0.02435400 -0.08480400
v 0.01335000 0.02104700 -0.08783500
v 0.01335000 0.02223300 -0.08692600
v 0.01335000 0.02224000 -0.08658800
v 0.01335000 0.02040000 -0.08778200
v 0.01335000 0.02230500 -0.08625500
v 0.01335000 0.02167600 -0.08799200
v 0.01335000 0.02242400 -0.08593800
v 0.01335000 0.02259600 -0.08564600
v 0.01335000 0.02281400 -0.08538600
v 0.01335000 0.02401500 -0.08481200
v 0.01335000 0.02368200 -0.08487600
v 0.01335000 0.02336500 -0.08499600
v 0.01335000 0.02307300 -0.08516800
v 0.01335000 0.01025900 -0.08575300
v 0.01335000 0.01016900 -0.08609000
v 0.01335000 0.01002200 -0.08640600
v 0.01335000 0.00984100 -0.08666300
v 0.01335000 0.00957500 -0.08693800
v 0.01335000 0.00982200 -0.08669100
v 0.01335000 0.00929000 -0.08713800
v 0.01335000 0.00897400 -0.08728500
v 0.01335000 0.00863700 -0.08737500
v 0.01335000 0.00829000 -0.08740600
v 0.01335000 0.00629000 -0.08540600
v 0.01335000 0.00632000 -0.08575300
v 0.01335000 0.00641000 -0.08609000
v 0.01335000 0.00146400 -0.08195800
v 0.01335000 0.00655800 -0.08640600
v 0.01335000 0.00098700 -0.08179900
v 0.01335000 0.00675800 -0.08669100
v 0.01335000 0.00054200 -0.08156700
v 0.01335000 -0.02825300 -0.08778200
v 0.01335000 0.00039300 -0.08145700
v 0.01335000 0.00013800 -0.08126800
v 0.01335000 -0.00860700 -0.05893800
v 0.01335000 0.00039300 -0.06322000
v 0.01335000 -0.00460700 -0.05893800
v 0.01335000 -0.00030200 -0.07117200
v 0.01335000 -0.00095000 -0.07857400
v 0.01335000 -0.00095400 -0.07907600
v 0.01335000 -0.00088000 -0.07957300
v 0.01335000 0.00794200 -0.08737500
v 0.01335000 0.00760600 -0.08728500
v 0.01335000 0.00729000 -0.08713800
v 0.01335000 0.00700400 -0.08693800
v 0.01335000 -0.00021400 -0.08091000
v 0.01335000 -0.00050500 -0.08050100
v 0.01335000 -0.00072900 -0.08005200
v 0.01335000 -0.04574300 -0.03643800
v 0.01335000 -0.03214400 -0.08560600
v 0.01335000 -0.03225300 -0.08553300
v 0.01335000 -0.03094800 -0.08666100
v 0.01335000 -0.02885000 -0.08773500
v 0.01335000 -0.04579300 -0.03611800
v 0.01335000 -0.03346700 -0.08471700
v 0.01335000 -0.03489400 -0.08400700
v 0.01335000 -0.03640200 -0.08348900
v 0.01335000 -0.03848200 -0.08279800
v 0.01335000 -0.04047400 -0.08188200
v 0.01335000 -0.04235100 -0.08075100
v 0.01335000 -0.04409200 -0.07942000
v 0.01335000 -0.04575600 -0.03627600
v 0.01335000 -0.04592900 -0.00587100
v 0.01335000 -0.04593700 -0.00580500
v 0.01335000 -0.04595600 -0.00574200
v 0.01335000 -0.04598500 -0.00568300
v 0.01335000 -0.04602400 -0.00562900
v 0.01335000 -0.04607000 -0.00558200
v 0.01335000 -0.04612400 -0.00554400
v 0.01335000 -0.04618400 -0.00551500
v 0.01335000 -0.04624700 -0.00549600
v 0.01335000 -0.05060600 -0.00335100
v 0.01335000 -0.04661200 -0.00560500
v 0.01335000 -0.05104700 -0.01026800
v 0.01335000 -0.05190700 -0.01036400
v 0.01335000 -0.05124500 -0.01074700
v 0.01335000 -0.05320900 -0.01224000
v 0.01335000 -0.05140700 -0.01176700
v 0.01335000 -0.05077600 -0.00982700
v 0.01335000 -0.05136600 -0.01125000
v 0.01335000 -0.05217100 -0.01136000
v 0.01335000 -0.05140700 -0.04276700
v 0.01335000 -0.05140700 -0.06074100
v 0.01335000 -0.05354400 -0.01233200
v 0.01335000 -0.05136600 -0.04225000
v 0.01335000 -0.05388900 -0.01236500
v 0.01335000 -0.05423400 -0.01233800
v 0.01335000 -0.05457000 -0.01225200
v 0.01335000 -0.05488600 -0.01210900
v 0.01335000 -0.05570600 -0.01159900
v 0.01335000 0.05122700 -0.03244300
v 0.01335000 0.05146600 -0.03216300
v 0.01335000 0.05429400 -0.03687900
v 0.01335000 0.04739800 -0.03627200
v 0.01335000 0.05417600 -0.03822500
v 0.01335000 0.05392200 -0.03974200
v 0.01335000 0.05343500 -0.04120000
v 0.01335000 0.04734500 -0.03631600
v 0.01335000 0.05272400 -0.04256400
v 0.01335000 0.04728400 -0.03635100
v 0.01335000 0.05228800 -0.04315400
v 0.01335000 0.04721900 -0.03637500
v 0.01335000 0.05181000 -0.04380000
v 0.01335000 0.05071300 -0.04487800
v 0.01335000 0.04715000 -0.03638700
v 0.01335000 0.04946100 -0.04577100
v 0.01335000 0.04708100 -0.03638700
v 0.01335000 0.04808500 -0.04645800
v 0.01335000 0.04701200 -0.03637500
v 0.01335000 0.04694600 -0.03635100
v 0.01335000 0.04688600 -0.03631600
v 0.01335000 0.04683300 -0.03627200
v 0.01335000 0.04678800 -0.03621800
v 0.01335000 0.04675300 -0.03615800
v 0.01335000 0.05139300 -0.01176700
v 0.01335000 0.04683300 -0.00617000
v 0.01335000 0.05139300 -0.03011000
v 0.01335000 0.05037500 -0.00971300
v 0.01335000 0.04683300 -0.03570600
v 0.01335000 0.05037500 -0.03216300
v 0.01335000 0.04678800 -0.00611700
v 0.01335000 0.04678800 -0.03575900
v 0.01335000 0.04675300 -0.00605700
v 0.01335000 0.04675300 -0.03582000
v 0.01335000 0.04672900 -0.00599100
v 0.01335000 0.04672900 -0.03588500
v 0.01335000 0.03366100 -0.03971700
v 0.01335000 0.03357000 -0.04005400
v 0.01335000 0.03342300 -0.04037000
v 0.01335000 0.03322300 -0.04065600
v 0.01335000 0.03297700 -0.04090200
v 0.01335000 0.03269100 -0.04110200
v 0.01335000 0.03237500 -0.04124900
v 0.01335000 0.03203800 -0.04134000
v 0.01335000 0.03169100 -0.04137000
v 0.01335000 0.03134400 -0.04134000
v 0.01335000 0.03100700 -0.04124900
v 0.01335000 0.03069100 -0.04110200
v 0.01335000 0.02972100 -0.03902300
v 0.01335000 0.03040600 -0.04090200
v 0.01335000 0.03015900 -0.04065600
v 0.01335000 0.02995900 -0.04037000
v 0.01335000 0.02981200 -0.04005400
v 0.01335000 0.02972100 -0.03971700
v 0.01335000 0.02969100 -0.03937000
v 0.01335000 0.01839100 -0.00046300
v 0.01335000 0.00984100 -0.00046300
v 0.01335000 0.00539300 -0.01393800
v 0.01335000 -0.00460700 -0.01393800
v 0.01335000 0.00480400 -0.04378300
v 0.01335000 0.00430700 -0.04385700
v 0.01335000 0.00382800 -0.04400800
v 0.01335000 0.00337900 -0.04423200
v 0.01335000 0.00297000 -0.04452400
v 0.01335000 0.00261200 -0.04487600
v 0.01335000 0.00231300 -0.04527900
v 0.01335000 0.00039300 -0.00046300
v 0.01335000 0.00208100 -0.04572400
v 0.01335000 0.00192200 -0.04620100
v 0.01335000 0.00183900 -0.04669600
v 0.01335000 -0.00860700 -0.01393800
v 0.01335000 -0.01759100 -0.00046300
v 0.01135000 0.00528800 -0.04398600
v 0.01135000 0.00939300 -0.02793800
v 0.01135000 0.01625900 -0.04494600
v 0.01135000 0.00481700 -0.04398200
v 0.01135000 0.00539300 -0.02793800
v 0.01135000 0.05551100 -0.00969100
v 0.01135000 0.05687700 -0.00860600
v 0.01135000 0.05687700 -0.00965200
v 0.01135000 0.05561600 -0.01089000
v 0.01135000 0.05641400 -0.01493800
v 0.01135000 0.05551100 -0.01104000
v 0.01135000 0.05538100 -0.01117000
v 0.01135000 0.05523200 -0.01127500
v 0.01135000 0.05506600 -0.01135200
v 0.01135000 0.05488900 -0.01140000
v 0.01135000 0.05470600 -0.01141500
v 0.01135000 0.05452400 -0.01140000
v 0.01135000 0.05434700 -0.01135200
v 0.01135000 0.05418200 -0.01127500
v 0.01135000 0.00939300 -0.01493800
v 0.01135000 0.05390200 -0.01104000
v 0.01135000 0.05403200 -0.00956100
v 0.01135000 0.05245300 -0.00333300
v 0.01135000 0.05343600 -0.00369100
v 0.01135000 0.05367200 -0.01018300
v 0.01135000 0.05142300 -0.00315200
v 0.01135000 0.01840000 -0.00026300
v 0.01135000 0.05367200 -0.01054800
v 0.01135000 0.05372000 -0.01072500
v 0.01135000 0.05379700 -0.01089000
v 0.01135000 0.00939300 -0.01393800
v 0.01135000 0.00539300 -0.01393800
v 0.01135000 0.00435200 -0.04405200
v 0.01135000 0.00390300 -0.04419300
v 0.01135000 -0.00460700 -0.02793800
v 0.01135000 0.00348200 -0.04440300
v 0.01135000 -0.00460700 -0.04493800
v 0.01135000 0.00309800 -0.04467700
v 0.01135000 0.00276300 -0.04500700
v 0.01135000 0.00248300 -0.04538500
v 0.01135000 0.00226500 -0.04580300
v 0.01135000 0.00211600 -0.04624900
v 0.01135000 0.00203800 -0.04671300
v 0.01135000 -0.00860700 -0.05893800
v 0.01135000 0.00066700 -0.06238800
v 0.01135000 -0.00075100 -0.07859200
v 0.01135000 -0.02825300 -0.08798200
v 0.01135000 -0.00075500 -0.07906200
v 0.01135000 -0.00460700 -0.05893800
v 0.01135000 -0.00460700 -0.01393800
v 0.01135000 -0.01760000 -0.00026300
v 0.01135000 -0.00860700 -0.01393800
v 0.01135000 0.05523200 -0.00945600
v 0.01135000 0.05669500 -0.00757600
v 0.01135000 0.05506600 -0.00937900
v 0.01135000 0.05488900 -0.00933100
v 0.01135000 0.05633800 -0.00659300
v 0.01135000 0.05470600 -0.00931500
v 0.01135000 0.05452400 -0.00933100
v 0.01135000 0.05581500 -0.00568800
v 0.01135000 0.05434700 -0.00937900
v 0.01135000 0.05514200 -0.00488600
v 0.01135000 0.05418200 -0.00945600
v 0.01135000 0.05434100 -0.00421400
v 0.01135000 0.05390200 -0.00969100
v 0.01135000 0.05379700 -0.00984000
v 0.01135000 0.05372000 -0.01000600
v 0.01135000 0.05365600 -0.01036500
v 0.01135000 -0.00860700 -0.01493800
v 0.01135000 -0.05292000 -0.01072500
v 0.01135000 -0.05287300 -0.01054800
v 0.01135000 -0.05062300 -0.00315200
v 0.01135000 -0.05287300 -0.01018300
v 0.01135000 -0.05285700 -0.01036500
v 0.01135000 -0.05292000 -0.01000600
v 0.01135000 -0.05299700 -0.01089000
v 0.01135000 -0.05310200 -0.01104000
v 0.01135000 -0.05561500 -0.01493800
v 0.01135000 -0.05338200 -0.01127500
v 0.01135000 -0.05354800 -0.01135200
v 0.01135000 -0.05372400 -0.01140000
v 0.01135000 -0.05372400 -0.00933100
v 0.01135000 -0.05553800 -0.00659300
v 0.01135000 -0.05501500 -0.00568800
v 0.01135000 -0.05390700 -0.01141500
v 0.01135000 -0.05408900 -0.01140000
v 0.01135000 -0.05426600 -0.01135200
v 0.01135000 -0.05443200 -0.01127500
v 0.01135000 -0.05458200 -0.01117000
v 0.01135000 -0.05471100 -0.01104000
v 0.01135000 -0.05481600 -0.01089000
v 0.01135000 -0.05607700 -0.00965200
v 0.01135000 -0.05494100 -0.01018300
v 0.01135000 -0.05607700 -0.00860600
v 0.01135000 -0.05589600 -0.00757600
v 0.01135000 -0.05290200 -0.04593800
v 0.01135000 -0.00860700 -0.04493800
v 0.01135000 -0.00860700 -0.04593800
v 0.01135000 -0.00860700 -0.02793800
v 0.01135000 -0.05456500 -0.02693800
v 0.01135000 -0.00860700 -0.02693800
v 0.01135000 0.00932400 -0.08522300
v 0.01135000 0.01625900 -0.08309100
v 0.01135000 0.00934000 -0.08540600
v 0.01135000 0.00927600 -0.08504600
v 0.01135000 0.00919900 -0.08488000
v 0.01135000 0.00909400 -0.08473100
v 0.01135000 0.00896500 -0.08460100
v 0.01135000 0.00881500 -0.08449600
v 0.01135000 0.00864900 -0.08441900
v 0.01135000 0.00847200 -0.08437200
v 0.01135000 0.00197600 -0.08184200
v 0.01135000 0.00829000 -0.08435600
v 0.01135000 0.00810700 -0.08437200
v 0.01135000 0.00793100 -0.08441900
v 0.01135000 0.00776500 -0.08449600
v 0.01135000 0.00761500 -0.08460100
v 0.01135000 0.00748500 -0.08473100
v 0.01135000 0.00738000 -0.08488000
v 0.01135000 0.00730300 -0.08504600
v 0.01135000 0.00725600 -0.08522300
v 0.01135000 0.00724000 -0.08540600
v 0.01135000 -0.05299700 -0.00984000
v 0.01135000 -0.05310200 -0.00969100
v 0.01135000 -0.05165300 -0.00333300
v 0.01135000 -0.05323200 -0.00956100
v 0.01135000 -0.05263600 -0.00369100
v 0.01135000 -0.05338200 -0.00945600
v 0.01135000 -0.05354200 -0.00421400
v 0.01135000 -0.05434300 -0.00488600
v 0.01135000 -0.05354800 -0.00937900
v 0.01135000 -0.05390700 -0.00931500
v 0.01135000 -0.05408900 -0.00933100
v 0.01135000 -0.05426600 -0.00937900
v 0.01135000 -0.05443200 -0.00945600
v 0.01135000 -0.05458200 -0.00956100
v 0.01135000 -0.05471100 -0.00969100
v 0.01135000 -0.05481600 -0.00984000
v 0.01135000 0.02475400 -0.08770900
v 0.01135000 0.02458800 -0.08778700
v 0.01135000 0.02441100 -0.08783400
v 0.01135000 0.02422900 -0.08785000
v 0.01135000 0.02404600 -0.08783400
v 0.01135000 0.02387000 -0.08778700
v 0.01135000 0.02217800 -0.08842700
v 0.01135000 0.02355400 -0.08760400
v 0.01135000 0.02161200 -0.08818200
v 0.01135000 0.02324200 -0.08715900
v 0.01135000 0.02962600 -0.08706900
v 0.01135000 0.02863000 -0.08798200
v 0.01135000 0.02683600 -0.08798200
v 0.01135000 0.02521600 -0.08644100
v 0.01135000 0.02526300 -0.08698200
v 0.01135000 0.02490400 -0.08760400
v 0.01135000 0.02987000 -0.08428200
v 0.01135000 0.02513800 -0.08627500
v 0.01135000 0.02503300 -0.08612500
v 0.01135000 0.02490400 -0.08599600
v 0.01135000 0.02475400 -0.08589100
v 0.01135000 0.02458800 -0.08581300
v 0.01135000 0.02441100 -0.08576600
v 0.01135000 0.02422900 -0.08575000
v 0.01135000 0.02404600 -0.08576600
v 0.01135000 0.02101400 -0.08803200
v 0.01135000 0.02317900 -0.08680000
v 0.01135000 0.02319500 -0.08661800
v 0.01135000 0.02040000 -0.08798200
v 0.01135000 0.02324200 -0.08644100
v 0.01135000 0.02332000 -0.08627500
v 0.01135000 0.02342400 -0.08612500
v 0.01135000 0.02355400 -0.08599600
v 0.01135000 0.02387000 -0.08581300
v 0.01135000 0.02370400 -0.08589100
v 0.01135000 0.00919900 -0.08593000
v 0.01135000 0.00932400 -0.08558800
v 0.01135000 0.00927600 -0.08576500
v 0.01135000 0.00909400 -0.08608000
v 0.01135000 0.00896500 -0.08621000
v 0.01135000 0.00881500 -0.08631500
v 0.01135000 0.00864900 -0.08639200
v 0.01135000 0.00847200 -0.08644000
v 0.01135000 0.00829000 -0.08645600
v 0.01135000 0.00725600 -0.08558800
v 0.01135000 0.00730300 -0.08576500
v 0.01135000 0.00738000 -0.08593000
v 0.01135000 0.00151200 -0.08176400
v 0.01135000 0.00748500 -0.08608000
v 0.01135000 0.00106600 -0.08161500
v 0.01135000 0.00761500 -0.08621000
v 0.01135000 0.00776500 -0.08631500
v 0.01135000 -0.00068500 -0.07952800
v 0.01135000 -0.00054400 -0.07997700
v 0.01135000 0.00810700 -0.08644000
v 0.01135000 0.00793100 -0.08639200
v 0.01135000 0.00064800 -0.08139700
v 0.01135000 0.00027000 -0.08111700
v 0.01135000 -0.00006000 -0.08078200
v 0.01135000 -0.00033400 -0.08039800
v 0.01135000 -0.03268700 -0.08545400
v 0.01135000 -0.03109000 -0.08680200
v 0.01135000 -0.02888100 -0.08793300
v 0.01135000 -0.03449300 -0.08440400
v 0.01135000 -0.03645500 -0.08368200
v 0.01135000 -0.05113600 -0.06612500
v 0.01135000 -0.03932200 -0.08266400
v 0.01135000 -0.04200200 -0.08122200
v 0.01135000 -0.04443200 -0.07939000
v 0.01135000 -0.04655500 -0.07721100
v 0.01135000 -0.04832400 -0.07473500
v 0.01135000 -0.04969700 -0.07201900
v 0.01135000 -0.05064100 -0.06912700
v 0.01135000 -0.05146300 -0.06238800
v 0.01135000 -0.00860700 -0.05793800
v 0.01135000 -0.05185300 -0.05793800
v 0.01135000 0.04354200 -0.04733300
v 0.01135000 0.03272500 -0.03955200
v 0.01135000 0.03274100 -0.03937000
v 0.01135000 0.03267800 -0.03972900
v 0.01135000 0.03260000 -0.03989500
v 0.01135000 0.03249500 -0.04004500
v 0.01135000 0.03236600 -0.04017400
v 0.01135000 0.03221600 -0.04027900
v 0.01135000 0.03205000 -0.04035700
v 0.01135000 0.03187300 -0.04040400
v 0.01135000 0.03169100 -0.04042000
v 0.01135000 0.03150900 -0.04040400
v 0.01135000 0.03133200 -0.04035700
v 0.01135000 0.03065700 -0.03955200
v 0.01135000 0.03064100 -0.03937000
v 0.01135000 0.03070400 -0.03972900
v 0.01135000 0.03078200 -0.03989500
v 0.01135000 0.03088700 -0.04004500
v 0.01135000 0.03101600 -0.04017400
v 0.01135000 0.03116600 -0.04027900
v 0.01135000 0.05437600 -0.03824300
v 0.01135000 0.05411700 -0.03979000
v 0.01135000 0.05361900 -0.04127800
v 0.01135000 0.05289400 -0.04267000
v 0.01135000 0.05196100 -0.04393200
v 0.01135000 0.05084200 -0.04503200
v 0.01135000 0.04956400 -0.04594300
v 0.01135000 0.04816000 -0.04664300
v 0.01135000 0.04666300 -0.04711500
v 0.01135000 0.04511100 -0.04734700
v 0.01135000 0.03267800 -0.03901100
v 0.01135000 0.03272500 -0.03918800
v 0.01135000 0.03260000 -0.03884500
v 0.01135000 0.05536500 -0.02693800
v 0.01135000 0.03249500 -0.03869500
v 0.01135000 0.03236600 -0.03856600
v 0.01135000 0.03221600 -0.03846100
v 0.01135000 0.03205000 -0.03838300
v 0.01135000 0.03187300 -0.03833600
v 0.01135000 0.03169100 -0.03832000
v 0.01135000 0.00939300 -0.02693800
v 0.01135000 0.03150900 -0.03833600
v 0.01135000 0.03133200 -0.03838300
v 0.01135000 0.03116600 -0.03846100
v 0.01135000 0.03065700 -0.03918800
v 0.01135000 0.03070400 -0.03901100
v 0.01135000 0.03078200 -0.03884500
v 0.01135000 0.03088700 -0.03869500
v 0.01135000 0.03101600 -0.03856600
v 0.01315000 0.00151200 -0.08176400
v 0.01315000 0.00197600 -0.08184200
v 0.01315000 0.00106600 -0.08161500
v 0.01315000 0.00064800 -0.08139700
v 0.01315000 0.00027000 -0.08111700
v 0.01315000 -0.00006000 -0.08078200
v 0.01315000 -0.00033400 -0.08039800
v 0.01315000 -0.00054400 -0.07997700
v 0.01315000 -0.00068500 -0.07952800
v 0.01315000 -0.00075500 -0.07906200
v 0.01315000 -0.00075100 -0.07859200
v 0.01315000 0.00203800 -0.04671300
v 0.01315000 0.00211600 -0.04624900
v 0.01315000 0.00226500 -0.04580300
v 0.01315000 0.00248300 -0.04538500
v 0.01315000 0.00276300 -0.04500700
v 0.01315000 0.00309800 -0.04467700
v 0.01315000 0.00348200 -0.04440300
v 0.01315000 0.00390300 -0.04419300
v 0.01315000 0.00435200 -0.04405200
v 0.01315000 0.00481700 -0.04398200
v 0.01315000 0.00528800 -0.04398600
v 0.01315000 0.04354200 -0.04733300
v 0.01315000 0.04511100 -0.04734700
v 0.01315000 0.04666300 -0.04711500
v 0.01315000 0.04816000 -0.04664300
v 0.01315000 0.04956400 -0.04594300
v 0.01315000 0.05084200 -0.04503200
v 0.01315000 0.05196100 -0.04393200
v 0.01315000 0.05289400 -0.04267000
v 0.01315000 0.05361900 -0.04127800
v 0.01315000 0.05411700 -0.03979000
v 0.01315000 0.05437600 -0.03824300
v 0.01235000 0.05687700 -0.00965200
v 0.01235000 0.05670500 -0.01161600
v 0.01235000 0.05536500 -0.02693800
v 0.01315000 0.05670500 -0.01161600
v 0.01235000 0.05641400 -0.01493800
v 0.01235000 0.05689000 -0.00947500
v 0.01315000 0.05689000 -0.00947500
v 0.01315000 0.05686600 -0.00860600
v 0.01315000 0.05686100 -0.00844900
v 0.01315000 0.05668500 -0.00757800
v 0.01315000 0.05665800 -0.00744300
v 0.01315000 0.05632900 -0.00659600
v 0.01315000 0.05628600 -0.00648600
v 0.01315000 0.05580800 -0.00569100
v 0.01315000 0.05575700 -0.00560700
v 0.01315000 0.05513800 -0.00489000
v 0.01315000 0.05508600 -0.00483100
v 0.01315000 0.05433800 -0.00421800
v 0.01315000 0.05429300 -0.00418000
v 0.01315000 0.05343400 -0.00369400
v 0.01315000 0.05340000 -0.00367500
v 0.01315000 0.05245200 -0.00333500
v 0.01315000 0.05243400 -0.00332800
v 0.01315000 0.05142300 -0.00315200
v 0.01315000 0.01840000 -0.00026300
v 0.01315000 -0.01760000 -0.00026300
v 0.01315000 -0.05062300 -0.00315200
v 0.01235000 -0.05607700 -0.00965200
v 0.01315000 -0.05163400 -0.00332800
v 0.01315000 -0.05260000 -0.00367500
v 0.01315000 -0.05165200 -0.00333500
v 0.01315000 -0.05349300 -0.00418000
v 0.01315000 -0.05263400 -0.00369400
v 0.01315000 -0.05428600 -0.00483100
v 0.01315000 -0.05353800 -0.00421800
v 0.01315000 -0.05495800 -0.00560700
v 0.01315000 -0.05433800 -0.00489000
v 0.01315000 -0.05548700 -0.00648600
v 0.01315000 -0.05500800 -0.00569100
v 0.01315000 -0.05585800 -0.00744300
v 0.01315000 -0.05553000 -0.00659600
v 0.01315000 -0.05606100 -0.00844900
v 0.01315000 -0.05588600 -0.00757800
v 0.01235000 -0.05609000 -0.00947500
v 0.01315000 -0.05606600 -0.00860600
v 0.01315000 -0.05609000 -0.00947500
v 0.01235000 -0.05590500 -0.01161600
v 0.01235000 -0.05456500 -0.02693800
v 0.01235000 -0.05290200 -0.04593800
v 0.01235000 -0.05561500 -0.01493800
v 0.01315000 -0.05590500 -0.01161600
v 0.01315000 -0.05160600 -0.06075800
v 0.01235000 -0.05185300 -0.05793800
v 0.01315000 -0.05113600 -0.06612500
v 0.01315000 -0.05150200 -0.06195000
v 0.01315100 -0.05151500 -0.06179800
v 0.01315500 -0.05155400 -0.06135600
v 0.01315300 -0.05157400 -0.06112700
v 0.01315000 -0.05082200 -0.06831600
v 0.01315000 -0.05061400 -0.06912000
v 0.01315000 -0.04831300 -0.07472800
v 0.01315000 -0.04846600 -0.07449700
v 0.01315000 -0.04947800 -0.07252800
v 0.01315000 -0.04967500 -0.07201100
v 0.01315000 -0.05026700 -0.07045900
v 0.01315000 -0.04724200 -0.07634200
v 0.01315000 -0.04653200 -0.07719100
v 0.01315000 -0.04199000 -0.08120200
v 0.01315000 -0.04246400 -0.08091700
v 0.01315000 -0.04422200 -0.07957200
v 0.01315000 -0.04442200 -0.07938000
v 0.01315000 -0.04582200 -0.07804100
v 0.01315000 -0.04056700 -0.08205900
v 0.01315000 -0.03931000 -0.08263800
v 0.01315000 -0.03855600 -0.08298400
v 0.01315000 -0.03645500 -0.08368200
v 0.01315000 -0.03497100 -0.08419100
v 0.01315000 -0.03450400 -0.08442400
v 0.01315000 -0.03356700 -0.08489000
v 0.01315000 -0.03270000 -0.08547300
v 0.01315000 -0.03226600 -0.08576500
v 0.01315000 -0.03109000 -0.08680200
v 0.01315000 -0.03061200 -0.08721300
v 0.01135000 -0.03061200 -0.08721300
v 0.01315000 -0.03007600 -0.08754300
v 0.01135000 -0.03007600 -0.08754300
v 0.01315000 -0.02949400 -0.08778500
v 0.01135000 -0.02949400 -0.08778500
v 0.01315000 -0.02888100 -0.08793300
v 0.01315000 -0.02825300 -0.08798200
v 0.01315000 0.02040000 -0.08798200
v 0.01315000 0.02101400 -0.08803200
v 0.01315000 0.02161200 -0.08818200
v 0.01315000 0.02217800 -0.08842700
v 0.01235000 0.02292300 -0.08882400
v 0.01315000 0.02292300 -0.08882400
v 0.01315000 0.02863000 -0.08798200
v 0.01315000 0.02683600 -0.08798200
v 0.01315000 0.02962600 -0.08706900
v 0.01315000 0.02987000 -0.08428200
v 0.01283100 -0.00860700 -0.01493800
v 0.01283100 -0.00860700 -0.02693800
v 0.01283100 0.00939300 -0.02693800
v 0.01283100 0.00939300 -0.01493800
v 0.01283100 -0.00860700 -0.04593800
v 0.01283100 -0.00860700 -0.05793800
v 0.01235000 -0.01160700 -0.04593800
v 0.01263200 -0.00878700 -0.04593800
v 0.01235000 -0.01160700 -0.05793800
v 0.01263200 -0.00878700 -0.05793800
v 0.01235000 -0.01160700 -0.01493800
v 0.01263200 -0.00878700 -0.01493800
v 0.01235000 -0.01160700 -0.02693800
v 0.01263200 -0.00878700 -0.02693800
v 0.01235000 0.01239300 -0.02693800
v 0.01263200 0.00957300 -0.02693800
v 0.01235000 0.01239300 -0.01493800
v 0.01263200 0.00957300 -0.01493800
v 0.01405000 0.05066100 -0.00999900
v 0.01405000 0.04683300 -0.00617000
v 0.01405000 0.05139300 -0.01176700
v 0.01405000 0.05139300 -0.03011000
v 0.01405000 0.04683300 -0.03570600
v 0.01405000 0.05066100 -0.03187800
v 0.01405000 0.05122700 -0.03244300
v 0.01405000 0.04739800 -0.03627200
v 0.01405000 0.05219300 -0.03011000
v 0.01405000 0.05219300 -0.01176700
v 0.01405000 0.05122700 -0.00943300
v 0.01405000 0.04739800 -0.00560500
v 0.01415000 0.05209300 -0.01176700
v 0.01415000 0.05149300 -0.01176700
v 0.01415000 0.05209300 -0.03011000
v 0.01415000 0.05149300 -0.03011000
v 0.01415000 0.04732800 -0.00567500
v 0.01415000 0.05073200 -0.00992800
v 0.01415000 0.05115600 -0.00950400
v 0.01415000 0.04690300 -0.00610000
v 0.01415000 0.05073200 -0.03194800
v 0.01415000 0.04732800 -0.03620100
v 0.01415000 0.05115600 -0.03237200
v 0.01415000 0.04690300 -0.03577700
v 0.01405000 -0.04661200 -0.00560500
v 0.01405000 -0.05044000 -0.00943300
v 0.01405000 -0.05140700 -0.01176700
v 0.01405000 -0.05140700 -0.03011000
v 0.01405000 -0.05044000 -0.03244300
v 0.01405000 -0.04661200 -0.03627200
v 0.01405000 -0.04661200 -0.03660500
v 0.01405000 -0.05044000 -0.04043300
v 0.01405000 -0.05140700 -0.04276700
v 0.01405000 -0.05140700 -0.06111000
v 0.01405000 -0.05044000 -0.06344300
v 0.01405000 -0.04661200 -0.06727200
v 0.01405000 -0.04604600 -0.06670600
v 0.01405000 -0.04987400 -0.06287800
v 0.01405000 -0.05060700 -0.06111000
v 0.01405000 -0.05060700 -0.04276700
v 0.01405000 -0.04987400 -0.04099900
v 0.01405000 -0.04604600 -0.03717000
v 0.01405000 -0.04604600 -0.03570600
v 0.01405000 -0.04987400 -0.03187800
v 0.01405000 -0.05060700 -0.03011000
v 0.01405000 -0.05060700 -0.01176700
v 0.01405000 -0.04604600 -0.00617000
v 0.01405000 -0.04987400 -0.00999900
v 0.01415000 -0.04654100 -0.00567500
v 0.01415000 -0.04994500 -0.00992800
v 0.01415000 -0.04611700 -0.00610000
v 0.01415000 -0.05037000 -0.00950400
v 0.01415000 -0.04994500 -0.03194800
v 0.01415000 -0.04654100 -0.03620100
v 0.01415000 -0.04611700 -0.03577700
v 0.01415000 -0.05037000 -0.03237200
v 0.01415000 -0.05070700 -0.01176700
v 0.01415000 -0.05130700 -0.01176700
v 0.01415000 -0.05070700 -0.03011000
v 0.01415000 -0.05130700 -0.03011000
v 0.01415000 -0.04654100 -0.03667500
v 0.01415000 -0.04994500 -0.04092800
v 0.01415000 -0.04611700 -0.03710000
v 0.01415000 -0.05037000 -0.04050400
v 0.01415000 -0.04994500 -0.06294800
v 0.01415000 -0.04654100 -0.06720100
v 0.01415000 -0.04611700 -0.06677700
v 0.01415000 -0.05037000 -0.06337200
v 0.01415000 -0.05070700 -0.04276700
v 0.01415000 -0.05130700 -0.04276700
v 0.01415000 -0.05070700 -0.06111000
v 0.01415000 -0.05130700 -0.06111000
v 0.01235000 0.05667300 -0.00966200
v 0.01235000 0.05575600 -0.01036500
v 0.01235000 0.05652300 -0.01140000
v 0.01235000 -0.05495700 -0.01036500
v 0.01235000 -0.05542100 -0.01167200
v 0.01235000 -0.05517300 -0.01191400
v 0.01235000 -0.05562400 -0.01139100
v 0.01235000 -0.05587300 -0.00966200
v 0.01235000 -0.05572400 -0.01140000
v 0.01235000 0.02576200 -0.08808400
v 0.01235000 0.02475400 -0.08770900
v 0.01235000 0.02458800 -0.08778700
v 0.01235000 0.02441100 -0.08783400
v 0.01235000 0.02422900 -0.08785000
v 0.01235000 0.02404600 -0.08783400
v 0.01235000 0.02328800 -0.08856500
v 0.01334700 0.05654000 -0.01160200
v 0.01334700 0.05421100 -0.03822800
v 0.01333800 0.05424400 -0.03823100
v 0.01333800 0.05657400 -0.01160500
v 0.01332300 0.05427600 -0.03823400
v 0.01332300 0.05660600 -0.01160800
v 0.01330300 0.05430400 -0.03823600
v 0.01330300 0.05663400 -0.01161000
v 0.01327900 0.05432900 -0.03823900
v 0.01327900 0.05665800 -0.01161200
v 0.01325000 0.05667800 -0.01161400
v 0.01325000 0.05434900 -0.03824000
v 0.01321800 0.05669300 -0.01161500
v 0.01321800 0.05436400 -0.03824200
v 0.01318500 0.05670200 -0.01161600
v 0.01318500 0.05437300 -0.03824200
v 0.01334700 0.04355600 -0.04716800
v 0.01334700 0.00530300 -0.04382200
v 0.01333800 0.00530000 -0.04385500
v 0.01333800 0.04355400 -0.04720200
v 0.01332300 0.00529700 -0.04388700
v 0.01332300 0.04355100 -0.04723400
v 0.01330300 0.00529400 -0.04391500
v 0.01330300 0.04354800 -0.04726200
v 0.01327900 0.00529200 -0.04394000
v 0.01327900 0.04354600 -0.04728600
v 0.01325000 0.00529100 -0.04396000
v 0.01325000 0.04354400 -0.04730600
v 0.01321800 0.00528900 -0.04397400
v 0.01321800 0.04354300 -0.04732100
v 0.01318500 0.00528800 -0.04398300
v 0.01318500 0.04354200 -0.04733000
v 0.01334700 0.00187000 -0.04669900
v 0.01334800 -0.00091900 -0.07857700
v 0.01334700 0.00187400 -0.04669900
v 0.01334000 -0.00088800 -0.07858000
v 0.01334000 0.00190000 -0.04670100
v 0.01333800 0.00190700 -0.04670200
v 0.01332800 -0.00086000 -0.07858200
v 0.01332800 0.00192900 -0.04670400
v 0.01332300 0.00193900 -0.04670500
v 0.01331200 -0.00083300 -0.07858400
v 0.01331100 0.00195600 -0.04670600
v 0.01330300 0.00196700 -0.04670700
v 0.01329100 -0.00080900 -0.07858600
v 0.01329100 0.00197900 -0.04670800
v 0.01326800 -0.00078900 -0.07858800
v 0.01324100 -0.00077300 -0.07859000
v 0.01324000 0.00201600 -0.04671200
v 0.01326700 0.00200000 -0.04671000
v 0.01325000 0.00201100 -0.04671100
v 0.01327900 0.00199200 -0.04670900
v 0.01321200 0.00202800 -0.04671200
v 0.01321200 -0.00076100 -0.07859100
v 0.01318500 0.00203500 -0.04671300
v 0.01321800 0.00202600 -0.04671200
v 0.01318100 -0.00075300 -0.07859100
v 0.01318100 0.00203500 -0.04671300
v 0.01316700 0.02986900 -0.08428300
v 0.01318100 0.00197600 -0.08184400
v 0.01318500 0.02986600 -0.08428500
v 0.01320200 0.02986200 -0.08428800
v 0.01318500 0.00197600 -0.08184500
v 0.01321200 0.00197500 -0.08185100
v 0.01321800 0.02985700 -0.08429300
v 0.01323400 0.02984900 -0.08429900
v 0.01321800 0.00197500 -0.08185400
v 0.01324100 0.00197400 -0.08186300
v 0.01325000 0.02984100 -0.08430600
v 0.01326500 0.02983100 -0.08431500
v 0.01325000 0.00197400 -0.08186900
v 0.01326800 0.00197300 -0.08188000
v 0.01327900 0.02981900 -0.08432500
v 0.01327800 0.00197200 -0.08188900
v 0.01330300 0.02979200 -0.08434700
v 0.01329100 0.00197100 -0.08190000
v 0.01330300 0.00197000 -0.08191300
v 0.01332300 0.02976100 -0.08437300
v 0.01331200 0.00196900 -0.08192400
v 0.01332300 0.00196800 -0.08194200
v 0.01333800 0.02972700 -0.08440200
v 0.01333800 0.00196500 -0.08197300
v 0.01332800 0.00196700 -0.08195000
v 0.01334700 0.02969100 -0.08443200
v 0.01334700 0.00196200 -0.08200600
v 0.01334000 0.00196400 -0.08197900
v 0.01334800 -0.05573700 -0.01160200
v 0.01334800 -0.05143800 -0.06074300
v 0.01334700 -0.05144100 -0.06074400
v 0.01334700 -0.05574100 -0.01160200
v 0.01334000 -0.05146800 -0.06074600
v 0.01334000 -0.05576800 -0.01160400
v 0.01333800 -0.05147500 -0.06074600
v 0.01333800 -0.05577400 -0.01160500
v 0.01332800 -0.05149700 -0.06074800
v 0.01332800 -0.05579600 -0.01160700
v 0.01332300 -0.05150600 -0.06074900
v 0.01332300 -0.05580500 -0.01160700
v 0.01331200 -0.05152400 -0.06075100
v 0.01331200 -0.05582300 -0.01160900
v 0.01330300 -0.05153400 -0.06075200
v 0.01330300 -0.05583400 -0.01161000
v 0.01329100 -0.05154800 -0.06075300
v 0.01329100 -0.05584700 -0.01161100
v 0.01327800 -0.05155900 -0.06075400
v 0.01327800 -0.05585800 -0.01161200
v 0.01326800 -0.05156800 -0.06075500
v 0.01326800 -0.05586700 -0.01161300
v 0.01325000 -0.05587800 -0.01161400
v 0.01325000 -0.05157900 -0.06075600
v 0.01324100 -0.05158400 -0.06075600
v 0.01324100 -0.05588400 -0.01161400
v 0.01321800 -0.05159400 -0.06075700
v 0.01321800 -0.05589300 -0.01161500
v 0.01318500 -0.05590200 -0.01161600
v 0.01321200 -0.05159600 -0.06075700
v 0.01321200 -0.05589600 -0.01161500
v 0.01318500 -0.05160300 -0.06075800
v 0.01318100 -0.05160400 -0.06075800
v 0.01318100 -0.05590300 -0.01161600
v 0.01334700 0.02040000 -0.08781700
v 0.01334700 -0.02825300 -0.08781700
v 0.01333800 0.02040000 -0.08785100
v 0.01333800 -0.02825300 -0.08785100
v 0.01332300 0.02040000 -0.08788200
v 0.01332300 -0.02825300 -0.08788200
v 0.01330300 0.02040000 -0.08791100
v 0.01330300 -0.02825300 -0.08791100
v 0.01327900 0.02040000 -0.08793500
v 0.01327900 -0.02825300 -0.08793500
v 0.01325000 -0.02825300 -0.08795500
v 0.01325000 0.02040000 -0.08795500
v 0.01321800 -0.02825300 -0.08797000
v 0.01321800 0.02040000 -0.08797000
v 0.01318500 -0.02825300 -0.08797900
v 0.01318500 0.02040000 -0.08797900
v 0.01316700 -0.01760000 -0.00026300
v 0.01318100 -0.05062300 -0.00315400
v 0.01318500 -0.01760000 -0.00026600
v 0.01320200 -0.01760000 -0.00026900
v 0.01318500 -0.05062300 -0.00315500
v 0.01321200 -0.05062200 -0.00316200
v 0.01321800 -0.01760000 -0.00027500
v 0.01323400 -0.01759900 -0.00028100
v 0.01321800 -0.05062200 -0.00316400
v 0.01324100 -0.05062100 -0.00317400
v 0.01325000 -0.01759900 -0.00028900
v 0.01326500 -0.01759800 -0.00029900
v 0.01325000 -0.05062100 -0.00317900
v 0.01326800 -0.05062000 -0.00319000
v 0.01327900 -0.01759800 -0.00030900
v 0.01327800 -0.05061900 -0.00319900
v 0.01330300 -0.01759700 -0.00033400
v 0.01329100 -0.05061800 -0.00321000
v 0.01330300 -0.05061700 -0.00322300
v 0.01332300 -0.01759600 -0.00036300
v 0.01331200 -0.05061600 -0.00323400
v 0.01332300 -0.05061400 -0.00325200
v 0.01333800 -0.01759400 -0.00039400
v 0.01333800 -0.05061100 -0.00328300
v 0.01332800 -0.05061300 -0.00326100
v 0.01334700 -0.01759300 -0.00042800
v 0.01334700 -0.05060800 -0.00331600
v 0.01334000 -0.05061100 -0.00328900
v 0.01334800 -0.05060800 -0.00332000
v 0.01326800 0.01839800 -0.00030100
v 0.01325000 0.01839900 -0.00029000
v 0.01324100 0.01839900 -0.00028400
v 0.01321800 0.01839900 -0.00027500
v 0.01321200 0.01840000 -0.00027200
v 0.01318500 0.01840000 -0.00026600
v 0.01318100 0.01840000 -0.00026500
v 0.01329100 0.01839700 -0.00032100
v 0.01327800 0.01839800 -0.00031000
v 0.01331200 0.01839600 -0.00034500
v 0.01330300 0.01839700 -0.00033500
v 0.01332800 0.01839500 -0.00037200
v 0.01332300 0.01839600 -0.00036300
v 0.01334700 0.01839300 -0.00042800
v 0.01334000 0.01839400 -0.00040100
v 0.01333800 0.01839400 -0.00039400
v 0.01334800 0.01839200 -0.00043100
v 0.01334700 0.05140800 -0.00332000
v 0.01334700 0.05140800 -0.00331600
v 0.01334000 0.05141100 -0.00329000
v 0.01333800 0.05141100 -0.00328300
v 0.01332800 0.05141300 -0.00326100
v 0.01332300 0.05141400 -0.00325100
v 0.01331100 0.05141600 -0.00323400
v 0.01330300 0.05141600 -0.00322300
v 0.01329100 0.05141800 -0.00321100
v 0.01327900 0.05141900 -0.00319800
v 0.01326700 0.05141900 -0.00319000
v 0.01325000 0.05142000 -0.00317800
v 0.01324000 0.05142100 -0.00317400
v 0.01321800 0.05142200 -0.00316400
v 0.01321200 0.05142200 -0.00316200
v 0.01318500 0.05142200 -0.00315500
v 0.01318100 0.05142200 -0.00315500
v 0.01279800 0.00939600 -0.02693800
v 0.01279800 0.00939600 -0.01493800
v 0.01276700 0.00940400 -0.02693800
v 0.01276700 0.00940400 -0.01493800
v 0.01273700 0.00941700 -0.02693800
v 0.01273700 0.00941700 -0.01493800
v 0.01270900 0.00943500 -0.02693800
v 0.01270900 0.00943500 -0.01493800
v 0.01268500 0.00945600 -0.02693800
v 0.01268500 0.00945600 -0.01493800
v 0.01266500 0.00948200 -0.01493800
v 0.01266500 0.00948200 -0.02693800
v 0.01264900 0.00951100 -0.01493800
v 0.01264900 0.00951100 -0.02693800
v 0.01263800 0.00954100 -0.01493800
v 0.01263800 0.00954100 -0.02693800
v 0.01263800 -0.00875500 -0.01493800
v 0.01263800 -0.00875500 -0.02693800
v 0.01264900 -0.00872400 -0.01493800
v 0.01264900 -0.00872400 -0.02693800
v 0.01266500 -0.00869500 -0.01493800
v 0.01266500 -0.00869500 -0.02693800
v 0.01268500 -0.00867000 -0.01493800
v 0.01268500 -0.00867000 -0.02693800
v 0.01270900 -0.00864800 -0.02693800
v 0.01270900 -0.00864800 -0.01493800
v 0.01273700 -0.00863000 -0.02693800
v 0.01273700 -0.00863000 -0.01493800
v 0.01276700 -0.00861700 -0.02693800
v 0.01276700 -0.00861700 -0.01493800
v 0.01279800 -0.00860900 -0.02693800
v 0.01279800 -0.00860900 -0.01493800
v 0.01263800 -0.00875500 -0.04593800
v 0.01263800 -0.00875500 -0.05793800
v 0.01264900 -0.00872400 -0.04593800
v 0.01264900 -0.00872400 -0.05793800
v 0.01266500 -0.00869500 -0.04593800
v 0.01266500 -0.00869500 -0.05793800
v 0.01268500 -0.00867000 -0.04593800
v 0.01268500 -0.00867000 -0.05793800
v 0.01270900 -0.00864800 -0.05793800
v 0.01270900 -0.00864800 -0.04593800
v 0.01273700 -0.00863000 -0.05793800
v 0.01273700 -0.00863000 -0.04593800
v 0.01276700 -0.00861700 -0.05793800
v 0.01276700 -0.00861700 -0.04593800
v 0.01279800 -0.00860900 -0.05793800
v 0.01279800 -0.00860900 -0.04593800
f 1 2 3
f 2 1 4
f 2 4 5
f 5 4 6
f 5 6 7
f 7 6 8
f 7 8 9
f 9 8 10
f 9 10 11
f 11 10 12
f 11 12 13
f 13 12 14
f 13 14 15
f 14 16 15
f 16 17 15
f 18 17 16
f 17 18 19
f 20 18 21
f 18 20 19
f 22 20 21
f 20 22 23
f 3 22 24
f 22 3 23
f 24 1 3
f 1 24 14
f 12 10 14
f 21 18 16
f 21 16 14
f 22 21 14
f 24 22 14
f 4 1 6
f 6 1 14
f 8 6 14
f 10 8 14
f 25 26 27
f 28 26 25
f 29 30 31
f 26 28 32
f 33 32 28
f 32 33 31
f 34 31 33
f 29 31 34
f 30 29 35
f 30 35 36
f 36 35 37
f 36 37 38
f 36 38 39
f 36 39 40
f 36 40 41
f 30 36 42
f 43 42 36
f 42 43 44
f 44 43 45
f 45 43 46
f 46 43 47
f 48 49 50
f 48 51 49
f 48 52 51
f 53 52 48
f 54 53 55
f 54 55 56
f 54 56 57
f 54 57 58
f 59 53 54
f 53 59 52
f 60 59 54
f 61 59 60
f 42 61 62
f 42 62 63
f 61 42 59
f 64 42 63
f 42 64 30
f 65 66 67
f 68 66 65
f 69 66 68
f 70 66 69
f 71 66 70
f 66 71 72
f 73 74 75
f 74 76 77
f 76 74 73
f 78 77 79
f 80 81 82
f 81 80 83
f 84 85 86
f 85 82 87
f 82 85 84
f 87 88 89
f 90 87 82
f 90 82 81
f 91 87 90
f 87 91 88
f 92 91 90
f 93 91 92
f 93 94 91
f 93 95 94
f 93 96 95
f 79 96 93
f 96 79 97
f 98 99 79
f 100 79 99
f 97 79 100
f 101 79 77
f 99 98 102
f 101 77 76
f 103 102 104
f 105 102 103
f 99 102 106
f 102 107 108
f 106 102 105
f 79 101 98
f 76 109 101
f 110 109 76
f 109 110 111
f 112 102 98
f 102 113 107
f 98 101 114
f 102 115 113
f 116 102 112
f 102 117 115
f 102 118 117
f 102 119 118
f 102 116 119
f 98 120 112
f 121 120 98
f 121 122 120
f 123 121 124
f 121 123 122
f 112 125 116
f 112 126 125
f 126 112 127
f 128 129 130
f 131 132 133
f 134 135 130
f 130 136 137
f 132 138 139
f 140 131 134
f 130 141 142
f 130 137 141
f 135 134 131
f 143 130 129
f 131 140 132
f 144 138 140
f 145 144 146
f 144 145 138
f 147 148 149
f 150 148 147
f 151 148 150
f 131 151 152
f 131 152 153
f 151 131 148
f 135 131 153
f 130 135 136
f 154 155 156
f 149 155 154
f 155 157 158
f 155 149 157
f 149 159 157
f 159 149 148
f 160 161 162
f 160 158 161
f 158 160 155
f 163 158 157
f 164 163 165
f 163 164 158
f 139 166 167
f 166 139 138
f 168 169 170
f 171 169 168
f 169 171 172
f 173 130 174
f 175 130 173
f 176 130 175
f 170 130 176
f 130 170 169
f 130 169 134
f 177 134 169
f 177 178 134
f 179 178 177
f 180 178 179
f 178 180 181
f 174 130 143
f 132 140 138
f 140 134 182
f 183 142 184
f 183 104 142
f 27 104 183
f 104 27 26
f 104 130 142
f 130 104 102
f 185 186 187
f 185 188 186
f 185 189 188
f 185 190 189
f 191 185 192
f 185 191 190
f 193 194 195
f 196 197 198
f 199 200 194
f 200 199 201
f 194 193 199
f 193 198 199
f 193 202 198
f 202 196 198
f 203 202 204
f 202 203 196
f 205 206 207
f 206 205 208
f 209 210 205
f 210 211 205
f 212 213 211
f 213 212 214
f 211 213 205
f 213 215 205
f 215 208 205
f 208 215 216
f 217 218 219
f 218 217 220
f 221 222 223
f 222 219 224
f 222 221 219
f 218 224 219
f 224 218 225
f 225 218 226
f 222 227 228
f 227 222 224
f 229 230 231
f 230 232 233
f 234 233 232
f 229 231 235
f 230 229 232
f 236 229 237
f 229 236 232
f 230 238 239
f 238 230 233
f 233 234 240
f 241 242 243
f 244 245 246
f 247 248 249
f 248 247 250
f 251 247 252
f 247 244 250
f 247 251 244
f 250 244 241
f 244 242 241
f 242 244 246
f 253 254 255
f 254 253 256
f 257 256 253
f 258 256 257
f 256 258 259
f 260 261 262
f 261 260 253
f 257 253 260
f 257 260 263
f 264 257 263
f 95 265 94
f 265 95 60
f 266 265 60
f 54 266 60
f 266 267 268
f 267 266 54
f 120 179 177
f 179 120 122
f 169 120 177
f 120 169 112
f 127 169 172
f 169 127 112
f 269 270 271
f 270 272 271
f 273 271 274
f 275 271 273
f 275 269 271
f 276 277 278
f 276 278 271
f 279 276 271
f 272 279 271
f 280 281 282
f 283 284 285
f 286 283 285
f 287 288 289
f 290 291 292
f 293 290 292
f 293 292 289
f 294 282 295
f 296 282 294
f 296 280 282
f 297 296 294
f 298 296 297
f 299 296 298
f 299 298 300
f 301 299 300
f 301 300 302
f 285 303 304
f 285 305 303
f 285 284 305
f 288 293 289
f 306 293 288
f 307 293 306
f 308 307 306
f 302 307 308
f 309 302 308
f 301 302 309
f 310 301 309
f 284 301 310
f 311 284 310
f 284 311 305
f 312 313 314
f 315 316 317
f 314 315 317
f 318 315 314
f 319 318 314
f 320 321 319
f 320 319 314
f 322 320 314
f 313 322 314
f 323 324 325
f 324 323 326
f 327 328 329
f 327 329 325
f 330 327 325
f 330 325 324
f 331 330 324
f 332 331 324
f 296 333 334
f 333 296 299
f 334 335 296
f 335 280 296
f 336 280 335
f 280 336 281
f 337 338 339
f 336 335 334
f 336 334 333
f 338 336 333
f 338 333 340
f 341 338 340
f 342 338 341
f 339 338 342
f 284 340 301
f 284 341 340
f 283 341 284
f 283 342 341
f 342 286 339
f 286 342 283
f 337 323 338
f 323 337 326
f 343 316 288
f 316 343 317
f 315 288 316
f 315 306 288
f 318 306 315
f 318 308 306
f 319 308 318
f 319 309 308
f 321 309 319
f 321 310 309
f 320 310 321
f 320 311 310
f 320 305 311
f 305 320 322
f 305 322 313
f 303 305 313
f 303 313 312
f 344 303 312
f 345 277 294
f 277 345 278
f 277 297 294
f 297 277 276
f 276 298 297
f 298 276 279
f 298 279 272
f 300 298 272
f 300 272 270
f 302 300 270
f 302 270 269
f 307 302 269
f 269 293 307
f 293 269 275
f 293 275 273
f 290 293 273
f 290 274 346
f 274 290 273
f 299 340 333
f 340 299 301
f 347 348 327
f 349 348 350
f 351 349 352
f 348 349 351
f 353 354 355
f 356 354 353
f 357 354 356
f 354 357 358
f 356 359 357
f 360 361 362
f 347 359 356
f 347 361 359
f 348 347 350
f 347 327 361
f 330 361 327
f 330 352 361
f 352 330 351
f 363 353 355
f 353 363 364
f 362 364 363
f 364 362 361
f 361 360 359
f 365 9 11
f 366 9 365
f 366 7 9
f 20 367 19
f 23 368 20
f 20 368 369
f 20 369 367
f 2 370 3
f 370 371 3
f 3 371 23
f 371 372 23
f 23 372 368
f 373 7 366
f 373 374 7
f 374 5 7
f 374 375 5
f 375 2 5
f 375 376 2
f 376 370 2
f 13 15 377
f 378 13 377
f 11 13 378
f 379 11 378
f 365 11 379
f 19 367 380
f 19 380 381
f 17 19 381
f 17 381 382
f 15 17 382
f 15 382 383
f 377 15 383
f 384 385 386
f 387 384 386
f 388 384 387
f 389 388 387
f 389 390 388
f 390 389 391
f 392 390 391
f 393 392 391
f 394 392 393
f 395 394 393
f 396 397 398
f 399 396 398
f 400 401 402
f 403 400 402
f 400 403 404
f 404 403 405
f 406 407 408
f 407 406 409
f 410 411 412
f 411 410 413
f 412 411 414
f 414 411 415
f 415 416 414
f 416 415 417
f 416 417 418
f 418 417 419
f 418 419 420
f 420 419 421
f 420 422 423
f 422 420 421
f 423 422 424
f 424 422 425
f 425 426 424
f 426 425 427
f 428 429 430
f 429 428 431
f 432 433 434
f 434 433 435
f 436 434 435
f 437 436 435
f 438 439 440
f 441 438 440
f 442 443 444
f 445 442 444
f 446 442 445
f 447 446 445
f 446 386 385
f 386 446 447
f 448 449 450
f 450 449 451
f 452 449 448
f 452 453 449
f 453 454 449
f 455 454 453
f 456 454 455
f 456 457 454
f 458 457 456
f 459 457 458
f 460 459 458
f 459 460 461
f 460 462 461
f 461 463 464
f 461 464 465
f 465 464 466
f 465 466 467
f 465 467 468
f 469 470 468
f 470 469 471
f 468 472 469
f 468 467 472
f 471 473 470
f 470 473 474
f 470 474 475
f 474 476 475
f 475 476 477
f 475 477 478
f 479 480 481
f 478 480 479
f 477 482 478
f 483 479 481
f 483 484 479
f 484 485 479
f 486 487 488
f 488 487 485
f 489 488 485
f 489 485 484
f 490 487 486
f 490 491 487
f 491 451 487
f 492 451 491
f 450 451 492
f 493 465 468
f 494 470 475
f 495 470 494
f 468 470 495
f 496 468 495
f 493 468 496
f 487 497 485
f 485 497 498
f 485 498 479
f 479 498 499
f 479 499 500
f 478 479 500
f 501 478 500
f 475 478 501
f 502 475 501
f 494 475 502
f 449 503 451
f 451 503 504
f 451 504 487
f 504 505 487
f 487 505 497
f 506 465 493
f 507 465 506
f 507 461 465
f 508 461 507
f 508 459 461
f 508 509 459
f 459 509 457
f 509 510 457
f 457 510 454
f 510 511 454
f 454 511 449
f 511 512 449
f 449 512 503
f 513 514 515
f 516 351 517
f 518 519 520
f 519 521 520
f 520 521 522
f 521 523 522
f 522 523 524
f 524 523 525
f 513 526 514
f 526 527 514
f 527 528 514
f 348 351 516
f 348 516 529
f 530 348 529
f 531 532 533
f 531 533 534
f 531 534 518
f 534 535 518
f 535 519 518
f 536 528 527
f 537 528 536
f 538 528 537
f 517 538 537
f 539 538 517
f 351 539 517
f 531 529 532
f 531 540 529
f 540 530 529
f 523 541 525
f 541 542 525
f 525 542 543
f 542 544 543
f 544 545 543
f 544 546 545
f 546 547 545
f 546 515 547
f 515 548 547
f 515 514 548
f 345 295 278
f 346 274 291
f 278 520 271
f 271 520 522
f 271 522 274
f 274 522 524
f 291 274 524
f 291 524 525
f 292 291 525
f 295 520 278
f 295 282 520
f 282 518 520
f 304 344 312
f 543 287 289
f 287 543 545
f 317 343 287
f 317 287 545
f 314 317 545
f 547 314 545
f 312 314 547
f 548 312 547
f 548 304 312
f 514 304 548
f 514 285 304
f 540 325 329
f 325 540 531
f 328 540 329
f 540 328 530
f 327 530 328
f 530 327 348
f 518 281 531
f 281 518 282
f 325 531 323
f 323 531 281
f 338 323 281
f 336 338 281
f 331 351 330
f 351 331 539
f 332 539 331
f 539 332 538
f 538 332 324
f 538 324 528
f 514 286 285
f 286 514 528
f 528 324 326
f 326 337 339
f 326 339 286
f 528 326 286
f 549 550 551
f 550 549 552
f 553 552 549
f 552 553 554
f 550 555 556
f 555 550 557
f 552 557 550
f 557 552 558
f 555 559 560
f 559 555 557
f 561 555 560
f 555 561 562
f 555 563 556
f 563 555 562
f 563 550 556
f 550 563 564
f 550 565 551
f 565 550 564
f 566 549 567
f 549 566 553
f 554 568 552
f 568 554 569
f 568 558 552
f 558 568 570
f 558 571 557
f 571 558 570
f 571 559 557
f 559 571 572
f 559 561 560
f 561 559 572
f 573 574 575
f 576 577 578
f 579 578 580
f 581 582 583
f 582 581 577
f 578 575 580
f 578 577 575
f 577 573 575
f 577 581 573
f 581 584 573
f 585 581 583
f 581 585 586
f 584 586 587
f 586 584 581
f 587 573 584
f 573 587 588
f 574 588 589
f 588 574 573
f 590 575 591
f 575 590 580
f 578 592 593
f 592 578 579
f 593 576 578
f 576 593 594
f 577 594 595
f 594 577 576
f 595 582 577
f 582 595 596
f 583 596 585
f 596 583 582
f 597 598 599
f 600 601 602
f 603 602 604
f 605 606 607
f 606 605 601
f 602 599 604
f 602 601 599
f 601 597 599
f 601 605 597
f 605 608 597
f 609 605 607
f 605 609 610
f 605 611 608
f 611 605 610
f 611 597 608
f 597 611 612
f 597 613 598
f 613 597 612
f 614 604 599
f 604 614 615
f 603 616 602
f 616 603 617
f 616 600 602
f 600 616 618
f 600 619 601
f 619 600 618
f 619 606 601
f 606 619 620
f 606 609 607
f 609 606 620
f 203 621 196
f 203 622 621
f 623 624 625
f 626 212 211
f 627 212 626
f 628 212 627
f 629 630 212
f 629 212 628
f 631 629 628
f 628 632 631
f 632 628 625
f 624 632 625
f 203 625 622
f 203 633 625
f 633 623 625
f 199 205 207
f 634 635 636
f 635 201 636
f 201 199 636
f 636 199 637
f 199 207 637
f 207 638 637
f 207 639 638
f 622 640 641
f 640 622 625
f 621 641 642
f 641 621 622
f 621 197 196
f 197 621 642
f 209 197 210
f 197 209 198
f 643 644 645
f 643 645 210
f 640 643 210
f 197 640 210
f 641 640 197
f 642 641 197
f 643 628 627
f 644 643 627
f 627 645 644
f 645 627 626
f 211 645 626
f 645 211 210
f 209 199 198
f 199 209 205
f 625 643 640
f 643 625 628
f 646 647 636
f 648 646 649
f 646 648 591
f 636 649 646
f 637 649 636
f 637 650 649
f 651 637 652
f 637 651 650
f 653 651 590
f 651 653 650
f 654 655 656
f 655 657 656
f 657 658 656
f 659 660 661
f 656 659 661
f 662 659 656
f 658 662 656
f 663 664 665
f 664 666 665
f 665 666 667
f 667 666 656
f 666 668 656
f 668 654 656
f 669 670 671
f 670 672 671
f 671 672 673
f 672 674 673
f 673 674 675
f 674 676 675
f 675 676 677
f 676 678 677
f 677 678 679
f 680 677 679
f 680 679 681
f 682 680 681
f 682 681 683
f 684 682 683
f 685 684 683
f 686 684 685
f 687 686 685
f 688 686 687
f 688 689 686
f 690 689 688
f 690 691 689
f 692 691 690
f 692 693 691
f 694 693 692
f 694 669 693
f 694 695 669
f 695 670 669
f 684 696 682
f 696 697 682
f 697 680 682
f 697 698 680
f 698 677 680
f 698 699 677
f 699 675 677
f 699 700 675
f 700 673 675
f 700 701 673
f 701 671 673
f 701 702 671
f 702 669 671
f 669 702 703
f 669 703 693
f 693 703 704
f 693 704 691
f 691 705 689
f 705 691 704
f 705 686 689
f 686 705 706
f 686 706 707
f 686 707 684
f 684 707 696
f 660 683 661
f 683 681 661
f 681 656 661
f 681 679 656
f 679 667 656
f 679 678 667
f 678 665 667
f 678 676 665
f 676 663 665
f 676 674 663
f 674 664 663
f 674 672 664
f 672 666 664
f 672 670 666
f 670 668 666
f 654 670 695
f 670 654 668
f 655 695 694
f 695 655 654
f 655 692 657
f 692 655 694
f 657 692 690
f 657 690 658
f 658 690 688
f 658 688 662
f 662 688 687
f 662 687 659
f 685 659 687
f 659 685 660
f 660 685 683
f 708 709 710
f 711 712 713
f 713 712 709
f 714 713 709
f 714 709 708
f 711 715 712
f 715 716 712
f 716 717 712
f 718 717 716
f 718 719 717
f 720 721 722
f 722 721 719
f 722 719 723
f 723 719 718
f 724 725 721
f 725 726 721
f 727 726 725
f 728 726 727
f 729 728 727
f 730 731 732
f 728 730 732
f 728 733 730
f 728 729 733
f 732 734 735
f 732 735 736
f 736 737 738
f 736 739 737
f 736 735 739
f 738 737 740
f 738 740 741
f 738 741 742
f 741 743 742
f 742 743 744
f 742 744 745
f 744 746 745
f 745 746 747
f 745 747 710
f 710 747 748
f 708 710 748
f 749 700 699
f 750 700 749
f 750 701 700
f 703 751 704
f 751 752 704
f 704 752 705
f 698 697 753
f 754 698 753
f 699 698 754
f 755 699 754
f 749 699 755
f 756 701 750
f 756 757 701
f 757 702 701
f 757 758 702
f 702 758 703
f 758 759 703
f 759 751 703
f 752 760 705
f 705 760 761
f 705 761 706
f 706 761 762
f 706 762 707
f 707 762 763
f 707 763 764
f 696 707 764
f 696 764 765
f 697 696 765
f 766 697 765
f 753 697 766
f 124 767 768
f 767 124 66
f 146 769 182
f 769 146 770
f 771 772 773
f 774 214 180
f 214 774 213
f 773 772 775
f 775 776 214
f 776 181 214
f 181 180 214
f 777 204 202
f 204 777 140
f 140 778 204
f 140 182 778
f 182 779 778
f 769 780 779
f 781 780 769
f 781 782 780
f 646 783 647
f 200 784 194
f 784 200 101
f 785 783 646
f 785 786 200
f 114 200 786
f 101 200 114
f 787 206 208
f 206 787 123
f 124 206 123
f 788 206 124
f 788 768 789
f 789 768 651
f 652 789 651
f 768 767 651
f 590 579 580
f 651 767 590
f 767 592 590
f 592 579 590
f 790 66 72
f 791 770 719
f 792 726 728
f 792 728 732
f 185 792 732
f 185 732 736
f 192 185 736
f 192 736 738
f 585 587 586
f 792 793 726
f 793 791 726
f 726 791 721
f 721 791 719
f 195 587 193
f 588 195 589
f 195 588 587
f 794 589 195
f 589 794 109
f 589 109 111
f 589 111 795
f 146 144 796
f 146 796 193
f 770 146 193
f 592 767 66
f 790 592 66
f 790 593 592
f 790 216 593
f 594 216 215
f 216 594 593
f 215 595 594
f 215 596 595
f 192 215 797
f 192 738 215
f 215 738 596
f 738 742 596
f 742 745 596
f 745 710 596
f 710 585 596
f 710 709 585
f 709 712 585
f 585 193 587
f 712 193 585
f 770 193 712
f 717 770 712
f 719 770 717
f 792 181 776
f 181 792 185
f 774 215 213
f 215 774 797
f 216 787 208
f 787 216 790
f 776 793 792
f 793 776 772
f 781 770 791
f 770 781 769
f 140 796 144
f 796 140 777
f 202 796 777
f 796 202 193
f 794 194 784
f 194 794 195
f 784 109 794
f 109 784 101
f 786 111 114
f 111 786 795
f 574 591 575
f 795 786 646
f 795 646 591
f 589 795 591
f 574 589 591
f 200 201 635
f 200 635 785
f 785 635 634
f 785 634 783
f 783 634 636
f 783 636 647
f 780 632 624
f 632 780 782
f 779 624 623
f 624 779 780
f 779 633 778
f 633 779 623
f 778 203 204
f 203 778 633
f 631 771 773
f 629 631 773
f 773 630 629
f 630 773 775
f 214 630 775
f 630 214 212
f 638 652 637
f 652 638 789
f 638 639 789
f 639 788 789
f 639 206 788
f 206 639 207
f 798 799 800
f 234 800 801
f 802 800 234
f 234 801 803
f 798 800 802
f 804 221 805
f 805 221 806
f 799 798 221
f 234 807 802
f 234 808 807
f 234 809 808
f 809 234 232
f 799 221 804
f 810 221 798
f 811 221 810
f 221 811 219
f 812 229 235
f 229 812 218
f 218 813 226
f 812 235 814
f 218 812 813
f 812 814 815
f 226 813 816
f 816 813 817
f 817 813 818
f 798 819 810
f 819 798 820
f 810 821 811
f 821 810 819
f 821 219 811
f 219 821 217
f 236 822 823
f 822 236 820
f 236 823 824
f 820 236 217
f 236 824 825
f 820 217 819
f 819 217 821
f 237 217 236
f 217 237 220
f 807 822 802
f 822 807 823
f 808 823 807
f 823 808 824
f 825 808 809
f 808 825 824
f 236 809 232
f 809 236 825
f 237 218 220
f 218 237 229
f 802 820 798
f 820 802 822
f 566 826 827
f 828 827 812
f 829 830 567
f 830 829 831
f 813 829 832
f 829 813 831
f 812 831 813
f 812 833 831
f 827 833 812
f 833 827 826
f 834 835 836
f 837 835 834
f 837 838 835
f 839 838 837
f 839 840 838
f 841 840 839
f 841 842 840
f 843 842 841
f 843 844 842
f 845 844 843
f 845 846 844
f 847 846 845
f 847 848 846
f 848 847 849
f 850 851 852
f 851 853 854
f 855 854 853
f 851 850 853
f 856 852 857
f 852 856 850
f 858 856 857
f 858 859 856
f 860 859 858
f 860 861 859
f 862 861 860
f 863 864 862
f 861 862 864
f 854 855 865
f 866 865 855
f 865 866 867
f 866 868 867
f 869 868 866
f 869 870 868
f 871 870 869
f 872 871 873
f 871 872 870
f 874 873 875
f 864 863 875
f 876 875 863
f 873 874 872
f 875 876 874
f 877 873 878
f 873 877 875
f 879 875 877
f 875 879 864
f 880 864 879
f 864 880 861
f 880 859 861
f 859 880 881
f 881 856 859
f 856 881 882
f 856 883 850
f 883 856 882
f 850 884 853
f 884 850 883
f 853 885 855
f 885 853 884
f 855 886 866
f 886 855 885
f 886 869 866
f 869 886 887
f 887 871 869
f 871 887 888
f 878 871 888
f 871 878 873
f 834 836 851
f 854 834 851
f 834 865 837
f 865 834 854
f 865 839 837
f 839 865 867
f 867 841 839
f 841 867 868
f 868 843 841
f 843 868 870
f 870 845 843
f 845 870 872
f 874 845 872
f 845 874 847
f 876 847 874
f 847 876 849
f 863 849 876
f 849 863 848
f 862 848 863
f 848 862 846
f 862 844 846
f 844 862 860
f 860 842 844
f 842 860 858
f 858 840 842
f 840 858 857
f 857 838 840
f 838 857 852
f 838 851 835
f 851 838 852
f 836 835 851
f 889 890 891
f 892 893 894
f 891 893 892
f 891 895 893
f 891 890 895
f 892 894 896
f 892 896 897
f 892 897 898
f 898 897 899
f 898 899 900
f 901 902 903
f 900 901 903
f 900 904 901
f 899 904 900
f 905 906 907
f 907 906 908
f 909 907 908
f 910 909 908
f 911 909 910
f 903 911 910
f 903 912 911
f 905 913 906
f 913 914 906
f 914 915 906
f 916 917 915
f 917 918 915
f 919 918 917
f 919 920 918
f 920 921 918
f 922 923 924
f 924 923 921
f 924 921 920
f 925 923 922
f 926 923 925
f 926 927 923
f 928 927 926
f 929 927 928
f 929 889 927
f 930 889 929
f 889 930 890
f 884 931 932
f 931 884 933
f 885 932 934
f 932 885 884
f 886 934 935
f 934 886 885
f 936 886 935
f 936 887 886
f 937 887 936
f 937 888 887
f 938 888 937
f 939 888 938
f 888 939 878
f 940 878 939
f 878 940 877
f 883 933 884
f 933 883 941
f 882 941 883
f 941 882 942
f 882 943 942
f 881 943 882
f 881 944 943
f 880 944 881
f 880 945 944
f 946 880 879
f 880 946 945
f 947 879 877
f 948 877 940
f 879 947 946
f 877 948 947
f 78 949 950
f 949 78 75
f 951 159 165
f 159 951 952
f 953 133 132
f 133 953 954
f 954 953 955
f 132 240 953
f 956 240 132
f 240 956 233
f 955 957 954
f 957 955 958
f 959 960 961
f 962 960 959
f 963 159 952
f 960 962 952
f 963 952 962
f 159 963 157
f 223 157 963
f 964 223 222
f 223 964 157
f 829 965 966
f 829 966 832
f 965 829 967
f 225 968 224
f 90 225 969
f 967 969 965
f 90 969 92
f 225 90 968
f 970 231 230
f 77 231 970
f 78 231 77
f 231 78 971
f 950 972 971
f 827 972 950
f 972 827 828
f 827 949 566
f 949 827 950
f 566 554 553
f 569 566 949
f 566 569 554
f 77 973 74
f 973 77 970
f 974 565 227
f 81 565 974
f 83 565 81
f 565 83 975
f 900 238 898
f 903 238 900
f 572 908 561
f 908 572 910
f 910 572 903
f 570 903 572
f 570 572 571
f 903 570 238
f 570 239 238
f 568 239 570
f 569 239 568
f 239 569 973
f 75 569 949
f 74 569 75
f 569 74 973
f 976 165 163
f 165 228 951
f 951 889 977
f 891 977 889
f 892 977 891
f 951 927 889
f 951 923 927
f 921 951 228
f 165 976 228
f 951 921 923
f 228 918 921
f 228 915 918
f 906 561 908
f 915 561 906
f 563 915 228
f 915 563 561
f 227 563 228
f 564 227 565
f 227 564 563
f 951 978 979
f 978 951 977
f 898 977 892
f 238 977 898
f 977 238 167
f 980 167 238
f 167 980 139
f 561 563 562
f 167 954 977
f 954 167 133
f 956 139 980
f 139 956 132
f 956 238 233
f 238 956 980
f 973 230 239
f 230 973 970
f 954 978 977
f 978 954 957
f 960 951 979
f 951 960 952
f 157 976 163
f 976 157 964
f 222 976 964
f 976 222 228
f 227 968 974
f 968 227 224
f 968 81 974
f 81 968 90
f 967 83 92
f 83 967 975
f 551 567 549
f 565 567 551
f 975 567 565
f 829 975 967
f 975 829 567
f 226 969 225
f 969 226 816
f 816 965 969
f 965 816 817
f 818 965 817
f 965 818 966
f 813 966 818
f 966 813 832
f 961 804 959
f 804 961 799
f 959 805 962
f 805 959 804
f 805 963 962
f 963 805 806
f 806 223 963
f 223 806 221
f 955 800 958
f 800 955 801
f 953 801 955
f 801 953 803
f 234 953 240
f 953 234 803
f 815 828 812
f 828 815 972
f 815 971 972
f 971 815 814
f 814 231 971
f 231 814 235
f 981 982 983
f 251 984 244
f 251 985 984
f 986 258 257
f 987 258 986
f 988 258 987
f 989 988 987
f 990 988 989
f 982 357 983
f 989 357 359
f 357 989 983
f 359 991 989
f 991 990 989
f 251 983 985
f 251 992 983
f 992 981 983
f 242 260 262
f 993 994 995
f 994 243 995
f 243 242 995
f 995 242 996
f 242 262 996
f 262 997 996
f 262 998 997
f 983 999 1000
f 985 983 1000
f 985 1001 984
f 1001 985 1000
f 1001 244 984
f 244 1001 245
f 246 264 263
f 1001 1000 245
f 1000 999 245
f 245 999 246
f 1002 1003 264
f 1002 264 246
f 1004 1002 246
f 999 1004 246
f 987 1004 989
f 1004 987 1002
f 986 1002 987
f 1002 986 1003
f 264 986 257
f 986 264 1003
f 246 260 242
f 260 246 263
f 989 999 983
f 999 989 1004
f 1005 1006 615
f 1006 1005 1007
f 1007 1008 1006
f 1009 1010 614
f 1009 1011 1010
f 995 1009 1012
f 1009 995 1011
f 996 1011 995
f 1008 1007 996
f 996 1013 1011
f 1007 1013 996
f 292 1013 1007
f 1013 292 525
f 1007 289 292
f 289 1014 543
f 1014 289 1007
f 1013 525 266
f 543 266 525
f 543 265 266
f 265 543 1014
f 1015 1016 1017
f 1016 1018 1017
f 1018 1019 1017
f 1020 1021 1022
f 1023 1024 1025
f 1025 1026 1027
f 1022 1021 1028
f 1028 1021 1017
f 1021 1029 1017
f 1029 1015 1017
f 1019 1023 1017
f 1023 1025 1017
f 1025 1030 1017
f 1025 1027 1030
f 1031 1032 1033
f 1031 1033 1034
f 1035 1031 1034
f 1036 1035 1034
f 1037 1035 1036
f 1038 1037 1036
f 1039 1037 1038
f 1040 1041 1042
f 1041 1043 1042
f 1042 1043 1044
f 1044 1043 1045
f 1044 1045 1046
f 1046 1045 1047
f 1046 1047 1032
f 1032 1047 1048
f 1032 1048 1033
f 1049 1039 1038
f 1050 1039 1049
f 1050 1051 1039
f 1052 1051 1050
f 1052 1053 1051
f 1052 1054 1053
f 1054 1055 1053
f 1054 1056 1055
f 1055 1056 1040
f 1056 1057 1040
f 1057 1041 1040
f 1058 1042 1044
f 1042 1058 1059
f 1060 1042 1059
f 1060 1040 1042
f 1061 1040 1060
f 1061 1055 1040
f 1055 1061 1062
f 1053 1055 1062
f 1053 1062 1063
f 1051 1053 1063
f 1051 1063 1064
f 1039 1051 1064
f 1039 1064 1065
f 1037 1039 1065
f 1037 1065 1066
f 1035 1037 1066
f 1035 1066 1067
f 1031 1035 1067
f 1068 1031 1067
f 1068 1032 1031
f 1069 1032 1068
f 1069 1046 1032
f 1046 1058 1044
f 1058 1046 1069
f 1018 1016 1057
f 1015 1057 1016
f 1057 1015 1041
f 1043 1015 1029
f 1015 1043 1041
f 1045 1029 1021
f 1029 1045 1043
f 1020 1045 1021
f 1045 1020 1047
f 1022 1047 1020
f 1047 1022 1048
f 1033 1022 1028
f 1022 1033 1048
f 1034 1028 1017
f 1028 1034 1033
f 1036 1017 1030
f 1017 1036 1034
f 1038 1030 1027
f 1030 1038 1036
f 1026 1038 1027
f 1038 1026 1049
f 1050 1026 1025
f 1026 1050 1049
f 1052 1025 1024
f 1025 1052 1050
f 1023 1052 1024
f 1052 1023 1054
f 1019 1054 1023
f 1054 1019 1056
f 1019 1018 1056
f 1056 1018 1057
f 1070 1071 1072
f 1073 1071 1070
f 1070 1072 1074
f 1070 1074 1075
f 1070 1075 1076
f 1076 1075 1077
f 1076 1077 1078
f 1077 1079 1078
f 1078 1079 1080
f 1078 1080 1081
f 1080 1082 1081
f 1081 1082 1083
f 1082 1084 1083
f 1083 1085 1086
f 1083 1086 1087
f 1088 1089 1090
f 1087 1088 1090
f 1087 1091 1088
f 1086 1091 1087
f 1090 1089 1092
f 1093 1090 1092
f 1094 1090 1093
f 1095 1094 1093
f 1095 1096 1094
f 1096 1097 1094
f 1098 1097 1096
f 1098 1099 1097
f 1099 1100 1097
f 1101 1102 1103
f 1103 1102 1100
f 1104 1100 1099
f 1105 1106 1107
f 1107 1106 1102
f 1107 1102 1108
f 1108 1102 1101
f 1109 1106 1105
f 1109 1110 1106
f 1110 1111 1106
f 1112 1111 1110
f 1113 1111 1112
f 1113 1073 1111
f 1114 1073 1113
f 1073 1114 1071
f 1115 1058 1069
f 1116 1058 1115
f 1059 1058 1116
f 1068 1067 1117
f 1118 1068 1117
f 1069 1068 1118
f 1119 1069 1118
f 1115 1069 1119
f 1065 1120 1066
f 1066 1120 1121
f 1067 1066 1121
f 1067 1121 1122
f 1067 1122 1117
f 1063 1123 1124
f 1063 1124 1064
f 1124 1125 1064
f 1064 1125 1065
f 1125 1126 1065
f 1065 1126 1120
f 1127 1123 1063
f 1062 1127 1063
f 1128 1127 1062
f 1061 1128 1062
f 1129 1128 1061
f 1130 1059 1116
f 1131 1059 1130
f 1131 1060 1059
f 1132 1060 1131
f 1132 1061 1060
f 1132 1133 1061
f 1133 1129 1061
f 1134 86 1135
f 86 1134 89
f 1136 1137 1138
f 1137 1136 1139
f 360 362 1140
f 1141 259 155
f 259 1141 256
f 1142 155 259
f 1140 362 1143
f 362 1144 1143
f 1143 1144 1142
f 1144 156 1142
f 156 155 1142
f 1145 252 247
f 252 1145 1146
f 1146 1147 252
f 1146 1137 1147
f 1137 1148 1147
f 1139 1149 1148
f 354 1149 1139
f 354 358 1149
f 1009 1150 1012
f 241 1151 250
f 1151 241 1152
f 1153 1150 1009
f 1153 1154 241
f 1152 241 1155
f 1156 261 253
f 261 1156 87
f 89 261 87
f 1157 261 89
f 1157 1134 1158
f 1158 1134 1006
f 1008 1158 1006
f 1134 1135 1006
f 603 604 615
f 1135 615 1006
f 1135 617 615
f 617 603 615
f 87 1159 85
f 1159 87 1156
f 1081 254 1160
f 1078 1081 1160
f 1102 1106 249
f 1159 86 85
f 620 619 618
f 160 162 1160
f 162 1161 1160
f 1161 1078 1160
f 363 355 1073
f 363 1073 1070
f 1161 363 1070
f 1161 1070 1076
f 1161 1076 1078
f 248 611 249
f 612 248 613
f 248 612 611
f 249 611 610
f 609 249 610
f 1162 613 248
f 613 1162 1163
f 613 1163 1164
f 613 1164 1165
f 1138 1166 1167
f 1138 1167 249
f 1136 1138 249
f 1136 1106 355
f 1106 1136 249
f 1111 355 1106
f 1073 355 1111
f 617 1135 86
f 1159 617 86
f 1159 616 617
f 1159 255 616
f 618 255 254
f 255 618 616
f 254 620 618
f 254 1081 620
f 1081 1083 620
f 1083 1087 620
f 1087 1090 620
f 1090 609 620
f 1090 1094 609
f 1094 1097 609
f 1097 249 609
f 1100 249 1097
f 1102 249 1100
f 162 1144 1161
f 1144 162 156
f 1141 160 1160
f 160 1141 155
f 256 1160 254
f 1160 256 1141
f 1159 253 255
f 253 1159 1156
f 1144 363 1161
f 363 1144 362
f 354 1136 355
f 1136 354 1139
f 1146 1167 1166
f 1167 1146 1145
f 1145 249 1167
f 249 1145 247
f 248 1151 1162
f 1151 248 250
f 1151 1163 1162
f 1163 1151 1152
f 1155 1165 1164
f 1165 1155 1154
f 599 598 614
f 1165 1154 1009
f 614 1165 1009
f 613 1165 614
f 598 613 614
f 1168 1169 1170
f 1168 1171 1169
f 1172 1171 1168
f 1171 1172 1173
f 1172 1174 1175
f 1176 1172 1175
f 1173 1172 1176
f 1138 1177 1166
f 1177 1146 1166
f 1178 1146 1177
f 1179 1178 1180
f 1178 1179 1146
f 1179 1180 1181
f 1146 1179 1137
f 1182 1179 1181
f 1183 1179 1182
f 1168 1179 1183
f 1170 1179 1168
f 1184 1179 1170
f 1185 1184 1186
f 1185 1186 1187
f 1184 1185 1179
f 1188 1185 1187
f 1189 1185 1188
f 1185 1189 1190
f 1177 1138 1191
f 1191 1138 1192
f 1192 1138 1193
f 1193 1138 1194
f 1194 1138 1195
f 241 994 1153
f 994 241 243
f 1153 994 993
f 1150 1153 993
f 993 1012 1150
f 1012 993 995
f 358 357 982
f 1149 358 982
f 1149 982 981
f 1148 1149 981
f 1148 981 992
f 1147 1148 992
f 992 252 1147
f 252 992 251
f 1140 359 360
f 359 1140 991
f 1143 991 1140
f 991 1143 990
f 988 1143 1142
f 1143 988 990
f 258 1142 259
f 1142 258 988
f 997 1008 996
f 997 1158 1008
f 998 1158 997
f 998 1157 1158
f 262 1157 998
f 262 261 1157
f 37 115 117
f 115 37 35
f 35 113 115
f 113 35 29
f 34 113 29
f 113 34 107
f 33 107 34
f 107 33 108
f 38 117 118
f 117 38 37
f 39 118 119
f 118 39 38
f 39 116 40
f 116 39 119
f 40 125 41
f 125 40 116
f 41 126 36
f 126 41 125
f 43 70 47
f 70 43 71
f 47 69 46
f 69 47 70
f 45 69 68
f 69 45 46
f 44 68 65
f 68 44 45
f 65 653 44
f 590 591 44
f 591 42 44
f 591 648 42
f 76 648 110
f 648 76 42
f 124 121 650
f 124 650 653
f 66 124 653
f 67 66 653
f 111 110 648
f 114 111 648
f 649 114 648
f 98 114 649
f 649 121 98
f 121 649 650
f 82 830 80
f 59 567 830
f 567 59 566
f 42 566 59
f 59 830 82
f 826 76 73
f 566 42 826
f 826 42 76
f 830 83 80
f 830 92 83
f 831 92 830
f 92 831 93
f 831 79 93
f 79 831 833
f 75 826 73
f 78 826 75
f 833 78 79
f 78 833 826
f 1005 82 84
f 82 1005 59
f 1010 1196 52
f 1005 615 59
f 615 52 59
f 615 614 52
f 1164 1197 1010
f 1155 1164 1010
f 1155 1010 1011
f 1198 1155 1011
f 94 1014 91
f 1014 94 265
f 266 1199 1013
f 1199 266 268
f 1011 1199 1198
f 1199 1011 1013
f 1164 1200 1201
f 1164 1201 1202
f 1164 1202 1196
f 1164 1196 1197
f 1200 1164 1163
f 1152 1203 1163
f 1152 1204 1203
f 1198 1204 1152
f 1198 1152 1155
f 1204 1198 1205
f 1205 1198 1206
f 1198 1207 1206
f 1198 1208 1207
f 1198 267 1208
f 1199 267 1198
f 267 1199 268
f 51 1196 1202
f 1196 51 52
f 49 1202 1201
f 1202 49 51
f 1200 49 1201
f 49 1200 50
f 1203 50 1200
f 50 1203 48
f 1204 48 1203
f 48 1204 53
f 1205 53 1204
f 53 1205 55
f 1206 55 1205
f 55 1206 56
f 57 1206 1207
f 1206 57 56
f 58 1207 1208
f 1207 58 57
f 54 1208 267
f 1208 54 58
f 61 95 96
f 95 61 60
f 62 96 97
f 96 62 61
f 100 62 97
f 62 100 63
f 99 63 100
f 63 99 64
f 106 64 99
f 64 106 30
f 105 30 106
f 30 105 31
f 103 31 105
f 31 103 32
f 26 103 104
f 103 26 32
f 1209 27 183
f 27 1209 25
f 1014 88 91
f 88 1014 1007
f 84 86 1005
f 86 89 1005
f 1005 89 1007
f 89 88 1007
f 1210 1211 1212
f 1213 1211 1210
f 1213 1214 1211
f 1215 1214 1213
f 1215 1216 1214
f 1217 1216 1215
f 1218 1219 1220
f 1221 1219 1218
f 1222 1219 1221
f 1222 1223 1219
f 1224 1223 1222
f 1223 1225 1226
f 1226 1225 1227
f 1227 1225 1228
f 1228 1225 1229
f 1223 1224 1225
f 1224 1230 1225
f 1224 1231 1230
f 1232 1231 1224
f 1231 1232 1233
f 1234 1235 1236
f 1236 1235 1232
f 1233 1232 1235
f 184 1209 183
f 1237 184 1238
f 1239 1240 1234
f 1240 1241 1242
f 1243 1238 1244
f 1237 1238 1243
f 184 1237 1209
f 1244 1245 1243
f 1244 1246 1245
f 1242 1246 1244
f 1246 1242 1241
f 1240 1239 1241
f 1239 1234 1247
f 1247 1234 1248
f 1248 1234 1249
f 1249 1234 1250
f 1236 1232 1251
f 1236 1251 1252
f 1236 1252 1253
f 1236 1253 1254
f 1235 1234 1240
f 175 1239 1247
f 1239 175 173
f 176 1247 1248
f 1247 176 175
f 176 1249 170
f 1249 176 1248
f 170 1250 168
f 1250 170 1249
f 168 1234 171
f 1234 168 1250
f 173 1241 1239
f 1241 173 174
f 174 1246 1241
f 1246 174 143
f 129 1246 143
f 1246 129 1245
f 128 1245 129
f 1245 128 1243
f 28 108 33
f 108 28 128
f 1237 128 28
f 128 1237 1243
f 108 130 102
f 130 108 128
f 28 1209 1237
f 1209 28 25
f 1244 136 1242
f 136 1244 137
f 1238 137 1244
f 137 1238 141
f 142 1238 184
f 1238 142 141
f 1242 135 1240
f 135 1242 136
f 151 1230 1231
f 1230 151 150
f 152 1231 1233
f 1231 152 151
f 1235 152 1233
f 152 1235 153
f 1240 153 1235
f 153 1240 135
f 1168 350 1172
f 350 1168 1225
f 150 349 1230
f 349 150 147
f 350 1230 349
f 1225 1230 350
f 349 149 352
f 149 349 147
f 350 1190 1172
f 350 347 1190
f 347 1185 1190
f 1179 347 356
f 347 1179 1185
f 1189 1255 1190
f 1255 1188 1216
f 1188 1255 1189
f 1188 1214 1216
f 1214 1188 1187
f 1187 1211 1214
f 1211 1187 1186
f 1184 1211 1186
f 1211 1184 1212
f 1170 1212 1184
f 1212 1170 1256
f 1169 1256 1170
f 1256 1169 1257
f 1171 1257 1169
f 1257 1171 1210
f 1171 1213 1210
f 1213 1171 1173
f 1173 1215 1213
f 1215 1173 1176
f 1215 1175 1217
f 1175 1215 1176
f 1217 1175 1174
f 1258 1217 1174
f 1255 1258 1190
f 1226 1178 1223
f 1178 1226 1180
f 1227 1180 1226
f 1180 1227 1181
f 1182 1227 1228
f 1227 1182 1181
f 1183 1228 1229
f 1228 1183 1182
f 1168 1229 1225
f 1229 1168 1183
f 1223 1177 1219
f 1177 1223 1178
f 1193 1222 1221
f 1222 1193 1194
f 1192 1221 1218
f 1221 1192 1193
f 1220 1192 1218
f 1192 1220 1191
f 1219 1191 1220
f 1191 1219 1177
f 158 364 161
f 364 158 1224
f 1224 1222 364
f 1222 353 364
f 1194 353 1222
f 356 1137 1179
f 356 353 1137
f 353 1138 1137
f 353 1195 1138
f 1224 1259 1232
f 158 1259 1224
f 1259 158 164
f 1260 1232 1259
f 138 1260 166
f 1260 138 1232
f 165 1259 164
f 159 1259 165
f 1261 159 148
f 159 1261 1259
f 1261 960 1259
f 1261 799 960
f 1261 800 799
f 800 957 958
f 1260 957 1262
f 800 1262 957
f 1262 800 1261
f 979 1259 960
f 978 1259 979
f 978 1260 1259
f 957 1260 978
f 960 799 961
f 148 1262 1261
f 1262 148 131
f 1260 167 166
f 1260 133 167
f 1262 133 1260
f 133 1262 131
f 1263 186 1251
f 1251 1264 1263
f 1251 1232 1264
f 138 1264 1232
f 1264 138 145
f 1263 185 187
f 1263 181 185
f 1263 1265 181
f 1265 178 181
f 1266 632 781
f 1266 631 632
f 1265 631 1266
f 772 631 1265
f 631 772 771
f 1263 772 1265
f 772 1263 793
f 1264 781 791
f 781 1264 1266
f 1263 791 793
f 791 1263 1264
f 781 632 782
f 134 1265 1266
f 1265 134 178
f 134 1266 182
f 1266 1264 182
f 182 1264 146
f 146 1264 145
f 191 1254 190
f 1254 191 1236
f 190 1253 189
f 1253 190 1254
f 188 1253 1252
f 1253 188 189
f 186 1252 1251
f 1252 186 188
f 72 71 43
f 36 72 43
f 126 127 36
f 192 1236 191
f 774 192 797
f 192 774 180
f 180 1236 192
f 179 1236 180
f 1234 1236 179
f 171 1234 172
f 172 1234 179
f 127 179 122
f 179 127 172
f 127 122 36
f 122 123 36
f 123 72 36
f 123 790 72
f 790 123 787
f 161 364 162
f 162 364 156
f 364 361 156
f 156 361 154
f 149 361 352
f 361 149 154
f 1267 1268 1269
f 1268 1267 1270
f 1270 1271 1268
f 1271 1270 1272
f 1272 1273 1271
f 1273 1272 1274
f 1274 1275 1273
f 1275 1274 1276
f 1276 1277 1275
f 1277 1276 1278
f 1278 1279 1277
f 1279 1278 1280
f 1280 1281 1279
f 1281 1280 1282
f 1281 1283 1284
f 1283 1281 1282
f 1285 1286 1287
f 1285 1288 1289
f 1285 1290 1288
f 1291 1292 1293
f 1285 1291 1290
f 1293 1294 1291
f 1295 1294 1293
f 1294 1295 1296
f 1297 1296 1295
f 1296 1297 1298
f 1299 1298 1297
f 1298 1299 1300
f 1301 1300 1299
f 1300 1301 1302
f 1303 1302 1301
f 1302 1303 1304
f 1304 1303 1305
f 1306 1305 1303
f 1307 1308 1309
f 1308 1310 1311
f 1308 1312 1310
f 1308 1313 1312
f 1314 1308 1307
f 1308 1314 1313
f 1315 1307 1316
f 1307 1315 1314
f 1317 1314 1315
f 1314 1317 1318
f 1319 1308 1320
f 1321 1308 1319
f 1322 1308 1321
f 1309 1308 1322
f 1323 1308 1311
f 1308 1323 1324
f 1325 1324 1326
f 1327 1324 1325
f 1328 1327 1329
f 1330 1331 1332
f 1327 1328 1324
f 1329 1330 1328
f 1332 1333 1330
f 1334 1335 1333
f 1336 1337 1335
f 1338 1339 1340
f 1339 1341 1337
f 1338 1340 1342
f 1339 1338 1341
f 1343 1338 1342
f 1344 1338 1343
f 1345 1346 1347
f 1348 1346 1345
f 1349 1346 1348
f 1346 1350 1351
f 1352 1346 1349
f 1353 1346 1352
f 1346 1353 1350
f 1354 1352 1355
f 1352 1354 1353
f 1356 1353 1354
f 1353 1356 1357
f 1358 1359 1360
f 1359 1358 1361
f 1362 1360 1363
f 1361 1358 1364
f 1362 1365 1366
f 1364 1358 1367
f 1362 1366 1368
f 1367 1358 1369
f 1362 1368 1370
f 1371 1369 1358
f 1362 1370 1372
f 1369 1371 1373
f 1374 1375 1376
f 1375 1374 1308
f 1377 1378 1379
f 1378 1380 1379
f 1381 1380 1378
f 1380 1381 1382
f 1383 1384 1385
f 1386 1385 1387
f 1388 1387 1389
f 1385 1390 1383
f 1385 1386 1390
f 1391 1389 1392
f 1387 1388 1386
f 1389 1391 1388
f 1393 1392 1394
f 1392 1393 1391
f 1394 1395 1393
f 1396 1395 1394
f 1395 1396 1397
f 1398 1397 1396
f 1399 1397 1398
f 1400 1399 1401
f 1402 1401 1399
f 1401 1402 1403
f 1397 1399 1400
f 1404 1405 1406
f 1407 1404 1408
f 1407 1408 1409
f 1407 1409 1410
f 1407 1410 1411
f 1404 1407 1405
f 1412 1405 1407
f 1407 1411 1413
f 1414 1405 1412
f 1415 1405 1414
f 1416 1405 1415
f 1413 1417 1407
f 1418 1419 1417
f 1420 1421 1422
f 1421 1423 1424
f 1399 1398 1425
f 1426 1424 1423
f 1425 1427 1399
f 1428 1429 1425
f 1428 1430 1431
f 1430 1432 1433
f 1434 1433 1432
f 1433 1435 1436
f 1437 1436 1435
f 1428 1438 1439
f 1428 1440 1438
f 1428 1441 1440
f 1428 1442 1441
f 1428 1443 1442
f 1428 1431 1443
f 1430 1428 1444
f 1445 1436 1437
f 1436 1446 1447
f 1436 1445 1448
f 1436 1448 1449
f 1446 1436 1449
f 1435 1433 1450
f 1450 1433 1451
f 1451 1433 1452
f 1452 1433 1434
f 1430 1444 1432
f 1428 1453 1444
f 1428 1454 1453
f 1455 1454 1428
f 1456 1454 1455
f 1378 1457 1456
f 1457 1378 1458
f 1458 1378 1459
f 1459 1378 1460
f 1461 1377 1462
f 1460 1378 1461
f 1454 1456 1457
f 1463 1464 1465
f 1463 1466 1464
f 1467 1466 1463
f 1467 1468 1469
f 1467 1470 1468
f 1471 1472 1467
f 1472 1471 1473
f 1474 1475 1476
f 1475 1474 1471
f 1477 1471 1474
f 1478 1471 1477
f 1479 1471 1478
f 1480 1471 1479
f 1481 1471 1480
f 1473 1471 1481
f 1482 1483 1484
f 1485 1483 1482
f 1486 1483 1485
f 1486 1485 1487
f 1484 1488 1482
f 1484 1489 1488
f 1484 1490 1489
f 1484 1491 1490
f 1484 1492 1491
f 1484 1493 1492
f 1484 1494 1493
f 1463 1494 1484
f 1495 1496 1497
f 1498 1497 1499
f 1496 1495 1500
f 1463 1499 1501
f 1463 1501 1502
f 1497 1498 1495
f 1463 1502 1503
f 1494 1463 1504
f 1463 1505 1504
f 1463 1506 1505
f 1463 1507 1506
f 1463 1503 1507
f 1499 1463 1498
f 1508 1463 1465
f 1463 1508 1498
f 1509 1498 1508
f 1510 1498 1509
f 1511 1498 1510
f 1512 1498 1513
f 1514 1498 1512
f 1515 1498 1514
f 1516 1498 1515
f 1517 1498 1516
f 1476 1475 1518
f 1518 1475 1519
f 1475 1520 1519
f 1521 1520 1475
f 1520 1521 1522
f 1523 1522 1521
f 1522 1523 1524
f 1525 1524 1523
f 1526 1524 1525
f 1526 1525 1527
f 1526 1527 1528
f 1529 1530 1531
f 1530 1529 1532
f 1532 1529 1533
f 1526 1533 1529
f 1533 1526 1534
f 1534 1526 1535
f 1517 1526 1498
f 1536 1526 1517
f 1537 1526 1536
f 1538 1526 1537
f 1539 1526 1538
f 1524 1526 1539
f 1540 1526 1528
f 1541 1526 1540
f 1542 1526 1541
f 1535 1526 1542
f 1308 1526 1529
f 1320 1308 1543
f 1544 1308 1545
f 1546 1526 1544
f 1526 1546 1547
f 1548 1374 1351
f 1308 1544 1526
f 1308 1549 1545
f 1308 1550 1549
f 1308 1551 1550
f 1308 1324 1551
f 1551 1324 1552
f 1552 1324 1553
f 1553 1324 1554
f 1554 1324 1555
f 1374 1543 1308
f 1543 1374 1556
f 1556 1374 1548
f 1347 1346 1557
f 1346 1558 1557
f 1346 1559 1558
f 1346 1560 1559
f 1346 1561 1560
f 1346 1562 1561
f 1346 1563 1562
f 1346 1564 1563
f 1346 1565 1564
f 1566 1565 1346
f 1566 1285 1567
f 1292 1285 1566
f 1291 1285 1292
f 1568 1569 1570
f 1571 1372 1572
f 1360 1362 1358
f 1287 1568 1573
f 1574 1575 1572
f 1576 1371 1577
f 1578 1372 1571
f 1579 1371 1576
f 1580 1372 1578
f 1581 1372 1580
f 1373 1371 1579
f 1582 1372 1581
f 1583 1372 1582
f 1372 1583 1362
f 1583 1584 1362
f 1585 1405 1586
f 1405 1585 1587
f 1588 1587 1585
f 1587 1588 1589
f 1589 1588 1590
f 1590 1588 1591
f 1592 1591 1588
f 1591 1592 1593
f 1594 1593 1592
f 1593 1594 1595
f 1596 1595 1594
f 1595 1596 1597
f 1597 1596 1598
f 1599 1598 1596
f 1598 1599 1600
f 1601 1600 1599
f 1600 1601 1602
f 1603 1602 1601
f 1447 1603 1604
f 1447 1604 1605
f 1447 1605 1606
f 1447 1606 1607
f 1447 1607 1608
f 1603 1447 1602
f 1609 1610 1611
f 1609 1612 1610
f 1613 1611 1610
f 1614 1611 1613
f 1615 1613 1610
f 1615 1616 1613
f 1617 1616 1615
f 1617 1618 1616
f 1619 1618 1617
f 1619 1620 1618
f 1621 1448 1445
f 1622 1448 1621
f 1623 1448 1622
f 1624 1448 1623
f 1625 1448 1624
f 1626 1448 1625
f 1627 1448 1626
f 1628 1448 1627
f 1629 1448 1628
f 1630 1448 1629
f 1377 1630 1631
f 1377 1631 1632
f 1462 1377 1633
f 1630 1377 1448
f 1634 1377 1632
f 1635 1377 1634
f 1636 1377 1635
f 1637 1377 1636
f 1638 1377 1637
f 1633 1377 1639
f 1456 1455 1640
f 1456 1640 1641
f 1639 1377 1638
f 1461 1378 1377
f 1641 1642 1456
f 1643 1381 1642
f 1381 1644 1382
f 1381 1645 1644
f 1376 1381 1643
f 1381 1646 1645
f 1376 1646 1381
f 1646 1376 1647
f 1375 1647 1376
f 1647 1375 1648
f 1648 1375 1649
f 1649 1375 1650
f 1651 1642 1641
f 1643 1642 1651
f 1650 1375 1652
f 1652 1375 1653
f 1653 1375 1654
f 1654 1531 1530
f 1531 1654 1375
f 1651 1655 1643
f 1346 1655 1656
f 1655 1346 1374
f 1351 1374 1346
f 1656 1655 1651
f 1657 1658 1659
f 1660 1661 1657
f 1658 1657 1661
f 1662 1663 1664
f 1665 1664 1666
f 1666 1667 1665
f 1666 1668 1667
f 1666 1669 1668
f 1666 1670 1669
f 1666 1671 1670
f 1666 1672 1671
f 1666 1673 1672
f 1666 1674 1673
f 1666 1675 1674
f 1676 1677 1666
f 1678 1679 1680
f 1681 1682 1679
f 1683 1684 1685
f 1684 1683 1682
f 1676 1685 1686
f 1677 1676 1686
f 1685 1676 1683
f 1687 1683 1676
f 1688 1683 1687
f 1689 1661 1660
f 1690 1661 1689
f 1661 1690 1691
f 1691 1690 1692
f 1693 1692 1694
f 1693 1694 1695
f 1693 1695 1696
f 1693 1696 1697
f 1693 1697 1698
f 1693 1698 1699
f 1700 1701 1702
f 1703 1702 1704
f 1701 1705 1699
f 1693 1699 1705
f 1692 1693 1691
f 1661 1691 1688
f 1706 1688 1691
f 1706 1683 1688
f 1707 1706 1708
f 1706 1707 1683
f 1663 1709 1710
f 1711 1710 1709
f 1712 1710 1711
f 1710 1712 1713
f 1714 1713 1712
f 1715 1713 1714
f 1713 1715 1716
f 1717 1716 1715
f 1716 1717 1718
f 1719 1718 1717
f 1718 1719 1720
f 1680 1719 1678
f 1679 1678 1721
f 1679 1721 1722
f 1679 1722 1723
f 1679 1723 1681
f 1719 1680 1720
f 1682 1681 1724
f 1725 1707 1708
f 1726 1707 1725
f 1707 1727 1728
f 1729 1728 1730
f 1731 1728 1729
f 1707 1726 1727
f 1725 1732 1726
f 1725 1733 1732
f 1734 1733 1725
f 1735 1734 1736
f 1736 1734 1737
f 1738 1739 1740
f 1737 1734 1741
f 1734 1742 1741
f 1734 1743 1742
f 1734 1744 1743
f 1734 1745 1744
f 1734 1746 1745
f 1734 1747 1746
f 1748 1747 1734
f 1749 1748 1750
f 1749 1751 1739
f 1749 1750 1751
f 1752 1753 1754
f 1753 1752 1755
f 1756 1755 1752
f 1755 1756 1757
f 1753 1691 1693
f 1691 1753 1755
f 1758 1759 1760
f 1761 1759 1758
f 1762 1759 1761
f 1763 1759 1762
f 1764 1759 1763
f 1765 1759 1764
f 1766 1759 1765
f 1767 1759 1766
f 1768 1769 1770
f 1767 1768 1759
f 1771 1768 1770
f 1772 1768 1771
f 1773 1768 1772
f 1774 1768 1773
f 1775 1768 1774
f 1776 1768 1775
f 1777 1768 1776
f 1768 1777 1778
f 1779 1728 1731
f 1780 1728 1779
f 1728 1780 1781
f 1782 1781 1780
f 1781 1782 1783
f 1784 1783 1782
f 1784 1785 1783
f 1786 1784 1787
f 1740 1787 1738
f 1739 1738 1788
f 1739 1788 1789
f 1739 1789 1790
f 1784 1786 1785
f 1739 1790 1791
f 1739 1791 1792
f 1739 1792 1793
f 1739 1793 1794
f 1787 1740 1786
f 1795 1280 1278
f 1796 1278 1276
f 1274 1797 1276
f 1272 1798 1274
f 1270 1799 1272
f 1267 1800 1270
f 1801 1802 1267
f 1803 1804 1801
f 1805 1806 1807
f 1808 1805 1807
f 1809 1283 1282
f 1810 1282 1280
f 1805 1808 1811
f 1812 1811 1808
f 1813 1811 1812
f 1814 1811 1813
f 1815 1811 1814
f 1816 1811 1815
f 1817 1811 1816
f 1759 1818 1819
f 1820 1821 1803
f 1821 1820 1822
f 1823 1824 1820
f 1759 1825 1823
f 1825 1759 1826
f 1826 1759 1827
f 1818 1759 1811
f 1828 1759 1819
f 1829 1759 1828
f 1827 1759 1829
f 1830 1759 1823
f 1759 1831 1760
f 1759 1832 1831
f 1759 1830 1832
f 1823 1833 1830
f 1823 1834 1833
f 1823 1835 1834
f 1823 1836 1835
f 1823 1837 1836
f 1823 1838 1837
f 1839 1768 1778
f 1840 1768 1839
f 1841 1768 1840
f 1842 1841 1843
f 1841 1842 1768
f 1843 1844 1842
f 1703 1844 1845
f 1703 1845 1846
f 1703 1704 1847
f 1701 1700 1705
f 1703 1847 1848
f 1703 1849 1823
f 1703 1850 1849
f 1703 1846 1850
f 1844 1703 1851
f 1703 1852 1851
f 1703 1853 1852
f 1703 1854 1853
f 1703 1848 1854
f 1702 1703 1700
f 1855 1700 1703
f 1856 1703 1857
f 1703 1856 1855
f 1858 1700 1855
f 1859 1700 1858
f 1860 1700 1859
f 1860 1859 1861
f 1860 1861 1862
f 1860 1862 1863
f 1860 1863 1864
f 1860 1864 1865
f 1860 1865 1866
f 1860 1866 1867
f 1868 1700 1860
f 1700 1868 1869
f 1869 1868 1870
f 1871 1872 1873
f 1871 1874 1872
f 1871 1875 1874
f 1871 1876 1875
f 1871 1877 1876
f 1871 1878 1877
f 1871 1879 1878
f 1871 1880 1879
f 1871 1881 1880
f 1871 1882 1881
f 1659 1882 1871
f 1882 1659 1883
f 1884 1659 1885
f 1886 1659 1884
f 1887 1659 1886
f 1888 1659 1887
f 1889 1659 1888
f 1890 1659 1889
f 1883 1659 1890
f 1871 1891 1892
f 1871 1892 1893
f 1871 1893 1894
f 1871 1894 1895
f 1871 1895 1896
f 1871 1896 1897
f 1871 1897 1898
f 1871 1898 1899
f 1871 1899 1900
f 1891 1871 1901
f 1902 1871 1873
f 1901 1871 1902
f 1891 1901 1903
f 1891 1903 1904
f 1905 1904 1903
f 1906 1904 1905
f 1907 1904 1906
f 1908 1904 1907
f 1909 1904 1908
f 1910 1904 1909
f 1911 1910 1912
f 1911 1912 1913
f 1911 1913 1914
f 1659 1915 1885
f 1659 1916 1915
f 1659 1917 1916
f 1658 1917 1659
f 1917 1658 1918
f 1918 1658 1919
f 1911 1919 1658
f 1919 1911 1914
f 1910 1911 1904
f 1768 1920 1921
f 1920 1768 1842
f 1842 1922 1920
f 1922 1842 1844
f 1844 1923 1922
f 1923 1844 1851
f 1851 1924 1923
f 1924 1851 1852
f 1924 1853 1925
f 1853 1924 1852
f 1925 1854 1926
f 1854 1925 1853
f 1926 1848 1927
f 1848 1926 1854
f 1927 1847 1928
f 1847 1927 1848
f 1928 1704 1929
f 1704 1928 1847
f 1929 1702 1930
f 1702 1929 1704
f 1699 1931 1701
f 1931 1930 1701
f 1701 1930 1702
f 1931 1698 1932
f 1698 1931 1699
f 1932 1697 1933
f 1697 1932 1698
f 1933 1696 1934
f 1696 1933 1697
f 1934 1695 1935
f 1695 1934 1696
f 1695 1936 1935
f 1936 1695 1694
f 1694 1937 1936
f 1937 1694 1692
f 1692 1938 1937
f 1938 1692 1690
f 1690 1939 1938
f 1939 1690 1689
f 1689 1940 1939
f 1940 1689 1660
f 1660 1941 1940
f 1941 1660 1657
f 1871 1942 1659
f 1942 1941 1659
f 1659 1941 1657
f 1871 1943 1942
f 1943 1871 1900
f 1900 1944 1943
f 1944 1900 1899
f 1899 1945 1944
f 1945 1899 1898
f 1898 1946 1945
f 1946 1898 1897
f 1897 1947 1946
f 1947 1897 1896
f 1896 1948 1947
f 1948 1896 1895
f 1948 1894 1949
f 1894 1948 1895
f 1949 1893 1950
f 1893 1949 1894
f 1950 1892 1951
f 1892 1950 1893
f 1951 1891 1952
f 1891 1951 1892
f 1953 1954 1664
f 1891 1955 1952
f 1955 1891 1904
f 1956 1952 1955
f 1957 1956 1955
f 1957 1954 1956
f 1954 1957 1666
f 1664 1954 1666
f 1663 1958 1664
f 1959 1958 1663
f 1960 1959 1663
f 1961 1663 1710
f 1962 1961 1710
f 1963 1710 1713
f 1964 1963 1713
f 1965 1713 1716
f 1966 1965 1716
f 1967 1716 1718
f 1968 1967 1718
f 1969 1718 1720
f 1970 1969 1720
f 1971 1720 1680
f 1972 1971 1680
f 1973 1680 1679
f 1974 1973 1679
f 1975 1679 1682
f 1976 1975 1682
f 1682 1977 1976
f 1977 1682 1683
f 1683 1978 1977
f 1978 1683 1707
f 1707 1979 1978
f 1979 1707 1728
f 1980 1750 1748
f 1981 1979 1728
f 1981 1728 1781
f 1982 1983 1781
f 1982 1781 1783
f 1984 1985 1783
f 1984 1783 1785
f 1986 1987 1785
f 1986 1785 1786
f 1988 1989 1786
f 1988 1786 1740
f 1990 1991 1740
f 1990 1740 1739
f 1992 1993 1739
f 1992 1739 1751
f 1994 1995 1751
f 1994 1751 1750
f 1996 1997 1750
f 1998 1997 1996
f 1999 1980 1748
f 1734 1999 1748
f 1752 2000 1756
f 2000 1752 2001
f 2002 1999 1734
f 1999 2002 2003
f 2000 2003 2002
f 2004 2003 2000
f 2001 2004 2000
f 2005 2004 2001
f 1860 2006 1868
f 2006 2007 1868
f 2004 2005 1870
f 1868 2004 1870
f 2008 2009 1868
f 2009 2010 1868
f 2011 2006 1860
f 1867 2011 1860
f 2012 2011 1867
f 2013 2014 1865
f 2014 2015 1865
f 1865 2015 1866
f 2015 2016 1866
f 1866 2016 1867
f 2016 2017 1867
f 2017 2012 1867
f 2018 2013 1865
f 1864 2018 1865
f 2019 2018 1864
f 2020 2021 1862
f 2021 2022 1862
f 1862 2022 1863
f 2022 2023 1863
f 1863 2023 1864
f 2023 2024 1864
f 2024 2019 1864
f 2025 2020 1862
f 1861 2025 1862
f 2026 2025 1861
f 2027 2026 1861
f 1859 2027 1861
f 2028 2027 1859
f 2029 2028 1859
f 1858 2029 1859
f 2030 2029 1858
f 2031 2030 1858
f 1855 2031 1858
f 2032 2031 1855
f 2033 2032 1855
f 1856 2033 1855
f 2034 2033 1856
f 1856 2035 2034
f 2035 1856 2036
f 2036 2037 2035
f 2037 2036 2038
f 2038 2039 2037
f 2039 2038 2040
f 2040 2041 2039
f 2041 2040 1857
f 1857 2042 2041
f 2042 1857 1703
f 1703 2043 2042
f 2043 1703 1823
f 1823 2044 2043
f 2044 1823 1820
f 1820 2045 2044
f 2045 1820 1803
f 1803 2046 2045
f 2046 1803 1801
f 2046 2047 2048
f 2047 2046 1801
f 1267 1269 1801
f 1807 2049 2050
f 2049 1807 1806
f 2051 1811 2052
f 1811 2051 1805
f 1921 1759 1768
f 1921 2052 1759
f 2052 1811 1759
f 1691 1643 1706
f 1643 1691 1376
f 1691 1374 1376
f 1374 1691 1755
f 1655 2053 1708
f 1655 2054 2053
f 1374 2054 1655
f 1755 2054 1374
f 2054 1755 1757
f 1708 2053 1725
f 1708 1643 1655
f 1643 1708 1706
f 1911 1658 2055
f 2056 1687 1676
f 1687 2056 1456
f 2055 1456 2056
f 2055 1378 1456
f 1378 2055 1658
f 1658 1381 1378
f 1381 1658 1661
f 1381 1688 1642
f 1688 1381 1661
f 1688 1456 1642
f 1456 1688 1687
f 1705 1375 1693
f 1375 1705 1531
f 1705 1529 1531
f 1529 1705 1700
f 1308 2057 1753
f 1308 2058 2057
f 1529 2058 1308
f 1700 2058 1529
f 2058 1700 1869
f 1753 2057 1754
f 1753 1375 1308
f 1375 1753 1693
f 2001 1752 2059
f 2059 1754 2060
f 1754 2059 1752
f 1869 2061 2062
f 1870 2061 1869
f 2061 1870 2005
f 2005 2059 2061
f 2059 2005 2001
f 2002 1734 2063
f 2063 1725 2064
f 1725 2063 1734
f 1757 2065 2066
f 1756 2065 1757
f 2065 1756 2000
f 2000 2063 2065
f 2063 2000 2002
f 2065 2064 2066
f 2064 2065 2063
f 2061 2060 2062
f 2060 2061 2059
f 1955 1904 2067
f 2067 1911 2068
f 1911 2067 1904
f 1676 2069 2070
f 1666 2069 1676
f 2069 1666 1957
f 2069 1955 2067
f 1955 2069 1957
f 2068 2069 2067
f 2069 2068 2070
f 2071 2072 1610
f 1612 2071 1610
f 1611 2073 1609
f 2073 1611 2074
f 2075 1614 1613
f 2075 2076 1614
f 1588 2077 2078
f 2077 1588 1585
f 2079 1417 2080
f 1417 2079 1407
f 2081 1427 2082
f 1427 2081 1399
f 2083 2084 2085
f 2086 2085 2084
f 2087 2088 2089
f 2087 2090 2088
f 2091 2092 2093
f 2094 2092 2091
f 1285 2095 1567
f 2095 1285 2096
f 1372 2097 1572
f 2097 1372 2098
f 1359 2099 1360
f 2099 1359 2100
f 1364 2101 1361
f 2101 1364 2102
f 1577 2103 1576
f 1577 2104 2103
f 1339 2105 1340
f 2105 1339 2106
f 2107 1318 2108
f 1318 2107 1314
f 2109 1315 2110
f 1315 2109 1317
f 2111 1307 2112
f 1307 2111 1316
f 2113 1357 2114
f 1357 2113 1353
f 2115 1354 2116
f 1354 2115 1356
f 1352 2117 1355
f 2117 2118 1355
f 2119 2120 2121
f 2122 2120 2119
f 2123 2124 2125
f 2123 2126 2124
f 2127 2128 2129
f 2130 2129 2128
f 2131 2132 2133
f 2134 2132 2131
f 2135 2136 2137
f 2135 2138 2136
f 2139 2140 2141
f 2142 2141 2140
f 2143 2144 2145
f 2146 2147 2148
f 2146 2149 2147
f 2146 2150 2151
f 2152 2153 1279
f 1279 2153 1277
f 1277 2154 1275
f 2155 1273 1275
f 2156 1271 1273
f 2157 2158 1271
f 1406 1405 2159
f 2159 1405 2160
f 2159 2160 2161
f 2162 2159 2161
f 2162 2163 2164
f 2163 2162 2161
f 2164 2165 2166
f 2165 2164 2163
f 2166 2167 2168
f 2167 2166 2165
f 2167 2169 2168
f 2169 2167 2170
f 2170 2171 2169
f 2171 2170 2172
f 2172 2173 2171
f 2173 2172 2174
f 2174 1956 2173
f 1956 2174 1952
f 1448 1377 2175
f 2175 1377 2176
f 2175 2176 2177
f 2178 2175 2177
f 2178 2177 2179
f 2180 2178 2179
f 2180 2179 2181
f 2182 2180 2181
f 2182 2181 2183
f 2184 2182 2183
f 2184 2183 2185
f 2186 2184 2185
f 2186 2185 2187
f 2188 2186 2187
f 2188 2187 2189
f 2190 2188 2189
f 2190 2189 1941
f 1942 2190 1941
f 1654 1530 2191
f 1530 2192 2191
f 2193 2192 2194
f 2193 2194 2195
f 2196 2194 2197
f 2196 2197 2198
f 2199 2197 2200
f 2199 2200 2201
f 2201 2200 2202
f 2202 2200 2203
f 2202 2203 2204
f 2205 2206 2207
f 2208 2205 2209
f 2203 2205 2208
f 2210 2203 2208
f 2204 2203 2210
f 2211 2212 2213
f 2206 2212 2211
f 2207 2206 2214
f 2212 2215 2216
f 2216 2215 1930
f 1931 2216 1930
f 2217 2052 1921
f 2218 2217 1921
f 2218 2219 2217
f 2220 2219 2221
f 2222 2220 2221
f 2222 2223 2220
f 2224 2223 2225
f 2226 2224 2225
f 2226 2227 2224
f 2228 2227 2229
f 2230 2228 2229
f 2230 2231 2228
f 2232 2231 2230
f 2233 2231 2232
f 2234 2233 2232
f 2235 2233 2234
f 2236 2233 2235
f 2237 2236 2235
f 2238 2236 2237
f 2239 2236 2238
f 2240 2239 2241
f 2242 2239 2240
f 2243 2242 2244
f 1463 2242 2243
f 1362 1584 2245
f 1577 1371 2246
f 2246 1362 2245
f 2247 2248 2249
f 2249 2248 2250
f 2251 2252 2253
f 2253 2252 2254
f 2253 2254 2255
f 2255 2254 2256
f 2256 2257 2255
f 2257 2256 2258
f 2258 2259 2257
f 2259 2258 2260
f 2259 2260 2261
f 2261 2260 2262
f 2261 2262 2263
f 2263 2262 2264
f 2263 2264 2265
f 2265 2264 2266
f 2267 2265 2266
f 2265 2267 2268
f 2268 2267 2269
f 2269 2267 2270
f 2269 2270 2271
f 2271 2270 2272
f 2273 2274 2275
f 2274 2273 2276
f 2003 2277 2278
f 2277 2003 2004
f 1526 2279 1498
f 2279 1526 2280
f 2280 2281 2279
f 2281 2280 2282
f 2282 2283 2281
f 2283 2282 2284
f 2284 2285 2283
f 2285 2284 2286
f 2286 2287 2285
f 2287 2286 2288
f 2289 2287 2288
f 2287 2289 2290
f 2291 2290 2289
f 2290 2291 2292
f 2293 2292 2291
f 2292 2293 2294
f 2042 2294 2293
f 2294 2042 2043
f 2295 1978 1979
f 2296 2295 1979
f 2296 2297 2295
f 2298 2297 2299
f 2300 2298 2299
f 2300 2301 2298
f 2302 2301 2303
f 2304 2302 2303
f 2304 2305 2302
f 2306 2305 2307
f 2308 2306 2307
f 2308 2309 2306
f 2310 2309 2308
f 2311 2309 2310
f 2312 2311 2310
f 2313 2311 2312
f 2314 2311 2313
f 2315 2314 2313
f 2316 2314 2315
f 2317 2314 2316
f 2318 2317 2319
f 2320 2317 2318
f 1346 1656 2320
f 2321 2320 2322
f 1346 2320 2321
f 1566 1346 2323
f 2309 2324 2306
f 2306 2324 2325
f 2305 2306 2325
f 2305 2325 2326
f 2305 2326 2302
f 2302 2326 2327
f 2301 2302 2327
f 2301 2328 2298
f 2298 2328 2329
f 2297 2298 2329
f 2297 2330 2295
f 2295 2330 1977
f 2295 1977 1978
f 2311 2331 2309
f 2309 2331 2332
f 2309 2332 2324
f 2314 2333 2311
f 2311 2333 2334
f 2311 2334 2331
f 2317 2335 2314
f 2314 2335 2336
f 2314 2336 2333
f 1656 1651 2320
f 2320 1651 2337
f 2320 2337 2338
f 2320 2338 2317
f 2317 2339 2335
f 1455 1428 2340
f 2340 1428 2341
f 2337 2342 2338
f 2338 2342 2343
f 2339 2343 2335
f 2335 2344 2345
f 2336 2346 2333
f 2333 2346 2347
f 2333 2347 2334
f 2334 2347 2331
f 2347 2348 2331
f 2331 2348 2349
f 2331 2349 2332
f 2349 2350 2332
f 2332 2350 2324
f 2324 2350 2351
f 2324 2351 2325
f 2351 2352 2325
f 2326 2353 2327
f 2353 2354 2327
f 2328 2355 2329
f 2355 2356 2329
f 2330 2357 1976
f 2330 1976 1977
f 2358 2056 2359
f 2056 2358 2055
f 2360 2359 2361
f 2359 2360 2358
f 2362 2361 2363
f 2361 2362 2360
f 2364 2363 2365
f 2363 2364 2362
f 2366 2365 2367
f 2365 2366 2364
f 2366 2368 2369
f 2368 2366 2367
f 2369 2370 2371
f 2370 2369 2368
f 2371 2372 2373
f 2372 2371 2370
f 2373 2070 2068
f 2070 2373 2372
f 2066 2374 2375
f 2374 2066 2064
f 2375 2376 2377
f 2376 2375 2374
f 2377 2378 2379
f 2378 2377 2376
f 2379 2380 2381
f 2380 2379 2378
f 2382 2380 2383
f 2380 2382 2381
f 2384 2383 2385
f 2383 2384 2382
f 2386 2385 2387
f 2385 2386 2384
f 2388 2387 2389
f 2387 2388 2386
f 2054 2389 2053
f 2389 2054 2388
f 2062 2390 2391
f 2390 2062 2060
f 2391 2392 2393
f 2392 2391 2390
f 2393 2394 2395
f 2394 2393 2392
f 2395 2396 2397
f 2396 2395 2394
f 2398 2396 2399
f 2396 2398 2397
f 2400 2399 2401
f 2399 2400 2398
f 2402 2401 2403
f 2401 2402 2400
f 2404 2403 2405
f 2403 2404 2402
f 2058 2405 2057
f 2405 2058 2404

