# https://github.com/mikedh/trimesh
v -0.00025100 0.01230000 0.02449300
v -0.00025100 0.01130000 0.02449300
v -0.00000000 0.01230000 0.02450000
v -0.00000000 0.01130000 0.02450000
v 0.00025100 0.01230000 0.02449300
v 0.00025100 0.01130000 0.02449300
v 0.00050200 0.01230000 0.02447400
v 0.00050200 0.01130000 0.02447400
v 0.00075100 0.01230000 0.02444100
v 0.00075100 0.01130000 0.02444100
v 0.00099800 0.01230000 0.02439500
v 0.00099800 0.01130000 0.02439500
v 0.00124200 0.01230000 0.02433600
v 0.00124200 0.01130000 0.02433600
v 0.00148300 0.01230000 0.02426500
v 0.00148300 0.01130000 0.02426500
v 0.00172000 0.01230000 0.02418100
v 0.00172000 0.01130000 0.02418100
v 0.00195200 0.01230000 0.02408500
v 0.00195200 0.01130000 0.02408500
v 0.00217900 0.01230000 0.02397700
v 0.00217900 0.01130000 0.02397700
v 0.00240000 0.01230000 0.02385700
v 0.00240000 0.01130000 0.02385700
v 0.00261400 0.01230000 0.02372600
v 0.00261400 0.01130000 0.02372600
v 0.00282100 0.01230000 0.02358300
v 0.00282100 0.01130000 0.02358300
v 0.00302100 0.01230000 0.02343000
v 0.00302100 0.01130000 0.02343000
v 0.00321200 0.01230000 0.02326700
v 0.00321200 0.01130000 0.02326700
v 0.00339400 0.01230000 0.02309400
v 0.00339400 0.01130000 0.02309400
v 0.00356700 0.01230000 0.02291200
v 0.00356700 0.01130000 0.02291200
v 0.00373000 0.01230000 0.02272100
v 0.00373000 0.01130000 0.02272100
v 0.00388300 0.01230000 0.02252100
v 0.00388300 0.01130000 0.02252100
v 0.00402600 0.01230000 0.02231400
v 0.00402600 0.01130000 0.02231400
v 0.00415700 0.01230000 0.02210000
v 0.00415700 0.01130000 0.02210000
v 0.00427700 0.01230000 0.02187900
v 0.00427700 0.01130000 0.02187900
v 0.00438500 0.01230000 0.02165200
v 0.00438500 0.01130000 0.02165200
v 0.00448100 0.01230000 0.02142000
v 0.00448100 0.01130000 0.02142000
v 0.00456500 0.01230000 0.02118300
v 0.00456500 0.01130000 0.02118300
v 0.00463600 0.01230000 0.02094200
v 0.00463600 0.01130000 0.02094200
v 0.00469500 0.01230000 0.02069800
v 0.00469500 0.01130000 0.02069800
v 0.00474100 0.01230000 0.02045100
v 0.00474100 0.01130000 0.02045100
v 0.00477400 0.01230000 0.02020200
v 0.00477400 0.01130000 0.02020200
v 0.00479300 0.01230000 0.01995100
v 0.00479300 0.01130000 0.01995100
v 0.00480000 0.01230000 0.01970000
v 0.00480000 0.01130000 0.01970000
v 0.00479300 0.01230000 0.01944900
v 0.00479300 0.01130000 0.01944900
v 0.00477400 0.01230000 0.01919800
v 0.00477400 0.01130000 0.01919800
v 0.00474100 0.01230000 0.01894900
v 0.00474100 0.01130000 0.01894900
v 0.00469500 0.01230000 0.01870200
v 0.00469500 0.01130000 0.01870200
v 0.00463600 0.01230000 0.01845800
v 0.00463600 0.01130000 0.01845800
v 0.00456500 0.01230000 0.01821700
v 0.00456500 0.01130000 0.01821700
v 0.00448100 0.01230000 0.01798000
v 0.00448100 0.01130000 0.01798000
v 0.00438500 0.01230000 0.01774800
v 0.00438500 0.01130000 0.01774800
v 0.00427700 0.01230000 0.01752100
v 0.00427700 0.01130000 0.01752100
v 0.00415700 0.01230000 0.01730000
v 0.00415700 0.01130000 0.01730000
v 0.00402600 0.01230000 0.01708600
v 0.00402600 0.01130000 0.01708600
v 0.00388300 0.01230000 0.01687900
v 0.00388300 0.01130000 0.01687900
v 0.00373000 0.01230000 0.01667900
v 0.00373000 0.01130000 0.01667900
v 0.00356700 0.01230000 0.01648800
v 0.00356700 0.01130000 0.01648800
v 0.00339400 0.01230000 0.01630600
v 0.00339400 0.01130000 0.01630600
v 0.00321200 0.01230000 0.01613300
v 0.00321200 0.01130000 0.01613300
v 0.00302100 0.01230000 0.01597000
v 0.00302100 0.01130000 0.01597000
v 0.00282100 0.01230000 0.01581700
v 0.00282100 0.01130000 0.01581700
v 0.00261400 0.01230000 0.01567400
v 0.00261400 0.01130000 0.01567400
v 0.00240000 0.01230000 0.01554300
v 0.00240000 0.01130000 0.01554300
v 0.00217900 0.01230000 0.01542300
v 0.00217900 0.01130000 0.01542300
v 0.00195200 0.01230000 0.01531500
v 0.00195200 0.01130000 0.01531500
v 0.00172000 0.01230000 0.01521900
v 0.00172000 0.01130000 0.01521900
v 0.00148300 0.01230000 0.01513500
v 0.00148300 0.01130000 0.01513500
v 0.00124200 0.01230000 0.01506400
v 0.00124200 0.01130000 0.01506400
v 0.00099800 0.01230000 0.01500500
v 0.00099800 0.01130000 0.01500500
v 0.00075100 0.01230000 0.01495900
v 0.00075100 0.01130000 0.01495900
v 0.00050200 0.01230000 0.01492600
v 0.00050200 0.01130000 0.01492600
v 0.00025100 0.01230000 0.01490700
v 0.00025100 0.01130000 0.01490700
v -0.00000000 0.01230000 0.01490000
v -0.00000000 0.01130000 0.01490000
v -0.00025100 0.01230000 0.01490700
v -0.00025100 0.01130000 0.01490700
v -0.00050200 0.01230000 0.01492600
v -0.00050200 0.01130000 0.01492600
v -0.00075100 0.01230000 0.01495900
v -0.00075100 0.01130000 0.01495900
v -0.00099800 0.01230000 0.01500500
v -0.00099800 0.01130000 0.01500500
v -0.00124200 0.01230000 0.01506400
v -0.00124200 0.01130000 0.01506400
v -0.00148300 0.01230000 0.01513500
v -0.00148300 0.01130000 0.01513500
v -0.00172000 0.01230000 0.01521900
v -0.00172000 0.01130000 0.01521900
v -0.00195200 0.01230000 0.01531500
v -0.00195200 0.01130000 0.01531500
v -0.00217900 0.01230000 0.01542300
v -0.00217900 0.01130000 0.01542300
v -0.00240000 0.01230000 0.01554300
v -0.00240000 0.01130000 0.01554300
v -0.00261400 0.01230000 0.01567400
v -0.00261400 0.01130000 0.01567400
v -0.00282100 0.01230000 0.01581700
v -0.00282100 0.01130000 0.01581700
v -0.00302100 0.01230000 0.01597000
v -0.00302100 0.01130000 0.01597000
v -0.00321200 0.01230000 0.01613300
v -0.00321200 0.01130000 0.01613300
v -0.00339400 0.01230000 0.01630600
v -0.00339400 0.01130000 0.01630600
v -0.00356700 0.01230000 0.01648800
v -0.00356700 0.01130000 0.01648800
v -0.00373000 0.01230000 0.01667900
v -0.00373000 0.01130000 0.01667900
v -0.00388300 0.01230000 0.01687900
v -0.00388300 0.01130000 0.01687900
v -0.00402600 0.01230000 0.01708600
v -0.00402600 0.01130000 0.01708600
v -0.00415700 0.01230000 0.01730000
v -0.00415700 0.01130000 0.01730000
v -0.00427700 0.01230000 0.01752100
v -0.00427700 0.01130000 0.01752100
v -0.00438500 0.01230000 0.01774800
v -0.00438500 0.01130000 0.01774800
v -0.00448100 0.01230000 0.01798000
v -0.00448100 0.01130000 0.01798000
v -0.00456500 0.01230000 0.01821700
v -0.00456500 0.01130000 0.01821700
v -0.00463600 0.01230000 0.01845800
v -0.00463600 0.01130000 0.01845800
v -0.00469500 0.01230000 0.01870200
v -0.00469500 0.01130000 0.01870200
v -0.00474100 0.01230000 0.01894900
v -0.00474100 0.01130000 0.01894900
v -0.00477400 0.01230000 0.01919800
v -0.00477400 0.01130000 0.01919800
v -0.00479300 0.01230000 0.01944900
v -0.00479300 0.01130000 0.01944900
v -0.00480000 0.01230000 0.01970000
v -0.00480000 0.01130000 0.01970000
v -0.00479300 0.01230000 0.01995100
v -0.00479300 0.01130000 0.01995100
v -0.00477400 0.01230000 0.02020200
v -0.00477400 0.01130000 0.02020200
v -0.00474100 0.01230000 0.02045100
v -0.00474100 0.01130000 0.02045100
v -0.00469500 0.01230000 0.02069800
v -0.00469500 0.01130000 0.02069800
v -0.00463600 0.01230000 0.02094200
v -0.00463600 0.01130000 0.02094200
v -0.00456500 0.01230000 0.02118300
v -0.00456500 0.01130000 0.02118300
v -0.00448100 0.01230000 0.02142000
v -0.00448100 0.01130000 0.02142000
v -0.00438500 0.01230000 0.02165200
v -0.00438500 0.01130000 0.02165200
v -0.00427700 0.01230000 0.02187900
v -0.00427700 0.01130000 0.02187900
v -0.00415700 0.01230000 0.02210000
v -0.00415700 0.01130000 0.02210000
v -0.00402600 0.01230000 0.02231400
v -0.00402600 0.01130000 0.02231400
v -0.00388300 0.01230000 0.02252100
v -0.00388300 0.01130000 0.02252100
v -0.00373000 0.01230000 0.02272100
v -0.00373000 0.01130000 0.02272100
v -0.00356700 0.01230000 0.02291200
v -0.00356700 0.01130000 0.02291200
v -0.00339400 0.01230000 0.02309400
v -0.00339400 0.01130000 0.02309400
v -0.00321200 0.01230000 0.02326700
v -0.00321200 0.01130000 0.02326700
v -0.00302100 0.01230000 0.02343000
v -0.00302100 0.01130000 0.02343000
v -0.00282100 0.01230000 0.02358300
v -0.00282100 0.01130000 0.02358300
v -0.00261400 0.01230000 0.02372600
v -0.00261400 0.01130000 0.02372600
v -0.00240000 0.01230000 0.02385700
v -0.00240000 0.01130000 0.02385700
v -0.00217900 0.01230000 0.02397700
v -0.00217900 0.01130000 0.02397700
v -0.00195200 0.01230000 0.02408500
v -0.00195200 0.01130000 0.02408500
v -0.00172000 0.01230000 0.02418100
v -0.00172000 0.01130000 0.02418100
v -0.00148300 0.01230000 0.02426500
v -0.00148300 0.01130000 0.02426500
v -0.00124200 0.01230000 0.02433600
v -0.00124200 0.01130000 0.02433600
v -0.00099800 0.01230000 0.02439500
v -0.00099800 0.01130000 0.02439500
v -0.00075100 0.01230000 0.02444100
v -0.00075100 0.01130000 0.02444100
v -0.00050200 0.01230000 0.02447400
v -0.00050200 0.01130000 0.02447400
v 0.00680000 0.01230000 0.01870800
v 0.00680000 0.01230000 0.00530000
v 0.00679400 0.01230000 0.01895600
v 0.00677600 0.01230000 0.01920200
v 0.00674500 0.01230000 0.01944800
v 0.00670200 0.01230000 0.01969100
v 0.00664800 0.01230000 0.01993200
v 0.00658100 0.01230000 0.02017100
v 0.00650300 0.01230000 0.02040500
v 0.00641300 0.01230000 0.02063600
v 0.00631200 0.01230000 0.02086200
v 0.00620000 0.01230000 0.02108200
v 0.00607800 0.01230000 0.02129700
v 0.00594400 0.01230000 0.02150500
v 0.00580100 0.01230000 0.02170700
v 0.00564800 0.01230000 0.02190100
v 0.00548500 0.01230000 0.02208800
v 0.00531400 0.01230000 0.02226600
v 0.00513300 0.01230000 0.02243500
v 0.00481200 0.01230000 0.02271400
v 0.00448200 0.01230000 0.02298300
v 0.00414400 0.01230000 0.02324200
v 0.00379800 0.01230000 0.02349000
v 0.00344500 0.01230000 0.02372800
v 0.00308500 0.01230000 0.02395500
v 0.00271900 0.01230000 0.02417100
v 0.00234500 0.01230000 0.02437600
v 0.00196600 0.01230000 0.02456900
v 0.00158100 0.01230000 0.02475100
v 0.00119100 0.01230000 0.02492000
v 0.00079600 0.01230000 0.02507800
v 0.00039600 0.01230000 0.02522400
v -0.00000900 0.01230000 0.02535800
v -0.00041700 0.01230000 0.02547900
v -0.00082800 0.01230000 0.02558800
v -0.00124300 0.01230000 0.02568400
v -0.00166000 0.01230000 0.02576800
v -0.00208000 0.01230000 0.02583800
v -0.00250200 0.01230000 0.02589700
v -0.00292500 0.01230000 0.02594200
v -0.00334900 0.01230000 0.02597400
v -0.00377400 0.01230000 0.02599400
v -0.00420000 0.01230000 0.02600000
v -0.00680000 0.01230000 0.02600000
v -0.00699600 0.01230000 0.02599400
v -0.00719200 0.01230000 0.02597400
v -0.00738500 0.01230000 0.02594200
v -0.00757600 0.01230000 0.02589800
v -0.00776400 0.01230000 0.02584100
v -0.00794800 0.01230000 0.02577200
v -0.00980000 0.01230000 0.02300000
v -0.00812700 0.01230000 0.02569100
v -0.00830000 0.01230000 0.02559800
v -0.00846700 0.01230000 0.02549400
v -0.00862600 0.01230000 0.02538000
v -0.00877800 0.01230000 0.02525600
v -0.00892100 0.01230000 0.02512100
v -0.00905600 0.01230000 0.02497800
v -0.00918000 0.01230000 0.02482600
v -0.00929400 0.01230000 0.02466700
v -0.00939800 0.01230000 0.02450000
v -0.00949100 0.01230000 0.02432700
v -0.00957200 0.01230000 0.02414800
v -0.00964100 0.01230000 0.02396400
v -0.00969800 0.01230000 0.02377600
v -0.00974200 0.01230000 0.02358500
v -0.00977400 0.01230000 0.02339200
v -0.00979400 0.01230000 0.02319600
v -0.00980000 0.01230000 0.00430000
v 0.00780000 0.01230000 0.00430000
v 0.00768800 0.01230000 0.00430600
v 0.00757700 0.01230000 0.00432500
v 0.00747000 0.01230000 0.00435600
v 0.00736600 0.01230000 0.00439900
v 0.00726800 0.01230000 0.00445300
v 0.00717700 0.01230000 0.00451800
v 0.00709300 0.01230000 0.00459300
v 0.00701800 0.01230000 0.00467700
v 0.00695300 0.01230000 0.00476800
v 0.00689900 0.01230000 0.00486600
v 0.00685600 0.01230000 0.00497000
v 0.00682500 0.01230000 0.00507700
v 0.00680600 0.01230000 0.00518800
v -0.00980000 0.01450000 0.02300000
v -0.00979400 0.01450000 0.02319600
v -0.00977400 0.01450000 0.02339200
v -0.00974200 0.01450000 0.02358500
v -0.00969800 0.01450000 0.02377600
v -0.00964100 0.01450000 0.02396400
v -0.00957200 0.01450000 0.02414800
v -0.00949100 0.01450000 0.02432700
v -0.00939800 0.01450000 0.02450000
v -0.00929400 0.01450000 0.02466700
v -0.00918000 0.01450000 0.02482600
v -0.00905600 0.01450000 0.02497800
v -0.00892100 0.01450000 0.02512100
v -0.00877800 0.01450000 0.02525600
v -0.00862600 0.01450000 0.02538000
v -0.00846700 0.01450000 0.02549400
v -0.00830000 0.01450000 0.02559800
v -0.00812700 0.01450000 0.02569100
v -0.00794800 0.01450000 0.02577200
v -0.00776400 0.01450000 0.02584100
v -0.00757600 0.01450000 0.02589800
v -0.00738500 0.01450000 0.02594200
v -0.00719200 0.01450000 0.02597400
v -0.00699600 0.01450000 0.02599400
v -0.00680000 0.01450000 0.02600000
v -0.00420000 0.01450000 0.02600000
v -0.00377400 0.01450000 0.02599400
v -0.00334900 0.01450000 0.02597400
v -0.00292500 0.01450000 0.02594200
v -0.00250200 0.01450000 0.02589700
v -0.00208000 0.01450000 0.02583800
v -0.00166000 0.01450000 0.02576800
v -0.00124300 0.01450000 0.02568400
v -0.00082800 0.01450000 0.02558800
v -0.00041700 0.01450000 0.02547900
v -0.00000900 0.01450000 0.02535800
v 0.00039600 0.01450000 0.02522400
v 0.00079600 0.01450000 0.02507800
v 0.00119100 0.01450000 0.02492000
v 0.00158100 0.01450000 0.02475100
v 0.00196600 0.01450000 0.02456900
v 0.00234500 0.01450000 0.02437600
v 0.00271900 0.01450000 0.02417100
v 0.00308500 0.01450000 0.02395500
v 0.00344500 0.01450000 0.02372800
v 0.00379800 0.01450000 0.02349000
v 0.00414400 0.01450000 0.02324200
v 0.00448200 0.01450000 0.02298300
v 0.00481200 0.01450000 0.02271400
v 0.00513300 0.01450000 0.02243500
v 0.00531400 0.01450000 0.02226600
v 0.00548500 0.01450000 0.02208800
v 0.00564800 0.01450000 0.02190100
v 0.00580100 0.01450000 0.02170700
v 0.00594400 0.01450000 0.02150500
v 0.00607800 0.01450000 0.02129700
v 0.00620000 0.01450000 0.02108200
v 0.00631200 0.01450000 0.02086200
v 0.00641300 0.01450000 0.02063600
v 0.00650300 0.01450000 0.02040500
v 0.00658100 0.01450000 0.02017100
v 0.00664800 0.01450000 0.01993200
v 0.00670200 0.01450000 0.01969100
v 0.00674500 0.01450000 0.01944800
v 0.00677600 0.01450000 0.01920200
v 0.00679400 0.01450000 0.01895600
v 0.00680000 0.01450000 0.01870800
v -0.00101800 0.01450000 0.01995800
v -0.00104000 0.01450000 0.01984400
v -0.00105000 0.01450000 0.01972900
v -0.00098300 0.01450000 0.02006800
v -0.00093700 0.01450000 0.02017400
v -0.00087900 0.01450000 0.02027400
v -0.00081100 0.01450000 0.02036800
v -0.00073200 0.01450000 0.02045300
v -0.00064500 0.01450000 0.02052900
v -0.00055000 0.01450000 0.02059400
v -0.00044800 0.01450000 0.02065000
v -0.00034100 0.01450000 0.02069300
v -0.00023000 0.01450000 0.02072500
v -0.00011600 0.01450000 0.02074400
v -0.00000000 0.01450000 0.02075000
v 0.00011600 0.01450000 0.02074400
v 0.00023000 0.01450000 0.02072500
v 0.00034100 0.01450000 0.02069300
v 0.00044800 0.01450000 0.02065000
v 0.00055000 0.01450000 0.02059400
v 0.00064500 0.01450000 0.02052900
v 0.00073200 0.01450000 0.02045300
v 0.00081100 0.01450000 0.02036800
v 0.00087900 0.01450000 0.02027400
v 0.00093700 0.01450000 0.02017400
v 0.00098300 0.01450000 0.02006800
v 0.00101800 0.01450000 0.01995800
v 0.00104000 0.01450000 0.01984400
v 0.00105000 0.01450000 0.01972900
v 0.00104600 0.01450000 0.01961300
v 0.00103100 0.01450000 0.01949900
v 0.00100200 0.01450000 0.01938700
v 0.00096200 0.01450000 0.01927800
v 0.00090900 0.01450000 0.01917500
v 0.00084600 0.01450000 0.01907800
v 0.00077300 0.01450000 0.01898900
v 0.00069000 0.01450000 0.01890800
v 0.00059800 0.01450000 0.01883700
v 0.00680000 0.01450000 0.00530000
v 0.00050000 0.01450000 0.01877700
v 0.00039500 0.01450000 0.01872700
v 0.00028600 0.01450000 0.01869000
v 0.00017300 0.01450000 0.01866400
v 0.00005800 0.01450000 0.01865200
v -0.00005800 0.01450000 0.01865200
v -0.00722100 0.01450000 0.00414200
v -0.00017300 0.01450000 0.01866400
v -0.00028600 0.01450000 0.01869000
v -0.00039500 0.01450000 0.01872700
v -0.00050000 0.01450000 0.01877700
v -0.00059800 0.01450000 0.01883700
v -0.00069000 0.01450000 0.01890800
v -0.00077300 0.01450000 0.01898900
v -0.00084600 0.01450000 0.01907800
v -0.00090900 0.01450000 0.01917500
v -0.00737900 0.01450000 0.00417400
v -0.00753900 0.01450000 0.00419400
v 0.00680600 0.01450000 0.00518800
v 0.00682500 0.01450000 0.00507700
v 0.00685600 0.01450000 0.00497000
v 0.00689900 0.01450000 0.00486600
v 0.00695300 0.01450000 0.00476800
v 0.00701800 0.01450000 0.00467700
v 0.00709300 0.01450000 0.00459300
v 0.00717700 0.01450000 0.00451800
v 0.00726800 0.01450000 0.00445300
v 0.00736600 0.01450000 0.00439900
v 0.00747000 0.01450000 0.00435600
v 0.00757700 0.01450000 0.00432500
v 0.00768800 0.01450000 0.00430600
v -0.00706700 0.01450000 0.00409700
v 0.00706700 0.01450000 0.00409700
v -0.00691600 0.01450000 0.00404000
v 0.00691600 0.01450000 0.00404000
v -0.00677100 0.01450000 0.00397100
v 0.00677100 0.01450000 0.00397100
v -0.00663100 0.01450000 0.00389000
v 0.00663100 0.01450000 0.00389000
v -0.00649900 0.01450000 0.00379900
v 0.00649900 0.01450000 0.00379900
v -0.00637400 0.01450000 0.00369700
v 0.00637400 0.01450000 0.00369700
v -0.00625800 0.01450000 0.00358500
v 0.00625800 0.01450000 0.00358500
v -0.00615100 0.01450000 0.00346500
v 0.00615100 0.01450000 0.00346500
v -0.00605400 0.01450000 0.00333600
v 0.00605400 0.01450000 0.00333600
v -0.00596800 0.01450000 0.00320000
v 0.00596800 0.01450000 0.00320000
v -0.00589300 0.01450000 0.00305700
v 0.00589300 0.01450000 0.00305700
v -0.00583000 0.01450000 0.00290900
v 0.00583000 0.01450000 0.00290900
v -0.00577900 0.01450000 0.00275600
v 0.00577900 0.01450000 0.00275600
v -0.00574000 0.01450000 0.00260000
v 0.00574000 0.01450000 0.00260000
v -0.00571500 0.01450000 0.00244100
v 0.00571500 0.01450000 0.00244100
v -0.00570200 0.01450000 0.00228100
v 0.00570200 0.01450000 0.00228100
v -0.00570200 0.01450000 0.00211900
v 0.00570200 0.01450000 0.00211900
v -0.00571500 0.01450000 0.00195900
v 0.00571500 0.01450000 0.00195900
v -0.00574000 0.01450000 0.00180000
v 0.00574000 0.01450000 0.00180000
v -0.00577900 0.01450000 0.00164400
v 0.00577900 0.01450000 0.00164400
v -0.00583000 0.01450000 0.00149100
v 0.00583000 0.01450000 0.00149100
v -0.00589300 0.01450000 0.00134300
v 0.00589300 0.01450000 0.00134300
v -0.00596800 0.01450000 0.00120000
v 0.00596800 0.01450000 0.00120000
v -0.00605400 0.01450000 0.00106400
v 0.00605400 0.01450000 0.00106400
v -0.00615100 0.01450000 0.00093500
v 0.00615100 0.01450000 0.00093500
v -0.00625800 0.01450000 0.00081500
v 0.00625800 0.01450000 0.00081500
v -0.00637400 0.01450000 0.00070300
v 0.00637400 0.01450000 0.00070300
v -0.00649900 0.01450000 0.00060100
v 0.00649900 0.01450000 0.00060100
v -0.00663100 0.01450000 0.00051000
v 0.00663100 0.01450000 0.00051000
v -0.00677100 0.01450000 0.00042900
v 0.00677100 0.01450000 0.00042900
v -0.00691600 0.01450000 0.00036000
v 0.00691600 0.01450000 0.00036000
v -0.00706700 0.01450000 0.00030300
v 0.00706700 0.01450000 0.00030300
v -0.00722100 0.01450000 0.00025800
v 0.00722100 0.01450000 0.00025800
v -0.00737900 0.01450000 0.00022600
v 0.00737900 0.01450000 0.00022600
v -0.00753900 0.01450000 0.00020600
v 0.00753900 0.01450000 0.00020600
v -0.00770000 0.01450000 0.00020000
v 0.00770000 0.01450000 0.00020000
v -0.00980000 0.01450000 0.00000000
v 0.00980000 0.01450000 -0.00000000
v 0.00786100 0.01450000 0.00020600
v 0.00802100 0.01450000 0.00022600
v 0.00780000 0.01450000 0.00430000
v 0.00770000 0.01450000 0.00420000
v 0.00753900 0.01450000 0.00419400
v 0.00737900 0.01450000 0.00417400
v 0.00980000 0.01450000 0.00430000
v 0.00817900 0.01450000 0.00414200
v 0.00802100 0.01450000 0.00417400
v 0.00786100 0.01450000 0.00419400
v 0.00969800 0.01450000 0.00211900
v 0.00969800 0.01450000 0.00228100
v 0.00968500 0.01450000 0.00244100
v -0.00969800 0.01450000 0.00228100
v -0.00969800 0.01450000 0.00211900
v -0.00968500 0.01450000 0.00195900
v -0.00770000 0.01450000 0.00420000
v -0.00786100 0.01450000 0.00419400
v -0.00802100 0.01450000 0.00417400
v -0.00817900 0.01450000 0.00414200
v -0.00833300 0.01450000 0.00409700
v -0.00848400 0.01450000 0.00404000
v -0.00862900 0.01450000 0.00397100
v -0.00876900 0.01450000 0.00389000
v -0.00890100 0.01450000 0.00379900
v -0.00902600 0.01450000 0.00369700
v -0.00914200 0.01450000 0.00358500
v -0.00924900 0.01450000 0.00346500
v -0.00934600 0.01450000 0.00333600
v -0.00943200 0.01450000 0.00320000
v -0.00950700 0.01450000 0.00305700
v -0.00957000 0.01450000 0.00290900
v -0.00962100 0.01450000 0.00275600
v -0.00966000 0.01450000 0.00260000
v -0.00968500 0.01450000 0.00244100
v -0.00966000 0.01450000 0.00180000
v -0.00962100 0.01450000 0.00164400
v -0.00957000 0.01450000 0.00149100
v -0.00950700 0.01450000 0.00134300
v -0.00943200 0.01450000 0.00120000
v -0.00934600 0.01450000 0.00106400
v -0.00924900 0.01450000 0.00093500
v -0.00914200 0.01450000 0.00081500
v -0.00902600 0.01450000 0.00070300
v -0.00890100 0.01450000 0.00060100
v -0.00876900 0.01450000 0.00051000
v -0.00862900 0.01450000 0.00042900
v -0.00848400 0.01450000 0.00036000
v -0.00833300 0.01450000 0.00030300
v -0.00817900 0.01450000 0.00025800
v -0.00802100 0.01450000 0.00022600
v -0.00786100 0.01450000 0.00020600
v 0.00722100 0.01450000 0.00414200
v 0.00817900 0.01450000 0.00025800
v 0.00833300 0.01450000 0.00030300
v 0.00848400 0.01450000 0.00036000
v 0.00862900 0.01450000 0.00042900
v 0.00876900 0.01450000 0.00051000
v 0.00890100 0.01450000 0.00060100
v 0.00902600 0.01450000 0.00070300
v 0.00914200 0.01450000 0.00081500
v 0.00924900 0.01450000 0.00093500
v 0.00934600 0.01450000 0.00106400
v 0.00943200 0.01450000 0.00120000
v 0.00950700 0.01450000 0.00134300
v 0.00957000 0.01450000 0.00149100
v 0.00962100 0.01450000 0.00164400
v 0.00966000 0.01450000 0.00180000
v 0.00968500 0.01450000 0.00195900
v 0.00966000 0.01450000 0.00260000
v 0.00962100 0.01450000 0.00275600
v 0.00957000 0.01450000 0.00290900
v 0.00950700 0.01450000 0.00305700
v 0.00943200 0.01450000 0.00320000
v 0.00934600 0.01450000 0.00333600
v 0.00924900 0.01450000 0.00346500
v 0.00914200 0.01450000 0.00358500
v 0.00902600 0.01450000 0.00369700
v 0.00890100 0.01450000 0.00379900
v 0.00876900 0.01450000 0.00389000
v 0.00862900 0.01450000 0.00397100
v 0.00848400 0.01450000 0.00404000
v 0.00833300 0.01450000 0.00409700
v -0.00104600 0.01450000 0.01961300
v -0.00103100 0.01450000 0.01949900
v -0.00100200 0.01450000 0.01938700
v -0.00096200 0.01450000 0.01927800
v -0.00016700 0.01130000 0.02349600
v 0.00005600 0.01130000 0.02350000
v 0.00027900 0.01130000 0.02349000
v 0.00050100 0.01130000 0.02346700
v 0.00072100 0.01130000 0.02343100
v 0.00093900 0.01130000 0.02338200
v 0.00115300 0.01130000 0.02332100
v 0.00136400 0.01130000 0.02324700
v 0.00156900 0.01130000 0.02316100
v 0.00177000 0.01130000 0.02306300
v 0.00196400 0.01130000 0.02295300
v 0.00215200 0.01130000 0.02283200
v 0.00233200 0.01130000 0.02270000
v 0.00250400 0.01130000 0.02255800
v 0.00266700 0.01130000 0.02240700
v 0.00282100 0.01130000 0.02224600
v 0.00296600 0.01130000 0.02207600
v 0.00310000 0.01130000 0.02189700
v 0.00322400 0.01130000 0.02171200
v 0.00333600 0.01130000 0.02151900
v 0.00343700 0.01130000 0.02132000
v 0.00352700 0.01130000 0.02111600
v 0.00360400 0.01130000 0.02090600
v 0.00366800 0.01130000 0.02069200
v 0.00372000 0.01130000 0.02047600
v 0.00375900 0.01130000 0.02025600
v 0.00378500 0.01130000 0.02003400
v 0.00379800 0.01130000 0.01981200
v 0.00379800 0.01130000 0.01958800
v 0.00378500 0.01130000 0.01936600
v 0.00375900 0.01130000 0.01914400
v 0.00372000 0.01130000 0.01892400
v 0.00366800 0.01130000 0.01870800
v 0.00360400 0.01130000 0.01849400
v 0.00352700 0.01130000 0.01828400
v 0.00343700 0.01130000 0.01808000
v 0.00333600 0.01130000 0.01788100
v 0.00322400 0.01130000 0.01768800
v 0.00310000 0.01130000 0.01750300
v 0.00296600 0.01130000 0.01732400
v 0.00282100 0.01130000 0.01715400
v 0.00266700 0.01130000 0.01699300
v 0.00250400 0.01130000 0.01684200
v 0.00233200 0.01130000 0.01670000
v 0.00215200 0.01130000 0.01656800
v 0.00196400 0.01130000 0.01644700
v 0.00177000 0.01130000 0.01633700
v 0.00156900 0.01130000 0.01623900
v 0.00136400 0.01130000 0.01615300
v 0.00115300 0.01130000 0.01607900
v 0.00093900 0.01130000 0.01601800
v 0.00072100 0.01130000 0.01596900
v 0.00050100 0.01130000 0.01593300
v 0.00027900 0.01130000 0.01591000
v 0.00005600 0.01130000 0.01590000
v -0.00016700 0.01130000 0.01590400
v -0.00039000 0.01130000 0.01592000
v -0.00061100 0.01130000 0.01594900
v -0.00083000 0.01130000 0.01599200
v -0.00104600 0.01130000 0.01604700
v -0.00125900 0.01130000 0.01611500
v -0.00146700 0.01130000 0.01619500
v -0.00167000 0.01130000 0.01628700
v -0.00186800 0.01130000 0.01639100
v -0.00205900 0.01130000 0.01650600
v -0.00224300 0.01130000 0.01663200
v -0.00241900 0.01130000 0.01676900
v -0.00258700 0.01130000 0.01691600
v -0.00274600 0.01130000 0.01707300
v -0.00289500 0.01130000 0.01723800
v -0.00303400 0.01130000 0.01741300
v -0.00316300 0.01130000 0.01759500
v -0.00328200 0.01130000 0.01778400
v -0.00338800 0.01130000 0.01798000
v -0.00348300 0.01130000 0.01818200
v -0.00356700 0.01130000 0.01838900
v -0.00363700 0.01130000 0.01860000
v -0.00369600 0.01130000 0.01881600
v -0.00374100 0.01130000 0.01903400
v -0.00377400 0.01130000 0.01925500
v -0.00379300 0.01130000 0.01947700
v -0.00380000 0.01130000 0.01970000
v -0.00379300 0.01130000 0.01992300
v -0.00377400 0.01130000 0.02014500
v -0.00374100 0.01130000 0.02036600
v -0.00369600 0.01130000 0.02058400
v -0.00363700 0.01130000 0.02080000
v -0.00356700 0.01130000 0.02101100
v -0.00348300 0.01130000 0.02121800
v -0.00338800 0.01130000 0.02142000
v -0.00328200 0.01130000 0.02161600
v -0.00316300 0.01130000 0.02180500
v -0.00303400 0.01130000 0.02198700
v -0.00289500 0.01130000 0.02216200
v -0.00274600 0.01130000 0.02232700
v -0.00258700 0.01130000 0.02248400
v -0.00241900 0.01130000 0.02263100
v -0.00224300 0.01130000 0.02276800
v -0.00205900 0.01130000 0.02289400
v -0.00186800 0.01130000 0.02300900
v -0.00167000 0.01130000 0.02311300
v -0.00146700 0.01130000 0.02320500
v -0.00125900 0.01130000 0.02328500
v -0.00104600 0.01130000 0.02335300
v -0.00083000 0.01130000 0.02340800
v -0.00061100 0.01130000 0.02345100
v -0.00039000 0.01130000 0.02348000
v 0.00980000 0.00950000 0.00430000
v -0.00980000 0.00950000 0.00430000
v 0.00980000 0.00950000 -0.00000000
v -0.00980000 0.00950000 0.00000000
v 0.00749900 0.00950000 0.00323100
v 0.00761300 0.00950000 0.00324600
v 0.00772900 0.00950000 0.00325000
v -0.00874800 0.00950000 0.00214200
v -0.00874800 0.00950000 0.00225800
v -0.00873600 0.00950000 0.00237300
v 0.00749900 0.00950000 0.00116900
v -0.00744200 0.00950000 0.00118200
v -0.00755600 0.00950000 0.00116000
v 0.00875000 0.00950000 0.00220000
v 0.00874400 0.00950000 0.00208400
v 0.00872500 0.00950000 0.00197000
v 0.00869300 0.00950000 0.00185900
v 0.00865000 0.00950000 0.00175200
v 0.00859500 0.00950000 0.00165000
v 0.00852900 0.00950000 0.00155500
v 0.00845300 0.00950000 0.00146800
v 0.00836800 0.00950000 0.00138900
v 0.00827400 0.00950000 0.00132100
v 0.00817400 0.00950000 0.00126300
v 0.00806800 0.00950000 0.00121700
v 0.00795800 0.00950000 0.00118200
v 0.00784400 0.00950000 0.00116000
v 0.00772900 0.00950000 0.00115000
v 0.00761300 0.00950000 0.00115400
v 0.00738700 0.00950000 0.00119800
v -0.00733200 0.00950000 0.00121700
v 0.00727800 0.00950000 0.00123800
v -0.00722600 0.00950000 0.00126300
v 0.00717500 0.00950000 0.00129100
v -0.00712600 0.00950000 0.00132100
v 0.00707800 0.00950000 0.00135400
v -0.00703200 0.00950000 0.00138900
v 0.00698900 0.00950000 0.00142700
v -0.00694700 0.00950000 0.00146800
v 0.00690800 0.00950000 0.00151000
v -0.00687100 0.00950000 0.00155500
v 0.00683700 0.00950000 0.00160200
v -0.00680500 0.00950000 0.00165000
v 0.00677700 0.00950000 0.00170000
v -0.00675000 0.00950000 0.00175200
v 0.00672700 0.00950000 0.00180500
v -0.00670700 0.00950000 0.00185900
v 0.00669000 0.00950000 0.00191400
v -0.00667500 0.00950000 0.00197000
v 0.00666400 0.00950000 0.00202700
v -0.00665600 0.00950000 0.00208400
v 0.00665200 0.00950000 0.00214200
v -0.00665000 0.00950000 0.00220000
v 0.00665200 0.00950000 0.00225800
v -0.00665600 0.00950000 0.00231600
v 0.00666400 0.00950000 0.00237300
v -0.00667500 0.00950000 0.00243000
v 0.00669000 0.00950000 0.00248600
v -0.00670700 0.00950000 0.00254100
v 0.00672700 0.00950000 0.00259500
v -0.00675000 0.00950000 0.00264800
v 0.00677700 0.00950000 0.00270000
v -0.00680500 0.00950000 0.00275000
v 0.00683700 0.00950000 0.00279800
v -0.00687100 0.00950000 0.00284500
v 0.00690800 0.00950000 0.00289000
v -0.00694700 0.00950000 0.00293200
v 0.00698900 0.00950000 0.00297300
v -0.00703200 0.00950000 0.00301100
v 0.00707800 0.00950000 0.00304600
v -0.00712600 0.00950000 0.00307900
v 0.00717500 0.00950000 0.00310900
v -0.00722600 0.00950000 0.00313700
v 0.00727800 0.00950000 0.00316200
v -0.00733200 0.00950000 0.00318300
v 0.00738700 0.00950000 0.00320200
v -0.00744200 0.00950000 0.00321800
v 0.00784400 0.00950000 0.00324000
v 0.00795800 0.00950000 0.00321800
v 0.00806800 0.00950000 0.00318300
v 0.00817400 0.00950000 0.00313700
v 0.00827400 0.00950000 0.00307900
v 0.00836800 0.00950000 0.00301100
v 0.00845300 0.00950000 0.00293200
v 0.00852900 0.00950000 0.00284500
v 0.00859500 0.00950000 0.00275000
v 0.00865000 0.00950000 0.00264800
v 0.00869300 0.00950000 0.00254100
v 0.00872500 0.00950000 0.00243000
v 0.00874400 0.00950000 0.00231600
v -0.00767100 0.00950000 0.00115000
v -0.00778700 0.00950000 0.00115400
v -0.00790100 0.00950000 0.00116900
v -0.00801300 0.00950000 0.00119800
v -0.00812200 0.00950000 0.00123800
v -0.00822500 0.00950000 0.00129100
v -0.00832200 0.00950000 0.00135400
v -0.00841100 0.00950000 0.00142700
v -0.00849200 0.00950000 0.00151000
v -0.00856300 0.00950000 0.00160200
v -0.00862300 0.00950000 0.00170000
v -0.00867300 0.00950000 0.00180500
v -0.00871000 0.00950000 0.00191400
v -0.00873600 0.00950000 0.00202700
v -0.00871000 0.00950000 0.00248600
v -0.00867300 0.00950000 0.00259500
v -0.00862300 0.00950000 0.00270000
v -0.00856300 0.00950000 0.00279800
v -0.00849200 0.00950000 0.00289000
v -0.00841100 0.00950000 0.00297300
v -0.00832200 0.00950000 0.00304600
v -0.00822500 0.00950000 0.00310900
v -0.00812200 0.00950000 0.00316200
v -0.00801300 0.00950000 0.00320200
v -0.00790100 0.00950000 0.00323100
v -0.00778700 0.00950000 0.00324600
v -0.00767100 0.00950000 0.00325000
v -0.00755600 0.00950000 0.00324000
v 0.00379300 0.01050000 0.01947700
v 0.00380000 0.01050000 0.01970000
v 0.00379300 0.01050000 0.01992300
v 0.00377400 0.01050000 0.02014500
v 0.00374100 0.01050000 0.02036600
v 0.00369600 0.01050000 0.02058400
v 0.00363700 0.01050000 0.02080000
v 0.00356700 0.01050000 0.02101100
v 0.00348300 0.01050000 0.02121800
v 0.00338800 0.01050000 0.02142000
v 0.00328200 0.01050000 0.02161600
v 0.00316300 0.01050000 0.02180500
v 0.00303400 0.01050000 0.02198700
v 0.00289500 0.01050000 0.02216200
v 0.00274600 0.01050000 0.02232700
v 0.00258700 0.01050000 0.02248400
v 0.00241900 0.01050000 0.02263100
v 0.00224300 0.01050000 0.02276800
v 0.00205900 0.01050000 0.02289400
v 0.00186800 0.01050000 0.02300900
v 0.00167000 0.01050000 0.02311300
v 0.00146700 0.01050000 0.02320500
v 0.00125900 0.01050000 0.02328500
v 0.00104600 0.01050000 0.02335300
v 0.00083000 0.01050000 0.02340800
v 0.00061100 0.01050000 0.02345100
v 0.00039000 0.01050000 0.02348000
v 0.00016700 0.01050000 0.02349600
v -0.00005600 0.01050000 0.02350000
v -0.00027900 0.01050000 0.02349000
v -0.00050100 0.01050000 0.02346700
v -0.00072100 0.01050000 0.02343100
v -0.00093900 0.01050000 0.02338200
v -0.00115300 0.01050000 0.02332100
v -0.00136400 0.01050000 0.02324700
v -0.00156900 0.01050000 0.02316100
v -0.00177000 0.01050000 0.02306300
v -0.00196400 0.01050000 0.02295300
v -0.00215200 0.01050000 0.02283200
v -0.00233200 0.01050000 0.02270000
v -0.00250400 0.01050000 0.02255800
v -0.00266700 0.01050000 0.02240700
v -0.00282100 0.01050000 0.02224600
v -0.00296600 0.01050000 0.02207600
v -0.00310000 0.01050000 0.02189700
v -0.00322400 0.01050000 0.02171200
v -0.00333600 0.01050000 0.02151900
v -0.00343700 0.01050000 0.02132000
v -0.00352700 0.01050000 0.02111600
v -0.00360400 0.01050000 0.02090600
v -0.00366800 0.01050000 0.02069200
v -0.00372000 0.01050000 0.02047600
v -0.00375900 0.01050000 0.02025600
v -0.00378500 0.01050000 0.02003400
v -0.00379800 0.01050000 0.01981200
v -0.00379800 0.01050000 0.01958800
v -0.00378500 0.01050000 0.01936600
v -0.00375900 0.01050000 0.01914400
v -0.00372000 0.01050000 0.01892400
v -0.00366800 0.01050000 0.01870800
v -0.00360400 0.01050000 0.01849400
v -0.00352700 0.01050000 0.01828400
v -0.00343700 0.01050000 0.01808000
v -0.00333600 0.01050000 0.01788100
v -0.00322400 0.01050000 0.01768800
v -0.00310000 0.01050000 0.01750300
v -0.00296600 0.01050000 0.01732400
v -0.00282100 0.01050000 0.01715400
v -0.00266700 0.01050000 0.01699300
v -0.00250400 0.01050000 0.01684200
v -0.00233200 0.01050000 0.01670000
v -0.00215200 0.01050000 0.01656800
v -0.00196400 0.01050000 0.01644700
v -0.00177000 0.01050000 0.01633700
v -0.00156900 0.01050000 0.01623900
v -0.00136400 0.01050000 0.01615300
v -0.00115300 0.01050000 0.01607900
v -0.00093900 0.01050000 0.01601800
v -0.00072100 0.01050000 0.01596900
v -0.00050100 0.01050000 0.01593300
v -0.00027900 0.01050000 0.01591000
v -0.00005600 0.01050000 0.01590000
v 0.00016700 0.01050000 0.01590400
v 0.00039000 0.01050000 0.01592000
v 0.00061100 0.01050000 0.01594900
v 0.00083000 0.01050000 0.01599200
v 0.00104600 0.01050000 0.01604700
v 0.00125900 0.01050000 0.01611500
v 0.00146700 0.01050000 0.01619500
v 0.00167000 0.01050000 0.01628700
v 0.00186800 0.01050000 0.01639100
v 0.00205900 0.01050000 0.01650600
v 0.00224300 0.01050000 0.01663200
v 0.00241900 0.01050000 0.01676900
v 0.00258700 0.01050000 0.01691600
v 0.00274600 0.01050000 0.01707300
v 0.00289500 0.01050000 0.01723800
v 0.00303400 0.01050000 0.01741300
v 0.00316300 0.01050000 0.01759500
v 0.00328200 0.01050000 0.01778400
v 0.00338800 0.01050000 0.01798000
v 0.00348300 0.01050000 0.01818200
v 0.00356700 0.01050000 0.01838900
v 0.00363700 0.01050000 0.01860000
v 0.00369600 0.01050000 0.01881600
v 0.00374100 0.01050000 0.01903400
v 0.00377400 0.01050000 0.01925500
v 0.00324800 0.01050000 0.01980300
v 0.00324800 0.01050000 0.01959700
v 0.00323500 0.01050000 0.01939100
v 0.00320900 0.01050000 0.01918600
v 0.00317000 0.01050000 0.01898400
v 0.00311800 0.01050000 0.01878400
v 0.00305400 0.01050000 0.01858800
v 0.00297700 0.01050000 0.01839700
v 0.00288900 0.01050000 0.01821100
v 0.00278800 0.01050000 0.01803000
v 0.00267700 0.01050000 0.01785700
v 0.00255500 0.01050000 0.01769100
v 0.00242200 0.01050000 0.01753300
v 0.00228000 0.01050000 0.01738400
v 0.00212800 0.01050000 0.01724400
v 0.00196800 0.01050000 0.01711400
v 0.00180000 0.01050000 0.01699400
v 0.00162500 0.01050000 0.01688500
v 0.00144300 0.01050000 0.01678800
v 0.00125600 0.01050000 0.01670200
v 0.00106300 0.01050000 0.01662900
v 0.00086600 0.01050000 0.01656800
v 0.00066600 0.01050000 0.01651900
v 0.00046300 0.01050000 0.01648300
v 0.00025800 0.01050000 0.01646000
v 0.00005200 0.01050000 0.01645000
v -0.00015500 0.01050000 0.01645400
v -0.00036000 0.01050000 0.01647000
v -0.00056400 0.01050000 0.01649900
v -0.00076600 0.01050000 0.01654200
v -0.00096500 0.01050000 0.01659700
v -0.00116000 0.01050000 0.01666400
v -0.00135000 0.01050000 0.01674400
v -0.00153500 0.01050000 0.01683500
v -0.00171300 0.01050000 0.01693800
v -0.00188500 0.01050000 0.01705300
v -0.00204900 0.01050000 0.01717800
v -0.00220500 0.01050000 0.01731300
v -0.00235200 0.01050000 0.01745700
v -0.00249000 0.01050000 0.01761100
v -0.00261700 0.01050000 0.01777300
v -0.00273400 0.01050000 0.01794300
v -0.00284000 0.01050000 0.01812000
v -0.00293500 0.01050000 0.01830300
v -0.00301700 0.01050000 0.01849200
v -0.00308800 0.01050000 0.01868600
v -0.00314600 0.01050000 0.01888400
v -0.00319100 0.01050000 0.01908500
v -0.00322400 0.01050000 0.01928900
v -0.00324300 0.01050000 0.01949400
v -0.00325000 0.01050000 0.01970000
v -0.00324300 0.01050000 0.01990600
v -0.00322400 0.01050000 0.02011100
v -0.00319100 0.01050000 0.02031500
v -0.00314600 0.01050000 0.02051600
v -0.00308800 0.01050000 0.02071400
v -0.00301700 0.01050000 0.02090800
v -0.00293500 0.01050000 0.02109700
v -0.00284000 0.01050000 0.02128000
v -0.00273400 0.01050000 0.02145700
v -0.00261700 0.01050000 0.02162700
v -0.00249000 0.01050000 0.02178900
v -0.00235200 0.01050000 0.02194300
v -0.00220500 0.01050000 0.02208700
v -0.00204900 0.01050000 0.02222200
v -0.00188500 0.01050000 0.02234700
v -0.00171300 0.01050000 0.02246200
v -0.00153500 0.01050000 0.02256500
v -0.00135000 0.01050000 0.02265600
v -0.00116000 0.01050000 0.02273600
v -0.00096500 0.01050000 0.02280300
v -0.00076600 0.01050000 0.02285800
v -0.00056400 0.01050000 0.02290100
v -0.00036000 0.01050000 0.02293000
v -0.00015500 0.01050000 0.02294600
v 0.00005200 0.01050000 0.02295000
v 0.00025800 0.01050000 0.02294000
v 0.00046300 0.01050000 0.02291700
v 0.00066600 0.01050000 0.02288100
v 0.00086600 0.01050000 0.02283200
v 0.00106300 0.01050000 0.02277100
v 0.00125600 0.01050000 0.02269800
v 0.00144300 0.01050000 0.02261200
v 0.00162500 0.01050000 0.02251500
v 0.00180000 0.01050000 0.02240600
v 0.00196800 0.01050000 0.02228600
v 0.00212800 0.01050000 0.02215600
v 0.00228000 0.01050000 0.02201600
v 0.00242200 0.01050000 0.02186700
v 0.00255500 0.01050000 0.02170900
v 0.00267700 0.01050000 0.02154300
v 0.00278800 0.01050000 0.02137000
v 0.00288900 0.01050000 0.02118900
v 0.00297700 0.01050000 0.02100300
v 0.00305400 0.01050000 0.02081200
v 0.00311800 0.01050000 0.02061600
v 0.00317000 0.01050000 0.02041600
v 0.00320900 0.01050000 0.02021400
v 0.00323500 0.01050000 0.02000900
v -0.00324300 0.01080000 0.01949400
v -0.00225000 0.01080000 0.01795000
v -0.00325000 0.01080000 0.01970000
v -0.00225000 0.01080000 0.02145000
v -0.00324300 0.01080000 0.01990600
v -0.00322400 0.01080000 0.02011100
v -0.00319100 0.01080000 0.02031500
v -0.00314600 0.01080000 0.02051600
v -0.00308800 0.01080000 0.02071400
v -0.00301700 0.01080000 0.02090800
v -0.00293500 0.01080000 0.02109700
v -0.00284000 0.01080000 0.02128000
v -0.00273400 0.01080000 0.02145700
v -0.00261700 0.01080000 0.02162700
v -0.00224400 0.01080000 0.02152800
v -0.00249000 0.01080000 0.02178900
v -0.00222600 0.01080000 0.02160400
v -0.00219600 0.01080000 0.02167700
v -0.00322400 0.01080000 0.01928900
v -0.00319100 0.01080000 0.01908500
v -0.00314600 0.01080000 0.01888400
v -0.00308800 0.01080000 0.01868600
v -0.00301700 0.01080000 0.01849200
v -0.00293500 0.01080000 0.01830300
v -0.00284000 0.01080000 0.01812000
v -0.00273400 0.01080000 0.01794300
v -0.00261700 0.01080000 0.01777300
v -0.00224400 0.01080000 0.01787200
v -0.00249000 0.01080000 0.01761100
v -0.00222600 0.01080000 0.01779600
v -0.00219600 0.01080000 0.01772300
v -0.00235200 0.01080000 0.01745700
v -0.00215500 0.01080000 0.01765600
v -0.00210400 0.01080000 0.01759600
v -0.00220500 0.01080000 0.01731300
v -0.00204400 0.01080000 0.01754600
v -0.00197700 0.01080000 0.01750400
v -0.00204900 0.01080000 0.01717800
v -0.00190500 0.01080000 0.01747400
v -0.00182800 0.01080000 0.01745600
v -0.00188500 0.01080000 0.01705300
v -0.00175000 0.01080000 0.01745000
v -0.00171300 0.01080000 0.01693800
v -0.00153500 0.01080000 0.01683500
v -0.00135000 0.01080000 0.01674400
v -0.00116000 0.01080000 0.01666400
v -0.00096500 0.01080000 0.01659700
v -0.00076600 0.01080000 0.01654200
v -0.00056400 0.01080000 0.01649900
v -0.00036000 0.01080000 0.01647000
v -0.00015500 0.01080000 0.01645400
v 0.00005200 0.01080000 0.01645000
v 0.00175000 0.01080000 0.01745000
v 0.00025800 0.01080000 0.01646000
v 0.00046300 0.01080000 0.01648300
v 0.00066600 0.01080000 0.01651900
v 0.00086600 0.01080000 0.01656800
v 0.00106300 0.01080000 0.01662900
v 0.00125600 0.01080000 0.01670200
v 0.00144300 0.01080000 0.01678800
v 0.00162500 0.01080000 0.01688500
v 0.00180000 0.01080000 0.01699400
v 0.00196800 0.01080000 0.01711400
v 0.00182800 0.01080000 0.01745600
v 0.00190500 0.01080000 0.01747400
v 0.00212800 0.01080000 0.01724400
v 0.00197700 0.01080000 0.01750400
v 0.00204400 0.01080000 0.01754600
v 0.00228000 0.01080000 0.01738400
v 0.00210400 0.01080000 0.01759600
v 0.00215500 0.01080000 0.01765600
v 0.00242200 0.01080000 0.01753300
v 0.00219600 0.01080000 0.01772300
v 0.00222600 0.01080000 0.01779600
v 0.00255500 0.01080000 0.01769100
v 0.00224400 0.01080000 0.01787200
v 0.00267700 0.01080000 0.01785700
v 0.00225000 0.01080000 0.01795000
v 0.00278800 0.01080000 0.01803000
v 0.00288900 0.01080000 0.01821100
v 0.00297700 0.01080000 0.01839700
v 0.00305400 0.01080000 0.01858800
v 0.00311800 0.01080000 0.01878400
v 0.00317000 0.01080000 0.01898400
v 0.00320900 0.01080000 0.01918600
v 0.00323500 0.01080000 0.01939100
v 0.00324800 0.01080000 0.01959700
v 0.00324800 0.01080000 0.01980300
v 0.00225000 0.01080000 0.02145000
v 0.00323500 0.01080000 0.02000900
v 0.00320900 0.01080000 0.02021400
v 0.00317000 0.01080000 0.02041600
v 0.00311800 0.01080000 0.02061600
v 0.00305400 0.01080000 0.02081200
v 0.00297700 0.01080000 0.02100300
v 0.00288900 0.01080000 0.02118900
v 0.00278800 0.01080000 0.02137000
v 0.00267700 0.01080000 0.02154300
v 0.00224400 0.01080000 0.02152800
v 0.00255500 0.01080000 0.02170900
v 0.00222600 0.01080000 0.02160400
v 0.00242200 0.01080000 0.02186700
v 0.00219600 0.01080000 0.02167700
v 0.00215500 0.01080000 0.02174400
v 0.00228000 0.01080000 0.02201600
v 0.00210400 0.01080000 0.02180400
v 0.00204400 0.01080000 0.02185400
v 0.00212800 0.01080000 0.02215600
v 0.00197700 0.01080000 0.02189600
v 0.00190500 0.01080000 0.02192600
v 0.00196800 0.01080000 0.02228600
v 0.00182800 0.01080000 0.02194400
v 0.00175000 0.01080000 0.02195000
v 0.00180000 0.01080000 0.02240600
v 0.00162500 0.01080000 0.02251500
v 0.00144300 0.01080000 0.02261200
v 0.00125600 0.01080000 0.02269800
v 0.00106300 0.01080000 0.02277100
v 0.00086600 0.01080000 0.02283200
v 0.00066600 0.01080000 0.02288100
v 0.00046300 0.01080000 0.02291700
v 0.00025800 0.01080000 0.02294000
v 0.00005200 0.01080000 0.02295000
v -0.00175000 0.01080000 0.02195000
v -0.00015500 0.01080000 0.02294600
v -0.00036000 0.01080000 0.02293000
v -0.00056400 0.01080000 0.02290100
v -0.00076600 0.01080000 0.02285800
v -0.00096500 0.01080000 0.02280300
v -0.00116000 0.01080000 0.02273600
v -0.00135000 0.01080000 0.02265600
v -0.00153500 0.01080000 0.02256500
v -0.00171300 0.01080000 0.02246200
v -0.00188500 0.01080000 0.02234700
v -0.00182800 0.01080000 0.02194400
v -0.00204900 0.01080000 0.02222200
v -0.00190500 0.01080000 0.02192600
v -0.00197700 0.01080000 0.02189600
v -0.00220500 0.01080000 0.02208700
v -0.00204400 0.01080000 0.02185400
v -0.00210400 0.01080000 0.02180400
v -0.00235200 0.01080000 0.02194300
v -0.00215500 0.01080000 0.02174400
v 0.00225000 0.01250000 0.02145000
v 0.00105000 0.01250000 0.01970000
v 0.00225000 0.01250000 0.01795000
v 0.00104400 0.01250000 0.01958400
v 0.00102500 0.01250000 0.01947000
v 0.00224400 0.01250000 0.02152800
v 0.00175000 0.01250000 0.02195000
v 0.00075300 0.01250000 0.02043200
v 0.00082900 0.01250000 0.02034500
v 0.00222600 0.01250000 0.02160400
v 0.00219600 0.01250000 0.02167700
v 0.00215500 0.01250000 0.02174400
v 0.00210400 0.01250000 0.02180400
v 0.00204400 0.01250000 0.02185400
v 0.00197700 0.01250000 0.02189600
v 0.00190500 0.01250000 0.02192600
v 0.00182800 0.01250000 0.02194400
v -0.00175000 0.01250000 0.02195000
v 0.00002900 0.01250000 0.02075000
v 0.00014400 0.01250000 0.02074000
v 0.00025800 0.01250000 0.02071800
v -0.00182800 0.01250000 0.02194400
v -0.00190500 0.01250000 0.02192600
v -0.00197700 0.01250000 0.02189600
v -0.00204400 0.01250000 0.02185400
v -0.00210400 0.01250000 0.02180400
v -0.00215500 0.01250000 0.02174400
v -0.00219600 0.01250000 0.02167700
v -0.00222600 0.01250000 0.02160400
v -0.00224400 0.01250000 0.02152800
v -0.00225000 0.01250000 0.02145000
v -0.00225000 0.01250000 0.01795000
v -0.00104800 0.01250000 0.01975800
v -0.00103600 0.01250000 0.01987300
v -0.00101000 0.01250000 0.01998600
v -0.00224400 0.01250000 0.01787200
v -0.00222600 0.01250000 0.01779600
v -0.00219600 0.01250000 0.01772300
v -0.00215500 0.01250000 0.01765600
v -0.00210400 0.01250000 0.01759600
v -0.00204400 0.01250000 0.01754600
v -0.00197700 0.01250000 0.01750400
v -0.00190500 0.01250000 0.01747400
v -0.00182800 0.01250000 0.01745600
v -0.00175000 0.01250000 0.01745000
v 0.00175000 0.01250000 0.01745000
v 0.00002900 0.01250000 0.01865000
v -0.00008700 0.01250000 0.01865400
v -0.00020100 0.01250000 0.01867000
v 0.00182800 0.01250000 0.01745600
v 0.00075300 0.01250000 0.01896800
v 0.00066800 0.01250000 0.01889000
v 0.00190500 0.01250000 0.01747400
v 0.00197700 0.01250000 0.01750400
v 0.00204400 0.01250000 0.01754600
v 0.00210400 0.01250000 0.01759600
v 0.00215500 0.01250000 0.01765600
v 0.00219600 0.01250000 0.01772300
v 0.00222600 0.01250000 0.01779600
v 0.00224400 0.01250000 0.01787200
v 0.00099300 0.01250000 0.01935900
v 0.00095000 0.01250000 0.01925200
v 0.00089500 0.01250000 0.01915000
v 0.00082900 0.01250000 0.01905500
v 0.00057400 0.01250000 0.01882100
v 0.00047400 0.01250000 0.01876300
v 0.00036800 0.01250000 0.01871700
v 0.00025800 0.01250000 0.01868200
v 0.00014400 0.01250000 0.01866000
v -0.00031300 0.01250000 0.01869800
v -0.00042200 0.01250000 0.01873800
v -0.00052500 0.01250000 0.01879100
v -0.00062200 0.01250000 0.01885400
v -0.00071100 0.01250000 0.01892800
v -0.00079200 0.01250000 0.01901000
v -0.00086300 0.01250000 0.01910200
v -0.00092300 0.01250000 0.01920000
v -0.00097300 0.01250000 0.01930500
v -0.00101000 0.01250000 0.01941400
v -0.00103600 0.01250000 0.01952700
v -0.00104800 0.01250000 0.01964200
v -0.00097300 0.01250000 0.02009500
v -0.00092300 0.01250000 0.02020000
v -0.00086300 0.01250000 0.02029800
v -0.00079200 0.01250000 0.02039000
v -0.00071100 0.01250000 0.02047200
v -0.00062200 0.01250000 0.02054600
v -0.00052500 0.01250000 0.02060900
v -0.00042200 0.01250000 0.02066200
v -0.00031300 0.01250000 0.02070200
v -0.00020100 0.01250000 0.02073000
v -0.00008700 0.01250000 0.02074600
v 0.00036800 0.01250000 0.02068300
v 0.00047400 0.01250000 0.02063700
v 0.00057400 0.01250000 0.02057900
v 0.00066800 0.01250000 0.02051000
v 0.00089500 0.01250000 0.02025000
v 0.00095000 0.01250000 0.02014800
v 0.00099300 0.01250000 0.02004100
v 0.00102500 0.01250000 0.01993000
v 0.00104400 0.01250000 0.01981600
v -0.00665200 0.01150000 0.00225800
v -0.00665200 0.01150000 0.00214200
v -0.00666400 0.01150000 0.00202700
v -0.00669000 0.01150000 0.00191400
v -0.00672700 0.01150000 0.00180500
v -0.00677700 0.01150000 0.00170000
v -0.00683700 0.01150000 0.00160200
v -0.00690800 0.01150000 0.00151000
v -0.00698900 0.01150000 0.00142700
v -0.00707800 0.01150000 0.00135400
v -0.00717500 0.01150000 0.00129100
v -0.00727800 0.01150000 0.00123800
v -0.00738700 0.01150000 0.00119800
v -0.00749900 0.01150000 0.00116900
v -0.00761300 0.01150000 0.00115400
v -0.00772900 0.01150000 0.00115000
v -0.00784400 0.01150000 0.00116000
v -0.00795800 0.01150000 0.00118200
v -0.00806800 0.01150000 0.00121700
v -0.00817400 0.01150000 0.00126300
v -0.00827400 0.01150000 0.00132100
v -0.00836800 0.01150000 0.00138900
v -0.00845300 0.01150000 0.00146800
v -0.00852900 0.01150000 0.00155500
v -0.00859500 0.01150000 0.00165000
v -0.00865000 0.01150000 0.00175200
v -0.00869300 0.01150000 0.00185900
v -0.00872500 0.01150000 0.00197000
v -0.00874400 0.01150000 0.00208400
v -0.00875000 0.01150000 0.00220000
v -0.00874400 0.01150000 0.00231600
v -0.00872500 0.01150000 0.00243000
v -0.00869300 0.01150000 0.00254100
v -0.00865000 0.01150000 0.00264800
v -0.00859500 0.01150000 0.00275000
v -0.00852900 0.01150000 0.00284500
v -0.00845300 0.01150000 0.00293200
v -0.00836800 0.01150000 0.00301100
v -0.00827400 0.01150000 0.00307900
v -0.00817400 0.01150000 0.00313700
v -0.00806800 0.01150000 0.00318300
v -0.00795800 0.01150000 0.00321800
v -0.00784400 0.01150000 0.00324000
v -0.00772900 0.01150000 0.00325000
v -0.00761300 0.01150000 0.00324600
v -0.00749900 0.01150000 0.00323100
v -0.00738700 0.01150000 0.00320200
v -0.00727800 0.01150000 0.00316200
v -0.00717500 0.01150000 0.00310900
v -0.00707800 0.01150000 0.00304600
v -0.00698900 0.01150000 0.00297300
v -0.00690800 0.01150000 0.00289000
v -0.00683700 0.01150000 0.00279800
v -0.00677700 0.01150000 0.00270000
v -0.00672700 0.01150000 0.00259500
v -0.00669000 0.01150000 0.00248600
v -0.00666400 0.01150000 0.00237300
v -0.00969400 0.01150000 0.00203900
v -0.00970000 0.01150000 0.00220000
v -0.00969400 0.01150000 0.00236100
v -0.00967400 0.01150000 0.00252100
v -0.00964200 0.01150000 0.00267900
v -0.00959700 0.01150000 0.00283300
v -0.00954000 0.01150000 0.00298400
v -0.00947100 0.01150000 0.00312900
v -0.00939000 0.01150000 0.00326900
v -0.00929900 0.01150000 0.00340100
v -0.00919700 0.01150000 0.00352600
v -0.00908500 0.01150000 0.00364200
v -0.00896500 0.01150000 0.00374900
v -0.00883600 0.01150000 0.00384600
v -0.00870000 0.01150000 0.00393200
v -0.00855700 0.01150000 0.00400700
v -0.00840900 0.01150000 0.00407000
v -0.00825600 0.01150000 0.00412100
v -0.00810000 0.01150000 0.00416000
v -0.00794100 0.01150000 0.00418500
v -0.00778100 0.01150000 0.00419800
v -0.00761900 0.01150000 0.00419800
v -0.00745900 0.01150000 0.00418500
v -0.00730000 0.01150000 0.00416000
v -0.00714400 0.01150000 0.00412100
v -0.00699100 0.01150000 0.00407000
v -0.00684300 0.01150000 0.00400700
v -0.00670000 0.01150000 0.00393200
v -0.00656400 0.01150000 0.00384600
v -0.00643500 0.01150000 0.00374900
v -0.00631500 0.01150000 0.00364200
v -0.00620300 0.01150000 0.00352600
v -0.00610100 0.01150000 0.00340100
v -0.00601000 0.01150000 0.00326900
v -0.00592900 0.01150000 0.00312900
v -0.00586000 0.01150000 0.00298400
v -0.00580300 0.01150000 0.00283300
v -0.00575800 0.01150000 0.00267900
v -0.00572600 0.01150000 0.00252100
v -0.00570600 0.01150000 0.00236100
v -0.00570000 0.01150000 0.00220000
v -0.00570600 0.01150000 0.00203900
v -0.00572600 0.01150000 0.00187900
v -0.00575800 0.01150000 0.00172100
v -0.00580300 0.01150000 0.00156700
v -0.00586000 0.01150000 0.00141600
v -0.00592900 0.01150000 0.00127100
v -0.00601000 0.01150000 0.00113100
v -0.00610100 0.01150000 0.00099900
v -0.00620300 0.01150000 0.00087400
v -0.00631500 0.01150000 0.00075800
v -0.00643500 0.01150000 0.00065100
v -0.00656400 0.01150000 0.00055400
v -0.00670000 0.01150000 0.00046800
v -0.00684300 0.01150000 0.00039300
v -0.00699100 0.01150000 0.00033000
v -0.00714400 0.01150000 0.00027900
v -0.00730000 0.01150000 0.00024000
v -0.00745900 0.01150000 0.00021500
v -0.00761900 0.01150000 0.00020200
v -0.00778100 0.01150000 0.00020200
v -0.00794100 0.01150000 0.00021500
v -0.00810000 0.01150000 0.00024000
v -0.00825600 0.01150000 0.00027900
v -0.00840900 0.01150000 0.00033000
v -0.00855700 0.01150000 0.00039300
v -0.00870000 0.01150000 0.00046800
v -0.00883600 0.01150000 0.00055400
v -0.00896500 0.01150000 0.00065100
v -0.00908500 0.01150000 0.00075800
v -0.00919700 0.01150000 0.00087400
v -0.00929900 0.01150000 0.00099900
v -0.00939000 0.01150000 0.00113100
v -0.00947100 0.01150000 0.00127100
v -0.00954000 0.01150000 0.00141600
v -0.00959700 0.01150000 0.00156700
v -0.00964200 0.01150000 0.00172100
v -0.00967400 0.01150000 0.00187900
v -0.00761900 0.01350000 0.00419800
v -0.00778100 0.01350000 0.00419800
v -0.00794100 0.01350000 0.00418500
v -0.00810000 0.01350000 0.00416000
v -0.00825600 0.01350000 0.00412100
v -0.00840900 0.01350000 0.00407000
v -0.00855700 0.01350000 0.00400700
v -0.00870000 0.01350000 0.00393200
v -0.00883600 0.01350000 0.00384600
v -0.00896500 0.01350000 0.00374900
v -0.00908500 0.01350000 0.00364200
v -0.00919700 0.01350000 0.00352600
v -0.00929900 0.01350000 0.00340100
v -0.00939000 0.01350000 0.00326900
v -0.00947100 0.01350000 0.00312900
v -0.00954000 0.01350000 0.00298400
v -0.00959700 0.01350000 0.00283300
v -0.00964200 0.01350000 0.00267900
v -0.00967400 0.01350000 0.00252100
v -0.00969400 0.01350000 0.00236100
v -0.00970000 0.01350000 0.00220000
v -0.00969400 0.01350000 0.00203900
v -0.00967400 0.01350000 0.00187900
v -0.00964200 0.01350000 0.00172100
v -0.00959700 0.01350000 0.00156700
v -0.00954000 0.01350000 0.00141600
v -0.00947100 0.01350000 0.00127100
v -0.00939000 0.01350000 0.00113100
v -0.00929900 0.01350000 0.00099900
v -0.00919700 0.01350000 0.00087400
v -0.00908500 0.01350000 0.00075800
v -0.00896500 0.01350000 0.00065100
v -0.00883600 0.01350000 0.00055400
v -0.00870000 0.01350000 0.00046800
v -0.00855700 0.01350000 0.00039300
v -0.00840900 0.01350000 0.00033000
v -0.00825600 0.01350000 0.00027900
v -0.00810000 0.01350000 0.00024000
v -0.00794100 0.01350000 0.00021500
v -0.00778100 0.01350000 0.00020200
v -0.00761900 0.01350000 0.00020200
v -0.00745900 0.01350000 0.00021500
v -0.00730000 0.01350000 0.00024000
v -0.00714400 0.01350000 0.00027900
v -0.00699100 0.01350000 0.00033000
v -0.00684300 0.01350000 0.00039300
v -0.00670000 0.01350000 0.00046800
v -0.00656400 0.01350000 0.00055400
v -0.00643500 0.01350000 0.00065100
v -0.00631500 0.01350000 0.00075800
v -0.00620300 0.01350000 0.00087400
v -0.00610100 0.01350000 0.00099900
v -0.00601000 0.01350000 0.00113100
v -0.00592900 0.01350000 0.00127100
v -0.00586000 0.01350000 0.00141600
v -0.00580300 0.01350000 0.00156700
v -0.00575800 0.01350000 0.00172100
v -0.00572600 0.01350000 0.00187900
v -0.00570600 0.01350000 0.00203900
v -0.00570000 0.01350000 0.00220000
v -0.00570600 0.01350000 0.00236100
v -0.00572600 0.01350000 0.00252100
v -0.00575800 0.01350000 0.00267900
v -0.00580300 0.01350000 0.00283300
v -0.00586000 0.01350000 0.00298400
v -0.00592900 0.01350000 0.00312900
v -0.00601000 0.01350000 0.00326900
v -0.00610100 0.01350000 0.00340100
v -0.00620300 0.01350000 0.00352600
v -0.00631500 0.01350000 0.00364200
v -0.00643500 0.01350000 0.00374900
v -0.00656400 0.01350000 0.00384600
v -0.00670000 0.01350000 0.00393200
v -0.00684300 0.01350000 0.00400700
v -0.00699100 0.01350000 0.00407000
v -0.00714400 0.01350000 0.00412100
v -0.00730000 0.01350000 0.00416000
v -0.00745900 0.01350000 0.00418500
v 0.00874800 0.01150000 0.00225800
v 0.00874800 0.01150000 0.00214200
v 0.00873600 0.01150000 0.00202700
v 0.00871000 0.01150000 0.00191400
v 0.00867300 0.01150000 0.00180500
v 0.00862300 0.01150000 0.00170000
v 0.00856300 0.01150000 0.00160200
v 0.00849200 0.01150000 0.00151000
v 0.00841100 0.01150000 0.00142700
v 0.00832200 0.01150000 0.00135400
v 0.00822500 0.01150000 0.00129100
v 0.00812200 0.01150000 0.00123800
v 0.00801300 0.01150000 0.00119800
v 0.00790100 0.01150000 0.00116900
v 0.00778700 0.01150000 0.00115400
v 0.00767100 0.01150000 0.00115000
v 0.00755600 0.01150000 0.00116000
v 0.00744200 0.01150000 0.00118200
v 0.00733200 0.01150000 0.00121700
v 0.00722600 0.01150000 0.00126300
v 0.00712600 0.01150000 0.00132100
v 0.00703200 0.01150000 0.00138900
v 0.00694700 0.01150000 0.00146800
v 0.00687100 0.01150000 0.00155500
v 0.00680500 0.01150000 0.00165000
v 0.00675000 0.01150000 0.00175200
v 0.00670700 0.01150000 0.00185900
v 0.00667500 0.01150000 0.00197000
v 0.00665600 0.01150000 0.00208400
v 0.00665000 0.01150000 0.00220000
v 0.00665600 0.01150000 0.00231600
v 0.00667500 0.01150000 0.00243000
v 0.00670700 0.01150000 0.00254100
v 0.00675000 0.01150000 0.00264800
v 0.00680500 0.01150000 0.00275000
v 0.00687100 0.01150000 0.00284500
v 0.00694700 0.01150000 0.00293200
v 0.00703200 0.01150000 0.00301100
v 0.00712600 0.01150000 0.00307900
v 0.00722600 0.01150000 0.00313700
v 0.00733200 0.01150000 0.00318300
v 0.00744200 0.01150000 0.00321800
v 0.00755600 0.01150000 0.00324000
v 0.00767100 0.01150000 0.00325000
v 0.00778700 0.01150000 0.00324600
v 0.00790100 0.01150000 0.00323100
v 0.00801300 0.01150000 0.00320200
v 0.00812200 0.01150000 0.00316200
v 0.00822500 0.01150000 0.00310900
v 0.00832200 0.01150000 0.00304600
v 0.00841100 0.01150000 0.00297300
v 0.00849200 0.01150000 0.00289000
v 0.00856300 0.01150000 0.00279800
v 0.00862300 0.01150000 0.00270000
v 0.00867300 0.01150000 0.00259500
v 0.00871000 0.01150000 0.00248600
v 0.00873600 0.01150000 0.00237300
v 0.00570600 0.01150000 0.00203900
v 0.00570000 0.01150000 0.00220000
v 0.00570600 0.01150000 0.00236100
v 0.00572600 0.01150000 0.00252100
v 0.00575800 0.01150000 0.00267900
v 0.00580300 0.01150000 0.00283300
v 0.00586000 0.01150000 0.00298400
v 0.00592900 0.01150000 0.00312900
v 0.00601000 0.01150000 0.00326900
v 0.00610100 0.01150000 0.00340100
v 0.00620300 0.01150000 0.00352600
v 0.00631500 0.01150000 0.00364200
v 0.00643500 0.01150000 0.00374900
v 0.00656400 0.01150000 0.00384600
v 0.00670000 0.01150000 0.00393200
v 0.00684300 0.01150000 0.00400700
v 0.00699100 0.01150000 0.00407000
v 0.00714400 0.01150000 0.00412100
v 0.00730000 0.01150000 0.00416000
v 0.00745900 0.01150000 0.00418500
v 0.00761900 0.01150000 0.00419800
v 0.00778100 0.01150000 0.00419800
v 0.00794100 0.01150000 0.00418500
v 0.00810000 0.01150000 0.00416000
v 0.00825600 0.01150000 0.00412100
v 0.00840900 0.01150000 0.00407000
v 0.00855700 0.01150000 0.00400700
v 0.00870000 0.01150000 0.00393200
v 0.00883600 0.01150000 0.00384600
v 0.00896500 0.01150000 0.00374900
v 0.00908500 0.01150000 0.00364200
v 0.00919700 0.01150000 0.00352600
v 0.00929900 0.01150000 0.00340100
v 0.00939000 0.01150000 0.00326900
v 0.00947100 0.01150000 0.00312900
v 0.00954000 0.01150000 0.00298400
v 0.00959700 0.01150000 0.00283300
v 0.00964200 0.01150000 0.00267900
v 0.00967400 0.01150000 0.00252100
v 0.00969400 0.01150000 0.00236100
v 0.00970000 0.01150000 0.00220000
v 0.00969400 0.01150000 0.00203900
v 0.00967400 0.01150000 0.00187900
v 0.00964200 0.01150000 0.00172100
v 0.00959700 0.01150000 0.00156700
v 0.00954000 0.01150000 0.00141600
v 0.00947100 0.01150000 0.00127100
v 0.00939000 0.01150000 0.00113100
v 0.00929900 0.01150000 0.00099900
v 0.00919700 0.01150000 0.00087400
v 0.00908500 0.01150000 0.00075800
v 0.00896500 0.01150000 0.00065100
v 0.00883600 0.01150000 0.00055400
v 0.00870000 0.01150000 0.00046800
v 0.00855700 0.01150000 0.00039300
v 0.00840900 0.01150000 0.00033000
v 0.00825600 0.01150000 0.00027900
v 0.00810000 0.01150000 0.00024000
v 0.00794100 0.01150000 0.00021500
v 0.00778100 0.01150000 0.00020200
v 0.00761900 0.01150000 0.00020200
v 0.00745900 0.01150000 0.00021500
v 0.00730000 0.01150000 0.00024000
v 0.00714400 0.01150000 0.00027900
v 0.00699100 0.01150000 0.00033000
v 0.00684300 0.01150000 0.00039300
v 0.00670000 0.01150000 0.00046800
v 0.00656400 0.01150000 0.00055400
v 0.00643500 0.01150000 0.00065100
v 0.00631500 0.01150000 0.00075800
v 0.00620300 0.01150000 0.00087400
v 0.00610100 0.01150000 0.00099900
v 0.00601000 0.01150000 0.00113100
v 0.00592900 0.01150000 0.00127100
v 0.00586000 0.01150000 0.00141600
v 0.00580300 0.01150000 0.00156700
v 0.00575800 0.01150000 0.00172100
v 0.00572600 0.01150000 0.00187900
v 0.00778100 0.01350000 0.00419800
v 0.00761900 0.01350000 0.00419800
v 0.00745900 0.01350000 0.00418500
v 0.00730000 0.01350000 0.00416000
v 0.00714400 0.01350000 0.00412100
v 0.00699100 0.01350000 0.00407000
v 0.00684300 0.01350000 0.00400700
v 0.00670000 0.01350000 0.00393200
v 0.00656400 0.01350000 0.00384600
v 0.00643500 0.01350000 0.00374900
v 0.00631500 0.01350000 0.00364200
v 0.00620300 0.01350000 0.00352600
v 0.00610100 0.01350000 0.00340100
v 0.00601000 0.01350000 0.00326900
v 0.00592900 0.01350000 0.00312900
v 0.00586000 0.01350000 0.00298400
v 0.00580300 0.01350000 0.00283300
v 0.00575800 0.01350000 0.00267900
v 0.00572600 0.01350000 0.00252100
v 0.00570600 0.01350000 0.00236100
v 0.00570000 0.01350000 0.00220000
v 0.00570600 0.01350000 0.00203900
v 0.00572600 0.01350000 0.00187900
v 0.00575800 0.01350000 0.00172100
v 0.00580300 0.01350000 0.00156700
v 0.00586000 0.01350000 0.00141600
v 0.00592900 0.01350000 0.00127100
v 0.00601000 0.01350000 0.00113100
v 0.00610100 0.01350000 0.00099900
v 0.00620300 0.01350000 0.00087400
v 0.00631500 0.01350000 0.00075800
v 0.00643500 0.01350000 0.00065100
v 0.00656400 0.01350000 0.00055400
v 0.00670000 0.01350000 0.00046800
v 0.00684300 0.01350000 0.00039300
v 0.00699100 0.01350000 0.00033000
v 0.00714400 0.01350000 0.00027900
v 0.00730000 0.01350000 0.00024000
v 0.00745900 0.01350000 0.00021500
v 0.00761900 0.01350000 0.00020200
v 0.00778100 0.01350000 0.00020200
v 0.00794100 0.01350000 0.00021500
v 0.00810000 0.01350000 0.00024000
v 0.00825600 0.01350000 0.00027900
v 0.00840900 0.01350000 0.00033000
v 0.00855700 0.01350000 0.00039300
v 0.00870000 0.01350000 0.00046800
v 0.00883600 0.01350000 0.00055400
v 0.00896500 0.01350000 0.00065100
v 0.00908500 0.01350000 0.00075800
v 0.00919700 0.01350000 0.00087400
v 0.00929900 0.01350000 0.00099900
v 0.00939000 0.01350000 0.00113100
v 0.00947100 0.01350000 0.00127100
v 0.00954000 0.01350000 0.00141600
v 0.00959700 0.01350000 0.00156700
v 0.00964200 0.01350000 0.00172100
v 0.00967400 0.01350000 0.00187900
v 0.00969400 0.01350000 0.00203900
v 0.00970000 0.01350000 0.00220000
v 0.00969400 0.01350000 0.00236100
v 0.00967400 0.01350000 0.00252100
v 0.00964200 0.01350000 0.00267900
v 0.00959700 0.01350000 0.00283300
v 0.00954000 0.01350000 0.00298400
v 0.00947100 0.01350000 0.00312900
v 0.00939000 0.01350000 0.00326900
v 0.00929900 0.01350000 0.00340100
v 0.00919700 0.01350000 0.00352600
v 0.00908500 0.01350000 0.00364200
v 0.00896500 0.01350000 0.00374900
v 0.00883600 0.01350000 0.00384600
v 0.00870000 0.01350000 0.00393200
v 0.00855700 0.01350000 0.00400700
v 0.00840900 0.01350000 0.00407000
v 0.00825600 0.01350000 0.00412100
v 0.00810000 0.01350000 0.00416000
v 0.00794100 0.01350000 0.00418500
v 0.00181000 0.01190000 0.02194600
v 0.00188900 0.01190000 0.02193000
v 0.00196400 0.01190000 0.02190200
v 0.00203400 0.01190000 0.02186200
v 0.00209600 0.01190000 0.02181100
v 0.00215000 0.01190000 0.02175000
v 0.00219300 0.01190000 0.02168200
v 0.00222400 0.01190000 0.02160800
v 0.00224400 0.01190000 0.02153000
v -0.00224800 0.01190000 0.02149000
v -0.00223500 0.01190000 0.02157000
v -0.00221000 0.01190000 0.02164600
v -0.00217300 0.01190000 0.02171700
v -0.00212400 0.01190000 0.02178200
v -0.00206600 0.01190000 0.02183700
v -0.00200000 0.01190000 0.02188300
v -0.00192700 0.01190000 0.02191800
v -0.00185000 0.01190000 0.02194000
v -0.00177000 0.01190000 0.02195000
v 0.00224400 0.01190000 0.01787000
v 0.00222400 0.01190000 0.01779200
v 0.00219300 0.01190000 0.01771800
v 0.00215000 0.01190000 0.01765000
v 0.00209600 0.01190000 0.01758900
v 0.00203400 0.01190000 0.01753800
v 0.00196400 0.01190000 0.01749800
v 0.00188900 0.01190000 0.01747000
v 0.00181000 0.01190000 0.01745400
v -0.00177000 0.01190000 0.01745000
v -0.00185000 0.01190000 0.01746000
v -0.00192700 0.01190000 0.01748200
v -0.00200000 0.01190000 0.01751700
v -0.00206600 0.01190000 0.01756300
v -0.00212400 0.01190000 0.01761800
v -0.00217300 0.01190000 0.01768300
v -0.00221000 0.01190000 0.01775400
v -0.00223500 0.01190000 0.01783000
v -0.00224800 0.01190000 0.01791000
v 0.00680700 0.01240000 0.00518600
v 0.00682600 0.01240000 0.00507400
v 0.00685800 0.01240000 0.00496400
v 0.00690300 0.01240000 0.00485900
v 0.00695900 0.01240000 0.00475900
v 0.00702600 0.01240000 0.00466700
v 0.00710300 0.01240000 0.00458300
v 0.00718900 0.01240000 0.00450800
v 0.00728400 0.01240000 0.00444400
v 0.00738500 0.01240000 0.00439000
v 0.00749100 0.01240000 0.00434900
v 0.00760100 0.01240000 0.00432000
v 0.00771400 0.01240000 0.00430400
v 0.00799400 -0.00030300 0.00050000
v 0.00456900 -0.00354700 0.00050000
v 0.00800000 0.00000000 0.00050000
v 0.00104900 -0.00005400 0.00050000
v 0.00104900 0.00005400 0.00050000
v 0.00467700 -0.00354900 0.00050000
v 0.00797700 -0.00060500 0.00050000
v 0.00794800 -0.00090600 0.00050000
v 0.00790800 -0.00120700 0.00050000
v 0.00478400 -0.00356300 0.00050000
v 0.00785700 -0.00150500 0.00050000
v 0.00779500 -0.00180100 0.00050000
v 0.00489000 -0.00358800 0.00050000
v 0.00772100 -0.00209500 0.00050000
v 0.00499200 -0.00362400 0.00050000
v 0.00763600 -0.00238600 0.00050000
v 0.00754000 -0.00267300 0.00050000
v 0.00509000 -0.00366900 0.00050000
v 0.00743400 -0.00295600 0.00050000
v 0.00518200 -0.00372500 0.00050000
v 0.00731700 -0.00323500 0.00050000
v 0.00526900 -0.00379000 0.00050000
v 0.00718900 -0.00351000 0.00050000
v 0.00534800 -0.00386300 0.00050000
v 0.00705100 -0.00378000 0.00050000
v 0.00542000 -0.00394500 0.00050000
v 0.00548200 -0.00403300 0.00050000
v 0.00690300 -0.00404400 0.00050000
v 0.00553500 -0.00412700 0.00050000
v 0.00674500 -0.00430200 0.00050000
v 0.00557900 -0.00422600 0.00050000
v 0.00561200 -0.00432900 0.00050000
v 0.00657700 -0.00455400 0.00050000
v 0.00563400 -0.00443500 0.00050000
v 0.00640000 -0.00480000 0.00050000
v 0.00564500 -0.00454200 0.00050000
v 0.00564500 -0.00465000 0.00050000
v 0.00621400 -0.00503800 0.00050000
v 0.00563400 -0.00475800 0.00050000
v 0.00561200 -0.00486400 0.00050000
v 0.00601900 -0.00527000 0.00050000
v 0.00557900 -0.00496700 0.00050000
v 0.00553500 -0.00506600 0.00050000
v 0.00581500 -0.00549400 0.00050000
v 0.00548200 -0.00516000 0.00050000
v 0.00542000 -0.00524800 0.00050000
v 0.00534800 -0.00532900 0.00050000
v 0.00560300 -0.00571000 0.00050000
v 0.00526900 -0.00540200 0.00050000
v 0.00518200 -0.00546700 0.00050000
v 0.00538300 -0.00591800 0.00050000
v 0.00509000 -0.00552300 0.00050000
v 0.00499200 -0.00556900 0.00050000
v 0.00515500 -0.00611800 0.00050000
v 0.00489000 -0.00560400 0.00050000
v 0.00478400 -0.00562900 0.00050000
v 0.00492000 -0.00630800 0.00050000
v 0.00467700 -0.00564300 0.00050000
v 0.00456900 -0.00564600 0.00050000
v 0.00467800 -0.00649000 0.00050000
v 0.00446100 -0.00563800 0.00050000
v 0.00435500 -0.00561800 0.00050000
v 0.00442900 -0.00666200 0.00050000
v 0.00425100 -0.00558800 0.00050000
v 0.00417400 -0.00682500 0.00050000
v 0.00415100 -0.00554700 0.00050000
v 0.00405600 -0.00549600 0.00050000
v 0.00391200 -0.00697800 0.00050000
v 0.00396600 -0.00543600 0.00050000
v 0.00364500 -0.00712100 0.00050000
v 0.00388300 -0.00536700 0.00050000
v 0.00380800 -0.00528900 0.00050000
v 0.00337300 -0.00725400 0.00050000
v 0.00374000 -0.00520500 0.00050000
v 0.00309600 -0.00737600 0.00050000
v 0.00368200 -0.00511300 0.00050000
v 0.00281500 -0.00748800 0.00050000
v 0.00253000 -0.00759000 0.00050000
v 0.00363400 -0.00501700 0.00050000
v 0.00224100 -0.00768000 0.00050000
v 0.00359600 -0.00491600 0.00050000
v 0.00194800 -0.00775900 0.00050000
v 0.00356800 -0.00481100 0.00050000
v 0.00165300 -0.00782700 0.00050000
v 0.00135600 -0.00788400 0.00050000
v 0.00355200 -0.00470400 0.00050000
v 0.00105700 -0.00793000 0.00050000
v 0.00075600 -0.00796400 0.00050000
v 0.00354600 -0.00459600 0.00050000
v 0.00045400 -0.00798700 0.00050000
v 0.00015100 -0.00799900 0.00050000
v -0.00002700 -0.00105000 0.00050000
v -0.00015100 -0.00799900 0.00050000
v -0.00354800 -0.00454200 0.00050000
v -0.00354800 -0.00465000 0.00050000
v -0.00045400 -0.00798700 0.00050000
v -0.00075600 -0.00796400 0.00050000
v -0.00105700 -0.00793000 0.00050000
v -0.00355900 -0.00475800 0.00050000
v -0.00135600 -0.00788400 0.00050000
v -0.00165300 -0.00782700 0.00050000
v -0.00358100 -0.00486400 0.00050000
v -0.00194800 -0.00775900 0.00050000
v -0.00361400 -0.00496700 0.00050000
v -0.00224100 -0.00768000 0.00050000
v -0.00253000 -0.00759000 0.00050000
v -0.00365700 -0.00506600 0.00050000
v -0.00281500 -0.00748800 0.00050000
v -0.00371000 -0.00516000 0.00050000
v -0.00309600 -0.00737600 0.00050000
v -0.00377300 -0.00524800 0.00050000
v -0.00337300 -0.00725400 0.00050000
v -0.00384400 -0.00532900 0.00050000
v -0.00364500 -0.00712100 0.00050000
v -0.00392400 -0.00540200 0.00050000
v -0.00391200 -0.00697800 0.00050000
v -0.00401000 -0.00546700 0.00050000
v -0.00410300 -0.00552300 0.00050000
v -0.00417400 -0.00682500 0.00050000
v -0.00420100 -0.00556900 0.00050000
v -0.00442900 -0.00666200 0.00050000
v -0.00430300 -0.00560400 0.00050000
v -0.00440800 -0.00562900 0.00050000
v -0.00467800 -0.00649000 0.00050000
v -0.00451500 -0.00564300 0.00050000
v -0.00462300 -0.00564600 0.00050000
v -0.00492000 -0.00630800 0.00050000
v -0.00473100 -0.00563800 0.00050000
v -0.00515500 -0.00611800 0.00050000
v -0.00483700 -0.00561800 0.00050000
v -0.00494100 -0.00558800 0.00050000
v -0.00504100 -0.00554700 0.00050000
v -0.00538300 -0.00591800 0.00050000
v -0.00513700 -0.00549600 0.00050000
v -0.00522600 -0.00543600 0.00050000
v -0.00560300 -0.00571000 0.00050000
v -0.00530900 -0.00536700 0.00050000
v -0.00538500 -0.00528900 0.00050000
v -0.00581500 -0.00549400 0.00050000
v -0.00545200 -0.00520500 0.00050000
v -0.00551000 -0.00511300 0.00050000
v -0.00601900 -0.00527000 0.00050000
v -0.00555800 -0.00501700 0.00050000
v -0.00559600 -0.00491600 0.00050000
v -0.00621400 -0.00503800 0.00050000
v -0.00562400 -0.00481100 0.00050000
v -0.00564100 -0.00470400 0.00050000
v -0.00640000 -0.00480000 0.00050000
v -0.00564600 -0.00459600 0.00050000
v -0.00564100 -0.00448800 0.00050000
v -0.00657700 -0.00455400 0.00050000
v -0.00562400 -0.00438100 0.00050000
v -0.00559600 -0.00427700 0.00050000
v -0.00674500 -0.00430200 0.00050000
v -0.00555800 -0.00417600 0.00050000
v -0.00690300 -0.00404400 0.00050000
v -0.00551000 -0.00407900 0.00050000
v -0.00545200 -0.00398800 0.00050000
v -0.00705100 -0.00378000 0.00050000
v -0.00538500 -0.00390300 0.00050000
v -0.00718900 -0.00351000 0.00050000
v -0.00530900 -0.00382600 0.00050000
v -0.00731700 -0.00323500 0.00050000
v -0.00522600 -0.00375600 0.00050000
v -0.00513700 -0.00369600 0.00050000
v -0.00504100 -0.00364500 0.00050000
v -0.00494100 -0.00360400 0.00050000
v -0.00483700 -0.00357400 0.00050000
v -0.00473100 -0.00355500 0.00050000
v -0.00743400 -0.00295600 0.00050000
v -0.00754000 -0.00267300 0.00050000
v -0.00763600 -0.00238600 0.00050000
v -0.00772100 -0.00209500 0.00050000
v -0.00779500 -0.00180100 0.00050000
v -0.00785700 -0.00150500 0.00050000
v -0.00790800 -0.00120700 0.00050000
v -0.00794800 -0.00090600 0.00050000
v -0.00462300 -0.00354700 0.00050000
v -0.00797700 -0.00060500 0.00050000
v -0.00799400 -0.00030300 0.00050000
v -0.00800000 -0.00000000 0.00050000
v -0.00105000 -0.00000000 0.00050000
v -0.00451500 -0.00354900 0.00050000
v -0.00104400 -0.00010800 0.00050000
v -0.00440800 -0.00356300 0.00050000
v -0.00102800 -0.00021500 0.00050000
v -0.00430300 -0.00358800 0.00050000
v -0.00100000 -0.00031900 0.00050000
v -0.00420100 -0.00362400 0.00050000
v -0.00096200 -0.00042000 0.00050000
v -0.00410300 -0.00366900 0.00050000
v -0.00091400 -0.00051700 0.00050000
v -0.00401000 -0.00372500 0.00050000
v -0.00085600 -0.00060800 0.00050000
v -0.00392400 -0.00379000 0.00050000
v -0.00078900 -0.00069300 0.00050000
v -0.00384400 -0.00386300 0.00050000
v -0.00071300 -0.00077100 0.00050000
v -0.00377300 -0.00394500 0.00050000
v -0.00063000 -0.00084000 0.00050000
v -0.00371000 -0.00403300 0.00050000
v -0.00054100 -0.00090000 0.00050000
v -0.00365700 -0.00412700 0.00050000
v -0.00044500 -0.00095100 0.00050000
v -0.00361400 -0.00422600 0.00050000
v -0.00034500 -0.00099200 0.00050000
v -0.00358100 -0.00432900 0.00050000
v -0.00024100 -0.00102200 0.00050000
v -0.00355900 -0.00443500 0.00050000
v -0.00013500 -0.00104100 0.00050000
v -0.00799400 0.00030300 0.00050000
v -0.00104400 0.00010800 0.00050000
v -0.00797700 0.00060500 0.00050000
v -0.00794800 0.00090600 0.00050000
v -0.00790800 0.00120700 0.00050000
v -0.00102800 0.00021500 0.00050000
v -0.00100000 0.00031900 0.00050000
v -0.00096200 0.00042000 0.00050000
v -0.00091400 0.00051700 0.00050000
v -0.00085600 0.00060800 0.00050000
v -0.00078900 0.00069300 0.00050000
v -0.00071300 0.00077100 0.00050000
v -0.00063000 0.00084000 0.00050000
v -0.00054100 0.00090000 0.00050000
v -0.00044500 0.00095100 0.00050000
v -0.00034500 0.00099200 0.00050000
v -0.00024100 0.00102200 0.00050000
v -0.00013500 0.00104100 0.00050000
v -0.00002700 0.00105000 0.00050000
v -0.00451500 0.00354900 0.00050000
v -0.00440800 0.00356300 0.00050000
v -0.00785700 0.00150500 0.00050000
v -0.00473100 0.00355500 0.00050000
v -0.00462300 0.00354700 0.00050000
v -0.00483700 0.00357400 0.00050000
v -0.00779500 0.00180100 0.00050000
v -0.00494100 0.00360400 0.00050000
v -0.00772100 0.00209500 0.00050000
v -0.00763600 0.00238600 0.00050000
v -0.00504100 0.00364500 0.00050000
v -0.00754000 0.00267300 0.00050000
v -0.00513700 0.00369600 0.00050000
v -0.00743400 0.00295600 0.00050000
v -0.00522600 0.00375600 0.00050000
v -0.00731700 0.00323500 0.00050000
v -0.00530900 0.00382600 0.00050000
v -0.00718900 0.00351000 0.00050000
v -0.00538500 0.00390300 0.00050000
v -0.00705100 0.00378000 0.00050000
v -0.00545200 0.00398800 0.00050000
v -0.00690300 0.00404400 0.00050000
v -0.00551000 0.00407900 0.00050000
v -0.00555800 0.00417600 0.00050000
v -0.00674500 0.00430200 0.00050000
v -0.00559600 0.00427700 0.00050000
v -0.00657700 0.00455400 0.00050000
v -0.00562400 0.00438100 0.00050000
v -0.00564100 0.00448800 0.00050000
v -0.00640000 0.00480000 0.00050000
v -0.00564600 0.00459600 0.00050000
v -0.00564100 0.00470400 0.00050000
v -0.00621400 0.00503800 0.00050000
v -0.00562400 0.00481100 0.00050000
v -0.00559600 0.00491600 0.00050000
v -0.00601900 0.00527000 0.00050000
v -0.00555800 0.00501700 0.00050000
v -0.00551000 0.00511300 0.00050000
v -0.00581500 0.00549400 0.00050000
v -0.00545200 0.00520500 0.00050000
v -0.00538500 0.00528900 0.00050000
v -0.00560300 0.00571000 0.00050000
v -0.00530900 0.00536700 0.00050000
v -0.00522600 0.00543600 0.00050000
v -0.00513700 0.00549600 0.00050000
v -0.00504100 0.00554700 0.00050000
v -0.00494100 0.00558800 0.00050000
v -0.00483700 0.00561800 0.00050000
v -0.00473100 0.00563800 0.00050000
v -0.00462300 0.00564600 0.00050000
v -0.00538300 0.00591800 0.00050000
v -0.00515500 0.00611800 0.00050000
v -0.00492000 0.00630800 0.00050000
v -0.00467800 0.00649000 0.00050000
v -0.00442900 0.00666200 0.00050000
v -0.00417400 0.00682500 0.00050000
v -0.00391200 0.00697800 0.00050000
v -0.00364500 0.00712100 0.00050000
v -0.00337300 0.00725400 0.00050000
v -0.00309600 0.00737600 0.00050000
v -0.00281500 0.00748800 0.00050000
v -0.00253000 0.00759000 0.00050000
v -0.00224100 0.00768000 0.00050000
v -0.00194800 0.00775900 0.00050000
v -0.00165300 0.00782700 0.00050000
v -0.00135600 0.00788400 0.00050000
v -0.00105700 0.00793000 0.00050000
v -0.00075600 0.00796400 0.00050000
v -0.00045400 0.00798700 0.00050000
v -0.00015100 0.00799900 0.00050000
v 0.00456900 0.00564600 0.00050000
v 0.00015100 0.00799900 0.00050000
v 0.00045400 0.00798700 0.00050000
v 0.00075600 0.00796400 0.00050000
v 0.00105700 0.00793000 0.00050000
v 0.00135600 0.00788400 0.00050000
v 0.00165300 0.00782700 0.00050000
v 0.00194800 0.00775900 0.00050000
v 0.00224100 0.00768000 0.00050000
v 0.00253000 0.00759000 0.00050000
v 0.00281500 0.00748800 0.00050000
v 0.00309600 0.00737600 0.00050000
v 0.00337300 0.00725400 0.00050000
v 0.00364500 0.00712100 0.00050000
v 0.00391200 0.00697800 0.00050000
v 0.00417400 0.00682500 0.00050000
v 0.00442900 0.00666200 0.00050000
v 0.00467800 0.00649000 0.00050000
v 0.00492000 0.00630800 0.00050000
v 0.00467700 0.00564300 0.00050000
v 0.00478400 0.00562900 0.00050000
v 0.00515500 0.00611800 0.00050000
v 0.00489000 0.00560400 0.00050000
v 0.00499200 0.00556900 0.00050000
v 0.00538300 0.00591800 0.00050000
v 0.00509000 0.00552300 0.00050000
v 0.00518200 0.00546700 0.00050000
v 0.00560300 0.00571000 0.00050000
v 0.00526900 0.00540200 0.00050000
v 0.00534800 0.00532900 0.00050000
v 0.00581500 0.00549400 0.00050000
v 0.00542000 0.00524800 0.00050000
v 0.00548200 0.00516000 0.00050000
v 0.00553500 0.00506600 0.00050000
v 0.00601900 0.00527000 0.00050000
v 0.00557900 0.00496700 0.00050000
v 0.00561200 0.00486400 0.00050000
v 0.00621400 0.00503800 0.00050000
v 0.00563400 0.00475800 0.00050000
v 0.00564500 0.00465000 0.00050000
v 0.00640000 0.00480000 0.00050000
v 0.00564500 0.00454200 0.00050000
v 0.00563400 0.00443500 0.00050000
v 0.00657700 0.00455400 0.00050000
v 0.00561200 0.00432900 0.00050000
v 0.00674500 0.00430200 0.00050000
v 0.00557900 0.00422600 0.00050000
v 0.00553500 0.00412700 0.00050000
v 0.00690300 0.00404400 0.00050000
v 0.00548200 0.00403300 0.00050000
v 0.00705100 0.00378000 0.00050000
v 0.00542000 0.00394500 0.00050000
v 0.00534800 0.00386300 0.00050000
v 0.00718900 0.00351000 0.00050000
v 0.00526900 0.00379000 0.00050000
v 0.00731700 0.00323500 0.00050000
v 0.00518200 0.00372500 0.00050000
v 0.00743400 0.00295600 0.00050000
v 0.00509000 0.00366900 0.00050000
v 0.00754000 0.00267300 0.00050000
v 0.00499200 0.00362400 0.00050000
v 0.00763600 0.00238600 0.00050000
v 0.00772100 0.00209500 0.00050000
v 0.00489000 0.00358800 0.00050000
v 0.00779500 0.00180100 0.00050000
v 0.00478400 0.00356300 0.00050000
v 0.00785700 0.00150500 0.00050000
v 0.00790800 0.00120700 0.00050000
v 0.00467700 0.00354900 0.00050000
v 0.00794800 0.00090600 0.00050000
v 0.00797700 0.00060500 0.00050000
v 0.00799400 0.00030300 0.00050000
v 0.00456900 0.00354700 0.00050000
v -0.00430300 0.00358800 0.00050000
v -0.00420100 0.00362400 0.00050000
v -0.00410300 0.00366900 0.00050000
v -0.00401000 0.00372500 0.00050000
v -0.00392400 0.00379000 0.00050000
v -0.00384400 0.00386300 0.00050000
v -0.00377300 0.00394500 0.00050000
v -0.00371000 0.00403300 0.00050000
v -0.00365700 0.00412700 0.00050000
v -0.00361400 0.00422600 0.00050000
v -0.00358100 0.00432900 0.00050000
v -0.00355900 0.00443500 0.00050000
v -0.00354800 0.00454200 0.00050000
v 0.00354600 0.00459600 0.00050000
v 0.00008100 0.00104700 0.00050000
v 0.00355200 0.00448800 0.00050000
v 0.00018800 0.00103300 0.00050000
v 0.00356800 0.00438100 0.00050000
v 0.00029300 0.00100800 0.00050000
v 0.00359600 0.00427700 0.00050000
v 0.00039600 0.00097300 0.00050000
v 0.00363400 0.00417600 0.00050000
v 0.00049300 0.00092700 0.00050000
v 0.00368200 0.00407900 0.00050000
v 0.00058600 0.00087100 0.00050000
v 0.00374000 0.00398800 0.00050000
v 0.00067300 0.00080600 0.00050000
v 0.00380800 0.00390300 0.00050000
v 0.00075200 0.00073300 0.00050000
v 0.00388300 0.00382600 0.00050000
v 0.00082300 0.00065200 0.00050000
v 0.00396600 0.00375600 0.00050000
v 0.00088600 0.00056400 0.00050000
v 0.00405600 0.00369600 0.00050000
v 0.00093900 0.00046900 0.00050000
v 0.00415100 0.00364500 0.00050000
v 0.00098300 0.00037000 0.00050000
v 0.00425100 0.00360400 0.00050000
v 0.00101500 0.00026700 0.00050000
v 0.00435500 0.00357400 0.00050000
v 0.00103700 0.00016200 0.00050000
v 0.00446100 0.00355500 0.00050000
v -0.00354800 0.00465000 0.00050000
v 0.00355200 0.00470400 0.00050000
v -0.00355900 0.00475800 0.00050000
v 0.00356800 0.00481100 0.00050000
v -0.00358100 0.00486400 0.00050000
v 0.00359600 0.00491600 0.00050000
v -0.00361400 0.00496700 0.00050000
v 0.00363400 0.00501700 0.00050000
v -0.00365700 0.00506600 0.00050000
v 0.00368200 0.00511300 0.00050000
v -0.00371000 0.00516000 0.00050000
v 0.00374000 0.00520500 0.00050000
v -0.00377300 0.00524800 0.00050000
v 0.00380800 0.00528900 0.00050000
v -0.00384400 0.00532900 0.00050000
v 0.00388300 0.00536700 0.00050000
v -0.00392400 0.00540200 0.00050000
v 0.00396600 0.00543600 0.00050000
v -0.00401000 0.00546700 0.00050000
v 0.00405600 0.00549600 0.00050000
v -0.00410300 0.00552300 0.00050000
v 0.00415100 0.00554700 0.00050000
v -0.00420100 0.00556900 0.00050000
v 0.00425100 0.00558800 0.00050000
v -0.00430300 0.00560400 0.00050000
v 0.00435500 0.00561800 0.00050000
v -0.00440800 0.00562900 0.00050000
v 0.00446100 0.00563800 0.00050000
v -0.00451500 0.00564300 0.00050000
v 0.00446100 -0.00355500 0.00050000
v 0.00103700 -0.00016200 0.00050000
v 0.00435500 -0.00357400 0.00050000
v 0.00101500 -0.00026700 0.00050000
v 0.00425100 -0.00360400 0.00050000
v 0.00098300 -0.00037000 0.00050000
v 0.00415100 -0.00364500 0.00050000
v 0.00093900 -0.00046900 0.00050000
v 0.00405600 -0.00369600 0.00050000
v 0.00088600 -0.00056400 0.00050000
v 0.00396600 -0.00375600 0.00050000
v 0.00082300 -0.00065200 0.00050000
v 0.00388300 -0.00382600 0.00050000
v 0.00075200 -0.00073300 0.00050000
v 0.00380800 -0.00390300 0.00050000
v 0.00067300 -0.00080600 0.00050000
v 0.00374000 -0.00398800 0.00050000
v 0.00058600 -0.00087100 0.00050000
v 0.00368200 -0.00407900 0.00050000
v 0.00049300 -0.00092700 0.00050000
v 0.00363400 -0.00417600 0.00050000
v 0.00039600 -0.00097300 0.00050000
v 0.00359600 -0.00427700 0.00050000
v 0.00029300 -0.00100800 0.00050000
v 0.00356800 -0.00438100 0.00050000
v 0.00018800 -0.00103300 0.00050000
v 0.00355200 -0.00448800 0.00050000
v 0.00008100 -0.00104700 0.00050000
v -0.00670600 -0.00610000 0.00230600
v -0.00869900 -0.00610000 0.00225300
v -0.00670000 -0.00610000 0.00220000
v -0.00869900 -0.00610000 0.00214700
v -0.00670600 -0.00610000 0.00209400
v -0.00868700 -0.00610000 0.00204100
v -0.00672300 -0.00610000 0.00198900
v -0.00866500 -0.00610000 0.00193700
v -0.00675100 -0.00610000 0.00188600
v -0.00863100 -0.00610000 0.00183600
v -0.00678900 -0.00610000 0.00178700
v -0.00858700 -0.00610000 0.00173900
v -0.00683800 -0.00610000 0.00169200
v -0.00853300 -0.00610000 0.00164700
v -0.00689700 -0.00610000 0.00160400
v -0.00847000 -0.00610000 0.00156200
v -0.00696500 -0.00610000 0.00152200
v -0.00839800 -0.00610000 0.00148400
v -0.00704100 -0.00610000 0.00144700
v -0.00831800 -0.00610000 0.00141300
v -0.00712500 -0.00610000 0.00138200
v -0.00823000 -0.00610000 0.00135200
v -0.00721500 -0.00610000 0.00132500
v -0.00813700 -0.00610000 0.00130100
v -0.00731100 -0.00610000 0.00127900
v -0.00803900 -0.00610000 0.00125900
v -0.00741100 -0.00610000 0.00124300
v -0.00793700 -0.00610000 0.00122900
v -0.00751500 -0.00610000 0.00121700
v -0.00783300 -0.00610000 0.00120900
v -0.00762000 -0.00610000 0.00120300
v -0.00772700 -0.00610000 0.00120000
v -0.00868700 -0.00610000 0.00235900
v -0.00672300 -0.00610000 0.00241100
v -0.00866500 -0.00610000 0.00246300
v -0.00675100 -0.00610000 0.00251400
v -0.00863100 -0.00610000 0.00256400
v -0.00678900 -0.00610000 0.00261300
v -0.00858700 -0.00610000 0.00266100
v -0.00683800 -0.00610000 0.00270800
v -0.00853300 -0.00610000 0.00275300
v -0.00689700 -0.00610000 0.00279600
v -0.00847000 -0.00610000 0.00283800
v -0.00696500 -0.00610000 0.00287800
v -0.00839800 -0.00610000 0.00291600
v -0.00704100 -0.00610000 0.00295300
v -0.00831800 -0.00610000 0.00298700
v -0.00712500 -0.00610000 0.00301800
v -0.00823000 -0.00610000 0.00304800
v -0.00721500 -0.00610000 0.00307500
v -0.00813700 -0.00610000 0.00309900
v -0.00731100 -0.00610000 0.00312100
v -0.00803900 -0.00610000 0.00314100
v -0.00741100 -0.00610000 0.00315700
v -0.00793700 -0.00610000 0.00317100
v -0.00751500 -0.00610000 0.00318300
v -0.00783300 -0.00610000 0.00319100
v -0.00762000 -0.00610000 0.00319700
v -0.00772700 -0.00610000 0.00320000
v 0.00869400 -0.00610000 0.00230600
v 0.00670100 -0.00610000 0.00225300
v 0.00870000 -0.00610000 0.00220000
v 0.00670100 -0.00610000 0.00214700
v 0.00869400 -0.00610000 0.00209400
v 0.00671300 -0.00610000 0.00204100
v 0.00867700 -0.00610000 0.00198900
v 0.00673500 -0.00610000 0.00193700
v 0.00864900 -0.00610000 0.00188600
v 0.00676900 -0.00610000 0.00183600
v 0.00861100 -0.00610000 0.00178700
v 0.00681300 -0.00610000 0.00173900
v 0.00856200 -0.00610000 0.00169200
v 0.00686700 -0.00610000 0.00164700
v 0.00850300 -0.00610000 0.00160400
v 0.00693000 -0.00610000 0.00156200
v 0.00843500 -0.00610000 0.00152200
v 0.00700200 -0.00610000 0.00148400
v 0.00835900 -0.00610000 0.00144700
v 0.00708200 -0.00610000 0.00141300
v 0.00827500 -0.00610000 0.00138200
v 0.00717000 -0.00610000 0.00135200
v 0.00818500 -0.00610000 0.00132500
v 0.00726300 -0.00610000 0.00130100
v 0.00808900 -0.00610000 0.00127900
v 0.00736100 -0.00610000 0.00125900
v 0.00798900 -0.00610000 0.00124300
v 0.00746300 -0.00610000 0.00122900
v 0.00788500 -0.00610000 0.00121700
v 0.00756700 -0.00610000 0.00120900
v 0.00778000 -0.00610000 0.00120300
v 0.00767300 -0.00610000 0.00120000
v 0.00671300 -0.00610000 0.00235900
v 0.00867700 -0.00610000 0.00241100
v 0.00673500 -0.00610000 0.00246300
v 0.00864900 -0.00610000 0.00251400
v 0.00676900 -0.00610000 0.00256400
v 0.00861100 -0.00610000 0.00261300
v 0.00681300 -0.00610000 0.00266100
v 0.00856200 -0.00610000 0.00270800
v 0.00686700 -0.00610000 0.00275300
v 0.00850300 -0.00610000 0.00279600
v 0.00693000 -0.00610000 0.00283800
v 0.00843500 -0.00610000 0.00287800
v 0.00700200 -0.00610000 0.00291600
v 0.00835900 -0.00610000 0.00295300
v 0.00708200 -0.00610000 0.00298700
v 0.00827500 -0.00610000 0.00301800
v 0.00717000 -0.00610000 0.00304800
v 0.00818500 -0.00610000 0.00307500
v 0.00726300 -0.00610000 0.00309900
v 0.00808900 -0.00610000 0.00312100
v 0.00736100 -0.00610000 0.00314100
v 0.00798900 -0.00610000 0.00315700
v 0.00746300 -0.00610000 0.00317100
v 0.00788500 -0.00610000 0.00318300
v 0.00756700 -0.00610000 0.00319100
v 0.00778000 -0.00610000 0.00319700
v 0.00767300 -0.00610000 0.00320000
v 0.00799400 0.00030300 -0.00000000
v 0.00800000 0.00000000 -0.00000000
v 0.00799400 -0.00030300 -0.00000000
v 0.00797700 -0.00060500 -0.00000000
v 0.00794800 -0.00090600 -0.00000000
v 0.00790800 -0.00120700 -0.00000000
v 0.00785700 -0.00150500 -0.00000000
v 0.00779500 -0.00180100 -0.00000000
v 0.00772100 -0.00209500 -0.00000000
v 0.00763600 -0.00238600 -0.00000000
v 0.00754000 -0.00267300 -0.00000000
v 0.00743400 -0.00295600 -0.00000000
v 0.00731700 -0.00323500 -0.00000000
v 0.00718900 -0.00351000 -0.00000000
v 0.00705100 -0.00378000 -0.00000000
v 0.00690300 -0.00404400 -0.00000000
v 0.00674500 -0.00430200 -0.00000000
v 0.00657700 -0.00455400 -0.00000000
v 0.00640000 -0.00480000 -0.00000000
v 0.00621400 -0.00503800 -0.00000000
v 0.00601900 -0.00527000 -0.00000000
v 0.00581500 -0.00549400 -0.00000000
v 0.00560300 -0.00571000 -0.00000000
v 0.00538300 -0.00591800 -0.00000000
v 0.00515500 -0.00611800 -0.00000000
v 0.00492000 -0.00630800 -0.00000000
v 0.00467800 -0.00649000 -0.00000000
v 0.00442900 -0.00666200 -0.00000000
v 0.00417400 -0.00682500 -0.00000000
v 0.00391200 -0.00697800 -0.00000000
v 0.00364500 -0.00712100 -0.00000000
v 0.00337300 -0.00725400 -0.00000000
v 0.00309600 -0.00737600 -0.00000000
v 0.00281500 -0.00748800 -0.00000000
v 0.00253000 -0.00759000 -0.00000000
v 0.00224100 -0.00768000 -0.00000000
v 0.00194800 -0.00775900 -0.00000000
v 0.00165300 -0.00782700 -0.00000000
v 0.00135600 -0.00788400 -0.00000000
v 0.00105700 -0.00793000 -0.00000000
v 0.00075600 -0.00796400 -0.00000000
v 0.00045400 -0.00798700 -0.00000000
v 0.00015100 -0.00799900 -0.00000000
v -0.00015100 -0.00799900 -0.00000000
v -0.00045400 -0.00798700 -0.00000000
v -0.00075600 -0.00796400 -0.00000000
v -0.00105700 -0.00793000 -0.00000000
v -0.00135600 -0.00788400 -0.00000000
v -0.00165300 -0.00782700 -0.00000000
v -0.00194800 -0.00775900 -0.00000000
v -0.00224100 -0.00768000 -0.00000000
v -0.00253000 -0.00759000 0.00000000
v -0.00281500 -0.00748800 0.00000000
v -0.00309600 -0.00737600 0.00000000
v -0.00337300 -0.00725400 0.00000000
v -0.00364500 -0.00712100 0.00000000
v -0.00391200 -0.00697800 0.00000000
v -0.00417400 -0.00682500 0.00000000
v -0.00442900 -0.00666200 0.00000000
v -0.00467800 -0.00649000 0.00000000
v -0.00492000 -0.00630800 0.00000000
v -0.00515500 -0.00611800 0.00000000
v -0.00538300 -0.00591800 0.00000000
v -0.00560300 -0.00571000 0.00000000
v -0.00581500 -0.00549400 0.00000000
v -0.00601900 -0.00527000 0.00000000
v -0.00621400 -0.00503800 0.00000000
v -0.00640000 -0.00480000 0.00000000
v -0.00657700 -0.00455400 0.00000000
v -0.00674500 -0.00430200 0.00000000
v -0.00690300 -0.00404400 0.00000000
v -0.00705100 -0.00378000 0.00000000
v -0.00718900 -0.00351000 0.00000000
v -0.00731700 -0.00323500 0.00000000
v -0.00743400 -0.00295600 0.00000000
v -0.00754000 -0.00267300 0.00000000
v -0.00763600 -0.00238600 0.00000000
v -0.00772100 -0.00209500 0.00000000
v -0.00779500 -0.00180100 0.00000000
v -0.00785700 -0.00150500 0.00000000
v -0.00790800 -0.00120700 0.00000000
v -0.00794800 -0.00090600 0.00000000
v -0.00797700 -0.00060500 0.00000000
v -0.00799400 -0.00030300 0.00000000
v -0.00800000 -0.00000000 0.00000000
v -0.00799400 0.00030300 0.00000000
v -0.00797700 0.00060500 0.00000000
v -0.00794800 0.00090600 0.00000000
v -0.00790800 0.00120700 0.00000000
v -0.00785700 0.00150500 0.00000000
v -0.00779500 0.00180100 0.00000000
v -0.00772100 0.00209500 0.00000000
v -0.00763600 0.00238600 0.00000000
v -0.00754000 0.00267300 0.00000000
v -0.00743400 0.00295600 0.00000000
v -0.00731700 0.00323500 0.00000000
v -0.00718900 0.00351000 0.00000000
v -0.00705100 0.00378000 0.00000000
v -0.00690300 0.00404400 0.00000000
v -0.00674500 0.00430200 0.00000000
v -0.00657700 0.00455400 0.00000000
v -0.00640000 0.00480000 0.00000000
v -0.00621400 0.00503800 0.00000000
v -0.00601900 0.00527000 0.00000000
v -0.00581500 0.00549400 0.00000000
v -0.00560300 0.00571000 0.00000000
v -0.00538300 0.00591800 0.00000000
v -0.00515500 0.00611800 0.00000000
v -0.00492000 0.00630800 0.00000000
v -0.00467800 0.00649000 0.00000000
v -0.00442900 0.00666200 0.00000000
v -0.00417400 0.00682500 0.00000000
v -0.00391200 0.00697800 0.00000000
v -0.00364500 0.00712100 0.00000000
v -0.00337300 0.00725400 0.00000000
v -0.00309600 0.00737600 0.00000000
v -0.00281500 0.00748800 0.00000000
v -0.00253000 0.00759000 0.00000000
v -0.00224100 0.00768000 -0.00000000
v -0.00194800 0.00775900 -0.00000000
v -0.00165300 0.00782700 -0.00000000
v -0.00135600 0.00788400 -0.00000000
v -0.00105700 0.00793000 -0.00000000
v -0.00075600 0.00796400 -0.00000000
v -0.00045400 0.00798700 -0.00000000
v -0.00015100 0.00799900 -0.00000000
v 0.00015100 0.00799900 -0.00000000
v 0.00045400 0.00798700 -0.00000000
v 0.00075600 0.00796400 -0.00000000
v 0.00105700 0.00793000 -0.00000000
v 0.00135600 0.00788400 -0.00000000
v 0.00165300 0.00782700 -0.00000000
v 0.00194800 0.00775900 -0.00000000
v 0.00224100 0.00768000 -0.00000000
v 0.00253000 0.00759000 -0.00000000
v 0.00281500 0.00748800 -0.00000000
v 0.00309600 0.00737600 -0.00000000
v 0.00337300 0.00725400 -0.00000000
v 0.00364500 0.00712100 -0.00000000
v 0.00391200 0.00697800 -0.00000000
v 0.00417400 0.00682500 -0.00000000
v 0.00442900 0.00666200 -0.00000000
v 0.00467800 0.00649000 -0.00000000
v 0.00492000 0.00630800 -0.00000000
v 0.00515500 0.00611800 -0.00000000
v 0.00538300 0.00591800 -0.00000000
v 0.00560300 0.00571000 -0.00000000
v 0.00581500 0.00549400 -0.00000000
v 0.00601900 0.00527000 -0.00000000
v 0.00621400 0.00503800 -0.00000000
v 0.00640000 0.00480000 -0.00000000
v 0.00657700 0.00455400 -0.00000000
v 0.00674500 0.00430200 -0.00000000
v 0.00690300 0.00404400 -0.00000000
v 0.00705100 0.00378000 -0.00000000
v 0.00718900 0.00351000 -0.00000000
v 0.00731700 0.00323500 -0.00000000
v 0.00743400 0.00295600 -0.00000000
v 0.00754000 0.00267300 -0.00000000
v 0.00763600 0.00238600 -0.00000000
v 0.00772100 0.00209500 -0.00000000
v 0.00779500 0.00180100 -0.00000000
v 0.00785700 0.00150500 -0.00000000
v 0.00790800 0.00120700 -0.00000000
v 0.00794800 0.00090600 -0.00000000
v 0.00797700 0.00060500 -0.00000000
v -0.00869400 0.00450000 0.00230600
v -0.00670100 0.00450000 0.00225300
v -0.00870000 0.00450000 0.00220000
v -0.00670100 0.00450000 0.00214700
v -0.00869400 0.00450000 0.00209400
v -0.00671300 0.00450000 0.00204100
v -0.00867700 0.00450000 0.00198900
v -0.00673500 0.00450000 0.00193700
v -0.00864900 0.00450000 0.00188600
v -0.00676900 0.00450000 0.00183600
v -0.00861100 0.00450000 0.00178700
v -0.00681300 0.00450000 0.00173900
v -0.00856200 0.00450000 0.00169200
v -0.00686700 0.00450000 0.00164700
v -0.00850300 0.00450000 0.00160400
v -0.00693000 0.00450000 0.00156200
v -0.00843500 0.00450000 0.00152200
v -0.00700200 0.00450000 0.00148400
v -0.00835900 0.00450000 0.00144700
v -0.00708200 0.00450000 0.00141300
v -0.00827500 0.00450000 0.00138200
v -0.00717000 0.00450000 0.00135200
v -0.00818500 0.00450000 0.00132500
v -0.00726300 0.00450000 0.00130100
v -0.00808900 0.00450000 0.00127900
v -0.00736100 0.00450000 0.00125900
v -0.00798900 0.00450000 0.00124300
v -0.00746300 0.00450000 0.00122900
v -0.00788500 0.00450000 0.00121700
v -0.00756700 0.00450000 0.00120900
v -0.00778000 0.00450000 0.00120300
v -0.00767300 0.00450000 0.00120000
v -0.00671300 0.00450000 0.00235900
v -0.00867700 0.00450000 0.00241100
v -0.00673500 0.00450000 0.00246300
v -0.00864900 0.00450000 0.00251400
v -0.00676900 0.00450000 0.00256400
v -0.00861100 0.00450000 0.00261300
v -0.00681300 0.00450000 0.00266100
v -0.00856200 0.00450000 0.00270800
v -0.00686700 0.00450000 0.00275300
v -0.00850300 0.00450000 0.00279600
v -0.00693000 0.00450000 0.00283800
v -0.00843500 0.00450000 0.00287800
v -0.00700200 0.00450000 0.00291600
v -0.00835900 0.00450000 0.00295300
v -0.00708200 0.00450000 0.00298700
v -0.00827500 0.00450000 0.00301800
v -0.00717000 0.00450000 0.00304800
v -0.00818500 0.00450000 0.00307500
v -0.00726300 0.00450000 0.00309900
v -0.00808900 0.00450000 0.00312100
v -0.00736100 0.00450000 0.00314100
v -0.00798900 0.00450000 0.00315700
v -0.00746300 0.00450000 0.00317100
v -0.00788500 0.00450000 0.00318300
v -0.00756700 0.00450000 0.00319100
v -0.00778000 0.00450000 0.00319700
v -0.00767300 0.00450000 0.00320000
v 0.00670600 0.00450000 0.00230600
v 0.00869900 0.00450000 0.00225300
v 0.00670000 0.00450000 0.00220000
v 0.00869900 0.00450000 0.00214700
v 0.00670600 0.00450000 0.00209400
v 0.00868700 0.00450000 0.00204100
v 0.00672300 0.00450000 0.00198900
v 0.00866500 0.00450000 0.00193700
v 0.00675100 0.00450000 0.00188600
v 0.00863100 0.00450000 0.00183600
v 0.00678900 0.00450000 0.00178700
v 0.00858700 0.00450000 0.00173900
v 0.00683800 0.00450000 0.00169200
v 0.00853300 0.00450000 0.00164700
v 0.00689700 0.00450000 0.00160400
v 0.00847000 0.00450000 0.00156200
v 0.00696500 0.00450000 0.00152200
v 0.00839800 0.00450000 0.00148400
v 0.00704100 0.00450000 0.00144700
v 0.00831800 0.00450000 0.00141300
v 0.00712500 0.00450000 0.00138200
v 0.00823000 0.00450000 0.00135200
v 0.00721500 0.00450000 0.00132500
v 0.00813700 0.00450000 0.00130100
v 0.00731100 0.00450000 0.00127900
v 0.00803900 0.00450000 0.00125900
v 0.00741100 0.00450000 0.00124300
v 0.00793700 0.00450000 0.00122900
v 0.00751500 0.00450000 0.00121700
v 0.00783300 0.00450000 0.00120900
v 0.00762000 0.00450000 0.00120300
v 0.00772700 0.00450000 0.00120000
v 0.00868700 0.00450000 0.00235900
v 0.00672300 0.00450000 0.00241100
v 0.00866500 0.00450000 0.00246300
v 0.00675100 0.00450000 0.00251400
v 0.00863100 0.00450000 0.00256400
v 0.00678900 0.00450000 0.00261300
v 0.00858700 0.00450000 0.00266100
v 0.00683800 0.00450000 0.00270800
v 0.00853300 0.00450000 0.00275300
v 0.00689700 0.00450000 0.00279600
v 0.00847000 0.00450000 0.00283800
v 0.00696500 0.00450000 0.00287800
v 0.00839800 0.00450000 0.00291600
v 0.00704100 0.00450000 0.00295300
v 0.00831800 0.00450000 0.00298700
v 0.00712500 0.00450000 0.00301800
v 0.00823000 0.00450000 0.00304800
v 0.00721500 0.00450000 0.00307500
v 0.00813700 0.00450000 0.00309900
v 0.00731100 0.00450000 0.00312100
v 0.00803900 0.00450000 0.00314100
v 0.00741100 0.00450000 0.00315700
v 0.00793700 0.00450000 0.00317100
v 0.00751500 0.00450000 0.00318300
v 0.00783300 0.00450000 0.00319100
v 0.00762000 0.00450000 0.00319700
v 0.00772700 0.00450000 0.00320000
v 0.00355200 0.00448800 0.00230000
v 0.00354600 0.00459600 0.00230000
v 0.00355200 0.00470400 0.00230000
v 0.00356800 0.00438100 0.00230000
v 0.00359600 0.00427700 0.00230000
v 0.00363400 0.00417600 0.00230000
v 0.00368200 0.00407900 0.00230000
v 0.00374000 0.00398800 0.00230000
v 0.00380800 0.00390300 0.00230000
v 0.00388300 0.00382600 0.00230000
v 0.00396600 0.00375600 0.00230000
v 0.00405600 0.00369600 0.00230000
v 0.00415100 0.00364500 0.00230000
v 0.00425100 0.00360400 0.00230000
v 0.00435500 0.00357400 0.00230000
v 0.00446100 0.00355500 0.00230000
v 0.00456900 0.00354700 0.00230000
v 0.00467700 0.00354900 0.00230000
v 0.00478400 0.00356300 0.00230000
v 0.00489000 0.00358800 0.00230000
v 0.00499200 0.00362400 0.00230000
v 0.00509000 0.00366900 0.00230000
v 0.00518200 0.00372500 0.00230000
v 0.00526900 0.00379000 0.00230000
v 0.00534800 0.00386300 0.00230000
v 0.00542000 0.00394500 0.00230000
v 0.00548200 0.00403300 0.00230000
v 0.00553500 0.00412700 0.00230000
v 0.00557900 0.00422600 0.00230000
v 0.00561200 0.00432900 0.00230000
v 0.00563400 0.00443500 0.00230000
v 0.00564500 0.00454200 0.00230000
v 0.00564500 0.00465000 0.00230000
v 0.00563400 0.00475800 0.00230000
v 0.00561200 0.00486400 0.00230000
v 0.00557900 0.00496700 0.00230000
v 0.00553500 0.00506600 0.00230000
v 0.00548200 0.00516000 0.00230000
v 0.00542000 0.00524800 0.00230000
v 0.00534800 0.00532900 0.00230000
v 0.00526900 0.00540200 0.00230000
v 0.00518200 0.00546700 0.00230000
v 0.00509000 0.00552300 0.00230000
v 0.00499200 0.00556900 0.00230000
v 0.00489000 0.00560400 0.00230000
v 0.00478400 0.00562900 0.00230000
v 0.00467700 0.00564300 0.00230000
v 0.00456900 0.00564600 0.00230000
v 0.00446100 0.00563800 0.00230000
v 0.00435500 0.00561800 0.00230000
v 0.00425100 0.00558800 0.00230000
v 0.00415100 0.00554700 0.00230000
v 0.00405600 0.00549600 0.00230000
v 0.00396600 0.00543600 0.00230000
v 0.00388300 0.00536700 0.00230000
v 0.00380800 0.00528900 0.00230000
v 0.00374000 0.00520500 0.00230000
v 0.00368200 0.00511300 0.00230000
v 0.00363400 0.00501700 0.00230000
v 0.00359600 0.00491600 0.00230000
v 0.00356800 0.00481100 0.00230000
v 0.00355200 -0.00470400 0.00230000
v 0.00354600 -0.00459600 0.00230000
v 0.00355200 -0.00448800 0.00230000
v 0.00356800 -0.00481100 0.00230000
v 0.00359600 -0.00491600 0.00230000
v 0.00363400 -0.00501700 0.00230000
v 0.00368200 -0.00511300 0.00230000
v 0.00374000 -0.00520500 0.00230000
v 0.00380800 -0.00528900 0.00230000
v 0.00388300 -0.00536700 0.00230000
v 0.00396600 -0.00543600 0.00230000
v 0.00405600 -0.00549600 0.00230000
v 0.00415100 -0.00554700 0.00230000
v 0.00425100 -0.00558800 0.00230000
v 0.00435500 -0.00561800 0.00230000
v 0.00446100 -0.00563800 0.00230000
v 0.00456900 -0.00564600 0.00230000
v 0.00467700 -0.00564300 0.00230000
v 0.00478400 -0.00562900 0.00230000
v 0.00489000 -0.00560400 0.00230000
v 0.00499200 -0.00556900 0.00230000
v 0.00509000 -0.00552300 0.00230000
v 0.00518200 -0.00546700 0.00230000
v 0.00526900 -0.00540200 0.00230000
v 0.00534800 -0.00532900 0.00230000
v 0.00542000 -0.00524800 0.00230000
v 0.00548200 -0.00516000 0.00230000
v 0.00553500 -0.00506600 0.00230000
v 0.00557900 -0.00496700 0.00230000
v 0.00561200 -0.00486400 0.00230000
v 0.00563400 -0.00475800 0.00230000
v 0.00564500 -0.00465000 0.00230000
v 0.00564500 -0.00454200 0.00230000
v 0.00563400 -0.00443500 0.00230000
v 0.00561200 -0.00432900 0.00230000
v 0.00557900 -0.00422600 0.00230000
v 0.00553500 -0.00412700 0.00230000
v 0.00548200 -0.00403300 0.00230000
v 0.00542000 -0.00394500 0.00230000
v 0.00534800 -0.00386300 0.00230000
v 0.00526900 -0.00379000 0.00230000
v 0.00518200 -0.00372500 0.00230000
v 0.00509000 -0.00366900 0.00230000
v 0.00499200 -0.00362400 0.00230000
v 0.00489000 -0.00358800 0.00230000
v 0.00478400 -0.00356300 0.00230000
v 0.00467700 -0.00354900 0.00230000
v 0.00456900 -0.00354700 0.00230000
v 0.00446100 -0.00355500 0.00230000
v 0.00435500 -0.00357400 0.00230000
v 0.00425100 -0.00360400 0.00230000
v 0.00415100 -0.00364500 0.00230000
v 0.00405600 -0.00369600 0.00230000
v 0.00396600 -0.00375600 0.00230000
v 0.00388300 -0.00382600 0.00230000
v 0.00380800 -0.00390300 0.00230000
v 0.00374000 -0.00398800 0.00230000
v 0.00368200 -0.00407900 0.00230000
v 0.00363400 -0.00417600 0.00230000
v 0.00359600 -0.00427700 0.00230000
v 0.00356800 -0.00438100 0.00230000
v -0.00104400 -0.00010800 0.00230000
v -0.00105000 -0.00000000 0.00230000
v -0.00104400 0.00010800 0.00230000
v -0.00102800 -0.00021500 0.00230000
v -0.00100000 -0.00031900 0.00230000
v -0.00096200 -0.00042000 0.00230000
v -0.00091400 -0.00051700 0.00230000
v -0.00085600 -0.00060800 0.00230000
v -0.00078900 -0.00069300 0.00230000
v -0.00071300 -0.00077100 0.00230000
v -0.00063000 -0.00084000 0.00230000
v -0.00054100 -0.00090000 0.00230000
v -0.00044500 -0.00095100 0.00230000
v -0.00034500 -0.00099200 0.00230000
v -0.00024100 -0.00102200 0.00230000
v -0.00013500 -0.00104100 0.00230000
v -0.00002700 -0.00105000 0.00230000
v 0.00008100 -0.00104700 0.00230000
v 0.00018800 -0.00103300 0.00230000
v 0.00029300 -0.00100800 0.00230000
v 0.00039600 -0.00097300 0.00230000
v 0.00049300 -0.00092700 0.00230000
v 0.00058600 -0.00087100 0.00230000
v 0.00067300 -0.00080600 0.00230000
v 0.00075200 -0.00073300 0.00230000
v 0.00082300 -0.00065200 0.00230000
v 0.00088600 -0.00056400 0.00230000
v 0.00093900 -0.00046900 0.00230000
v 0.00098300 -0.00037000 0.00230000
v 0.00101500 -0.00026700 0.00230000
v 0.00103700 -0.00016200 0.00230000
v 0.00104900 -0.00005400 0.00230000
v 0.00104900 0.00005400 0.00230000
v 0.00103700 0.00016200 0.00230000
v 0.00101500 0.00026700 0.00230000
v 0.00098300 0.00037000 0.00230000
v 0.00093900 0.00046900 0.00230000
v 0.00088600 0.00056400 0.00230000
v 0.00082300 0.00065200 0.00230000
v 0.00075200 0.00073300 0.00230000
v 0.00067300 0.00080600 0.00230000
v 0.00058600 0.00087100 0.00230000
v 0.00049300 0.00092700 0.00230000
v 0.00039600 0.00097300 0.00230000
v 0.00029300 0.00100800 0.00230000
v 0.00018800 0.00103300 0.00230000
v 0.00008100 0.00104700 0.00230000
v -0.00002700 0.00105000 0.00230000
v -0.00013500 0.00104100 0.00230000
v -0.00024100 0.00102200 0.00230000
v -0.00034500 0.00099200 0.00230000
v -0.00044500 0.00095100 0.00230000
v -0.00054100 0.00090000 0.00230000
v -0.00063000 0.00084000 0.00230000
v -0.00071300 0.00077100 0.00230000
v -0.00078900 0.00069300 0.00230000
v -0.00085600 0.00060800 0.00230000
v -0.00091400 0.00051700 0.00230000
v -0.00096200 0.00042000 0.00230000
v -0.00100000 0.00031900 0.00230000
v -0.00102800 0.00021500 0.00230000
v -0.00564100 -0.00470400 0.00230000
v -0.00564600 -0.00459600 0.00230000
v -0.00564100 -0.00448800 0.00230000
v -0.00562400 -0.00481100 0.00230000
v -0.00559600 -0.00491600 0.00230000
v -0.00555800 -0.00501700 0.00230000
v -0.00551000 -0.00511300 0.00230000
v -0.00545200 -0.00520500 0.00230000
v -0.00538500 -0.00528900 0.00230000
v -0.00530900 -0.00536700 0.00230000
v -0.00522600 -0.00543600 0.00230000
v -0.00513700 -0.00549600 0.00230000
v -0.00504100 -0.00554700 0.00230000
v -0.00494100 -0.00558800 0.00230000
v -0.00483700 -0.00561800 0.00230000
v -0.00473100 -0.00563800 0.00230000
v -0.00462300 -0.00564600 0.00230000
v -0.00451500 -0.00564300 0.00230000
v -0.00440800 -0.00562900 0.00230000
v -0.00430300 -0.00560400 0.00230000
v -0.00420100 -0.00556900 0.00230000
v -0.00410300 -0.00552300 0.00230000
v -0.00401000 -0.00546700 0.00230000
v -0.00392400 -0.00540200 0.00230000
v -0.00384400 -0.00532900 0.00230000
v -0.00377300 -0.00524800 0.00230000
v -0.00371000 -0.00516000 0.00230000
v -0.00365700 -0.00506600 0.00230000
v -0.00361400 -0.00496700 0.00230000
v -0.00358100 -0.00486400 0.00230000
v -0.00355900 -0.00475800 0.00230000
v -0.00354800 -0.00465000 0.00230000
v -0.00354800 -0.00454200 0.00230000
v -0.00355900 -0.00443500 0.00230000
v -0.00358100 -0.00432900 0.00230000
v -0.00361400 -0.00422600 0.00230000
v -0.00365700 -0.00412700 0.00230000
v -0.00371000 -0.00403300 0.00230000
v -0.00377300 -0.00394500 0.00230000
v -0.00384400 -0.00386300 0.00230000
v -0.00392400 -0.00379000 0.00230000
v -0.00401000 -0.00372500 0.00230000
v -0.00410300 -0.00366900 0.00230000
v -0.00420100 -0.00362400 0.00230000
v -0.00430300 -0.00358800 0.00230000
v -0.00440800 -0.00356300 0.00230000
v -0.00451500 -0.00354900 0.00230000
v -0.00462300 -0.00354700 0.00230000
v -0.00473100 -0.00355500 0.00230000
v -0.00483700 -0.00357400 0.00230000
v -0.00494100 -0.00360400 0.00230000
v -0.00504100 -0.00364500 0.00230000
v -0.00513700 -0.00369600 0.00230000
v -0.00522600 -0.00375600 0.00230000
v -0.00530900 -0.00382600 0.00230000
v -0.00538500 -0.00390300 0.00230000
v -0.00545200 -0.00398800 0.00230000
v -0.00551000 -0.00407900 0.00230000
v -0.00555800 -0.00417600 0.00230000
v -0.00559600 -0.00427700 0.00230000
v -0.00562400 -0.00438100 0.00230000
v -0.00564100 0.00448800 0.00230000
v -0.00564600 0.00459600 0.00230000
v -0.00564100 0.00470400 0.00230000
v -0.00562400 0.00438100 0.00230000
v -0.00559600 0.00427700 0.00230000
v -0.00555800 0.00417600 0.00230000
v -0.00551000 0.00407900 0.00230000
v -0.00545200 0.00398800 0.00230000
v -0.00538500 0.00390300 0.00230000
v -0.00530900 0.00382600 0.00230000
v -0.00522600 0.00375600 0.00230000
v -0.00513700 0.00369600 0.00230000
v -0.00504100 0.00364500 0.00230000
v -0.00494100 0.00360400 0.00230000
v -0.00483700 0.00357400 0.00230000
v -0.00473100 0.00355500 0.00230000
v -0.00462300 0.00354700 0.00230000
v -0.00451500 0.00354900 0.00230000
v -0.00440800 0.00356300 0.00230000
v -0.00430300 0.00358800 0.00230000
v -0.00420100 0.00362400 0.00230000
v -0.00410300 0.00366900 0.00230000
v -0.00401000 0.00372500 0.00230000
v -0.00392400 0.00379000 0.00230000
v -0.00384400 0.00386300 0.00230000
v -0.00377300 0.00394500 0.00230000
v -0.00371000 0.00403300 0.00230000
v -0.00365700 0.00412700 0.00230000
v -0.00361400 0.00422600 0.00230000
v -0.00358100 0.00432900 0.00230000
v -0.00355900 0.00443500 0.00230000
v -0.00354800 0.00454200 0.00230000
v -0.00354800 0.00465000 0.00230000
v -0.00355900 0.00475800 0.00230000
v -0.00358100 0.00486400 0.00230000
v -0.00361400 0.00496700 0.00230000
v -0.00365700 0.00506600 0.00230000
v -0.00371000 0.00516000 0.00230000
v -0.00377300 0.00524800 0.00230000
v -0.00384400 0.00532900 0.00230000
v -0.00392400 0.00540200 0.00230000
v -0.00401000 0.00546700 0.00230000
v -0.00410300 0.00552300 0.00230000
v -0.00420100 0.00556900 0.00230000
v -0.00430300 0.00560400 0.00230000
v -0.00440800 0.00562900 0.00230000
v -0.00451500 0.00564300 0.00230000
v -0.00462300 0.00564600 0.00230000
v -0.00473100 0.00563800 0.00230000
v -0.00483700 0.00561800 0.00230000
v -0.00494100 0.00558800 0.00230000
v -0.00504100 0.00554700 0.00230000
v -0.00513700 0.00549600 0.00230000
v -0.00522600 0.00543600 0.00230000
v -0.00530900 0.00536700 0.00230000
v -0.00538500 0.00528900 0.00230000
v -0.00545200 0.00520500 0.00230000
v -0.00551000 0.00511300 0.00230000
v -0.00555800 0.00501700 0.00230000
v -0.00559600 0.00491600 0.00230000
v -0.00562400 0.00481100 0.00230000
v -0.00670100 -0.00810000 0.00214700
v -0.00670100 -0.00810000 0.00225300
v -0.00671300 -0.00810000 0.00235900
v -0.00673500 -0.00810000 0.00246300
v -0.00676900 -0.00810000 0.00256400
v -0.00681300 -0.00810000 0.00266100
v -0.00686700 -0.00810000 0.00275300
v -0.00693000 -0.00810000 0.00283800
v -0.00700200 -0.00810000 0.00291600
v -0.00708200 -0.00810000 0.00298700
v -0.00717000 -0.00810000 0.00304800
v -0.00726300 -0.00810000 0.00309900
v -0.00736100 -0.00810000 0.00314100
v -0.00746300 -0.00810000 0.00317100
v -0.00756700 -0.00810000 0.00319100
v -0.00767300 -0.00810000 0.00320000
v -0.00778000 -0.00810000 0.00319700
v -0.00788500 -0.00810000 0.00318300
v -0.00798900 -0.00810000 0.00315700
v -0.00808900 -0.00810000 0.00312100
v -0.00818500 -0.00810000 0.00307500
v -0.00827500 -0.00810000 0.00301800
v -0.00835900 -0.00810000 0.00295300
v -0.00843500 -0.00810000 0.00287800
v -0.00850300 -0.00810000 0.00279600
v -0.00856200 -0.00810000 0.00270800
v -0.00861100 -0.00810000 0.00261300
v -0.00864900 -0.00810000 0.00251400
v -0.00867700 -0.00810000 0.00241100
v -0.00869400 -0.00810000 0.00230600
v -0.00870000 -0.00810000 0.00220000
v -0.00869400 -0.00810000 0.00209400
v -0.00867700 -0.00810000 0.00198900
v -0.00864900 -0.00810000 0.00188600
v -0.00861100 -0.00810000 0.00178700
v -0.00856200 -0.00810000 0.00169200
v -0.00850300 -0.00810000 0.00160400
v -0.00843500 -0.00810000 0.00152200
v -0.00835900 -0.00810000 0.00144700
v -0.00827500 -0.00810000 0.00138200
v -0.00818500 -0.00810000 0.00132500
v -0.00808900 -0.00810000 0.00127900
v -0.00798900 -0.00810000 0.00124300
v -0.00788500 -0.00810000 0.00121700
v -0.00778000 -0.00810000 0.00120300
v -0.00767300 -0.00810000 0.00120000
v -0.00756700 -0.00810000 0.00120900
v -0.00746300 -0.00810000 0.00122900
v -0.00736100 -0.00810000 0.00125900
v -0.00726300 -0.00810000 0.00130100
v -0.00717000 -0.00810000 0.00135200
v -0.00708200 -0.00810000 0.00141300
v -0.00700200 -0.00810000 0.00148400
v -0.00693000 -0.00810000 0.00156200
v -0.00686700 -0.00810000 0.00164700
v -0.00681300 -0.00810000 0.00173900
v -0.00676900 -0.00810000 0.00183600
v -0.00673500 -0.00810000 0.00193700
v -0.00671300 -0.00810000 0.00204100
v -0.00670600 -0.01110000 0.00230600
v -0.00670100 -0.01010000 0.00225300
v -0.00670000 -0.01110000 0.00220000
v -0.00670100 -0.01010000 0.00214700
v -0.00670600 -0.01110000 0.00209400
v -0.00671300 -0.01010000 0.00204100
v -0.00672300 -0.01110000 0.00198900
v -0.00673500 -0.01010000 0.00193700
v -0.00675100 -0.01110000 0.00188600
v -0.00676900 -0.01010000 0.00183600
v -0.00678900 -0.01110000 0.00178700
v -0.00681300 -0.01010000 0.00173900
v -0.00683800 -0.01110000 0.00169200
v -0.00686700 -0.01010000 0.00164700
v -0.00689700 -0.01110000 0.00160400
v -0.00693000 -0.01010000 0.00156200
v -0.00696500 -0.01110000 0.00152200
v -0.00700200 -0.01010000 0.00148400
v -0.00704100 -0.01110000 0.00144700
v -0.00708200 -0.01010000 0.00141300
v -0.00712500 -0.01110000 0.00138200
v -0.00717000 -0.01010000 0.00135200
v -0.00721500 -0.01110000 0.00132500
v -0.00726300 -0.01010000 0.00130100
v -0.00731100 -0.01110000 0.00127900
v -0.00736100 -0.01010000 0.00125900
v -0.00741100 -0.01110000 0.00124300
v -0.00746300 -0.01010000 0.00122900
v -0.00751500 -0.01110000 0.00121700
v -0.00756700 -0.01010000 0.00120900
v -0.00762000 -0.01110000 0.00120300
v -0.00767300 -0.01010000 0.00120000
v -0.00772700 -0.01110000 0.00120000
v -0.00778000 -0.01010000 0.00120300
v -0.00783300 -0.01110000 0.00120900
v -0.00788500 -0.01010000 0.00121700
v -0.00793700 -0.01110000 0.00122900
v -0.00798900 -0.01010000 0.00124300
v -0.00803900 -0.01110000 0.00125900
v -0.00808900 -0.01010000 0.00127900
v -0.00813700 -0.01110000 0.00130100
v -0.00818500 -0.01010000 0.00132500
v -0.00823000 -0.01110000 0.00135200
v -0.00827500 -0.01010000 0.00138200
v -0.00831800 -0.01110000 0.00141300
v -0.00835900 -0.01010000 0.00144700
v -0.00839800 -0.01110000 0.00148400
v -0.00843500 -0.01010000 0.00152200
v -0.00847000 -0.01110000 0.00156200
v -0.00850300 -0.01010000 0.00160400
v -0.00853300 -0.01110000 0.00164700
v -0.00856200 -0.01010000 0.00169200
v -0.00858700 -0.01110000 0.00173900
v -0.00861100 -0.01010000 0.00178700
v -0.00863100 -0.01110000 0.00183600
v -0.00864900 -0.01010000 0.00188600
v -0.00866500 -0.01110000 0.00193700
v -0.00867700 -0.01010000 0.00198900
v -0.00868700 -0.01110000 0.00204100
v -0.00869400 -0.01010000 0.00209400
v -0.00869900 -0.01110000 0.00214700
v -0.00870000 -0.01010000 0.00220000
v -0.00869900 -0.01110000 0.00225300
v -0.00869400 -0.01010000 0.00230600
v -0.00868700 -0.01110000 0.00235900
v -0.00867700 -0.01010000 0.00241100
v -0.00866500 -0.01110000 0.00246300
v -0.00864900 -0.01010000 0.00251400
v -0.00863100 -0.01110000 0.00256400
v -0.00861100 -0.01010000 0.00261300
v -0.00858700 -0.01110000 0.00266100
v -0.00856200 -0.01010000 0.00270800
v -0.00853300 -0.01110000 0.00275300
v -0.00850300 -0.01010000 0.00279600
v -0.00847000 -0.01110000 0.00283800
v -0.00843500 -0.01010000 0.00287800
v -0.00839800 -0.01110000 0.00291600
v -0.00835900 -0.01010000 0.00295300
v -0.00831800 -0.01110000 0.00298700
v -0.00827500 -0.01010000 0.00301800
v -0.00823000 -0.01110000 0.00304800
v -0.00818500 -0.01010000 0.00307500
v -0.00813700 -0.01110000 0.00309900
v -0.00808900 -0.01010000 0.00312100
v -0.00803900 -0.01110000 0.00314100
v -0.00798900 -0.01010000 0.00315700
v -0.00793700 -0.01110000 0.00317100
v -0.00788500 -0.01010000 0.00318300
v -0.00783300 -0.01110000 0.00319100
v -0.00778000 -0.01010000 0.00319700
v -0.00772700 -0.01110000 0.00320000
v -0.00767300 -0.01010000 0.00320000
v -0.00762000 -0.01110000 0.00319700
v -0.00756700 -0.01010000 0.00319100
v -0.00751500 -0.01110000 0.00318300
v -0.00746300 -0.01010000 0.00317100
v -0.00741100 -0.01110000 0.00315700
v -0.00736100 -0.01010000 0.00314100
v -0.00731100 -0.01110000 0.00312100
v -0.00726300 -0.01010000 0.00309900
v -0.00721500 -0.01110000 0.00307500
v -0.00717000 -0.01010000 0.00304800
v -0.00712500 -0.01110000 0.00301800
v -0.00708200 -0.01010000 0.00298700
v -0.00704100 -0.01110000 0.00295300
v -0.00700200 -0.01010000 0.00291600
v -0.00696500 -0.01110000 0.00287800
v -0.00693000 -0.01010000 0.00283800
v -0.00689700 -0.01110000 0.00279600
v -0.00686700 -0.01010000 0.00275300
v -0.00683800 -0.01110000 0.00270800
v -0.00681300 -0.01010000 0.00266100
v -0.00678900 -0.01110000 0.00261300
v -0.00676900 -0.01010000 0.00256400
v -0.00675100 -0.01110000 0.00251400
v -0.00673500 -0.01010000 0.00246300
v -0.00672300 -0.01110000 0.00241100
v -0.00671300 -0.01010000 0.00235900
v 0.00869900 -0.00810000 0.00214700
v 0.00869900 -0.00810000 0.00225300
v 0.00868700 -0.00810000 0.00235900
v 0.00866500 -0.00810000 0.00246300
v 0.00863100 -0.00810000 0.00256400
v 0.00858700 -0.00810000 0.00266100
v 0.00853300 -0.00810000 0.00275300
v 0.00847000 -0.00810000 0.00283800
v 0.00839800 -0.00810000 0.00291600
v 0.00831800 -0.00810000 0.00298700
v 0.00823000 -0.00810000 0.00304800
v 0.00813700 -0.00810000 0.00309900
v 0.00803900 -0.00810000 0.00314100
v 0.00793700 -0.00810000 0.00317100
v 0.00783300 -0.00810000 0.00319100
v 0.00772700 -0.00810000 0.00320000
v 0.00762000 -0.00810000 0.00319700
v 0.00751500 -0.00810000 0.00318300
v 0.00741100 -0.00810000 0.00315700
v 0.00731100 -0.00810000 0.00312100
v 0.00721500 -0.00810000 0.00307500
v 0.00712500 -0.00810000 0.00301800
v 0.00704100 -0.00810000 0.00295300
v 0.00696500 -0.00810000 0.00287800
v 0.00689700 -0.00810000 0.00279600
v 0.00683800 -0.00810000 0.00270800
v 0.00678900 -0.00810000 0.00261300
v 0.00675100 -0.00810000 0.00251400
v 0.00672300 -0.00810000 0.00241100
v 0.00670600 -0.00810000 0.00230600
v 0.00670000 -0.00810000 0.00220000
v 0.00670600 -0.00810000 0.00209400
v 0.00672300 -0.00810000 0.00198900
v 0.00675100 -0.00810000 0.00188600
v 0.00678900 -0.00810000 0.00178700
v 0.00683800 -0.00810000 0.00169200
v 0.00689700 -0.00810000 0.00160400
v 0.00696500 -0.00810000 0.00152200
v 0.00704100 -0.00810000 0.00144700
v 0.00712500 -0.00810000 0.00138200
v 0.00721500 -0.00810000 0.00132500
v 0.00731100 -0.00810000 0.00127900
v 0.00741100 -0.00810000 0.00124300
v 0.00751500 -0.00810000 0.00121700
v 0.00762000 -0.00810000 0.00120300
v 0.00772700 -0.00810000 0.00120000
v 0.00783300 -0.00810000 0.00120900
v 0.00793700 -0.00810000 0.00122900
v 0.00803900 -0.00810000 0.00125900
v 0.00813700 -0.00810000 0.00130100
v 0.00823000 -0.00810000 0.00135200
v 0.00831800 -0.00810000 0.00141300
v 0.00839800 -0.00810000 0.00148400
v 0.00847000 -0.00810000 0.00156200
v 0.00853300 -0.00810000 0.00164700
v 0.00858700 -0.00810000 0.00173900
v 0.00863100 -0.00810000 0.00183600
v 0.00866500 -0.00810000 0.00193700
v 0.00868700 -0.00810000 0.00204100
v 0.00869400 -0.01110000 0.00230600
v 0.00869900 -0.01010000 0.00225300
v 0.00870000 -0.01110000 0.00220000
v 0.00869900 -0.01010000 0.00214700
v 0.00869400 -0.01110000 0.00209400
v 0.00868700 -0.01010000 0.00204100
v 0.00867700 -0.01110000 0.00198900
v 0.00866500 -0.01010000 0.00193700
v 0.00864900 -0.01110000 0.00188600
v 0.00863100 -0.01010000 0.00183600
v 0.00861100 -0.01110000 0.00178700
v 0.00858700 -0.01010000 0.00173900
v 0.00856200 -0.01110000 0.00169200
v 0.00853300 -0.01010000 0.00164700
v 0.00850300 -0.01110000 0.00160400
v 0.00847000 -0.01010000 0.00156200
v 0.00843500 -0.01110000 0.00152200
v 0.00839800 -0.01010000 0.00148400
v 0.00835900 -0.01110000 0.00144700
v 0.00831800 -0.01010000 0.00141300
v 0.00827500 -0.01110000 0.00138200
v 0.00823000 -0.01010000 0.00135200
v 0.00818500 -0.01110000 0.00132500
v 0.00813700 -0.01010000 0.00130100
v 0.00808900 -0.01110000 0.00127900
v 0.00803900 -0.01010000 0.00125900
v 0.00798900 -0.01110000 0.00124300
v 0.00793700 -0.01010000 0.00122900
v 0.00788500 -0.01110000 0.00121700
v 0.00783300 -0.01010000 0.00120900
v 0.00778000 -0.01110000 0.00120300
v 0.00772700 -0.01010000 0.00120000
v 0.00767300 -0.01110000 0.00120000
v 0.00762000 -0.01010000 0.00120300
v 0.00756700 -0.01110000 0.00120900
v 0.00751500 -0.01010000 0.00121700
v 0.00746300 -0.01110000 0.00122900
v 0.00741100 -0.01010000 0.00124300
v 0.00736100 -0.01110000 0.00125900
v 0.00731100 -0.01010000 0.00127900
v 0.00726300 -0.01110000 0.00130100
v 0.00721500 -0.01010000 0.00132500
v 0.00717000 -0.01110000 0.00135200
v 0.00712500 -0.01010000 0.00138200
v 0.00708200 -0.01110000 0.00141300
v 0.00704100 -0.01010000 0.00144700
v 0.00700200 -0.01110000 0.00148400
v 0.00696500 -0.01010000 0.00152200
v 0.00693000 -0.01110000 0.00156200
v 0.00689700 -0.01010000 0.00160400
v 0.00686700 -0.01110000 0.00164700
v 0.00683800 -0.01010000 0.00169200
v 0.00681300 -0.01110000 0.00173900
v 0.00678900 -0.01010000 0.00178700
v 0.00676900 -0.01110000 0.00183600
v 0.00675100 -0.01010000 0.00188600
v 0.00673500 -0.01110000 0.00193700
v 0.00672300 -0.01010000 0.00198900
v 0.00671300 -0.01110000 0.00204100
v 0.00670600 -0.01010000 0.00209400
v 0.00670100 -0.01110000 0.00214700
v 0.00670000 -0.01010000 0.00220000
v 0.00670100 -0.01110000 0.00225300
v 0.00670600 -0.01010000 0.00230600
v 0.00671300 -0.01110000 0.00235900
v 0.00672300 -0.01010000 0.00241100
v 0.00673500 -0.01110000 0.00246300
v 0.00675100 -0.01010000 0.00251400
v 0.00676900 -0.01110000 0.00256400
v 0.00678900 -0.01010000 0.00261300
v 0.00681300 -0.01110000 0.00266100
v 0.00683800 -0.01010000 0.00270800
v 0.00686700 -0.01110000 0.00275300
v 0.00689700 -0.01010000 0.00279600
v 0.00693000 -0.01110000 0.00283800
v 0.00696500 -0.01010000 0.00287800
v 0.00700200 -0.01110000 0.00291600
v 0.00704100 -0.01010000 0.00295300
v 0.00708200 -0.01110000 0.00298700
v 0.00712500 -0.01010000 0.00301800
v 0.00717000 -0.01110000 0.00304800
v 0.00721500 -0.01010000 0.00307500
v 0.00726300 -0.01110000 0.00309900
v 0.00731100 -0.01010000 0.00312100
v 0.00736100 -0.01110000 0.00314100
v 0.00741100 -0.01010000 0.00315700
v 0.00746300 -0.01110000 0.00317100
v 0.00751500 -0.01010000 0.00318300
v 0.00756700 -0.01110000 0.00319100
v 0.00762000 -0.01010000 0.00319700
v 0.00767300 -0.01110000 0.00320000
v 0.00772700 -0.01010000 0.00320000
v 0.00778000 -0.01110000 0.00319700
v 0.00783300 -0.01010000 0.00319100
v 0.00788500 -0.01110000 0.00318300
v 0.00793700 -0.01010000 0.00317100
v 0.00798900 -0.01110000 0.00315700
v 0.00803900 -0.01010000 0.00314100
v 0.00808900 -0.01110000 0.00312100
v 0.00813700 -0.01010000 0.00309900
v 0.00818500 -0.01110000 0.00307500
v 0.00823000 -0.01010000 0.00304800
v 0.00827500 -0.01110000 0.00301800
v 0.00831800 -0.01010000 0.00298700
v 0.00835900 -0.01110000 0.00295300
v 0.00839800 -0.01010000 0.00291600
v 0.00843500 -0.01110000 0.00287800
v 0.00847000 -0.01010000 0.00283800
v 0.00850300 -0.01110000 0.00279600
v 0.00853300 -0.01010000 0.00275300
v 0.00856200 -0.01110000 0.00270800
v 0.00858700 -0.01010000 0.00266100
v 0.00861100 -0.01110000 0.00261300
v 0.00863100 -0.01010000 0.00256400
v 0.00864900 -0.01110000 0.00251400
v 0.00866500 -0.01010000 0.00246300
v 0.00867700 -0.01110000 0.00241100
v 0.00868700 -0.01010000 0.00235900
v -0.00980000 -0.01110000 0.00000000
v 0.00980000 -0.01110000 -0.00000000
v -0.00869900 0.00650000 0.00214700
v -0.00869900 0.00650000 0.00225300
v -0.00868700 0.00650000 0.00235900
v -0.00866500 0.00650000 0.00246300
v -0.00863100 0.00650000 0.00256400
v -0.00858700 0.00650000 0.00266100
v -0.00853300 0.00650000 0.00275300
v -0.00847000 0.00650000 0.00283800
v -0.00839800 0.00650000 0.00291600
v -0.00831800 0.00650000 0.00298700
v -0.00823000 0.00650000 0.00304800
v -0.00813700 0.00650000 0.00309900
v -0.00803900 0.00650000 0.00314100
v -0.00793700 0.00650000 0.00317100
v -0.00783300 0.00650000 0.00319100
v -0.00772700 0.00650000 0.00320000
v -0.00762000 0.00650000 0.00319700
v -0.00751500 0.00650000 0.00318300
v -0.00741100 0.00650000 0.00315700
v -0.00731100 0.00650000 0.00312100
v -0.00721500 0.00650000 0.00307500
v -0.00712500 0.00650000 0.00301800
v -0.00704100 0.00650000 0.00295300
v -0.00696500 0.00650000 0.00287800
v -0.00689700 0.00650000 0.00279600
v -0.00683800 0.00650000 0.00270800
v -0.00678900 0.00650000 0.00261300
v -0.00675100 0.00650000 0.00251400
v -0.00672300 0.00650000 0.00241100
v -0.00670600 0.00650000 0.00230600
v -0.00670000 0.00650000 0.00220000
v -0.00670600 0.00650000 0.00209400
v -0.00672300 0.00650000 0.00198900
v -0.00675100 0.00650000 0.00188600
v -0.00678900 0.00650000 0.00178700
v -0.00683800 0.00650000 0.00169200
v -0.00689700 0.00650000 0.00160400
v -0.00696500 0.00650000 0.00152200
v -0.00704100 0.00650000 0.00144700
v -0.00712500 0.00650000 0.00138200
v -0.00721500 0.00650000 0.00132500
v -0.00731100 0.00650000 0.00127900
v -0.00741100 0.00650000 0.00124300
v -0.00751500 0.00650000 0.00121700
v -0.00762000 0.00650000 0.00120300
v -0.00772700 0.00650000 0.00120000
v -0.00783300 0.00650000 0.00120900
v -0.00793700 0.00650000 0.00122900
v -0.00803900 0.00650000 0.00125900
v -0.00813700 0.00650000 0.00130100
v -0.00823000 0.00650000 0.00135200
v -0.00831800 0.00650000 0.00141300
v -0.00839800 0.00650000 0.00148400
v -0.00847000 0.00650000 0.00156200
v -0.00853300 0.00650000 0.00164700
v -0.00858700 0.00650000 0.00173900
v -0.00863100 0.00650000 0.00183600
v -0.00866500 0.00650000 0.00193700
v -0.00868700 0.00650000 0.00204100
v -0.00869400 0.00950000 0.00230600
v -0.00869900 0.00850000 0.00225300
v -0.00870000 0.00950000 0.00220000
v -0.00869900 0.00850000 0.00214700
v -0.00869400 0.00950000 0.00209400
v -0.00868700 0.00850000 0.00204100
v -0.00867700 0.00950000 0.00198900
v -0.00866500 0.00850000 0.00193700
v -0.00864900 0.00950000 0.00188600
v -0.00863100 0.00850000 0.00183600
v -0.00861100 0.00950000 0.00178700
v -0.00858700 0.00850000 0.00173900
v -0.00856200 0.00950000 0.00169200
v -0.00853300 0.00850000 0.00164700
v -0.00850300 0.00950000 0.00160400
v -0.00847000 0.00850000 0.00156200
v -0.00843500 0.00950000 0.00152200
v -0.00839800 0.00850000 0.00148400
v -0.00835900 0.00950000 0.00144700
v -0.00831800 0.00850000 0.00141300
v -0.00827500 0.00950000 0.00138200
v -0.00823000 0.00850000 0.00135200
v -0.00818500 0.00950000 0.00132500
v -0.00813700 0.00850000 0.00130100
v -0.00808900 0.00950000 0.00127900
v -0.00803900 0.00850000 0.00125900
v -0.00798900 0.00950000 0.00124300
v -0.00793700 0.00850000 0.00122900
v -0.00788500 0.00950000 0.00121700
v -0.00783300 0.00850000 0.00120900
v -0.00778000 0.00950000 0.00120300
v -0.00772700 0.00850000 0.00120000
v -0.00767300 0.00950000 0.00120000
v -0.00762000 0.00850000 0.00120300
v -0.00756700 0.00950000 0.00120900
v -0.00751500 0.00850000 0.00121700
v -0.00746300 0.00950000 0.00122900
v -0.00741100 0.00850000 0.00124300
v -0.00736100 0.00950000 0.00125900
v -0.00731100 0.00850000 0.00127900
v -0.00726300 0.00950000 0.00130100
v -0.00721500 0.00850000 0.00132500
v -0.00717000 0.00950000 0.00135200
v -0.00712500 0.00850000 0.00138200
v -0.00708200 0.00950000 0.00141300
v -0.00704100 0.00850000 0.00144700
v -0.00700200 0.00950000 0.00148400
v -0.00696500 0.00850000 0.00152200
v -0.00693000 0.00950000 0.00156200
v -0.00689700 0.00850000 0.00160400
v -0.00686700 0.00950000 0.00164700
v -0.00683800 0.00850000 0.00169200
v -0.00681300 0.00950000 0.00173900
v -0.00678900 0.00850000 0.00178700
v -0.00676900 0.00950000 0.00183600
v -0.00675100 0.00850000 0.00188600
v -0.00673500 0.00950000 0.00193700
v -0.00672300 0.00850000 0.00198900
v -0.00671300 0.00950000 0.00204100
v -0.00670600 0.00850000 0.00209400
v -0.00670100 0.00950000 0.00214700
v -0.00670000 0.00850000 0.00220000
v -0.00670100 0.00950000 0.00225300
v -0.00670600 0.00850000 0.00230600
v -0.00671300 0.00950000 0.00235900
v -0.00672300 0.00850000 0.00241100
v -0.00673500 0.00950000 0.00246300
v -0.00675100 0.00850000 0.00251400
v -0.00676900 0.00950000 0.00256400
v -0.00678900 0.00850000 0.00261300
v -0.00681300 0.00950000 0.00266100
v -0.00683800 0.00850000 0.00270800
v -0.00686700 0.00950000 0.00275300
v -0.00689700 0.00850000 0.00279600
v -0.00693000 0.00950000 0.00283800
v -0.00696500 0.00850000 0.00287800
v -0.00700200 0.00950000 0.00291600
v -0.00704100 0.00850000 0.00295300
v -0.00708200 0.00950000 0.00298700
v -0.00712500 0.00850000 0.00301800
v -0.00717000 0.00950000 0.00304800
v -0.00721500 0.00850000 0.00307500
v -0.00726300 0.00950000 0.00309900
v -0.00731100 0.00850000 0.00312100
v -0.00736100 0.00950000 0.00314100
v -0.00741100 0.00850000 0.00315700
v -0.00746300 0.00950000 0.00317100
v -0.00751500 0.00850000 0.00318300
v -0.00756700 0.00950000 0.00319100
v -0.00762000 0.00850000 0.00319700
v -0.00767300 0.00950000 0.00320000
v -0.00772700 0.00850000 0.00320000
v -0.00778000 0.00950000 0.00319700
v -0.00783300 0.00850000 0.00319100
v -0.00788500 0.00950000 0.00318300
v -0.00793700 0.00850000 0.00317100
v -0.00798900 0.00950000 0.00315700
v -0.00803900 0.00850000 0.00314100
v -0.00808900 0.00950000 0.00312100
v -0.00813700 0.00850000 0.00309900
v -0.00818500 0.00950000 0.00307500
v -0.00823000 0.00850000 0.00304800
v -0.00827500 0.00950000 0.00301800
v -0.00831800 0.00850000 0.00298700
v -0.00835900 0.00950000 0.00295300
v -0.00839800 0.00850000 0.00291600
v -0.00843500 0.00950000 0.00287800
v -0.00847000 0.00850000 0.00283800
v -0.00850300 0.00950000 0.00279600
v -0.00853300 0.00850000 0.00275300
v -0.00856200 0.00950000 0.00270800
v -0.00858700 0.00850000 0.00266100
v -0.00861100 0.00950000 0.00261300
v -0.00863100 0.00850000 0.00256400
v -0.00864900 0.00950000 0.00251400
v -0.00866500 0.00850000 0.00246300
v -0.00867700 0.00950000 0.00241100
v -0.00868700 0.00850000 0.00235900
v 0.00670100 0.00650000 0.00214700
v 0.00670100 0.00650000 0.00225300
v 0.00671300 0.00650000 0.00235900
v 0.00673500 0.00650000 0.00246300
v 0.00676900 0.00650000 0.00256400
v 0.00681300 0.00650000 0.00266100
v 0.00686700 0.00650000 0.00275300
v 0.00693000 0.00650000 0.00283800
v 0.00700200 0.00650000 0.00291600
v 0.00708200 0.00650000 0.00298700
v 0.00717000 0.00650000 0.00304800
v 0.00726300 0.00650000 0.00309900
v 0.00736100 0.00650000 0.00314100
v 0.00746300 0.00650000 0.00317100
v 0.00756700 0.00650000 0.00319100
v 0.00767300 0.00650000 0.00320000
v 0.00778000 0.00650000 0.00319700
v 0.00788500 0.00650000 0.00318300
v 0.00798900 0.00650000 0.00315700
v 0.00808900 0.00650000 0.00312100
v 0.00818500 0.00650000 0.00307500
v 0.00827500 0.00650000 0.00301800
v 0.00835900 0.00650000 0.00295300
v 0.00843500 0.00650000 0.00287800
v 0.00850300 0.00650000 0.00279600
v 0.00856200 0.00650000 0.00270800
v 0.00861100 0.00650000 0.00261300
v 0.00864900 0.00650000 0.00251400
v 0.00867700 0.00650000 0.00241100
v 0.00869400 0.00650000 0.00230600
v 0.00870000 0.00650000 0.00220000
v 0.00869400 0.00650000 0.00209400
v 0.00867700 0.00650000 0.00198900
v 0.00864900 0.00650000 0.00188600
v 0.00861100 0.00650000 0.00178700
v 0.00856200 0.00650000 0.00169200
v 0.00850300 0.00650000 0.00160400
v 0.00843500 0.00650000 0.00152200
v 0.00835900 0.00650000 0.00144700
v 0.00827500 0.00650000 0.00138200
v 0.00818500 0.00650000 0.00132500
v 0.00808900 0.00650000 0.00127900
v 0.00798900 0.00650000 0.00124300
v 0.00788500 0.00650000 0.00121700
v 0.00778000 0.00650000 0.00120300
v 0.00767300 0.00650000 0.00120000
v 0.00756700 0.00650000 0.00120900
v 0.00746300 0.00650000 0.00122900
v 0.00736100 0.00650000 0.00125900
v 0.00726300 0.00650000 0.00130100
v 0.00717000 0.00650000 0.00135200
v 0.00708200 0.00650000 0.00141300
v 0.00700200 0.00650000 0.00148400
v 0.00693000 0.00650000 0.00156200
v 0.00686700 0.00650000 0.00164700
v 0.00681300 0.00650000 0.00173900
v 0.00676900 0.00650000 0.00183600
v 0.00673500 0.00650000 0.00193700
v 0.00671300 0.00650000 0.00204100
v 0.00670600 0.00950000 0.00230600
v 0.00670100 0.00850000 0.00225300
v 0.00670000 0.00950000 0.00220000
v 0.00670100 0.00850000 0.00214700
v 0.00670600 0.00950000 0.00209400
v 0.00671300 0.00850000 0.00204100
v 0.00672300 0.00950000 0.00198900
v 0.00673500 0.00850000 0.00193700
v 0.00675100 0.00950000 0.00188600
v 0.00676900 0.00850000 0.00183600
v 0.00678900 0.00950000 0.00178700
v 0.00681300 0.00850000 0.00173900
v 0.00683800 0.00950000 0.00169200
v 0.00686700 0.00850000 0.00164700
v 0.00689700 0.00950000 0.00160400
v 0.00693000 0.00850000 0.00156200
v 0.00696500 0.00950000 0.00152200
v 0.00700200 0.00850000 0.00148400
v 0.00704100 0.00950000 0.00144700
v 0.00708200 0.00850000 0.00141300
v 0.00712500 0.00950000 0.00138200
v 0.00717000 0.00850000 0.00135200
v 0.00721500 0.00950000 0.00132500
v 0.00726300 0.00850000 0.00130100
v 0.00731100 0.00950000 0.00127900
v 0.00736100 0.00850000 0.00125900
v 0.00741100 0.00950000 0.00124300
v 0.00746300 0.00850000 0.00122900
v 0.00751500 0.00950000 0.00121700
v 0.00756700 0.00850000 0.00120900
v 0.00762000 0.00950000 0.00120300
v 0.00767300 0.00850000 0.00120000
v 0.00772700 0.00950000 0.00120000
v 0.00778000 0.00850000 0.00120300
v 0.00783300 0.00950000 0.00120900
v 0.00788500 0.00850000 0.00121700
v 0.00793700 0.00950000 0.00122900
v 0.00798900 0.00850000 0.00124300
v 0.00803900 0.00950000 0.00125900
v 0.00808900 0.00850000 0.00127900
v 0.00813700 0.00950000 0.00130100
v 0.00818500 0.00850000 0.00132500
v 0.00823000 0.00950000 0.00135200
v 0.00827500 0.00850000 0.00138200
v 0.00831800 0.00950000 0.00141300
v 0.00835900 0.00850000 0.00144700
v 0.00839800 0.00950000 0.00148400
v 0.00843500 0.00850000 0.00152200
v 0.00847000 0.00950000 0.00156200
v 0.00850300 0.00850000 0.00160400
v 0.00853300 0.00950000 0.00164700
v 0.00856200 0.00850000 0.00169200
v 0.00858700 0.00950000 0.00173900
v 0.00861100 0.00850000 0.00178700
v 0.00863100 0.00950000 0.00183600
v 0.00864900 0.00850000 0.00188600
v 0.00866500 0.00950000 0.00193700
v 0.00867700 0.00850000 0.00198900
v 0.00868700 0.00950000 0.00204100
v 0.00869400 0.00850000 0.00209400
v 0.00869900 0.00950000 0.00214700
v 0.00870000 0.00850000 0.00220000
v 0.00869900 0.00950000 0.00225300
v 0.00869400 0.00850000 0.00230600
v 0.00868700 0.00950000 0.00235900
v 0.00867700 0.00850000 0.00241100
v 0.00866500 0.00950000 0.00246300
v 0.00864900 0.00850000 0.00251400
v 0.00863100 0.00950000 0.00256400
v 0.00861100 0.00850000 0.00261300
v 0.00858700 0.00950000 0.00266100
v 0.00856200 0.00850000 0.00270800
v 0.00853300 0.00950000 0.00275300
v 0.00850300 0.00850000 0.00279600
v 0.00847000 0.00950000 0.00283800
v 0.00843500 0.00850000 0.00287800
v 0.00839800 0.00950000 0.00291600
v 0.00835900 0.00850000 0.00295300
v 0.00831800 0.00950000 0.00298700
v 0.00827500 0.00850000 0.00301800
v 0.00823000 0.00950000 0.00304800
v 0.00818500 0.00850000 0.00307500
v 0.00813700 0.00950000 0.00309900
v 0.00808900 0.00850000 0.00312100
v 0.00803900 0.00950000 0.00314100
v 0.00798900 0.00850000 0.00315700
v 0.00793700 0.00950000 0.00317100
v 0.00788500 0.00850000 0.00318300
v 0.00783300 0.00950000 0.00319100
v 0.00778000 0.00850000 0.00319700
v 0.00772700 0.00950000 0.00320000
v 0.00767300 0.00850000 0.00320000
v 0.00762000 0.00950000 0.00319700
v 0.00756700 0.00850000 0.00319100
v 0.00751500 0.00950000 0.00318300
v 0.00746300 0.00850000 0.00317100
v 0.00741100 0.00950000 0.00315700
v 0.00736100 0.00850000 0.00314100
v 0.00731100 0.00950000 0.00312100
v 0.00726300 0.00850000 0.00309900
v 0.00721500 0.00950000 0.00307500
v 0.00717000 0.00850000 0.00304800
v 0.00712500 0.00950000 0.00301800
v 0.00708200 0.00850000 0.00298700
v 0.00704100 0.00950000 0.00295300
v 0.00700200 0.00850000 0.00291600
v 0.00696500 0.00950000 0.00287800
v 0.00693000 0.00850000 0.00283800
v 0.00689700 0.00950000 0.00279600
v 0.00686700 0.00850000 0.00275300
v 0.00683800 0.00950000 0.00270800
v 0.00681300 0.00850000 0.00266100
v 0.00678900 0.00950000 0.00261300
v 0.00676900 0.00850000 0.00256400
v 0.00675100 0.00950000 0.00251400
v 0.00673500 0.00850000 0.00246300
v 0.00672300 0.00950000 0.00241100
v 0.00671300 0.00850000 0.00235900
v 0.00260200 0.00474700 0.00230000
v 0.00259600 0.00459600 0.00230000
v 0.00260200 0.00444500 0.00230000
v 0.00261900 0.00429500 0.00230000
v 0.00264800 0.00414600 0.00230000
v 0.00268700 0.00400000 0.00230000
v 0.00273800 0.00385700 0.00230000
v 0.00279900 0.00371900 0.00230000
v 0.00287000 0.00358500 0.00230000
v 0.00295200 0.00345800 0.00230000
v 0.00304300 0.00333700 0.00230000
v 0.00314200 0.00322300 0.00230000
v 0.00325000 0.00311700 0.00230000
v 0.00336600 0.00301900 0.00230000
v 0.00348900 0.00293100 0.00230000
v 0.00361800 0.00285200 0.00230000
v 0.00375300 0.00278300 0.00230000
v 0.00389200 0.00272400 0.00230000
v 0.00403600 0.00267600 0.00230000
v 0.00418300 0.00263900 0.00230000
v 0.00433200 0.00261400 0.00230000
v 0.00448300 0.00259900 0.00230000
v 0.00463400 0.00259700 0.00230000
v 0.00478500 0.00260500 0.00230000
v 0.00493500 0.00262500 0.00230000
v 0.00508300 0.00265600 0.00230000
v 0.00522900 0.00269900 0.00230000
v 0.00537000 0.00275200 0.00230000
v 0.00550800 0.00281600 0.00230000
v 0.00564000 0.00289000 0.00230000
v 0.00576600 0.00297400 0.00230000
v 0.00588500 0.00306700 0.00230000
v 0.00599700 0.00316900 0.00230000
v 0.00610100 0.00327900 0.00230000
v 0.00619600 0.00339600 0.00230000
v 0.00628200 0.00352100 0.00230000
v 0.00635900 0.00365100 0.00230000
v 0.00642500 0.00378700 0.00230000
v 0.00648100 0.00392800 0.00230000
v 0.00652600 0.00407200 0.00230000
v 0.00656000 0.00422000 0.00230000
v 0.00658300 0.00437000 0.00230000
v 0.00659500 0.00452100 0.00230000
v 0.00659500 0.00467200 0.00230000
v 0.00658300 0.00482300 0.00230000
v 0.00656000 0.00497200 0.00230000
v 0.00652600 0.00512000 0.00230000
v 0.00648100 0.00526400 0.00230000
v 0.00642500 0.00540500 0.00230000
v 0.00635900 0.00554100 0.00230000
v 0.00628200 0.00567200 0.00230000
v 0.00619600 0.00579600 0.00230000
v 0.00610100 0.00591400 0.00230000
v 0.00599700 0.00602400 0.00230000
v 0.00588500 0.00612600 0.00230000
v 0.00576600 0.00621900 0.00230000
v 0.00564000 0.00630200 0.00230000
v 0.00550800 0.00637600 0.00230000
v 0.00537000 0.00644000 0.00230000
v 0.00522900 0.00649400 0.00230000
v 0.00508300 0.00653600 0.00230000
v 0.00493500 0.00656700 0.00230000
v 0.00478500 0.00658700 0.00230000
v 0.00463400 0.00659600 0.00230000
v 0.00448300 0.00659300 0.00230000
v 0.00433200 0.00657900 0.00230000
v 0.00418300 0.00655300 0.00230000
v 0.00403600 0.00651600 0.00230000
v 0.00389200 0.00646800 0.00230000
v 0.00375300 0.00641000 0.00230000
v 0.00361800 0.00634100 0.00230000
v 0.00348900 0.00626200 0.00230000
v 0.00336600 0.00617300 0.00230000
v 0.00325000 0.00607600 0.00230000
v 0.00314200 0.00597000 0.00230000
v 0.00304300 0.00585600 0.00230000
v 0.00295200 0.00573500 0.00230000
v 0.00287000 0.00560700 0.00230000
v 0.00279900 0.00547400 0.00230000
v 0.00273800 0.00533500 0.00230000
v 0.00268700 0.00519300 0.00230000
v 0.00264800 0.00504700 0.00230000
v 0.00261900 0.00489800 0.00230000
v 0.00260200 -0.00444500 0.00230000
v 0.00259600 -0.00459600 0.00230000
v 0.00260200 -0.00474700 0.00230000
v 0.00261900 -0.00489800 0.00230000
v 0.00264800 -0.00504700 0.00230000
v 0.00268700 -0.00519300 0.00230000
v 0.00273800 -0.00533500 0.00230000
v 0.00279900 -0.00547400 0.00230000
v 0.00287000 -0.00560700 0.00230000
v 0.00295200 -0.00573500 0.00230000
v 0.00304300 -0.00585600 0.00230000
v 0.00314200 -0.00597000 0.00230000
v 0.00325000 -0.00607600 0.00230000
v 0.00336600 -0.00617300 0.00230000
v 0.00348900 -0.00626200 0.00230000
v 0.00361800 -0.00634100 0.00230000
v 0.00375300 -0.00641000 0.00230000
v 0.00389200 -0.00646800 0.00230000
v 0.00403600 -0.00651600 0.00230000
v 0.00418300 -0.00655300 0.00230000
v 0.00433200 -0.00657900 0.00230000
v 0.00448300 -0.00659300 0.00230000
v 0.00463400 -0.00659600 0.00230000
v 0.00478500 -0.00658700 0.00230000
v 0.00493500 -0.00656700 0.00230000
v 0.00508300 -0.00653600 0.00230000
v 0.00522900 -0.00649400 0.00230000
v 0.00537000 -0.00644000 0.00230000
v 0.00550800 -0.00637600 0.00230000
v 0.00564000 -0.00630200 0.00230000
v 0.00576600 -0.00621900 0.00230000
v 0.00588500 -0.00612600 0.00230000
v 0.00599700 -0.00602400 0.00230000
v 0.00610100 -0.00591400 0.00230000
v 0.00619600 -0.00579600 0.00230000
v 0.00628200 -0.00567200 0.00230000
v 0.00635900 -0.00554100 0.00230000
v 0.00642500 -0.00540500 0.00230000
v 0.00648100 -0.00526400 0.00230000
v 0.00652600 -0.00512000 0.00230000
v 0.00656000 -0.00497200 0.00230000
v 0.00658300 -0.00482300 0.00230000
v 0.00659500 -0.00467200 0.00230000
v 0.00659500 -0.00452100 0.00230000
v 0.00658300 -0.00437000 0.00230000
v 0.00656000 -0.00422000 0.00230000
v 0.00652600 -0.00407200 0.00230000
v 0.00648100 -0.00392800 0.00230000
v 0.00642500 -0.00378700 0.00230000
v 0.00635900 -0.00365100 0.00230000
v 0.00628200 -0.00352100 0.00230000
v 0.00619600 -0.00339600 0.00230000
v 0.00610100 -0.00327900 0.00230000
v 0.00599700 -0.00316900 0.00230000
v 0.00588500 -0.00306700 0.00230000
v 0.00576600 -0.00297400 0.00230000
v 0.00564000 -0.00289000 0.00230000
v 0.00550800 -0.00281600 0.00230000
v 0.00537000 -0.00275200 0.00230000
v 0.00522900 -0.00269900 0.00230000
v 0.00508300 -0.00265600 0.00230000
v 0.00493500 -0.00262500 0.00230000
v 0.00478500 -0.00260500 0.00230000
v 0.00463400 -0.00259700 0.00230000
v 0.00448300 -0.00259900 0.00230000
v 0.00433200 -0.00261400 0.00230000
v 0.00418300 -0.00263900 0.00230000
v 0.00403600 -0.00267600 0.00230000
v 0.00389200 -0.00272400 0.00230000
v 0.00375300 -0.00278300 0.00230000
v 0.00361800 -0.00285200 0.00230000
v 0.00348900 -0.00293100 0.00230000
v 0.00336600 -0.00301900 0.00230000
v 0.00325000 -0.00311700 0.00230000
v 0.00314200 -0.00322300 0.00230000
v 0.00304300 -0.00333700 0.00230000
v 0.00295200 -0.00345800 0.00230000
v 0.00287000 -0.00358500 0.00230000
v 0.00279900 -0.00371900 0.00230000
v 0.00273800 -0.00385700 0.00230000
v 0.00268700 -0.00400000 0.00230000
v 0.00264800 -0.00414600 0.00230000
v 0.00261900 -0.00429500 0.00230000
v -0.00199400 0.00015100 0.00230000
v -0.00200000 -0.00000000 0.00230000
v -0.00199400 -0.00015100 0.00230000
v -0.00197700 -0.00030200 0.00230000
v -0.00194900 -0.00045000 0.00230000
v -0.00190900 -0.00059600 0.00230000
v -0.00185800 -0.00073900 0.00230000
v -0.00179700 -0.00087700 0.00230000
v -0.00172600 -0.00101100 0.00230000
v -0.00164400 -0.00113900 0.00230000
v -0.00155400 -0.00126000 0.00230000
v -0.00145400 -0.00137400 0.00230000
v -0.00134600 -0.00148000 0.00230000
v -0.00123000 -0.00157700 0.00230000
v -0.00110700 -0.00166600 0.00230000
v -0.00097800 -0.00174500 0.00230000
v -0.00084300 -0.00181400 0.00230000
v -0.00070400 -0.00187200 0.00230000
v -0.00056000 -0.00192000 0.00230000
v -0.00041300 -0.00195700 0.00230000
v -0.00026400 -0.00198200 0.00230000
v -0.00011300 -0.00199700 0.00230000
v 0.00003800 -0.00200000 0.00230000
v 0.00018900 -0.00199100 0.00230000
v 0.00033900 -0.00197100 0.00230000
v 0.00048700 -0.00194000 0.00230000
v 0.00063200 -0.00189700 0.00230000
v 0.00077400 -0.00184400 0.00230000
v 0.00091100 -0.00178000 0.00230000
v 0.00104300 -0.00170600 0.00230000
v 0.00116900 -0.00162200 0.00230000
v 0.00128900 -0.00152900 0.00230000
v 0.00140100 -0.00142800 0.00230000
v 0.00150500 -0.00131800 0.00230000
v 0.00160000 -0.00120000 0.00230000
v 0.00168600 -0.00107500 0.00230000
v 0.00176300 -0.00094500 0.00230000
v 0.00182900 -0.00080900 0.00230000
v 0.00188500 -0.00066800 0.00230000
v 0.00193000 -0.00052400 0.00230000
v 0.00196400 -0.00037600 0.00230000
v 0.00198700 -0.00022700 0.00230000
v 0.00199900 -0.00007600 0.00230000
v 0.00199900 0.00007600 0.00230000
v 0.00198700 0.00022700 0.00230000
v 0.00196400 0.00037600 0.00230000
v 0.00193000 0.00052400 0.00230000
v 0.00188500 0.00066800 0.00230000
v 0.00182900 0.00080900 0.00230000
v 0.00176300 0.00094500 0.00230000
v 0.00168600 0.00107500 0.00230000
v 0.00160000 0.00120000 0.00230000
v 0.00150500 0.00131800 0.00230000
v 0.00140100 0.00142800 0.00230000
v 0.00128900 0.00152900 0.00230000
v 0.00116900 0.00162200 0.00230000
v 0.00104300 0.00170600 0.00230000
v 0.00091100 0.00178000 0.00230000
v 0.00077400 0.00184400 0.00230000
v 0.00063200 0.00189700 0.00230000
v 0.00048700 0.00194000 0.00230000
v 0.00033900 0.00197100 0.00230000
v 0.00018900 0.00199100 0.00230000
v 0.00003800 0.00200000 0.00230000
v -0.00011300 0.00199700 0.00230000
v -0.00026400 0.00198200 0.00230000
v -0.00041300 0.00195700 0.00230000
v -0.00056000 0.00192000 0.00230000
v -0.00070400 0.00187200 0.00230000
v -0.00084300 0.00181400 0.00230000
v -0.00097800 0.00174500 0.00230000
v -0.00110700 0.00166600 0.00230000
v -0.00123000 0.00157700 0.00230000
v -0.00134600 0.00148000 0.00230000
v -0.00145400 0.00137400 0.00230000
v -0.00155400 0.00126000 0.00230000
v -0.00164400 0.00113900 0.00230000
v -0.00172600 0.00101100 0.00230000
v -0.00179700 0.00087700 0.00230000
v -0.00185800 0.00073900 0.00230000
v -0.00190900 0.00059600 0.00230000
v -0.00194900 0.00045000 0.00230000
v -0.00197700 0.00030200 0.00230000
v -0.00659000 -0.00444500 0.00230000
v -0.00659600 -0.00459600 0.00230000
v -0.00659000 -0.00474700 0.00230000
v -0.00657300 -0.00489800 0.00230000
v -0.00654500 -0.00504700 0.00230000
v -0.00650500 -0.00519300 0.00230000
v -0.00645500 -0.00533500 0.00230000
v -0.00639300 -0.00547400 0.00230000
v -0.00632200 -0.00560700 0.00230000
v -0.00624100 -0.00573500 0.00230000
v -0.00615000 -0.00585600 0.00230000
v -0.00605000 -0.00597000 0.00230000
v -0.00594200 -0.00607600 0.00230000
v -0.00582600 -0.00617300 0.00230000
v -0.00570300 -0.00626200 0.00230000
v -0.00557400 -0.00634100 0.00230000
v -0.00544000 -0.00641000 0.00230000
v -0.00530000 -0.00646800 0.00230000
v -0.00515600 -0.00651600 0.00230000
v -0.00501000 -0.00655300 0.00230000
v -0.00486000 -0.00657900 0.00230000
v -0.00471000 -0.00659300 0.00230000
v -0.00455800 -0.00659600 0.00230000
v -0.00440700 -0.00658700 0.00230000
v -0.00425700 -0.00656700 0.00230000
v -0.00410900 -0.00653600 0.00230000
v -0.00396400 -0.00649400 0.00230000
v -0.00382200 -0.00644000 0.00230000
v -0.00368500 -0.00637600 0.00230000
v -0.00355300 -0.00630200 0.00230000
v -0.00342700 -0.00621900 0.00230000
v -0.00330700 -0.00612600 0.00230000
v -0.00319500 -0.00602400 0.00230000
v -0.00309100 -0.00591400 0.00230000
v -0.00299600 -0.00579600 0.00230000
v -0.00291000 -0.00567200 0.00230000
v -0.00283300 -0.00554100 0.00230000
v -0.00276700 -0.00540500 0.00230000
v -0.00271100 -0.00526400 0.00230000
v -0.00266600 -0.00512000 0.00230000
v -0.00263200 -0.00497200 0.00230000
v -0.00260900 -0.00482300 0.00230000
v -0.00259800 -0.00467200 0.00230000
v -0.00259800 -0.00452100 0.00230000
v -0.00260900 -0.00437000 0.00230000
v -0.00263200 -0.00422000 0.00230000
v -0.00266600 -0.00407200 0.00230000
v -0.00271100 -0.00392800 0.00230000
v -0.00276700 -0.00378700 0.00230000
v -0.00283300 -0.00365100 0.00230000
v -0.00291000 -0.00352100 0.00230000
v -0.00299600 -0.00339600 0.00230000
v -0.00309100 -0.00327900 0.00230000
v -0.00319500 -0.00316900 0.00230000
v -0.00330700 -0.00306700 0.00230000
v -0.00342700 -0.00297400 0.00230000
v -0.00355300 -0.00289000 0.00230000
v -0.00368500 -0.00281600 0.00230000
v -0.00382200 -0.00275200 0.00230000
v -0.00396400 -0.00269900 0.00230000
v -0.00410900 -0.00265600 0.00230000
v -0.00425700 -0.00262500 0.00230000
v -0.00440700 -0.00260500 0.00230000
v -0.00455800 -0.00259700 0.00230000
v -0.00471000 -0.00259900 0.00230000
v -0.00486000 -0.00261400 0.00230000
v -0.00501000 -0.00263900 0.00230000
v -0.00515600 -0.00267600 0.00230000
v -0.00530000 -0.00272400 0.00230000
v -0.00544000 -0.00278300 0.00230000
v -0.00557400 -0.00285200 0.00230000
v -0.00570300 -0.00293100 0.00230000
v -0.00582600 -0.00301900 0.00230000
v -0.00594200 -0.00311700 0.00230000
v -0.00605000 -0.00322300 0.00230000
v -0.00615000 -0.00333700 0.00230000
v -0.00624100 -0.00345800 0.00230000
v -0.00632200 -0.00358500 0.00230000
v -0.00639300 -0.00371900 0.00230000
v -0.00645500 -0.00385700 0.00230000
v -0.00650500 -0.00400000 0.00230000
v -0.00654500 -0.00414600 0.00230000
v -0.00657300 -0.00429500 0.00230000
v -0.00659000 0.00474700 0.00230000
v -0.00659600 0.00459600 0.00230000
v -0.00659000 0.00444500 0.00230000
v -0.00657300 0.00429500 0.00230000
v -0.00654500 0.00414600 0.00230000
v -0.00650500 0.00400000 0.00230000
v -0.00645500 0.00385700 0.00230000
v -0.00639300 0.00371900 0.00230000
v -0.00632200 0.00358500 0.00230000
v -0.00624100 0.00345800 0.00230000
v -0.00615000 0.00333700 0.00230000
v -0.00605000 0.00322300 0.00230000
v -0.00594200 0.00311700 0.00230000
v -0.00582600 0.00301900 0.00230000
v -0.00570300 0.00293100 0.00230000
v -0.00557400 0.00285200 0.00230000
v -0.00544000 0.00278300 0.00230000
v -0.00530000 0.00272400 0.00230000
v -0.00515600 0.00267600 0.00230000
v -0.00501000 0.00263900 0.00230000
v -0.00486000 0.00261400 0.00230000
v -0.00471000 0.00259900 0.00230000
v -0.00455800 0.00259700 0.00230000
v -0.00440700 0.00260500 0.00230000
v -0.00425700 0.00262500 0.00230000
v -0.00410900 0.00265600 0.00230000
v -0.00396400 0.00269900 0.00230000
v -0.00382200 0.00275200 0.00230000
v -0.00368500 0.00281600 0.00230000
v -0.00355300 0.00289000 0.00230000
v -0.00342700 0.00297400 0.00230000
v -0.00330700 0.00306700 0.00230000
v -0.00319500 0.00316900 0.00230000
v -0.00309100 0.00327900 0.00230000
v -0.00299600 0.00339600 0.00230000
v -0.00291000 0.00352100 0.00230000
v -0.00283300 0.00365100 0.00230000
v -0.00276700 0.00378700 0.00230000
v -0.00271100 0.00392800 0.00230000
v -0.00266600 0.00407200 0.00230000
v -0.00263200 0.00422000 0.00230000
v -0.00260900 0.00437000 0.00230000
v -0.00259800 0.00452100 0.00230000
v -0.00259800 0.00467200 0.00230000
v -0.00260900 0.00482300 0.00230000
v -0.00263200 0.00497200 0.00230000
v -0.00266600 0.00512000 0.00230000
v -0.00271100 0.00526400 0.00230000
v -0.00276700 0.00540500 0.00230000
v -0.00283300 0.00554100 0.00230000
v -0.00291000 0.00567200 0.00230000
v -0.00299600 0.00579600 0.00230000
v -0.00309100 0.00591400 0.00230000
v -0.00319500 0.00602400 0.00230000
v -0.00330700 0.00612600 0.00230000
v -0.00342700 0.00621900 0.00230000
v -0.00355300 0.00630200 0.00230000
v -0.00368500 0.00637600 0.00230000
v -0.00382200 0.00644000 0.00230000
v -0.00396400 0.00649400 0.00230000
v -0.00410900 0.00653600 0.00230000
v -0.00425700 0.00656700 0.00230000
v -0.00440700 0.00658700 0.00230000
v -0.00455800 0.00659600 0.00230000
v -0.00471000 0.00659300 0.00230000
v -0.00486000 0.00657900 0.00230000
v -0.00501000 0.00655300 0.00230000
v -0.00515600 0.00651600 0.00230000
v -0.00530000 0.00646800 0.00230000
v -0.00544000 0.00641000 0.00230000
v -0.00557400 0.00634100 0.00230000
v -0.00570300 0.00626200 0.00230000
v -0.00582600 0.00617300 0.00230000
v -0.00594200 0.00607600 0.00230000
v -0.00605000 0.00597000 0.00230000
v -0.00615000 0.00585600 0.00230000
v -0.00624100 0.00573500 0.00230000
v -0.00632200 0.00560700 0.00230000
v -0.00639300 0.00547400 0.00230000
v -0.00645500 0.00533500 0.00230000
v -0.00650500 0.00519300 0.00230000
v -0.00654500 0.00504700 0.00230000
v -0.00657300 0.00489800 0.00230000
v -0.00980000 -0.01110000 0.00430000
v 0.00980000 -0.01110000 0.00430000
v 0.00259600 0.00459600 0.00430000
v 0.00260200 0.00444500 0.00430000
v 0.00261900 0.00429500 0.00430000
v 0.00264800 0.00414600 0.00430000
v 0.00268700 0.00400000 0.00430000
v 0.00273800 0.00385700 0.00430000
v 0.00279900 0.00371900 0.00430000
v 0.00287000 0.00358500 0.00430000
v 0.00295200 0.00345800 0.00430000
v 0.00304300 0.00333700 0.00430000
v 0.00314200 0.00322300 0.00430000
v 0.00325000 0.00311700 0.00430000
v 0.00336600 0.00301900 0.00430000
v 0.00348900 0.00293100 0.00430000
v 0.00361800 0.00285200 0.00430000
v 0.00375300 0.00278300 0.00430000
v 0.00389200 0.00272400 0.00430000
v 0.00403600 0.00267600 0.00430000
v 0.00418300 0.00263900 0.00430000
v 0.00433200 0.00261400 0.00430000
v 0.00448300 0.00259900 0.00430000
v 0.00463400 0.00259700 0.00430000
v 0.00478500 0.00260500 0.00430000
v 0.00493500 0.00262500 0.00430000
v 0.00508300 0.00265600 0.00430000
v 0.00522900 0.00269900 0.00430000
v 0.00537000 0.00275200 0.00430000
v 0.00550800 0.00281600 0.00430000
v 0.00564000 0.00289000 0.00430000
v 0.00576600 0.00297400 0.00430000
v 0.00588500 0.00306700 0.00430000
v 0.00599700 0.00316900 0.00430000
v 0.00610100 0.00327900 0.00430000
v 0.00619600 0.00339600 0.00430000
v 0.00628200 0.00352100 0.00430000
v 0.00635900 0.00365100 0.00430000
v 0.00642500 0.00378700 0.00430000
v 0.00648100 0.00392800 0.00430000
v 0.00652600 0.00407200 0.00430000
v 0.00656000 0.00422000 0.00430000
v 0.00658300 0.00437000 0.00430000
v 0.00659500 0.00452100 0.00430000
v 0.00659500 0.00467200 0.00430000
v 0.00658300 0.00482300 0.00430000
v 0.00656000 0.00497200 0.00430000
v 0.00652600 0.00512000 0.00430000
v 0.00648100 0.00526400 0.00430000
v 0.00642500 0.00540500 0.00430000
v 0.00635900 0.00554100 0.00430000
v 0.00628200 0.00567200 0.00430000
v 0.00619600 0.00579600 0.00430000
v 0.00610100 0.00591400 0.00430000
v 0.00599700 0.00602400 0.00430000
v 0.00588500 0.00612600 0.00430000
v 0.00576600 0.00621900 0.00430000
v 0.00564000 0.00630200 0.00430000
v 0.00550800 0.00637600 0.00430000
v 0.00537000 0.00644000 0.00430000
v 0.00522900 0.00649400 0.00430000
v 0.00508300 0.00653600 0.00430000
v 0.00493500 0.00656700 0.00430000
v 0.00478500 0.00658700 0.00430000
v 0.00463400 0.00659600 0.00430000
v 0.00448300 0.00659300 0.00430000
v 0.00433200 0.00657900 0.00430000
v 0.00418300 0.00655300 0.00430000
v 0.00403600 0.00651600 0.00430000
v 0.00389200 0.00646800 0.00430000
v 0.00375300 0.00641000 0.00430000
v 0.00361800 0.00634100 0.00430000
v 0.00348900 0.00626200 0.00430000
v 0.00336600 0.00617300 0.00430000
v 0.00325000 0.00607600 0.00430000
v 0.00314200 0.00597000 0.00430000
v 0.00304300 0.00585600 0.00430000
v 0.00295200 0.00573500 0.00430000
v 0.00287000 0.00560700 0.00430000
v 0.00279900 0.00547400 0.00430000
v 0.00273800 0.00533500 0.00430000
v 0.00268700 0.00519300 0.00430000
v 0.00264800 0.00504700 0.00430000
v 0.00261900 0.00489800 0.00430000
v 0.00260200 0.00474700 0.00430000
v 0.00259600 -0.00459600 0.00430000
v 0.00260200 -0.00474700 0.00430000
v 0.00261900 -0.00489800 0.00430000
v 0.00264800 -0.00504700 0.00430000
v 0.00268700 -0.00519300 0.00430000
v 0.00273800 -0.00533500 0.00430000
v 0.00279900 -0.00547400 0.00430000
v 0.00287000 -0.00560700 0.00430000
v 0.00295200 -0.00573500 0.00430000
v 0.00304300 -0.00585600 0.00430000
v 0.00314200 -0.00597000 0.00430000
v 0.00325000 -0.00607600 0.00430000
v 0.00336600 -0.00617300 0.00430000
v 0.00348900 -0.00626200 0.00430000
v 0.00361800 -0.00634100 0.00430000
v 0.00375300 -0.00641000 0.00430000
v 0.00389200 -0.00646800 0.00430000
v 0.00403600 -0.00651600 0.00430000
v 0.00418300 -0.00655300 0.00430000
v 0.00433200 -0.00657900 0.00430000
v 0.00448300 -0.00659300 0.00430000
v 0.00463400 -0.00659600 0.00430000
v 0.00478500 -0.00658700 0.00430000
v 0.00493500 -0.00656700 0.00430000
v 0.00508300 -0.00653600 0.00430000
v 0.00522900 -0.00649400 0.00430000
v 0.00537000 -0.00644000 0.00430000
v 0.00550800 -0.00637600 0.00430000
v 0.00564000 -0.00630200 0.00430000
v 0.00576600 -0.00621900 0.00430000
v 0.00588500 -0.00612600 0.00430000
v 0.00599700 -0.00602400 0.00430000
v 0.00610100 -0.00591400 0.00430000
v 0.00619600 -0.00579600 0.00430000
v 0.00628200 -0.00567200 0.00430000
v 0.00635900 -0.00554100 0.00430000
v 0.00642500 -0.00540500 0.00430000
v 0.00648100 -0.00526400 0.00430000
v 0.00652600 -0.00512000 0.00430000
v 0.00656000 -0.00497200 0.00430000
v 0.00658300 -0.00482300 0.00430000
v 0.00659500 -0.00467200 0.00430000
v 0.00659500 -0.00452100 0.00430000
v 0.00658300 -0.00437000 0.00430000
v 0.00656000 -0.00422000 0.00430000
v 0.00652600 -0.00407200 0.00430000
v 0.00648100 -0.00392800 0.00430000
v 0.00642500 -0.00378700 0.00430000
v 0.00635900 -0.00365100 0.00430000
v 0.00628200 -0.00352100 0.00430000
v 0.00619600 -0.00339600 0.00430000
v 0.00610100 -0.00327900 0.00430000
v 0.00599700 -0.00316900 0.00430000
v 0.00588500 -0.00306700 0.00430000
v 0.00576600 -0.00297400 0.00430000
v 0.00564000 -0.00289000 0.00430000
v 0.00550800 -0.00281600 0.00430000
v 0.00537000 -0.00275200 0.00430000
v 0.00522900 -0.00269900 0.00430000
v 0.00508300 -0.00265600 0.00430000
v 0.00493500 -0.00262500 0.00430000
v 0.00478500 -0.00260500 0.00430000
v 0.00463400 -0.00259700 0.00430000
v 0.00448300 -0.00259900 0.00430000
v 0.00433200 -0.00261400 0.00430000
v 0.00418300 -0.00263900 0.00430000
v 0.00403600 -0.00267600 0.00430000
v 0.00389200 -0.00272400 0.00430000
v 0.00375300 -0.00278300 0.00430000
v 0.00361800 -0.00285200 0.00430000
v 0.00348900 -0.00293100 0.00430000
v 0.00336600 -0.00301900 0.00430000
v 0.00325000 -0.00311700 0.00430000
v 0.00314200 -0.00322300 0.00430000
v 0.00304300 -0.00333700 0.00430000
v 0.00295200 -0.00345800 0.00430000
v 0.00287000 -0.00358500 0.00430000
v 0.00279900 -0.00371900 0.00430000
v 0.00273800 -0.00385700 0.00430000
v 0.00268700 -0.00400000 0.00430000
v 0.00264800 -0.00414600 0.00430000
v 0.00261900 -0.00429500 0.00430000
v 0.00260200 -0.00444500 0.00430000
v -0.00200000 -0.00000000 0.00430000
v -0.00199400 -0.00015100 0.00430000
v -0.00197700 -0.00030200 0.00430000
v -0.00194900 -0.00045000 0.00430000
v -0.00190900 -0.00059600 0.00430000
v -0.00185800 -0.00073900 0.00430000
v -0.00179700 -0.00087700 0.00430000
v -0.00172600 -0.00101100 0.00430000
v -0.00164400 -0.00113900 0.00430000
v -0.00155400 -0.00126000 0.00430000
v -0.00145400 -0.00137400 0.00430000
v -0.00134600 -0.00148000 0.00430000
v -0.00123000 -0.00157700 0.00430000
v -0.00110700 -0.00166600 0.00430000
v -0.00097800 -0.00174500 0.00430000
v -0.00084300 -0.00181400 0.00430000
v -0.00070400 -0.00187200 0.00430000
v -0.00056000 -0.00192000 0.00430000
v -0.00041300 -0.00195700 0.00430000
v -0.00026400 -0.00198200 0.00430000
v -0.00011300 -0.00199700 0.00430000
v 0.00003800 -0.00200000 0.00430000
v 0.00018900 -0.00199100 0.00430000
v 0.00033900 -0.00197100 0.00430000
v 0.00048700 -0.00194000 0.00430000
v 0.00063200 -0.00189700 0.00430000
v 0.00077400 -0.00184400 0.00430000
v 0.00091100 -0.00178000 0.00430000
v 0.00104300 -0.00170600 0.00430000
v 0.00116900 -0.00162200 0.00430000
v 0.00128900 -0.00152900 0.00430000
v 0.00140100 -0.00142800 0.00430000
v 0.00150500 -0.00131800 0.00430000
v 0.00160000 -0.00120000 0.00430000
v 0.00168600 -0.00107500 0.00430000
v 0.00176300 -0.00094500 0.00430000
v 0.00182900 -0.00080900 0.00430000
v 0.00188500 -0.00066800 0.00430000
v 0.00193000 -0.00052400 0.00430000
v 0.00196400 -0.00037600 0.00430000
v 0.00198700 -0.00022700 0.00430000
v 0.00199900 -0.00007600 0.00430000
v 0.00199900 0.00007600 0.00430000
v 0.00198700 0.00022700 0.00430000
v 0.00196400 0.00037600 0.00430000
v 0.00193000 0.00052400 0.00430000
v 0.00188500 0.00066800 0.00430000
v 0.00182900 0.00080900 0.00430000
v 0.00176300 0.00094500 0.00430000
v 0.00168600 0.00107500 0.00430000
v 0.00160000 0.00120000 0.00430000
v 0.00150500 0.00131800 0.00430000
v 0.00140100 0.00142800 0.00430000
v 0.00128900 0.00152900 0.00430000
v 0.00116900 0.00162200 0.00430000
v 0.00104300 0.00170600 0.00430000
v 0.00091100 0.00178000 0.00430000
v 0.00077400 0.00184400 0.00430000
v 0.00063200 0.00189700 0.00430000
v 0.00048700 0.00194000 0.00430000
v 0.00033900 0.00197100 0.00430000
v 0.00018900 0.00199100 0.00430000
v 0.00003800 0.00200000 0.00430000
v -0.00011300 0.00199700 0.00430000
v -0.00026400 0.00198200 0.00430000
v -0.00041300 0.00195700 0.00430000
v -0.00056000 0.00192000 0.00430000
v -0.00070400 0.00187200 0.00430000
v -0.00084300 0.00181400 0.00430000
v -0.00097800 0.00174500 0.00430000
v -0.00110700 0.00166600 0.00430000
v -0.00123000 0.00157700 0.00430000
v -0.00134600 0.00148000 0.00430000
v -0.00145400 0.00137400 0.00430000
v -0.00155400 0.00126000 0.00430000
v -0.00164400 0.00113900 0.00430000
v -0.00172600 0.00101100 0.00430000
v -0.00179700 0.00087700 0.00430000
v -0.00185800 0.00073900 0.00430000
v -0.00190900 0.00059600 0.00430000
v -0.00194900 0.00045000 0.00430000
v -0.00197700 0.00030200 0.00430000
v -0.00199400 0.00015100 0.00430000
v -0.00659600 -0.00459600 0.00430000
v -0.00659000 -0.00474700 0.00430000
v -0.00657300 -0.00489800 0.00430000
v -0.00654500 -0.00504700 0.00430000
v -0.00650500 -0.00519300 0.00430000
v -0.00645500 -0.00533500 0.00430000
v -0.00639300 -0.00547400 0.00430000
v -0.00632200 -0.00560700 0.00430000
v -0.00624100 -0.00573500 0.00430000
v -0.00615000 -0.00585600 0.00430000
v -0.00605000 -0.00597000 0.00430000
v -0.00594200 -0.00607600 0.00430000
v -0.00582600 -0.00617300 0.00430000
v -0.00570300 -0.00626200 0.00430000
v -0.00557400 -0.00634100 0.00430000
v -0.00544000 -0.00641000 0.00430000
v -0.00530000 -0.00646800 0.00430000
v -0.00515600 -0.00651600 0.00430000
v -0.00501000 -0.00655300 0.00430000
v -0.00486000 -0.00657900 0.00430000
v -0.00471000 -0.00659300 0.00430000
v -0.00455800 -0.00659600 0.00430000
v -0.00440700 -0.00658700 0.00430000
v -0.00425700 -0.00656700 0.00430000
v -0.00410900 -0.00653600 0.00430000
v -0.00396400 -0.00649400 0.00430000
v -0.00382200 -0.00644000 0.00430000
v -0.00368500 -0.00637600 0.00430000
v -0.00355300 -0.00630200 0.00430000
v -0.00342700 -0.00621900 0.00430000
v -0.00330700 -0.00612600 0.00430000
v -0.00319500 -0.00602400 0.00430000
v -0.00309100 -0.00591400 0.00430000
v -0.00299600 -0.00579600 0.00430000
v -0.00291000 -0.00567200 0.00430000
v -0.00283300 -0.00554100 0.00430000
v -0.00276700 -0.00540500 0.00430000
v -0.00271100 -0.00526400 0.00430000
v -0.00266600 -0.00512000 0.00430000
v -0.00263200 -0.00497200 0.00430000
v -0.00260900 -0.00482300 0.00430000
v -0.00259800 -0.00467200 0.00430000
v -0.00259800 -0.00452100 0.00430000
v -0.00260900 -0.00437000 0.00430000
v -0.00263200 -0.00422000 0.00430000
v -0.00266600 -0.00407200 0.00430000
v -0.00271100 -0.00392800 0.00430000
v -0.00276700 -0.00378700 0.00430000
v -0.00283300 -0.00365100 0.00430000
v -0.00291000 -0.00352100 0.00430000
v -0.00299600 -0.00339600 0.00430000
v -0.00309100 -0.00327900 0.00430000
v -0.00319500 -0.00316900 0.00430000
v -0.00330700 -0.00306700 0.00430000
v -0.00342700 -0.00297400 0.00430000
v -0.00355300 -0.00289000 0.00430000
v -0.00368500 -0.00281600 0.00430000
v -0.00382200 -0.00275200 0.00430000
v -0.00396400 -0.00269900 0.00430000
v -0.00410900 -0.00265600 0.00430000
v -0.00425700 -0.00262500 0.00430000
v -0.00440700 -0.00260500 0.00430000
v -0.00455800 -0.00259700 0.00430000
v -0.00471000 -0.00259900 0.00430000
v -0.00486000 -0.00261400 0.00430000
v -0.00501000 -0.00263900 0.00430000
v -0.00515600 -0.00267600 0.00430000
v -0.00530000 -0.00272400 0.00430000
v -0.00544000 -0.00278300 0.00430000
v -0.00557400 -0.00285200 0.00430000
v -0.00570300 -0.00293100 0.00430000
v -0.00582600 -0.00301900 0.00430000
v -0.00594200 -0.00311700 0.00430000
v -0.00605000 -0.00322300 0.00430000
v -0.00615000 -0.00333700 0.00430000
v -0.00624100 -0.00345800 0.00430000
v -0.00632200 -0.00358500 0.00430000
v -0.00639300 -0.00371900 0.00430000
v -0.00645500 -0.00385700 0.00430000
v -0.00650500 -0.00400000 0.00430000
v -0.00654500 -0.00414600 0.00430000
v -0.00657300 -0.00429500 0.00430000
v -0.00659000 -0.00444500 0.00430000
v -0.00659600 0.00459600 0.00430000
v -0.00659000 0.00444500 0.00430000
v -0.00657300 0.00429500 0.00430000
v -0.00654500 0.00414600 0.00430000
v -0.00650500 0.00400000 0.00430000
v -0.00645500 0.00385700 0.00430000
v -0.00639300 0.00371900 0.00430000
v -0.00632200 0.00358500 0.00430000
v -0.00624100 0.00345800 0.00430000
v -0.00615000 0.00333700 0.00430000
v -0.00605000 0.00322300 0.00430000
v -0.00594200 0.00311700 0.00430000
v -0.00582600 0.00301900 0.00430000
v -0.00570300 0.00293100 0.00430000
v -0.00557400 0.00285200 0.00430000
v -0.00544000 0.00278300 0.00430000
v -0.00530000 0.00272400 0.00430000
v -0.00515600 0.00267600 0.00430000
v -0.00501000 0.00263900 0.00430000
v -0.00486000 0.00261400 0.00430000
v -0.00471000 0.00259900 0.00430000
v -0.00455800 0.00259700 0.00430000
v -0.00440700 0.00260500 0.00430000
v -0.00425700 0.00262500 0.00430000
v -0.00410900 0.00265600 0.00430000
v -0.00396400 0.00269900 0.00430000
v -0.00382200 0.00275200 0.00430000
v -0.00368500 0.00281600 0.00430000
v -0.00355300 0.00289000 0.00430000
v -0.00342700 0.00297400 0.00430000
v -0.00330700 0.00306700 0.00430000
v -0.00319500 0.00316900 0.00430000
v -0.00309100 0.00327900 0.00430000
v -0.00299600 0.00339600 0.00430000
v -0.00291000 0.00352100 0.00430000
v -0.00283300 0.00365100 0.00430000
v -0.00276700 0.00378700 0.00430000
v -0.00271100 0.00392800 0.00430000
v -0.00266600 0.00407200 0.00430000
v -0.00263200 0.00422000 0.00430000
v -0.00260900 0.00437000 0.00430000
v -0.00259800 0.00452100 0.00430000
v -0.00259800 0.00467200 0.00430000
v -0.00260900 0.00482300 0.00430000
v -0.00263200 0.00497200 0.00430000
v -0.00266600 0.00512000 0.00430000
v -0.00271100 0.00526400 0.00430000
v -0.00276700 0.00540500 0.00430000
v -0.00283300 0.00554100 0.00430000
v -0.00291000 0.00567200 0.00430000
v -0.00299600 0.00579600 0.00430000
v -0.00309100 0.00591400 0.00430000
v -0.00319500 0.00602400 0.00430000
v -0.00330700 0.00612600 0.00430000
v -0.00342700 0.00621900 0.00430000
v -0.00355300 0.00630200 0.00430000
v -0.00368500 0.00637600 0.00430000
v -0.00382200 0.00644000 0.00430000
v -0.00396400 0.00649400 0.00430000
v -0.00410900 0.00653600 0.00430000
v -0.00425700 0.00656700 0.00430000
v -0.00440700 0.00658700 0.00430000
v -0.00455800 0.00659600 0.00430000
v -0.00471000 0.00659300 0.00430000
v -0.00486000 0.00657900 0.00430000
v -0.00501000 0.00655300 0.00430000
v -0.00515600 0.00651600 0.00430000
v -0.00530000 0.00646800 0.00430000
v -0.00544000 0.00641000 0.00430000
v -0.00557400 0.00634100 0.00430000
v -0.00570300 0.00626200 0.00430000
v -0.00582600 0.00617300 0.00430000
v -0.00594200 0.00607600 0.00430000
v -0.00605000 0.00597000 0.00430000
v -0.00615000 0.00585600 0.00430000
v -0.00624100 0.00573500 0.00430000
v -0.00632200 0.00560700 0.00430000
v -0.00639300 0.00547400 0.00430000
v -0.00645500 0.00533500 0.00430000
v -0.00650500 0.00519300 0.00430000
v -0.00654500 0.00504700 0.00430000
v -0.00657300 0.00489800 0.00430000
v -0.00659000 0.00474700 0.00430000
v -0.00007100 -0.01250000 0.01295000
v -0.00036800 -0.01250000 0.01296000
v -0.00007100 -0.01150000 0.01295000
v -0.00036800 -0.01150000 0.01296000
v -0.00066400 -0.01250000 0.01298300
v -0.00066400 -0.01150000 0.01298300
v -0.00095900 -0.01250000 0.01301800
v -0.00095900 -0.01150000 0.01301800
v -0.00125300 -0.01250000 0.01306700
v -0.00125300 -0.01150000 0.01306700
v -0.00154300 -0.01250000 0.01312900
v -0.00154300 -0.01150000 0.01312900
v -0.00183100 -0.01250000 0.01320300
v -0.00183100 -0.01150000 0.01320300
v -0.00211500 -0.01250000 0.01329000
v -0.00211500 -0.01150000 0.01329000
v -0.00239500 -0.01250000 0.01338900
v -0.00239500 -0.01150000 0.01338900
v -0.00267000 -0.01250000 0.01350100
v -0.00267000 -0.01150000 0.01350100
v -0.00294100 -0.01250000 0.01362400
v -0.00294100 -0.01150000 0.01362400
v -0.00320500 -0.01250000 0.01376000
v -0.00320500 -0.01150000 0.01376000
v -0.00346400 -0.01250000 0.01390600
v -0.00346400 -0.01150000 0.01390600
v -0.00371500 -0.01250000 0.01406400
v -0.00371500 -0.01150000 0.01406400
v -0.00396000 -0.01250000 0.01423300
v -0.00396000 -0.01150000 0.01423300
v -0.00419600 -0.01250000 0.01441300
v -0.00419600 -0.01150000 0.01441300
v -0.00442500 -0.01250000 0.01460300
v -0.00442500 -0.01150000 0.01460300
v -0.00464500 -0.01250000 0.01480200
v -0.00464500 -0.01150000 0.01480200
v -0.00485600 -0.01250000 0.01501200
v -0.00485600 -0.01150000 0.01501200
v -0.00505800 -0.01250000 0.01523000
v -0.00505800 -0.01150000 0.01523000
v -0.00524900 -0.01250000 0.01545700
v -0.00524900 -0.01150000 0.01545700
v -0.00543100 -0.01250000 0.01569200
v -0.00543100 -0.01150000 0.01569200
v -0.00560200 -0.01250000 0.01593500
v -0.00560200 -0.01150000 0.01593500
v -0.00576200 -0.01250000 0.01618500
v -0.00576200 -0.01150000 0.01618500
v -0.00591200 -0.01250000 0.01644200
v -0.00591200 -0.01150000 0.01644200
v -0.00604900 -0.01250000 0.01670500
v -0.00604900 -0.01150000 0.01670500
v -0.00617500 -0.01250000 0.01697400
v -0.00617500 -0.01150000 0.01697400
v -0.00628900 -0.01250000 0.01724900
v -0.00628900 -0.01150000 0.01724900
v -0.00639100 -0.01250000 0.01752800
v -0.00639100 -0.01150000 0.01752800
v -0.00648000 -0.01250000 0.01781100
v -0.00648000 -0.01150000 0.01781100
v -0.00655700 -0.01250000 0.01809800
v -0.00655700 -0.01150000 0.01809800
v -0.00662100 -0.01250000 0.01838800
v -0.00662100 -0.01150000 0.01838800
v -0.00667300 -0.01250000 0.01868100
v -0.00667300 -0.01150000 0.01868100
v -0.00671100 -0.01250000 0.01897600
v -0.00671100 -0.01150000 0.01897600
v -0.00673600 -0.01250000 0.01927200
v -0.00673600 -0.01150000 0.01927200
v -0.00674900 -0.01250000 0.01956800
v -0.00674900 -0.01150000 0.01956800
v -0.00674800 -0.01250000 0.01986600
v -0.00674800 -0.01150000 0.01986600
v -0.00673400 -0.01250000 0.02016200
v -0.00673400 -0.01150000 0.02016200
v -0.00670700 -0.01250000 0.02045800
v -0.00670700 -0.01150000 0.02045800
v -0.00666700 -0.01250000 0.02075300
v -0.00666700 -0.01150000 0.02075300
v -0.00661500 -0.01250000 0.02104500
v -0.00661500 -0.01150000 0.02104500
v -0.00654900 -0.01250000 0.02133500
v -0.00654900 -0.01150000 0.02133500
v -0.00647100 -0.01250000 0.02162200
v -0.00647100 -0.01150000 0.02162200
v -0.00638000 -0.01250000 0.02190400
v -0.00638000 -0.01150000 0.02190400
v -0.00627700 -0.01250000 0.02218300
v -0.00627700 -0.01150000 0.02218300
v -0.00616100 -0.01250000 0.02245700
v -0.00616100 -0.01150000 0.02245700
v -0.00603400 -0.01250000 0.02272500
v -0.00603400 -0.01150000 0.02272500
v -0.00589500 -0.01250000 0.02298800
v -0.00589500 -0.01150000 0.02298800
v -0.00574500 -0.01250000 0.02324400
v -0.00574500 -0.01150000 0.02324400
v -0.00558300 -0.01250000 0.02349400
v -0.00558300 -0.01150000 0.02349400
v -0.00541100 -0.01250000 0.02373600
v -0.00541100 -0.01150000 0.02373600
v -0.00522800 -0.01250000 0.02397000
v -0.00522800 -0.01150000 0.02397000
v -0.00503500 -0.01250000 0.02419600
v -0.00503500 -0.01150000 0.02419600
v -0.00483200 -0.01250000 0.02441300
v -0.00483200 -0.01150000 0.02441300
v -0.00462000 -0.01250000 0.02462100
v -0.00462000 -0.01150000 0.02462100
v -0.00439900 -0.01250000 0.02482000
v -0.00439900 -0.01150000 0.02482000
v -0.00417000 -0.01250000 0.02500800
v -0.00417000 -0.01150000 0.02500800
v -0.00393200 -0.01250000 0.02518700
v -0.00393200 -0.01150000 0.02518700
v -0.00368700 -0.01250000 0.02535400
v -0.00368700 -0.01150000 0.02535400
v -0.00343400 -0.01250000 0.02551100
v -0.00343400 -0.01150000 0.02551100
v -0.00317500 -0.01250000 0.02565700
v -0.00317500 -0.01150000 0.02565700
v -0.00291000 -0.01250000 0.02579100
v -0.00291000 -0.01150000 0.02579100
v -0.00263900 -0.01250000 0.02591300
v -0.00263900 -0.01150000 0.02591300
v 0.00007100 -0.01150000 0.01295000
v 0.00036500 -0.01150000 0.01296000
v 0.00007100 -0.01250000 0.01295000
v 0.00036500 -0.01250000 0.01296000
v 0.00065700 -0.01150000 0.01298200
v 0.00065700 -0.01250000 0.01298200
v 0.00094900 -0.01150000 0.01301700
v 0.00094900 -0.01250000 0.01301700
v 0.00123900 -0.01150000 0.01306500
v 0.00123900 -0.01250000 0.01306500
v 0.00152600 -0.01150000 0.01312500
v 0.00152600 -0.01250000 0.01312500
v 0.00181100 -0.01150000 0.01319700
v 0.00181100 -0.01250000 0.01319700
v 0.00209200 -0.01150000 0.01328200
v 0.00209200 -0.01250000 0.01328200
v 0.00236900 -0.01150000 0.01337900
v 0.00236900 -0.01250000 0.01337900
v 0.00264200 -0.01150000 0.01348800
v 0.00264200 -0.01250000 0.01348800
v 0.00290900 -0.01150000 0.01360900
v 0.00290900 -0.01250000 0.01360900
v 0.00317100 -0.01150000 0.01374100
v 0.00317100 -0.01250000 0.01374100
v 0.00342700 -0.01150000 0.01388500
v 0.00342700 -0.01250000 0.01388500
v 0.00367700 -0.01150000 0.01404000
v 0.00367700 -0.01250000 0.01404000
v 0.00392000 -0.01150000 0.01420500
v 0.00392000 -0.01250000 0.01420500
v 0.00415500 -0.01150000 0.01438000
v 0.00415500 -0.01250000 0.01438000
v 0.00438300 -0.01150000 0.01456600
v 0.00438300 -0.01250000 0.01456600
v 0.00460200 -0.01150000 0.01476200
v 0.00460200 -0.01250000 0.01476200
v 0.00481200 -0.01150000 0.01496600
v 0.00481200 -0.01250000 0.01496600
v 0.00501300 -0.01150000 0.01518000
v 0.00501300 -0.01250000 0.01518000
v 0.00520500 -0.01150000 0.01540200
v 0.00520500 -0.01250000 0.01540200
v 0.00538700 -0.01150000 0.01563300
v 0.00538700 -0.01250000 0.01563300
v 0.00555900 -0.01150000 0.01587100
v 0.00555900 -0.01250000 0.01587100
v 0.00572000 -0.01150000 0.01611600
v 0.00572000 -0.01250000 0.01611600
v 0.00587100 -0.01150000 0.01636900
v 0.00587100 -0.01250000 0.01636900
v 0.00601000 -0.01150000 0.01662700
v 0.00601000 -0.01250000 0.01662700
v 0.00613800 -0.01150000 0.01689100
v 0.00613800 -0.01250000 0.01689100
v 0.00625400 -0.01150000 0.01716100
v 0.00625400 -0.01250000 0.01716100
v 0.00635900 -0.01150000 0.01743500
v 0.00635900 -0.01250000 0.01743500
v 0.00645100 -0.01150000 0.01771400
v 0.00645100 -0.01250000 0.01771400
v 0.00653200 -0.01150000 0.01799600
v 0.00653200 -0.01250000 0.01799600
v 0.00659900 -0.01150000 0.01828200
v 0.00659900 -0.01250000 0.01828200
v 0.00665500 -0.01150000 0.01857100
v 0.00665500 -0.01250000 0.01857100
v 0.00669800 -0.01150000 0.01886100
v 0.00669800 -0.01250000 0.01886100
v 0.00672800 -0.01150000 0.01915300
v 0.00672800 -0.01250000 0.01915300
v 0.00674500 -0.01150000 0.01944600
v 0.00674500 -0.01250000 0.01944600
v -0.00680000 -0.01250000 0.02600000
v -0.00699600 -0.01250000 0.02599400
v -0.00680000 -0.01450000 0.02600000
v -0.00699600 -0.01450000 0.02599400
v -0.00719200 -0.01250000 0.02597400
v -0.00719200 -0.01450000 0.02597400
v -0.00738500 -0.01250000 0.02594200
v -0.00738500 -0.01450000 0.02594200
v -0.00757600 -0.01250000 0.02589800
v -0.00757600 -0.01450000 0.02589800
v -0.00776400 -0.01250000 0.02584100
v -0.00776400 -0.01450000 0.02584100
v -0.00794800 -0.01250000 0.02577200
v -0.00794800 -0.01450000 0.02577200
v -0.00812700 -0.01250000 0.02569100
v -0.00812700 -0.01450000 0.02569100
v -0.00830000 -0.01250000 0.02559800
v -0.00830000 -0.01450000 0.02559800
v -0.00846700 -0.01250000 0.02549400
v -0.00846700 -0.01450000 0.02549400
v -0.00862600 -0.01250000 0.02538000
v -0.00862600 -0.01450000 0.02538000
v -0.00877800 -0.01250000 0.02525600
v -0.00877800 -0.01450000 0.02525600
v -0.00892100 -0.01250000 0.02512100
v -0.00892100 -0.01450000 0.02512100
v -0.00905600 -0.01250000 0.02497800
v -0.00905600 -0.01450000 0.02497800
v -0.00918000 -0.01250000 0.02482600
v -0.00918000 -0.01450000 0.02482600
v -0.00929400 -0.01250000 0.02466700
v -0.00929400 -0.01450000 0.02466700
v -0.00939800 -0.01250000 0.02450000
v -0.00939800 -0.01450000 0.02450000
v -0.00949100 -0.01250000 0.02432700
v -0.00949100 -0.01450000 0.02432700
v -0.00957200 -0.01250000 0.02414800
v -0.00957200 -0.01450000 0.02414800
v -0.00964100 -0.01250000 0.02396400
v -0.00964100 -0.01450000 0.02396400
v -0.00969800 -0.01250000 0.02377600
v -0.00969800 -0.01450000 0.02377600
v -0.00974200 -0.01250000 0.02358500
v -0.00974200 -0.01450000 0.02358500
v -0.00977400 -0.01250000 0.02339200
v -0.00977400 -0.01450000 0.02339200
v -0.00979400 -0.01250000 0.02319600
v -0.00979400 -0.01450000 0.02319600
v -0.00980000 -0.01450000 0.02300000
v -0.00980000 -0.01250000 0.02300000
v -0.00980000 -0.01250000 0.00430000
v -0.00980000 -0.01450000 0.00000000
v 0.00670300 -0.01150000 0.01969000
v 0.00574300 -0.01150000 0.01941900
v 0.00572300 -0.01150000 0.01914600
v 0.00569000 -0.01150000 0.01887500
v 0.00564500 -0.01150000 0.01860500
v 0.00558600 -0.01150000 0.01833800
v 0.00551500 -0.01150000 0.01807400
v 0.00543200 -0.01150000 0.01781400
v 0.00533600 -0.01150000 0.01755700
v 0.00522800 -0.01150000 0.01730600
v 0.00510800 -0.01150000 0.01706000
v 0.00497700 -0.01150000 0.01682000
v 0.00483400 -0.01150000 0.01658700
v 0.00468100 -0.01150000 0.01636100
v 0.00451700 -0.01150000 0.01614200
v 0.00434300 -0.01150000 0.01593100
v 0.00415900 -0.01150000 0.01572900
v 0.00396500 -0.01150000 0.01553600
v 0.00376300 -0.01150000 0.01535200
v 0.00355200 -0.01150000 0.01517800
v 0.00333300 -0.01150000 0.01501400
v 0.00310600 -0.01150000 0.01486100
v 0.00287300 -0.01150000 0.01471900
v 0.00263300 -0.01150000 0.01458800
v 0.00238700 -0.01150000 0.01446900
v 0.00213500 -0.01150000 0.01436100
v 0.00187900 -0.01150000 0.01426600
v 0.00161900 -0.01150000 0.01418200
v 0.00135500 -0.01150000 0.01411200
v 0.00108700 -0.01150000 0.01405400
v 0.00081800 -0.01150000 0.01400800
v 0.00054600 -0.01150000 0.01397600
v 0.00027300 -0.01150000 0.01395600
v 0.00000000 -0.01150000 0.01395000
v -0.00027300 -0.01150000 0.01395600
v -0.00054600 -0.01150000 0.01397600
v -0.00081800 -0.01150000 0.01400800
v -0.00108700 -0.01150000 0.01405400
v -0.00135400 -0.01150000 0.01411200
v -0.00161900 -0.01150000 0.01418200
v -0.00187900 -0.01150000 0.01426600
v -0.00213500 -0.01150000 0.01436100
v -0.00238700 -0.01150000 0.01446900
v -0.00263300 -0.01150000 0.01458800
v -0.00287300 -0.01150000 0.01471900
v -0.00310600 -0.01150000 0.01486100
v -0.00333300 -0.01150000 0.01501400
v -0.00355200 -0.01150000 0.01517800
v -0.00376300 -0.01150000 0.01535200
v -0.00396500 -0.01150000 0.01553600
v -0.00415900 -0.01150000 0.01572900
v -0.00434300 -0.01150000 0.01593100
v -0.00451700 -0.01150000 0.01614200
v -0.00468100 -0.01150000 0.01636100
v -0.00483400 -0.01150000 0.01658700
v -0.00497700 -0.01150000 0.01682000
v -0.00510800 -0.01150000 0.01706000
v -0.00522800 -0.01150000 0.01730600
v -0.00533600 -0.01150000 0.01755700
v -0.00543200 -0.01150000 0.01781300
v -0.00551500 -0.01150000 0.01807400
v -0.00558600 -0.01150000 0.01833800
v -0.00564500 -0.01150000 0.01860500
v -0.00569000 -0.01150000 0.01887400
v -0.00572300 -0.01150000 0.01914600
v -0.00574300 -0.01150000 0.01941900
v -0.00575000 -0.01150000 0.01969200
v -0.00574400 -0.01150000 0.01996500
v -0.00572500 -0.01150000 0.02023800
v -0.00569300 -0.01150000 0.02051000
v -0.00564800 -0.01150000 0.02077900
v -0.00559000 -0.01150000 0.02104700
v -0.00552000 -0.01150000 0.02131100
v -0.00543700 -0.01150000 0.02157200
v -0.00534200 -0.01150000 0.02182800
v -0.00523500 -0.01150000 0.02207900
v -0.00511600 -0.01150000 0.02232600
v -0.00498500 -0.01150000 0.02256600
v -0.00484300 -0.01150000 0.02280000
v -0.00469000 -0.01150000 0.02302600
v -0.00452700 -0.01150000 0.02324500
v -0.00435300 -0.01150000 0.02345700
v -0.00417000 -0.01150000 0.02365900
v -0.00397700 -0.01150000 0.02385300
v -0.00377500 -0.01150000 0.02403700
v -0.00356400 -0.01150000 0.02421200
v -0.00334600 -0.01150000 0.02437600
v -0.00312000 -0.01150000 0.02453000
v -0.00288700 -0.01150000 0.02467300
v -0.00264700 -0.01150000 0.02480500
v -0.00240100 -0.01150000 0.02492500
v -0.00215000 -0.01150000 0.02503300
v -0.00224200 -0.01150000 0.02586200
v -0.00189400 -0.01150000 0.02512900
v -0.00184700 -0.01150000 0.02580100
v -0.00163400 -0.01150000 0.02521300
v -0.00145400 -0.01150000 0.02572800
v -0.00137000 -0.01150000 0.02528400
v -0.00110300 -0.01150000 0.02534300
v -0.00106300 -0.01150000 0.02564400
v -0.00083300 -0.01150000 0.02538900
v -0.00067500 -0.01150000 0.02554900
v -0.00056200 -0.01150000 0.02542200
v -0.00028900 -0.01150000 0.02544300
v 0.00575000 -0.01150000 0.01969200
v 0.00664800 -0.01150000 0.01993100
v 0.00574400 -0.01150000 0.01996600
v 0.00658200 -0.01150000 0.02017000
v 0.00572500 -0.01150000 0.02023800
v 0.00650300 -0.01150000 0.02040400
v 0.00641400 -0.01150000 0.02063500
v 0.00569300 -0.01150000 0.02051000
v 0.00631300 -0.01150000 0.02086100
v 0.00564800 -0.01150000 0.02078000
v 0.00620100 -0.01150000 0.02108200
v 0.00559000 -0.01150000 0.02104700
v 0.00607800 -0.01150000 0.02129600
v 0.00552000 -0.01150000 0.02131100
v 0.00594500 -0.01150000 0.02150500
v 0.00580100 -0.01150000 0.02170700
v 0.00543700 -0.01150000 0.02157200
v 0.00564800 -0.01150000 0.02190100
v 0.00534200 -0.01150000 0.02182800
v 0.00548500 -0.01150000 0.02208700
v 0.00523500 -0.01150000 0.02208000
v 0.00531400 -0.01150000 0.02226600
v 0.00511600 -0.01150000 0.02232600
v 0.00513300 -0.01150000 0.02243500
v 0.00508400 -0.01150000 0.02247900
v 0.00503500 -0.01150000 0.02252200
v 0.00498500 -0.01150000 0.02256600
v 0.00680000 -0.01250000 0.00530000
v 0.00680000 -0.01250000 0.01870800
v 0.00680600 -0.01250000 0.00518800
v 0.00682500 -0.01250000 0.00507700
v 0.00685600 -0.01250000 0.00497000
v 0.00689900 -0.01250000 0.00486600
v 0.00695300 -0.01250000 0.00476800
v 0.00701800 -0.01250000 0.00467700
v 0.00709300 -0.01250000 0.00459300
v 0.00717700 -0.01250000 0.00451800
v 0.00726800 -0.01250000 0.00445300
v 0.00736600 -0.01250000 0.00439900
v 0.00747000 -0.01250000 0.00435600
v 0.00757700 -0.01250000 0.00432500
v 0.00768800 -0.01250000 0.00430600
v 0.00780000 -0.01250000 0.00430000
v -0.00420000 -0.01250000 0.02600000
v -0.00380900 -0.01250000 0.02599400
v -0.00341800 -0.01250000 0.02597800
v -0.00302800 -0.01250000 0.02595100
v 0.00679400 -0.01250000 0.01895500
v 0.00677600 -0.01250000 0.01920100
v 0.00680000 -0.01450000 0.00530000
v 0.00680000 -0.01450000 0.01870800
v 0.00016100 -0.01450000 0.02169400
v 0.00580100 -0.01450000 0.02170700
v 0.00000000 -0.01450000 0.02170000
v 0.00564800 -0.01450000 0.02190100
v 0.00548500 -0.01450000 0.02208800
v 0.00032100 -0.01450000 0.02167400
v 0.00047900 -0.01450000 0.02164200
v 0.00063300 -0.01450000 0.02159700
v 0.00078400 -0.01450000 0.02154000
v 0.00092900 -0.01450000 0.02147100
v 0.00106900 -0.01450000 0.02139000
v 0.00120100 -0.01450000 0.02129900
v 0.00132600 -0.01450000 0.02119700
v 0.00144200 -0.01450000 0.02108500
v 0.00154900 -0.01450000 0.02096500
v 0.00164600 -0.01450000 0.02083600
v 0.00173200 -0.01450000 0.02070000
v 0.00180700 -0.01450000 0.02055700
v 0.00187000 -0.01450000 0.02040900
v 0.00192100 -0.01450000 0.02025600
v 0.00196000 -0.01450000 0.02010000
v 0.00198500 -0.01450000 0.01994100
v 0.00199800 -0.01450000 0.01978000
v 0.00199800 -0.01450000 0.01962000
v 0.00594400 -0.01450000 0.02150500
v 0.00607800 -0.01450000 0.02129700
v 0.00620000 -0.01450000 0.02108200
v 0.00631200 -0.01450000 0.02086200
v 0.00198500 -0.01450000 0.01945900
v 0.00641300 -0.01450000 0.02063600
v 0.00650300 -0.01450000 0.02040500
v 0.00658100 -0.01450000 0.02017100
v 0.00664800 -0.01450000 0.01993200
v 0.00670200 -0.01450000 0.01969100
v 0.00674500 -0.01450000 0.01944800
v 0.00677600 -0.01450000 0.01920200
v 0.00679400 -0.01450000 0.01895600
v 0.00196000 -0.01450000 0.01930000
v 0.00192100 -0.01450000 0.01914400
v 0.00187000 -0.01450000 0.01899100
v 0.00180700 -0.01450000 0.01884300
v 0.00173200 -0.01450000 0.01870000
v 0.00164600 -0.01450000 0.01856400
v 0.00154900 -0.01450000 0.01843500
v 0.00144200 -0.01450000 0.01831400
v 0.00132600 -0.01450000 0.01820300
v 0.00120100 -0.01450000 0.01810100
v 0.00106900 -0.01450000 0.01801000
v 0.00092900 -0.01450000 0.01792900
v 0.00078400 -0.01450000 0.01786000
v 0.00063300 -0.01450000 0.01780300
v 0.00047900 -0.01450000 0.01775800
v 0.00032100 -0.01450000 0.01772600
v 0.00016100 -0.01450000 0.01770600
v 0.00000000 -0.01450000 0.01770000
v -0.00016100 -0.01450000 0.01770600
v -0.00737900 -0.01450000 0.00417400
v -0.00032100 -0.01450000 0.01772600
v -0.00047900 -0.01450000 0.01775800
v -0.00063300 -0.01450000 0.01780300
v -0.00078400 -0.01450000 0.01786000
v -0.00092900 -0.01450000 0.01792900
v -0.00106900 -0.01450000 0.01801000
v -0.00120100 -0.01450000 0.01810100
v -0.00132600 -0.01450000 0.01820300
v -0.00144200 -0.01450000 0.01831400
v -0.00154900 -0.01450000 0.01843500
v -0.00164600 -0.01450000 0.01856400
v -0.00173200 -0.01450000 0.01870000
v -0.00753900 -0.01450000 0.00419400
v -0.00770000 -0.01450000 0.00420000
v -0.00180700 -0.01450000 0.01884300
v -0.00187000 -0.01450000 0.01899100
v -0.00192100 -0.01450000 0.01914400
v -0.00196000 -0.01450000 0.01930000
v -0.00198500 -0.01450000 0.01945900
v -0.00199800 -0.01450000 0.01962000
v -0.00199800 -0.01450000 0.01978000
v -0.00198500 -0.01450000 0.01994100
v -0.00196000 -0.01450000 0.02010000
v -0.00420000 -0.01450000 0.02600000
v -0.00192100 -0.01450000 0.02025600
v -0.00187000 -0.01450000 0.02040900
v -0.00180700 -0.01450000 0.02055700
v -0.00377400 -0.01450000 0.02599400
v -0.00173200 -0.01450000 0.02070000
v -0.00334900 -0.01450000 0.02597400
v -0.00164600 -0.01450000 0.02083600
v -0.00292500 -0.01450000 0.02594200
v -0.00154900 -0.01450000 0.02096500
v -0.00250200 -0.01450000 0.02589700
v -0.00144200 -0.01450000 0.02108500
v -0.00132600 -0.01450000 0.02119700
v -0.00208000 -0.01450000 0.02583800
v -0.00120100 -0.01450000 0.02129900
v -0.00166000 -0.01450000 0.02576800
v -0.00106900 -0.01450000 0.02139000
v -0.00124300 -0.01450000 0.02568400
v -0.00092900 -0.01450000 0.02147100
v -0.00078400 -0.01450000 0.02154000
v -0.00082800 -0.01450000 0.02558800
v -0.00063300 -0.01450000 0.02159700
v -0.00041700 -0.01450000 0.02547900
v -0.00047900 -0.01450000 0.02164200
v -0.00032100 -0.01450000 0.02167400
v -0.00000900 -0.01450000 0.02535800
v -0.00016100 -0.01450000 0.02169400
v 0.00039600 -0.01450000 0.02522400
v 0.00079600 -0.01450000 0.02507800
v 0.00119100 -0.01450000 0.02492000
v 0.00158100 -0.01450000 0.02475100
v 0.00196600 -0.01450000 0.02456900
v 0.00234500 -0.01450000 0.02437600
v 0.00271900 -0.01450000 0.02417100
v 0.00308500 -0.01450000 0.02395500
v 0.00344500 -0.01450000 0.02372800
v 0.00379800 -0.01450000 0.02349000
v 0.00414400 -0.01450000 0.02324200
v 0.00448200 -0.01450000 0.02298300
v 0.00481200 -0.01450000 0.02271400
v 0.00513300 -0.01450000 0.02243500
v 0.00531400 -0.01450000 0.02226600
v -0.00722100 -0.01450000 0.00414200
v 0.00709300 -0.01450000 0.00459300
v 0.00701800 -0.01450000 0.00467700
v 0.00695300 -0.01450000 0.00476800
v -0.00706700 -0.01450000 0.00409700
v -0.00691600 -0.01450000 0.00404000
v -0.00677100 -0.01450000 0.00397100
v -0.00663100 -0.01450000 0.00389000
v -0.00649900 -0.01450000 0.00379900
v -0.00637400 -0.01450000 0.00369700
v -0.00625800 -0.01450000 0.00358500
v 0.00625800 -0.01450000 0.00358500
v 0.00637400 -0.01450000 0.00369700
v 0.00615100 -0.01450000 0.00346500
v -0.00615100 -0.01450000 0.00346500
v 0.00605400 -0.01450000 0.00333600
v -0.00605400 -0.01450000 0.00333600
v 0.00596800 -0.01450000 0.00320000
v -0.00596800 -0.01450000 0.00320000
v 0.00589300 -0.01450000 0.00305700
v -0.00589300 -0.01450000 0.00305700
v 0.00583000 -0.01450000 0.00290900
v -0.00583000 -0.01450000 0.00290900
v 0.00577900 -0.01450000 0.00275600
v -0.00577900 -0.01450000 0.00275600
v 0.00574000 -0.01450000 0.00260000
v -0.00574000 -0.01450000 0.00260000
v 0.00571500 -0.01450000 0.00244100
v -0.00571500 -0.01450000 0.00244100
v 0.00570200 -0.01450000 0.00228100
v -0.00570200 -0.01450000 0.00228100
v 0.00570200 -0.01450000 0.00211900
v -0.00570200 -0.01450000 0.00211900
v 0.00571500 -0.01450000 0.00195900
v -0.00571500 -0.01450000 0.00195900
v 0.00574000 -0.01450000 0.00180000
v -0.00574000 -0.01450000 0.00180000
v 0.00577900 -0.01450000 0.00164400
v -0.00577900 -0.01450000 0.00164400
v 0.00583000 -0.01450000 0.00149100
v -0.00583000 -0.01450000 0.00149100
v 0.00589300 -0.01450000 0.00134300
v -0.00589300 -0.01450000 0.00134300
v 0.00596800 -0.01450000 0.00120000
v -0.00596800 -0.01450000 0.00120000
v 0.00605400 -0.01450000 0.00106400
v -0.00605400 -0.01450000 0.00106400
v 0.00615100 -0.01450000 0.00093500
v -0.00615100 -0.01450000 0.00093500
v 0.00625800 -0.01450000 0.00081500
v -0.00625800 -0.01450000 0.00081500
v 0.00637400 -0.01450000 0.00070300
v -0.00637400 -0.01450000 0.00070300
v 0.00649900 -0.01450000 0.00060100
v -0.00649900 -0.01450000 0.00060100
v 0.00663100 -0.01450000 0.00051000
v -0.00663100 -0.01450000 0.00051000
v 0.00677100 -0.01450000 0.00042900
v -0.00677100 -0.01450000 0.00042900
v 0.00691600 -0.01450000 0.00036000
v -0.00691600 -0.01450000 0.00036000
v 0.00706700 -0.01450000 0.00030300
v -0.00706700 -0.01450000 0.00030300
v 0.00722100 -0.01450000 0.00025800
v -0.00722100 -0.01450000 0.00025800
v 0.00737900 -0.01450000 0.00022600
v -0.00737900 -0.01450000 0.00022600
v 0.00753900 -0.01450000 0.00020600
v -0.00753900 -0.01450000 0.00020600
v 0.00770000 -0.01450000 0.00020000
v -0.00770000 -0.01450000 0.00020000
v 0.00980000 -0.01450000 0.00000000
v -0.00786100 -0.01450000 0.00020600
v -0.00802100 -0.01450000 0.00022600
v -0.00817900 -0.01450000 0.00025800
v -0.00833300 -0.01450000 0.00030300
v -0.00848400 -0.01450000 0.00036000
v -0.00862900 -0.01450000 0.00042900
v -0.00876900 -0.01450000 0.00051000
v -0.00890100 -0.01450000 0.00060100
v -0.00902600 -0.01450000 0.00070300
v -0.00914200 -0.01450000 0.00081500
v -0.00924900 -0.01450000 0.00093500
v -0.00934600 -0.01450000 0.00106400
v -0.00943200 -0.01450000 0.00120000
v -0.00950700 -0.01450000 0.00134300
v -0.00957000 -0.01450000 0.00149100
v -0.00962100 -0.01450000 0.00164400
v -0.00966000 -0.01450000 0.00180000
v -0.00968500 -0.01450000 0.00195900
v -0.00969800 -0.01450000 0.00211900
v -0.00969800 -0.01450000 0.00228100
v -0.00968500 -0.01450000 0.00244100
v -0.00966000 -0.01450000 0.00260000
v -0.00962100 -0.01450000 0.00275600
v -0.00957000 -0.01450000 0.00290900
v -0.00950700 -0.01450000 0.00305700
v -0.00943200 -0.01450000 0.00320000
v -0.00934600 -0.01450000 0.00333600
v -0.00924900 -0.01450000 0.00346500
v -0.00914200 -0.01450000 0.00358500
v -0.00902600 -0.01450000 0.00369700
v -0.00890100 -0.01450000 0.00379900
v -0.00876900 -0.01450000 0.00389000
v -0.00862900 -0.01450000 0.00397100
v -0.00848400 -0.01450000 0.00404000
v -0.00833300 -0.01450000 0.00409700
v -0.00817900 -0.01450000 0.00414200
v -0.00802100 -0.01450000 0.00417400
v -0.00786100 -0.01450000 0.00419400
v 0.00786100 -0.01450000 0.00419400
v 0.00780000 -0.01450000 0.00430000
v 0.00770000 -0.01450000 0.00420000
v 0.00768800 -0.01450000 0.00430600
v 0.00757700 -0.01450000 0.00432500
v 0.00802100 -0.01450000 0.00417400
v 0.00817900 -0.01450000 0.00414200
v 0.00980000 -0.01450000 0.00430000
v 0.00833300 -0.01450000 0.00409700
v 0.00848400 -0.01450000 0.00404000
v 0.00862900 -0.01450000 0.00397100
v 0.00876900 -0.01450000 0.00389000
v 0.00890100 -0.01450000 0.00379900
v 0.00902600 -0.01450000 0.00369700
v 0.00914200 -0.01450000 0.00358500
v 0.00924900 -0.01450000 0.00346500
v 0.00934600 -0.01450000 0.00333600
v 0.00943200 -0.01450000 0.00320000
v 0.00950700 -0.01450000 0.00305700
v 0.00957000 -0.01450000 0.00290900
v 0.00962100 -0.01450000 0.00275600
v 0.00966000 -0.01450000 0.00260000
v 0.00968500 -0.01450000 0.00244100
v 0.00969800 -0.01450000 0.00228100
v 0.00969800 -0.01450000 0.00211900
v 0.00968500 -0.01450000 0.00195900
v 0.00966000 -0.01450000 0.00180000
v 0.00962100 -0.01450000 0.00164400
v 0.00957000 -0.01450000 0.00149100
v 0.00950700 -0.01450000 0.00134300
v 0.00943200 -0.01450000 0.00120000
v 0.00934600 -0.01450000 0.00106400
v 0.00924900 -0.01450000 0.00093500
v 0.00914200 -0.01450000 0.00081500
v 0.00902600 -0.01450000 0.00070300
v 0.00890100 -0.01450000 0.00060100
v 0.00876900 -0.01450000 0.00051000
v 0.00862900 -0.01450000 0.00042900
v 0.00848400 -0.01450000 0.00036000
v 0.00833300 -0.01450000 0.00030300
v 0.00817900 -0.01450000 0.00025800
v 0.00802100 -0.01450000 0.00022600
v 0.00786100 -0.01450000 0.00020600
v 0.00649900 -0.01450000 0.00379900
v 0.00663100 -0.01450000 0.00389000
v 0.00677100 -0.01450000 0.00397100
v 0.00691600 -0.01450000 0.00404000
v 0.00706700 -0.01450000 0.00409700
v 0.00717700 -0.01450000 0.00451800
v 0.00722100 -0.01450000 0.00414200
v 0.00737900 -0.01450000 0.00417400
v 0.00753900 -0.01450000 0.00419400
v 0.00726800 -0.01450000 0.00445300
v 0.00736600 -0.01450000 0.00439900
v 0.00747000 -0.01450000 0.00435600
v 0.00689900 -0.01450000 0.00486600
v 0.00685600 -0.01450000 0.00497000
v 0.00682500 -0.01450000 0.00507700
v 0.00680600 -0.01450000 0.00518800
v -0.00749900 -0.01110000 0.00323100
v -0.00761300 -0.01110000 0.00324600
v -0.00772900 -0.01110000 0.00325000
v 0.00874800 -0.01110000 0.00214200
v 0.00874800 -0.01110000 0.00225800
v 0.00873600 -0.01110000 0.00237300
v -0.00749900 -0.01110000 0.00116900
v 0.00744200 -0.01110000 0.00118200
v 0.00755600 -0.01110000 0.00116000
v -0.00875000 -0.01110000 0.00220000
v -0.00874400 -0.01110000 0.00208400
v -0.00872500 -0.01110000 0.00197000
v -0.00869300 -0.01110000 0.00185900
v -0.00865000 -0.01110000 0.00175200
v -0.00859500 -0.01110000 0.00165000
v -0.00852900 -0.01110000 0.00155500
v -0.00845300 -0.01110000 0.00146800
v -0.00836800 -0.01110000 0.00138900
v -0.00827400 -0.01110000 0.00132100
v -0.00817400 -0.01110000 0.00126300
v -0.00806800 -0.01110000 0.00121700
v -0.00795800 -0.01110000 0.00118200
v -0.00784400 -0.01110000 0.00116000
v -0.00772900 -0.01110000 0.00115000
v -0.00761300 -0.01110000 0.00115400
v -0.00738700 -0.01110000 0.00119800
v 0.00733200 -0.01110000 0.00121700
v -0.00727800 -0.01110000 0.00123800
v 0.00722600 -0.01110000 0.00126300
v -0.00717500 -0.01110000 0.00129100
v 0.00712600 -0.01110000 0.00132100
v -0.00707800 -0.01110000 0.00135400
v 0.00703200 -0.01110000 0.00138900
v -0.00698900 -0.01110000 0.00142700
v 0.00694700 -0.01110000 0.00146800
v -0.00690800 -0.01110000 0.00151000
v 0.00687100 -0.01110000 0.00155500
v -0.00683700 -0.01110000 0.00160200
v 0.00680500 -0.01110000 0.00165000
v -0.00677700 -0.01110000 0.00170000
v 0.00675000 -0.01110000 0.00175200
v -0.00672700 -0.01110000 0.00180500
v 0.00670700 -0.01110000 0.00185900
v -0.00669000 -0.01110000 0.00191400
v 0.00667500 -0.01110000 0.00197000
v -0.00666400 -0.01110000 0.00202700
v 0.00665600 -0.01110000 0.00208400
v -0.00665200 -0.01110000 0.00214200
v 0.00665000 -0.01110000 0.00220000
v -0.00665200 -0.01110000 0.00225800
v 0.00665600 -0.01110000 0.00231600
v -0.00666400 -0.01110000 0.00237300
v 0.00667500 -0.01110000 0.00243000
v -0.00669000 -0.01110000 0.00248600
v 0.00670700 -0.01110000 0.00254100
v -0.00672700 -0.01110000 0.00259500
v 0.00675000 -0.01110000 0.00264800
v -0.00677700 -0.01110000 0.00270000
v 0.00680500 -0.01110000 0.00275000
v -0.00683700 -0.01110000 0.00279800
v 0.00687100 -0.01110000 0.00284500
v -0.00690800 -0.01110000 0.00289000
v 0.00694700 -0.01110000 0.00293200
v -0.00698900 -0.01110000 0.00297300
v 0.00703200 -0.01110000 0.00301100
v -0.00707800 -0.01110000 0.00304600
v 0.00712600 -0.01110000 0.00307900
v -0.00717500 -0.01110000 0.00310900
v 0.00722600 -0.01110000 0.00313700
v -0.00727800 -0.01110000 0.00316200
v 0.00733200 -0.01110000 0.00318300
v -0.00738700 -0.01110000 0.00320200
v 0.00744200 -0.01110000 0.00321800
v -0.00784400 -0.01110000 0.00324000
v -0.00795800 -0.01110000 0.00321800
v -0.00806800 -0.01110000 0.00318300
v -0.00817400 -0.01110000 0.00313700
v -0.00827400 -0.01110000 0.00307900
v -0.00836800 -0.01110000 0.00301100
v -0.00845300 -0.01110000 0.00293200
v -0.00852900 -0.01110000 0.00284500
v -0.00859500 -0.01110000 0.00275000
v -0.00865000 -0.01110000 0.00264800
v -0.00869300 -0.01110000 0.00254100
v -0.00872500 -0.01110000 0.00243000
v -0.00874400 -0.01110000 0.00231600
v 0.00767100 -0.01110000 0.00115000
v 0.00778700 -0.01110000 0.00115400
v 0.00790100 -0.01110000 0.00116900
v 0.00801300 -0.01110000 0.00119800
v 0.00812200 -0.01110000 0.00123800
v 0.00822500 -0.01110000 0.00129100
v 0.00832200 -0.01110000 0.00135400
v 0.00841100 -0.01110000 0.00142700
v 0.00849200 -0.01110000 0.00151000
v 0.00856300 -0.01110000 0.00160200
v 0.00862300 -0.01110000 0.00170000
v 0.00867300 -0.01110000 0.00180500
v 0.00871000 -0.01110000 0.00191400
v 0.00873600 -0.01110000 0.00202700
v 0.00871000 -0.01110000 0.00248600
v 0.00867300 -0.01110000 0.00259500
v 0.00862300 -0.01110000 0.00270000
v 0.00856300 -0.01110000 0.00279800
v 0.00849200 -0.01110000 0.00289000
v 0.00841100 -0.01110000 0.00297300
v 0.00832200 -0.01110000 0.00304600
v 0.00822500 -0.01110000 0.00310900
v 0.00812200 -0.01110000 0.00316200
v 0.00801300 -0.01110000 0.00320200
v 0.00790100 -0.01110000 0.00323100
v 0.00778700 -0.01110000 0.00324600
v 0.00767100 -0.01110000 0.00325000
v 0.00755600 -0.01110000 0.00324000
v -0.00028900 -0.01210000 0.02544300
v 0.00009700 -0.01210000 0.02532400
v 0.00047900 -0.01210000 0.02519500
v 0.00085700 -0.01210000 0.02505500
v 0.00123200 -0.01210000 0.02490300
v 0.00160100 -0.01210000 0.02474100
v 0.00196600 -0.01210000 0.02456900
v 0.00232600 -0.01210000 0.02438600
v 0.00268000 -0.01210000 0.02419300
v 0.00302900 -0.01210000 0.02398900
v 0.00337200 -0.01210000 0.02377600
v 0.00370800 -0.01210000 0.02355300
v 0.00403800 -0.01210000 0.02332000
v 0.00436100 -0.01210000 0.02307800
v 0.00467600 -0.01210000 0.02282600
v 0.00498500 -0.01210000 0.02256600
v 0.00511600 -0.01210000 0.02232600
v 0.00523500 -0.01210000 0.02208000
v 0.00534200 -0.01210000 0.02182800
v 0.00543700 -0.01210000 0.02157200
v 0.00552000 -0.01210000 0.02131100
v 0.00559000 -0.01210000 0.02104700
v 0.00564800 -0.01210000 0.02078000
v 0.00569300 -0.01210000 0.02051000
v 0.00572500 -0.01210000 0.02023800
v 0.00574400 -0.01210000 0.01996600
v 0.00575000 -0.01210000 0.01969200
v 0.00574300 -0.01210000 0.01941900
v 0.00572300 -0.01210000 0.01914600
v 0.00569000 -0.01210000 0.01887500
v 0.00564500 -0.01210000 0.01860500
v 0.00558600 -0.01210000 0.01833800
v 0.00551500 -0.01210000 0.01807400
v 0.00543200 -0.01210000 0.01781400
v 0.00533600 -0.01210000 0.01755700
v 0.00522800 -0.01210000 0.01730600
v 0.00510800 -0.01210000 0.01706000
v 0.00497700 -0.01210000 0.01682000
v 0.00483400 -0.01210000 0.01658700
v 0.00468100 -0.01210000 0.01636100
v 0.00451700 -0.01210000 0.01614200
v 0.00434300 -0.01210000 0.01593100
v 0.00415900 -0.01210000 0.01572900
v 0.00396500 -0.01210000 0.01553600
v 0.00376300 -0.01210000 0.01535200
v 0.00355200 -0.01210000 0.01517800
v 0.00333300 -0.01210000 0.01501400
v 0.00310600 -0.01210000 0.01486100
v 0.00287300 -0.01210000 0.01471900
v 0.00263300 -0.01210000 0.01458800
v 0.00238700 -0.01210000 0.01446900
v 0.00213500 -0.01210000 0.01436100
v 0.00187900 -0.01210000 0.01426600
v 0.00161900 -0.01210000 0.01418200
v 0.00135500 -0.01210000 0.01411200
v 0.00108700 -0.01210000 0.01405400
v 0.00081800 -0.01210000 0.01400800
v 0.00054600 -0.01210000 0.01397600
v 0.00027300 -0.01210000 0.01395600
v 0.00000000 -0.01210000 0.01395000
v -0.00027300 -0.01210000 0.01395600
v -0.00054600 -0.01210000 0.01397600
v -0.00081800 -0.01210000 0.01400800
v -0.00108700 -0.01210000 0.01405400
v -0.00135400 -0.01210000 0.01411200
v -0.00161900 -0.01210000 0.01418200
v -0.00187900 -0.01210000 0.01426600
v -0.00213500 -0.01210000 0.01436100
v -0.00238700 -0.01210000 0.01446900
v -0.00263300 -0.01210000 0.01458800
v -0.00287300 -0.01210000 0.01471900
v -0.00310600 -0.01210000 0.01486100
v -0.00333300 -0.01210000 0.01501400
v -0.00355200 -0.01210000 0.01517800
v -0.00376300 -0.01210000 0.01535200
v -0.00396500 -0.01210000 0.01553600
v -0.00415900 -0.01210000 0.01572900
v -0.00434300 -0.01210000 0.01593100
v -0.00451700 -0.01210000 0.01614200
v -0.00468100 -0.01210000 0.01636100
v -0.00483400 -0.01210000 0.01658700
v -0.00497700 -0.01210000 0.01682000
v -0.00510800 -0.01210000 0.01706000
v -0.00522800 -0.01210000 0.01730600
v -0.00533600 -0.01210000 0.01755700
v -0.00543200 -0.01210000 0.01781300
v -0.00551500 -0.01210000 0.01807400
v -0.00558600 -0.01210000 0.01833800
v -0.00564500 -0.01210000 0.01860500
v -0.00569000 -0.01210000 0.01887400
v -0.00572300 -0.01210000 0.01914600
v -0.00574300 -0.01210000 0.01941900
v -0.00575000 -0.01210000 0.01969200
v -0.00574400 -0.01210000 0.01996500
v -0.00572500 -0.01210000 0.02023800
v -0.00569300 -0.01210000 0.02051000
v -0.00564800 -0.01210000 0.02077900
v -0.00559000 -0.01210000 0.02104700
v -0.00552000 -0.01210000 0.02131100
v -0.00543700 -0.01210000 0.02157200
v -0.00534200 -0.01210000 0.02182800
v -0.00523500 -0.01210000 0.02207900
v -0.00511600 -0.01210000 0.02232600
v -0.00498500 -0.01210000 0.02256600
v -0.00484300 -0.01210000 0.02280000
v -0.00469000 -0.01210000 0.02302600
v -0.00452700 -0.01210000 0.02324500
v -0.00435300 -0.01210000 0.02345700
v -0.00417000 -0.01210000 0.02365900
v -0.00397700 -0.01210000 0.02385300
v -0.00377500 -0.01210000 0.02403700
v -0.00356400 -0.01210000 0.02421200
v -0.00334600 -0.01210000 0.02437600
v -0.00312000 -0.01210000 0.02453000
v -0.00288700 -0.01210000 0.02467300
v -0.00264700 -0.01210000 0.02480500
v -0.00240100 -0.01210000 0.02492500
v -0.00215000 -0.01210000 0.02503300
v -0.00189400 -0.01210000 0.02512900
v -0.00163400 -0.01210000 0.02521300
v -0.00137000 -0.01210000 0.02528400
v -0.00110300 -0.01210000 0.02534300
v -0.00083300 -0.01210000 0.02538900
v -0.00056200 -0.01210000 0.02542200
v -0.00037300 -0.01210000 0.02318000
v -0.00058400 -0.01210000 0.02315100
v -0.00079400 -0.01210000 0.02310900
v -0.00100000 -0.01210000 0.02305400
v -0.00120300 -0.01210000 0.02298700
v -0.00140100 -0.01210000 0.02290800
v -0.00159400 -0.01210000 0.02281600
v -0.00178100 -0.01210000 0.02271300
v -0.00196100 -0.01210000 0.02259900
v -0.00213400 -0.01210000 0.02247400
v -0.00229900 -0.01210000 0.02233900
v -0.00245600 -0.01210000 0.02219400
v -0.00260300 -0.01210000 0.02203900
v -0.00274100 -0.01210000 0.02187600
v -0.00286900 -0.01210000 0.02170500
v -0.00298600 -0.01210000 0.02152600
v -0.00309100 -0.01210000 0.02134100
v -0.00318600 -0.01210000 0.02115000
v -0.00326800 -0.01210000 0.02095300
v -0.00333800 -0.01210000 0.02075100
v -0.00339600 -0.01210000 0.02054600
v -0.00344200 -0.01210000 0.02033700
v -0.00347400 -0.01210000 0.02012600
v -0.00349300 -0.01210000 0.01991300
v -0.00350000 -0.01210000 0.01970000
v -0.00349300 -0.01210000 0.01948700
v -0.00347400 -0.01210000 0.01927400
v -0.00344200 -0.01210000 0.01906300
v -0.00339600 -0.01210000 0.01885400
v -0.00333800 -0.01210000 0.01864900
v -0.00326800 -0.01210000 0.01844700
v -0.00318600 -0.01210000 0.01825000
v -0.00309100 -0.01210000 0.01805900
v -0.00298600 -0.01210000 0.01787400
v -0.00286900 -0.01210000 0.01769500
v -0.00274100 -0.01210000 0.01752400
v -0.00260300 -0.01210000 0.01736100
v -0.00245600 -0.01210000 0.01720600
v -0.00229900 -0.01210000 0.01706100
v -0.00213400 -0.01210000 0.01692600
v -0.00196100 -0.01210000 0.01680100
v -0.00178100 -0.01210000 0.01668700
v -0.00159400 -0.01210000 0.01658400
v -0.00140100 -0.01210000 0.01649200
v -0.00120300 -0.01210000 0.01641300
v -0.00100000 -0.01210000 0.01634600
v -0.00079400 -0.01210000 0.01629100
v -0.00058400 -0.01210000 0.01624900
v -0.00037300 -0.01210000 0.01622000
v -0.00016000 -0.01210000 0.01620400
v 0.00005300 -0.01210000 0.01620000
v 0.00026700 -0.01210000 0.01621000
v 0.00047900 -0.01210000 0.01623300
v 0.00068900 -0.01210000 0.01626900
v 0.00089700 -0.01210000 0.01631700
v -0.00016000 -0.01210000 0.02319600
v 0.00005300 -0.01210000 0.02320000
v 0.00026700 -0.01210000 0.02319000
v 0.00047900 -0.01210000 0.02316700
v 0.00068900 -0.01210000 0.02313100
v 0.00089700 -0.01210000 0.02308300
v 0.00110200 -0.01210000 0.02302200
v 0.00130200 -0.01210000 0.02294900
v 0.00149800 -0.01210000 0.02286300
v 0.00168800 -0.01210000 0.02276600
v 0.00187200 -0.01210000 0.02265700
v 0.00204900 -0.01210000 0.02253800
v 0.00221800 -0.01210000 0.02240800
v 0.00237900 -0.01210000 0.02226700
v 0.00253100 -0.01210000 0.02211800
v 0.00267400 -0.01210000 0.02195900
v 0.00280600 -0.01210000 0.02179200
v 0.00292900 -0.01210000 0.02161700
v 0.00304000 -0.01210000 0.02143500
v 0.00314000 -0.01210000 0.02124600
v 0.00322800 -0.01210000 0.02105200
v 0.00330500 -0.01210000 0.02085200
v 0.00336900 -0.01210000 0.02064900
v 0.00342100 -0.01210000 0.02044200
v 0.00345900 -0.01210000 0.02023200
v 0.00348500 -0.01210000 0.02002000
v 0.00349800 -0.01210000 0.01980700
v 0.00349800 -0.01210000 0.01959300
v 0.00348500 -0.01210000 0.01938000
v 0.00345900 -0.01210000 0.01916800
v 0.00342100 -0.01210000 0.01895800
v 0.00336900 -0.01210000 0.01875100
v 0.00330500 -0.01210000 0.01854800
v 0.00322800 -0.01210000 0.01834800
v 0.00314000 -0.01210000 0.01815400
v 0.00304000 -0.01210000 0.01796500
v 0.00292900 -0.01210000 0.01778300
v 0.00280600 -0.01210000 0.01760800
v 0.00267400 -0.01210000 0.01744100
v 0.00253100 -0.01210000 0.01728200
v 0.00237900 -0.01210000 0.01713300
v 0.00221800 -0.01210000 0.01699200
v 0.00204900 -0.01210000 0.01686200
v 0.00187200 -0.01210000 0.01674300
v 0.00168800 -0.01210000 0.01663400
v 0.00149800 -0.01210000 0.01653700
v 0.00130200 -0.01210000 0.01645100
v 0.00110200 -0.01210000 0.01637800
v -0.00350000 -0.01190000 0.01970000
v -0.00349300 -0.01190000 0.01948700
v -0.00347400 -0.01190000 0.01927400
v -0.00344200 -0.01190000 0.01906300
v -0.00339600 -0.01190000 0.01885400
v -0.00333800 -0.01190000 0.01864900
v -0.00326800 -0.01190000 0.01844700
v -0.00318600 -0.01190000 0.01825000
v -0.00309100 -0.01190000 0.01805900
v -0.00298600 -0.01190000 0.01787400
v -0.00286900 -0.01190000 0.01769500
v -0.00274100 -0.01190000 0.01752400
v -0.00260300 -0.01190000 0.01736100
v -0.00245600 -0.01190000 0.01720600
v -0.00229900 -0.01190000 0.01706100
v -0.00213400 -0.01190000 0.01692600
v -0.00196100 -0.01190000 0.01680100
v -0.00178100 -0.01190000 0.01668700
v -0.00159400 -0.01190000 0.01658400
v -0.00140100 -0.01190000 0.01649200
v -0.00120300 -0.01190000 0.01641300
v -0.00100000 -0.01190000 0.01634600
v -0.00079400 -0.01190000 0.01629100
v -0.00058400 -0.01190000 0.01624900
v -0.00037300 -0.01190000 0.01622000
v -0.00016000 -0.01190000 0.01620400
v 0.00005300 -0.01190000 0.01620000
v 0.00026700 -0.01190000 0.01621000
v 0.00047900 -0.01190000 0.01623300
v 0.00068900 -0.01190000 0.01626900
v 0.00089700 -0.01190000 0.01631700
v 0.00110200 -0.01190000 0.01637800
v 0.00130200 -0.01190000 0.01645100
v 0.00149800 -0.01190000 0.01653700
v 0.00168800 -0.01190000 0.01663400
v 0.00187200 -0.01190000 0.01674300
v 0.00204900 -0.01190000 0.01686200
v 0.00221800 -0.01190000 0.01699200
v 0.00237900 -0.01190000 0.01713300
v 0.00253100 -0.01190000 0.01728200
v 0.00267400 -0.01190000 0.01744100
v 0.00280600 -0.01190000 0.01760800
v 0.00292900 -0.01190000 0.01778300
v 0.00304000 -0.01190000 0.01796500
v 0.00314000 -0.01190000 0.01815400
v 0.00322800 -0.01190000 0.01834800
v 0.00330500 -0.01190000 0.01854800
v 0.00336900 -0.01190000 0.01875100
v 0.00342100 -0.01190000 0.01895800
v 0.00345900 -0.01190000 0.01916800
v 0.00348500 -0.01190000 0.01938000
v 0.00349800 -0.01190000 0.01959300
v 0.00349800 -0.01190000 0.01980700
v 0.00348500 -0.01190000 0.02002000
v 0.00345900 -0.01190000 0.02023200
v 0.00342100 -0.01190000 0.02044200
v 0.00336900 -0.01190000 0.02064900
v 0.00330500 -0.01190000 0.02085200
v 0.00322800 -0.01190000 0.02105200
v 0.00314000 -0.01190000 0.02124600
v 0.00304000 -0.01190000 0.02143500
v 0.00292900 -0.01190000 0.02161700
v 0.00280600 -0.01190000 0.02179200
v 0.00267400 -0.01190000 0.02195900
v 0.00253100 -0.01190000 0.02211800
v 0.00237900 -0.01190000 0.02226700
v 0.00221800 -0.01190000 0.02240800
v 0.00204900 -0.01190000 0.02253800
v 0.00187200 -0.01190000 0.02265700
v 0.00168800 -0.01190000 0.02276600
v 0.00149800 -0.01190000 0.02286300
v 0.00130200 -0.01190000 0.02294900
v 0.00110200 -0.01190000 0.02302200
v 0.00089700 -0.01190000 0.02308300
v 0.00068900 -0.01190000 0.02313100
v 0.00047900 -0.01190000 0.02316700
v 0.00026700 -0.01190000 0.02319000
v 0.00005300 -0.01190000 0.02320000
v -0.00016000 -0.01190000 0.02319600
v -0.00037300 -0.01190000 0.02318000
v -0.00058400 -0.01190000 0.02315100
v -0.00079400 -0.01190000 0.02310900
v -0.00100000 -0.01190000 0.02305400
v -0.00120300 -0.01190000 0.02298700
v -0.00140100 -0.01190000 0.02290800
v -0.00159400 -0.01190000 0.02281600
v -0.00178100 -0.01190000 0.02271300
v -0.00196100 -0.01190000 0.02259900
v -0.00213400 -0.01190000 0.02247400
v -0.00229900 -0.01190000 0.02233900
v -0.00245600 -0.01190000 0.02219400
v -0.00260300 -0.01190000 0.02203900
v -0.00274100 -0.01190000 0.02187600
v -0.00286900 -0.01190000 0.02170500
v -0.00298600 -0.01190000 0.02152600
v -0.00309100 -0.01190000 0.02134100
v -0.00318600 -0.01190000 0.02115000
v -0.00326800 -0.01190000 0.02095300
v -0.00333800 -0.01190000 0.02075100
v -0.00339600 -0.01190000 0.02054600
v -0.00344200 -0.01190000 0.02033700
v -0.00347400 -0.01190000 0.02012600
v -0.00349300 -0.01190000 0.01991300
v -0.00299300 -0.01010000 0.01950200
v -0.00300000 -0.01010000 0.01970000
v -0.00200000 -0.01010000 0.01970000
v -0.00299300 -0.01010000 0.01989800
v -0.00199400 -0.01010000 0.01986100
v -0.00297400 -0.01010000 0.02009600
v -0.00197400 -0.01010000 0.02002100
v -0.00294100 -0.01010000 0.02029100
v -0.00194200 -0.01010000 0.02017900
v -0.00289600 -0.01010000 0.02048400
v -0.00189700 -0.01010000 0.02033300
v -0.00283700 -0.01010000 0.02067400
v -0.00184000 -0.01010000 0.02048400
v -0.00276700 -0.01010000 0.02086000
v -0.00268400 -0.01010000 0.02104000
v -0.00177100 -0.01010000 0.02062900
v -0.00259000 -0.01010000 0.02121400
v -0.00169000 -0.01010000 0.02076900
v -0.00248400 -0.01010000 0.02138200
v -0.00159900 -0.01010000 0.02090200
v -0.00236700 -0.01010000 0.02154300
v -0.00149700 -0.01010000 0.02102600
v -0.00224000 -0.01010000 0.02169500
v -0.00210400 -0.01010000 0.02183900
v -0.00138500 -0.01010000 0.02114200
v -0.00195800 -0.01010000 0.02197300
v -0.00126500 -0.01010000 0.02124900
v -0.00180300 -0.01010000 0.02209800
v -0.00113600 -0.01010000 0.02134600
v -0.00164100 -0.01010000 0.02221200
v -0.00100000 -0.01010000 0.02143200
v -0.00147100 -0.01010000 0.02231400
v -0.00085700 -0.01010000 0.02150700
v -0.00129500 -0.01010000 0.02240600
v -0.00111400 -0.01010000 0.02248600
v -0.00070900 -0.01010000 0.02157000
v -0.00092700 -0.01010000 0.02255300
v -0.00055600 -0.01010000 0.02162100
v -0.00073600 -0.01010000 0.02260800
v -0.00040000 -0.01010000 0.02166000
v -0.00054300 -0.01010000 0.02265000
v -0.00024100 -0.01010000 0.02168500
v -0.00034600 -0.01010000 0.02268000
v -0.00014900 -0.01010000 0.02269600
v -0.00008100 -0.01010000 0.02169800
v 0.00005000 -0.01010000 0.02270000
v 0.00008100 -0.01010000 0.02169800
v 0.00024800 -0.01010000 0.02269000
v 0.00024100 -0.01010000 0.02168500
v 0.00044500 -0.01010000 0.02266700
v 0.00040000 -0.01010000 0.02166000
v 0.00064000 -0.01010000 0.02263100
v 0.00055600 -0.01010000 0.02162100
v 0.00083200 -0.01010000 0.02258200
v 0.00102100 -0.01010000 0.02252100
v 0.00070900 -0.01010000 0.02157000
v 0.00120500 -0.01010000 0.02244700
v 0.00085700 -0.01010000 0.02150700
v 0.00138400 -0.01010000 0.02236200
v 0.00100000 -0.01010000 0.02143200
v 0.00155700 -0.01010000 0.02226400
v 0.00113600 -0.01010000 0.02134600
v 0.00172300 -0.01010000 0.02215600
v 0.00126500 -0.01010000 0.02124900
v 0.00188200 -0.01010000 0.02203700
v 0.00203200 -0.01010000 0.02190700
v 0.00138500 -0.01010000 0.02114200
v 0.00217300 -0.01010000 0.02176800
v 0.00149700 -0.01010000 0.02102600
v 0.00230500 -0.01010000 0.02162000
v 0.00159900 -0.01010000 0.02090200
v 0.00242700 -0.01010000 0.02146300
v 0.00169000 -0.01010000 0.02076900
v 0.00253800 -0.01010000 0.02129900
v 0.00263800 -0.01010000 0.02112800
v 0.00177100 -0.01010000 0.02062900
v 0.00272700 -0.01010000 0.02095000
v 0.00184000 -0.01010000 0.02048400
v 0.00280400 -0.01010000 0.02076700
v 0.00189700 -0.01010000 0.02033300
v 0.00286800 -0.01010000 0.02058000
v 0.00194200 -0.01010000 0.02017900
v 0.00292000 -0.01010000 0.02038800
v 0.00197400 -0.01010000 0.02002100
v 0.00295900 -0.01010000 0.02019400
v 0.00298500 -0.01010000 0.01999700
v 0.00199400 -0.01010000 0.01986100
v 0.00299800 -0.01010000 0.01979900
v 0.00200000 -0.01010000 0.01970000
v 0.00299800 -0.01010000 0.01960100
v 0.00199400 -0.01010000 0.01953900
v 0.00298500 -0.01010000 0.01940300
v 0.00197400 -0.01010000 0.01937900
v 0.00295900 -0.01010000 0.01920600
v 0.00292000 -0.01010000 0.01901200
v 0.00194200 -0.01010000 0.01922100
v 0.00286800 -0.01010000 0.01882000
v 0.00189700 -0.01010000 0.01906700
v 0.00280400 -0.01010000 0.01863300
v 0.00184000 -0.01010000 0.01891600
v 0.00272700 -0.01010000 0.01845000
v 0.00177100 -0.01010000 0.01877100
v 0.00263800 -0.01010000 0.01827200
v 0.00169000 -0.01010000 0.01863100
v 0.00253800 -0.01010000 0.01810100
v 0.00242700 -0.01010000 0.01793700
v 0.00159900 -0.01010000 0.01849800
v 0.00230500 -0.01010000 0.01778000
v 0.00149700 -0.01010000 0.01837400
v 0.00217300 -0.01010000 0.01763200
v 0.00138500 -0.01010000 0.01825800
v 0.00203200 -0.01010000 0.01749300
v 0.00126500 -0.01010000 0.01815100
v 0.00188200 -0.01010000 0.01736300
v 0.00172300 -0.01010000 0.01724400
v 0.00113600 -0.01010000 0.01805400
v 0.00155700 -0.01010000 0.01713600
v 0.00100000 -0.01010000 0.01796800
v 0.00138400 -0.01010000 0.01703800
v 0.00085700 -0.01010000 0.01789300
v 0.00120500 -0.01010000 0.01695300
v 0.00070900 -0.01010000 0.01783000
v 0.00102100 -0.01010000 0.01687900
v 0.00055600 -0.01010000 0.01777900
v 0.00083200 -0.01010000 0.01681800
v 0.00064000 -0.01010000 0.01676900
v 0.00040000 -0.01010000 0.01774000
v 0.00044500 -0.01010000 0.01673300
v 0.00024100 -0.01010000 0.01771500
v 0.00024800 -0.01010000 0.01671000
v 0.00008100 -0.01010000 0.01770200
v 0.00005000 -0.01010000 0.01670000
v -0.00008100 -0.01010000 0.01770200
v -0.00014900 -0.01010000 0.01670400
v -0.00024100 -0.01010000 0.01771500
v -0.00034600 -0.01010000 0.01672000
v -0.00054300 -0.01010000 0.01675000
v -0.00040000 -0.01010000 0.01774000
v -0.00073600 -0.01010000 0.01679200
v -0.00055600 -0.01010000 0.01777900
v -0.00092700 -0.01010000 0.01684700
v -0.00070900 -0.01010000 0.01783000
v -0.00111400 -0.01010000 0.01691400
v -0.00085700 -0.01010000 0.01789300
v -0.00129500 -0.01010000 0.01699400
v -0.00147100 -0.01010000 0.01708600
v -0.00100000 -0.01010000 0.01796800
v -0.00164100 -0.01010000 0.01718800
v -0.00113600 -0.01010000 0.01805400
v -0.00180300 -0.01010000 0.01730200
v -0.00126500 -0.01010000 0.01815100
v -0.00195800 -0.01010000 0.01742700
v -0.00138500 -0.01010000 0.01825800
v -0.00210400 -0.01010000 0.01756100
v -0.00149700 -0.01010000 0.01837400
v -0.00224000 -0.01010000 0.01770500
v -0.00236700 -0.01010000 0.01785700
v -0.00159900 -0.01010000 0.01849800
v -0.00248400 -0.01010000 0.01801800
v -0.00169000 -0.01010000 0.01863100
v -0.00259000 -0.01010000 0.01818600
v -0.00177100 -0.01010000 0.01877100
v -0.00268400 -0.01010000 0.01836000
v -0.00184000 -0.01010000 0.01891600
v -0.00276700 -0.01010000 0.01854000
v -0.00283700 -0.01010000 0.01872600
v -0.00189700 -0.01010000 0.01906700
v -0.00289600 -0.01010000 0.01891600
v -0.00194200 -0.01010000 0.01922100
v -0.00294100 -0.01010000 0.01910900
v -0.00197400 -0.01010000 0.01937900
v -0.00297400 -0.01010000 0.01930400
v -0.00199400 -0.01010000 0.01953900
v -0.00299300 -0.01190000 0.01989800
v -0.00300000 -0.01190000 0.01970000
v -0.00299300 -0.01190000 0.01950200
v -0.00297400 -0.01190000 0.01930400
v -0.00294100 -0.01190000 0.01910900
v -0.00289600 -0.01190000 0.01891600
v -0.00283700 -0.01190000 0.01872600
v -0.00276700 -0.01190000 0.01854000
v -0.00268400 -0.01190000 0.01836000
v -0.00259000 -0.01190000 0.01818600
v -0.00248400 -0.01190000 0.01801800
v -0.00236700 -0.01190000 0.01785700
v -0.00224000 -0.01190000 0.01770500
v -0.00210400 -0.01190000 0.01756100
v -0.00195800 -0.01190000 0.01742700
v -0.00180300 -0.01190000 0.01730200
v -0.00164100 -0.01190000 0.01718800
v -0.00147100 -0.01190000 0.01708600
v -0.00129500 -0.01190000 0.01699400
v -0.00111400 -0.01190000 0.01691400
v -0.00092700 -0.01190000 0.01684700
v -0.00073600 -0.01190000 0.01679200
v -0.00054300 -0.01190000 0.01675000
v -0.00034600 -0.01190000 0.01672000
v -0.00014900 -0.01190000 0.01670400
v 0.00005000 -0.01190000 0.01670000
v 0.00024800 -0.01190000 0.01671000
v 0.00044500 -0.01190000 0.01673300
v 0.00064000 -0.01190000 0.01676900
v 0.00083200 -0.01190000 0.01681800
v 0.00102100 -0.01190000 0.01687900
v 0.00120500 -0.01190000 0.01695300
v 0.00138400 -0.01190000 0.01703800
v 0.00155700 -0.01190000 0.01713600
v 0.00172300 -0.01190000 0.01724400
v 0.00188200 -0.01190000 0.01736300
v 0.00203200 -0.01190000 0.01749300
v 0.00217300 -0.01190000 0.01763200
v 0.00230500 -0.01190000 0.01778000
v 0.00242700 -0.01190000 0.01793700
v 0.00253800 -0.01190000 0.01810100
v 0.00263800 -0.01190000 0.01827200
v 0.00272700 -0.01190000 0.01845000
v 0.00280400 -0.01190000 0.01863300
v 0.00286800 -0.01190000 0.01882000
v 0.00292000 -0.01190000 0.01901200
v 0.00295900 -0.01190000 0.01920600
v 0.00298500 -0.01190000 0.01940300
v 0.00299800 -0.01190000 0.01960100
v 0.00299800 -0.01190000 0.01979900
v 0.00298500 -0.01190000 0.01999700
v 0.00295900 -0.01190000 0.02019400
v 0.00292000 -0.01190000 0.02038800
v 0.00286800 -0.01190000 0.02058000
v 0.00280400 -0.01190000 0.02076700
v 0.00272700 -0.01190000 0.02095000
v 0.00263800 -0.01190000 0.02112800
v 0.00253800 -0.01190000 0.02129900
v 0.00242700 -0.01190000 0.02146300
v 0.00230500 -0.01190000 0.02162000
v 0.00217300 -0.01190000 0.02176800
v 0.00203200 -0.01190000 0.02190700
v 0.00188200 -0.01190000 0.02203700
v 0.00172300 -0.01190000 0.02215600
v 0.00155700 -0.01190000 0.02226400
v 0.00138400 -0.01190000 0.02236200
v 0.00120500 -0.01190000 0.02244700
v 0.00102100 -0.01190000 0.02252100
v 0.00083200 -0.01190000 0.02258200
v 0.00064000 -0.01190000 0.02263100
v 0.00044500 -0.01190000 0.02266700
v 0.00024800 -0.01190000 0.02269000
v 0.00005000 -0.01190000 0.02270000
v -0.00014900 -0.01190000 0.02269600
v -0.00034600 -0.01190000 0.02268000
v -0.00054300 -0.01190000 0.02265000
v -0.00073600 -0.01190000 0.02260800
v -0.00092700 -0.01190000 0.02255300
v -0.00111400 -0.01190000 0.02248600
v -0.00129500 -0.01190000 0.02240600
v -0.00147100 -0.01190000 0.02231400
v -0.00164100 -0.01190000 0.02221200
v -0.00180300 -0.01190000 0.02209800
v -0.00195800 -0.01190000 0.02197300
v -0.00210400 -0.01190000 0.02183900
v -0.00224000 -0.01190000 0.02169500
v -0.00236700 -0.01190000 0.02154300
v -0.00248400 -0.01190000 0.02138200
v -0.00259000 -0.01190000 0.02121400
v -0.00268400 -0.01190000 0.02104000
v -0.00276700 -0.01190000 0.02086000
v -0.00283700 -0.01190000 0.02067400
v -0.00289600 -0.01190000 0.02048400
v -0.00294100 -0.01190000 0.02029100
v -0.00297400 -0.01190000 0.02009600
v -0.00008100 -0.01280000 0.02169800
v 0.00008100 -0.01280000 0.02169800
v 0.00024100 -0.01280000 0.02168500
v 0.00040000 -0.01280000 0.02166000
v 0.00055600 -0.01280000 0.02162100
v 0.00070900 -0.01280000 0.02157000
v 0.00085700 -0.01280000 0.02150700
v 0.00100000 -0.01280000 0.02143200
v 0.00113600 -0.01280000 0.02134600
v 0.00126500 -0.01280000 0.02124900
v 0.00138500 -0.01280000 0.02114200
v 0.00149700 -0.01280000 0.02102600
v 0.00159900 -0.01280000 0.02090200
v 0.00169000 -0.01280000 0.02076900
v 0.00177100 -0.01280000 0.02062900
v 0.00184000 -0.01280000 0.02048400
v 0.00189700 -0.01280000 0.02033300
v 0.00194200 -0.01280000 0.02017900
v 0.00197400 -0.01280000 0.02002100
v 0.00199400 -0.01280000 0.01986100
v 0.00200000 -0.01280000 0.01970000
v 0.00199400 -0.01280000 0.01953900
v 0.00197400 -0.01280000 0.01937900
v 0.00194200 -0.01280000 0.01922100
v 0.00189700 -0.01280000 0.01906700
v 0.00184000 -0.01280000 0.01891600
v 0.00177100 -0.01280000 0.01877100
v 0.00169000 -0.01280000 0.01863100
v 0.00159900 -0.01280000 0.01849800
v 0.00149700 -0.01280000 0.01837400
v 0.00138500 -0.01280000 0.01825800
v 0.00126500 -0.01280000 0.01815100
v 0.00113600 -0.01280000 0.01805400
v 0.00100000 -0.01280000 0.01796800
v 0.00085700 -0.01280000 0.01789300
v 0.00070900 -0.01280000 0.01783000
v 0.00055600 -0.01280000 0.01777900
v 0.00040000 -0.01280000 0.01774000
v 0.00024100 -0.01280000 0.01771500
v 0.00008100 -0.01280000 0.01770200
v -0.00008100 -0.01280000 0.01770200
v -0.00024100 -0.01280000 0.01771500
v -0.00040000 -0.01280000 0.01774000
v -0.00055600 -0.01280000 0.01777900
v -0.00070900 -0.01280000 0.01783000
v -0.00085700 -0.01280000 0.01789300
v -0.00100000 -0.01280000 0.01796800
v -0.00113600 -0.01280000 0.01805400
v -0.00126500 -0.01280000 0.01815100
v -0.00138500 -0.01280000 0.01825800
v -0.00149700 -0.01280000 0.01837400
v -0.00159900 -0.01280000 0.01849800
v -0.00169000 -0.01280000 0.01863100
v -0.00177100 -0.01280000 0.01877100
v -0.00184000 -0.01280000 0.01891600
v -0.00189700 -0.01280000 0.01906700
v -0.00194200 -0.01280000 0.01922100
v -0.00197400 -0.01280000 0.01937900
v -0.00199400 -0.01280000 0.01953900
v -0.00200000 -0.01280000 0.01970000
v -0.00199400 -0.01280000 0.01986100
v -0.00197400 -0.01280000 0.02002100
v -0.00194200 -0.01280000 0.02017900
v -0.00189700 -0.01280000 0.02033300
v -0.00184000 -0.01280000 0.02048400
v -0.00177100 -0.01280000 0.02062900
v -0.00169000 -0.01280000 0.02076900
v -0.00159900 -0.01280000 0.02090200
v -0.00149700 -0.01280000 0.02102600
v -0.00138500 -0.01280000 0.02114200
v -0.00126500 -0.01280000 0.02124900
v -0.00113600 -0.01280000 0.02134600
v -0.00100000 -0.01280000 0.02143200
v -0.00085700 -0.01280000 0.02150700
v -0.00070900 -0.01280000 0.02157000
v -0.00055600 -0.01280000 0.02162100
v -0.00040000 -0.01280000 0.02166000
v -0.00024100 -0.01280000 0.02168500
v 0.00665200 -0.01150000 0.00225800
v 0.00665200 -0.01150000 0.00214200
v 0.00666400 -0.01150000 0.00202700
v 0.00669000 -0.01150000 0.00191400
v 0.00672700 -0.01150000 0.00180500
v 0.00677700 -0.01150000 0.00170000
v 0.00683700 -0.01150000 0.00160200
v 0.00690800 -0.01150000 0.00151000
v 0.00698900 -0.01150000 0.00142700
v 0.00707800 -0.01150000 0.00135400
v 0.00717500 -0.01150000 0.00129100
v 0.00727800 -0.01150000 0.00123800
v 0.00738700 -0.01150000 0.00119800
v 0.00749900 -0.01150000 0.00116900
v 0.00761300 -0.01150000 0.00115400
v 0.00772900 -0.01150000 0.00115000
v 0.00784400 -0.01150000 0.00116000
v 0.00795800 -0.01150000 0.00118200
v 0.00806800 -0.01150000 0.00121700
v 0.00817400 -0.01150000 0.00126300
v 0.00827400 -0.01150000 0.00132100
v 0.00836800 -0.01150000 0.00138900
v 0.00845300 -0.01150000 0.00146800
v 0.00852900 -0.01150000 0.00155500
v 0.00859500 -0.01150000 0.00165000
v 0.00865000 -0.01150000 0.00175200
v 0.00869300 -0.01150000 0.00185900
v 0.00872500 -0.01150000 0.00197000
v 0.00874400 -0.01150000 0.00208400
v 0.00875000 -0.01150000 0.00220000
v 0.00874400 -0.01150000 0.00231600
v 0.00872500 -0.01150000 0.00243000
v 0.00869300 -0.01150000 0.00254100
v 0.00865000 -0.01150000 0.00264800
v 0.00859500 -0.01150000 0.00275000
v 0.00852900 -0.01150000 0.00284500
v 0.00845300 -0.01150000 0.00293200
v 0.00836800 -0.01150000 0.00301100
v 0.00827400 -0.01150000 0.00307900
v 0.00817400 -0.01150000 0.00313700
v 0.00806800 -0.01150000 0.00318300
v 0.00795800 -0.01150000 0.00321800
v 0.00784400 -0.01150000 0.00324000
v 0.00772900 -0.01150000 0.00325000
v 0.00761300 -0.01150000 0.00324600
v 0.00749900 -0.01150000 0.00323100
v 0.00738700 -0.01150000 0.00320200
v 0.00727800 -0.01150000 0.00316200
v 0.00717500 -0.01150000 0.00310900
v 0.00707800 -0.01150000 0.00304600
v 0.00698900 -0.01150000 0.00297300
v 0.00690800 -0.01150000 0.00289000
v 0.00683700 -0.01150000 0.00279800
v 0.00677700 -0.01150000 0.00270000
v 0.00672700 -0.01150000 0.00259500
v 0.00669000 -0.01150000 0.00248600
v 0.00666400 -0.01150000 0.00237300
v 0.00969400 -0.01150000 0.00203900
v 0.00970000 -0.01150000 0.00220000
v 0.00969400 -0.01150000 0.00236100
v 0.00967400 -0.01150000 0.00252100
v 0.00964200 -0.01150000 0.00267900
v 0.00959700 -0.01150000 0.00283300
v 0.00954000 -0.01150000 0.00298400
v 0.00947100 -0.01150000 0.00312900
v 0.00939000 -0.01150000 0.00326900
v 0.00929900 -0.01150000 0.00340100
v 0.00919700 -0.01150000 0.00352600
v 0.00908500 -0.01150000 0.00364200
v 0.00896500 -0.01150000 0.00374900
v 0.00883600 -0.01150000 0.00384600
v 0.00870000 -0.01150000 0.00393200
v 0.00855700 -0.01150000 0.00400700
v 0.00840900 -0.01150000 0.00407000
v 0.00825600 -0.01150000 0.00412100
v 0.00810000 -0.01150000 0.00416000
v 0.00794100 -0.01150000 0.00418500
v 0.00778100 -0.01150000 0.00419800
v 0.00761900 -0.01150000 0.00419800
v 0.00745900 -0.01150000 0.00418500
v 0.00730000 -0.01150000 0.00416000
v 0.00714400 -0.01150000 0.00412100
v 0.00699100 -0.01150000 0.00407000
v 0.00684300 -0.01150000 0.00400700
v 0.00670000 -0.01150000 0.00393200
v 0.00656400 -0.01150000 0.00384600
v 0.00643500 -0.01150000 0.00374900
v 0.00631500 -0.01150000 0.00364200
v 0.00620300 -0.01150000 0.00352600
v 0.00610100 -0.01150000 0.00340100
v 0.00601000 -0.01150000 0.00326900
v 0.00592900 -0.01150000 0.00312900
v 0.00586000 -0.01150000 0.00298400
v 0.00580300 -0.01150000 0.00283300
v 0.00575800 -0.01150000 0.00267900
v 0.00572600 -0.01150000 0.00252100
v 0.00570600 -0.01150000 0.00236100
v 0.00570000 -0.01150000 0.00220000
v 0.00570600 -0.01150000 0.00203900
v 0.00572600 -0.01150000 0.00187900
v 0.00575800 -0.01150000 0.00172100
v 0.00580300 -0.01150000 0.00156700
v 0.00586000 -0.01150000 0.00141600
v 0.00592900 -0.01150000 0.00127100
v 0.00601000 -0.01150000 0.00113100
v 0.00610100 -0.01150000 0.00099900
v 0.00620300 -0.01150000 0.00087400
v 0.00631500 -0.01150000 0.00075800
v 0.00643500 -0.01150000 0.00065100
v 0.00656400 -0.01150000 0.00055400
v 0.00670000 -0.01150000 0.00046800
v 0.00684300 -0.01150000 0.00039300
v 0.00699100 -0.01150000 0.00033000
v 0.00714400 -0.01150000 0.00027900
v 0.00730000 -0.01150000 0.00024000
v 0.00745900 -0.01150000 0.00021500
v 0.00761900 -0.01150000 0.00020200
v 0.00778100 -0.01150000 0.00020200
v 0.00794100 -0.01150000 0.00021500
v 0.00810000 -0.01150000 0.00024000
v 0.00825600 -0.01150000 0.00027900
v 0.00840900 -0.01150000 0.00033000
v 0.00855700 -0.01150000 0.00039300
v 0.00870000 -0.01150000 0.00046800
v 0.00883600 -0.01150000 0.00055400
v 0.00896500 -0.01150000 0.00065100
v 0.00908500 -0.01150000 0.00075800
v 0.00919700 -0.01150000 0.00087400
v 0.00929900 -0.01150000 0.00099900
v 0.00939000 -0.01150000 0.00113100
v 0.00947100 -0.01150000 0.00127100
v 0.00954000 -0.01150000 0.00141600
v 0.00959700 -0.01150000 0.00156700
v 0.00964200 -0.01150000 0.00172100
v 0.00967400 -0.01150000 0.00187900
v 0.00761900 -0.01350000 0.00419800
v 0.00778100 -0.01350000 0.00419800
v 0.00794100 -0.01350000 0.00418500
v 0.00810000 -0.01350000 0.00416000
v 0.00825600 -0.01350000 0.00412100
v 0.00840900 -0.01350000 0.00407000
v 0.00855700 -0.01350000 0.00400700
v 0.00870000 -0.01350000 0.00393200
v 0.00883600 -0.01350000 0.00384600
v 0.00896500 -0.01350000 0.00374900
v 0.00908500 -0.01350000 0.00364200
v 0.00919700 -0.01350000 0.00352600
v 0.00929900 -0.01350000 0.00340100
v 0.00939000 -0.01350000 0.00326900
v 0.00947100 -0.01350000 0.00312900
v 0.00954000 -0.01350000 0.00298400
v 0.00959700 -0.01350000 0.00283300
v 0.00964200 -0.01350000 0.00267900
v 0.00967400 -0.01350000 0.00252100
v 0.00969400 -0.01350000 0.00236100
v 0.00970000 -0.01350000 0.00220000
v 0.00969400 -0.01350000 0.00203900
v 0.00967400 -0.01350000 0.00187900
v 0.00964200 -0.01350000 0.00172100
v 0.00959700 -0.01350000 0.00156700
v 0.00954000 -0.01350000 0.00141600
v 0.00947100 -0.01350000 0.00127100
v 0.00939000 -0.01350000 0.00113100
v 0.00929900 -0.01350000 0.00099900
v 0.00919700 -0.01350000 0.00087400
v 0.00908500 -0.01350000 0.00075800
v 0.00896500 -0.01350000 0.00065100
v 0.00883600 -0.01350000 0.00055400
v 0.00870000 -0.01350000 0.00046800
v 0.00855700 -0.01350000 0.00039300
v 0.00840900 -0.01350000 0.00033000
v 0.00825600 -0.01350000 0.00027900
v 0.00810000 -0.01350000 0.00024000
v 0.00794100 -0.01350000 0.00021500
v 0.00778100 -0.01350000 0.00020200
v 0.00761900 -0.01350000 0.00020200
v 0.00745900 -0.01350000 0.00021500
v 0.00730000 -0.01350000 0.00024000
v 0.00714400 -0.01350000 0.00027900
v 0.00699100 -0.01350000 0.00033000
v 0.00684300 -0.01350000 0.00039300
v 0.00670000 -0.01350000 0.00046800
v 0.00656400 -0.01350000 0.00055400
v 0.00643500 -0.01350000 0.00065100
v 0.00631500 -0.01350000 0.00075800
v 0.00620300 -0.01350000 0.00087400
v 0.00610100 -0.01350000 0.00099900
v 0.00601000 -0.01350000 0.00113100
v 0.00592900 -0.01350000 0.00127100
v 0.00586000 -0.01350000 0.00141600
v 0.00580300 -0.01350000 0.00156700
v 0.00575800 -0.01350000 0.00172100
v 0.00572600 -0.01350000 0.00187900
v 0.00570600 -0.01350000 0.00203900
v 0.00570000 -0.01350000 0.00220000
v 0.00570600 -0.01350000 0.00236100
v 0.00572600 -0.01350000 0.00252100
v 0.00575800 -0.01350000 0.00267900
v 0.00580300 -0.01350000 0.00283300
v 0.00586000 -0.01350000 0.00298400
v 0.00592900 -0.01350000 0.00312900
v 0.00601000 -0.01350000 0.00326900
v 0.00610100 -0.01350000 0.00340100
v 0.00620300 -0.01350000 0.00352600
v 0.00631500 -0.01350000 0.00364200
v 0.00643500 -0.01350000 0.00374900
v 0.00656400 -0.01350000 0.00384600
v 0.00670000 -0.01350000 0.00393200
v 0.00684300 -0.01350000 0.00400700
v 0.00699100 -0.01350000 0.00407000
v 0.00714400 -0.01350000 0.00412100
v 0.00730000 -0.01350000 0.00416000
v 0.00745900 -0.01350000 0.00418500
v -0.00874800 -0.01150000 0.00225800
v -0.00874800 -0.01150000 0.00214200
v -0.00873600 -0.01150000 0.00202700
v -0.00871000 -0.01150000 0.00191400
v -0.00867300 -0.01150000 0.00180500
v -0.00862300 -0.01150000 0.00170000
v -0.00856300 -0.01150000 0.00160200
v -0.00849200 -0.01150000 0.00151000
v -0.00841100 -0.01150000 0.00142700
v -0.00832200 -0.01150000 0.00135400
v -0.00822500 -0.01150000 0.00129100
v -0.00812200 -0.01150000 0.00123800
v -0.00801300 -0.01150000 0.00119800
v -0.00790100 -0.01150000 0.00116900
v -0.00778700 -0.01150000 0.00115400
v -0.00767100 -0.01150000 0.00115000
v -0.00755600 -0.01150000 0.00116000
v -0.00744200 -0.01150000 0.00118200
v -0.00733200 -0.01150000 0.00121700
v -0.00722600 -0.01150000 0.00126300
v -0.00712600 -0.01150000 0.00132100
v -0.00703200 -0.01150000 0.00138900
v -0.00694700 -0.01150000 0.00146800
v -0.00687100 -0.01150000 0.00155500
v -0.00680500 -0.01150000 0.00165000
v -0.00675000 -0.01150000 0.00175200
v -0.00670700 -0.01150000 0.00185900
v -0.00667500 -0.01150000 0.00197000
v -0.00665600 -0.01150000 0.00208400
v -0.00665000 -0.01150000 0.00220000
v -0.00665600 -0.01150000 0.00231600
v -0.00667500 -0.01150000 0.00243000
v -0.00670700 -0.01150000 0.00254100
v -0.00675000 -0.01150000 0.00264800
v -0.00680500 -0.01150000 0.00275000
v -0.00687100 -0.01150000 0.00284500
v -0.00694700 -0.01150000 0.00293200
v -0.00703200 -0.01150000 0.00301100
v -0.00712600 -0.01150000 0.00307900
v -0.00722600 -0.01150000 0.00313700
v -0.00733200 -0.01150000 0.00318300
v -0.00744200 -0.01150000 0.00321800
v -0.00755600 -0.01150000 0.00324000
v -0.00767100 -0.01150000 0.00325000
v -0.00778700 -0.01150000 0.00324600
v -0.00790100 -0.01150000 0.00323100
v -0.00801300 -0.01150000 0.00320200
v -0.00812200 -0.01150000 0.00316200
v -0.00822500 -0.01150000 0.00310900
v -0.00832200 -0.01150000 0.00304600
v -0.00841100 -0.01150000 0.00297300
v -0.00849200 -0.01150000 0.00289000
v -0.00856300 -0.01150000 0.00279800
v -0.00862300 -0.01150000 0.00270000
v -0.00867300 -0.01150000 0.00259500
v -0.00871000 -0.01150000 0.00248600
v -0.00873600 -0.01150000 0.00237300
v -0.00570600 -0.01150000 0.00203900
v -0.00570000 -0.01150000 0.00220000
v -0.00570600 -0.01150000 0.00236100
v -0.00572600 -0.01150000 0.00252100
v -0.00575800 -0.01150000 0.00267900
v -0.00580300 -0.01150000 0.00283300
v -0.00586000 -0.01150000 0.00298400
v -0.00592900 -0.01150000 0.00312900
v -0.00601000 -0.01150000 0.00326900
v -0.00610100 -0.01150000 0.00340100
v -0.00620300 -0.01150000 0.00352600
v -0.00631500 -0.01150000 0.00364200
v -0.00643500 -0.01150000 0.00374900
v -0.00656400 -0.01150000 0.00384600
v -0.00670000 -0.01150000 0.00393200
v -0.00684300 -0.01150000 0.00400700
v -0.00699100 -0.01150000 0.00407000
v -0.00714400 -0.01150000 0.00412100
v -0.00730000 -0.01150000 0.00416000
v -0.00745900 -0.01150000 0.00418500
v -0.00761900 -0.01150000 0.00419800
v -0.00778100 -0.01150000 0.00419800
v -0.00794100 -0.01150000 0.00418500
v -0.00810000 -0.01150000 0.00416000
v -0.00825600 -0.01150000 0.00412100
v -0.00840900 -0.01150000 0.00407000
v -0.00855700 -0.01150000 0.00400700
v -0.00870000 -0.01150000 0.00393200
v -0.00883600 -0.01150000 0.00384600
v -0.00896500 -0.01150000 0.00374900
v -0.00908500 -0.01150000 0.00364200
v -0.00919700 -0.01150000 0.00352600
v -0.00929900 -0.01150000 0.00340100
v -0.00939000 -0.01150000 0.00326900
v -0.00947100 -0.01150000 0.00312900
v -0.00954000 -0.01150000 0.00298400
v -0.00959700 -0.01150000 0.00283300
v -0.00964200 -0.01150000 0.00267900
v -0.00967400 -0.01150000 0.00252100
v -0.00969400 -0.01150000 0.00236100
v -0.00970000 -0.01150000 0.00220000
v -0.00969400 -0.01150000 0.00203900
v -0.00967400 -0.01150000 0.00187900
v -0.00964200 -0.01150000 0.00172100
v -0.00959700 -0.01150000 0.00156700
v -0.00954000 -0.01150000 0.00141600
v -0.00947100 -0.01150000 0.00127100
v -0.00939000 -0.01150000 0.00113100
v -0.00929900 -0.01150000 0.00099900
v -0.00919700 -0.01150000 0.00087400
v -0.00908500 -0.01150000 0.00075800
v -0.00896500 -0.01150000 0.00065100
v -0.00883600 -0.01150000 0.00055400
v -0.00870000 -0.01150000 0.00046800
v -0.00855700 -0.01150000 0.00039300
v -0.00840900 -0.01150000 0.00033000
v -0.00825600 -0.01150000 0.00027900
v -0.00810000 -0.01150000 0.00024000
v -0.00794100 -0.01150000 0.00021500
v -0.00778100 -0.01150000 0.00020200
v -0.00761900 -0.01150000 0.00020200
v -0.00745900 -0.01150000 0.00021500
v -0.00730000 -0.01150000 0.00024000
v -0.00714400 -0.01150000 0.00027900
v -0.00699100 -0.01150000 0.00033000
v -0.00684300 -0.01150000 0.00039300
v -0.00670000 -0.01150000 0.00046800
v -0.00656400 -0.01150000 0.00055400
v -0.00643500 -0.01150000 0.00065100
v -0.00631500 -0.01150000 0.00075800
v -0.00620300 -0.01150000 0.00087400
v -0.00610100 -0.01150000 0.00099900
v -0.00601000 -0.01150000 0.00113100
v -0.00592900 -0.01150000 0.00127100
v -0.00586000 -0.01150000 0.00141600
v -0.00580300 -0.01150000 0.00156700
v -0.00575800 -0.01150000 0.00172100
v -0.00572600 -0.01150000 0.00187900
v -0.00778100 -0.01350000 0.00419800
v -0.00761900 -0.01350000 0.00419800
v -0.00745900 -0.01350000 0.00418500
v -0.00730000 -0.01350000 0.00416000
v -0.00714400 -0.01350000 0.00412100
v -0.00699100 -0.01350000 0.00407000
v -0.00684300 -0.01350000 0.00400700
v -0.00670000 -0.01350000 0.00393200
v -0.00656400 -0.01350000 0.00384600
v -0.00643500 -0.01350000 0.00374900
v -0.00631500 -0.01350000 0.00364200
v -0.00620300 -0.01350000 0.00352600
v -0.00610100 -0.01350000 0.00340100
v -0.00601000 -0.01350000 0.00326900
v -0.00592900 -0.01350000 0.00312900
v -0.00586000 -0.01350000 0.00298400
v -0.00580300 -0.01350000 0.00283300
v -0.00575800 -0.01350000 0.00267900
v -0.00572600 -0.01350000 0.00252100
v -0.00570600 -0.01350000 0.00236100
v -0.00570000 -0.01350000 0.00220000
v -0.00570600 -0.01350000 0.00203900
v -0.00572600 -0.01350000 0.00187900
v -0.00575800 -0.01350000 0.00172100
v -0.00580300 -0.01350000 0.00156700
v -0.00586000 -0.01350000 0.00141600
v -0.00592900 -0.01350000 0.00127100
v -0.00601000 -0.01350000 0.00113100
v -0.00610100 -0.01350000 0.00099900
v -0.00620300 -0.01350000 0.00087400
v -0.00631500 -0.01350000 0.00075800
v -0.00643500 -0.01350000 0.00065100
v -0.00656400 -0.01350000 0.00055400
v -0.00670000 -0.01350000 0.00046800
v -0.00684300 -0.01350000 0.00039300
v -0.00699100 -0.01350000 0.00033000
v -0.00714400 -0.01350000 0.00027900
v -0.00730000 -0.01350000 0.00024000
v -0.00745900 -0.01350000 0.00021500
v -0.00761900 -0.01350000 0.00020200
v -0.00778100 -0.01350000 0.00020200
v -0.00794100 -0.01350000 0.00021500
v -0.00810000 -0.01350000 0.00024000
v -0.00825600 -0.01350000 0.00027900
v -0.00840900 -0.01350000 0.00033000
v -0.00855700 -0.01350000 0.00039300
v -0.00870000 -0.01350000 0.00046800
v -0.00883600 -0.01350000 0.00055400
v -0.00896500 -0.01350000 0.00065100
v -0.00908500 -0.01350000 0.00075800
v -0.00919700 -0.01350000 0.00087400
v -0.00929900 -0.01350000 0.00099900
v -0.00939000 -0.01350000 0.00113100
v -0.00947100 -0.01350000 0.00127100
v -0.00954000 -0.01350000 0.00141600
v -0.00959700 -0.01350000 0.00156700
v -0.00964200 -0.01350000 0.00172100
v -0.00967400 -0.01350000 0.00187900
v -0.00969400 -0.01350000 0.00203900
v -0.00970000 -0.01350000 0.00220000
v -0.00969400 -0.01350000 0.00236100
v -0.00967400 -0.01350000 0.00252100
v -0.00964200 -0.01350000 0.00267900
v -0.00959700 -0.01350000 0.00283300
v -0.00954000 -0.01350000 0.00298400
v -0.00947100 -0.01350000 0.00312900
v -0.00939000 -0.01350000 0.00326900
v -0.00929900 -0.01350000 0.00340100
v -0.00919700 -0.01350000 0.00352600
v -0.00908500 -0.01350000 0.00364200
v -0.00896500 -0.01350000 0.00374900
v -0.00883600 -0.01350000 0.00384600
v -0.00870000 -0.01350000 0.00393200
v -0.00855700 -0.01350000 0.00400700
v -0.00840900 -0.01350000 0.00407000
v -0.00825600 -0.01350000 0.00412100
v -0.00810000 -0.01350000 0.00416000
v -0.00794100 -0.01350000 0.00418500
f 1 2 3
f 3 2 4
f 3 4 5
f 5 4 6
f 5 6 7
f 7 6 8
f 7 8 9
f 9 8 10
f 9 10 11
f 11 10 12
f 11 12 13
f 13 12 14
f 13 14 15
f 15 14 16
f 15 16 17
f 17 16 18
f 17 18 19
f 19 18 20
f 19 20 21
f 21 20 22
f 21 22 23
f 23 22 24
f 23 24 25
f 25 24 26
f 25 26 27
f 27 26 28
f 27 28 29
f 29 28 30
f 29 30 31
f 31 30 32
f 31 32 33
f 33 32 34
f 33 34 35
f 35 34 36
f 35 36 37
f 37 36 38
f 37 38 39
f 39 38 40
f 39 40 41
f 41 40 42
f 41 42 43
f 43 42 44
f 43 44 45
f 45 44 46
f 45 46 47
f 47 46 48
f 47 48 49
f 49 48 50
f 49 50 51
f 51 50 52
f 51 52 53
f 53 52 54
f 53 54 55
f 55 54 56
f 55 56 57
f 57 56 58
f 57 58 59
f 59 58 60
f 59 60 61
f 61 60 62
f 61 62 63
f 63 62 64
f 63 64 65
f 65 64 66
f 65 66 67
f 67 66 68
f 67 68 69
f 69 68 70
f 69 70 71
f 71 70 72
f 71 72 73
f 73 72 74
f 73 74 75
f 75 74 76
f 75 76 77
f 77 76 78
f 77 78 79
f 79 78 80
f 79 80 81
f 81 80 82
f 81 82 83
f 83 82 84
f 83 84 85
f 85 84 86
f 85 86 87
f 87 86 88
f 87 88 89
f 89 88 90
f 89 90 91
f 91 90 92
f 91 92 93
f 93 92 94
f 93 94 95
f 95 94 96
f 95 96 97
f 97 96 98
f 97 98 99
f 99 98 100
f 99 100 101
f 101 100 102
f 101 102 103
f 103 102 104
f 103 104 105
f 105 104 106
f 105 106 107
f 107 106 108
f 107 108 109
f 109 108 110
f 109 110 111
f 111 110 112
f 111 112 113
f 113 112 114
f 113 114 115
f 115 114 116
f 115 116 117
f 117 116 118
f 117 118 119
f 119 118 120
f 119 120 121
f 121 120 122
f 121 122 123
f 123 122 124
f 123 124 125
f 125 124 126
f 125 126 127
f 127 126 128
f 127 128 129
f 129 128 130
f 129 130 131
f 131 130 132
f 131 132 133
f 133 132 134
f 133 134 135
f 135 134 136
f 135 136 137
f 137 136 138
f 137 138 139
f 139 138 140
f 139 140 141
f 141 140 142
f 141 142 143
f 143 142 144
f 143 144 145
f 145 144 146
f 145 146 147
f 147 146 148
f 147 148 149
f 149 148 150
f 149 150 151
f 151 150 152
f 151 152 153
f 153 152 154
f 153 154 155
f 155 154 156
f 155 156 157
f 157 156 158
f 157 158 159
f 159 158 160
f 159 160 161
f 161 160 162
f 161 162 163
f 163 162 164
f 163 164 165
f 165 164 166
f 165 166 167
f 167 166 168
f 167 168 169
f 169 168 170
f 169 170 171
f 171 170 172
f 171 172 173
f 173 172 174
f 173 174 175
f 175 174 176
f 175 176 177
f 177 176 178
f 177 178 179
f 179 178 180
f 179 180 181
f 181 180 182
f 181 182 183
f 183 182 184
f 183 184 185
f 185 184 186
f 185 186 187
f 187 186 188
f 187 188 189
f 189 188 190
f 189 190 191
f 191 190 192
f 191 192 193
f 193 192 194
f 193 194 195
f 195 194 196
f 195 196 197
f 197 196 198
f 197 198 199
f 199 198 200
f 199 200 201
f 201 200 202
f 201 202 203
f 203 202 204
f 203 204 205
f 205 204 206
f 205 206 207
f 207 206 208
f 207 208 209
f 209 208 210
f 209 210 211
f 211 210 212
f 211 212 213
f 213 212 214
f 213 214 215
f 215 214 216
f 215 216 217
f 217 216 218
f 217 218 219
f 219 218 220
f 219 220 221
f 221 220 222
f 221 222 223
f 223 222 224
f 223 224 225
f 225 224 226
f 225 226 227
f 227 226 228
f 227 228 229
f 229 228 230
f 229 230 231
f 231 230 232
f 231 232 233
f 233 232 234
f 233 234 235
f 235 234 236
f 235 236 237
f 237 236 238
f 237 238 239
f 239 238 240
f 239 240 1
f 1 240 2
f 241 89 242
f 242 89 91
f 242 91 93
f 243 69 241
f 241 69 71
f 241 71 73
f 69 243 67
f 67 243 244
f 67 244 245
f 67 245 65
f 65 245 246
f 65 246 247
f 65 247 63
f 63 247 248
f 63 248 61
f 61 248 249
f 61 249 250
f 61 250 59
f 59 250 251
f 59 251 252
f 59 252 57
f 57 252 253
f 57 253 55
f 55 253 254
f 55 254 255
f 55 255 53
f 53 255 256
f 53 256 51
f 51 256 257
f 51 257 49
f 49 257 258
f 49 258 47
f 47 258 259
f 47 259 45
f 45 259 260
f 45 260 43
f 43 260 261
f 43 261 41
f 41 261 39
f 39 261 262
f 39 262 37
f 37 262 35
f 35 262 263
f 35 263 33
f 33 263 264
f 33 264 31
f 31 264 29
f 29 264 265
f 29 265 27
f 27 265 266
f 27 266 25
f 25 266 23
f 23 266 267
f 23 267 21
f 21 267 19
f 19 267 268
f 19 268 17
f 17 268 269
f 17 269 15
f 15 269 13
f 13 269 270
f 13 270 11
f 11 270 271
f 11 271 9
f 9 271 7
f 7 271 272
f 7 272 5
f 5 272 3
f 3 272 273
f 3 273 1
f 1 273 274
f 1 274 239
f 239 274 237
f 237 274 275
f 237 275 235
f 235 275 276
f 235 276 233
f 233 276 231
f 231 276 277
f 231 277 229
f 229 277 278
f 229 278 227
f 227 278 225
f 225 278 279
f 225 279 223
f 223 279 280
f 223 280 221
f 221 280 281
f 221 281 219
f 219 281 217
f 217 281 282
f 217 282 215
f 215 282 283
f 215 283 213
f 213 283 211
f 211 283 209
f 209 283 207
f 207 283 284
f 207 284 205
f 205 284 203
f 203 284 201
f 201 284 199
f 199 284 197
f 197 284 285
f 197 285 286
f 286 287 197
f 197 287 288
f 197 288 195
f 195 288 289
f 195 289 290
f 195 290 291
f 291 290 292
f 291 292 293
f 293 294 291
f 291 294 295
f 291 295 296
f 296 297 291
f 291 297 298
f 291 298 299
f 299 300 291
f 291 300 301
f 291 301 302
f 302 303 291
f 291 303 304
f 291 304 305
f 305 306 291
f 291 306 307
f 291 307 308
f 309 169 291
f 291 169 171
f 291 171 173
f 310 311 309
f 309 311 312
f 309 312 313
f 313 314 309
f 309 314 315
f 309 315 316
f 316 317 309
f 309 317 318
f 309 318 319
f 319 320 309
f 309 320 321
f 309 321 322
f 322 323 309
f 309 323 242
f 309 242 127
f 127 242 125
f 125 242 123
f 123 242 121
f 121 242 119
f 119 242 117
f 117 242 115
f 115 242 113
f 113 242 111
f 111 242 109
f 109 242 107
f 107 242 105
f 105 242 103
f 103 242 101
f 101 242 99
f 99 242 97
f 97 242 95
f 95 242 93
f 73 75 241
f 241 75 77
f 241 77 79
f 79 81 241
f 241 81 83
f 241 83 85
f 85 87 241
f 241 87 89
f 127 129 309
f 309 129 131
f 309 131 133
f 133 135 309
f 309 135 137
f 309 137 139
f 139 141 309
f 309 141 143
f 309 143 145
f 145 147 309
f 309 147 149
f 309 149 151
f 151 153 309
f 309 153 155
f 309 155 157
f 157 159 309
f 309 159 161
f 309 161 163
f 163 165 309
f 309 165 167
f 309 167 169
f 173 175 291
f 291 175 177
f 291 177 179
f 179 181 291
f 291 181 183
f 291 183 185
f 185 187 291
f 291 187 189
f 291 189 191
f 191 193 291
f 291 193 195
f 291 308 324
f 324 308 325
f 325 308 307
f 325 307 326
f 326 307 306
f 326 306 327
f 327 306 305
f 327 305 328
f 328 305 304
f 328 304 329
f 329 304 303
f 329 303 330
f 330 303 302
f 330 302 331
f 331 302 301
f 331 301 332
f 332 301 300
f 332 300 333
f 333 300 299
f 333 299 334
f 334 299 298
f 334 298 335
f 335 298 297
f 335 297 336
f 336 297 296
f 336 296 337
f 337 296 295
f 337 295 338
f 338 295 294
f 338 294 339
f 339 294 293
f 339 293 340
f 340 293 292
f 340 292 341
f 341 292 290
f 341 290 342
f 342 290 289
f 342 289 343
f 343 289 288
f 343 288 344
f 344 288 287
f 344 287 345
f 345 287 286
f 345 286 346
f 346 286 285
f 346 285 347
f 347 285 284
f 347 284 348
f 284 283 348
f 348 283 349
f 283 282 349
f 349 282 350
f 350 282 281
f 350 281 351
f 351 281 280
f 351 280 352
f 352 280 279
f 352 279 353
f 353 279 278
f 353 278 354
f 354 278 277
f 354 277 355
f 355 277 276
f 355 276 356
f 356 276 275
f 356 275 357
f 357 275 274
f 357 274 358
f 358 274 273
f 358 273 359
f 359 273 272
f 359 272 360
f 360 272 271
f 360 271 361
f 361 271 270
f 361 270 362
f 362 270 269
f 362 269 363
f 363 269 268
f 363 268 364
f 364 268 267
f 364 267 365
f 365 267 266
f 365 266 366
f 366 266 265
f 366 265 367
f 367 265 264
f 367 264 368
f 368 264 263
f 368 263 369
f 369 263 262
f 369 262 370
f 370 262 261
f 370 261 371
f 371 261 260
f 371 260 372
f 372 260 259
f 372 259 373
f 259 258 373
f 373 258 374
f 374 258 257
f 374 257 375
f 375 257 256
f 375 256 376
f 376 256 255
f 376 255 377
f 377 255 254
f 377 254 378
f 378 254 253
f 378 253 379
f 379 253 252
f 379 252 380
f 380 252 251
f 380 251 381
f 381 251 250
f 381 250 382
f 382 250 249
f 382 249 383
f 383 249 248
f 383 248 384
f 384 248 247
f 384 247 385
f 385 247 246
f 385 246 386
f 386 246 245
f 386 245 387
f 387 245 244
f 387 244 388
f 388 244 243
f 388 243 389
f 389 243 390
f 390 243 241
f 350 391 349
f 349 391 392
f 349 392 393
f 391 350 394
f 394 350 351
f 394 351 395
f 395 351 352
f 395 352 396
f 396 352 353
f 396 353 397
f 397 353 354
f 397 354 398
f 398 354 355
f 398 355 399
f 399 355 356
f 399 356 400
f 400 356 357
f 400 357 401
f 401 357 358
f 401 358 402
f 402 358 403
f 403 358 359
f 403 359 404
f 404 359 360
f 404 360 405
f 405 360 361
f 405 361 362
f 362 363 405
f 405 363 364
f 405 364 365
f 365 366 405
f 405 366 367
f 405 367 368
f 368 369 405
f 405 369 370
f 405 370 371
f 371 372 405
f 405 372 373
f 405 373 374
f 374 375 405
f 405 375 376
f 405 376 377
f 377 378 405
f 405 378 379
f 405 379 380
f 380 381 405
f 405 381 406
f 406 381 407
f 407 381 408
f 408 381 409
f 409 381 410
f 410 381 411
f 411 381 412
f 412 381 413
f 413 381 414
f 414 381 415
f 415 381 416
f 416 381 417
f 417 381 418
f 418 381 419
f 419 381 420
f 420 381 421
f 421 381 382
f 421 382 383
f 383 384 421
f 421 384 385
f 421 385 386
f 386 387 421
f 421 387 388
f 421 388 389
f 389 390 421
f 421 390 422
f 422 390 423
f 423 390 424
f 424 390 425
f 425 390 426
f 426 390 427
f 427 390 428
f 428 390 429
f 428 429 430
f 430 429 431
f 431 429 432
f 432 429 433
f 433 429 434
f 434 429 435
f 435 429 436
f 435 436 437
f 437 436 438
f 438 436 439
f 439 436 440
f 440 436 441
f 441 436 442
f 442 436 443
f 443 436 444
f 444 436 445
f 445 436 446
f 445 446 447
f 429 448 436
f 436 448 449
f 436 449 450
f 450 451 436
f 436 451 452
f 436 452 453
f 453 454 436
f 436 454 455
f 436 455 456
f 456 457 436
f 436 457 458
f 436 458 459
f 459 460 436
f 436 460 461
f 461 460 462
f 461 462 463
f 463 462 464
f 463 464 465
f 465 464 466
f 465 466 467
f 467 466 468
f 467 468 469
f 469 468 470
f 469 470 471
f 471 470 472
f 471 472 473
f 473 472 474
f 473 474 475
f 475 474 476
f 475 476 477
f 477 476 478
f 477 478 479
f 479 478 480
f 479 480 481
f 481 480 482
f 481 482 483
f 483 482 484
f 483 484 485
f 485 484 486
f 485 486 487
f 487 486 488
f 487 488 489
f 489 488 490
f 489 490 491
f 491 490 492
f 491 492 493
f 493 492 494
f 493 494 495
f 495 494 496
f 495 496 497
f 497 496 498
f 497 498 499
f 499 498 500
f 499 500 501
f 501 500 502
f 501 502 503
f 503 502 504
f 503 504 505
f 505 504 506
f 505 506 507
f 507 506 508
f 507 508 509
f 509 508 510
f 509 510 511
f 511 510 512
f 511 512 513
f 513 512 514
f 513 514 515
f 515 514 516
f 515 516 517
f 517 516 518
f 517 518 519
f 519 518 520
f 519 520 521
f 521 520 522
f 521 522 523
f 523 522 524
f 523 524 525
f 525 524 526
f 525 526 527
f 527 526 528
f 527 528 529
f 529 528 530
f 529 530 531
f 531 530 532
f 531 532 533
f 533 532 534
f 534 532 535
f 534 535 536
f 537 538 460
f 460 538 539
f 460 539 540
f 541 542 537
f 537 542 543
f 537 543 544
f 534 545 541
f 541 545 546
f 541 546 547
f 324 548 533
f 533 548 549
f 533 549 550
f 325 326 324
f 324 326 327
f 324 327 328
f 328 329 324
f 324 329 330
f 324 330 331
f 331 332 324
f 324 332 333
f 324 333 334
f 334 335 324
f 324 335 336
f 324 336 337
f 337 338 324
f 324 338 339
f 324 339 340
f 340 341 324
f 324 341 342
f 324 342 343
f 343 344 324
f 324 344 345
f 324 345 346
f 346 347 324
f 324 347 348
f 324 348 393
f 393 348 349
f 447 551 324
f 324 551 552
f 324 552 553
f 553 554 324
f 324 554 555
f 324 555 556
f 556 557 324
f 324 557 558
f 324 558 559
f 559 560 324
f 324 560 561
f 324 561 562
f 562 563 324
f 324 563 564
f 324 564 565
f 565 566 324
f 324 566 567
f 324 567 568
f 568 569 324
f 324 569 548
f 550 570 533
f 533 570 571
f 533 571 572
f 572 573 533
f 533 573 574
f 533 574 575
f 575 576 533
f 533 576 577
f 533 577 578
f 578 579 533
f 533 579 580
f 533 580 581
f 581 582 533
f 533 582 583
f 533 583 584
f 584 585 533
f 533 585 586
f 533 586 531
f 540 587 460
f 460 587 462
f 536 588 534
f 534 588 589
f 534 589 590
f 590 591 534
f 534 591 592
f 534 592 593
f 593 594 534
f 534 594 595
f 534 595 596
f 596 597 534
f 534 597 598
f 534 598 599
f 599 600 534
f 534 600 601
f 534 601 602
f 602 603 534
f 534 603 545
f 547 604 541
f 541 604 605
f 541 605 606
f 606 607 541
f 541 607 608
f 541 608 609
f 609 610 541
f 541 610 611
f 541 611 612
f 612 613 541
f 541 613 614
f 541 614 615
f 615 616 541
f 541 616 617
f 541 617 542
f 544 538 537
f 393 618 324
f 324 618 619
f 324 619 620
f 620 621 324
f 324 621 447
f 621 445 447
f 2 622 4
f 4 622 623
f 4 623 6
f 6 623 624
f 6 624 8
f 8 624 625
f 8 625 10
f 10 625 626
f 10 626 12
f 12 626 627
f 12 627 14
f 14 627 628
f 14 628 16
f 16 628 629
f 16 629 18
f 18 629 20
f 20 629 630
f 20 630 22
f 22 630 631
f 22 631 24
f 24 631 632
f 24 632 26
f 26 632 633
f 26 633 28
f 28 633 634
f 28 634 30
f 30 634 635
f 30 635 32
f 32 635 636
f 32 636 34
f 34 636 637
f 34 637 36
f 36 637 38
f 38 637 638
f 38 638 40
f 40 638 639
f 40 639 42
f 42 639 640
f 42 640 44
f 44 640 641
f 44 641 46
f 46 641 642
f 46 642 48
f 48 642 643
f 48 643 50
f 50 643 644
f 50 644 52
f 52 644 645
f 52 645 54
f 54 645 56
f 56 645 646
f 56 646 58
f 58 646 647
f 58 647 60
f 60 647 648
f 60 648 62
f 62 648 649
f 62 649 64
f 64 649 650
f 64 650 66
f 66 650 651
f 66 651 68
f 68 651 652
f 68 652 70
f 70 652 653
f 70 653 72
f 72 653 654
f 72 654 74
f 74 654 76
f 76 654 655
f 76 655 78
f 78 655 656
f 78 656 80
f 80 656 657
f 80 657 82
f 82 657 658
f 82 658 84
f 84 658 659
f 84 659 86
f 86 659 660
f 86 660 88
f 88 660 661
f 88 661 90
f 90 661 662
f 90 662 92
f 92 662 94
f 94 662 663
f 94 663 96
f 96 663 664
f 96 664 98
f 98 664 665
f 98 665 100
f 100 665 666
f 100 666 102
f 102 666 667
f 102 667 104
f 104 667 668
f 104 668 106
f 106 668 669
f 106 669 108
f 108 669 670
f 108 670 110
f 110 670 112
f 112 670 671
f 112 671 114
f 114 671 672
f 114 672 116
f 116 672 673
f 116 673 118
f 118 673 674
f 118 674 120
f 120 674 675
f 120 675 122
f 122 675 676
f 122 676 124
f 124 676 677
f 124 677 126
f 126 677 678
f 126 678 128
f 128 678 130
f 130 678 679
f 130 679 132
f 132 679 680
f 132 680 134
f 134 680 681
f 134 681 136
f 136 681 682
f 136 682 138
f 138 682 683
f 138 683 140
f 140 683 684
f 140 684 142
f 142 684 685
f 142 685 144
f 144 685 686
f 144 686 146
f 146 686 687
f 146 687 148
f 148 687 150
f 150 687 688
f 150 688 152
f 152 688 689
f 152 689 154
f 154 689 690
f 154 690 156
f 156 690 691
f 156 691 158
f 158 691 692
f 158 692 160
f 160 692 693
f 160 693 162
f 162 693 694
f 162 694 164
f 164 694 695
f 164 695 166
f 166 695 168
f 168 695 696
f 168 696 170
f 170 696 697
f 170 697 172
f 172 697 698
f 172 698 174
f 174 698 699
f 174 699 176
f 176 699 700
f 176 700 178
f 178 700 701
f 178 701 180
f 180 701 702
f 180 702 182
f 182 702 703
f 182 703 184
f 184 703 186
f 186 703 704
f 186 704 188
f 188 704 705
f 188 705 190
f 190 705 706
f 190 706 192
f 192 706 707
f 192 707 194
f 194 707 708
f 194 708 196
f 196 708 709
f 196 709 198
f 198 709 710
f 198 710 200
f 200 710 711
f 200 711 202
f 202 711 204
f 204 711 712
f 204 712 206
f 206 712 713
f 206 713 208
f 208 713 714
f 208 714 210
f 210 714 715
f 210 715 212
f 212 715 716
f 212 716 214
f 214 716 717
f 214 717 216
f 216 717 718
f 216 718 218
f 218 718 719
f 218 719 220
f 220 719 222
f 222 719 720
f 222 720 224
f 224 720 721
f 224 721 226
f 226 721 722
f 226 722 228
f 228 722 723
f 228 723 230
f 230 723 724
f 230 724 232
f 232 724 725
f 232 725 234
f 234 725 726
f 234 726 236
f 236 726 727
f 236 727 238
f 238 727 728
f 238 728 240
f 240 728 2
f 2 728 622
f 537 310 541
f 541 310 729
f 729 310 730
f 730 310 309
f 729 731 541
f 541 731 534
f 731 732 534
f 534 732 533
f 291 324 309
f 309 324 533
f 309 533 732
f 732 730 309
f 730 733 729
f 729 733 734
f 729 734 735
f 732 736 730
f 730 736 737
f 730 737 738
f 731 739 732
f 732 739 740
f 732 740 741
f 729 742 731
f 731 742 743
f 731 743 744
f 744 745 731
f 731 745 746
f 731 746 747
f 747 748 731
f 731 748 749
f 731 749 750
f 750 751 731
f 731 751 752
f 731 752 753
f 753 754 731
f 731 754 755
f 731 755 756
f 756 757 731
f 731 757 739
f 739 758 740
f 740 758 759
f 759 758 760
f 759 760 761
f 761 760 762
f 761 762 763
f 763 762 764
f 763 764 765
f 765 764 766
f 765 766 767
f 767 766 768
f 767 768 769
f 769 768 770
f 769 770 771
f 771 770 772
f 771 772 773
f 773 772 774
f 773 774 775
f 775 774 776
f 775 776 777
f 777 776 778
f 777 778 779
f 779 778 780
f 779 780 781
f 781 780 782
f 781 782 783
f 783 782 784
f 783 784 785
f 785 784 786
f 785 786 787
f 787 786 788
f 787 788 789
f 789 788 790
f 789 790 791
f 791 790 792
f 791 792 793
f 793 792 794
f 793 794 795
f 795 794 796
f 795 796 797
f 797 796 798
f 797 798 799
f 799 798 800
f 799 800 801
f 801 800 802
f 801 802 803
f 803 802 804
f 803 804 805
f 805 804 733
f 805 733 730
f 735 806 729
f 729 806 807
f 729 807 808
f 808 809 729
f 729 809 810
f 729 810 811
f 811 812 729
f 729 812 813
f 729 813 814
f 814 815 729
f 729 815 816
f 729 816 817
f 817 818 729
f 729 818 742
f 741 819 732
f 732 819 820
f 732 820 821
f 821 822 732
f 732 822 823
f 732 823 824
f 824 825 732
f 732 825 826
f 732 826 827
f 827 828 732
f 732 828 829
f 732 829 830
f 830 831 732
f 732 831 832
f 732 832 736
f 738 833 730
f 730 833 834
f 730 834 835
f 835 836 730
f 730 836 837
f 730 837 838
f 838 839 730
f 730 839 840
f 730 840 841
f 841 842 730
f 730 842 843
f 730 843 844
f 844 845 730
f 730 845 846
f 730 846 805
f 241 242 390
f 390 242 429
f 847 650 848
f 848 650 649
f 848 649 849
f 849 649 648
f 849 648 850
f 850 648 647
f 850 647 851
f 851 647 646
f 851 646 852
f 852 646 645
f 852 645 853
f 853 645 644
f 853 644 854
f 854 644 643
f 854 643 855
f 855 643 642
f 855 642 856
f 856 642 641
f 856 641 857
f 857 641 640
f 857 640 858
f 858 640 639
f 858 639 859
f 859 639 638
f 859 638 860
f 860 638 637
f 860 637 861
f 861 637 636
f 861 636 862
f 862 636 635
f 862 635 863
f 863 635 634
f 863 634 864
f 864 634 633
f 864 633 865
f 865 633 632
f 865 632 866
f 866 632 631
f 866 631 867
f 867 631 630
f 867 630 868
f 868 630 629
f 868 629 869
f 869 629 628
f 869 628 870
f 870 628 627
f 870 627 871
f 871 627 626
f 871 626 872
f 872 626 625
f 872 625 873
f 873 625 624
f 873 624 874
f 874 624 623
f 874 623 875
f 875 623 622
f 875 622 876
f 876 622 728
f 876 728 877
f 877 728 727
f 877 727 878
f 878 727 726
f 878 726 879
f 879 726 725
f 879 725 880
f 880 725 724
f 880 724 881
f 881 724 723
f 881 723 882
f 882 723 722
f 882 722 883
f 883 722 721
f 883 721 884
f 884 721 720
f 884 720 885
f 885 720 719
f 885 719 886
f 886 719 718
f 886 718 887
f 887 718 717
f 887 717 888
f 888 717 716
f 888 716 889
f 889 716 715
f 889 715 890
f 890 715 714
f 890 714 891
f 891 714 713
f 891 713 892
f 892 713 712
f 892 712 893
f 893 712 711
f 893 711 894
f 894 711 710
f 894 710 895
f 895 710 709
f 895 709 896
f 896 709 708
f 896 708 897
f 897 708 707
f 897 707 898
f 898 707 706
f 898 706 899
f 899 706 705
f 899 705 900
f 900 705 704
f 900 704 901
f 901 704 703
f 901 703 902
f 902 703 702
f 902 702 903
f 903 702 701
f 903 701 904
f 904 701 700
f 904 700 905
f 905 700 699
f 905 699 906
f 906 699 698
f 906 698 907
f 907 698 697
f 907 697 908
f 908 697 696
f 908 696 909
f 909 696 695
f 909 695 910
f 910 695 694
f 910 694 911
f 911 694 693
f 911 693 912
f 912 693 692
f 912 692 913
f 913 692 691
f 913 691 914
f 914 691 690
f 914 690 915
f 915 690 689
f 915 689 916
f 916 689 688
f 916 688 917
f 917 688 687
f 917 687 918
f 918 687 686
f 918 686 919
f 919 686 685
f 919 685 920
f 920 685 684
f 920 684 921
f 921 684 683
f 921 683 922
f 922 683 682
f 922 682 923
f 923 682 681
f 923 681 924
f 924 681 680
f 924 680 925
f 925 680 679
f 925 679 926
f 926 679 678
f 926 678 927
f 927 678 677
f 927 677 928
f 928 677 676
f 928 676 929
f 929 676 675
f 929 675 930
f 930 675 674
f 930 674 931
f 931 674 673
f 931 673 932
f 932 673 672
f 932 672 933
f 933 672 671
f 933 671 934
f 934 671 670
f 934 670 935
f 935 670 669
f 935 669 936
f 936 669 668
f 936 668 937
f 937 668 667
f 937 667 938
f 938 667 666
f 938 666 939
f 939 666 665
f 939 665 940
f 940 665 664
f 940 664 941
f 941 664 663
f 941 663 942
f 942 663 662
f 942 662 943
f 943 662 661
f 943 661 944
f 944 661 660
f 944 660 945
f 945 660 659
f 945 659 946
f 946 659 658
f 946 658 947
f 947 658 657
f 947 657 948
f 948 657 656
f 948 656 949
f 949 656 655
f 949 655 950
f 950 655 654
f 950 654 951
f 951 654 653
f 951 653 952
f 952 653 652
f 952 652 953
f 953 652 651
f 953 651 847
f 847 651 650
f 849 954 848
f 848 954 955
f 848 955 847
f 847 955 956
f 847 956 953
f 953 956 957
f 953 957 952
f 952 957 958
f 952 958 951
f 951 958 959
f 951 959 950
f 950 959 960
f 950 960 949
f 949 960 961
f 949 961 948
f 948 961 947
f 947 961 962
f 947 962 946
f 946 962 963
f 946 963 945
f 945 963 964
f 945 964 944
f 944 964 965
f 944 965 943
f 943 965 966
f 943 966 942
f 942 966 967
f 942 967 941
f 941 967 968
f 941 968 940
f 940 968 969
f 940 969 939
f 939 969 970
f 939 970 938
f 938 970 971
f 938 971 937
f 937 971 972
f 937 972 936
f 936 972 973
f 936 973 935
f 935 973 934
f 934 973 974
f 934 974 933
f 933 974 975
f 933 975 932
f 932 975 976
f 932 976 931
f 931 976 977
f 931 977 930
f 930 977 978
f 930 978 929
f 929 978 979
f 929 979 928
f 928 979 980
f 928 980 927
f 927 980 981
f 927 981 926
f 926 981 982
f 926 982 925
f 925 982 983
f 925 983 924
f 924 983 984
f 924 984 923
f 923 984 985
f 923 985 922
f 922 985 921
f 921 985 986
f 921 986 920
f 920 986 987
f 920 987 919
f 919 987 988
f 919 988 918
f 918 988 989
f 918 989 917
f 917 989 990
f 917 990 916
f 916 990 991
f 916 991 915
f 915 991 992
f 915 992 914
f 914 992 993
f 914 993 913
f 913 993 994
f 913 994 912
f 912 994 995
f 912 995 911
f 911 995 996
f 911 996 910
f 910 996 997
f 910 997 909
f 909 997 998
f 909 998 908
f 908 998 907
f 907 998 999
f 907 999 906
f 906 999 1000
f 906 1000 905
f 905 1000 1001
f 905 1001 904
f 904 1001 1002
f 904 1002 903
f 903 1002 1003
f 903 1003 902
f 902 1003 1004
f 902 1004 901
f 901 1004 1005
f 901 1005 900
f 900 1005 1006
f 900 1006 899
f 899 1006 1007
f 899 1007 898
f 898 1007 1008
f 898 1008 897
f 897 1008 1009
f 897 1009 896
f 896 1009 1010
f 896 1010 895
f 895 1010 894
f 894 1010 1011
f 894 1011 893
f 893 1011 1012
f 893 1012 892
f 892 1012 1013
f 892 1013 891
f 891 1013 1014
f 891 1014 890
f 890 1014 1015
f 890 1015 889
f 889 1015 1016
f 889 1016 888
f 888 1016 1017
f 888 1017 887
f 887 1017 1018
f 887 1018 886
f 886 1018 1019
f 886 1019 885
f 885 1019 1020
f 885 1020 884
f 884 1020 1021
f 884 1021 883
f 883 1021 1022
f 883 1022 882
f 882 1022 1023
f 882 1023 881
f 881 1023 880
f 880 1023 1024
f 880 1024 879
f 879 1024 1025
f 879 1025 878
f 878 1025 1026
f 878 1026 877
f 877 1026 1027
f 877 1027 876
f 876 1027 1028
f 876 1028 875
f 875 1028 1029
f 875 1029 874
f 874 1029 1030
f 874 1030 873
f 873 1030 1031
f 873 1031 872
f 872 1031 1032
f 872 1032 871
f 871 1032 1033
f 871 1033 870
f 870 1033 1034
f 870 1034 869
f 869 1034 1035
f 869 1035 868
f 868 1035 867
f 867 1035 1036
f 867 1036 866
f 866 1036 1037
f 866 1037 865
f 865 1037 1038
f 865 1038 864
f 864 1038 1039
f 864 1039 863
f 863 1039 1040
f 863 1040 862
f 862 1040 1041
f 862 1041 861
f 861 1041 1042
f 861 1042 860
f 860 1042 1043
f 860 1043 859
f 859 1043 1044
f 859 1044 858
f 858 1044 1045
f 858 1045 857
f 857 1045 1046
f 857 1046 856
f 856 1046 1047
f 856 1047 855
f 855 1047 854
f 854 1047 1048
f 854 1048 853
f 853 1048 1049
f 853 1049 852
f 852 1049 1050
f 852 1050 851
f 851 1050 1051
f 851 1051 850
f 850 1051 1052
f 850 1052 849
f 849 1052 954
f 1053 1054 1055
f 1055 1054 1056
f 1055 1056 1057
f 1057 1056 1058
f 1058 1056 1059
f 1059 1056 1060
f 1060 1056 1061
f 1061 1056 1062
f 1062 1056 1063
f 1063 1056 1064
f 1064 1056 1065
f 1065 1056 1066
f 1066 1056 1067
f 1066 1067 1068
f 1068 1067 1069
f 1068 1069 1070
f 1053 1071 1054
f 1054 1071 1072
f 1054 1072 1073
f 1073 1074 1054
f 1054 1074 1075
f 1054 1075 1076
f 1076 1077 1054
f 1054 1077 1078
f 1054 1078 1079
f 1054 1079 1080
f 1080 1079 1081
f 1080 1081 1082
f 1082 1081 1083
f 1083 1081 1084
f 1083 1084 1085
f 1085 1084 1086
f 1086 1084 1087
f 1086 1087 1088
f 1088 1087 1089
f 1089 1087 1090
f 1089 1090 1091
f 1091 1090 1092
f 1092 1090 1093
f 1092 1093 1094
f 1094 1093 1095
f 1094 1095 1096
f 1096 1097 1094
f 1094 1097 1098
f 1094 1098 1099
f 1099 1100 1094
f 1094 1100 1101
f 1094 1101 1102
f 1102 1103 1094
f 1094 1103 1104
f 1094 1104 1105
f 1105 1104 1106
f 1105 1106 1107
f 1107 1108 1105
f 1105 1108 1109
f 1105 1109 1110
f 1110 1111 1105
f 1105 1111 1112
f 1105 1112 1113
f 1113 1114 1105
f 1105 1114 1115
f 1105 1115 1116
f 1116 1115 1117
f 1117 1115 1118
f 1117 1118 1119
f 1119 1118 1120
f 1120 1118 1121
f 1120 1121 1122
f 1122 1121 1123
f 1123 1121 1124
f 1123 1124 1125
f 1125 1124 1126
f 1126 1124 1127
f 1126 1127 1128
f 1128 1127 1129
f 1128 1129 1130
f 1130 1129 1131
f 1130 1131 1132
f 1132 1133 1130
f 1130 1133 1134
f 1130 1134 1135
f 1135 1136 1130
f 1130 1136 1137
f 1130 1137 1138
f 1138 1139 1130
f 1130 1139 1140
f 1130 1140 1141
f 1141 1140 1142
f 1141 1142 1143
f 1143 1144 1141
f 1141 1144 1145
f 1141 1145 1146
f 1146 1147 1141
f 1141 1147 1148
f 1141 1148 1149
f 1149 1150 1141
f 1141 1150 1151
f 1151 1150 1152
f 1151 1152 1153
f 1153 1152 1154
f 1153 1154 1155
f 1155 1154 1156
f 1156 1154 1157
f 1156 1157 1158
f 1158 1157 1159
f 1159 1157 1160
f 1159 1160 1161
f 1161 1160 1162
f 1162 1160 1163
f 1162 1163 1164
f 1164 1163 1165
f 1165 1163 1166
f 1165 1166 1167
f 1167 1168 1165
f 1165 1168 1169
f 1165 1169 1170
f 1170 1171 1165
f 1165 1171 1172
f 1165 1172 1173
f 1173 1174 1165
f 1165 1174 1175
f 1165 1175 1176
f 1176 1175 1177
f 1176 1177 1178
f 1178 1179 1176
f 1176 1179 1180
f 1176 1180 1181
f 1181 1182 1176
f 1176 1182 1183
f 1176 1183 1184
f 1184 1185 1176
f 1176 1185 1186
f 1176 1186 1187
f 1187 1186 1188
f 1187 1188 1189
f 1189 1188 1190
f 1190 1188 1191
f 1190 1191 1192
f 1192 1191 1193
f 1193 1191 1194
f 1193 1194 1195
f 1195 1194 1070
f 1070 1194 1068
f 1003 1055 1004
f 1004 1055 1057
f 1004 1057 1005
f 1005 1057 1058
f 1005 1058 1006
f 1006 1058 1059
f 1006 1059 1007
f 1007 1059 1060
f 1007 1060 1008
f 1008 1060 1061
f 1008 1061 1009
f 1009 1061 1062
f 1009 1062 1010
f 1010 1062 1063
f 1010 1063 1011
f 1011 1063 1064
f 1011 1064 1012
f 1012 1064 1065
f 1012 1065 1013
f 1013 1065 1066
f 1013 1066 1014
f 1014 1066 1068
f 1014 1068 1015
f 1015 1068 1194
f 1015 1194 1016
f 1016 1194 1191
f 1016 1191 1017
f 1017 1191 1188
f 1017 1188 1018
f 1018 1188 1186
f 1018 1186 1019
f 1019 1186 1185
f 1019 1185 1020
f 1020 1185 1184
f 1020 1184 1021
f 1021 1184 1183
f 1021 1183 1022
f 1022 1183 1182
f 1022 1182 1023
f 1023 1182 1181
f 1023 1181 1024
f 1024 1181 1180
f 1024 1180 1025
f 1025 1180 1179
f 1025 1179 1026
f 1026 1179 1178
f 1026 1178 1027
f 1027 1178 1177
f 1027 1177 1028
f 1028 1177 1175
f 1028 1175 1029
f 1029 1175 1174
f 1029 1174 1030
f 1030 1174 1173
f 1030 1173 1031
f 1031 1173 1172
f 1031 1172 1032
f 1032 1172 1171
f 1032 1171 1033
f 1033 1171 1170
f 1033 1170 1034
f 1034 1170 1169
f 1034 1169 1035
f 1035 1169 1168
f 1035 1168 1036
f 1036 1168 1167
f 1036 1167 1037
f 1037 1167 1166
f 1037 1166 1038
f 1038 1166 1163
f 1038 1163 1039
f 1039 1163 1160
f 1039 1160 1040
f 1040 1160 1157
f 1040 1157 1041
f 1041 1157 1154
f 1041 1154 1042
f 1042 1154 1152
f 1042 1152 1043
f 1043 1152 1150
f 1043 1150 1044
f 1044 1150 1149
f 1044 1149 1045
f 1045 1149 1148
f 1045 1148 1046
f 1046 1148 1147
f 1046 1147 1047
f 1047 1147 1146
f 1047 1146 1048
f 1048 1146 1145
f 1048 1145 1049
f 1049 1145 1144
f 1049 1144 1050
f 1050 1144 1143
f 1050 1143 1051
f 1051 1143 1142
f 1051 1142 1052
f 1052 1142 1140
f 1052 1140 954
f 954 1140 1139
f 954 1139 955
f 955 1139 1138
f 955 1138 956
f 956 1138 1137
f 956 1137 957
f 957 1137 1136
f 957 1136 958
f 958 1136 1135
f 958 1135 959
f 959 1135 1134
f 959 1134 960
f 960 1134 1133
f 960 1133 961
f 961 1133 1132
f 961 1132 962
f 962 1132 1131
f 962 1131 963
f 963 1131 1129
f 963 1129 964
f 964 1129 1127
f 964 1127 965
f 965 1127 1124
f 965 1124 966
f 966 1124 1121
f 966 1121 967
f 967 1121 1118
f 967 1118 968
f 968 1118 1115
f 968 1115 969
f 969 1115 1114
f 969 1114 970
f 970 1114 1113
f 970 1113 971
f 971 1113 1112
f 971 1112 972
f 972 1112 1111
f 972 1111 973
f 973 1111 1110
f 973 1110 974
f 974 1110 1109
f 974 1109 975
f 975 1109 1108
f 975 1108 976
f 976 1108 1107
f 976 1107 977
f 977 1107 1106
f 977 1106 978
f 978 1106 1104
f 978 1104 979
f 979 1104 1103
f 979 1103 980
f 980 1103 1102
f 980 1102 981
f 981 1102 1101
f 981 1101 982
f 982 1101 1100
f 982 1100 983
f 983 1100 1099
f 983 1099 984
f 984 1099 1098
f 984 1098 985
f 985 1098 1097
f 985 1097 986
f 986 1097 1096
f 986 1096 987
f 987 1096 1095
f 987 1095 988
f 988 1095 1093
f 988 1093 989
f 989 1093 1090
f 989 1090 990
f 990 1090 1087
f 990 1087 991
f 991 1087 1084
f 991 1084 992
f 992 1084 1081
f 992 1081 993
f 993 1081 1079
f 993 1079 994
f 994 1079 1078
f 994 1078 995
f 995 1078 1077
f 995 1077 996
f 996 1077 1076
f 996 1076 997
f 997 1076 1075
f 997 1075 998
f 998 1075 1074
f 998 1074 999
f 999 1074 1073
f 999 1073 1000
f 1000 1073 1072
f 1000 1072 1001
f 1001 1072 1071
f 1001 1071 1002
f 1002 1071 1053
f 1002 1053 1003
f 1003 1053 1055
f 1196 1197 1198
f 1198 1197 1199
f 1198 1199 1200
f 1201 1202 1196
f 1196 1202 1203
f 1196 1203 1204
f 1201 1205 1202
f 1202 1205 1206
f 1202 1206 1207
f 1207 1208 1202
f 1202 1208 1209
f 1202 1209 1210
f 1210 1211 1202
f 1202 1211 1212
f 1213 1214 1202
f 1202 1214 1215
f 1202 1215 1216
f 1217 1218 1213
f 1213 1218 1219
f 1213 1219 1220
f 1220 1221 1213
f 1213 1221 1222
f 1213 1222 1223
f 1223 1224 1213
f 1213 1224 1225
f 1213 1225 1226
f 1227 1228 1226
f 1226 1228 1229
f 1226 1229 1230
f 1231 1232 1227
f 1227 1232 1233
f 1227 1233 1234
f 1234 1235 1227
f 1227 1235 1236
f 1227 1236 1237
f 1237 1238 1227
f 1227 1238 1239
f 1227 1239 1240
f 1241 1242 1240
f 1240 1242 1243
f 1240 1243 1244
f 1245 1198 1241
f 1241 1198 1246
f 1241 1246 1247
f 1245 1248 1198
f 1198 1248 1249
f 1198 1249 1250
f 1250 1251 1198
f 1198 1251 1252
f 1198 1252 1253
f 1253 1254 1198
f 1198 1254 1255
f 1200 1256 1198
f 1198 1256 1257
f 1198 1257 1258
f 1258 1259 1198
f 1198 1259 1246
f 1247 1260 1241
f 1241 1260 1261
f 1241 1261 1262
f 1262 1263 1241
f 1241 1263 1264
f 1241 1264 1242
f 1244 1265 1240
f 1240 1265 1266
f 1240 1266 1267
f 1267 1268 1240
f 1240 1268 1269
f 1240 1269 1227
f 1227 1269 1270
f 1227 1270 1271
f 1271 1272 1227
f 1227 1272 1273
f 1227 1273 1274
f 1274 1275 1227
f 1227 1275 1276
f 1227 1276 1228
f 1230 1277 1226
f 1226 1277 1278
f 1226 1278 1279
f 1279 1280 1226
f 1226 1280 1281
f 1226 1281 1213
f 1213 1281 1282
f 1213 1282 1283
f 1283 1284 1213
f 1213 1284 1285
f 1213 1285 1286
f 1286 1287 1213
f 1213 1287 1214
f 1216 1288 1202
f 1202 1288 1289
f 1202 1289 1290
f 1290 1291 1202
f 1202 1291 1203
f 1204 1292 1196
f 1196 1292 1293
f 1196 1293 1294
f 1294 1295 1196
f 1196 1295 1296
f 1196 1296 1197
f 1213 1202 1176
f 1176 1202 1165
f 1227 1226 1054
f 1054 1226 1056
f 1094 1105 1240
f 1240 1105 1241
f 1130 1141 1198
f 1198 1141 1196
f 406 1214 405
f 405 1214 1287
f 405 1287 404
f 404 1287 1286
f 404 1286 403
f 403 1286 1285
f 403 1285 402
f 402 1285 1284
f 402 1284 401
f 401 1284 1283
f 401 1283 400
f 400 1283 1282
f 400 1282 399
f 399 1282 1281
f 399 1281 398
f 398 1281 1280
f 398 1280 397
f 397 1280 1279
f 397 1279 396
f 396 1279 1278
f 396 1278 395
f 395 1278 1277
f 395 1277 394
f 394 1277 1230
f 394 1230 391
f 391 1230 1229
f 391 1229 392
f 392 1229 1228
f 392 1228 393
f 393 1228 1276
f 393 1276 618
f 618 1276 1275
f 618 1275 619
f 619 1275 1274
f 619 1274 620
f 620 1274 1273
f 620 1273 621
f 621 1273 1272
f 621 1272 445
f 445 1272 1271
f 445 1271 444
f 444 1271 1270
f 444 1270 443
f 443 1270 1269
f 443 1269 442
f 442 1269 1268
f 442 1268 441
f 441 1268 1267
f 441 1267 440
f 440 1267 1266
f 440 1266 439
f 439 1266 1265
f 439 1265 438
f 438 1265 1244
f 438 1244 437
f 437 1244 1243
f 437 1243 435
f 435 1243 1242
f 435 1242 434
f 434 1242 1264
f 434 1264 433
f 433 1264 1263
f 433 1263 432
f 432 1263 1262
f 432 1262 431
f 431 1262 1261
f 431 1261 430
f 430 1261 1260
f 430 1260 428
f 428 1260 1247
f 428 1247 427
f 427 1247 1246
f 427 1246 426
f 426 1246 1259
f 426 1259 425
f 425 1259 1258
f 425 1258 424
f 424 1258 1257
f 424 1257 423
f 423 1257 1256
f 423 1256 422
f 422 1256 1200
f 422 1200 421
f 421 1200 1199
f 421 1199 420
f 420 1199 1197
f 420 1197 419
f 419 1197 1296
f 419 1296 418
f 418 1296 1295
f 418 1295 417
f 417 1295 1294
f 417 1294 416
f 416 1294 1293
f 416 1293 415
f 415 1293 1292
f 415 1292 414
f 414 1292 1204
f 414 1204 413
f 413 1204 1203
f 413 1203 412
f 412 1203 1291
f 412 1291 411
f 411 1291 1290
f 411 1290 410
f 410 1290 1289
f 410 1289 409
f 409 1289 1288
f 409 1288 408
f 408 1288 1216
f 408 1216 407
f 407 1216 1215
f 407 1215 406
f 406 1215 1214
f 783 1297 781
f 781 1297 1298
f 781 1298 779
f 779 1298 1299
f 779 1299 777
f 777 1299 1300
f 777 1300 775
f 775 1300 1301
f 775 1301 773
f 773 1301 1302
f 773 1302 771
f 771 1302 1303
f 771 1303 769
f 769 1303 1304
f 769 1304 767
f 767 1304 1305
f 767 1305 765
f 765 1305 1306
f 765 1306 763
f 763 1306 1307
f 763 1307 761
f 761 1307 1308
f 761 1308 759
f 759 1308 1309
f 759 1309 740
f 740 1309 1310
f 740 1310 741
f 741 1310 1311
f 741 1311 819
f 819 1311 1312
f 819 1312 820
f 820 1312 1313
f 820 1313 821
f 821 1313 1314
f 821 1314 822
f 822 1314 1315
f 822 1315 823
f 823 1315 1316
f 823 1316 824
f 824 1316 1317
f 824 1317 825
f 825 1317 1318
f 825 1318 826
f 826 1318 1319
f 826 1319 827
f 827 1319 1320
f 827 1320 828
f 828 1320 1321
f 828 1321 829
f 829 1321 1322
f 829 1322 830
f 830 1322 1323
f 830 1323 831
f 831 1323 1324
f 831 1324 832
f 832 1324 1325
f 832 1325 736
f 736 1325 1326
f 736 1326 737
f 737 1326 1327
f 737 1327 738
f 738 1327 1328
f 738 1328 833
f 833 1328 1329
f 833 1329 834
f 834 1329 1330
f 834 1330 835
f 835 1330 1331
f 835 1331 836
f 836 1331 1332
f 836 1332 837
f 837 1332 1333
f 837 1333 838
f 838 1333 1334
f 838 1334 839
f 839 1334 1335
f 839 1335 840
f 840 1335 1336
f 840 1336 841
f 841 1336 1337
f 841 1337 842
f 842 1337 1338
f 842 1338 843
f 843 1338 1339
f 843 1339 844
f 844 1339 1340
f 844 1340 845
f 845 1340 1341
f 845 1341 846
f 846 1341 1342
f 846 1342 805
f 805 1342 1343
f 805 1343 803
f 803 1343 1344
f 803 1344 801
f 801 1344 1345
f 801 1345 799
f 799 1345 1346
f 799 1346 797
f 797 1346 1347
f 797 1347 795
f 795 1347 1348
f 795 1348 793
f 793 1348 1349
f 793 1349 791
f 791 1349 1350
f 791 1350 789
f 789 1350 1351
f 789 1351 787
f 787 1351 1352
f 787 1352 785
f 785 1352 1353
f 785 1353 783
f 783 1353 1297
f 1354 1355 1326
f 1326 1355 1356
f 1326 1356 1327
f 1327 1356 1357
f 1327 1357 1328
f 1328 1357 1358
f 1328 1358 1329
f 1329 1358 1359
f 1329 1359 1360
f 1329 1360 1330
f 1330 1360 1361
f 1330 1361 1331
f 1331 1361 1362
f 1331 1362 1363
f 1331 1363 1332
f 1332 1363 1364
f 1332 1364 1333
f 1333 1364 1365
f 1333 1365 1334
f 1334 1365 1366
f 1334 1366 1367
f 1334 1367 1335
f 1335 1367 1368
f 1335 1368 1336
f 1336 1368 1369
f 1336 1369 1337
f 1337 1369 1370
f 1337 1370 1371
f 1337 1371 1338
f 1338 1371 1372
f 1338 1372 1339
f 1339 1372 1373
f 1339 1373 1340
f 1340 1373 1374
f 1340 1374 1375
f 1340 1375 1341
f 1341 1375 1376
f 1341 1376 1342
f 1342 1376 1377
f 1342 1377 1378
f 1342 1378 1343
f 1343 1378 1379
f 1343 1379 1344
f 1344 1379 1380
f 1344 1380 1345
f 1345 1380 1381
f 1345 1381 1382
f 1345 1382 1346
f 1346 1382 1383
f 1346 1383 1347
f 1347 1383 1384
f 1347 1384 1348
f 1348 1384 1385
f 1348 1385 1386
f 1348 1386 1349
f 1349 1386 1387
f 1349 1387 1350
f 1350 1387 1388
f 1350 1388 1389
f 1350 1389 1351
f 1351 1389 1390
f 1351 1390 1352
f 1352 1390 1391
f 1352 1391 1353
f 1353 1391 1392
f 1353 1392 1393
f 1353 1393 1297
f 1297 1393 1394
f 1297 1394 1298
f 1298 1394 1395
f 1298 1395 1299
f 1299 1395 1396
f 1299 1396 1397
f 1299 1397 1300
f 1300 1397 1398
f 1300 1398 1301
f 1301 1398 1399
f 1301 1399 1302
f 1302 1399 1400
f 1302 1400 1401
f 1302 1401 1303
f 1303 1401 1402
f 1303 1402 1304
f 1304 1402 1403
f 1304 1403 1404
f 1304 1404 1305
f 1305 1404 1405
f 1305 1405 1306
f 1306 1405 1406
f 1306 1406 1307
f 1307 1406 1407
f 1307 1407 1408
f 1307 1408 1308
f 1308 1408 1409
f 1308 1409 1309
f 1309 1409 1410
f 1309 1410 1310
f 1310 1410 1411
f 1310 1411 1412
f 1310 1412 1311
f 1311 1412 1413
f 1311 1413 1312
f 1312 1413 1414
f 1312 1414 1415
f 1312 1415 1313
f 1313 1415 1416
f 1313 1416 1314
f 1314 1416 1417
f 1314 1417 1315
f 1315 1417 1418
f 1315 1418 1419
f 1315 1419 1316
f 1316 1419 1420
f 1316 1420 1317
f 1317 1420 1421
f 1317 1421 1318
f 1318 1421 1422
f 1318 1422 1423
f 1318 1423 1319
f 1319 1423 1424
f 1319 1424 1320
f 1320 1424 1425
f 1320 1425 1321
f 1321 1425 1426
f 1321 1426 1427
f 1321 1427 1322
f 1322 1427 1428
f 1322 1428 1323
f 1323 1428 1429
f 1323 1429 1430
f 1323 1430 1324
f 1324 1430 1431
f 1324 1431 1325
f 1325 1431 1354
f 1325 1354 1326
f 447 1432 551
f 551 1432 1433
f 551 1433 552
f 552 1433 1434
f 552 1434 553
f 553 1434 1435
f 553 1435 554
f 554 1435 1436
f 554 1436 555
f 555 1436 1437
f 555 1437 556
f 556 1437 1438
f 556 1438 557
f 557 1438 1439
f 557 1439 558
f 558 1439 1440
f 558 1440 559
f 559 1440 1441
f 559 1441 560
f 560 1441 1442
f 560 1442 561
f 561 1442 1443
f 561 1443 562
f 562 1443 1444
f 562 1444 563
f 563 1444 1445
f 563 1445 564
f 564 1445 1446
f 564 1446 565
f 565 1446 1447
f 565 1447 566
f 566 1447 1448
f 566 1448 567
f 567 1448 1449
f 567 1449 568
f 568 1449 1450
f 568 1450 569
f 569 1450 1451
f 569 1451 548
f 548 1451 1452
f 548 1452 549
f 549 1452 1453
f 549 1453 550
f 550 1453 1454
f 550 1454 570
f 570 1454 1455
f 570 1455 571
f 571 1455 1456
f 571 1456 572
f 572 1456 1457
f 572 1457 573
f 573 1457 1458
f 573 1458 574
f 574 1458 1459
f 574 1459 575
f 575 1459 1460
f 575 1460 576
f 576 1460 1461
f 576 1461 577
f 577 1461 1462
f 577 1462 578
f 578 1462 1463
f 578 1463 579
f 579 1463 1464
f 579 1464 580
f 580 1464 1465
f 580 1465 581
f 581 1465 1466
f 581 1466 582
f 582 1466 1467
f 582 1467 583
f 583 1467 1468
f 583 1468 584
f 584 1468 1469
f 584 1469 585
f 585 1469 1470
f 585 1470 586
f 586 1470 1471
f 586 1471 531
f 531 1471 1472
f 531 1472 529
f 529 1472 1473
f 529 1473 527
f 527 1473 1474
f 527 1474 525
f 525 1474 1475
f 525 1475 523
f 523 1475 1476
f 523 1476 521
f 521 1476 1477
f 521 1477 519
f 519 1477 1478
f 519 1478 517
f 517 1478 1479
f 517 1479 515
f 515 1479 1480
f 515 1480 513
f 513 1480 1481
f 513 1481 511
f 511 1481 1482
f 511 1482 509
f 509 1482 1483
f 509 1483 507
f 507 1483 1484
f 507 1484 505
f 505 1484 1485
f 505 1485 503
f 503 1485 1486
f 503 1486 501
f 501 1486 1487
f 501 1487 499
f 499 1487 1488
f 499 1488 497
f 497 1488 1489
f 497 1489 495
f 495 1489 1490
f 495 1490 493
f 493 1490 1491
f 493 1491 491
f 491 1491 1492
f 491 1492 489
f 489 1492 1493
f 489 1493 487
f 487 1493 1494
f 487 1494 485
f 485 1494 1495
f 485 1495 483
f 483 1495 1496
f 483 1496 481
f 481 1496 1497
f 481 1497 479
f 479 1497 1498
f 479 1498 477
f 477 1498 1499
f 477 1499 475
f 475 1499 1500
f 475 1500 473
f 473 1500 1501
f 473 1501 471
f 471 1501 1502
f 471 1502 469
f 469 1502 1503
f 469 1503 467
f 467 1503 1504
f 467 1504 465
f 465 1504 1505
f 465 1505 463
f 463 1505 1506
f 463 1506 461
f 461 1506 1507
f 461 1507 436
f 436 1507 1508
f 436 1508 446
f 446 1508 1509
f 446 1509 447
f 447 1509 1432
f 1354 1453 1355
f 1355 1453 1452
f 1355 1452 1356
f 1356 1452 1451
f 1356 1451 1357
f 1357 1451 1450
f 1357 1450 1358
f 1358 1450 1449
f 1358 1449 1359
f 1359 1449 1448
f 1359 1448 1360
f 1360 1448 1447
f 1360 1447 1361
f 1361 1447 1446
f 1361 1446 1362
f 1362 1446 1445
f 1362 1445 1363
f 1363 1445 1444
f 1363 1444 1364
f 1364 1444 1443
f 1364 1443 1365
f 1365 1443 1442
f 1365 1442 1366
f 1366 1442 1441
f 1366 1441 1367
f 1367 1441 1440
f 1367 1440 1368
f 1368 1440 1439
f 1368 1439 1369
f 1369 1439 1438
f 1369 1438 1370
f 1370 1438 1437
f 1370 1437 1371
f 1371 1437 1436
f 1371 1436 1372
f 1372 1436 1435
f 1372 1435 1373
f 1373 1435 1434
f 1373 1434 1374
f 1374 1434 1433
f 1374 1433 1375
f 1375 1433 1432
f 1375 1432 1376
f 1376 1432 1509
f 1376 1509 1377
f 1377 1509 1508
f 1377 1508 1378
f 1378 1508 1507
f 1378 1507 1379
f 1379 1507 1506
f 1379 1506 1380
f 1380 1506 1505
f 1380 1505 1381
f 1381 1505 1504
f 1381 1504 1382
f 1382 1504 1503
f 1382 1503 1383
f 1383 1503 1502
f 1383 1502 1384
f 1384 1502 1501
f 1384 1501 1385
f 1385 1501 1500
f 1385 1500 1386
f 1386 1500 1499
f 1386 1499 1387
f 1387 1499 1498
f 1387 1498 1388
f 1388 1498 1497
f 1388 1497 1389
f 1389 1497 1496
f 1389 1496 1390
f 1390 1496 1495
f 1390 1495 1391
f 1391 1495 1494
f 1391 1494 1392
f 1392 1494 1493
f 1392 1493 1393
f 1393 1493 1492
f 1393 1492 1394
f 1394 1492 1491
f 1394 1491 1395
f 1395 1491 1490
f 1395 1490 1396
f 1396 1490 1489
f 1396 1489 1397
f 1397 1489 1488
f 1397 1488 1398
f 1398 1488 1487
f 1398 1487 1399
f 1399 1487 1486
f 1399 1486 1400
f 1400 1486 1485
f 1400 1485 1401
f 1401 1485 1484
f 1401 1484 1402
f 1402 1484 1483
f 1402 1483 1403
f 1403 1483 1482
f 1403 1482 1404
f 1404 1482 1481
f 1404 1481 1405
f 1405 1481 1480
f 1405 1480 1406
f 1406 1480 1479
f 1406 1479 1407
f 1407 1479 1478
f 1407 1478 1408
f 1408 1478 1477
f 1408 1477 1409
f 1409 1477 1476
f 1409 1476 1410
f 1410 1476 1475
f 1410 1475 1411
f 1411 1475 1474
f 1411 1474 1412
f 1412 1474 1473
f 1412 1473 1413
f 1413 1473 1472
f 1413 1472 1414
f 1414 1472 1471
f 1414 1471 1415
f 1415 1471 1470
f 1415 1470 1416
f 1416 1470 1469
f 1416 1469 1417
f 1417 1469 1468
f 1417 1468 1418
f 1418 1468 1467
f 1418 1467 1419
f 1419 1467 1466
f 1419 1466 1420
f 1420 1466 1465
f 1420 1465 1421
f 1421 1465 1464
f 1421 1464 1422
f 1422 1464 1463
f 1422 1463 1423
f 1423 1463 1462
f 1423 1462 1424
f 1424 1462 1461
f 1424 1461 1425
f 1425 1461 1460
f 1425 1460 1426
f 1426 1460 1459
f 1426 1459 1427
f 1427 1459 1458
f 1427 1458 1428
f 1428 1458 1457
f 1428 1457 1429
f 1429 1457 1456
f 1429 1456 1430
f 1430 1456 1455
f 1430 1455 1431
f 1431 1455 1454
f 1431 1454 1354
f 1354 1454 1453
f 818 1510 742
f 742 1510 1511
f 742 1511 743
f 743 1511 1512
f 743 1512 744
f 744 1512 1513
f 744 1513 745
f 745 1513 1514
f 745 1514 746
f 746 1514 1515
f 746 1515 747
f 747 1515 1516
f 747 1516 748
f 748 1516 1517
f 748 1517 749
f 749 1517 1518
f 749 1518 750
f 750 1518 1519
f 750 1519 751
f 751 1519 1520
f 751 1520 752
f 752 1520 1521
f 752 1521 753
f 753 1521 1522
f 753 1522 754
f 754 1522 1523
f 754 1523 755
f 755 1523 1524
f 755 1524 756
f 756 1524 1525
f 756 1525 757
f 757 1525 1526
f 757 1526 739
f 739 1526 1527
f 739 1527 758
f 758 1527 1528
f 758 1528 760
f 760 1528 1529
f 760 1529 762
f 762 1529 1530
f 762 1530 764
f 764 1530 1531
f 764 1531 766
f 766 1531 1532
f 766 1532 768
f 768 1532 1533
f 768 1533 770
f 770 1533 1534
f 770 1534 772
f 772 1534 1535
f 772 1535 774
f 774 1535 1536
f 774 1536 776
f 776 1536 1537
f 776 1537 778
f 778 1537 1538
f 778 1538 780
f 780 1538 1539
f 780 1539 782
f 782 1539 1540
f 782 1540 784
f 784 1540 1541
f 784 1541 786
f 786 1541 1542
f 786 1542 788
f 788 1542 1543
f 788 1543 790
f 790 1543 1544
f 790 1544 792
f 792 1544 1545
f 792 1545 794
f 794 1545 1546
f 794 1546 796
f 796 1546 1547
f 796 1547 798
f 798 1547 1548
f 798 1548 800
f 800 1548 1549
f 800 1549 802
f 802 1549 1550
f 802 1550 804
f 804 1550 1551
f 804 1551 733
f 733 1551 1552
f 733 1552 734
f 734 1552 1553
f 734 1553 735
f 735 1553 1554
f 735 1554 806
f 806 1554 1555
f 806 1555 807
f 807 1555 1556
f 807 1556 808
f 808 1556 1557
f 808 1557 809
f 809 1557 1558
f 809 1558 810
f 810 1558 1559
f 810 1559 811
f 811 1559 1560
f 811 1560 812
f 812 1560 1561
f 812 1561 813
f 813 1561 1562
f 813 1562 814
f 814 1562 1563
f 814 1563 815
f 815 1563 1564
f 815 1564 816
f 816 1564 1565
f 816 1565 817
f 817 1565 1566
f 817 1566 818
f 818 1566 1510
f 1567 1568 1539
f 1539 1568 1569
f 1539 1569 1540
f 1540 1569 1570
f 1540 1570 1541
f 1541 1570 1571
f 1541 1571 1542
f 1542 1571 1572
f 1542 1572 1573
f 1542 1573 1543
f 1543 1573 1574
f 1543 1574 1544
f 1544 1574 1575
f 1544 1575 1576
f 1544 1576 1545
f 1545 1576 1577
f 1545 1577 1546
f 1546 1577 1578
f 1546 1578 1547
f 1547 1578 1579
f 1547 1579 1580
f 1547 1580 1548
f 1548 1580 1581
f 1548 1581 1549
f 1549 1581 1582
f 1549 1582 1550
f 1550 1582 1583
f 1550 1583 1584
f 1550 1584 1551
f 1551 1584 1585
f 1551 1585 1552
f 1552 1585 1586
f 1552 1586 1553
f 1553 1586 1587
f 1553 1587 1588
f 1553 1588 1554
f 1554 1588 1589
f 1554 1589 1555
f 1555 1589 1590
f 1555 1590 1591
f 1555 1591 1556
f 1556 1591 1592
f 1556 1592 1557
f 1557 1592 1593
f 1557 1593 1558
f 1558 1593 1594
f 1558 1594 1595
f 1558 1595 1559
f 1559 1595 1596
f 1559 1596 1560
f 1560 1596 1597
f 1560 1597 1561
f 1561 1597 1598
f 1561 1598 1599
f 1561 1599 1562
f 1562 1599 1600
f 1562 1600 1563
f 1563 1600 1601
f 1563 1601 1602
f 1563 1602 1564
f 1564 1602 1603
f 1564 1603 1565
f 1565 1603 1604
f 1565 1604 1566
f 1566 1604 1605
f 1566 1605 1606
f 1566 1606 1510
f 1510 1606 1607
f 1510 1607 1511
f 1511 1607 1608
f 1511 1608 1512
f 1512 1608 1609
f 1512 1609 1610
f 1512 1610 1513
f 1513 1610 1611
f 1513 1611 1514
f 1514 1611 1612
f 1514 1612 1515
f 1515 1612 1613
f 1515 1613 1614
f 1515 1614 1516
f 1516 1614 1615
f 1516 1615 1517
f 1517 1615 1616
f 1517 1616 1617
f 1517 1617 1518
f 1518 1617 1618
f 1518 1618 1519
f 1519 1618 1619
f 1519 1619 1520
f 1520 1619 1620
f 1520 1620 1621
f 1520 1621 1521
f 1521 1621 1622
f 1521 1622 1522
f 1522 1622 1623
f 1522 1623 1523
f 1523 1623 1624
f 1523 1624 1625
f 1523 1625 1524
f 1524 1625 1626
f 1524 1626 1525
f 1525 1626 1627
f 1525 1627 1628
f 1525 1628 1526
f 1526 1628 1629
f 1526 1629 1527
f 1527 1629 1630
f 1527 1630 1528
f 1528 1630 1631
f 1528 1631 1632
f 1528 1632 1529
f 1529 1632 1633
f 1529 1633 1530
f 1530 1633 1634
f 1530 1634 1531
f 1531 1634 1635
f 1531 1635 1636
f 1531 1636 1532
f 1532 1636 1637
f 1532 1637 1533
f 1533 1637 1638
f 1533 1638 1534
f 1534 1638 1639
f 1534 1639 1640
f 1534 1640 1535
f 1535 1640 1641
f 1535 1641 1536
f 1536 1641 1642
f 1536 1642 1643
f 1536 1643 1537
f 1537 1643 1644
f 1537 1644 1538
f 1538 1644 1567
f 1538 1567 1539
f 544 1645 538
f 538 1645 1646
f 538 1646 539
f 539 1646 1647
f 539 1647 540
f 540 1647 1648
f 540 1648 587
f 587 1648 1649
f 587 1649 462
f 462 1649 1650
f 462 1650 464
f 464 1650 1651
f 464 1651 466
f 466 1651 1652
f 466 1652 468
f 468 1652 1653
f 468 1653 470
f 470 1653 1654
f 470 1654 472
f 472 1654 1655
f 472 1655 474
f 474 1655 1656
f 474 1656 476
f 476 1656 1657
f 476 1657 478
f 478 1657 1658
f 478 1658 480
f 480 1658 1659
f 480 1659 482
f 482 1659 1660
f 482 1660 484
f 484 1660 1661
f 484 1661 486
f 486 1661 1662
f 486 1662 488
f 488 1662 1663
f 488 1663 490
f 490 1663 1664
f 490 1664 492
f 492 1664 1665
f 492 1665 494
f 494 1665 1666
f 494 1666 496
f 496 1666 1667
f 496 1667 498
f 498 1667 1668
f 498 1668 500
f 500 1668 1669
f 500 1669 502
f 502 1669 1670
f 502 1670 504
f 504 1670 1671
f 504 1671 506
f 506 1671 1672
f 506 1672 508
f 508 1672 1673
f 508 1673 510
f 510 1673 1674
f 510 1674 512
f 512 1674 1675
f 512 1675 514
f 514 1675 1676
f 514 1676 516
f 516 1676 1677
f 516 1677 518
f 518 1677 1678
f 518 1678 520
f 520 1678 1679
f 520 1679 522
f 522 1679 1680
f 522 1680 524
f 524 1680 1681
f 524 1681 526
f 526 1681 1682
f 526 1682 528
f 528 1682 1683
f 528 1683 530
f 530 1683 1684
f 530 1684 532
f 532 1684 1685
f 532 1685 535
f 535 1685 1686
f 535 1686 536
f 536 1686 1687
f 536 1687 588
f 588 1687 1688
f 588 1688 589
f 589 1688 1689
f 589 1689 590
f 590 1689 1690
f 590 1690 591
f 591 1690 1691
f 591 1691 592
f 592 1691 1692
f 592 1692 593
f 593 1692 1693
f 593 1693 594
f 594 1693 1694
f 594 1694 595
f 595 1694 1695
f 595 1695 596
f 596 1695 1696
f 596 1696 597
f 597 1696 1697
f 597 1697 598
f 598 1697 1698
f 598 1698 599
f 599 1698 1699
f 599 1699 600
f 600 1699 1700
f 600 1700 601
f 601 1700 1701
f 601 1701 602
f 602 1701 1702
f 602 1702 603
f 603 1702 1703
f 603 1703 545
f 545 1703 1704
f 545 1704 546
f 546 1704 1705
f 546 1705 547
f 547 1705 1706
f 547 1706 604
f 604 1706 1707
f 604 1707 605
f 605 1707 1708
f 605 1708 606
f 606 1708 1709
f 606 1709 607
f 607 1709 1710
f 607 1710 608
f 608 1710 1711
f 608 1711 609
f 609 1711 1712
f 609 1712 610
f 610 1712 1713
f 610 1713 611
f 611 1713 1714
f 611 1714 612
f 612 1714 1715
f 612 1715 613
f 613 1715 1716
f 613 1716 614
f 614 1716 1717
f 614 1717 615
f 615 1717 1718
f 615 1718 616
f 616 1718 1719
f 616 1719 617
f 617 1719 1720
f 617 1720 542
f 542 1720 1721
f 542 1721 543
f 543 1721 1722
f 543 1722 544
f 544 1722 1645
f 1567 1666 1568
f 1568 1666 1665
f 1568 1665 1569
f 1569 1665 1664
f 1569 1664 1570
f 1570 1664 1663
f 1570 1663 1571
f 1571 1663 1662
f 1571 1662 1572
f 1572 1662 1661
f 1572 1661 1573
f 1573 1661 1660
f 1573 1660 1574
f 1574 1660 1659
f 1574 1659 1575
f 1575 1659 1658
f 1575 1658 1576
f 1576 1658 1657
f 1576 1657 1577
f 1577 1657 1656
f 1577 1656 1578
f 1578 1656 1655
f 1578 1655 1579
f 1579 1655 1654
f 1579 1654 1580
f 1580 1654 1653
f 1580 1653 1581
f 1581 1653 1652
f 1581 1652 1582
f 1582 1652 1651
f 1582 1651 1583
f 1583 1651 1650
f 1583 1650 1584
f 1584 1650 1649
f 1584 1649 1585
f 1585 1649 1648
f 1585 1648 1586
f 1586 1648 1647
f 1586 1647 1587
f 1587 1647 1646
f 1587 1646 1588
f 1588 1646 1645
f 1588 1645 1589
f 1589 1645 1722
f 1589 1722 1590
f 1590 1722 1721
f 1590 1721 1591
f 1591 1721 1720
f 1591 1720 1592
f 1592 1720 1719
f 1592 1719 1593
f 1593 1719 1718
f 1593 1718 1594
f 1594 1718 1717
f 1594 1717 1595
f 1595 1717 1716
f 1595 1716 1596
f 1596 1716 1715
f 1596 1715 1597
f 1597 1715 1714
f 1597 1714 1598
f 1598 1714 1713
f 1598 1713 1599
f 1599 1713 1712
f 1599 1712 1600
f 1600 1712 1711
f 1600 1711 1601
f 1601 1711 1710
f 1601 1710 1602
f 1602 1710 1709
f 1602 1709 1603
f 1603 1709 1708
f 1603 1708 1604
f 1604 1708 1707
f 1604 1707 1605
f 1605 1707 1706
f 1605 1706 1606
f 1606 1706 1705
f 1606 1705 1607
f 1607 1705 1704
f 1607 1704 1608
f 1608 1704 1703
f 1608 1703 1609
f 1609 1703 1702
f 1609 1702 1610
f 1610 1702 1701
f 1610 1701 1611
f 1611 1701 1700
f 1611 1700 1612
f 1612 1700 1699
f 1612 1699 1613
f 1613 1699 1698
f 1613 1698 1614
f 1614 1698 1697
f 1614 1697 1615
f 1615 1697 1696
f 1615 1696 1616
f 1616 1696 1695
f 1616 1695 1617
f 1617 1695 1694
f 1617 1694 1618
f 1618 1694 1693
f 1618 1693 1619
f 1619 1693 1692
f 1619 1692 1620
f 1620 1692 1691
f 1620 1691 1621
f 1621 1691 1690
f 1621 1690 1622
f 1622 1690 1689
f 1622 1689 1623
f 1623 1689 1688
f 1623 1688 1624
f 1624 1688 1687
f 1624 1687 1625
f 1625 1687 1686
f 1625 1686 1626
f 1626 1686 1685
f 1626 1685 1627
f 1627 1685 1684
f 1627 1684 1628
f 1628 1684 1683
f 1628 1683 1629
f 1629 1683 1682
f 1629 1682 1630
f 1630 1682 1681
f 1630 1681 1631
f 1631 1681 1680
f 1631 1680 1632
f 1632 1680 1679
f 1632 1679 1633
f 1633 1679 1678
f 1633 1678 1634
f 1634 1678 1677
f 1634 1677 1635
f 1635 1677 1676
f 1635 1676 1636
f 1636 1676 1675
f 1636 1675 1637
f 1637 1675 1674
f 1637 1674 1638
f 1638 1674 1673
f 1638 1673 1639
f 1639 1673 1672
f 1639 1672 1640
f 1640 1672 1671
f 1640 1671 1641
f 1641 1671 1670
f 1641 1670 1642
f 1642 1670 1669
f 1642 1669 1643
f 1643 1669 1668
f 1643 1668 1644
f 1644 1668 1667
f 1644 1667 1567
f 1567 1667 1666
f 1165 1202 1723
f 1723 1202 1212
f 1723 1212 1724
f 1724 1212 1211
f 1724 1211 1725
f 1725 1211 1210
f 1725 1210 1726
f 1726 1210 1209
f 1726 1209 1727
f 1727 1209 1208
f 1727 1208 1728
f 1728 1208 1207
f 1728 1207 1729
f 1729 1207 1206
f 1729 1206 1730
f 1730 1206 1205
f 1730 1205 1731
f 1731 1205 1201
f 1731 1201 1141
f 1141 1201 1196
f 1141 1151 1731
f 1731 1151 1153
f 1731 1153 1730
f 1730 1153 1155
f 1730 1155 1729
f 1729 1155 1156
f 1729 1156 1728
f 1728 1156 1158
f 1728 1158 1727
f 1727 1158 1159
f 1727 1159 1726
f 1726 1159 1161
f 1726 1161 1725
f 1725 1161 1162
f 1725 1162 1724
f 1724 1162 1164
f 1724 1164 1723
f 1723 1164 1165
f 1056 1226 1732
f 1732 1226 1225
f 1732 1225 1733
f 1733 1225 1224
f 1733 1224 1734
f 1734 1224 1223
f 1734 1223 1735
f 1735 1223 1222
f 1735 1222 1736
f 1736 1222 1221
f 1736 1221 1737
f 1737 1221 1220
f 1737 1220 1738
f 1738 1220 1219
f 1738 1219 1739
f 1739 1219 1218
f 1739 1218 1740
f 1740 1218 1217
f 1740 1217 1741
f 1741 1217 1213
f 1741 1213 1176
f 1176 1187 1741
f 1741 1187 1740
f 1187 1189 1740
f 1740 1189 1739
f 1189 1190 1739
f 1739 1190 1738
f 1190 1192 1738
f 1738 1192 1737
f 1192 1193 1737
f 1737 1193 1736
f 1193 1195 1736
f 1736 1195 1735
f 1195 1070 1735
f 1735 1070 1734
f 1070 1069 1734
f 1734 1069 1733
f 1069 1067 1733
f 1733 1067 1732
f 1067 1056 1732
f 1255 1742 1198
f 1198 1742 1128
f 1198 1128 1130
f 1255 1254 1742
f 1742 1254 1743
f 1742 1743 1126
f 1126 1743 1125
f 1125 1743 1744
f 1125 1744 1123
f 1123 1744 1745
f 1123 1745 1122
f 1122 1745 1746
f 1122 1746 1120
f 1120 1746 1747
f 1120 1747 1119
f 1119 1747 1748
f 1119 1748 1117
f 1117 1748 1749
f 1117 1749 1116
f 1116 1749 1750
f 1116 1750 1105
f 1105 1750 1241
f 1241 1750 1245
f 1245 1750 1749
f 1245 1749 1248
f 1248 1749 1748
f 1248 1748 1249
f 1249 1748 1747
f 1249 1747 1250
f 1250 1747 1746
f 1250 1746 1251
f 1251 1746 1745
f 1251 1745 1252
f 1252 1745 1744
f 1252 1744 1253
f 1253 1744 1743
f 1253 1743 1254
f 1126 1128 1742
f 1094 1240 1751
f 1751 1240 1239
f 1751 1239 1752
f 1752 1239 1238
f 1752 1238 1753
f 1753 1238 1237
f 1753 1237 1754
f 1754 1237 1236
f 1754 1236 1755
f 1755 1236 1235
f 1755 1235 1756
f 1756 1235 1234
f 1756 1234 1757
f 1757 1234 1233
f 1757 1233 1758
f 1758 1233 1232
f 1758 1232 1759
f 1759 1232 1231
f 1759 1231 1760
f 1760 1231 1227
f 1760 1227 1054
f 1054 1080 1760
f 1760 1080 1759
f 1080 1082 1759
f 1759 1082 1758
f 1082 1083 1758
f 1758 1083 1757
f 1083 1085 1757
f 1757 1085 1756
f 1085 1086 1756
f 1756 1086 1755
f 1086 1088 1755
f 1755 1088 1754
f 1088 1089 1754
f 1754 1089 1753
f 1089 1091 1753
f 1753 1091 1752
f 1091 1092 1752
f 1752 1092 1751
f 1092 1094 1751
f 323 1761 242
f 242 1761 448
f 242 448 429
f 323 322 1761
f 1761 322 1762
f 1761 1762 449
f 449 1762 450
f 450 1762 321
f 450 321 1763
f 1763 321 320
f 1763 320 451
f 451 320 1764
f 451 1764 452
f 452 1764 319
f 452 319 1765
f 1765 319 318
f 1765 318 453
f 453 318 1766
f 453 1766 454
f 454 1766 317
f 454 317 1767
f 1767 317 316
f 1767 316 455
f 455 316 1768
f 455 1768 456
f 456 1768 315
f 456 315 1769
f 1769 315 314
f 1769 314 457
f 457 314 1770
f 457 1770 458
f 458 1770 313
f 458 313 1771
f 1771 313 312
f 1771 312 459
f 459 312 1772
f 459 1772 460
f 460 1772 311
f 460 311 1773
f 1773 311 310
f 1773 310 537
f 322 321 1762
f 320 319 1764
f 318 317 1766
f 316 315 1768
f 314 313 1770
f 312 311 1772
f 537 460 1773
f 459 458 1771
f 457 456 1769
f 455 454 1767
f 453 452 1765
f 451 450 1763
f 449 448 1761
f 1774 1775 1776
f 1776 1775 1777
f 1776 1777 1778
f 1775 1774 1779
f 1779 1774 1780
f 1779 1780 1781
f 1781 1782 1779
f 1779 1782 1783
f 1783 1782 1784
f 1783 1784 1785
f 1783 1785 1786
f 1786 1785 1787
f 1786 1787 1788
f 1788 1787 1789
f 1788 1789 1790
f 1788 1790 1791
f 1791 1790 1792
f 1791 1792 1793
f 1793 1792 1794
f 1793 1794 1795
f 1795 1794 1796
f 1795 1796 1797
f 1797 1796 1798
f 1797 1798 1799
f 1799 1798 1800
f 1800 1798 1801
f 1800 1801 1802
f 1802 1801 1803
f 1802 1803 1804
f 1804 1803 1805
f 1805 1803 1806
f 1805 1806 1807
f 1807 1806 1808
f 1807 1808 1809
f 1809 1808 1810
f 1810 1808 1811
f 1810 1811 1812
f 1812 1811 1813
f 1813 1811 1814
f 1813 1814 1815
f 1815 1814 1816
f 1816 1814 1817
f 1816 1817 1818
f 1818 1817 1819
f 1819 1817 1820
f 1820 1817 1821
f 1820 1821 1822
f 1822 1821 1823
f 1823 1821 1824
f 1823 1824 1825
f 1825 1824 1826
f 1826 1824 1827
f 1826 1827 1828
f 1828 1827 1829
f 1829 1827 1830
f 1829 1830 1831
f 1831 1830 1832
f 1832 1830 1833
f 1832 1833 1834
f 1834 1833 1835
f 1835 1833 1836
f 1835 1836 1837
f 1837 1836 1838
f 1837 1838 1839
f 1839 1838 1840
f 1840 1838 1841
f 1840 1841 1842
f 1842 1841 1843
f 1842 1843 1844
f 1844 1843 1845
f 1845 1843 1846
f 1845 1846 1847
f 1847 1846 1848
f 1847 1848 1849
f 1849 1848 1850
f 1849 1850 1851
f 1849 1851 1852
f 1852 1851 1853
f 1852 1853 1854
f 1854 1853 1855
f 1854 1855 1856
f 1856 1855 1857
f 1856 1857 1858
f 1856 1858 1859
f 1859 1858 1860
f 1859 1860 1861
f 1859 1861 1862
f 1862 1861 1863
f 1862 1863 1864
f 1862 1864 1865
f 1865 1864 1866
f 1865 1866 1867
f 1867 1866 1868
f 1868 1866 1869
f 1868 1869 1870
f 1870 1871 1868
f 1868 1871 1872
f 1872 1871 1873
f 1872 1873 1874
f 1872 1874 1875
f 1875 1874 1876
f 1875 1876 1877
f 1877 1876 1878
f 1877 1878 1879
f 1877 1879 1880
f 1880 1879 1881
f 1880 1881 1882
f 1882 1881 1883
f 1882 1883 1884
f 1884 1883 1885
f 1884 1885 1886
f 1886 1885 1887
f 1886 1887 1888
f 1888 1887 1889
f 1888 1889 1890
f 1890 1889 1891
f 1891 1889 1892
f 1891 1892 1893
f 1893 1892 1894
f 1893 1894 1895
f 1895 1894 1896
f 1896 1894 1897
f 1896 1897 1898
f 1898 1897 1899
f 1899 1897 1900
f 1899 1900 1901
f 1901 1900 1902
f 1901 1902 1903
f 1903 1902 1904
f 1904 1902 1905
f 1905 1902 1906
f 1905 1906 1907
f 1907 1906 1908
f 1908 1906 1909
f 1908 1909 1910
f 1910 1909 1911
f 1911 1909 1912
f 1911 1912 1913
f 1913 1912 1914
f 1914 1912 1915
f 1914 1915 1916
f 1916 1915 1917
f 1917 1915 1918
f 1917 1918 1919
f 1919 1918 1920
f 1920 1918 1921
f 1920 1921 1922
f 1922 1921 1923
f 1923 1921 1924
f 1923 1924 1925
f 1925 1924 1926
f 1926 1924 1927
f 1926 1927 1928
f 1928 1927 1929
f 1928 1929 1930
f 1930 1929 1931
f 1931 1929 1932
f 1931 1932 1933
f 1933 1932 1934
f 1933 1934 1935
f 1935 1934 1936
f 1935 1936 1937
f 1937 1936 1938
f 1938 1936 1939
f 1939 1936 1940
f 1940 1936 1941
f 1941 1936 1942
f 1942 1936 1943
f 1942 1943 1944
f 1944 1945 1942
f 1942 1945 1946
f 1942 1946 1947
f 1947 1948 1942
f 1942 1948 1949
f 1942 1949 1950
f 1942 1950 1951
f 1951 1950 1952
f 1951 1952 1953
f 1953 1954 1951
f 1951 1954 1955
f 1951 1955 1956
f 1956 1955 1957
f 1956 1957 1958
f 1958 1957 1959
f 1958 1959 1960
f 1960 1959 1961
f 1960 1961 1962
f 1962 1961 1963
f 1962 1963 1964
f 1964 1963 1965
f 1964 1965 1966
f 1966 1965 1967
f 1966 1967 1968
f 1968 1967 1969
f 1968 1969 1970
f 1970 1969 1971
f 1970 1971 1972
f 1972 1971 1973
f 1972 1973 1974
f 1974 1973 1975
f 1974 1975 1976
f 1976 1975 1977
f 1976 1977 1978
f 1978 1977 1979
f 1978 1979 1980
f 1980 1979 1981
f 1980 1981 1982
f 1982 1981 1983
f 1982 1983 1867
f 1867 1983 1865
f 1954 1984 1955
f 1955 1984 1985
f 1985 1984 1986
f 1985 1986 1987
f 1987 1988 1985
f 1985 1988 1989
f 1989 1988 1990
f 1990 1988 1991
f 1991 1988 1992
f 1992 1988 1993
f 1993 1988 1994
f 1994 1988 1995
f 1995 1988 1996
f 1996 1988 1997
f 1997 1988 1998
f 1998 1988 1999
f 1999 1988 2000
f 2000 1988 2001
f 2001 1988 2002
f 2002 1988 2003
f 2002 2003 2004
f 2005 2006 1988
f 1988 2006 2007
f 1988 2007 2003
f 2006 2005 2008
f 2008 2005 2009
f 2008 2009 2010
f 2010 2009 2011
f 2010 2011 2012
f 2010 2012 2013
f 2013 2012 2014
f 2013 2014 2015
f 2015 2014 2016
f 2015 2016 2017
f 2017 2016 2018
f 2017 2018 2019
f 2019 2018 2020
f 2019 2020 2021
f 2021 2020 2022
f 2021 2022 2023
f 2023 2022 2024
f 2023 2024 2025
f 2025 2024 2026
f 2026 2024 2027
f 2026 2027 2028
f 2028 2027 2029
f 2028 2029 2030
f 2030 2029 2031
f 2031 2029 2032
f 2031 2032 2033
f 2033 2032 2034
f 2034 2032 2035
f 2034 2035 2036
f 2036 2035 2037
f 2037 2035 2038
f 2037 2038 2039
f 2039 2038 2040
f 2040 2038 2041
f 2040 2041 2042
f 2042 2041 2043
f 2043 2041 2044
f 2043 2044 2045
f 2045 2044 2046
f 2046 2044 2047
f 2047 2044 2048
f 2048 2044 2049
f 2049 2044 2050
f 2050 2044 2051
f 2051 2044 2052
f 2052 2044 2053
f 2052 2053 2054
f 2054 2055 2052
f 2052 2055 2056
f 2052 2056 2057
f 2057 2058 2052
f 2052 2058 2059
f 2052 2059 2060
f 2060 2061 2052
f 2052 2061 2062
f 2052 2062 2063
f 2063 2064 2052
f 2052 2064 2065
f 2052 2065 2066
f 2066 2067 2052
f 2052 2067 2068
f 2052 2068 2069
f 2069 2070 2052
f 2052 2070 2071
f 2052 2071 2072
f 2052 2072 2073
f 2073 2072 2074
f 2073 2074 2075
f 2075 2076 2073
f 2073 2076 2077
f 2073 2077 2078
f 2078 2079 2073
f 2073 2079 2080
f 2073 2080 2081
f 2081 2082 2073
f 2073 2082 2083
f 2073 2083 2084
f 2084 2085 2073
f 2073 2085 2086
f 2073 2086 2087
f 2087 2088 2073
f 2073 2088 2089
f 2073 2089 2090
f 2090 2091 2073
f 2073 2091 2092
f 2092 2091 2093
f 2093 2091 2094
f 2093 2094 2095
f 2095 2094 2096
f 2096 2094 2097
f 2096 2097 2098
f 2098 2097 2099
f 2099 2097 2100
f 2099 2100 2101
f 2101 2100 2102
f 2102 2100 2103
f 2102 2103 2104
f 2104 2103 2105
f 2105 2103 2106
f 2106 2103 2107
f 2106 2107 2108
f 2108 2107 2109
f 2109 2107 2110
f 2109 2110 2111
f 2111 2110 2112
f 2112 2110 2113
f 2112 2113 2114
f 2114 2113 2115
f 2115 2113 2116
f 2115 2116 2117
f 2117 2116 2118
f 2117 2118 2119
f 2119 2118 2120
f 2120 2118 2121
f 2120 2121 2122
f 2122 2121 2123
f 2122 2123 2124
f 2124 2123 2125
f 2125 2123 2126
f 2125 2126 2127
f 2127 2126 2128
f 2127 2128 2129
f 2129 2128 2130
f 2129 2130 2131
f 2131 2130 2132
f 2131 2132 2133
f 2133 2132 2134
f 2133 2134 2135
f 2133 2135 2136
f 2136 2135 2137
f 2136 2137 2138
f 2138 2137 2139
f 2138 2139 2140
f 2138 2140 2141
f 2141 2140 2142
f 2141 2142 2143
f 2143 2144 2141
f 2141 2144 2145
f 2145 2144 1776
f 2145 1776 1778
f 2004 2146 2002
f 2002 2146 2147
f 2002 2147 2148
f 2148 2149 2002
f 2002 2149 2150
f 2002 2150 2151
f 2151 2152 2002
f 2002 2152 2153
f 2002 2153 2154
f 2154 2155 2002
f 2002 2155 2156
f 2002 2156 2157
f 2157 2158 2002
f 2002 2158 2159
f 2002 2159 2160
f 2160 2159 2161
f 2160 2161 2162
f 2162 2161 2163
f 2162 2163 2164
f 2164 2163 2165
f 2164 2165 2166
f 2166 2165 2167
f 2166 2167 2168
f 2168 2167 2169
f 2168 2169 2170
f 2170 2169 2171
f 2170 2171 2172
f 2172 2171 2173
f 2172 2173 2174
f 2174 2173 2175
f 2174 2175 2176
f 2176 2175 2177
f 2176 2177 2178
f 2178 2177 2179
f 2178 2179 2180
f 2180 2179 2181
f 2180 2181 2182
f 2182 2181 2183
f 2182 2183 2184
f 2184 2183 2185
f 2184 2185 2186
f 2186 2185 2187
f 2186 2187 1778
f 1778 2187 2145
f 2158 2188 2159
f 2159 2188 2189
f 2189 2188 2190
f 2189 2190 2191
f 2191 2190 2192
f 2191 2192 2193
f 2193 2192 2194
f 2193 2194 2195
f 2195 2194 2196
f 2195 2196 2197
f 2197 2196 2198
f 2197 2198 2199
f 2199 2198 2200
f 2199 2200 2201
f 2201 2200 2202
f 2201 2202 2203
f 2203 2202 2204
f 2203 2204 2205
f 2205 2204 2206
f 2205 2206 2207
f 2207 2206 2208
f 2207 2208 2209
f 2209 2208 2210
f 2209 2210 2211
f 2211 2210 2212
f 2211 2212 2213
f 2213 2212 2214
f 2213 2214 2215
f 2215 2214 2216
f 2215 2216 2073
f 2073 2216 2052
f 1775 2217 1777
f 1777 2217 2218
f 2218 2217 2219
f 2218 2219 2220
f 2220 2219 2221
f 2220 2221 2222
f 2222 2221 2223
f 2222 2223 2224
f 2224 2223 2225
f 2224 2225 2226
f 2226 2225 2227
f 2226 2227 2228
f 2228 2227 2229
f 2228 2229 2230
f 2230 2229 2231
f 2230 2231 2232
f 2232 2231 2233
f 2232 2233 2234
f 2234 2233 2235
f 2234 2235 2236
f 2236 2235 2237
f 2236 2237 2238
f 2238 2237 2239
f 2238 2239 2240
f 2240 2239 2241
f 2240 2241 2242
f 2242 2241 2243
f 2242 2243 2244
f 2244 2243 1862
f 2244 1862 1865
f 2245 2246 2247
f 2247 2246 2248
f 2247 2248 2249
f 2249 2248 2250
f 2249 2250 2251
f 2251 2250 2252
f 2251 2252 2253
f 2253 2252 2254
f 2253 2254 2255
f 2255 2254 2256
f 2255 2256 2257
f 2257 2256 2258
f 2257 2258 2259
f 2259 2258 2260
f 2259 2260 2261
f 2261 2260 2262
f 2261 2262 2263
f 2263 2262 2264
f 2263 2264 2265
f 2265 2264 2266
f 2265 2266 2267
f 2267 2266 2268
f 2267 2268 2269
f 2269 2268 2270
f 2269 2270 2271
f 2271 2270 2272
f 2271 2272 2273
f 2273 2272 2274
f 2273 2274 2275
f 2275 2274 2276
f 2246 2245 2277
f 2277 2245 2278
f 2277 2278 2279
f 2279 2278 2280
f 2279 2280 2281
f 2281 2280 2282
f 2281 2282 2283
f 2283 2282 2284
f 2283 2284 2285
f 2285 2284 2286
f 2285 2286 2287
f 2287 2286 2288
f 2287 2288 2289
f 2289 2288 2290
f 2289 2290 2291
f 2291 2290 2292
f 2291 2292 2293
f 2293 2292 2294
f 2293 2294 2295
f 2295 2294 2296
f 2295 2296 2297
f 2297 2296 2298
f 2297 2298 2299
f 2299 2298 2300
f 2299 2300 2301
f 2301 2300 2302
f 2301 2302 2303
f 2304 2305 2306
f 2306 2305 2307
f 2306 2307 2308
f 2308 2307 2309
f 2308 2309 2310
f 2310 2309 2311
f 2310 2311 2312
f 2312 2311 2313
f 2312 2313 2314
f 2314 2313 2315
f 2314 2315 2316
f 2316 2315 2317
f 2316 2317 2318
f 2318 2317 2319
f 2318 2319 2320
f 2320 2319 2321
f 2320 2321 2322
f 2322 2321 2323
f 2322 2323 2324
f 2324 2323 2325
f 2324 2325 2326
f 2326 2325 2327
f 2326 2327 2328
f 2328 2327 2329
f 2328 2329 2330
f 2330 2329 2331
f 2330 2331 2332
f 2332 2331 2333
f 2332 2333 2334
f 2334 2333 2335
f 2305 2304 2336
f 2336 2304 2337
f 2336 2337 2338
f 2338 2337 2339
f 2338 2339 2340
f 2340 2339 2341
f 2340 2341 2342
f 2342 2341 2343
f 2342 2343 2344
f 2344 2343 2345
f 2344 2345 2346
f 2346 2345 2347
f 2346 2347 2348
f 2348 2347 2349
f 2348 2349 2350
f 2350 2349 2351
f 2350 2351 2352
f 2352 2351 2353
f 2352 2353 2354
f 2354 2353 2355
f 2354 2355 2356
f 2356 2355 2357
f 2356 2357 2358
f 2358 2357 2359
f 2358 2359 2360
f 2360 2359 2361
f 2360 2361 2362
f 2144 2363 1776
f 1776 2363 2364
f 1776 2364 1774
f 1774 2364 2365
f 1774 2365 1780
f 1780 2365 2366
f 1780 2366 1781
f 1781 2366 2367
f 1781 2367 1782
f 1782 2367 2368
f 1782 2368 1784
f 1784 2368 2369
f 1784 2369 1785
f 1785 2369 2370
f 1785 2370 1787
f 1787 2370 2371
f 1787 2371 1789
f 1789 2371 2372
f 1789 2372 1790
f 1790 2372 2373
f 1790 2373 1792
f 1792 2373 2374
f 1792 2374 1794
f 1794 2374 2375
f 1794 2375 1796
f 1796 2375 2376
f 1796 2376 1798
f 1798 2376 2377
f 1798 2377 1801
f 1801 2377 2378
f 1801 2378 1803
f 1803 2378 2379
f 1803 2379 1806
f 1806 2379 2380
f 1806 2380 1808
f 1808 2380 2381
f 1808 2381 1811
f 1811 2381 2382
f 1811 2382 1814
f 1814 2382 2383
f 1814 2383 1817
f 1817 2383 2384
f 1817 2384 1821
f 1821 2384 2385
f 1821 2385 1824
f 1824 2385 2386
f 1824 2386 1827
f 1827 2386 2387
f 1827 2387 1830
f 1830 2387 2388
f 1830 2388 1833
f 1833 2388 2389
f 1833 2389 1836
f 1836 2389 2390
f 1836 2390 1838
f 1838 2390 2391
f 1838 2391 1841
f 1841 2391 2392
f 1841 2392 1843
f 1843 2392 2393
f 1843 2393 1846
f 1846 2393 2394
f 1846 2394 1848
f 1848 2394 2395
f 1848 2395 1850
f 1850 2395 2396
f 1850 2396 1851
f 1851 2396 2397
f 1851 2397 1853
f 1853 2397 2398
f 1853 2398 1855
f 1855 2398 2399
f 1855 2399 1857
f 1857 2399 2400
f 1857 2400 1858
f 1858 2400 2401
f 1858 2401 1860
f 1860 2401 2402
f 1860 2402 1861
f 1861 2402 2403
f 1861 2403 1863
f 1863 2403 2404
f 1863 2404 1864
f 1864 2404 2405
f 1864 2405 1866
f 1866 2405 2406
f 1866 2406 1869
f 1869 2406 2407
f 1869 2407 1870
f 1870 2407 2408
f 1870 2408 1871
f 1871 2408 2409
f 1871 2409 1873
f 1873 2409 2410
f 1873 2410 1874
f 1874 2410 2411
f 1874 2411 1876
f 1876 2411 2412
f 1876 2412 1878
f 1878 2412 2413
f 1878 2413 1879
f 1879 2413 2414
f 1879 2414 1881
f 1881 2414 2415
f 1881 2415 1883
f 1883 2415 2416
f 1883 2416 1885
f 1885 2416 2417
f 1885 2417 1887
f 1887 2417 2418
f 1887 2418 1889
f 1889 2418 2419
f 1889 2419 1892
f 1892 2419 2420
f 1892 2420 1894
f 1894 2420 2421
f 1894 2421 1897
f 1897 2421 2422
f 1897 2422 1900
f 1900 2422 2423
f 1900 2423 1902
f 1902 2423 2424
f 1902 2424 1906
f 1906 2424 2425
f 1906 2425 1909
f 1909 2425 2426
f 1909 2426 1912
f 1912 2426 2427
f 1912 2427 1915
f 1915 2427 2428
f 1915 2428 1918
f 1918 2428 2429
f 1918 2429 1921
f 1921 2429 2430
f 1921 2430 1924
f 1924 2430 2431
f 1924 2431 1927
f 1927 2431 2432
f 1927 2432 1929
f 1929 2432 2433
f 1929 2433 1932
f 1932 2433 2434
f 1932 2434 1934
f 1934 2434 2435
f 1934 2435 1936
f 1936 2435 2436
f 1936 2436 1943
f 1943 2436 2437
f 1943 2437 1944
f 1944 2437 2438
f 1944 2438 1945
f 1945 2438 2439
f 1945 2439 1946
f 1946 2439 2440
f 1946 2440 1947
f 1947 2440 2441
f 1947 2441 1948
f 1948 2441 2442
f 1948 2442 1949
f 1949 2442 2443
f 1949 2443 1950
f 1950 2443 2444
f 1950 2444 1952
f 1952 2444 2445
f 1952 2445 1953
f 1953 2445 2446
f 1953 2446 1954
f 1954 2446 2447
f 1954 2447 1984
f 1984 2447 2448
f 1984 2448 1986
f 1986 2448 2449
f 1986 2449 1987
f 1987 2449 2450
f 1987 2450 1988
f 1988 2450 2451
f 1988 2451 2005
f 2005 2451 2452
f 2005 2452 2009
f 2009 2452 2453
f 2009 2453 2011
f 2011 2453 2454
f 2011 2454 2012
f 2012 2454 2455
f 2012 2455 2014
f 2014 2455 2456
f 2014 2456 2016
f 2016 2456 2457
f 2016 2457 2018
f 2018 2457 2458
f 2018 2458 2020
f 2020 2458 2459
f 2020 2459 2022
f 2022 2459 2460
f 2022 2460 2024
f 2024 2460 2461
f 2024 2461 2027
f 2027 2461 2462
f 2027 2462 2029
f 2029 2462 2463
f 2029 2463 2032
f 2032 2463 2464
f 2032 2464 2035
f 2035 2464 2465
f 2035 2465 2038
f 2038 2465 2466
f 2038 2466 2041
f 2041 2466 2467
f 2041 2467 2044
f 2044 2467 2468
f 2044 2468 2053
f 2053 2468 2469
f 2053 2469 2054
f 2054 2469 2470
f 2054 2470 2055
f 2055 2470 2471
f 2055 2471 2056
f 2056 2471 2472
f 2056 2472 2057
f 2057 2472 2473
f 2057 2473 2058
f 2058 2473 2474
f 2058 2474 2059
f 2059 2474 2475
f 2059 2475 2060
f 2060 2475 2476
f 2060 2476 2061
f 2061 2476 2477
f 2061 2477 2062
f 2062 2477 2478
f 2062 2478 2063
f 2063 2478 2479
f 2063 2479 2064
f 2064 2479 2480
f 2064 2480 2065
f 2065 2480 2481
f 2065 2481 2066
f 2066 2481 2482
f 2066 2482 2067
f 2067 2482 2483
f 2067 2483 2068
f 2068 2483 2484
f 2068 2484 2069
f 2069 2484 2485
f 2069 2485 2070
f 2070 2485 2486
f 2070 2486 2071
f 2071 2486 2487
f 2071 2487 2072
f 2072 2487 2488
f 2072 2488 2074
f 2074 2488 2489
f 2074 2489 2075
f 2075 2489 2490
f 2075 2490 2076
f 2076 2490 2491
f 2076 2491 2077
f 2077 2491 2492
f 2077 2492 2078
f 2078 2492 2493
f 2078 2493 2079
f 2079 2493 2494
f 2079 2494 2080
f 2080 2494 2495
f 2080 2495 2081
f 2081 2495 2496
f 2081 2496 2082
f 2082 2496 2497
f 2082 2497 2083
f 2083 2497 2498
f 2083 2498 2084
f 2084 2498 2499
f 2084 2499 2085
f 2085 2499 2500
f 2085 2500 2086
f 2086 2500 2501
f 2086 2501 2087
f 2087 2501 2502
f 2087 2502 2088
f 2088 2502 2503
f 2088 2503 2089
f 2089 2503 2504
f 2089 2504 2090
f 2090 2504 2505
f 2090 2505 2091
f 2091 2505 2506
f 2091 2506 2094
f 2094 2506 2507
f 2094 2507 2097
f 2097 2507 2508
f 2097 2508 2100
f 2100 2508 2509
f 2100 2509 2103
f 2103 2509 2510
f 2103 2510 2107
f 2107 2510 2511
f 2107 2511 2110
f 2110 2511 2512
f 2110 2512 2113
f 2113 2512 2513
f 2113 2513 2116
f 2116 2513 2514
f 2116 2514 2118
f 2118 2514 2515
f 2118 2515 2121
f 2121 2515 2516
f 2121 2516 2123
f 2123 2516 2517
f 2123 2517 2126
f 2126 2517 2518
f 2126 2518 2128
f 2128 2518 2519
f 2128 2519 2130
f 2130 2519 2520
f 2130 2520 2132
f 2132 2520 2521
f 2132 2521 2134
f 2134 2521 2522
f 2134 2522 2135
f 2135 2522 2523
f 2135 2523 2137
f 2137 2523 2524
f 2137 2524 2139
f 2139 2524 2525
f 2139 2525 2140
f 2140 2525 2526
f 2140 2526 2142
f 2142 2526 2527
f 2142 2527 2143
f 2143 2527 2528
f 2143 2528 2144
f 2144 2528 2363
f 2529 2530 2531
f 2531 2530 2532
f 2531 2532 2533
f 2533 2532 2534
f 2533 2534 2535
f 2535 2534 2536
f 2535 2536 2537
f 2537 2536 2538
f 2537 2538 2539
f 2539 2538 2540
f 2539 2540 2541
f 2541 2540 2542
f 2541 2542 2543
f 2543 2542 2544
f 2543 2544 2545
f 2545 2544 2546
f 2545 2546 2547
f 2547 2546 2548
f 2547 2548 2549
f 2549 2548 2550
f 2549 2550 2551
f 2551 2550 2552
f 2551 2552 2553
f 2553 2552 2554
f 2553 2554 2555
f 2555 2554 2556
f 2555 2556 2557
f 2557 2556 2558
f 2557 2558 2559
f 2559 2558 2560
f 2530 2529 2561
f 2561 2529 2562
f 2561 2562 2563
f 2563 2562 2564
f 2563 2564 2565
f 2565 2564 2566
f 2565 2566 2567
f 2567 2566 2568
f 2567 2568 2569
f 2569 2568 2570
f 2569 2570 2571
f 2571 2570 2572
f 2571 2572 2573
f 2573 2572 2574
f 2573 2574 2575
f 2575 2574 2576
f 2575 2576 2577
f 2577 2576 2578
f 2577 2578 2579
f 2579 2578 2580
f 2579 2580 2581
f 2581 2580 2582
f 2581 2582 2583
f 2583 2582 2584
f 2583 2584 2585
f 2585 2584 2586
f 2585 2586 2587
f 2588 2589 2590
f 2590 2589 2591
f 2590 2591 2592
f 2592 2591 2593
f 2592 2593 2594
f 2594 2593 2595
f 2594 2595 2596
f 2596 2595 2597
f 2596 2597 2598
f 2598 2597 2599
f 2598 2599 2600
f 2600 2599 2601
f 2600 2601 2602
f 2602 2601 2603
f 2602 2603 2604
f 2604 2603 2605
f 2604 2605 2606
f 2606 2605 2607
f 2606 2607 2608
f 2608 2607 2609
f 2608 2609 2610
f 2610 2609 2611
f 2610 2611 2612
f 2612 2611 2613
f 2612 2613 2614
f 2614 2613 2615
f 2614 2615 2616
f 2616 2615 2617
f 2616 2617 2618
f 2618 2617 2619
f 2589 2588 2620
f 2620 2588 2621
f 2620 2621 2622
f 2622 2621 2623
f 2622 2623 2624
f 2624 2623 2625
f 2624 2625 2626
f 2626 2625 2627
f 2626 2627 2628
f 2628 2627 2629
f 2628 2629 2630
f 2630 2629 2631
f 2630 2631 2632
f 2632 2631 2633
f 2632 2633 2634
f 2634 2633 2635
f 2634 2635 2636
f 2636 2635 2637
f 2636 2637 2638
f 2638 2637 2639
f 2638 2639 2640
f 2640 2639 2641
f 2640 2641 2642
f 2642 2641 2643
f 2642 2643 2644
f 2644 2643 2645
f 2644 2645 2646
f 2647 2161 2648
f 2648 2161 2159
f 2648 2159 2649
f 2649 2159 2189
f 2649 2189 2191
f 2647 2650 2161
f 2161 2650 2163
f 2163 2650 2651
f 2163 2651 2165
f 2165 2651 2652
f 2165 2652 2167
f 2167 2652 2653
f 2167 2653 2169
f 2169 2653 2654
f 2169 2654 2171
f 2171 2654 2655
f 2171 2655 2173
f 2173 2655 2656
f 2173 2656 2175
f 2175 2656 2657
f 2175 2657 2177
f 2177 2657 2658
f 2177 2658 2179
f 2179 2658 2659
f 2179 2659 2181
f 2181 2659 2660
f 2181 2660 2183
f 2183 2660 2661
f 2183 2661 2185
f 2185 2661 2662
f 2185 2662 2187
f 2187 2662 2663
f 2187 2663 2145
f 2145 2663 2664
f 2145 2664 2141
f 2141 2664 2665
f 2141 2665 2138
f 2138 2665 2666
f 2138 2666 2136
f 2136 2666 2667
f 2136 2667 2133
f 2133 2667 2668
f 2133 2668 2131
f 2131 2668 2669
f 2131 2669 2129
f 2129 2669 2670
f 2129 2670 2127
f 2127 2670 2671
f 2127 2671 2125
f 2125 2671 2672
f 2125 2672 2124
f 2124 2672 2673
f 2124 2673 2122
f 2122 2673 2674
f 2122 2674 2120
f 2120 2674 2675
f 2120 2675 2119
f 2119 2675 2676
f 2119 2676 2117
f 2117 2676 2677
f 2117 2677 2115
f 2115 2677 2678
f 2115 2678 2114
f 2114 2678 2679
f 2114 2679 2112
f 2112 2679 2680
f 2112 2680 2111
f 2111 2680 2681
f 2111 2681 2109
f 2109 2681 2682
f 2109 2682 2108
f 2108 2682 2683
f 2108 2683 2106
f 2106 2683 2684
f 2106 2684 2105
f 2105 2684 2685
f 2105 2685 2104
f 2104 2685 2686
f 2104 2686 2102
f 2102 2686 2687
f 2102 2687 2101
f 2101 2687 2688
f 2101 2688 2099
f 2099 2688 2689
f 2099 2689 2098
f 2098 2689 2690
f 2098 2690 2096
f 2096 2690 2691
f 2096 2691 2095
f 2095 2691 2692
f 2095 2692 2093
f 2093 2692 2693
f 2093 2693 2092
f 2092 2693 2694
f 2092 2694 2073
f 2073 2694 2695
f 2073 2695 2215
f 2215 2695 2696
f 2215 2696 2213
f 2213 2696 2697
f 2213 2697 2211
f 2211 2697 2698
f 2211 2698 2209
f 2209 2698 2699
f 2209 2699 2207
f 2207 2699 2700
f 2207 2700 2205
f 2205 2700 2701
f 2205 2701 2203
f 2203 2701 2702
f 2203 2702 2201
f 2201 2702 2703
f 2201 2703 2199
f 2199 2703 2704
f 2199 2704 2197
f 2197 2704 2705
f 2197 2705 2195
f 2195 2705 2706
f 2195 2706 2193
f 2193 2706 2707
f 2193 2707 2191
f 2191 2707 2649
f 2708 1859 2709
f 2709 1859 1862
f 2709 1862 2710
f 2710 1862 2243
f 2710 2243 2241
f 2708 2711 1859
f 1859 2711 1856
f 1856 2711 2712
f 1856 2712 1854
f 1854 2712 2713
f 1854 2713 1852
f 1852 2713 2714
f 1852 2714 1849
f 1849 2714 2715
f 1849 2715 1847
f 1847 2715 2716
f 1847 2716 1845
f 1845 2716 2717
f 1845 2717 1844
f 1844 2717 2718
f 1844 2718 1842
f 1842 2718 2719
f 1842 2719 1840
f 1840 2719 2720
f 1840 2720 1839
f 1839 2720 2721
f 1839 2721 1837
f 1837 2721 2722
f 1837 2722 1835
f 1835 2722 2723
f 1835 2723 1834
f 1834 2723 2724
f 1834 2724 1832
f 1832 2724 2725
f 1832 2725 1831
f 1831 2725 2726
f 1831 2726 1829
f 1829 2726 2727
f 1829 2727 1828
f 1828 2727 2728
f 1828 2728 1826
f 1826 2728 2729
f 1826 2729 1825
f 1825 2729 2730
f 1825 2730 1823
f 1823 2730 2731
f 1823 2731 1822
f 1822 2731 2732
f 1822 2732 1820
f 1820 2732 2733
f 1820 2733 1819
f 1819 2733 2734
f 1819 2734 1818
f 1818 2734 2735
f 1818 2735 1816
f 1816 2735 2736
f 1816 2736 1815
f 1815 2736 2737
f 1815 2737 1813
f 1813 2737 2738
f 1813 2738 1812
f 1812 2738 2739
f 1812 2739 1810
f 1810 2739 2740
f 1810 2740 1809
f 1809 2740 2741
f 1809 2741 1807
f 1807 2741 2742
f 1807 2742 1805
f 1805 2742 2743
f 1805 2743 1804
f 1804 2743 2744
f 1804 2744 1802
f 1802 2744 2745
f 1802 2745 1800
f 1800 2745 2746
f 1800 2746 1799
f 1799 2746 2747
f 1799 2747 1797
f 1797 2747 2748
f 1797 2748 1795
f 1795 2748 2749
f 1795 2749 1793
f 1793 2749 2750
f 1793 2750 1791
f 1791 2750 2751
f 1791 2751 1788
f 1788 2751 2752
f 1788 2752 1786
f 1786 2752 2753
f 1786 2753 1783
f 1783 2753 2754
f 1783 2754 1779
f 1779 2754 2755
f 1779 2755 1775
f 1775 2755 2756
f 1775 2756 2217
f 2217 2756 2757
f 2217 2757 2219
f 2219 2757 2758
f 2219 2758 2221
f 2221 2758 2759
f 2221 2759 2223
f 2223 2759 2760
f 2223 2760 2225
f 2225 2760 2761
f 2225 2761 2227
f 2227 2761 2762
f 2227 2762 2229
f 2229 2762 2763
f 2229 2763 2231
f 2231 2763 2764
f 2231 2764 2233
f 2233 2764 2765
f 2233 2765 2235
f 2235 2765 2766
f 2235 2766 2237
f 2237 2766 2767
f 2237 2767 2239
f 2239 2767 2768
f 2239 2768 2241
f 2241 2768 2710
f 2769 1957 2770
f 2770 1957 1955
f 2770 1955 2771
f 2771 1955 1985
f 2771 1985 1989
f 2769 2772 1957
f 1957 2772 1959
f 1959 2772 2773
f 1959 2773 1961
f 1961 2773 2774
f 1961 2774 1963
f 1963 2774 2775
f 1963 2775 1965
f 1965 2775 2776
f 1965 2776 1967
f 1967 2776 2777
f 1967 2777 1969
f 1969 2777 2778
f 1969 2778 1971
f 1971 2778 2779
f 1971 2779 1973
f 1973 2779 2780
f 1973 2780 1975
f 1975 2780 2781
f 1975 2781 1977
f 1977 2781 2782
f 1977 2782 1979
f 1979 2782 2783
f 1979 2783 1981
f 1981 2783 2784
f 1981 2784 1983
f 1983 2784 2785
f 1983 2785 1865
f 1865 2785 2786
f 1865 2786 2244
f 2244 2786 2787
f 2244 2787 2242
f 2242 2787 2788
f 2242 2788 2240
f 2240 2788 2789
f 2240 2789 2238
f 2238 2789 2790
f 2238 2790 2236
f 2236 2790 2791
f 2236 2791 2234
f 2234 2791 2792
f 2234 2792 2232
f 2232 2792 2793
f 2232 2793 2230
f 2230 2793 2794
f 2230 2794 2228
f 2228 2794 2795
f 2228 2795 2226
f 2226 2795 2796
f 2226 2796 2224
f 2224 2796 2797
f 2224 2797 2222
f 2222 2797 2798
f 2222 2798 2220
f 2220 2798 2799
f 2220 2799 2218
f 2218 2799 2800
f 2218 2800 1777
f 1777 2800 2801
f 1777 2801 1778
f 1778 2801 2802
f 1778 2802 2186
f 2186 2802 2803
f 2186 2803 2184
f 2184 2803 2804
f 2184 2804 2182
f 2182 2804 2805
f 2182 2805 2180
f 2180 2805 2806
f 2180 2806 2178
f 2178 2806 2807
f 2178 2807 2176
f 2176 2807 2808
f 2176 2808 2174
f 2174 2808 2809
f 2174 2809 2172
f 2172 2809 2810
f 2172 2810 2170
f 2170 2810 2811
f 2170 2811 2168
f 2168 2811 2812
f 2168 2812 2166
f 2166 2812 2813
f 2166 2813 2164
f 2164 2813 2814
f 2164 2814 2162
f 2162 2814 2815
f 2162 2815 2160
f 2160 2815 2816
f 2160 2816 2002
f 2002 2816 2817
f 2002 2817 2001
f 2001 2817 2818
f 2001 2818 2000
f 2000 2818 2819
f 2000 2819 1999
f 1999 2819 2820
f 1999 2820 1998
f 1998 2820 2821
f 1998 2821 1997
f 1997 2821 2822
f 1997 2822 1996
f 1996 2822 2823
f 1996 2823 1995
f 1995 2823 2824
f 1995 2824 1994
f 1994 2824 2825
f 1994 2825 1993
f 1993 2825 2826
f 1993 2826 1992
f 1992 2826 2827
f 1992 2827 1991
f 1991 2827 2828
f 1991 2828 1990
f 1990 2828 2829
f 1990 2829 1989
f 1989 2829 2771
f 2830 1920 2831
f 2831 1920 1922
f 2831 1922 2832
f 2832 1922 1923
f 2832 1923 1925
f 2830 2833 1920
f 1920 2833 1919
f 1919 2833 2834
f 1919 2834 1917
f 1917 2834 2835
f 1917 2835 1916
f 1916 2835 2836
f 1916 2836 1914
f 1914 2836 2837
f 1914 2837 1913
f 1913 2837 2838
f 1913 2838 1911
f 1911 2838 2839
f 1911 2839 1910
f 1910 2839 2840
f 1910 2840 1908
f 1908 2840 2841
f 1908 2841 1907
f 1907 2841 2842
f 1907 2842 1905
f 1905 2842 2843
f 1905 2843 1904
f 1904 2843 2844
f 1904 2844 1903
f 1903 2844 2845
f 1903 2845 1901
f 1901 2845 2846
f 1901 2846 1899
f 1899 2846 2847
f 1899 2847 1898
f 1898 2847 2848
f 1898 2848 1896
f 1896 2848 2849
f 1896 2849 1895
f 1895 2849 2850
f 1895 2850 1893
f 1893 2850 2851
f 1893 2851 1891
f 1891 2851 2852
f 1891 2852 1890
f 1890 2852 2853
f 1890 2853 1888
f 1888 2853 2854
f 1888 2854 1886
f 1886 2854 2855
f 1886 2855 1884
f 1884 2855 2856
f 1884 2856 1882
f 1882 2856 2857
f 1882 2857 1880
f 1880 2857 2858
f 1880 2858 1877
f 1877 2858 2859
f 1877 2859 1875
f 1875 2859 2860
f 1875 2860 1872
f 1872 2860 2861
f 1872 2861 1868
f 1868 2861 2862
f 1868 2862 1867
f 1867 2862 2863
f 1867 2863 1982
f 1982 2863 2864
f 1982 2864 1980
f 1980 2864 2865
f 1980 2865 1978
f 1978 2865 2866
f 1978 2866 1976
f 1976 2866 2867
f 1976 2867 1974
f 1974 2867 2868
f 1974 2868 1972
f 1972 2868 2869
f 1972 2869 1970
f 1970 2869 2870
f 1970 2870 1968
f 1968 2870 2871
f 1968 2871 1966
f 1966 2871 2872
f 1966 2872 1964
f 1964 2872 2873
f 1964 2873 1962
f 1962 2873 2874
f 1962 2874 1960
f 1960 2874 2875
f 1960 2875 1958
f 1958 2875 2876
f 1958 2876 1956
f 1956 2876 2877
f 1956 2877 1951
f 1951 2877 2878
f 1951 2878 1942
f 1942 2878 2879
f 1942 2879 1941
f 1941 2879 2880
f 1941 2880 1940
f 1940 2880 2881
f 1940 2881 1939
f 1939 2881 2882
f 1939 2882 1938
f 1938 2882 2883
f 1938 2883 1937
f 1937 2883 2884
f 1937 2884 1935
f 1935 2884 2885
f 1935 2885 1933
f 1933 2885 2886
f 1933 2886 1931
f 1931 2886 2887
f 1931 2887 1930
f 1930 2887 2888
f 1930 2888 1928
f 1928 2888 2889
f 1928 2889 1926
f 1926 2889 2890
f 1926 2890 1925
f 1925 2890 2832
f 2891 2031 2892
f 2892 2031 2033
f 2892 2033 2893
f 2893 2033 2034
f 2893 2034 2036
f 2891 2894 2031
f 2031 2894 2030
f 2030 2894 2895
f 2030 2895 2028
f 2028 2895 2896
f 2028 2896 2026
f 2026 2896 2897
f 2026 2897 2025
f 2025 2897 2898
f 2025 2898 2023
f 2023 2898 2899
f 2023 2899 2021
f 2021 2899 2900
f 2021 2900 2019
f 2019 2900 2901
f 2019 2901 2017
f 2017 2901 2902
f 2017 2902 2015
f 2015 2902 2903
f 2015 2903 2013
f 2013 2903 2904
f 2013 2904 2010
f 2010 2904 2905
f 2010 2905 2008
f 2008 2905 2906
f 2008 2906 2006
f 2006 2906 2907
f 2006 2907 2007
f 2007 2907 2908
f 2007 2908 2003
f 2003 2908 2909
f 2003 2909 2004
f 2004 2909 2910
f 2004 2910 2146
f 2146 2910 2911
f 2146 2911 2147
f 2147 2911 2912
f 2147 2912 2148
f 2148 2912 2913
f 2148 2913 2149
f 2149 2913 2914
f 2149 2914 2150
f 2150 2914 2915
f 2150 2915 2151
f 2151 2915 2916
f 2151 2916 2152
f 2152 2916 2917
f 2152 2917 2153
f 2153 2917 2918
f 2153 2918 2154
f 2154 2918 2919
f 2154 2919 2155
f 2155 2919 2920
f 2155 2920 2156
f 2156 2920 2921
f 2156 2921 2157
f 2157 2921 2922
f 2157 2922 2158
f 2158 2922 2923
f 2158 2923 2188
f 2188 2923 2924
f 2188 2924 2190
f 2190 2924 2925
f 2190 2925 2192
f 2192 2925 2926
f 2192 2926 2194
f 2194 2926 2927
f 2194 2927 2196
f 2196 2927 2928
f 2196 2928 2198
f 2198 2928 2929
f 2198 2929 2200
f 2200 2929 2930
f 2200 2930 2202
f 2202 2930 2931
f 2202 2931 2204
f 2204 2931 2932
f 2204 2932 2206
f 2206 2932 2933
f 2206 2933 2208
f 2208 2933 2934
f 2208 2934 2210
f 2210 2934 2935
f 2210 2935 2212
f 2212 2935 2936
f 2212 2936 2214
f 2214 2936 2937
f 2214 2937 2216
f 2216 2937 2938
f 2216 2938 2052
f 2052 2938 2939
f 2052 2939 2051
f 2051 2939 2940
f 2051 2940 2050
f 2050 2940 2941
f 2050 2941 2049
f 2049 2941 2942
f 2049 2942 2048
f 2048 2942 2943
f 2048 2943 2047
f 2047 2943 2944
f 2047 2944 2046
f 2046 2944 2945
f 2046 2945 2045
f 2045 2945 2946
f 2045 2946 2043
f 2043 2946 2947
f 2043 2947 2042
f 2042 2947 2948
f 2042 2948 2040
f 2040 2948 2949
f 2040 2949 2039
f 2039 2949 2950
f 2039 2950 2037
f 2037 2950 2951
f 2037 2951 2036
f 2036 2951 2893
f 2249 2952 2247
f 2247 2952 2953
f 2247 2953 2245
f 2245 2953 2954
f 2245 2954 2278
f 2278 2954 2955
f 2278 2955 2280
f 2280 2955 2956
f 2280 2956 2282
f 2282 2956 2957
f 2282 2957 2284
f 2284 2957 2958
f 2284 2958 2286
f 2286 2958 2959
f 2286 2959 2288
f 2288 2959 2960
f 2288 2960 2290
f 2290 2960 2961
f 2290 2961 2292
f 2292 2961 2962
f 2292 2962 2294
f 2294 2962 2963
f 2294 2963 2296
f 2296 2963 2964
f 2296 2964 2298
f 2298 2964 2965
f 2298 2965 2300
f 2300 2965 2966
f 2300 2966 2302
f 2302 2966 2967
f 2302 2967 2303
f 2303 2967 2968
f 2303 2968 2301
f 2301 2968 2969
f 2301 2969 2299
f 2299 2969 2970
f 2299 2970 2297
f 2297 2970 2971
f 2297 2971 2295
f 2295 2971 2972
f 2295 2972 2293
f 2293 2972 2973
f 2293 2973 2291
f 2291 2973 2974
f 2291 2974 2289
f 2289 2974 2975
f 2289 2975 2287
f 2287 2975 2976
f 2287 2976 2285
f 2285 2976 2977
f 2285 2977 2283
f 2283 2977 2978
f 2283 2978 2281
f 2281 2978 2979
f 2281 2979 2279
f 2279 2979 2980
f 2279 2980 2277
f 2277 2980 2981
f 2277 2981 2246
f 2246 2981 2982
f 2246 2982 2248
f 2248 2982 2983
f 2248 2983 2250
f 2250 2983 2984
f 2250 2984 2252
f 2252 2984 2985
f 2252 2985 2254
f 2254 2985 2986
f 2254 2986 2256
f 2256 2986 2987
f 2256 2987 2258
f 2258 2987 2988
f 2258 2988 2260
f 2260 2988 2989
f 2260 2989 2262
f 2262 2989 2990
f 2262 2990 2264
f 2264 2990 2991
f 2264 2991 2266
f 2266 2991 2992
f 2266 2992 2268
f 2268 2992 2993
f 2268 2993 2270
f 2270 2993 2994
f 2270 2994 2272
f 2272 2994 2995
f 2272 2995 2274
f 2274 2995 2996
f 2274 2996 2276
f 2276 2996 2997
f 2276 2997 2275
f 2275 2997 2998
f 2275 2998 2273
f 2273 2998 2999
f 2273 2999 2271
f 2271 2999 3000
f 2271 3000 2269
f 2269 3000 3001
f 2269 3001 2267
f 2267 3001 3002
f 2267 3002 2265
f 2265 3002 3003
f 2265 3003 2263
f 2263 3003 3004
f 2263 3004 2261
f 2261 3004 3005
f 2261 3005 2259
f 2259 3005 3006
f 2259 3006 2257
f 2257 3006 3007
f 2257 3007 2255
f 2255 3007 3008
f 2255 3008 2253
f 2253 3008 3009
f 2253 3009 2251
f 2251 3009 3010
f 2251 3010 2249
f 2249 3010 2952
f 3011 3012 3013
f 3013 3012 3014
f 3013 3014 3015
f 3015 3014 3016
f 3015 3016 3017
f 3017 3016 3018
f 3017 3018 3019
f 3019 3018 3020
f 3019 3020 3021
f 3021 3020 3022
f 3021 3022 3023
f 3023 3022 3024
f 3023 3024 3025
f 3025 3024 3026
f 3025 3026 3027
f 3027 3026 3028
f 3027 3028 3029
f 3029 3028 3030
f 3029 3030 3031
f 3031 3030 3032
f 3031 3032 3033
f 3033 3032 3034
f 3033 3034 3035
f 3035 3034 3036
f 3035 3036 3037
f 3037 3036 3038
f 3037 3038 3039
f 3039 3038 3040
f 3039 3040 3041
f 3041 3040 3042
f 3041 3042 3043
f 3043 3042 3044
f 3043 3044 3045
f 3045 3044 3046
f 3045 3046 3047
f 3047 3046 3048
f 3047 3048 3049
f 3049 3048 3050
f 3049 3050 3051
f 3051 3050 3052
f 3051 3052 3053
f 3053 3052 3054
f 3053 3054 3055
f 3055 3054 3056
f 3055 3056 3057
f 3057 3056 3058
f 3057 3058 3059
f 3059 3058 3060
f 3059 3060 3061
f 3061 3060 3062
f 3061 3062 3063
f 3063 3062 3064
f 3063 3064 3065
f 3065 3064 3066
f 3065 3066 3067
f 3067 3066 3068
f 3067 3068 3069
f 3069 3068 3070
f 3069 3070 3071
f 3071 3070 3072
f 3071 3072 3073
f 3073 3072 3074
f 3073 3074 3075
f 3075 3074 3076
f 3075 3076 3077
f 3077 3076 3078
f 3077 3078 3079
f 3079 3078 3080
f 3079 3080 3081
f 3081 3080 3082
f 3081 3082 3083
f 3083 3082 3084
f 3083 3084 3085
f 3085 3084 3086
f 3085 3086 3087
f 3087 3086 3088
f 3087 3088 3089
f 3089 3088 3090
f 3089 3090 3091
f 3091 3090 3092
f 3091 3092 3093
f 3093 3092 3094
f 3093 3094 3095
f 3095 3094 3096
f 3095 3096 3097
f 3097 3096 3098
f 3097 3098 3099
f 3099 3098 3100
f 3099 3100 3101
f 3101 3100 3102
f 3101 3102 3103
f 3103 3102 3104
f 3103 3104 3105
f 3105 3104 3106
f 3105 3106 3107
f 3107 3106 3108
f 3107 3108 3109
f 3109 3108 3110
f 3109 3110 3111
f 3111 3110 3112
f 3111 3112 3113
f 3113 3112 3114
f 3113 3114 3115
f 3115 3114 3116
f 3115 3116 3117
f 3117 3116 3118
f 3117 3118 3119
f 3119 3118 3120
f 3119 3120 3121
f 3121 3120 3122
f 3121 3122 3123
f 3123 3122 3124
f 3123 3124 3125
f 3125 3124 3126
f 3125 3126 3127
f 3127 3126 3128
f 3127 3128 3011
f 3011 3128 3012
f 2982 3072 2983
f 2983 3072 3070
f 2983 3070 2984
f 2984 3070 3068
f 2984 3068 2985
f 2985 3068 3066
f 2985 3066 2986
f 2986 3066 3064
f 2986 3064 2987
f 2987 3064 3062
f 2987 3062 2988
f 2988 3062 3060
f 2988 3060 2989
f 2989 3060 3058
f 2989 3058 2990
f 2990 3058 3056
f 2990 3056 2991
f 2991 3056 3054
f 2991 3054 2992
f 2992 3054 3052
f 2992 3052 2993
f 2993 3052 3050
f 2993 3050 2994
f 2994 3050 3048
f 2994 3048 2995
f 2995 3048 3046
f 2995 3046 2996
f 2996 3046 3044
f 2996 3044 2997
f 2997 3044 3042
f 2997 3042 2998
f 2998 3042 3040
f 2998 3040 2999
f 2999 3040 3038
f 2999 3038 3000
f 3000 3038 3036
f 3000 3036 3001
f 3001 3036 3034
f 3001 3034 3002
f 3002 3034 3032
f 3002 3032 3003
f 3003 3032 3030
f 3003 3030 3004
f 3004 3030 3028
f 3004 3028 3005
f 3005 3028 3026
f 3005 3026 3006
f 3006 3026 3024
f 3006 3024 3007
f 3007 3024 3022
f 3007 3022 3008
f 3008 3022 3020
f 3008 3020 3009
f 3009 3020 3018
f 3009 3018 3010
f 3010 3018 3016
f 3010 3016 2952
f 2952 3016 3014
f 2952 3014 2953
f 2953 3014 3012
f 2953 3012 2954
f 2954 3012 3128
f 2954 3128 2955
f 2955 3128 3126
f 2955 3126 2956
f 2956 3126 3124
f 2956 3124 2957
f 2957 3124 3122
f 2957 3122 2958
f 2958 3122 3120
f 2958 3120 2959
f 2959 3120 3118
f 2959 3118 2960
f 2960 3118 3116
f 2960 3116 2961
f 2961 3116 3114
f 2961 3114 2962
f 2962 3114 3112
f 2962 3112 2963
f 2963 3112 3110
f 2963 3110 2964
f 2964 3110 3108
f 2964 3108 2965
f 2965 3108 3106
f 2965 3106 2966
f 2966 3106 3104
f 2966 3104 2967
f 2967 3104 3102
f 2967 3102 2968
f 2968 3102 3100
f 2968 3100 2969
f 2969 3100 3098
f 2969 3098 2970
f 2970 3098 3096
f 2970 3096 2971
f 2971 3096 3094
f 2971 3094 2972
f 2972 3094 3092
f 2972 3092 2973
f 2973 3092 3090
f 2973 3090 2974
f 2974 3090 3088
f 2974 3088 2975
f 2975 3088 3086
f 2975 3086 2976
f 2976 3086 3084
f 2976 3084 2977
f 2977 3084 3082
f 2977 3082 2978
f 2978 3082 3080
f 2978 3080 2979
f 2979 3080 3078
f 2979 3078 2980
f 2980 3078 3076
f 2980 3076 2981
f 2981 3076 3074
f 2981 3074 2982
f 2982 3074 3072
f 2308 3129 2306
f 2306 3129 3130
f 2306 3130 2304
f 2304 3130 3131
f 2304 3131 2337
f 2337 3131 3132
f 2337 3132 2339
f 2339 3132 3133
f 2339 3133 2341
f 2341 3133 3134
f 2341 3134 2343
f 2343 3134 3135
f 2343 3135 2345
f 2345 3135 3136
f 2345 3136 2347
f 2347 3136 3137
f 2347 3137 2349
f 2349 3137 3138
f 2349 3138 2351
f 2351 3138 3139
f 2351 3139 2353
f 2353 3139 3140
f 2353 3140 2355
f 2355 3140 3141
f 2355 3141 2357
f 2357 3141 3142
f 2357 3142 2359
f 2359 3142 3143
f 2359 3143 2361
f 2361 3143 3144
f 2361 3144 2362
f 2362 3144 3145
f 2362 3145 2360
f 2360 3145 3146
f 2360 3146 2358
f 2358 3146 3147
f 2358 3147 2356
f 2356 3147 3148
f 2356 3148 2354
f 2354 3148 3149
f 2354 3149 2352
f 2352 3149 3150
f 2352 3150 2350
f 2350 3150 3151
f 2350 3151 2348
f 2348 3151 3152
f 2348 3152 2346
f 2346 3152 3153
f 2346 3153 2344
f 2344 3153 3154
f 2344 3154 2342
f 2342 3154 3155
f 2342 3155 2340
f 2340 3155 3156
f 2340 3156 2338
f 2338 3156 3157
f 2338 3157 2336
f 2336 3157 3158
f 2336 3158 2305
f 2305 3158 3159
f 2305 3159 2307
f 2307 3159 3160
f 2307 3160 2309
f 2309 3160 3161
f 2309 3161 2311
f 2311 3161 3162
f 2311 3162 2313
f 2313 3162 3163
f 2313 3163 2315
f 2315 3163 3164
f 2315 3164 2317
f 2317 3164 3165
f 2317 3165 2319
f 2319 3165 3166
f 2319 3166 2321
f 2321 3166 3167
f 2321 3167 2323
f 2323 3167 3168
f 2323 3168 2325
f 2325 3168 3169
f 2325 3169 2327
f 2327 3169 3170
f 2327 3170 2329
f 2329 3170 3171
f 2329 3171 2331
f 2331 3171 3172
f 2331 3172 2333
f 2333 3172 3173
f 2333 3173 2335
f 2335 3173 3174
f 2335 3174 2334
f 2334 3174 3175
f 2334 3175 2332
f 2332 3175 3176
f 2332 3176 2330
f 2330 3176 3177
f 2330 3177 2328
f 2328 3177 3178
f 2328 3178 2326
f 2326 3178 3179
f 2326 3179 2324
f 2324 3179 3180
f 2324 3180 2322
f 2322 3180 3181
f 2322 3181 2320
f 2320 3181 3182
f 2320 3182 2318
f 2318 3182 3183
f 2318 3183 2316
f 2316 3183 3184
f 2316 3184 2314
f 2314 3184 3185
f 2314 3185 2312
f 2312 3185 3186
f 2312 3186 2310
f 2310 3186 3187
f 2310 3187 2308
f 2308 3187 3129
f 3188 3189 3190
f 3190 3189 3191
f 3190 3191 3192
f 3192 3191 3193
f 3192 3193 3194
f 3194 3193 3195
f 3194 3195 3196
f 3196 3195 3197
f 3196 3197 3198
f 3198 3197 3199
f 3198 3199 3200
f 3200 3199 3201
f 3200 3201 3202
f 3202 3201 3203
f 3202 3203 3204
f 3204 3203 3205
f 3204 3205 3206
f 3206 3205 3207
f 3206 3207 3208
f 3208 3207 3209
f 3208 3209 3210
f 3210 3209 3211
f 3210 3211 3212
f 3212 3211 3213
f 3212 3213 3214
f 3214 3213 3215
f 3214 3215 3216
f 3216 3215 3217
f 3216 3217 3218
f 3218 3217 3219
f 3218 3219 3220
f 3220 3219 3221
f 3220 3221 3222
f 3222 3221 3223
f 3222 3223 3224
f 3224 3223 3225
f 3224 3225 3226
f 3226 3225 3227
f 3226 3227 3228
f 3228 3227 3229
f 3228 3229 3230
f 3230 3229 3231
f 3230 3231 3232
f 3232 3231 3233
f 3232 3233 3234
f 3234 3233 3235
f 3234 3235 3236
f 3236 3235 3237
f 3236 3237 3238
f 3238 3237 3239
f 3238 3239 3240
f 3240 3239 3241
f 3240 3241 3242
f 3242 3241 3243
f 3242 3243 3244
f 3244 3243 3245
f 3244 3245 3246
f 3246 3245 3247
f 3246 3247 3248
f 3248 3247 3249
f 3248 3249 3250
f 3250 3249 3251
f 3250 3251 3252
f 3252 3251 3253
f 3252 3253 3254
f 3254 3253 3255
f 3254 3255 3256
f 3256 3255 3257
f 3256 3257 3258
f 3258 3257 3259
f 3258 3259 3260
f 3260 3259 3261
f 3260 3261 3262
f 3262 3261 3263
f 3262 3263 3264
f 3264 3263 3265
f 3264 3265 3266
f 3266 3265 3267
f 3266 3267 3268
f 3268 3267 3269
f 3268 3269 3270
f 3270 3269 3271
f 3270 3271 3272
f 3272 3271 3273
f 3272 3273 3274
f 3274 3273 3275
f 3274 3275 3276
f 3276 3275 3277
f 3276 3277 3278
f 3278 3277 3279
f 3278 3279 3280
f 3280 3279 3281
f 3280 3281 3282
f 3282 3281 3283
f 3282 3283 3284
f 3284 3283 3285
f 3284 3285 3286
f 3286 3285 3287
f 3286 3287 3288
f 3288 3287 3289
f 3288 3289 3290
f 3290 3289 3291
f 3290 3291 3292
f 3292 3291 3293
f 3292 3293 3294
f 3294 3293 3295
f 3294 3295 3296
f 3296 3295 3297
f 3296 3297 3298
f 3298 3297 3299
f 3298 3299 3300
f 3300 3299 3301
f 3300 3301 3302
f 3302 3301 3303
f 3302 3303 3304
f 3304 3303 3305
f 3304 3305 3188
f 3188 3305 3189
f 3159 3249 3160
f 3160 3249 3247
f 3160 3247 3161
f 3161 3247 3245
f 3161 3245 3162
f 3162 3245 3243
f 3162 3243 3163
f 3163 3243 3241
f 3163 3241 3164
f 3164 3241 3239
f 3164 3239 3165
f 3165 3239 3237
f 3165 3237 3166
f 3166 3237 3235
f 3166 3235 3167
f 3167 3235 3233
f 3167 3233 3168
f 3168 3233 3231
f 3168 3231 3169
f 3169 3231 3229
f 3169 3229 3170
f 3170 3229 3227
f 3170 3227 3171
f 3171 3227 3225
f 3171 3225 3172
f 3172 3225 3223
f 3172 3223 3173
f 3173 3223 3221
f 3173 3221 3174
f 3174 3221 3219
f 3174 3219 3175
f 3175 3219 3217
f 3175 3217 3176
f 3176 3217 3215
f 3176 3215 3177
f 3177 3215 3213
f 3177 3213 3178
f 3178 3213 3211
f 3178 3211 3179
f 3179 3211 3209
f 3179 3209 3180
f 3180 3209 3207
f 3180 3207 3181
f 3181 3207 3205
f 3181 3205 3182
f 3182 3205 3203
f 3182 3203 3183
f 3183 3203 3201
f 3183 3201 3184
f 3184 3201 3199
f 3184 3199 3185
f 3185 3199 3197
f 3185 3197 3186
f 3186 3197 3195
f 3186 3195 3187
f 3187 3195 3193
f 3187 3193 3129
f 3129 3193 3191
f 3129 3191 3130
f 3130 3191 3189
f 3130 3189 3131
f 3131 3189 3305
f 3131 3305 3132
f 3132 3305 3303
f 3132 3303 3133
f 3133 3303 3301
f 3133 3301 3134
f 3134 3301 3299
f 3134 3299 3135
f 3135 3299 3297
f 3135 3297 3136
f 3136 3297 3295
f 3136 3295 3137
f 3137 3295 3293
f 3137 3293 3138
f 3138 3293 3291
f 3138 3291 3139
f 3139 3291 3289
f 3139 3289 3140
f 3140 3289 3287
f 3140 3287 3141
f 3141 3287 3285
f 3141 3285 3142
f 3142 3285 3283
f 3142 3283 3143
f 3143 3283 3281
f 3143 3281 3144
f 3144 3281 3279
f 3144 3279 3145
f 3145 3279 3277
f 3145 3277 3146
f 3146 3277 3275
f 3146 3275 3147
f 3147 3275 3273
f 3147 3273 3148
f 3148 3273 3271
f 3148 3271 3149
f 3149 3271 3269
f 3149 3269 3150
f 3150 3269 3267
f 3150 3267 3151
f 3151 3267 3265
f 3151 3265 3152
f 3152 3265 3263
f 3152 3263 3153
f 3153 3263 3261
f 3153 3261 3154
f 3154 3261 3259
f 3154 3259 3155
f 3155 3259 3257
f 3155 3257 3156
f 3156 3257 3255
f 3156 3255 3157
f 3157 3255 3253
f 3157 3253 3158
f 3158 3253 3251
f 3158 3251 3159
f 3159 3251 3249
f 3306 2405 3307
f 3307 2405 2404
f 3307 2404 2403
f 732 2446 3306
f 3306 2446 2445
f 3306 2445 2444
f 731 2488 732
f 732 2488 2487
f 732 2487 2486
f 3307 2365 731
f 731 2365 2364
f 731 2364 2363
f 2363 2528 731
f 731 2528 2527
f 731 2527 2526
f 2526 2525 731
f 731 2525 2524
f 731 2524 2523
f 2523 2522 731
f 731 2522 2521
f 731 2521 2520
f 2520 2519 731
f 731 2519 2518
f 731 2518 2517
f 2517 2516 731
f 731 2516 2515
f 731 2515 2514
f 2514 2513 731
f 731 2513 2512
f 731 2512 2511
f 2511 2510 731
f 731 2510 2509
f 731 2509 2508
f 2508 2507 731
f 731 2507 2506
f 731 2506 2505
f 2505 2504 731
f 731 2504 2503
f 731 2503 2502
f 2502 2501 731
f 731 2501 2500
f 731 2500 2499
f 2499 2498 731
f 731 2498 2497
f 731 2497 2496
f 2496 2495 731
f 731 2495 2494
f 731 2494 2493
f 2493 2492 731
f 731 2492 2491
f 731 2491 2490
f 2490 2489 731
f 731 2489 2488
f 2486 2485 732
f 732 2485 2484
f 732 2484 2483
f 2483 2482 732
f 732 2482 2481
f 732 2481 2480
f 2480 2479 732
f 732 2479 2478
f 732 2478 2477
f 2477 2476 732
f 732 2476 2475
f 732 2475 2474
f 2474 2473 732
f 732 2473 2472
f 732 2472 2471
f 2471 2470 732
f 732 2470 2469
f 732 2469 2468
f 2468 2467 732
f 732 2467 2466
f 732 2466 2465
f 2465 2464 732
f 732 2464 2463
f 732 2463 2462
f 2462 2461 732
f 732 2461 2460
f 732 2460 2459
f 2459 2458 732
f 732 2458 2457
f 732 2457 2456
f 2456 2455 732
f 732 2455 2454
f 732 2454 2453
f 2453 2452 732
f 732 2452 2451
f 732 2451 2450
f 2450 2449 732
f 732 2449 2448
f 732 2448 2447
f 2447 2446 732
f 2444 2443 3306
f 3306 2443 2442
f 3306 2442 2441
f 2441 2440 3306
f 3306 2440 2439
f 3306 2439 2438
f 2438 2437 3306
f 3306 2437 2436
f 3306 2436 2435
f 2435 2434 3306
f 3306 2434 2433
f 3306 2433 2432
f 2432 2431 3306
f 3306 2431 2430
f 3306 2430 2429
f 2429 2428 3306
f 3306 2428 2427
f 3306 2427 2426
f 2426 2425 3306
f 3306 2425 2424
f 3306 2424 2423
f 2423 2422 3306
f 3306 2422 2421
f 3306 2421 2420
f 2420 2419 3306
f 3306 2419 2418
f 3306 2418 2417
f 2417 2416 3306
f 3306 2416 2415
f 3306 2415 2414
f 2414 2413 3306
f 3306 2413 2412
f 3306 2412 2411
f 2411 2410 3306
f 3306 2410 2409
f 3306 2409 2408
f 2408 2407 3306
f 3306 2407 2406
f 3306 2406 2405
f 2403 2402 3307
f 3307 2402 2401
f 3307 2401 2400
f 2400 2399 3307
f 3307 2399 2398
f 3307 2398 2397
f 2397 2396 3307
f 3307 2396 2395
f 3307 2395 2394
f 2394 2393 3307
f 3307 2393 2392
f 3307 2392 2391
f 2391 2390 3307
f 3307 2390 2389
f 3307 2389 2388
f 2388 2387 3307
f 3307 2387 2386
f 3307 2386 2385
f 2385 2384 3307
f 3307 2384 2383
f 3307 2383 2382
f 2382 2381 3307
f 3307 2381 2380
f 3307 2380 2379
f 2379 2378 3307
f 3307 2378 2377
f 3307 2377 2376
f 2376 2375 3307
f 3307 2375 2374
f 3307 2374 2373
f 2373 2372 3307
f 3307 2372 2371
f 3307 2371 2370
f 2370 2369 3307
f 3307 2369 2368
f 3307 2368 2367
f 2367 2366 3307
f 3307 2366 2365
f 2533 3308 2531
f 2531 3308 3309
f 2531 3309 2529
f 2529 3309 3310
f 2529 3310 2562
f 2562 3310 3311
f 2562 3311 2564
f 2564 3311 3312
f 2564 3312 2566
f 2566 3312 3313
f 2566 3313 2568
f 2568 3313 3314
f 2568 3314 2570
f 2570 3314 3315
f 2570 3315 2572
f 2572 3315 3316
f 2572 3316 2574
f 2574 3316 3317
f 2574 3317 2576
f 2576 3317 3318
f 2576 3318 2578
f 2578 3318 3319
f 2578 3319 2580
f 2580 3319 3320
f 2580 3320 2582
f 2582 3320 3321
f 2582 3321 2584
f 2584 3321 3322
f 2584 3322 2586
f 2586 3322 3323
f 2586 3323 2587
f 2587 3323 3324
f 2587 3324 2585
f 2585 3324 3325
f 2585 3325 2583
f 2583 3325 3326
f 2583 3326 2581
f 2581 3326 3327
f 2581 3327 2579
f 2579 3327 3328
f 2579 3328 2577
f 2577 3328 3329
f 2577 3329 2575
f 2575 3329 3330
f 2575 3330 2573
f 2573 3330 3331
f 2573 3331 2571
f 2571 3331 3332
f 2571 3332 2569
f 2569 3332 3333
f 2569 3333 2567
f 2567 3333 3334
f 2567 3334 2565
f 2565 3334 3335
f 2565 3335 2563
f 2563 3335 3336
f 2563 3336 2561
f 2561 3336 3337
f 2561 3337 2530
f 2530 3337 3338
f 2530 3338 2532
f 2532 3338 3339
f 2532 3339 2534
f 2534 3339 3340
f 2534 3340 2536
f 2536 3340 3341
f 2536 3341 2538
f 2538 3341 3342
f 2538 3342 2540
f 2540 3342 3343
f 2540 3343 2542
f 2542 3343 3344
f 2542 3344 2544
f 2544 3344 3345
f 2544 3345 2546
f 2546 3345 3346
f 2546 3346 2548
f 2548 3346 3347
f 2548 3347 2550
f 2550 3347 3348
f 2550 3348 2552
f 2552 3348 3349
f 2552 3349 2554
f 2554 3349 3350
f 2554 3350 2556
f 2556 3350 3351
f 2556 3351 2558
f 2558 3351 3352
f 2558 3352 2560
f 2560 3352 3353
f 2560 3353 2559
f 2559 3353 3354
f 2559 3354 2557
f 2557 3354 3355
f 2557 3355 2555
f 2555 3355 3356
f 2555 3356 2553
f 2553 3356 3357
f 2553 3357 2551
f 2551 3357 3358
f 2551 3358 2549
f 2549 3358 3359
f 2549 3359 2547
f 2547 3359 3360
f 2547 3360 2545
f 2545 3360 3361
f 2545 3361 2543
f 2543 3361 3362
f 2543 3362 2541
f 2541 3362 3363
f 2541 3363 2539
f 2539 3363 3364
f 2539 3364 2537
f 2537 3364 3365
f 2537 3365 2535
f 2535 3365 3366
f 2535 3366 2533
f 2533 3366 3308
f 3367 3368 3369
f 3369 3368 3370
f 3369 3370 3371
f 3371 3370 3372
f 3371 3372 3373
f 3373 3372 3374
f 3373 3374 3375
f 3375 3374 3376
f 3375 3376 3377
f 3377 3376 3378
f 3377 3378 3379
f 3379 3378 3380
f 3379 3380 3381
f 3381 3380 3382
f 3381 3382 3383
f 3383 3382 3384
f 3383 3384 3385
f 3385 3384 3386
f 3385 3386 3387
f 3387 3386 3388
f 3387 3388 3389
f 3389 3388 3390
f 3389 3390 3391
f 3391 3390 3392
f 3391 3392 3393
f 3393 3392 3394
f 3393 3394 3395
f 3395 3394 3396
f 3395 3396 3397
f 3397 3396 3398
f 3397 3398 3399
f 3399 3398 3400
f 3399 3400 3401
f 3401 3400 3402
f 3401 3402 3403
f 3403 3402 3404
f 3403 3404 3405
f 3405 3404 3406
f 3405 3406 3407
f 3407 3406 3408
f 3407 3408 3409
f 3409 3408 3410
f 3409 3410 3411
f 3411 3410 3412
f 3411 3412 3413
f 3413 3412 3414
f 3413 3414 3415
f 3415 3414 3416
f 3415 3416 3417
f 3417 3416 3418
f 3417 3418 3419
f 3419 3418 3420
f 3419 3420 3421
f 3421 3420 3422
f 3421 3422 3423
f 3423 3422 3424
f 3423 3424 3425
f 3425 3424 3426
f 3425 3426 3427
f 3427 3426 3428
f 3427 3428 3429
f 3429 3428 3430
f 3429 3430 3431
f 3431 3430 3432
f 3431 3432 3433
f 3433 3432 3434
f 3433 3434 3435
f 3435 3434 3436
f 3435 3436 3437
f 3437 3436 3438
f 3437 3438 3439
f 3439 3438 3440
f 3439 3440 3441
f 3441 3440 3442
f 3441 3442 3443
f 3443 3442 3444
f 3443 3444 3445
f 3445 3444 3446
f 3445 3446 3447
f 3447 3446 3448
f 3447 3448 3449
f 3449 3448 3450
f 3449 3450 3451
f 3451 3450 3452
f 3451 3452 3453
f 3453 3452 3454
f 3453 3454 3455
f 3455 3454 3456
f 3455 3456 3457
f 3457 3456 3458
f 3457 3458 3459
f 3459 3458 3460
f 3459 3460 3461
f 3461 3460 3462
f 3461 3462 3463
f 3463 3462 3464
f 3463 3464 3465
f 3465 3464 3466
f 3465 3466 3467
f 3467 3466 3468
f 3467 3468 3469
f 3469 3468 3470
f 3469 3470 3471
f 3471 3470 3472
f 3471 3472 3473
f 3473 3472 3474
f 3473 3474 3475
f 3475 3474 3476
f 3475 3476 3477
f 3477 3476 3478
f 3477 3478 3479
f 3479 3478 3480
f 3479 3480 3481
f 3481 3480 3482
f 3481 3482 3483
f 3483 3482 3484
f 3483 3484 3367
f 3367 3484 3368
f 3338 3428 3339
f 3339 3428 3426
f 3339 3426 3340
f 3340 3426 3424
f 3340 3424 3341
f 3341 3424 3422
f 3341 3422 3342
f 3342 3422 3420
f 3342 3420 3343
f 3343 3420 3418
f 3343 3418 3344
f 3344 3418 3416
f 3344 3416 3345
f 3345 3416 3414
f 3345 3414 3346
f 3346 3414 3412
f 3346 3412 3347
f 3347 3412 3410
f 3347 3410 3348
f 3348 3410 3408
f 3348 3408 3349
f 3349 3408 3406
f 3349 3406 3350
f 3350 3406 3404
f 3350 3404 3351
f 3351 3404 3402
f 3351 3402 3352
f 3352 3402 3400
f 3352 3400 3353
f 3353 3400 3398
f 3353 3398 3354
f 3354 3398 3396
f 3354 3396 3355
f 3355 3396 3394
f 3355 3394 3356
f 3356 3394 3392
f 3356 3392 3357
f 3357 3392 3390
f 3357 3390 3358
f 3358 3390 3388
f 3358 3388 3359
f 3359 3388 3386
f 3359 3386 3360
f 3360 3386 3384
f 3360 3384 3361
f 3361 3384 3382
f 3361 3382 3362
f 3362 3382 3380
f 3362 3380 3363
f 3363 3380 3378
f 3363 3378 3364
f 3364 3378 3376
f 3364 3376 3365
f 3365 3376 3374
f 3365 3374 3366
f 3366 3374 3372
f 3366 3372 3308
f 3308 3372 3370
f 3308 3370 3309
f 3309 3370 3368
f 3309 3368 3310
f 3310 3368 3484
f 3310 3484 3311
f 3311 3484 3482
f 3311 3482 3312
f 3312 3482 3480
f 3312 3480 3313
f 3313 3480 3478
f 3313 3478 3314
f 3314 3478 3476
f 3314 3476 3315
f 3315 3476 3474
f 3315 3474 3316
f 3316 3474 3472
f 3316 3472 3317
f 3317 3472 3470
f 3317 3470 3318
f 3318 3470 3468
f 3318 3468 3319
f 3319 3468 3466
f 3319 3466 3320
f 3320 3466 3464
f 3320 3464 3321
f 3321 3464 3462
f 3321 3462 3322
f 3322 3462 3460
f 3322 3460 3323
f 3323 3460 3458
f 3323 3458 3324
f 3324 3458 3456
f 3324 3456 3325
f 3325 3456 3454
f 3325 3454 3326
f 3326 3454 3452
f 3326 3452 3327
f 3327 3452 3450
f 3327 3450 3328
f 3328 3450 3448
f 3328 3448 3329
f 3329 3448 3446
f 3329 3446 3330
f 3330 3446 3444
f 3330 3444 3331
f 3331 3444 3442
f 3331 3442 3332
f 3332 3442 3440
f 3332 3440 3333
f 3333 3440 3438
f 3333 3438 3334
f 3334 3438 3436
f 3334 3436 3335
f 3335 3436 3434
f 3335 3434 3336
f 3336 3434 3432
f 3336 3432 3337
f 3337 3432 3430
f 3337 3430 3338
f 3338 3430 3428
f 2592 3485 2590
f 2590 3485 3486
f 2590 3486 2588
f 2588 3486 3487
f 2588 3487 2621
f 2621 3487 3488
f 2621 3488 2623
f 2623 3488 3489
f 2623 3489 2625
f 2625 3489 3490
f 2625 3490 2627
f 2627 3490 3491
f 2627 3491 2629
f 2629 3491 3492
f 2629 3492 2631
f 2631 3492 3493
f 2631 3493 2633
f 2633 3493 3494
f 2633 3494 2635
f 2635 3494 3495
f 2635 3495 2637
f 2637 3495 3496
f 2637 3496 2639
f 2639 3496 3497
f 2639 3497 2641
f 2641 3497 3498
f 2641 3498 2643
f 2643 3498 3499
f 2643 3499 2645
f 2645 3499 3500
f 2645 3500 2646
f 2646 3500 3501
f 2646 3501 2644
f 2644 3501 3502
f 2644 3502 2642
f 2642 3502 3503
f 2642 3503 2640
f 2640 3503 3504
f 2640 3504 2638
f 2638 3504 3505
f 2638 3505 2636
f 2636 3505 3506
f 2636 3506 2634
f 2634 3506 3507
f 2634 3507 2632
f 2632 3507 3508
f 2632 3508 2630
f 2630 3508 3509
f 2630 3509 2628
f 2628 3509 3510
f 2628 3510 2626
f 2626 3510 3511
f 2626 3511 2624
f 2624 3511 3512
f 2624 3512 2622
f 2622 3512 3513
f 2622 3513 2620
f 2620 3513 3514
f 2620 3514 2589
f 2589 3514 3515
f 2589 3515 2591
f 2591 3515 3516
f 2591 3516 2593
f 2593 3516 3517
f 2593 3517 2595
f 2595 3517 3518
f 2595 3518 2597
f 2597 3518 3519
f 2597 3519 2599
f 2599 3519 3520
f 2599 3520 2601
f 2601 3520 3521
f 2601 3521 2603
f 2603 3521 3522
f 2603 3522 2605
f 2605 3522 3523
f 2605 3523 2607
f 2607 3523 3524
f 2607 3524 2609
f 2609 3524 3525
f 2609 3525 2611
f 2611 3525 3526
f 2611 3526 2613
f 2613 3526 3527
f 2613 3527 2615
f 2615 3527 3528
f 2615 3528 2617
f 2617 3528 3529
f 2617 3529 2619
f 2619 3529 3530
f 2619 3530 2618
f 2618 3530 3531
f 2618 3531 2616
f 2616 3531 3532
f 2616 3532 2614
f 2614 3532 3533
f 2614 3533 2612
f 2612 3533 3534
f 2612 3534 2610
f 2610 3534 3535
f 2610 3535 2608
f 2608 3535 3536
f 2608 3536 2606
f 2606 3536 3537
f 2606 3537 2604
f 2604 3537 3538
f 2604 3538 2602
f 2602 3538 3539
f 2602 3539 2600
f 2600 3539 3540
f 2600 3540 2598
f 2598 3540 3541
f 2598 3541 2596
f 2596 3541 3542
f 2596 3542 2594
f 2594 3542 3543
f 2594 3543 2592
f 2592 3543 3485
f 3544 3545 3546
f 3546 3545 3547
f 3546 3547 3548
f 3548 3547 3549
f 3548 3549 3550
f 3550 3549 3551
f 3550 3551 3552
f 3552 3551 3553
f 3552 3553 3554
f 3554 3553 3555
f 3554 3555 3556
f 3556 3555 3557
f 3556 3557 3558
f 3558 3557 3559
f 3558 3559 3560
f 3560 3559 3561
f 3560 3561 3562
f 3562 3561 3563
f 3562 3563 3564
f 3564 3563 3565
f 3564 3565 3566
f 3566 3565 3567
f 3566 3567 3568
f 3568 3567 3569
f 3568 3569 3570
f 3570 3569 3571
f 3570 3571 3572
f 3572 3571 3573
f 3572 3573 3574
f 3574 3573 3575
f 3574 3575 3576
f 3576 3575 3577
f 3576 3577 3578
f 3578 3577 3579
f 3578 3579 3580
f 3580 3579 3581
f 3580 3581 3582
f 3582 3581 3583
f 3582 3583 3584
f 3584 3583 3585
f 3584 3585 3586
f 3586 3585 3587
f 3586 3587 3588
f 3588 3587 3589
f 3588 3589 3590
f 3590 3589 3591
f 3590 3591 3592
f 3592 3591 3593
f 3592 3593 3594
f 3594 3593 3595
f 3594 3595 3596
f 3596 3595 3597
f 3596 3597 3598
f 3598 3597 3599
f 3598 3599 3600
f 3600 3599 3601
f 3600 3601 3602
f 3602 3601 3603
f 3602 3603 3604
f 3604 3603 3605
f 3604 3605 3606
f 3606 3605 3607
f 3606 3607 3608
f 3608 3607 3609
f 3608 3609 3610
f 3610 3609 3611
f 3610 3611 3612
f 3612 3611 3613
f 3612 3613 3614
f 3614 3613 3615
f 3614 3615 3616
f 3616 3615 3617
f 3616 3617 3618
f 3618 3617 3619
f 3618 3619 3620
f 3620 3619 3621
f 3620 3621 3622
f 3622 3621 3623
f 3622 3623 3624
f 3624 3623 3625
f 3624 3625 3626
f 3626 3625 3627
f 3626 3627 3628
f 3628 3627 3629
f 3628 3629 3630
f 3630 3629 3631
f 3630 3631 3632
f 3632 3631 3633
f 3632 3633 3634
f 3634 3633 3635
f 3634 3635 3636
f 3636 3635 3637
f 3636 3637 3638
f 3638 3637 3639
f 3638 3639 3640
f 3640 3639 3641
f 3640 3641 3642
f 3642 3641 3643
f 3642 3643 3644
f 3644 3643 3645
f 3644 3645 3646
f 3646 3645 3647
f 3646 3647 3648
f 3648 3647 3649
f 3648 3649 3650
f 3650 3649 3651
f 3650 3651 3652
f 3652 3651 3653
f 3652 3653 3654
f 3654 3653 3655
f 3654 3655 3656
f 3656 3655 3657
f 3656 3657 3658
f 3658 3657 3659
f 3658 3659 3660
f 3660 3659 3661
f 3660 3661 3544
f 3544 3661 3545
f 3515 3605 3516
f 3516 3605 3603
f 3516 3603 3517
f 3517 3603 3601
f 3517 3601 3518
f 3518 3601 3599
f 3518 3599 3519
f 3519 3599 3597
f 3519 3597 3520
f 3520 3597 3595
f 3520 3595 3521
f 3521 3595 3593
f 3521 3593 3522
f 3522 3593 3591
f 3522 3591 3523
f 3523 3591 3589
f 3523 3589 3524
f 3524 3589 3587
f 3524 3587 3525
f 3525 3587 3585
f 3525 3585 3526
f 3526 3585 3583
f 3526 3583 3527
f 3527 3583 3581
f 3527 3581 3528
f 3528 3581 3579
f 3528 3579 3529
f 3529 3579 3577
f 3529 3577 3530
f 3530 3577 3575
f 3530 3575 3531
f 3531 3575 3573
f 3531 3573 3532
f 3532 3573 3571
f 3532 3571 3533
f 3533 3571 3569
f 3533 3569 3534
f 3534 3569 3567
f 3534 3567 3535
f 3535 3567 3565
f 3535 3565 3536
f 3536 3565 3563
f 3536 3563 3537
f 3537 3563 3561
f 3537 3561 3538
f 3538 3561 3559
f 3538 3559 3539
f 3539 3559 3557
f 3539 3557 3540
f 3540 3557 3555
f 3540 3555 3541
f 3541 3555 3553
f 3541 3553 3542
f 3542 3553 3551
f 3542 3551 3543
f 3543 3551 3549
f 3543 3549 3485
f 3485 3549 3547
f 3485 3547 3486
f 3486 3547 3545
f 3486 3545 3487
f 3487 3545 3661
f 3487 3661 3488
f 3488 3661 3659
f 3488 3659 3489
f 3489 3659 3657
f 3489 3657 3490
f 3490 3657 3655
f 3490 3655 3491
f 3491 3655 3653
f 3491 3653 3492
f 3492 3653 3651
f 3492 3651 3493
f 3493 3651 3649
f 3493 3649 3494
f 3494 3649 3647
f 3494 3647 3495
f 3495 3647 3645
f 3495 3645 3496
f 3496 3645 3643
f 3496 3643 3497
f 3497 3643 3641
f 3497 3641 3498
f 3498 3641 3639
f 3498 3639 3499
f 3499 3639 3637
f 3499 3637 3500
f 3500 3637 3635
f 3500 3635 3501
f 3501 3635 3633
f 3501 3633 3502
f 3502 3633 3631
f 3502 3631 3503
f 3503 3631 3629
f 3503 3629 3504
f 3504 3629 3627
f 3504 3627 3505
f 3505 3627 3625
f 3505 3625 3506
f 3506 3625 3623
f 3506 3623 3507
f 3507 3623 3621
f 3507 3621 3508
f 3508 3621 3619
f 3508 3619 3509
f 3509 3619 3617
f 3509 3617 3510
f 3510 3617 3615
f 3510 3615 3511
f 3511 3615 3613
f 3511 3613 3512
f 3512 3613 3611
f 3512 3611 3513
f 3513 3611 3609
f 3513 3609 3514
f 3514 3609 3607
f 3514 3607 3515
f 3515 3607 3605
f 3662 3663 2648
f 2648 3663 3664
f 2648 3664 2647
f 2647 3664 3665
f 2647 3665 2650
f 2650 3665 3666
f 2650 3666 2651
f 2651 3666 3667
f 2651 3667 3668
f 2651 3668 2652
f 2652 3668 3669
f 2652 3669 2653
f 2653 3669 3670
f 2653 3670 2654
f 2654 3670 3671
f 2654 3671 3672
f 2654 3672 2655
f 2655 3672 3673
f 2655 3673 2656
f 2656 3673 3674
f 2656 3674 3675
f 2656 3675 2657
f 2657 3675 3676
f 2657 3676 2658
f 2658 3676 3677
f 2658 3677 2659
f 2659 3677 3678
f 2659 3678 3679
f 2659 3679 2660
f 2660 3679 3680
f 2660 3680 2661
f 2661 3680 3681
f 2661 3681 2662
f 2662 3681 3682
f 2662 3682 3683
f 2662 3683 2663
f 2663 3683 3684
f 2663 3684 2664
f 2664 3684 3685
f 2664 3685 2665
f 2665 3685 3686
f 2665 3686 3687
f 2665 3687 2666
f 2666 3687 3688
f 2666 3688 2667
f 2667 3688 3689
f 2667 3689 3690
f 2667 3690 2668
f 2668 3690 3691
f 2668 3691 2669
f 2669 3691 3692
f 2669 3692 2670
f 2670 3692 3693
f 2670 3693 3694
f 2670 3694 2671
f 2671 3694 3695
f 2671 3695 2672
f 2672 3695 3696
f 2672 3696 2673
f 2673 3696 3697
f 2673 3697 3698
f 2673 3698 2674
f 2674 3698 3699
f 2674 3699 2675
f 2675 3699 3700
f 2675 3700 2676
f 2676 3700 3701
f 2676 3701 3702
f 2676 3702 2677
f 2677 3702 3703
f 2677 3703 2678
f 2678 3703 3704
f 2678 3704 3705
f 2678 3705 2679
f 2679 3705 3706
f 2679 3706 2680
f 2680 3706 3707
f 2680 3707 2681
f 2681 3707 3708
f 2681 3708 3709
f 2681 3709 2682
f 2682 3709 3710
f 2682 3710 2683
f 2683 3710 3711
f 2683 3711 2684
f 2684 3711 3712
f 2684 3712 3713
f 2684 3713 2685
f 2685 3713 3714
f 2685 3714 2686
f 2686 3714 3715
f 2686 3715 2687
f 2687 3715 3716
f 2687 3716 3717
f 2687 3717 2688
f 2688 3717 3718
f 2688 3718 2689
f 2689 3718 3719
f 2689 3719 2690
f 2690 3719 3720
f 2690 3720 3721
f 2690 3721 2691
f 2691 3721 3722
f 2691 3722 2692
f 2692 3722 3723
f 2692 3723 3724
f 2692 3724 2693
f 2693 3724 3725
f 2693 3725 2694
f 2694 3725 3726
f 2694 3726 2695
f 2695 3726 3727
f 2695 3727 3728
f 2695 3728 2696
f 2696 3728 3729
f 2696 3729 2697
f 2697 3729 3730
f 2697 3730 2698
f 2698 3730 3731
f 2698 3731 3732
f 2698 3732 2699
f 2699 3732 3733
f 2699 3733 2700
f 2700 3733 3734
f 2700 3734 2701
f 2701 3734 3735
f 2701 3735 3736
f 2701 3736 2702
f 2702 3736 3737
f 2702 3737 2703
f 2703 3737 3738
f 2703 3738 3739
f 2703 3739 2704
f 2704 3739 3740
f 2704 3740 2705
f 2705 3740 3741
f 2705 3741 2706
f 2706 3741 3742
f 2706 3742 3743
f 2706 3743 2707
f 2707 3743 3744
f 2707 3744 2649
f 2649 3744 3662
f 2649 3662 2648
f 3745 3746 2709
f 2709 3746 3747
f 2709 3747 2708
f 2708 3747 3748
f 2708 3748 2711
f 2711 3748 3749
f 2711 3749 2712
f 2712 3749 3750
f 2712 3750 3751
f 2712 3751 2713
f 2713 3751 3752
f 2713 3752 2714
f 2714 3752 3753
f 2714 3753 2715
f 2715 3753 3754
f 2715 3754 3755
f 2715 3755 2716
f 2716 3755 3756
f 2716 3756 2717
f 2717 3756 3757
f 2717 3757 3758
f 2717 3758 2718
f 2718 3758 3759
f 2718 3759 2719
f 2719 3759 3760
f 2719 3760 2720
f 2720 3760 3761
f 2720 3761 3762
f 2720 3762 2721
f 2721 3762 3763
f 2721 3763 2722
f 2722 3763 3764
f 2722 3764 2723
f 2723 3764 3765
f 2723 3765 3766
f 2723 3766 2724
f 2724 3766 3767
f 2724 3767 2725
f 2725 3767 3768
f 2725 3768 2726
f 2726 3768 3769
f 2726 3769 3770
f 2726 3770 2727
f 2727 3770 3771
f 2727 3771 2728
f 2728 3771 3772
f 2728 3772 3773
f 2728 3773 2729
f 2729 3773 3774
f 2729 3774 2730
f 2730 3774 3775
f 2730 3775 2731
f 2731 3775 3776
f 2731 3776 3777
f 2731 3777 2732
f 2732 3777 3778
f 2732 3778 2733
f 2733 3778 3779
f 2733 3779 2734
f 2734 3779 3780
f 2734 3780 3781
f 2734 3781 2735
f 2735 3781 3782
f 2735 3782 2736
f 2736 3782 3783
f 2736 3783 2737
f 2737 3783 3784
f 2737 3784 3785
f 2737 3785 2738
f 2738 3785 3786
f 2738 3786 2739
f 2739 3786 3787
f 2739 3787 3788
f 2739 3788 2740
f 2740 3788 3789
f 2740 3789 2741
f 2741 3789 3790
f 2741 3790 2742
f 2742 3790 3791
f 2742 3791 3792
f 2742 3792 2743
f 2743 3792 3793
f 2743 3793 2744
f 2744 3793 3794
f 2744 3794 2745
f 2745 3794 3795
f 2745 3795 3796
f 2745 3796 2746
f 2746 3796 3797
f 2746 3797 2747
f 2747 3797 3798
f 2747 3798 2748
f 2748 3798 3799
f 2748 3799 3800
f 2748 3800 2749
f 2749 3800 3801
f 2749 3801 2750
f 2750 3801 3802
f 2750 3802 2751
f 2751 3802 3803
f 2751 3803 3804
f 2751 3804 2752
f 2752 3804 3805
f 2752 3805 2753
f 2753 3805 3806
f 2753 3806 3807
f 2753 3807 2754
f 2754 3807 3808
f 2754 3808 2755
f 2755 3808 3809
f 2755 3809 2756
f 2756 3809 3810
f 2756 3810 3811
f 2756 3811 2757
f 2757 3811 3812
f 2757 3812 2758
f 2758 3812 3813
f 2758 3813 2759
f 2759 3813 3814
f 2759 3814 3815
f 2759 3815 2760
f 2760 3815 3816
f 2760 3816 2761
f 2761 3816 3817
f 2761 3817 2762
f 2762 3817 3818
f 2762 3818 3819
f 2762 3819 2763
f 2763 3819 3820
f 2763 3820 2764
f 2764 3820 3821
f 2764 3821 3822
f 2764 3822 2765
f 2765 3822 3823
f 2765 3823 2766
f 2766 3823 3824
f 2766 3824 2767
f 2767 3824 3825
f 2767 3825 3826
f 2767 3826 2768
f 2768 3826 3827
f 2768 3827 2710
f 2710 3827 3745
f 2710 3745 2709
f 3828 3829 2770
f 2770 3829 3830
f 2770 3830 2769
f 2769 3830 3831
f 2769 3831 2772
f 2772 3831 3832
f 2772 3832 2773
f 2773 3832 3833
f 2773 3833 3834
f 2773 3834 2774
f 2774 3834 3835
f 2774 3835 2775
f 2775 3835 3836
f 2775 3836 2776
f 2776 3836 3837
f 2776 3837 3838
f 2776 3838 2777
f 2777 3838 3839
f 2777 3839 2778
f 2778 3839 3840
f 2778 3840 3841
f 2778 3841 2779
f 2779 3841 3842
f 2779 3842 2780
f 2780 3842 3843
f 2780 3843 2781
f 2781 3843 3844
f 2781 3844 3845
f 2781 3845 2782
f 2782 3845 3846
f 2782 3846 2783
f 2783 3846 3847
f 2783 3847 2784
f 2784 3847 3848
f 2784 3848 3849
f 2784 3849 2785
f 2785 3849 3850
f 2785 3850 2786
f 2786 3850 3851
f 2786 3851 2787
f 2787 3851 3852
f 2787 3852 3853
f 2787 3853 2788
f 2788 3853 3854
f 2788 3854 2789
f 2789 3854 3855
f 2789 3855 3856
f 2789 3856 2790
f 2790 3856 3857
f 2790 3857 2791
f 2791 3857 3858
f 2791 3858 2792
f 2792 3858 3859
f 2792 3859 3860
f 2792 3860 2793
f 2793 3860 3861
f 2793 3861 2794
f 2794 3861 3862
f 2794 3862 2795
f 2795 3862 3863
f 2795 3863 3864
f 2795 3864 2796
f 2796 3864 3865
f 2796 3865 2797
f 2797 3865 3866
f 2797 3866 2798
f 2798 3866 3867
f 2798 3867 3868
f 2798 3868 2799
f 2799 3868 3869
f 2799 3869 2800
f 2800 3869 3870
f 2800 3870 3871
f 2800 3871 2801
f 2801 3871 3872
f 2801 3872 2802
f 2802 3872 3873
f 2802 3873 2803
f 2803 3873 3874
f 2803 3874 3875
f 2803 3875 2804
f 2804 3875 3876
f 2804 3876 2805
f 2805 3876 3877
f 2805 3877 2806
f 2806 3877 3878
f 2806 3878 3879
f 2806 3879 2807
f 2807 3879 3880
f 2807 3880 2808
f 2808 3880 3881
f 2808 3881 2809
f 2809 3881 3882
f 2809 3882 3883
f 2809 3883 2810
f 2810 3883 3884
f 2810 3884 2811
f 2811 3884 3885
f 2811 3885 2812
f 2812 3885 3886
f 2812 3886 3887
f 2812 3887 2813
f 2813 3887 3888
f 2813 3888 2814
f 2814 3888 3889
f 2814 3889 3890
f 2814 3890 2815
f 2815 3890 3891
f 2815 3891 2816
f 2816 3891 3892
f 2816 3892 2817
f 2817 3892 3893
f 2817 3893 3894
f 2817 3894 2818
f 2818 3894 3895
f 2818 3895 2819
f 2819 3895 3896
f 2819 3896 2820
f 2820 3896 3897
f 2820 3897 3898
f 2820 3898 2821
f 2821 3898 3899
f 2821 3899 2822
f 2822 3899 3900
f 2822 3900 2823
f 2823 3900 3901
f 2823 3901 3902
f 2823 3902 2824
f 2824 3902 3903
f 2824 3903 2825
f 2825 3903 3904
f 2825 3904 3905
f 2825 3905 2826
f 2826 3905 3906
f 2826 3906 2827
f 2827 3906 3907
f 2827 3907 2828
f 2828 3907 3908
f 2828 3908 3909
f 2828 3909 2829
f 2829 3909 3910
f 2829 3910 2771
f 2771 3910 3828
f 2771 3828 2770
f 3911 3912 2831
f 2831 3912 3913
f 2831 3913 2830
f 2830 3913 3914
f 2830 3914 2833
f 2833 3914 3915
f 2833 3915 2834
f 2834 3915 3916
f 2834 3916 3917
f 2834 3917 2835
f 2835 3917 3918
f 2835 3918 2836
f 2836 3918 3919
f 2836 3919 2837
f 2837 3919 3920
f 2837 3920 3921
f 2837 3921 2838
f 2838 3921 3922
f 2838 3922 2839
f 2839 3922 3923
f 2839 3923 3924
f 2839 3924 2840
f 2840 3924 3925
f 2840 3925 2841
f 2841 3925 3926
f 2841 3926 2842
f 2842 3926 3927
f 2842 3927 3928
f 2842 3928 2843
f 2843 3928 3929
f 2843 3929 2844
f 2844 3929 3930
f 2844 3930 2845
f 2845 3930 3931
f 2845 3931 3932
f 2845 3932 2846
f 2846 3932 3933
f 2846 3933 2847
f 2847 3933 3934
f 2847 3934 2848
f 2848 3934 3935
f 2848 3935 3936
f 2848 3936 2849
f 2849 3936 3937
f 2849 3937 2850
f 2850 3937 3938
f 2850 3938 3939
f 2850 3939 2851
f 2851 3939 3940
f 2851 3940 2852
f 2852 3940 3941
f 2852 3941 2853
f 2853 3941 3942
f 2853 3942 3943
f 2853 3943 2854
f 2854 3943 3944
f 2854 3944 2855
f 2855 3944 3945
f 2855 3945 2856
f 2856 3945 3946
f 2856 3946 3947
f 2856 3947 2857
f 2857 3947 3948
f 2857 3948 2858
f 2858 3948 3949
f 2858 3949 2859
f 2859 3949 3950
f 2859 3950 3951
f 2859 3951 2860
f 2860 3951 3952
f 2860 3952 2861
f 2861 3952 3953
f 2861 3953 3954
f 2861 3954 2862
f 2862 3954 3955
f 2862 3955 2863
f 2863 3955 3956
f 2863 3956 2864
f 2864 3956 3957
f 2864 3957 3958
f 2864 3958 2865
f 2865 3958 3959
f 2865 3959 2866
f 2866 3959 3960
f 2866 3960 2867
f 2867 3960 3961
f 2867 3961 3962
f 2867 3962 2868
f 2868 3962 3963
f 2868 3963 2869
f 2869 3963 3964
f 2869 3964 2870
f 2870 3964 3965
f 2870 3965 3966
f 2870 3966 2871
f 2871 3966 3967
f 2871 3967 2872
f 2872 3967 3968
f 2872 3968 2873
f 2873 3968 3969
f 2873 3969 3970
f 2873 3970 2874
f 2874 3970 3971
f 2874 3971 2875
f 2875 3971 3972
f 2875 3972 3973
f 2875 3973 2876
f 2876 3973 3974
f 2876 3974 2877
f 2877 3974 3975
f 2877 3975 2878
f 2878 3975 3976
f 2878 3976 3977
f 2878 3977 2879
f 2879 3977 3978
f 2879 3978 2880
f 2880 3978 3979
f 2880 3979 2881
f 2881 3979 3980
f 2881 3980 3981
f 2881 3981 2882
f 2882 3981 3982
f 2882 3982 2883
f 2883 3982 3983
f 2883 3983 2884
f 2884 3983 3984
f 2884 3984 3985
f 2884 3985 2885
f 2885 3985 3986
f 2885 3986 2886
f 2886 3986 3987
f 2886 3987 3988
f 2886 3988 2887
f 2887 3988 3989
f 2887 3989 2888
f 2888 3989 3990
f 2888 3990 2889
f 2889 3990 3991
f 2889 3991 3992
f 2889 3992 2890
f 2890 3992 3993
f 2890 3993 2832
f 2832 3993 3911
f 2832 3911 2831
f 3994 3995 2892
f 2892 3995 3996
f 2892 3996 2891
f 2891 3996 3997
f 2891 3997 2894
f 2894 3997 3998
f 2894 3998 2895
f 2895 3998 3999
f 2895 3999 4000
f 2895 4000 2896
f 2896 4000 4001
f 2896 4001 2897
f 2897 4001 4002
f 2897 4002 2898
f 2898 4002 4003
f 2898 4003 4004
f 2898 4004 2899
f 2899 4004 4005
f 2899 4005 2900
f 2900 4005 4006
f 2900 4006 4007
f 2900 4007 2901
f 2901 4007 4008
f 2901 4008 2902
f 2902 4008 4009
f 2902 4009 2903
f 2903 4009 4010
f 2903 4010 4011
f 2903 4011 2904
f 2904 4011 4012
f 2904 4012 2905
f 2905 4012 4013
f 2905 4013 2906
f 2906 4013 4014
f 2906 4014 4015
f 2906 4015 2907
f 2907 4015 4016
f 2907 4016 2908
f 2908 4016 4017
f 2908 4017 2909
f 2909 4017 4018
f 2909 4018 4019
f 2909 4019 2910
f 2910 4019 4020
f 2910 4020 2911
f 2911 4020 4021
f 2911 4021 4022
f 2911 4022 2912
f 2912 4022 4023
f 2912 4023 2913
f 2913 4023 4024
f 2913 4024 2914
f 2914 4024 4025
f 2914 4025 4026
f 2914 4026 2915
f 2915 4026 4027
f 2915 4027 2916
f 2916 4027 4028
f 2916 4028 2917
f 2917 4028 4029
f 2917 4029 4030
f 2917 4030 2918
f 2918 4030 4031
f 2918 4031 2919
f 2919 4031 4032
f 2919 4032 2920
f 2920 4032 4033
f 2920 4033 4034
f 2920 4034 2921
f 2921 4034 4035
f 2921 4035 2922
f 2922 4035 4036
f 2922 4036 4037
f 2922 4037 2923
f 2923 4037 4038
f 2923 4038 2924
f 2924 4038 4039
f 2924 4039 2925
f 2925 4039 4040
f 2925 4040 4041
f 2925 4041 2926
f 2926 4041 4042
f 2926 4042 2927
f 2927 4042 4043
f 2927 4043 2928
f 2928 4043 4044
f 2928 4044 4045
f 2928 4045 2929
f 2929 4045 4046
f 2929 4046 2930
f 2930 4046 4047
f 2930 4047 2931
f 2931 4047 4048
f 2931 4048 4049
f 2931 4049 2932
f 2932 4049 4050
f 2932 4050 2933
f 2933 4050 4051
f 2933 4051 2934
f 2934 4051 4052
f 2934 4052 4053
f 2934 4053 2935
f 2935 4053 4054
f 2935 4054 2936
f 2936 4054 4055
f 2936 4055 4056
f 2936 4056 2937
f 2937 4056 4057
f 2937 4057 2938
f 2938 4057 4058
f 2938 4058 2939
f 2939 4058 4059
f 2939 4059 4060
f 2939 4060 2940
f 2940 4060 4061
f 2940 4061 2941
f 2941 4061 4062
f 2941 4062 2942
f 2942 4062 4063
f 2942 4063 4064
f 2942 4064 2943
f 2943 4064 4065
f 2943 4065 2944
f 2944 4065 4066
f 2944 4066 2945
f 2945 4066 4067
f 2945 4067 4068
f 2945 4068 2946
f 2946 4068 4069
f 2946 4069 2947
f 2947 4069 4070
f 2947 4070 4071
f 2947 4071 2948
f 2948 4071 4072
f 2948 4072 2949
f 2949 4072 4073
f 2949 4073 2950
f 2950 4073 4074
f 2950 4074 4075
f 2950 4075 2951
f 2951 4075 4076
f 2951 4076 2893
f 2893 4076 3994
f 2893 3994 2892
f 732 3306 730
f 730 3306 4077
f 3306 3071 4077
f 4077 3071 3073
f 4077 3073 3075
f 3307 3224 3306
f 3306 3224 3037
f 3306 3037 3039
f 4078 3190 3307
f 3307 3190 3192
f 3307 3192 3194
f 4077 3274 4078
f 4078 3274 3276
f 4078 3276 3278
f 3194 3196 3307
f 3307 3196 3198
f 3307 3198 3200
f 3200 3202 3307
f 3307 3202 3204
f 3307 3204 3206
f 3206 3208 3307
f 3307 3208 3210
f 3307 3210 3212
f 3212 3214 3307
f 3307 3214 3216
f 3307 3216 3218
f 3218 3220 3307
f 3307 3220 3222
f 3307 3222 3224
f 3224 3226 3037
f 3037 3226 3035
f 3035 3226 3228
f 3035 3228 3033
f 3033 3228 3230
f 3033 3230 3031
f 3031 3230 3232
f 3031 3232 3029
f 3029 3232 3234
f 3029 3234 3027
f 3027 3234 3236
f 3027 3236 3025
f 3025 3236 3238
f 3025 3238 3023
f 3023 3238 3240
f 3023 3240 3021
f 3021 3240 3242
f 3021 3242 3019
f 3019 3242 3244
f 3019 3244 3017
f 3017 3244 3246
f 3017 3246 3015
f 3015 3246 3248
f 3015 3248 3013
f 3013 3248 3250
f 3013 3250 3011
f 3011 3250 3252
f 3011 3252 3127
f 3127 3252 3254
f 3127 3254 3125
f 3125 3254 3256
f 3125 3256 3123
f 3123 3256 3258
f 3123 3258 3121
f 3121 3258 3260
f 3121 3260 3119
f 3119 3260 3262
f 3119 3262 3117
f 3117 3262 3264
f 3117 3264 3115
f 3115 3264 3266
f 3115 3266 3113
f 3113 3266 3268
f 3113 3268 3111
f 3111 3268 3270
f 3111 3270 3109
f 3109 3270 3272
f 3109 3272 3107
f 3107 3272 3274
f 3107 3274 4077
f 3278 3280 4078
f 4078 3280 3282
f 4078 3282 3284
f 3284 3286 4078
f 4078 3286 3288
f 4078 3288 3290
f 3290 3292 4078
f 4078 3292 3294
f 4078 3294 3296
f 3296 3298 4078
f 4078 3298 3300
f 4078 3300 3302
f 3302 3304 4078
f 4078 3304 3188
f 4078 3188 3190
f 3039 3041 3306
f 3306 3041 3043
f 3306 3043 3045
f 3045 3047 3306
f 3306 3047 3049
f 3306 3049 3051
f 3051 3053 3306
f 3306 3053 3055
f 3306 3055 3057
f 3057 3059 3306
f 3306 3059 3061
f 3306 3061 3063
f 3063 3065 3306
f 3306 3065 3067
f 3306 3067 3069
f 3069 3071 3306
f 3075 3077 4077
f 4077 3077 3079
f 4077 3079 3081
f 3081 3083 4077
f 4077 3083 3085
f 4077 3085 3087
f 3087 3089 4077
f 4077 3089 3091
f 4077 3091 3093
f 3093 3095 4077
f 4077 3095 3097
f 4077 3097 3099
f 3099 3101 4077
f 4077 3101 3103
f 4077 3103 3105
f 3105 3107 4077
f 3307 731 4078
f 4078 731 729
f 731 3604 729
f 729 3604 3606
f 729 3606 3608
f 732 3403 731
f 731 3403 3570
f 731 3570 3572
f 730 3369 732
f 732 3369 3371
f 732 3371 3373
f 729 3453 730
f 730 3453 3455
f 730 3455 3457
f 3548 3427 3546
f 3546 3427 3429
f 3546 3429 3544
f 3544 3429 3431
f 3544 3431 3660
f 3660 3431 3433
f 3660 3433 3658
f 3658 3433 3435
f 3658 3435 3656
f 3656 3435 3437
f 3656 3437 3654
f 3654 3437 3439
f 3654 3439 3652
f 3652 3439 3441
f 3652 3441 3650
f 3650 3441 3443
f 3650 3443 3648
f 3648 3443 3445
f 3648 3445 3646
f 3646 3445 3447
f 3646 3447 3644
f 3644 3447 3449
f 3644 3449 3642
f 3642 3449 3451
f 3642 3451 3640
f 3640 3451 3453
f 3640 3453 729
f 3427 3548 3425
f 3425 3548 3550
f 3425 3550 3423
f 3423 3550 3552
f 3423 3552 3421
f 3421 3552 3554
f 3421 3554 3419
f 3419 3554 3556
f 3419 3556 3417
f 3417 3556 3558
f 3417 3558 3415
f 3415 3558 3560
f 3415 3560 3413
f 3413 3560 3562
f 3413 3562 3411
f 3411 3562 3564
f 3411 3564 3409
f 3409 3564 3566
f 3409 3566 3407
f 3407 3566 3568
f 3407 3568 3405
f 3405 3568 3570
f 3405 3570 3403
f 3572 3574 731
f 731 3574 3576
f 731 3576 3578
f 3578 3580 731
f 731 3580 3582
f 731 3582 3584
f 3584 3586 731
f 731 3586 3588
f 731 3588 3590
f 3590 3592 731
f 731 3592 3594
f 731 3594 3596
f 3596 3598 731
f 731 3598 3600
f 731 3600 3602
f 3602 3604 731
f 3608 3610 729
f 729 3610 3612
f 729 3612 3614
f 3614 3616 729
f 729 3616 3618
f 729 3618 3620
f 3620 3622 729
f 729 3622 3624
f 729 3624 3626
f 3626 3628 729
f 729 3628 3630
f 729 3630 3632
f 3632 3634 729
f 729 3634 3636
f 729 3636 3638
f 3638 3640 729
f 3373 3375 732
f 732 3375 3377
f 732 3377 3379
f 3379 3381 732
f 732 3381 3383
f 732 3383 3385
f 3385 3387 732
f 732 3387 3389
f 732 3389 3391
f 3391 3393 732
f 732 3393 3395
f 732 3395 3397
f 3397 3399 732
f 732 3399 3401
f 732 3401 3403
f 3457 3459 730
f 730 3459 3461
f 730 3461 3463
f 3463 3465 730
f 730 3465 3467
f 730 3467 3469
f 3469 3471 730
f 730 3471 3473
f 730 3473 3475
f 3475 3477 730
f 730 3477 3479
f 730 3479 3481
f 3481 3483 730
f 730 3483 3367
f 730 3367 3369
f 3662 4079 3663
f 3663 4079 4080
f 3663 4080 3664
f 3664 4080 4081
f 3664 4081 3665
f 3665 4081 4082
f 3665 4082 3666
f 3666 4082 4083
f 3666 4083 3667
f 3667 4083 4084
f 3667 4084 3668
f 3668 4084 4085
f 3668 4085 3669
f 3669 4085 4086
f 3669 4086 3670
f 3670 4086 4087
f 3670 4087 3671
f 3671 4087 4088
f 3671 4088 3672
f 3672 4088 4089
f 3672 4089 3673
f 3673 4089 4090
f 3673 4090 3674
f 3674 4090 4091
f 3674 4091 3675
f 3675 4091 4092
f 3675 4092 3676
f 3676 4092 4093
f 3676 4093 3677
f 3677 4093 4094
f 3677 4094 3678
f 3678 4094 4095
f 3678 4095 3679
f 3679 4095 4096
f 3679 4096 3680
f 3680 4096 4097
f 3680 4097 3681
f 3681 4097 4098
f 3681 4098 3682
f 3682 4098 4099
f 3682 4099 3683
f 3683 4099 4100
f 3683 4100 3684
f 3684 4100 4101
f 3684 4101 3685
f 3685 4101 4102
f 3685 4102 3686
f 3686 4102 4103
f 3686 4103 3687
f 3687 4103 4104
f 3687 4104 3688
f 3688 4104 4105
f 3688 4105 3689
f 3689 4105 4106
f 3689 4106 3690
f 3690 4106 4107
f 3690 4107 3691
f 3691 4107 4108
f 3691 4108 3692
f 3692 4108 4109
f 3692 4109 3693
f 3693 4109 4110
f 3693 4110 3694
f 3694 4110 4111
f 3694 4111 3695
f 3695 4111 4112
f 3695 4112 3696
f 3696 4112 4113
f 3696 4113 3697
f 3697 4113 4114
f 3697 4114 3698
f 3698 4114 4115
f 3698 4115 3699
f 3699 4115 4116
f 3699 4116 3700
f 3700 4116 4117
f 3700 4117 3701
f 3701 4117 4118
f 3701 4118 3702
f 3702 4118 4119
f 3702 4119 3703
f 3703 4119 4120
f 3703 4120 3704
f 3704 4120 4121
f 3704 4121 3705
f 3705 4121 4122
f 3705 4122 3706
f 3706 4122 4123
f 3706 4123 3707
f 3707 4123 4124
f 3707 4124 3708
f 3708 4124 4125
f 3708 4125 3709
f 3709 4125 4126
f 3709 4126 3710
f 3710 4126 4127
f 3710 4127 3711
f 3711 4127 4128
f 3711 4128 3712
f 3712 4128 4129
f 3712 4129 3713
f 3713 4129 4130
f 3713 4130 3714
f 3714 4130 4131
f 3714 4131 3715
f 3715 4131 4132
f 3715 4132 3716
f 3716 4132 4133
f 3716 4133 3717
f 3717 4133 4134
f 3717 4134 3718
f 3718 4134 4135
f 3718 4135 3719
f 3719 4135 4136
f 3719 4136 3720
f 3720 4136 4137
f 3720 4137 3721
f 3721 4137 4138
f 3721 4138 3722
f 3722 4138 4139
f 3722 4139 3723
f 3723 4139 4140
f 3723 4140 3724
f 3724 4140 4141
f 3724 4141 3725
f 3725 4141 4142
f 3725 4142 3726
f 3726 4142 4143
f 3726 4143 3727
f 3727 4143 4144
f 3727 4144 3728
f 3728 4144 4145
f 3728 4145 3729
f 3729 4145 4146
f 3729 4146 3730
f 3730 4146 4147
f 3730 4147 3731
f 3731 4147 4148
f 3731 4148 3732
f 3732 4148 4149
f 3732 4149 3733
f 3733 4149 4150
f 3733 4150 3734
f 3734 4150 4151
f 3734 4151 3735
f 3735 4151 4152
f 3735 4152 3736
f 3736 4152 4153
f 3736 4153 3737
f 3737 4153 4154
f 3737 4154 3738
f 3738 4154 4155
f 3738 4155 3739
f 3739 4155 4156
f 3739 4156 3740
f 3740 4156 4157
f 3740 4157 3741
f 3741 4157 4158
f 3741 4158 3742
f 3742 4158 4159
f 3742 4159 3743
f 3743 4159 4160
f 3743 4160 3744
f 3744 4160 4161
f 3744 4161 3662
f 3662 4161 4079
f 3745 4162 3746
f 3746 4162 4163
f 3746 4163 3747
f 3747 4163 4164
f 3747 4164 3748
f 3748 4164 4165
f 3748 4165 3749
f 3749 4165 4166
f 3749 4166 3750
f 3750 4166 4167
f 3750 4167 3751
f 3751 4167 4168
f 3751 4168 3752
f 3752 4168 4169
f 3752 4169 3753
f 3753 4169 4170
f 3753 4170 3754
f 3754 4170 4171
f 3754 4171 3755
f 3755 4171 4172
f 3755 4172 3756
f 3756 4172 4173
f 3756 4173 3757
f 3757 4173 4174
f 3757 4174 3758
f 3758 4174 4175
f 3758 4175 3759
f 3759 4175 4176
f 3759 4176 3760
f 3760 4176 4177
f 3760 4177 3761
f 3761 4177 4178
f 3761 4178 3762
f 3762 4178 4179
f 3762 4179 3763
f 3763 4179 4180
f 3763 4180 3764
f 3764 4180 4181
f 3764 4181 3765
f 3765 4181 4182
f 3765 4182 3766
f 3766 4182 4183
f 3766 4183 3767
f 3767 4183 4184
f 3767 4184 3768
f 3768 4184 4185
f 3768 4185 3769
f 3769 4185 4186
f 3769 4186 3770
f 3770 4186 4187
f 3770 4187 3771
f 3771 4187 4188
f 3771 4188 3772
f 3772 4188 4189
f 3772 4189 3773
f 3773 4189 4190
f 3773 4190 3774
f 3774 4190 4191
f 3774 4191 3775
f 3775 4191 4192
f 3775 4192 3776
f 3776 4192 4193
f 3776 4193 3777
f 3777 4193 4194
f 3777 4194 3778
f 3778 4194 4195
f 3778 4195 3779
f 3779 4195 4196
f 3779 4196 3780
f 3780 4196 4197
f 3780 4197 3781
f 3781 4197 4198
f 3781 4198 3782
f 3782 4198 4199
f 3782 4199 3783
f 3783 4199 4200
f 3783 4200 3784
f 3784 4200 4201
f 3784 4201 3785
f 3785 4201 4202
f 3785 4202 3786
f 3786 4202 4203
f 3786 4203 3787
f 3787 4203 4204
f 3787 4204 3788
f 3788 4204 4205
f 3788 4205 3789
f 3789 4205 4206
f 3789 4206 3790
f 3790 4206 4207
f 3790 4207 3791
f 3791 4207 4208
f 3791 4208 3792
f 3792 4208 4209
f 3792 4209 3793
f 3793 4209 4210
f 3793 4210 3794
f 3794 4210 4211
f 3794 4211 3795
f 3795 4211 4212
f 3795 4212 3796
f 3796 4212 4213
f 3796 4213 3797
f 3797 4213 4214
f 3797 4214 3798
f 3798 4214 4215
f 3798 4215 3799
f 3799 4215 4216
f 3799 4216 3800
f 3800 4216 4217
f 3800 4217 3801
f 3801 4217 4218
f 3801 4218 3802
f 3802 4218 4219
f 3802 4219 3803
f 3803 4219 4220
f 3803 4220 3804
f 3804 4220 4221
f 3804 4221 3805
f 3805 4221 4222
f 3805 4222 3806
f 3806 4222 4223
f 3806 4223 3807
f 3807 4223 4224
f 3807 4224 3808
f 3808 4224 4225
f 3808 4225 3809
f 3809 4225 4226
f 3809 4226 3810
f 3810 4226 4227
f 3810 4227 3811
f 3811 4227 4228
f 3811 4228 3812
f 3812 4228 4229
f 3812 4229 3813
f 3813 4229 4230
f 3813 4230 3814
f 3814 4230 4231
f 3814 4231 3815
f 3815 4231 4232
f 3815 4232 3816
f 3816 4232 4233
f 3816 4233 3817
f 3817 4233 4234
f 3817 4234 3818
f 3818 4234 4235
f 3818 4235 3819
f 3819 4235 4236
f 3819 4236 3820
f 3820 4236 4237
f 3820 4237 3821
f 3821 4237 4238
f 3821 4238 3822
f 3822 4238 4239
f 3822 4239 3823
f 3823 4239 4240
f 3823 4240 3824
f 3824 4240 4241
f 3824 4241 3825
f 3825 4241 4242
f 3825 4242 3826
f 3826 4242 4243
f 3826 4243 3827
f 3827 4243 4244
f 3827 4244 3745
f 3745 4244 4162
f 3828 4245 3829
f 3829 4245 4246
f 3829 4246 3830
f 3830 4246 4247
f 3830 4247 3831
f 3831 4247 4248
f 3831 4248 3832
f 3832 4248 4249
f 3832 4249 3833
f 3833 4249 4250
f 3833 4250 3834
f 3834 4250 4251
f 3834 4251 3835
f 3835 4251 4252
f 3835 4252 3836
f 3836 4252 4253
f 3836 4253 3837
f 3837 4253 4254
f 3837 4254 3838
f 3838 4254 4255
f 3838 4255 3839
f 3839 4255 4256
f 3839 4256 3840
f 3840 4256 4257
f 3840 4257 3841
f 3841 4257 4258
f 3841 4258 3842
f 3842 4258 4259
f 3842 4259 3843
f 3843 4259 4260
f 3843 4260 3844
f 3844 4260 4261
f 3844 4261 3845
f 3845 4261 4262
f 3845 4262 3846
f 3846 4262 4263
f 3846 4263 3847
f 3847 4263 4264
f 3847 4264 3848
f 3848 4264 4265
f 3848 4265 3849
f 3849 4265 4266
f 3849 4266 3850
f 3850 4266 4267
f 3850 4267 3851
f 3851 4267 4268
f 3851 4268 3852
f 3852 4268 4269
f 3852 4269 3853
f 3853 4269 4270
f 3853 4270 3854
f 3854 4270 4271
f 3854 4271 3855
f 3855 4271 4272
f 3855 4272 3856
f 3856 4272 4273
f 3856 4273 3857
f 3857 4273 4274
f 3857 4274 3858
f 3858 4274 4275
f 3858 4275 3859
f 3859 4275 4276
f 3859 4276 3860
f 3860 4276 4277
f 3860 4277 3861
f 3861 4277 4278
f 3861 4278 3862
f 3862 4278 4279
f 3862 4279 3863
f 3863 4279 4280
f 3863 4280 3864
f 3864 4280 4281
f 3864 4281 3865
f 3865 4281 4282
f 3865 4282 3866
f 3866 4282 4283
f 3866 4283 3867
f 3867 4283 4284
f 3867 4284 3868
f 3868 4284 4285
f 3868 4285 3869
f 3869 4285 4286
f 3869 4286 3870
f 3870 4286 4287
f 3870 4287 3871
f 3871 4287 4288
f 3871 4288 3872
f 3872 4288 4289
f 3872 4289 3873
f 3873 4289 4290
f 3873 4290 3874
f 3874 4290 4291
f 3874 4291 3875
f 3875 4291 4292
f 3875 4292 3876
f 3876 4292 4293
f 3876 4293 3877
f 3877 4293 4294
f 3877 4294 3878
f 3878 4294 4295
f 3878 4295 3879
f 3879 4295 4296
f 3879 4296 3880
f 3880 4296 4297
f 3880 4297 3881
f 3881 4297 4298
f 3881 4298 3882
f 3882 4298 4299
f 3882 4299 3883
f 3883 4299 4300
f 3883 4300 3884
f 3884 4300 4301
f 3884 4301 3885
f 3885 4301 4302
f 3885 4302 3886
f 3886 4302 4303
f 3886 4303 3887
f 3887 4303 4304
f 3887 4304 3888
f 3888 4304 4305
f 3888 4305 3889
f 3889 4305 4306
f 3889 4306 3890
f 3890 4306 4307
f 3890 4307 3891
f 3891 4307 4308
f 3891 4308 3892
f 3892 4308 4309
f 3892 4309 3893
f 3893 4309 4310
f 3893 4310 3894
f 3894 4310 4311
f 3894 4311 3895
f 3895 4311 4312
f 3895 4312 3896
f 3896 4312 4313
f 3896 4313 3897
f 3897 4313 4314
f 3897 4314 3898
f 3898 4314 4315
f 3898 4315 3899
f 3899 4315 4316
f 3899 4316 3900
f 3900 4316 4317
f 3900 4317 3901
f 3901 4317 4318
f 3901 4318 3902
f 3902 4318 4319
f 3902 4319 3903
f 3903 4319 4320
f 3903 4320 3904
f 3904 4320 4321
f 3904 4321 3905
f 3905 4321 4322
f 3905 4322 3906
f 3906 4322 4323
f 3906 4323 3907
f 3907 4323 4324
f 3907 4324 3908
f 3908 4324 4325
f 3908 4325 3909
f 3909 4325 4326
f 3909 4326 3910
f 3910 4326 4327
f 3910 4327 3828
f 3828 4327 4245
f 3911 4328 3912
f 3912 4328 4329
f 3912 4329 3913
f 3913 4329 4330
f 3913 4330 3914
f 3914 4330 4331
f 3914 4331 3915
f 3915 4331 4332
f 3915 4332 3916
f 3916 4332 4333
f 3916 4333 3917
f 3917 4333 4334
f 3917 4334 3918
f 3918 4334 4335
f 3918 4335 3919
f 3919 4335 4336
f 3919 4336 3920
f 3920 4336 4337
f 3920 4337 3921
f 3921 4337 4338
f 3921 4338 3922
f 3922 4338 4339
f 3922 4339 3923
f 3923 4339 4340
f 3923 4340 3924
f 3924 4340 4341
f 3924 4341 3925
f 3925 4341 4342
f 3925 4342 3926
f 3926 4342 4343
f 3926 4343 3927
f 3927 4343 4344
f 3927 4344 3928
f 3928 4344 4345
f 3928 4345 3929
f 3929 4345 4346
f 3929 4346 3930
f 3930 4346 4347
f 3930 4347 3931
f 3931 4347 4348
f 3931 4348 3932
f 3932 4348 4349
f 3932 4349 3933
f 3933 4349 4350
f 3933 4350 3934
f 3934 4350 4351
f 3934 4351 3935
f 3935 4351 4352
f 3935 4352 3936
f 3936 4352 4353
f 3936 4353 3937
f 3937 4353 4354
f 3937 4354 3938
f 3938 4354 4355
f 3938 4355 3939
f 3939 4355 4356
f 3939 4356 3940
f 3940 4356 4357
f 3940 4357 3941
f 3941 4357 4358
f 3941 4358 3942
f 3942 4358 4359
f 3942 4359 3943
f 3943 4359 4360
f 3943 4360 3944
f 3944 4360 4361
f 3944 4361 3945
f 3945 4361 4362
f 3945 4362 3946
f 3946 4362 4363
f 3946 4363 3947
f 3947 4363 4364
f 3947 4364 3948
f 3948 4364 4365
f 3948 4365 3949
f 3949 4365 4366
f 3949 4366 3950
f 3950 4366 4367
f 3950 4367 3951
f 3951 4367 4368
f 3951 4368 3952
f 3952 4368 4369
f 3952 4369 3953
f 3953 4369 4370
f 3953 4370 3954
f 3954 4370 4371
f 3954 4371 3955
f 3955 4371 4372
f 3955 4372 3956
f 3956 4372 4373
f 3956 4373 3957
f 3957 4373 4374
f 3957 4374 3958
f 3958 4374 4375
f 3958 4375 3959
f 3959 4375 4376
f 3959 4376 3960
f 3960 4376 4377
f 3960 4377 3961
f 3961 4377 4378
f 3961 4378 3962
f 3962 4378 4379
f 3962 4379 3963
f 3963 4379 4380
f 3963 4380 3964
f 3964 4380 4381
f 3964 4381 3965
f 3965 4381 4382
f 3965 4382 3966
f 3966 4382 4383
f 3966 4383 3967
f 3967 4383 4384
f 3967 4384 3968
f 3968 4384 4385
f 3968 4385 3969
f 3969 4385 4386
f 3969 4386 3970
f 3970 4386 4387
f 3970 4387 3971
f 3971 4387 4388
f 3971 4388 3972
f 3972 4388 4389
f 3972 4389 3973
f 3973 4389 4390
f 3973 4390 3974
f 3974 4390 4391
f 3974 4391 3975
f 3975 4391 4392
f 3975 4392 3976
f 3976 4392 4393
f 3976 4393 3977
f 3977 4393 4394
f 3977 4394 3978
f 3978 4394 4395
f 3978 4395 3979
f 3979 4395 4396
f 3979 4396 3980
f 3980 4396 4397
f 3980 4397 3981
f 3981 4397 4398
f 3981 4398 3982
f 3982 4398 4399
f 3982 4399 3983
f 3983 4399 4400
f 3983 4400 3984
f 3984 4400 4401
f 3984 4401 3985
f 3985 4401 4402
f 3985 4402 3986
f 3986 4402 4403
f 3986 4403 3987
f 3987 4403 4404
f 3987 4404 3988
f 3988 4404 4405
f 3988 4405 3989
f 3989 4405 4406
f 3989 4406 3990
f 3990 4406 4407
f 3990 4407 3991
f 3991 4407 4408
f 3991 4408 3992
f 3992 4408 4409
f 3992 4409 3993
f 3993 4409 4410
f 3993 4410 3911
f 3911 4410 4328
f 3994 4411 3995
f 3995 4411 4412
f 3995 4412 3996
f 3996 4412 4413
f 3996 4413 3997
f 3997 4413 4414
f 3997 4414 3998
f 3998 4414 4415
f 3998 4415 3999
f 3999 4415 4416
f 3999 4416 4000
f 4000 4416 4417
f 4000 4417 4001
f 4001 4417 4418
f 4001 4418 4002
f 4002 4418 4419
f 4002 4419 4003
f 4003 4419 4420
f 4003 4420 4004
f 4004 4420 4421
f 4004 4421 4005
f 4005 4421 4422
f 4005 4422 4006
f 4006 4422 4423
f 4006 4423 4007
f 4007 4423 4424
f 4007 4424 4008
f 4008 4424 4425
f 4008 4425 4009
f 4009 4425 4426
f 4009 4426 4010
f 4010 4426 4427
f 4010 4427 4011
f 4011 4427 4428
f 4011 4428 4012
f 4012 4428 4429
f 4012 4429 4013
f 4013 4429 4430
f 4013 4430 4014
f 4014 4430 4431
f 4014 4431 4015
f 4015 4431 4432
f 4015 4432 4016
f 4016 4432 4433
f 4016 4433 4017
f 4017 4433 4434
f 4017 4434 4018
f 4018 4434 4435
f 4018 4435 4019
f 4019 4435 4436
f 4019 4436 4020
f 4020 4436 4437
f 4020 4437 4021
f 4021 4437 4438
f 4021 4438 4022
f 4022 4438 4439
f 4022 4439 4023
f 4023 4439 4440
f 4023 4440 4024
f 4024 4440 4441
f 4024 4441 4025
f 4025 4441 4442
f 4025 4442 4026
f 4026 4442 4443
f 4026 4443 4027
f 4027 4443 4444
f 4027 4444 4028
f 4028 4444 4445
f 4028 4445 4029
f 4029 4445 4446
f 4029 4446 4030
f 4030 4446 4447
f 4030 4447 4031
f 4031 4447 4448
f 4031 4448 4032
f 4032 4448 4449
f 4032 4449 4033
f 4033 4449 4450
f 4033 4450 4034
f 4034 4450 4451
f 4034 4451 4035
f 4035 4451 4452
f 4035 4452 4036
f 4036 4452 4453
f 4036 4453 4037
f 4037 4453 4454
f 4037 4454 4038
f 4038 4454 4455
f 4038 4455 4039
f 4039 4455 4456
f 4039 4456 4040
f 4040 4456 4457
f 4040 4457 4041
f 4041 4457 4458
f 4041 4458 4042
f 4042 4458 4459
f 4042 4459 4043
f 4043 4459 4460
f 4043 4460 4044
f 4044 4460 4461
f 4044 4461 4045
f 4045 4461 4462
f 4045 4462 4046
f 4046 4462 4463
f 4046 4463 4047
f 4047 4463 4464
f 4047 4464 4048
f 4048 4464 4465
f 4048 4465 4049
f 4049 4465 4466
f 4049 4466 4050
f 4050 4466 4467
f 4050 4467 4051
f 4051 4467 4468
f 4051 4468 4052
f 4052 4468 4469
f 4052 4469 4053
f 4053 4469 4470
f 4053 4470 4054
f 4054 4470 4471
f 4054 4471 4055
f 4055 4471 4472
f 4055 4472 4056
f 4056 4472 4473
f 4056 4473 4057
f 4057 4473 4474
f 4057 4474 4058
f 4058 4474 4475
f 4058 4475 4059
f 4059 4475 4476
f 4059 4476 4060
f 4060 4476 4477
f 4060 4477 4061
f 4061 4477 4478
f 4061 4478 4062
f 4062 4478 4479
f 4062 4479 4063
f 4063 4479 4480
f 4063 4480 4064
f 4064 4480 4481
f 4064 4481 4065
f 4065 4481 4482
f 4065 4482 4066
f 4066 4482 4483
f 4066 4483 4067
f 4067 4483 4484
f 4067 4484 4068
f 4068 4484 4485
f 4068 4485 4069
f 4069 4485 4486
f 4069 4486 4070
f 4070 4486 4487
f 4070 4487 4071
f 4071 4487 4488
f 4071 4488 4072
f 4072 4488 4489
f 4072 4489 4073
f 4073 4489 4490
f 4073 4490 4074
f 4074 4490 4491
f 4074 4491 4075
f 4075 4491 4492
f 4075 4492 4076
f 4076 4492 4493
f 4076 4493 3994
f 3994 4493 4411
f 729 4206 4078
f 4078 4206 4205
f 4078 4205 4204
f 730 4473 729
f 729 4473 4141
f 729 4141 4140
f 4077 4408 730
f 730 4408 4407
f 730 4407 4415
f 4415 4407 4416
f 4416 4407 4406
f 4416 4406 4417
f 4417 4406 4405
f 4417 4405 4418
f 4418 4405 4404
f 4418 4404 4403
f 4078 4353 4077
f 4077 4353 4352
f 4077 4352 4351
f 4412 4411 730
f 730 4411 4493
f 730 4493 4492
f 4492 4491 730
f 730 4491 4490
f 730 4490 4489
f 4489 4488 730
f 730 4488 4487
f 730 4487 4486
f 4486 4485 730
f 730 4485 4484
f 730 4484 4483
f 4483 4482 730
f 730 4482 4481
f 730 4481 4480
f 4480 4479 730
f 730 4479 4478
f 730 4478 4477
f 4477 4476 730
f 730 4476 4475
f 730 4475 4474
f 4474 4473 730
f 4141 4473 4142
f 4142 4473 4472
f 4142 4472 4143
f 4143 4472 4471
f 4143 4471 4144
f 4144 4471 4470
f 4144 4470 4145
f 4145 4470 4469
f 4145 4469 4146
f 4146 4469 4468
f 4146 4468 4147
f 4147 4468 4467
f 4147 4467 4148
f 4148 4467 4466
f 4148 4466 4149
f 4149 4466 4465
f 4149 4465 4150
f 4150 4465 4464
f 4150 4464 4151
f 4151 4464 4463
f 4151 4463 4152
f 4152 4463 4462
f 4152 4462 4153
f 4153 4462 4461
f 4153 4461 4154
f 4154 4461 4460
f 4154 4460 4155
f 4155 4460 4459
f 4155 4459 4156
f 4156 4459 4458
f 4156 4458 4157
f 4157 4458 4457
f 4157 4457 4158
f 4158 4457 4456
f 4158 4456 4159
f 4159 4456 4455
f 4159 4455 4160
f 4160 4455 4454
f 4160 4454 4161
f 4161 4454 4453
f 4161 4453 4079
f 4079 4453 4307
f 4079 4307 4306
f 4307 4453 4308
f 4308 4453 4452
f 4308 4452 4309
f 4309 4452 4451
f 4309 4451 4310
f 4310 4451 4450
f 4310 4450 4311
f 4311 4450 4449
f 4311 4449 4312
f 4312 4449 4448
f 4312 4448 4313
f 4313 4448 4447
f 4313 4447 4314
f 4314 4447 4446
f 4314 4446 4315
f 4315 4446 4445
f 4315 4445 4316
f 4316 4445 4444
f 4316 4444 4317
f 4317 4444 4443
f 4317 4443 4318
f 4318 4443 4442
f 4318 4442 4319
f 4319 4442 4441
f 4319 4441 4320
f 4320 4441 4440
f 4320 4440 4321
f 4321 4440 4439
f 4321 4439 4322
f 4322 4439 4438
f 4322 4438 4323
f 4323 4438 4437
f 4323 4437 4324
f 4324 4437 4436
f 4324 4436 4325
f 4325 4436 4435
f 4325 4435 4326
f 4326 4435 4434
f 4326 4434 4327
f 4327 4434 4433
f 4327 4433 4245
f 4245 4433 4432
f 4245 4432 4390
f 4390 4432 4431
f 4390 4431 4391
f 4391 4431 4430
f 4391 4430 4392
f 4392 4430 4429
f 4392 4429 4393
f 4393 4429 4428
f 4393 4428 4394
f 4394 4428 4427
f 4394 4427 4395
f 4395 4427 4426
f 4395 4426 4396
f 4396 4426 4425
f 4396 4425 4397
f 4397 4425 4424
f 4397 4424 4398
f 4398 4424 4423
f 4398 4423 4399
f 4399 4423 4422
f 4399 4422 4400
f 4400 4422 4421
f 4400 4421 4401
f 4401 4421 4420
f 4401 4420 4402
f 4402 4420 4419
f 4402 4419 4403
f 4403 4419 4418
f 4415 4414 730
f 730 4414 4413
f 730 4413 4412
f 4329 4328 4077
f 4077 4328 4410
f 4077 4410 4409
f 4409 4408 4077
f 4390 4389 4245
f 4245 4389 4246
f 4246 4389 4388
f 4246 4388 4247
f 4247 4388 4387
f 4247 4387 4248
f 4248 4387 4386
f 4248 4386 4249
f 4249 4386 4385
f 4249 4385 4250
f 4250 4385 4384
f 4250 4384 4251
f 4251 4384 4383
f 4251 4383 4252
f 4252 4383 4382
f 4252 4382 4253
f 4253 4382 4381
f 4253 4381 4254
f 4254 4381 4380
f 4254 4380 4255
f 4255 4380 4379
f 4255 4379 4256
f 4256 4379 4378
f 4256 4378 4257
f 4257 4378 4377
f 4257 4377 4258
f 4258 4377 4376
f 4258 4376 4259
f 4259 4376 4375
f 4259 4375 4260
f 4260 4375 4374
f 4260 4374 4261
f 4261 4374 4373
f 4261 4373 4262
f 4262 4373 4372
f 4262 4372 4263
f 4263 4372 4371
f 4263 4371 4264
f 4264 4371 4370
f 4264 4370 4265
f 4265 4370 4369
f 4265 4369 4266
f 4266 4369 4162
f 4266 4162 4267
f 4267 4162 4244
f 4267 4244 4268
f 4268 4244 4243
f 4268 4243 4269
f 4269 4243 4242
f 4269 4242 4270
f 4270 4242 4241
f 4270 4241 4271
f 4271 4241 4240
f 4271 4240 4272
f 4272 4240 4239
f 4272 4239 4273
f 4273 4239 4238
f 4273 4238 4274
f 4274 4238 4237
f 4274 4237 4275
f 4275 4237 4236
f 4275 4236 4276
f 4276 4236 4235
f 4276 4235 4277
f 4277 4235 4234
f 4277 4234 4278
f 4278 4234 4233
f 4278 4233 4279
f 4279 4233 4232
f 4279 4232 4280
f 4280 4232 4231
f 4280 4231 4281
f 4281 4231 4230
f 4281 4230 4282
f 4282 4230 4229
f 4282 4229 4283
f 4283 4229 4228
f 4283 4228 4284
f 4284 4228 4227
f 4284 4227 4285
f 4285 4227 4226
f 4285 4226 4286
f 4286 4226 4225
f 4286 4225 4287
f 4287 4225 4099
f 4287 4099 4098
f 4162 4369 4163
f 4163 4369 4368
f 4163 4368 4164
f 4164 4368 4367
f 4164 4367 4165
f 4165 4367 4366
f 4165 4366 4166
f 4166 4366 4365
f 4166 4365 4167
f 4167 4365 4364
f 4167 4364 4168
f 4168 4364 4363
f 4168 4363 4169
f 4169 4363 4362
f 4169 4362 4170
f 4170 4362 4361
f 4170 4361 4171
f 4171 4361 4360
f 4171 4360 4172
f 4172 4360 4359
f 4172 4359 4173
f 4173 4359 4358
f 4173 4358 4174
f 4174 4358 4357
f 4174 4357 4175
f 4175 4357 4356
f 4175 4356 4176
f 4176 4356 4355
f 4176 4355 4177
f 4177 4355 4354
f 4177 4354 4178
f 4178 4354 4353
f 4178 4353 4078
f 4351 4350 4077
f 4077 4350 4349
f 4077 4349 4348
f 4348 4347 4077
f 4077 4347 4346
f 4077 4346 4345
f 4345 4344 4077
f 4077 4344 4343
f 4077 4343 4342
f 4342 4341 4077
f 4077 4341 4340
f 4077 4340 4339
f 4339 4338 4077
f 4077 4338 4337
f 4077 4337 4336
f 4336 4335 4077
f 4077 4335 4334
f 4077 4334 4333
f 4333 4332 4077
f 4077 4332 4331
f 4077 4331 4330
f 4330 4329 4077
f 4305 4098 4306
f 4306 4098 4097
f 4306 4097 4096
f 4305 4304 4098
f 4098 4304 4303
f 4098 4303 4302
f 4302 4301 4098
f 4098 4301 4300
f 4098 4300 4299
f 4299 4298 4098
f 4098 4298 4297
f 4098 4297 4296
f 4296 4295 4098
f 4098 4295 4294
f 4098 4294 4293
f 4293 4292 4098
f 4098 4292 4291
f 4098 4291 4290
f 4290 4289 4098
f 4098 4289 4288
f 4098 4288 4287
f 4099 4225 4100
f 4100 4225 4224
f 4100 4224 4101
f 4101 4224 4223
f 4101 4223 4102
f 4102 4223 4222
f 4102 4222 4103
f 4103 4222 4221
f 4103 4221 4104
f 4104 4221 4220
f 4104 4220 4105
f 4105 4220 4219
f 4105 4219 4106
f 4106 4219 4218
f 4106 4218 4107
f 4107 4218 4217
f 4107 4217 4108
f 4108 4217 4216
f 4108 4216 4109
f 4109 4216 4215
f 4109 4215 4110
f 4110 4215 4214
f 4110 4214 4111
f 4111 4214 4213
f 4111 4213 4112
f 4112 4213 4212
f 4112 4212 4113
f 4113 4212 4211
f 4113 4211 4210
f 4113 4210 4114
f 4114 4210 4209
f 4114 4209 4115
f 4115 4209 4208
f 4115 4208 4116
f 4116 4208 4207
f 4116 4207 4117
f 4117 4207 729
f 4117 729 4118
f 4118 729 4119
f 4119 729 4120
f 4120 729 4121
f 4121 729 4122
f 4122 729 4123
f 4123 729 4124
f 4124 729 4125
f 4125 729 4126
f 4126 729 4127
f 4127 729 4128
f 4128 729 4129
f 4129 729 4130
f 4130 729 4131
f 4131 729 4132
f 4132 729 4133
f 4133 729 4134
f 4134 729 4135
f 4135 729 4136
f 4136 729 4137
f 4137 729 4138
f 4138 729 4139
f 4139 729 4140
f 4207 4206 729
f 4204 4203 4078
f 4078 4203 4202
f 4078 4202 4201
f 4201 4200 4078
f 4078 4200 4199
f 4078 4199 4198
f 4198 4197 4078
f 4078 4197 4196
f 4078 4196 4195
f 4195 4194 4078
f 4078 4194 4193
f 4078 4193 4192
f 4192 4191 4078
f 4078 4191 4190
f 4078 4190 4189
f 4189 4188 4078
f 4078 4188 4187
f 4078 4187 4186
f 4186 4185 4078
f 4078 4185 4184
f 4078 4184 4183
f 4183 4182 4078
f 4078 4182 4181
f 4078 4181 4180
f 4180 4179 4078
f 4078 4179 4178
f 4096 4095 4306
f 4306 4095 4094
f 4306 4094 4093
f 4093 4092 4306
f 4306 4092 4091
f 4306 4091 4090
f 4090 4089 4306
f 4306 4089 4088
f 4306 4088 4087
f 4087 4086 4306
f 4306 4086 4085
f 4306 4085 4084
f 4084 4083 4306
f 4306 4083 4082
f 4306 4082 4081
f 4081 4080 4306
f 4306 4080 4079
f 4494 4495 4496
f 4496 4495 4497
f 4497 4495 4498
f 4497 4498 4499
f 4499 4498 4500
f 4499 4500 4501
f 4501 4500 4502
f 4501 4502 4503
f 4503 4502 4504
f 4503 4504 4505
f 4505 4504 4506
f 4505 4506 4507
f 4507 4506 4508
f 4507 4508 4509
f 4509 4508 4510
f 4509 4510 4511
f 4511 4510 4512
f 4511 4512 4513
f 4513 4512 4514
f 4513 4514 4515
f 4515 4514 4516
f 4515 4516 4517
f 4517 4516 4518
f 4517 4518 4519
f 4519 4518 4520
f 4519 4520 4521
f 4521 4520 4522
f 4521 4522 4523
f 4523 4522 4524
f 4523 4524 4525
f 4525 4524 4526
f 4525 4526 4527
f 4527 4526 4528
f 4527 4528 4529
f 4529 4528 4530
f 4529 4530 4531
f 4531 4530 4532
f 4531 4532 4533
f 4533 4532 4534
f 4533 4534 4535
f 4535 4534 4536
f 4535 4536 4537
f 4537 4536 4538
f 4537 4538 4539
f 4539 4538 4540
f 4539 4540 4541
f 4541 4540 4542
f 4541 4542 4543
f 4543 4542 4544
f 4543 4544 4545
f 4545 4544 4546
f 4545 4546 4547
f 4547 4546 4548
f 4547 4548 4549
f 4549 4548 4550
f 4549 4550 4551
f 4551 4550 4552
f 4551 4552 4553
f 4553 4552 4554
f 4553 4554 4555
f 4555 4554 4556
f 4555 4556 4557
f 4557 4556 4558
f 4557 4558 4559
f 4559 4558 4560
f 4559 4560 4561
f 4561 4560 4562
f 4561 4562 4563
f 4563 4562 4564
f 4563 4564 4565
f 4565 4564 4566
f 4565 4566 4567
f 4567 4566 4568
f 4567 4568 4569
f 4569 4568 4570
f 4569 4570 4571
f 4571 4570 4572
f 4571 4572 4573
f 4573 4572 4574
f 4573 4574 4575
f 4575 4574 4576
f 4575 4576 4577
f 4577 4576 4578
f 4577 4578 4579
f 4579 4578 4580
f 4579 4580 4581
f 4581 4580 4582
f 4581 4582 4583
f 4583 4582 4584
f 4583 4584 4585
f 4585 4584 4586
f 4585 4586 4587
f 4587 4586 4588
f 4587 4588 4589
f 4589 4588 4590
f 4589 4590 4591
f 4591 4590 4592
f 4591 4592 4593
f 4593 4592 4594
f 4593 4594 4595
f 4595 4594 4596
f 4595 4596 4597
f 4597 4596 4598
f 4597 4598 4599
f 4599 4598 4600
f 4599 4600 4601
f 4601 4600 4602
f 4601 4602 4603
f 4603 4602 4604
f 4603 4604 4605
f 4605 4604 4606
f 4605 4606 4607
f 4607 4606 4608
f 4607 4608 4609
f 4609 4608 4610
f 4609 4610 4611
f 4611 4610 4612
f 4611 4612 4613
f 4613 4612 4614
f 4613 4614 4615
f 4615 4614 4616
f 4615 4616 4617
f 4617 4616 4618
f 4617 4618 4619
f 4620 4621 4622
f 4622 4621 4623
f 4623 4621 4624
f 4623 4624 4625
f 4625 4624 4626
f 4625 4626 4627
f 4627 4626 4628
f 4627 4628 4629
f 4629 4628 4630
f 4629 4630 4631
f 4631 4630 4632
f 4631 4632 4633
f 4633 4632 4634
f 4633 4634 4635
f 4635 4634 4636
f 4635 4636 4637
f 4637 4636 4638
f 4637 4638 4639
f 4639 4638 4640
f 4639 4640 4641
f 4641 4640 4642
f 4641 4642 4643
f 4643 4642 4644
f 4643 4644 4645
f 4645 4644 4646
f 4645 4646 4647
f 4647 4646 4648
f 4647 4648 4649
f 4649 4648 4650
f 4649 4650 4651
f 4651 4650 4652
f 4651 4652 4653
f 4653 4652 4654
f 4653 4654 4655
f 4655 4654 4656
f 4655 4656 4657
f 4657 4656 4658
f 4657 4658 4659
f 4659 4658 4660
f 4659 4660 4661
f 4661 4660 4662
f 4661 4662 4663
f 4663 4662 4664
f 4663 4664 4665
f 4665 4664 4666
f 4665 4666 4667
f 4667 4666 4668
f 4667 4668 4669
f 4669 4668 4670
f 4669 4670 4671
f 4671 4670 4672
f 4671 4672 4673
f 4673 4672 4674
f 4673 4674 4675
f 4675 4674 4676
f 4675 4676 4677
f 4677 4676 4678
f 4677 4678 4679
f 4679 4678 4680
f 4679 4680 4681
f 4681 4680 4682
f 4681 4682 4683
f 4683 4682 4684
f 4683 4684 4685
f 4685 4684 4686
f 4685 4686 4687
f 4687 4686 4688
f 4687 4688 4689
f 4689 4688 4690
f 4689 4690 4691
f 4692 4693 4694
f 4694 4693 4695
f 4695 4693 4696
f 4695 4696 4697
f 4697 4696 4698
f 4697 4698 4699
f 4699 4698 4700
f 4699 4700 4701
f 4701 4700 4702
f 4701 4702 4703
f 4703 4702 4704
f 4703 4704 4705
f 4705 4704 4706
f 4705 4706 4707
f 4707 4706 4708
f 4707 4708 4709
f 4709 4708 4710
f 4709 4710 4711
f 4711 4710 4712
f 4711 4712 4713
f 4713 4712 4714
f 4713 4714 4715
f 4715 4714 4716
f 4715 4716 4717
f 4717 4716 4718
f 4717 4718 4719
f 4719 4718 4720
f 4719 4720 4721
f 4721 4720 4722
f 4721 4722 4723
f 4723 4722 4724
f 4723 4724 4725
f 4725 4724 4726
f 4725 4726 4727
f 4727 4726 4728
f 4727 4728 4729
f 4729 4728 4730
f 4729 4730 4731
f 4731 4730 4732
f 4731 4732 4733
f 4733 4732 4734
f 4733 4734 4735
f 4735 4734 4736
f 4735 4736 4737
f 4737 4736 4738
f 4737 4738 4739
f 4739 4738 4740
f 4740 4738 4741
f 4741 4742 4740
f 4740 4742 4743
f 4743 4742 3306
f 3306 4742 4077
f 4744 4690 4745
f 4745 4690 4688
f 4745 4688 4746
f 4746 4688 4686
f 4746 4686 4747
f 4747 4686 4684
f 4747 4684 4748
f 4748 4684 4682
f 4748 4682 4749
f 4749 4682 4680
f 4749 4680 4750
f 4750 4680 4678
f 4750 4678 4751
f 4751 4678 4676
f 4751 4676 4752
f 4752 4676 4674
f 4752 4674 4753
f 4753 4674 4672
f 4753 4672 4754
f 4754 4672 4670
f 4754 4670 4755
f 4755 4670 4668
f 4755 4668 4756
f 4756 4668 4666
f 4756 4666 4757
f 4757 4666 4664
f 4757 4664 4662
f 4757 4662 4758
f 4758 4662 4660
f 4758 4660 4759
f 4759 4660 4658
f 4759 4658 4760
f 4760 4658 4656
f 4760 4656 4761
f 4761 4656 4654
f 4761 4654 4762
f 4762 4654 4652
f 4762 4652 4763
f 4763 4652 4650
f 4763 4650 4764
f 4764 4650 4648
f 4764 4648 4765
f 4765 4648 4646
f 4765 4646 4766
f 4766 4646 4644
f 4766 4644 4767
f 4767 4644 4642
f 4767 4642 4640
f 4767 4640 4768
f 4768 4640 4638
f 4768 4638 4769
f 4769 4638 4636
f 4769 4636 4770
f 4770 4636 4634
f 4770 4634 4771
f 4771 4634 4632
f 4771 4632 4772
f 4772 4632 4630
f 4772 4630 4773
f 4773 4630 4628
f 4773 4628 4774
f 4774 4628 4626
f 4774 4626 4775
f 4775 4626 4624
f 4775 4624 4621
f 4775 4621 4776
f 4776 4621 4620
f 4776 4620 4777
f 4777 4620 4496
f 4777 4496 4778
f 4778 4496 4497
f 4778 4497 4779
f 4779 4497 4499
f 4779 4499 4501
f 4779 4501 4780
f 4780 4501 4503
f 4780 4503 4781
f 4781 4503 4505
f 4781 4505 4782
f 4782 4505 4507
f 4782 4507 4783
f 4783 4507 4509
f 4783 4509 4784
f 4784 4509 4511
f 4784 4511 4785
f 4785 4511 4513
f 4785 4513 4786
f 4786 4513 4515
f 4786 4515 4787
f 4787 4515 4517
f 4787 4517 4788
f 4788 4517 4519
f 4788 4519 4521
f 4788 4521 4789
f 4789 4521 4523
f 4789 4523 4790
f 4790 4523 4525
f 4790 4525 4791
f 4791 4525 4527
f 4791 4527 4792
f 4792 4527 4529
f 4792 4529 4793
f 4793 4529 4531
f 4793 4531 4794
f 4794 4531 4533
f 4794 4533 4795
f 4795 4533 4535
f 4795 4535 4796
f 4796 4535 4537
f 4796 4537 4797
f 4797 4537 4539
f 4797 4539 4798
f 4798 4539 4541
f 4798 4541 4799
f 4799 4541 4543
f 4799 4543 4800
f 4800 4543 4545
f 4800 4545 4801
f 4801 4545 4547
f 4801 4547 4802
f 4802 4547 4549
f 4802 4549 4551
f 4802 4551 4803
f 4803 4551 4553
f 4803 4553 4804
f 4804 4553 4555
f 4804 4555 4805
f 4805 4555 4557
f 4805 4557 4806
f 4806 4557 4559
f 4806 4559 4807
f 4807 4559 4561
f 4807 4561 4808
f 4808 4561 4563
f 4808 4563 4809
f 4809 4563 4565
f 4809 4565 4810
f 4810 4565 4567
f 4810 4567 4811
f 4811 4567 4569
f 4811 4569 4812
f 4812 4569 4571
f 4812 4571 4813
f 4813 4571 4573
f 4813 4573 4814
f 4814 4573 4575
f 4814 4575 4815
f 4815 4575 4577
f 4815 4577 4816
f 4816 4577 4579
f 4816 4579 4817
f 4817 4579 4581
f 4817 4581 4818
f 4818 4581 4583
f 4818 4583 4819
f 4819 4583 4585
f 4819 4585 4820
f 4820 4585 4587
f 4820 4587 4821
f 4821 4587 4589
f 4821 4589 4591
f 4821 4591 4822
f 4822 4591 4593
f 4822 4593 4823
f 4823 4593 4595
f 4823 4595 4824
f 4824 4595 4597
f 4824 4597 4825
f 4825 4597 4599
f 4825 4599 4826
f 4826 4599 4601
f 4826 4601 4827
f 4827 4601 4603
f 4827 4603 4828
f 4828 4603 4605
f 4828 4605 4829
f 4829 4605 4607
f 4829 4607 4830
f 4830 4607 4609
f 4830 4609 4831
f 4831 4609 4611
f 4831 4611 4832
f 4832 4611 4613
f 4832 4613 4833
f 4833 4613 4615
f 4833 4615 4834
f 4834 4615 4617
f 4834 4617 4619
f 4834 4619 4835
f 4835 4619 4836
f 4835 4836 4837
f 4837 4836 4838
f 4837 4838 4839
f 4839 4838 4840
f 4839 4840 4841
f 4841 4840 4842
f 4842 4840 4843
f 4842 4843 4844
f 4844 4843 4845
f 4844 4845 4846
f 4846 4845 4847
f 4745 4848 4744
f 4744 4848 4849
f 4849 4848 4850
f 4849 4850 4851
f 4851 4850 4852
f 4851 4852 4853
f 4853 4852 4854
f 4854 4852 4855
f 4854 4855 4856
f 4856 4855 4857
f 4856 4857 4858
f 4858 4857 4859
f 4858 4859 4860
f 4860 4859 4861
f 4860 4861 4862
f 4862 4861 4863
f 4863 4861 4864
f 4863 4864 4865
f 4865 4864 4866
f 4865 4866 4867
f 4867 4866 4868
f 4867 4868 4869
f 4869 4868 4870
f 4869 4870 4871
f 4871 4870 4872
f 4872 4870 4873
f 4873 4870 4874
f 4622 4494 4620
f 4620 4494 4496
f 4875 4679 4876
f 4876 4679 4681
f 4876 4681 4683
f 4877 4622 4875
f 4875 4622 4623
f 4875 4623 4625
f 4878 4498 4877
f 4877 4498 4495
f 4877 4495 4494
f 4498 4878 4742
f 4742 4878 4879
f 4742 4879 4880
f 4880 4881 4742
f 4742 4881 4882
f 4742 4882 4883
f 4883 4884 4742
f 4742 4884 4885
f 4742 4885 4886
f 4886 4887 4742
f 4742 4887 4888
f 4742 4888 4889
f 4889 4890 4742
f 4741 4552 4742
f 4742 4552 4550
f 4742 4550 4548
f 4738 4582 4741
f 4741 4582 4580
f 4741 4580 4578
f 4738 4736 4582
f 4582 4736 4734
f 4582 4734 4732
f 4732 4730 4582
f 4582 4730 4728
f 4582 4728 4726
f 4726 4724 4582
f 4582 4724 4722
f 4582 4722 4720
f 4720 4718 4582
f 4582 4718 4584
f 4584 4718 4716
f 4584 4716 4714
f 4714 4712 4584
f 4584 4712 4710
f 4584 4710 4708
f 4584 4708 4586
f 4586 4708 4706
f 4586 4706 4704
f 4704 4702 4586
f 4586 4702 4588
f 4588 4702 4700
f 4588 4700 4698
f 4698 4696 4588
f 4588 4696 4590
f 4590 4696 4693
f 4590 4693 4692
f 4891 4602 4692
f 4692 4602 4600
f 4692 4600 4598
f 4892 4608 4891
f 4891 4608 4606
f 4891 4606 4604
f 4893 4612 4892
f 4892 4612 4610
f 4892 4610 4608
f 4612 4893 4614
f 4614 4893 4894
f 4614 4894 4616
f 4616 4894 4618
f 4604 4602 4891
f 4598 4596 4692
f 4692 4596 4594
f 4692 4594 4592
f 4592 4590 4692
f 4578 4576 4741
f 4741 4576 4574
f 4741 4574 4572
f 4572 4570 4741
f 4741 4570 4568
f 4741 4568 4566
f 4566 4564 4741
f 4741 4564 4562
f 4741 4562 4560
f 4560 4558 4741
f 4741 4558 4556
f 4741 4556 4554
f 4554 4552 4741
f 4548 4546 4742
f 4742 4546 4544
f 4742 4544 4542
f 4542 4540 4742
f 4742 4540 4538
f 4742 4538 4536
f 4536 4534 4742
f 4742 4534 4532
f 4742 4532 4530
f 4530 4528 4742
f 4742 4528 4526
f 4742 4526 4524
f 4524 4522 4742
f 4742 4522 4520
f 4742 4520 4518
f 4518 4516 4742
f 4742 4516 4514
f 4742 4514 4512
f 4512 4510 4742
f 4742 4510 4508
f 4742 4508 4506
f 4506 4504 4742
f 4742 4504 4502
f 4742 4502 4500
f 4500 4498 4742
f 4494 4622 4877
f 4625 4627 4875
f 4875 4627 4629
f 4875 4629 4631
f 4631 4633 4875
f 4875 4633 4635
f 4875 4635 4637
f 4637 4639 4875
f 4875 4639 4641
f 4875 4641 4643
f 4643 4645 4875
f 4875 4645 4647
f 4875 4647 4649
f 4649 4651 4875
f 4875 4651 4653
f 4875 4653 4655
f 4655 4657 4875
f 4875 4657 4659
f 4875 4659 4661
f 4661 4663 4875
f 4875 4663 4665
f 4875 4665 4667
f 4667 4669 4875
f 4875 4669 4671
f 4875 4671 4673
f 4673 4675 4875
f 4875 4675 4677
f 4875 4677 4679
f 4683 4685 4876
f 4876 4685 4687
f 4876 4687 4895
f 4895 4687 4689
f 4895 4689 4896
f 4896 4689 4691
f 4875 4876 4897
f 4897 4876 4898
f 4899 4900 4901
f 4901 4900 4902
f 4901 4902 4903
f 4899 4904 4900
f 4900 4904 4905
f 4900 4905 4906
f 4906 4907 4900
f 4900 4907 4908
f 4900 4908 4909
f 4909 4910 4900
f 4900 4910 4911
f 4900 4911 4912
f 4912 4913 4900
f 4900 4913 4914
f 4900 4914 4915
f 4915 4916 4900
f 4900 4916 4917
f 4900 4917 4918
f 4918 4919 4900
f 4900 4919 4920
f 4900 4920 4921
f 4921 4922 4900
f 4900 4922 4923
f 4923 4922 4924
f 4924 4922 4925
f 4925 4922 4926
f 4926 4922 4927
f 4926 4927 4928
f 4928 4927 4929
f 4929 4927 4930
f 4930 4927 4931
f 4931 4927 4932
f 4932 4927 4933
f 4933 4927 4934
f 4934 4927 4935
f 4935 4927 4898
f 4898 4927 4936
f 4898 4936 4937
f 4937 4938 4898
f 4898 4938 4939
f 4898 4939 4940
f 4940 4941 4898
f 4898 4941 4942
f 4898 4942 4943
f 4943 4944 4898
f 4898 4944 4897
f 4897 4944 4945
f 4897 4945 4946
f 4946 4947 4897
f 4897 4947 4948
f 4897 4948 4949
f 4949 4950 4897
f 4897 4950 4951
f 4897 4951 4952
f 4952 4953 4897
f 4897 4953 4954
f 4897 4954 4955
f 4955 4954 4956
f 4955 4956 4957
f 4957 4958 4955
f 4955 4958 4959
f 4955 4959 4960
f 4960 4961 4955
f 4955 4961 4962
f 4955 4962 4963
f 4963 4964 4955
f 4955 4964 4965
f 4955 4965 4966
f 4966 4967 4955
f 4955 4967 4968
f 4968 4967 4969
f 4969 4967 4970
f 4969 4970 4740
f 4740 4970 4971
f 4740 4971 4972
f 4972 4973 4740
f 4740 4973 4974
f 4740 4974 4975
f 4975 4976 4740
f 4740 4976 4977
f 4740 4977 4694
f 4694 4977 4978
f 4694 4978 4979
f 4979 4978 4980
f 4979 4980 4981
f 4981 4982 4979
f 4979 4982 4983
f 4983 4982 4984
f 4983 4984 4985
f 4985 4984 4986
f 4985 4986 4987
f 4987 4986 4988
f 4987 4988 4989
f 4989 4988 4990
f 4989 4990 4991
f 4989 4991 4992
f 4992 4991 4993
f 4992 4993 4994
f 4994 4993 4995
f 4994 4995 4996
f 4996 4995 4997
f 4996 4997 4998
f 4996 4998 4999
f 4999 4998 5000
f 4999 5000 5001
f 5001 5000 5002
f 5001 5002 5003
f 5001 5003 5004
f 5004 5003 5005
f 5004 5005 5006
f 5006 5005 4901
f 5006 4901 5007
f 5007 4901 5008
f 5008 4901 5009
f 5009 4901 5010
f 5010 4901 5011
f 5011 4901 5012
f 5012 4901 5013
f 5013 4901 5014
f 5014 4901 5015
f 5015 4901 5016
f 5016 4901 5017
f 5017 4901 5018
f 5018 4901 5019
f 5019 4901 5020
f 5020 4901 4903
f 5021 5022 4955
f 4955 5022 5023
f 4955 5023 5024
f 5021 5025 5022
f 5022 5025 5026
f 5022 5026 5027
f 5027 5028 5022
f 5022 5028 5029
f 5022 5029 5030
f 5030 5031 5022
f 5022 5031 5032
f 5022 5032 5033
f 5032 5031 5034
f 5034 5031 5035
f 5034 5035 5036
f 5036 5035 5037
f 5036 5037 5038
f 5038 5037 5039
f 5038 5039 5040
f 5040 5039 5041
f 5040 5041 5042
f 5042 5041 5043
f 5042 5043 5044
f 5044 5043 5045
f 5044 5045 5046
f 5046 5045 5047
f 5046 5047 5048
f 5048 5047 5049
f 5048 5049 5050
f 5050 5049 5051
f 5050 5051 5052
f 5052 5051 5053
f 5052 5053 5054
f 5054 5053 5055
f 5054 5055 5056
f 5056 5055 5057
f 5056 5057 5058
f 5058 5057 5059
f 5058 5059 5060
f 5060 5059 5061
f 5060 5061 5062
f 5062 5061 5063
f 5062 5063 5064
f 5064 5063 5065
f 5064 5065 5066
f 5066 5065 5067
f 5066 5067 5068
f 5068 5067 5069
f 5068 5069 5070
f 5070 5069 5071
f 5070 5071 5072
f 5072 5071 5073
f 5072 5073 5074
f 5074 5073 5075
f 5074 5075 5076
f 5076 5075 5077
f 5076 5077 5078
f 5078 5077 5079
f 5078 5079 5080
f 5080 5079 5081
f 5080 5081 5082
f 5082 5081 5083
f 5082 5083 5084
f 5084 5083 5085
f 5084 5085 5086
f 5086 5085 5087
f 5086 5087 5088
f 5088 5087 5089
f 5088 5089 5090
f 5090 5089 5091
f 5090 5091 5092
f 5092 5091 4743
f 4743 5091 5093
f 4743 5093 5094
f 5094 5095 4743
f 4743 5095 5096
f 4743 5096 5097
f 5097 5098 4743
f 4743 5098 5099
f 4743 5099 5100
f 5100 5101 4743
f 4743 5101 5102
f 4743 5102 5103
f 5103 5104 4743
f 4743 5104 5105
f 4743 5105 5106
f 5106 5107 4743
f 4743 5107 5108
f 4743 5108 5109
f 5109 5110 4743
f 4743 5110 5111
f 4743 5111 5112
f 4743 5112 4740
f 4740 5112 5113
f 4740 5113 5114
f 5114 5115 4740
f 4740 5115 5116
f 4740 5116 5117
f 5117 5118 4740
f 4740 5118 5119
f 4740 5119 5120
f 5120 5121 4740
f 4740 5121 5122
f 4740 5122 5123
f 5123 5124 4740
f 4740 5124 5125
f 4740 5125 5126
f 5126 5127 4740
f 4740 5127 5128
f 4740 5128 5129
f 5129 5130 4740
f 4740 5130 4969
f 5131 5132 5133
f 5133 5132 5134
f 5133 5134 5135
f 5131 5136 5132
f 5132 5136 5137
f 5132 5137 5138
f 5138 5137 5139
f 5138 5139 5140
f 5140 5141 5138
f 5138 5141 5142
f 5138 5142 5143
f 5143 5144 5138
f 5138 5144 5145
f 5138 5145 5146
f 5146 5147 5138
f 5138 5147 5148
f 5138 5148 5149
f 5149 5150 5138
f 5138 5150 5151
f 5138 5151 5152
f 5152 5153 5138
f 5138 5153 5154
f 5138 5154 5155
f 5138 5155 5092
f 5092 5155 5156
f 5092 5156 5157
f 5157 5158 5092
f 5092 5158 5159
f 5092 5159 5160
f 5160 5161 5092
f 5092 5161 5162
f 5092 5162 5163
f 5163 5164 5092
f 5092 5164 5165
f 5092 5165 5166
f 5166 5167 5092
f 5092 5167 5168
f 5092 5168 5169
f 5169 5170 5092
f 5092 5170 5171
f 5092 5171 5172
f 5172 5173 5092
f 5092 5173 5090
f 5033 5174 5022
f 5022 5174 5175
f 5022 5175 5176
f 5176 5177 5022
f 5022 5177 5178
f 5022 5178 5179
f 5179 5178 5180
f 5179 5180 5181
f 5181 5182 5179
f 5179 5182 5183
f 5183 5182 5133
f 5183 5133 5184
f 5184 5133 5185
f 5185 5133 5135
f 5024 5186 4955
f 4955 5186 5187
f 4955 5187 5188
f 5188 5189 4955
f 4955 5189 4897
f 4694 4695 4740
f 4740 4695 4697
f 4740 4697 4699
f 4699 4701 4740
f 4740 4701 4703
f 4740 4703 4705
f 4705 4707 4740
f 4740 4707 4709
f 4740 4709 4711
f 4711 4713 4740
f 4740 4713 4715
f 4740 4715 4717
f 4717 4719 4740
f 4740 4719 4721
f 4740 4721 4723
f 4723 4725 4740
f 4740 4725 4727
f 4740 4727 4729
f 4729 4731 4740
f 4740 4731 4733
f 4740 4733 4735
f 4735 4737 4740
f 4740 4737 4739
f 5132 5138 4890
f 4890 5138 4078
f 4890 4078 4077
f 4077 4742 4890
f 3306 3307 4743
f 4743 3307 5092
f 3307 4078 5092
f 5092 4078 5138
f 4078 5190 4077
f 4077 5190 5191
f 4077 5191 5192
f 3307 5193 4078
f 4078 5193 5194
f 4078 5194 5195
f 3306 5196 3307
f 3307 5196 5197
f 3307 5197 5198
f 4077 5199 3306
f 3306 5199 5200
f 3306 5200 5201
f 5201 5202 3306
f 3306 5202 5203
f 3306 5203 5204
f 5204 5205 3306
f 3306 5205 5206
f 3306 5206 5207
f 5207 5208 3306
f 3306 5208 5209
f 3306 5209 5210
f 5210 5211 3306
f 3306 5211 5212
f 3306 5212 5213
f 5213 5214 3306
f 3306 5214 5196
f 5196 5215 5197
f 5197 5215 5216
f 5216 5215 5217
f 5216 5217 5218
f 5218 5217 5219
f 5218 5219 5220
f 5220 5219 5221
f 5220 5221 5222
f 5222 5221 5223
f 5222 5223 5224
f 5224 5223 5225
f 5224 5225 5226
f 5226 5225 5227
f 5226 5227 5228
f 5228 5227 5229
f 5228 5229 5230
f 5230 5229 5231
f 5230 5231 5232
f 5232 5231 5233
f 5232 5233 5234
f 5234 5233 5235
f 5234 5235 5236
f 5236 5235 5237
f 5236 5237 5238
f 5238 5237 5239
f 5238 5239 5240
f 5240 5239 5241
f 5240 5241 5242
f 5242 5241 5243
f 5242 5243 5244
f 5244 5243 5245
f 5244 5245 5246
f 5246 5245 5247
f 5246 5247 5248
f 5248 5247 5249
f 5248 5249 5250
f 5250 5249 5251
f 5250 5251 5252
f 5252 5251 5253
f 5252 5253 5254
f 5254 5253 5255
f 5254 5255 5256
f 5256 5255 5257
f 5256 5257 5258
f 5258 5257 5259
f 5258 5259 5260
f 5260 5259 5261
f 5260 5261 5262
f 5262 5261 5190
f 5262 5190 4078
f 5192 5263 4077
f 4077 5263 5264
f 4077 5264 5265
f 5265 5266 4077
f 4077 5266 5267
f 4077 5267 5268
f 5268 5269 4077
f 4077 5269 5270
f 4077 5270 5271
f 5271 5272 4077
f 4077 5272 5273
f 4077 5273 5274
f 5274 5275 4077
f 4077 5275 5199
f 5198 5276 3307
f 3307 5276 5277
f 3307 5277 5278
f 5278 5279 3307
f 3307 5279 5280
f 3307 5280 5281
f 5281 5282 3307
f 3307 5282 5283
f 3307 5283 5284
f 5284 5285 3307
f 3307 5285 5286
f 3307 5286 5287
f 5287 5288 3307
f 3307 5288 5289
f 3307 5289 5193
f 5195 5290 4078
f 4078 5290 5291
f 4078 5291 5292
f 5292 5293 4078
f 4078 5293 5294
f 4078 5294 5295
f 5295 5296 4078
f 4078 5296 5297
f 4078 5297 5298
f 5298 5299 4078
f 4078 5299 5300
f 4078 5300 5301
f 5301 5302 4078
f 4078 5302 5303
f 4078 5303 5262
f 4894 4987 4618
f 4618 4987 4989
f 4618 4989 4619
f 4619 4989 4836
f 4836 4989 4992
f 4836 4992 4838
f 4838 4992 4994
f 4838 4994 4840
f 4840 4994 4996
f 4840 4996 4843
f 4843 4996 4999
f 4843 4999 4845
f 4845 4999 5001
f 4845 5001 4847
f 4847 5001 5304
f 5304 5001 5004
f 5304 5004 5305
f 5305 5004 5006
f 5305 5006 5306
f 5306 5006 5007
f 5306 5007 5307
f 5307 5007 5008
f 5307 5008 5308
f 5308 5008 5009
f 5308 5009 5309
f 5309 5009 5010
f 5309 5010 5310
f 5310 5010 5311
f 5311 5010 5011
f 5311 5011 5312
f 5312 5011 5012
f 5312 5012 5313
f 5313 5012 5013
f 5313 5013 5314
f 5314 5013 5014
f 5314 5014 5315
f 5315 5014 5015
f 5315 5015 5316
f 5316 5015 5016
f 5316 5016 5317
f 5317 5016 5017
f 5317 5017 5318
f 5318 5017 5018
f 5318 5018 5319
f 5319 5018 5019
f 5319 5019 4873
f 4873 5019 4872
f 4872 5019 4871
f 4987 4894 4985
f 4985 4894 4893
f 4985 4893 4983
f 4983 4893 4892
f 4983 4892 4979
f 4979 4892 4891
f 4873 4874 5319
f 4891 4692 4979
f 4979 4692 4694
f 4874 4870 5319
f 5319 4870 5320
f 5320 4870 4868
f 5320 4868 5321
f 5321 4868 4866
f 5321 4866 5322
f 5322 4866 4864
f 5322 4864 5323
f 5323 4864 4861
f 5323 4861 5324
f 5324 4861 4859
f 5324 4859 5325
f 5325 4859 4857
f 5325 4857 5326
f 5326 4857 4855
f 5326 4855 5327
f 5327 4855 4852
f 5327 4852 5328
f 5328 4852 4850
f 5328 4850 5329
f 5329 4850 4848
f 5329 4848 5330
f 5330 4848 4745
f 5330 4745 5331
f 5331 4745 4746
f 5331 4746 5332
f 5332 4746 4747
f 5332 4747 5333
f 5333 4747 4748
f 5333 4748 5334
f 5334 4748 4749
f 5334 4749 5335
f 5335 4749 4750
f 5335 4750 5336
f 5336 4750 4751
f 5336 4751 5337
f 5337 4751 4752
f 5337 4752 5338
f 5338 4752 4753
f 5338 4753 5339
f 5339 4753 4754
f 5339 4754 5340
f 5340 4754 4755
f 5340 4755 5341
f 5341 4755 4756
f 5341 4756 5342
f 5342 4756 4757
f 5342 4757 5343
f 5343 4757 4758
f 5343 4758 5344
f 5344 4758 4759
f 5344 4759 5345
f 5345 4759 4760
f 5345 4760 5346
f 5346 4760 4761
f 5346 4761 5347
f 5347 4761 4762
f 5347 4762 5348
f 5348 4762 4763
f 5348 4763 5349
f 5349 4763 4764
f 5349 4764 5350
f 5350 4764 4765
f 5350 4765 5351
f 5351 4765 5352
f 5352 4765 4766
f 5352 4766 5353
f 5353 4766 4767
f 5353 4767 5354
f 5354 4767 4768
f 5354 4768 5355
f 5355 4768 4769
f 5355 4769 5356
f 5356 4769 4770
f 5356 4770 5357
f 5357 4770 4771
f 5357 4771 5358
f 5358 4771 4772
f 5358 4772 5359
f 5359 4772 4773
f 5359 4773 5360
f 5360 4773 4774
f 5360 4774 5361
f 5361 4774 4775
f 5361 4775 5362
f 5362 4775 4776
f 5362 4776 5363
f 5363 4776 4777
f 5363 4777 5364
f 5364 4777 4778
f 5364 4778 5365
f 5365 4778 4779
f 5365 4779 5366
f 5366 4779 4780
f 5366 4780 5367
f 5367 4780 4781
f 5367 4781 5368
f 5368 4781 4782
f 5368 4782 5369
f 5369 4782 4783
f 5369 4783 5370
f 5370 4783 4784
f 5370 4784 5371
f 5371 4784 4785
f 5371 4785 5372
f 5372 4785 4786
f 5372 4786 5373
f 5373 4786 4787
f 5373 4787 5374
f 5374 4787 4788
f 5374 4788 5375
f 5375 4788 4789
f 5375 4789 4790
f 5375 4790 5376
f 5376 4790 4791
f 5376 4791 5377
f 5377 4791 4792
f 5377 4792 5378
f 5378 4792 4793
f 5378 4793 5379
f 5379 4793 4794
f 5379 4794 5380
f 5380 4794 4795
f 5380 4795 5381
f 5381 4795 4796
f 5381 4796 5382
f 5382 4796 4797
f 5382 4797 5383
f 5383 4797 4798
f 5383 4798 5384
f 5384 4798 4799
f 5384 4799 5385
f 5385 4799 4800
f 5385 4800 5386
f 5386 4800 4801
f 5386 4801 5387
f 5387 4801 4802
f 5387 4802 5388
f 5388 4802 4803
f 5388 4803 5389
f 5389 4803 4804
f 5389 4804 5390
f 5390 4804 4805
f 5390 4805 5391
f 5391 4805 4806
f 5391 4806 5392
f 5392 4806 4807
f 5392 4807 5393
f 5393 4807 4808
f 5393 4808 5394
f 5394 4808 4809
f 5394 4809 5395
f 5395 4809 4810
f 5395 4810 5396
f 5396 4810 4811
f 5396 4811 5397
f 5397 4811 4812
f 5397 4812 5398
f 5398 4812 4813
f 5398 4813 5399
f 5399 4813 4814
f 5399 4814 5400
f 5400 4814 4815
f 5400 4815 5401
f 5401 4815 4816
f 5401 4816 5402
f 5402 4816 4817
f 5402 4817 5403
f 5403 4817 4818
f 5403 4818 5404
f 5404 4818 4819
f 5404 4819 5405
f 5405 4819 4820
f 5405 4820 5406
f 5406 4820 4821
f 5406 4821 5407
f 5407 4821 4822
f 5407 4822 5408
f 5408 4822 4823
f 5408 4823 5409
f 5409 4823 4824
f 5409 4824 5410
f 5410 4824 4825
f 5410 4825 5411
f 5411 4825 4826
f 5411 4826 5412
f 5412 4826 4827
f 5412 4827 5413
f 5413 4827 4828
f 5413 4828 5414
f 5414 4828 4829
f 5414 4829 5415
f 5415 4829 4830
f 5415 4830 5416
f 5416 4830 4831
f 5416 4831 5417
f 5417 4831 4832
f 5417 4832 5418
f 5418 4832 4833
f 5418 4833 5419
f 5419 4833 4834
f 5419 4834 5420
f 5420 4834 4835
f 5420 4835 5421
f 5421 4835 4837
f 5421 4837 5422
f 5422 4837 4839
f 5422 4839 5423
f 5423 4839 4841
f 5423 4841 5424
f 5424 4841 4842
f 5424 4842 5425
f 5425 4842 4844
f 5425 4844 5426
f 5426 4844 4846
f 5426 4846 5427
f 5427 4846 4847
f 5427 4847 5304
f 5304 5305 5427
f 5427 5305 5428
f 5427 5428 5426
f 5426 5428 5429
f 5426 5429 5425
f 5425 5429 5430
f 5425 5430 5424
f 5424 5430 5423
f 5423 5430 5431
f 5423 5431 5422
f 5422 5431 5432
f 5422 5432 5421
f 5421 5432 5433
f 5421 5433 5420
f 5420 5433 5419
f 5419 5433 5434
f 5419 5434 5418
f 5418 5434 5435
f 5418 5435 5417
f 5417 5435 5436
f 5417 5436 5416
f 5416 5436 5415
f 5415 5436 5437
f 5415 5437 5414
f 5414 5437 5438
f 5414 5438 5413
f 5413 5438 5439
f 5413 5439 5412
f 5412 5439 5411
f 5411 5439 5440
f 5411 5440 5410
f 5410 5440 5441
f 5410 5441 5409
f 5409 5441 5442
f 5409 5442 5408
f 5408 5442 5443
f 5408 5443 5407
f 5407 5443 5406
f 5406 5443 5444
f 5406 5444 5405
f 5405 5444 5445
f 5405 5445 5404
f 5404 5445 5446
f 5404 5446 5403
f 5403 5446 5447
f 5403 5447 5402
f 5402 5447 5401
f 5401 5447 5448
f 5401 5448 5400
f 5400 5448 5449
f 5400 5449 5399
f 5399 5449 5450
f 5399 5450 5398
f 5398 5450 5451
f 5398 5451 5397
f 5397 5451 5452
f 5397 5452 5396
f 5396 5452 5395
f 5395 5452 5453
f 5395 5453 5394
f 5394 5453 5454
f 5394 5454 5393
f 5393 5454 5455
f 5393 5455 5392
f 5392 5455 5456
f 5392 5456 5391
f 5391 5456 5457
f 5391 5457 5390
f 5390 5457 5389
f 5389 5457 5458
f 5389 5458 5388
f 5388 5458 5459
f 5388 5459 5387
f 5387 5459 5460
f 5387 5460 5386
f 5386 5460 5461
f 5386 5461 5385
f 5385 5461 5384
f 5384 5461 5462
f 5384 5462 5383
f 5383 5462 5463
f 5383 5463 5382
f 5382 5463 5464
f 5382 5464 5381
f 5381 5464 5465
f 5381 5465 5380
f 5380 5465 5379
f 5379 5465 5466
f 5379 5466 5378
f 5378 5466 5467
f 5378 5467 5377
f 5377 5467 5468
f 5377 5468 5376
f 5376 5468 5375
f 5375 5468 5469
f 5375 5469 5374
f 5374 5469 5470
f 5374 5470 5373
f 5373 5470 5471
f 5373 5471 5372
f 5372 5471 5472
f 5372 5472 5371
f 5371 5472 5370
f 5370 5472 5473
f 5370 5473 5369
f 5369 5473 5474
f 5369 5474 5368
f 5368 5474 5367
f 5367 5474 5475
f 5367 5475 5366
f 5366 5475 5476
f 5366 5476 5365
f 5365 5476 5477
f 5365 5477 5364
f 5364 5477 5363
f 5363 5477 5478
f 5363 5478 5362
f 5362 5478 5479
f 5362 5479 5361
f 5361 5479 5480
f 5361 5480 5360
f 5360 5480 5359
f 5359 5480 5358
f 5358 5480 5357
f 5357 5480 5356
f 5356 5480 5355
f 5355 5480 5354
f 5354 5480 5353
f 5353 5480 5352
f 5352 5480 5351
f 5351 5480 5350
f 5350 5480 5349
f 5349 5480 5348
f 5348 5480 5347
f 5347 5480 5346
f 5346 5480 5481
f 5346 5481 5482
f 5428 5305 5483
f 5483 5305 5306
f 5483 5306 5484
f 5484 5306 5485
f 5485 5306 5307
f 5485 5307 5486
f 5486 5307 5308
f 5486 5308 5487
f 5487 5308 5309
f 5487 5309 5488
f 5488 5309 5489
f 5489 5309 5310
f 5489 5310 5490
f 5490 5310 5311
f 5490 5311 5491
f 5491 5311 5492
f 5492 5311 5312
f 5492 5312 5493
f 5493 5312 5313
f 5493 5313 5494
f 5494 5313 5314
f 5494 5314 5495
f 5495 5314 5496
f 5496 5314 5315
f 5496 5315 5497
f 5497 5315 5316
f 5497 5316 5498
f 5498 5316 5317
f 5498 5317 5499
f 5499 5317 5500
f 5500 5317 5318
f 5500 5318 5501
f 5501 5318 5319
f 5501 5319 5320
f 5501 5320 5502
f 5502 5320 5321
f 5502 5321 5503
f 5503 5321 5322
f 5503 5322 5323
f 5503 5323 5504
f 5504 5323 5324
f 5504 5324 5505
f 5505 5324 5325
f 5505 5325 5506
f 5506 5325 5326
f 5506 5326 5507
f 5507 5326 5327
f 5507 5327 5328
f 5507 5328 5508
f 5508 5328 5329
f 5508 5329 5509
f 5509 5329 5330
f 5509 5330 5510
f 5510 5330 5331
f 5510 5331 5511
f 5511 5331 5332
f 5511 5332 5512
f 5512 5332 5333
f 5512 5333 5334
f 5512 5334 5513
f 5513 5334 5335
f 5513 5335 5514
f 5514 5335 5336
f 5514 5336 5515
f 5515 5336 5337
f 5515 5337 5516
f 5516 5337 5338
f 5516 5338 5517
f 5517 5338 5339
f 5517 5339 5340
f 5517 5340 5518
f 5518 5340 5341
f 5518 5341 5519
f 5519 5341 5342
f 5519 5342 5520
f 5520 5342 5343
f 5520 5343 5521
f 5521 5343 5344
f 5521 5344 5345
f 5521 5345 5522
f 5522 5345 5346
f 5522 5346 5523
f 5523 5346 5524
f 5524 5346 5525
f 5525 5346 5526
f 5526 5346 5527
f 5527 5346 5528
f 5528 5346 5529
f 5529 5346 5530
f 5530 5346 5482
f 5451 5531 5452
f 5452 5531 5532
f 5452 5532 5453
f 5453 5532 5533
f 5453 5533 5454
f 5454 5533 5534
f 5454 5534 5455
f 5455 5534 5535
f 5455 5535 5456
f 5456 5535 5536
f 5456 5536 5457
f 5457 5536 5537
f 5457 5537 5458
f 5458 5537 5538
f 5458 5538 5459
f 5459 5538 5539
f 5459 5539 5460
f 5460 5539 5540
f 5460 5540 5461
f 5461 5540 5541
f 5461 5541 5462
f 5462 5541 5542
f 5462 5542 5463
f 5463 5542 5543
f 5463 5543 5464
f 5464 5543 5544
f 5464 5544 5465
f 5465 5544 5545
f 5465 5545 5466
f 5466 5545 5546
f 5466 5546 5467
f 5467 5546 5547
f 5467 5547 5468
f 5468 5547 5548
f 5468 5548 5469
f 5469 5548 5549
f 5469 5549 5470
f 5470 5549 5550
f 5470 5550 5471
f 5471 5550 5551
f 5471 5551 5472
f 5472 5551 5552
f 5472 5552 5473
f 5473 5552 5553
f 5473 5553 5474
f 5474 5553 5554
f 5474 5554 5475
f 5475 5554 5555
f 5475 5555 5476
f 5476 5555 5556
f 5476 5556 5477
f 5477 5556 5557
f 5477 5557 5478
f 5478 5557 5558
f 5478 5558 5479
f 5479 5558 5559
f 5479 5559 5480
f 5480 5559 5560
f 5480 5560 5481
f 5481 5560 5561
f 5481 5561 5482
f 5482 5561 5562
f 5482 5562 5530
f 5530 5562 5563
f 5530 5563 5529
f 5529 5563 5564
f 5529 5564 5528
f 5528 5564 5565
f 5528 5565 5527
f 5527 5565 5566
f 5527 5566 5526
f 5526 5566 5567
f 5526 5567 5525
f 5525 5567 5568
f 5525 5568 5524
f 5524 5568 5569
f 5524 5569 5523
f 5523 5569 5570
f 5523 5570 5522
f 5522 5570 5571
f 5522 5571 5521
f 5521 5571 5572
f 5521 5572 5520
f 5520 5572 5573
f 5520 5573 5519
f 5519 5573 5574
f 5519 5574 5518
f 5518 5574 5575
f 5518 5575 5517
f 5517 5575 5576
f 5517 5576 5516
f 5516 5576 5577
f 5516 5577 5515
f 5515 5577 5578
f 5515 5578 5514
f 5514 5578 5579
f 5514 5579 5513
f 5513 5579 5580
f 5513 5580 5512
f 5512 5580 5581
f 5512 5581 5511
f 5511 5581 5582
f 5511 5582 5510
f 5510 5582 5583
f 5510 5583 5509
f 5509 5583 5584
f 5509 5584 5508
f 5508 5584 5585
f 5508 5585 5507
f 5507 5585 5586
f 5507 5586 5506
f 5506 5586 5587
f 5506 5587 5505
f 5505 5587 5588
f 5505 5588 5504
f 5504 5588 5589
f 5504 5589 5503
f 5503 5589 5590
f 5503 5590 5502
f 5502 5590 5591
f 5502 5591 5501
f 5501 5591 5592
f 5501 5592 5500
f 5500 5592 5593
f 5500 5593 5499
f 5499 5593 5594
f 5499 5594 5498
f 5498 5594 5595
f 5498 5595 5497
f 5497 5595 5596
f 5497 5596 5496
f 5496 5596 5597
f 5496 5597 5495
f 5495 5597 5598
f 5495 5598 5494
f 5494 5598 5599
f 5494 5599 5493
f 5493 5599 5600
f 5493 5600 5492
f 5492 5600 5601
f 5492 5601 5491
f 5491 5601 5602
f 5491 5602 5490
f 5490 5602 5603
f 5490 5603 5489
f 5489 5603 5604
f 5489 5604 5488
f 5488 5604 5605
f 5488 5605 5487
f 5487 5605 5606
f 5487 5606 5486
f 5486 5606 5607
f 5486 5607 5485
f 5485 5607 5608
f 5485 5608 5484
f 5484 5608 5609
f 5484 5609 5483
f 5483 5609 5610
f 5483 5610 5428
f 5428 5610 5611
f 5428 5611 5429
f 5429 5611 5612
f 5429 5612 5430
f 5430 5612 5613
f 5430 5613 5431
f 5431 5613 5614
f 5431 5614 5432
f 5432 5614 5615
f 5432 5615 5433
f 5433 5615 5616
f 5433 5616 5434
f 5434 5616 5617
f 5434 5617 5435
f 5435 5617 5618
f 5435 5618 5436
f 5436 5618 5619
f 5436 5619 5437
f 5437 5619 5620
f 5437 5620 5438
f 5438 5620 5621
f 5438 5621 5439
f 5439 5621 5622
f 5439 5622 5440
f 5440 5622 5623
f 5440 5623 5441
f 5441 5623 5624
f 5441 5624 5442
f 5442 5624 5625
f 5442 5625 5443
f 5443 5625 5626
f 5443 5626 5444
f 5444 5626 5627
f 5444 5627 5445
f 5445 5627 5628
f 5445 5628 5446
f 5446 5628 5629
f 5446 5629 5447
f 5447 5629 5630
f 5447 5630 5448
f 5448 5630 5631
f 5448 5631 5449
f 5449 5631 5632
f 5449 5632 5450
f 5450 5632 5633
f 5450 5633 5451
f 5451 5633 5531
f 5634 5635 5636
f 5636 5635 5637
f 5636 5637 5638
f 5638 5637 5639
f 5638 5639 5640
f 5640 5639 5641
f 5640 5641 5642
f 5642 5641 5643
f 5642 5643 5644
f 5644 5643 5645
f 5644 5645 5646
f 5646 5645 5647
f 5646 5647 5648
f 5646 5648 5649
f 5649 5648 5650
f 5649 5650 5651
f 5651 5650 5652
f 5651 5652 5653
f 5653 5652 5654
f 5653 5654 5655
f 5655 5654 5656
f 5655 5656 5657
f 5655 5657 5658
f 5658 5657 5659
f 5658 5659 5660
f 5660 5659 5661
f 5660 5661 5662
f 5662 5661 5663
f 5662 5663 5664
f 5664 5663 5665
f 5664 5665 5666
f 5666 5665 5667
f 5666 5667 5668
f 5666 5668 5669
f 5669 5668 5670
f 5669 5670 5671
f 5671 5670 5672
f 5671 5672 5673
f 5673 5672 5674
f 5673 5674 5675
f 5675 5674 5676
f 5675 5676 5677
f 5675 5677 5678
f 5678 5677 5679
f 5678 5679 5680
f 5680 5679 5681
f 5680 5681 5682
f 5682 5681 5683
f 5682 5683 5684
f 5684 5683 5685
f 5684 5685 5686
f 5686 5685 5687
f 5686 5687 5688
f 5686 5688 5689
f 5689 5688 5690
f 5689 5690 5691
f 5691 5690 5692
f 5691 5692 5693
f 5693 5692 5694
f 5693 5694 5695
f 5695 5694 5696
f 5695 5696 5697
f 5697 5696 5698
f 5697 5698 5699
f 5697 5699 5700
f 5700 5699 5701
f 5700 5701 5702
f 5702 5701 5703
f 5702 5703 5704
f 5704 5703 5705
f 5704 5705 5706
f 5706 5705 5707
f 5706 5707 5708
f 5706 5708 5709
f 5709 5708 5710
f 5709 5710 5711
f 5711 5710 5712
f 5711 5712 5713
f 5713 5712 5714
f 5713 5714 5715
f 5715 5714 5716
f 5715 5716 5717
f 5717 5716 5718
f 5717 5718 5719
f 5717 5719 5720
f 5720 5719 5721
f 5720 5721 5722
f 5722 5721 5723
f 5722 5723 5724
f 5724 5723 5725
f 5724 5725 5726
f 5726 5725 5727
f 5726 5727 5728
f 5726 5728 5729
f 5729 5728 5730
f 5729 5730 5731
f 5731 5730 5732
f 5731 5732 5733
f 5733 5732 5734
f 5733 5734 5735
f 5735 5734 5736
f 5735 5736 5737
f 5737 5736 5738
f 5737 5738 5739
f 5737 5739 5740
f 5740 5739 5741
f 5740 5741 5742
f 5742 5741 5743
f 5742 5743 5744
f 5744 5743 5745
f 5744 5745 5746
f 5746 5745 5747
f 5746 5747 5748
f 5746 5748 5749
f 5749 5748 5750
f 5749 5750 5751
f 5751 5750 5752
f 5751 5752 5753
f 5753 5752 5754
f 5753 5754 5755
f 5755 5754 5756
f 5755 5756 5757
f 5757 5756 5758
f 5757 5758 5759
f 5757 5759 5760
f 5760 5759 5761
f 5760 5761 5762
f 5762 5761 5763
f 5762 5763 5764
f 5764 5763 5765
f 5764 5765 5766
f 5766 5765 5767
f 5766 5767 5768
f 5768 5767 5769
f 5768 5769 5770
f 5768 5770 5771
f 5771 5770 5772
f 5771 5772 5773
f 5773 5772 5774
f 5773 5774 5775
f 5775 5774 5776
f 5775 5776 5777
f 5777 5776 5778
f 5777 5778 5779
f 5777 5779 5780
f 5780 5779 5781
f 5780 5781 5782
f 5782 5781 5783
f 5782 5783 5784
f 5784 5783 5785
f 5784 5785 5786
f 5786 5785 5787
f 5786 5787 5788
f 5788 5787 5789
f 5788 5789 5790
f 5788 5790 5791
f 5791 5790 5792
f 5791 5792 5793
f 5793 5792 5794
f 5793 5794 5795
f 5795 5794 5796
f 5795 5796 5797
f 5797 5796 5798
f 5797 5798 5799
f 5797 5799 5800
f 5800 5799 5801
f 5800 5801 5802
f 5802 5801 5803
f 5802 5803 5804
f 5804 5803 5805
f 5804 5805 5806
f 5806 5805 5634
f 5806 5634 5636
f 5807 5635 5808
f 5808 5635 5634
f 5808 5634 5809
f 5809 5634 5805
f 5809 5805 5810
f 5810 5805 5803
f 5810 5803 5811
f 5811 5803 5801
f 5811 5801 5812
f 5812 5801 5799
f 5812 5799 5813
f 5813 5799 5798
f 5813 5798 5814
f 5814 5798 5796
f 5814 5796 5815
f 5815 5796 5794
f 5815 5794 5816
f 5816 5794 5792
f 5816 5792 5817
f 5817 5792 5790
f 5817 5790 5818
f 5818 5790 5789
f 5818 5789 5819
f 5819 5789 5787
f 5819 5787 5820
f 5820 5787 5785
f 5820 5785 5821
f 5821 5785 5783
f 5821 5783 5822
f 5822 5783 5781
f 5822 5781 5823
f 5823 5781 5779
f 5823 5779 5824
f 5824 5779 5778
f 5824 5778 5825
f 5825 5778 5776
f 5825 5776 5826
f 5826 5776 5774
f 5826 5774 5827
f 5827 5774 5772
f 5827 5772 5828
f 5828 5772 5770
f 5828 5770 5829
f 5829 5770 5769
f 5829 5769 5830
f 5830 5769 5767
f 5830 5767 5831
f 5831 5767 5765
f 5831 5765 5832
f 5832 5765 5763
f 5832 5763 5833
f 5833 5763 5761
f 5833 5761 5834
f 5834 5761 5759
f 5834 5759 5835
f 5835 5759 5758
f 5835 5758 5836
f 5836 5758 5756
f 5836 5756 5837
f 5837 5756 5754
f 5837 5754 5838
f 5838 5754 5752
f 5838 5752 5839
f 5839 5752 5750
f 5839 5750 5840
f 5840 5750 5748
f 5840 5748 5841
f 5841 5748 5747
f 5841 5747 5842
f 5842 5747 5745
f 5842 5745 5843
f 5843 5745 5743
f 5843 5743 5844
f 5844 5743 5741
f 5844 5741 5845
f 5845 5741 5739
f 5845 5739 5846
f 5846 5739 5738
f 5846 5738 5847
f 5847 5738 5736
f 5847 5736 5848
f 5848 5736 5734
f 5848 5734 5849
f 5849 5734 5732
f 5849 5732 5850
f 5850 5732 5730
f 5850 5730 5851
f 5851 5730 5728
f 5851 5728 5852
f 5852 5728 5727
f 5852 5727 5853
f 5853 5727 5725
f 5853 5725 5854
f 5854 5725 5723
f 5854 5723 5855
f 5855 5723 5721
f 5855 5721 5856
f 5856 5721 5719
f 5856 5719 5857
f 5857 5719 5718
f 5857 5718 5858
f 5858 5718 5716
f 5858 5716 5859
f 5859 5716 5714
f 5859 5714 5860
f 5860 5714 5712
f 5860 5712 5861
f 5861 5712 5710
f 5861 5710 5862
f 5862 5710 5708
f 5862 5708 5863
f 5863 5708 5707
f 5863 5707 5864
f 5864 5707 5705
f 5864 5705 5865
f 5865 5705 5703
f 5865 5703 5866
f 5866 5703 5701
f 5866 5701 5867
f 5867 5701 5699
f 5867 5699 5868
f 5868 5699 5698
f 5868 5698 5869
f 5869 5698 5696
f 5869 5696 5870
f 5870 5696 5694
f 5870 5694 5871
f 5871 5694 5692
f 5871 5692 5872
f 5872 5692 5690
f 5872 5690 5873
f 5873 5690 5688
f 5873 5688 5874
f 5874 5688 5687
f 5874 5687 5875
f 5875 5687 5685
f 5875 5685 5876
f 5876 5685 5683
f 5876 5683 5877
f 5877 5683 5681
f 5877 5681 5878
f 5878 5681 5679
f 5878 5679 5879
f 5879 5679 5677
f 5879 5677 5880
f 5880 5677 5676
f 5880 5676 5881
f 5881 5676 5674
f 5881 5674 5882
f 5882 5674 5672
f 5882 5672 5883
f 5883 5672 5670
f 5883 5670 5884
f 5884 5670 5668
f 5884 5668 5885
f 5885 5668 5667
f 5885 5667 5886
f 5886 5667 5665
f 5886 5665 5887
f 5887 5665 5663
f 5887 5663 5888
f 5888 5663 5661
f 5888 5661 5889
f 5889 5661 5659
f 5889 5659 5890
f 5890 5659 5657
f 5890 5657 5891
f 5891 5657 5656
f 5891 5656 5892
f 5892 5656 5654
f 5892 5654 5893
f 5893 5654 5652
f 5893 5652 5894
f 5894 5652 5650
f 5894 5650 5895
f 5895 5650 5648
f 5895 5648 5896
f 5896 5648 5647
f 5896 5647 5897
f 5897 5647 5645
f 5897 5645 5898
f 5898 5645 5643
f 5898 5643 5899
f 5899 5643 5641
f 5899 5641 5900
f 5900 5641 5639
f 5900 5639 5901
f 5901 5639 5637
f 5901 5637 5807
f 5807 5637 5635
f 5532 5531 5808
f 5808 5531 5633
f 5808 5633 5807
f 5807 5633 5632
f 5807 5632 5901
f 5901 5632 5631
f 5901 5631 5900
f 5900 5631 5630
f 5900 5630 5899
f 5899 5630 5629
f 5899 5629 5898
f 5898 5629 5628
f 5898 5628 5897
f 5897 5628 5627
f 5897 5627 5896
f 5896 5627 5626
f 5896 5626 5895
f 5895 5626 5625
f 5895 5625 5894
f 5894 5625 5624
f 5894 5624 5893
f 5893 5624 5623
f 5893 5623 5892
f 5892 5623 5622
f 5892 5622 5891
f 5891 5622 5621
f 5891 5621 5620
f 5891 5620 5890
f 5890 5620 5619
f 5890 5619 5889
f 5889 5619 5618
f 5889 5618 5888
f 5888 5618 5617
f 5888 5617 5887
f 5887 5617 5616
f 5887 5616 5886
f 5886 5616 5615
f 5886 5615 5885
f 5885 5615 5614
f 5885 5614 5884
f 5884 5614 5613
f 5884 5613 5883
f 5883 5613 5612
f 5883 5612 5882
f 5882 5612 5611
f 5882 5611 5881
f 5881 5611 5610
f 5881 5610 5880
f 5880 5610 5609
f 5880 5609 5879
f 5879 5609 5608
f 5879 5608 5607
f 5879 5607 5878
f 5878 5607 5606
f 5878 5606 5877
f 5877 5606 5605
f 5877 5605 5876
f 5876 5605 5604
f 5876 5604 5875
f 5875 5604 5603
f 5875 5603 5874
f 5874 5603 5602
f 5874 5602 5873
f 5873 5602 5601
f 5873 5601 5872
f 5872 5601 5600
f 5872 5600 5871
f 5871 5600 5599
f 5871 5599 5870
f 5870 5599 5598
f 5870 5598 5869
f 5869 5598 5597
f 5869 5597 5868
f 5868 5597 5596
f 5868 5596 5867
f 5867 5596 5595
f 5867 5595 5594
f 5867 5594 5866
f 5866 5594 5593
f 5866 5593 5865
f 5865 5593 5592
f 5865 5592 5864
f 5864 5592 5591
f 5864 5591 5863
f 5863 5591 5590
f 5863 5590 5862
f 5862 5590 5589
f 5862 5589 5861
f 5861 5589 5588
f 5861 5588 5860
f 5860 5588 5587
f 5860 5587 5859
f 5859 5587 5586
f 5859 5586 5858
f 5858 5586 5585
f 5858 5585 5857
f 5857 5585 5584
f 5857 5584 5856
f 5856 5584 5583
f 5856 5583 5582
f 5856 5582 5855
f 5855 5582 5581
f 5855 5581 5854
f 5854 5581 5580
f 5854 5580 5853
f 5853 5580 5579
f 5853 5579 5852
f 5852 5579 5578
f 5852 5578 5851
f 5851 5578 5577
f 5851 5577 5850
f 5850 5577 5576
f 5850 5576 5849
f 5849 5576 5575
f 5849 5575 5848
f 5848 5575 5574
f 5848 5574 5847
f 5847 5574 5573
f 5847 5573 5846
f 5846 5573 5572
f 5846 5572 5845
f 5845 5572 5571
f 5845 5571 5844
f 5844 5571 5570
f 5844 5570 5569
f 5844 5569 5843
f 5843 5569 5568
f 5843 5568 5842
f 5842 5568 5567
f 5842 5567 5841
f 5841 5567 5566
f 5841 5566 5840
f 5840 5566 5565
f 5840 5565 5839
f 5839 5565 5564
f 5839 5564 5838
f 5838 5564 5563
f 5838 5563 5837
f 5837 5563 5562
f 5837 5562 5836
f 5836 5562 5561
f 5836 5561 5835
f 5835 5561 5560
f 5835 5560 5834
f 5834 5560 5559
f 5834 5559 5833
f 5833 5559 5558
f 5833 5558 5832
f 5832 5558 5557
f 5832 5557 5556
f 5832 5556 5831
f 5831 5556 5555
f 5831 5555 5830
f 5830 5555 5554
f 5830 5554 5829
f 5829 5554 5553
f 5829 5553 5828
f 5828 5553 5552
f 5828 5552 5827
f 5827 5552 5551
f 5827 5551 5826
f 5826 5551 5550
f 5826 5550 5825
f 5825 5550 5549
f 5825 5549 5824
f 5824 5549 5548
f 5824 5548 5823
f 5823 5548 5547
f 5823 5547 5822
f 5822 5547 5546
f 5822 5546 5821
f 5821 5546 5545
f 5821 5545 5820
f 5820 5545 5544
f 5820 5544 5543
f 5820 5543 5819
f 5819 5543 5542
f 5819 5542 5818
f 5818 5542 5541
f 5818 5541 5817
f 5817 5541 5540
f 5817 5540 5816
f 5816 5540 5539
f 5816 5539 5815
f 5815 5539 5538
f 5815 5538 5814
f 5814 5538 5537
f 5814 5537 5813
f 5813 5537 5536
f 5813 5536 5812
f 5812 5536 5535
f 5812 5535 5811
f 5811 5535 5534
f 5811 5534 5810
f 5810 5534 5533
f 5810 5533 5809
f 5809 5533 5532
f 5809 5532 5808
f 5005 5902 4901
f 4901 5902 5903
f 4901 5903 4899
f 4899 5903 5904
f 4899 5904 4904
f 4904 5904 5905
f 4904 5905 4905
f 4905 5905 5906
f 4905 5906 4906
f 4906 5906 5907
f 4906 5907 4907
f 4907 5907 5908
f 4907 5908 4908
f 4908 5908 5909
f 4908 5909 4909
f 4909 5909 5910
f 4909 5910 4910
f 4910 5910 5911
f 4910 5911 4911
f 4911 5911 5912
f 4911 5912 4912
f 4912 5912 5913
f 4912 5913 4913
f 4913 5913 5914
f 4913 5914 4914
f 4914 5914 5915
f 4914 5915 4915
f 4915 5915 5916
f 4915 5916 4916
f 4916 5916 5917
f 4916 5917 4917
f 4917 5917 5918
f 4917 5918 4918
f 4918 5918 5919
f 4918 5919 4919
f 4919 5919 5920
f 4919 5920 4920
f 4920 5920 5921
f 4920 5921 4921
f 4921 5921 5922
f 4921 5922 4922
f 4922 5922 5923
f 4922 5923 4927
f 4927 5923 5924
f 4927 5924 4936
f 4936 5924 5925
f 4936 5925 4937
f 4937 5925 5926
f 4937 5926 4938
f 4938 5926 5927
f 4938 5927 4939
f 4939 5927 5928
f 4939 5928 4940
f 4940 5928 5929
f 4940 5929 4941
f 4941 5929 5930
f 4941 5930 4942
f 4942 5930 5931
f 4942 5931 4943
f 4943 5931 5932
f 4943 5932 4944
f 4944 5932 5933
f 4944 5933 4945
f 4945 5933 5934
f 4945 5934 4946
f 4946 5934 5935
f 4946 5935 4947
f 4947 5935 5936
f 4947 5936 4948
f 4948 5936 5937
f 4948 5937 4949
f 4949 5937 5938
f 4949 5938 4950
f 4950 5938 5939
f 4950 5939 4951
f 4951 5939 5940
f 4951 5940 4952
f 4952 5940 5941
f 4952 5941 4953
f 4953 5941 5942
f 4953 5942 4954
f 4954 5942 5943
f 4954 5943 4956
f 4956 5943 5944
f 4956 5944 4957
f 4957 5944 5945
f 4957 5945 4958
f 4958 5945 5946
f 4958 5946 4959
f 4959 5946 5947
f 4959 5947 4960
f 4960 5947 5948
f 4960 5948 4961
f 4961 5948 5949
f 4961 5949 4962
f 4962 5949 5950
f 4962 5950 4963
f 4963 5950 5951
f 4963 5951 4964
f 4964 5951 5952
f 4964 5952 4965
f 4965 5952 5953
f 4965 5953 4966
f 4966 5953 5954
f 4966 5954 4967
f 4967 5954 5955
f 4967 5955 4970
f 4970 5955 5956
f 4970 5956 4971
f 4971 5956 5957
f 4971 5957 4972
f 4972 5957 5958
f 4972 5958 4973
f 4973 5958 5959
f 4973 5959 4974
f 4974 5959 5960
f 4974 5960 4975
f 4975 5960 5961
f 4975 5961 4976
f 4976 5961 5962
f 4976 5962 4977
f 4977 5962 5963
f 4977 5963 4978
f 4978 5963 5964
f 4978 5964 4980
f 4980 5964 5965
f 4980 5965 4981
f 4981 5965 5966
f 4981 5966 4982
f 4982 5966 5967
f 4982 5967 4984
f 4984 5967 5968
f 4984 5968 4986
f 4986 5968 5969
f 4986 5969 4988
f 4988 5969 5970
f 4988 5970 4990
f 4990 5970 5971
f 4990 5971 4991
f 4991 5971 5972
f 4991 5972 4993
f 4993 5972 5973
f 4993 5973 4995
f 4995 5973 5974
f 4995 5974 4997
f 4997 5974 5975
f 4997 5975 4998
f 4998 5975 5976
f 4998 5976 5000
f 5000 5976 5977
f 5000 5977 5002
f 5002 5977 5978
f 5002 5978 5003
f 5003 5978 5979
f 5003 5979 5005
f 5005 5979 5902
f 5724 5923 5722
f 5722 5923 5922
f 5722 5922 5720
f 5720 5922 5921
f 5720 5921 5717
f 5717 5921 5920
f 5717 5920 5715
f 5715 5920 5919
f 5715 5919 5713
f 5713 5919 5918
f 5713 5918 5711
f 5711 5918 5917
f 5711 5917 5709
f 5709 5917 5916
f 5709 5916 5706
f 5706 5916 5915
f 5706 5915 5704
f 5704 5915 5914
f 5704 5914 5702
f 5702 5914 5913
f 5702 5913 5700
f 5700 5913 5912
f 5700 5912 5697
f 5697 5912 5911
f 5697 5911 5695
f 5695 5911 5910
f 5695 5910 5693
f 5693 5910 5909
f 5693 5909 5691
f 5691 5909 5908
f 5691 5908 5689
f 5689 5908 5907
f 5689 5907 5686
f 5686 5907 5906
f 5686 5906 5684
f 5684 5906 5905
f 5684 5905 5682
f 5682 5905 5904
f 5682 5904 5680
f 5680 5904 5903
f 5680 5903 5678
f 5678 5903 5902
f 5678 5902 5675
f 5675 5902 5979
f 5675 5979 5673
f 5673 5979 5978
f 5673 5978 5671
f 5671 5978 5977
f 5671 5977 5669
f 5669 5977 5976
f 5669 5976 5666
f 5666 5976 5975
f 5666 5975 5664
f 5664 5975 5974
f 5664 5974 5662
f 5662 5974 5973
f 5662 5973 5660
f 5660 5973 5972
f 5660 5972 5658
f 5658 5972 5971
f 5658 5971 5655
f 5655 5971 5970
f 5655 5970 5653
f 5653 5970 5969
f 5653 5969 5651
f 5651 5969 5968
f 5651 5968 5649
f 5649 5968 5967
f 5649 5967 5646
f 5646 5967 5966
f 5646 5966 5644
f 5644 5966 5965
f 5644 5965 5642
f 5642 5965 5964
f 5642 5964 5640
f 5640 5964 5963
f 5640 5963 5638
f 5638 5963 5962
f 5638 5962 5636
f 5636 5962 5961
f 5636 5961 5806
f 5806 5961 5960
f 5806 5960 5804
f 5804 5960 5959
f 5804 5959 5802
f 5802 5959 5958
f 5802 5958 5800
f 5800 5958 5957
f 5800 5957 5797
f 5797 5957 5956
f 5797 5956 5795
f 5795 5956 5955
f 5795 5955 5793
f 5793 5955 5954
f 5793 5954 5791
f 5791 5954 5953
f 5791 5953 5788
f 5788 5953 5952
f 5788 5952 5786
f 5786 5952 5951
f 5786 5951 5784
f 5784 5951 5950
f 5784 5950 5782
f 5782 5950 5949
f 5782 5949 5780
f 5780 5949 5948
f 5780 5948 5777
f 5777 5948 5947
f 5777 5947 5775
f 5775 5947 5946
f 5775 5946 5773
f 5773 5946 5945
f 5773 5945 5771
f 5771 5945 5944
f 5771 5944 5768
f 5768 5944 5943
f 5768 5943 5766
f 5766 5943 5942
f 5766 5942 5764
f 5764 5942 5941
f 5764 5941 5762
f 5762 5941 5940
f 5762 5940 5760
f 5760 5940 5939
f 5760 5939 5757
f 5757 5939 5938
f 5757 5938 5755
f 5755 5938 5937
f 5755 5937 5753
f 5753 5937 5936
f 5753 5936 5751
f 5751 5936 5935
f 5751 5935 5749
f 5749 5935 5934
f 5749 5934 5746
f 5746 5934 5933
f 5746 5933 5744
f 5744 5933 5932
f 5744 5932 5742
f 5742 5932 5931
f 5742 5931 5740
f 5740 5931 5930
f 5740 5930 5737
f 5737 5930 5929
f 5737 5929 5735
f 5735 5929 5928
f 5735 5928 5733
f 5733 5928 5927
f 5733 5927 5731
f 5731 5927 5926
f 5731 5926 5729
f 5729 5926 5925
f 5729 5925 5726
f 5726 5925 5924
f 5726 5924 5724
f 5724 5924 5923
f 5240 5980 5238
f 5238 5980 5981
f 5238 5981 5236
f 5236 5981 5982
f 5236 5982 5234
f 5234 5982 5983
f 5234 5983 5232
f 5232 5983 5984
f 5232 5984 5230
f 5230 5984 5985
f 5230 5985 5228
f 5228 5985 5986
f 5228 5986 5226
f 5226 5986 5987
f 5226 5987 5224
f 5224 5987 5988
f 5224 5988 5222
f 5222 5988 5989
f 5222 5989 5220
f 5220 5989 5990
f 5220 5990 5218
f 5218 5990 5991
f 5218 5991 5216
f 5216 5991 5992
f 5216 5992 5197
f 5197 5992 5993
f 5197 5993 5198
f 5198 5993 5994
f 5198 5994 5276
f 5276 5994 5995
f 5276 5995 5277
f 5277 5995 5996
f 5277 5996 5278
f 5278 5996 5997
f 5278 5997 5279
f 5279 5997 5998
f 5279 5998 5280
f 5280 5998 5999
f 5280 5999 5281
f 5281 5999 6000
f 5281 6000 5282
f 5282 6000 6001
f 5282 6001 5283
f 5283 6001 6002
f 5283 6002 5284
f 5284 6002 6003
f 5284 6003 5285
f 5285 6003 6004
f 5285 6004 5286
f 5286 6004 6005
f 5286 6005 5287
f 5287 6005 6006
f 5287 6006 5288
f 5288 6006 6007
f 5288 6007 5289
f 5289 6007 6008
f 5289 6008 5193
f 5193 6008 6009
f 5193 6009 5194
f 5194 6009 6010
f 5194 6010 5195
f 5195 6010 6011
f 5195 6011 5290
f 5290 6011 6012
f 5290 6012 5291
f 5291 6012 6013
f 5291 6013 5292
f 5292 6013 6014
f 5292 6014 5293
f 5293 6014 6015
f 5293 6015 5294
f 5294 6015 6016
f 5294 6016 5295
f 5295 6016 6017
f 5295 6017 5296
f 5296 6017 6018
f 5296 6018 5297
f 5297 6018 6019
f 5297 6019 5298
f 5298 6019 6020
f 5298 6020 5299
f 5299 6020 6021
f 5299 6021 5300
f 5300 6021 6022
f 5300 6022 5301
f 5301 6022 6023
f 5301 6023 5302
f 5302 6023 6024
f 5302 6024 5303
f 5303 6024 6025
f 5303 6025 5262
f 5262 6025 6026
f 5262 6026 5260
f 5260 6026 6027
f 5260 6027 5258
f 5258 6027 6028
f 5258 6028 5256
f 5256 6028 6029
f 5256 6029 5254
f 5254 6029 6030
f 5254 6030 5252
f 5252 6030 6031
f 5252 6031 5250
f 5250 6031 6032
f 5250 6032 5248
f 5248 6032 6033
f 5248 6033 5246
f 5246 6033 6034
f 5246 6034 5244
f 5244 6034 6035
f 5244 6035 5242
f 5242 6035 6036
f 5242 6036 5240
f 5240 6036 5980
f 6037 6038 6009
f 6009 6038 6039
f 6009 6039 6010
f 6010 6039 6040
f 6010 6040 6011
f 6011 6040 6041
f 6011 6041 6012
f 6012 6041 6042
f 6012 6042 6043
f 6012 6043 6013
f 6013 6043 6044
f 6013 6044 6014
f 6014 6044 6045
f 6014 6045 6046
f 6014 6046 6015
f 6015 6046 6047
f 6015 6047 6016
f 6016 6047 6048
f 6016 6048 6017
f 6017 6048 6049
f 6017 6049 6050
f 6017 6050 6018
f 6018 6050 6051
f 6018 6051 6019
f 6019 6051 6052
f 6019 6052 6020
f 6020 6052 6053
f 6020 6053 6054
f 6020 6054 6021
f 6021 6054 6055
f 6021 6055 6022
f 6022 6055 6056
f 6022 6056 6023
f 6023 6056 6057
f 6023 6057 6058
f 6023 6058 6024
f 6024 6058 6059
f 6024 6059 6025
f 6025 6059 6060
f 6025 6060 6061
f 6025 6061 6026
f 6026 6061 6062
f 6026 6062 6027
f 6027 6062 6063
f 6027 6063 6028
f 6028 6063 6064
f 6028 6064 6065
f 6028 6065 6029
f 6029 6065 6066
f 6029 6066 6030
f 6030 6066 6067
f 6030 6067 6031
f 6031 6067 6068
f 6031 6068 6069
f 6031 6069 6032
f 6032 6069 6070
f 6032 6070 6033
f 6033 6070 6071
f 6033 6071 6072
f 6033 6072 6034
f 6034 6072 6073
f 6034 6073 6035
f 6035 6073 6074
f 6035 6074 6036
f 6036 6074 6075
f 6036 6075 6076
f 6036 6076 5980
f 5980 6076 6077
f 5980 6077 5981
f 5981 6077 6078
f 5981 6078 5982
f 5982 6078 6079
f 5982 6079 6080
f 5982 6080 5983
f 5983 6080 6081
f 5983 6081 5984
f 5984 6081 6082
f 5984 6082 5985
f 5985 6082 6083
f 5985 6083 6084
f 5985 6084 5986
f 5986 6084 6085
f 5986 6085 5987
f 5987 6085 6086
f 5987 6086 6087
f 5987 6087 5988
f 5988 6087 6088
f 5988 6088 5989
f 5989 6088 6089
f 5989 6089 5990
f 5990 6089 6090
f 5990 6090 6091
f 5990 6091 5991
f 5991 6091 6092
f 5991 6092 5992
f 5992 6092 6093
f 5992 6093 5993
f 5993 6093 6094
f 5993 6094 6095
f 5993 6095 5994
f 5994 6095 6096
f 5994 6096 5995
f 5995 6096 6097
f 5995 6097 6098
f 5995 6098 5996
f 5996 6098 6099
f 5996 6099 5997
f 5997 6099 6100
f 5997 6100 5998
f 5998 6100 6101
f 5998 6101 6102
f 5998 6102 5999
f 5999 6102 6103
f 5999 6103 6000
f 6000 6103 6104
f 6000 6104 6001
f 6001 6104 6105
f 6001 6105 6106
f 6001 6106 6002
f 6002 6106 6107
f 6002 6107 6003
f 6003 6107 6108
f 6003 6108 6004
f 6004 6108 6109
f 6004 6109 6110
f 6004 6110 6005
f 6005 6110 6111
f 6005 6111 6006
f 6006 6111 6112
f 6006 6112 6113
f 6006 6113 6007
f 6007 6113 6114
f 6007 6114 6008
f 6008 6114 6037
f 6008 6037 6009
f 5182 6115 5133
f 5133 6115 6116
f 5133 6116 5131
f 5131 6116 6117
f 5131 6117 5136
f 5136 6117 6118
f 5136 6118 5137
f 5137 6118 6119
f 5137 6119 5139
f 5139 6119 6120
f 5139 6120 5140
f 5140 6120 6121
f 5140 6121 5141
f 5141 6121 6122
f 5141 6122 5142
f 5142 6122 6123
f 5142 6123 5143
f 5143 6123 6124
f 5143 6124 5144
f 5144 6124 6125
f 5144 6125 5145
f 5145 6125 6126
f 5145 6126 5146
f 5146 6126 6127
f 5146 6127 5147
f 5147 6127 6128
f 5147 6128 5148
f 5148 6128 6129
f 5148 6129 5149
f 5149 6129 6130
f 5149 6130 5150
f 5150 6130 6131
f 5150 6131 5151
f 5151 6131 6132
f 5151 6132 5152
f 5152 6132 6133
f 5152 6133 5153
f 5153 6133 6134
f 5153 6134 5154
f 5154 6134 6135
f 5154 6135 5155
f 5155 6135 6136
f 5155 6136 5156
f 5156 6136 6137
f 5156 6137 5157
f 5157 6137 6138
f 5157 6138 5158
f 5158 6138 6139
f 5158 6139 5159
f 5159 6139 6140
f 5159 6140 5160
f 5160 6140 6141
f 5160 6141 5161
f 5161 6141 6142
f 5161 6142 5162
f 5162 6142 6143
f 5162 6143 5163
f 5163 6143 6144
f 5163 6144 5164
f 5164 6144 6145
f 5164 6145 5165
f 5165 6145 6146
f 5165 6146 5166
f 5166 6146 6147
f 5166 6147 5167
f 5167 6147 6148
f 5167 6148 5168
f 5168 6148 6149
f 5168 6149 5169
f 5169 6149 6150
f 5169 6150 5170
f 5170 6150 6151
f 5170 6151 5171
f 5171 6151 6152
f 5171 6152 5172
f 5172 6152 6153
f 5172 6153 5173
f 5173 6153 6154
f 5173 6154 5090
f 5090 6154 6155
f 5090 6155 5088
f 5088 6155 6156
f 5088 6156 5086
f 5086 6156 6157
f 5086 6157 5084
f 5084 6157 6158
f 5084 6158 5082
f 5082 6158 6159
f 5082 6159 5080
f 5080 6159 6160
f 5080 6160 5078
f 5078 6160 6161
f 5078 6161 5076
f 5076 6161 6162
f 5076 6162 5074
f 5074 6162 6163
f 5074 6163 5072
f 5072 6163 6164
f 5072 6164 5070
f 5070 6164 6165
f 5070 6165 5068
f 5068 6165 6166
f 5068 6166 5066
f 5066 6166 6167
f 5066 6167 5064
f 5064 6167 6168
f 5064 6168 5062
f 5062 6168 6169
f 5062 6169 5060
f 5060 6169 6170
f 5060 6170 5058
f 5058 6170 6171
f 5058 6171 5056
f 5056 6171 6172
f 5056 6172 5054
f 5054 6172 6173
f 5054 6173 5052
f 5052 6173 6174
f 5052 6174 5050
f 5050 6174 6175
f 5050 6175 5048
f 5048 6175 6176
f 5048 6176 5046
f 5046 6176 6177
f 5046 6177 5044
f 5044 6177 6178
f 5044 6178 5042
f 5042 6178 6179
f 5042 6179 5040
f 5040 6179 6180
f 5040 6180 5038
f 5038 6180 6181
f 5038 6181 5036
f 5036 6181 6182
f 5036 6182 5034
f 5034 6182 6183
f 5034 6183 5032
f 5032 6183 6184
f 5032 6184 5033
f 5033 6184 6185
f 5033 6185 5174
f 5174 6185 6186
f 5174 6186 5175
f 5175 6186 6187
f 5175 6187 5176
f 5176 6187 6188
f 5176 6188 5177
f 5177 6188 6189
f 5177 6189 5178
f 5178 6189 6190
f 5178 6190 5180
f 5180 6190 6191
f 5180 6191 5181
f 5181 6191 6192
f 5181 6192 5182
f 5182 6192 6115
f 6037 6136 6038
f 6038 6136 6135
f 6038 6135 6039
f 6039 6135 6134
f 6039 6134 6040
f 6040 6134 6133
f 6040 6133 6041
f 6041 6133 6132
f 6041 6132 6042
f 6042 6132 6131
f 6042 6131 6043
f 6043 6131 6130
f 6043 6130 6044
f 6044 6130 6129
f 6044 6129 6045
f 6045 6129 6128
f 6045 6128 6046
f 6046 6128 6127
f 6046 6127 6047
f 6047 6127 6126
f 6047 6126 6048
f 6048 6126 6125
f 6048 6125 6049
f 6049 6125 6124
f 6049 6124 6050
f 6050 6124 6123
f 6050 6123 6051
f 6051 6123 6122
f 6051 6122 6052
f 6052 6122 6121
f 6052 6121 6053
f 6053 6121 6120
f 6053 6120 6054
f 6054 6120 6119
f 6054 6119 6055
f 6055 6119 6118
f 6055 6118 6056
f 6056 6118 6117
f 6056 6117 6057
f 6057 6117 6116
f 6057 6116 6058
f 6058 6116 6115
f 6058 6115 6059
f 6059 6115 6192
f 6059 6192 6060
f 6060 6192 6191
f 6060 6191 6061
f 6061 6191 6190
f 6061 6190 6062
f 6062 6190 6189
f 6062 6189 6063
f 6063 6189 6188
f 6063 6188 6064
f 6064 6188 6187
f 6064 6187 6065
f 6065 6187 6186
f 6065 6186 6066
f 6066 6186 6185
f 6066 6185 6067
f 6067 6185 6184
f 6067 6184 6068
f 6068 6184 6183
f 6068 6183 6069
f 6069 6183 6182
f 6069 6182 6070
f 6070 6182 6181
f 6070 6181 6071
f 6071 6181 6180
f 6071 6180 6072
f 6072 6180 6179
f 6072 6179 6073
f 6073 6179 6178
f 6073 6178 6074
f 6074 6178 6177
f 6074 6177 6075
f 6075 6177 6176
f 6075 6176 6076
f 6076 6176 6175
f 6076 6175 6077
f 6077 6175 6174
f 6077 6174 6078
f 6078 6174 6173
f 6078 6173 6079
f 6079 6173 6172
f 6079 6172 6080
f 6080 6172 6171
f 6080 6171 6081
f 6081 6171 6170
f 6081 6170 6082
f 6082 6170 6169
f 6082 6169 6083
f 6083 6169 6168
f 6083 6168 6084
f 6084 6168 6167
f 6084 6167 6085
f 6085 6167 6166
f 6085 6166 6086
f 6086 6166 6165
f 6086 6165 6087
f 6087 6165 6164
f 6087 6164 6088
f 6088 6164 6163
f 6088 6163 6089
f 6089 6163 6162
f 6089 6162 6090
f 6090 6162 6161
f 6090 6161 6091
f 6091 6161 6160
f 6091 6160 6092
f 6092 6160 6159
f 6092 6159 6093
f 6093 6159 6158
f 6093 6158 6094
f 6094 6158 6157
f 6094 6157 6095
f 6095 6157 6156
f 6095 6156 6096
f 6096 6156 6155
f 6096 6155 6097
f 6097 6155 6154
f 6097 6154 6098
f 6098 6154 6153
f 6098 6153 6099
f 6099 6153 6152
f 6099 6152 6100
f 6100 6152 6151
f 6100 6151 6101
f 6101 6151 6150
f 6101 6150 6102
f 6102 6150 6149
f 6102 6149 6103
f 6103 6149 6148
f 6103 6148 6104
f 6104 6148 6147
f 6104 6147 6105
f 6105 6147 6146
f 6105 6146 6106
f 6106 6146 6145
f 6106 6145 6107
f 6107 6145 6144
f 6107 6144 6108
f 6108 6144 6143
f 6108 6143 6109
f 6109 6143 6142
f 6109 6142 6110
f 6110 6142 6141
f 6110 6141 6111
f 6111 6141 6140
f 6111 6140 6112
f 6112 6140 6139
f 6112 6139 6113
f 6113 6139 6138
f 6113 6138 6114
f 6114 6138 6137
f 6114 6137 6037
f 6037 6137 6136
f 5275 6193 5199
f 5199 6193 6194
f 5199 6194 5200
f 5200 6194 6195
f 5200 6195 5201
f 5201 6195 6196
f 5201 6196 5202
f 5202 6196 6197
f 5202 6197 5203
f 5203 6197 6198
f 5203 6198 5204
f 5204 6198 6199
f 5204 6199 5205
f 5205 6199 6200
f 5205 6200 5206
f 5206 6200 6201
f 5206 6201 5207
f 5207 6201 6202
f 5207 6202 5208
f 5208 6202 6203
f 5208 6203 5209
f 5209 6203 6204
f 5209 6204 5210
f 5210 6204 6205
f 5210 6205 5211
f 5211 6205 6206
f 5211 6206 5212
f 5212 6206 6207
f 5212 6207 5213
f 5213 6207 6208
f 5213 6208 5214
f 5214 6208 6209
f 5214 6209 5196
f 5196 6209 6210
f 5196 6210 5215
f 5215 6210 6211
f 5215 6211 5217
f 5217 6211 6212
f 5217 6212 5219
f 5219 6212 6213
f 5219 6213 5221
f 5221 6213 6214
f 5221 6214 5223
f 5223 6214 6215
f 5223 6215 5225
f 5225 6215 6216
f 5225 6216 5227
f 5227 6216 6217
f 5227 6217 5229
f 5229 6217 6218
f 5229 6218 5231
f 5231 6218 6219
f 5231 6219 5233
f 5233 6219 6220
f 5233 6220 5235
f 5235 6220 6221
f 5235 6221 5237
f 5237 6221 6222
f 5237 6222 5239
f 5239 6222 6223
f 5239 6223 5241
f 5241 6223 6224
f 5241 6224 5243
f 5243 6224 6225
f 5243 6225 5245
f 5245 6225 6226
f 5245 6226 5247
f 5247 6226 6227
f 5247 6227 5249
f 5249 6227 6228
f 5249 6228 5251
f 5251 6228 6229
f 5251 6229 5253
f 5253 6229 6230
f 5253 6230 5255
f 5255 6230 6231
f 5255 6231 5257
f 5257 6231 6232
f 5257 6232 5259
f 5259 6232 6233
f 5259 6233 5261
f 5261 6233 6234
f 5261 6234 5190
f 5190 6234 6235
f 5190 6235 5191
f 5191 6235 6236
f 5191 6236 5192
f 5192 6236 6237
f 5192 6237 5263
f 5263 6237 6238
f 5263 6238 5264
f 5264 6238 6239
f 5264 6239 5265
f 5265 6239 6240
f 5265 6240 5266
f 5266 6240 6241
f 5266 6241 5267
f 5267 6241 6242
f 5267 6242 5268
f 5268 6242 6243
f 5268 6243 5269
f 5269 6243 6244
f 5269 6244 5270
f 5270 6244 6245
f 5270 6245 5271
f 5271 6245 6246
f 5271 6246 5272
f 5272 6246 6247
f 5272 6247 5273
f 5273 6247 6248
f 5273 6248 5274
f 5274 6248 6249
f 5274 6249 5275
f 5275 6249 6193
f 6250 6251 6222
f 6222 6251 6252
f 6222 6252 6223
f 6223 6252 6253
f 6223 6253 6224
f 6224 6253 6254
f 6224 6254 6225
f 6225 6254 6255
f 6225 6255 6256
f 6225 6256 6226
f 6226 6256 6257
f 6226 6257 6227
f 6227 6257 6258
f 6227 6258 6259
f 6227 6259 6228
f 6228 6259 6260
f 6228 6260 6229
f 6229 6260 6261
f 6229 6261 6230
f 6230 6261 6262
f 6230 6262 6263
f 6230 6263 6231
f 6231 6263 6264
f 6231 6264 6232
f 6232 6264 6265
f 6232 6265 6233
f 6233 6265 6266
f 6233 6266 6267
f 6233 6267 6234
f 6234 6267 6268
f 6234 6268 6235
f 6235 6268 6269
f 6235 6269 6236
f 6236 6269 6270
f 6236 6270 6271
f 6236 6271 6237
f 6237 6271 6272
f 6237 6272 6238
f 6238 6272 6273
f 6238 6273 6274
f 6238 6274 6239
f 6239 6274 6275
f 6239 6275 6240
f 6240 6275 6276
f 6240 6276 6241
f 6241 6276 6277
f 6241 6277 6278
f 6241 6278 6242
f 6242 6278 6279
f 6242 6279 6243
f 6243 6279 6280
f 6243 6280 6244
f 6244 6280 6281
f 6244 6281 6282
f 6244 6282 6245
f 6245 6282 6283
f 6245 6283 6246
f 6246 6283 6284
f 6246 6284 6285
f 6246 6285 6247
f 6247 6285 6286
f 6247 6286 6248
f 6248 6286 6287
f 6248 6287 6249
f 6249 6287 6288
f 6249 6288 6289
f 6249 6289 6193
f 6193 6289 6290
f 6193 6290 6194
f 6194 6290 6291
f 6194 6291 6195
f 6195 6291 6292
f 6195 6292 6293
f 6195 6293 6196
f 6196 6293 6294
f 6196 6294 6197
f 6197 6294 6295
f 6197 6295 6198
f 6198 6295 6296
f 6198 6296 6297
f 6198 6297 6199
f 6199 6297 6298
f 6199 6298 6200
f 6200 6298 6299
f 6200 6299 6300
f 6200 6300 6201
f 6201 6300 6301
f 6201 6301 6202
f 6202 6301 6302
f 6202 6302 6203
f 6203 6302 6303
f 6203 6303 6304
f 6203 6304 6204
f 6204 6304 6305
f 6204 6305 6205
f 6205 6305 6306
f 6205 6306 6206
f 6206 6306 6307
f 6206 6307 6308
f 6206 6308 6207
f 6207 6308 6309
f 6207 6309 6208
f 6208 6309 6310
f 6208 6310 6311
f 6208 6311 6209
f 6209 6311 6312
f 6209 6312 6210
f 6210 6312 6313
f 6210 6313 6211
f 6211 6313 6314
f 6211 6314 6315
f 6211 6315 6212
f 6212 6315 6316
f 6212 6316 6213
f 6213 6316 6317
f 6213 6317 6214
f 6214 6317 6318
f 6214 6318 6319
f 6214 6319 6215
f 6215 6319 6320
f 6215 6320 6216
f 6216 6320 6321
f 6216 6321 6217
f 6217 6321 6322
f 6217 6322 6323
f 6217 6323 6218
f 6218 6323 6324
f 6218 6324 6219
f 6219 6324 6325
f 6219 6325 6326
f 6219 6326 6220
f 6220 6326 6327
f 6220 6327 6221
f 6221 6327 6250
f 6221 6250 6222
f 5130 6328 4969
f 4969 6328 6329
f 4969 6329 4968
f 4968 6329 6330
f 4968 6330 4955
f 4955 6330 6331
f 4955 6331 5021
f 5021 6331 6332
f 5021 6332 5025
f 5025 6332 6333
f 5025 6333 5026
f 5026 6333 6334
f 5026 6334 5027
f 5027 6334 6335
f 5027 6335 5028
f 5028 6335 6336
f 5028 6336 5029
f 5029 6336 6337
f 5029 6337 5030
f 5030 6337 6338
f 5030 6338 5031
f 5031 6338 6339
f 5031 6339 5035
f 5035 6339 6340
f 5035 6340 5037
f 5037 6340 6341
f 5037 6341 5039
f 5039 6341 6342
f 5039 6342 5041
f 5041 6342 6343
f 5041 6343 5043
f 5043 6343 6344
f 5043 6344 5045
f 5045 6344 6345
f 5045 6345 5047
f 5047 6345 6346
f 5047 6346 5049
f 5049 6346 6347
f 5049 6347 5051
f 5051 6347 6348
f 5051 6348 5053
f 5053 6348 6349
f 5053 6349 5055
f 5055 6349 6350
f 5055 6350 5057
f 5057 6350 6351
f 5057 6351 5059
f 5059 6351 6352
f 5059 6352 5061
f 5061 6352 6353
f 5061 6353 5063
f 5063 6353 6354
f 5063 6354 5065
f 5065 6354 6355
f 5065 6355 5067
f 5067 6355 6356
f 5067 6356 5069
f 5069 6356 6357
f 5069 6357 5071
f 5071 6357 6358
f 5071 6358 5073
f 5073 6358 6359
f 5073 6359 5075
f 5075 6359 6360
f 5075 6360 5077
f 5077 6360 6361
f 5077 6361 5079
f 5079 6361 6362
f 5079 6362 5081
f 5081 6362 6363
f 5081 6363 5083
f 5083 6363 6364
f 5083 6364 5085
f 5085 6364 6365
f 5085 6365 5087
f 5087 6365 6366
f 5087 6366 5089
f 5089 6366 6367
f 5089 6367 5091
f 5091 6367 6368
f 5091 6368 5093
f 5093 6368 6369
f 5093 6369 5094
f 5094 6369 6370
f 5094 6370 5095
f 5095 6370 6371
f 5095 6371 5096
f 5096 6371 6372
f 5096 6372 5097
f 5097 6372 6373
f 5097 6373 5098
f 5098 6373 6374
f 5098 6374 5099
f 5099 6374 6375
f 5099 6375 5100
f 5100 6375 6376
f 5100 6376 5101
f 5101 6376 6377
f 5101 6377 5102
f 5102 6377 6378
f 5102 6378 5103
f 5103 6378 6379
f 5103 6379 5104
f 5104 6379 6380
f 5104 6380 5105
f 5105 6380 6381
f 5105 6381 5106
f 5106 6381 6382
f 5106 6382 5107
f 5107 6382 6383
f 5107 6383 5108
f 5108 6383 6384
f 5108 6384 5109
f 5109 6384 6385
f 5109 6385 5110
f 5110 6385 6386
f 5110 6386 5111
f 5111 6386 6387
f 5111 6387 5112
f 5112 6387 6388
f 5112 6388 5113
f 5113 6388 6389
f 5113 6389 5114
f 5114 6389 6390
f 5114 6390 5115
f 5115 6390 6391
f 5115 6391 5116
f 5116 6391 6392
f 5116 6392 5117
f 5117 6392 6393
f 5117 6393 5118
f 5118 6393 6394
f 5118 6394 5119
f 5119 6394 6395
f 5119 6395 5120
f 5120 6395 6396
f 5120 6396 5121
f 5121 6396 6397
f 5121 6397 5122
f 5122 6397 6398
f 5122 6398 5123
f 5123 6398 6399
f 5123 6399 5124
f 5124 6399 6400
f 5124 6400 5125
f 5125 6400 6401
f 5125 6401 5126
f 5126 6401 6402
f 5126 6402 5127
f 5127 6402 6403
f 5127 6403 5128
f 5128 6403 6404
f 5128 6404 5129
f 5129 6404 6405
f 5129 6405 5130
f 5130 6405 6328
f 6250 6349 6251
f 6251 6349 6348
f 6251 6348 6252
f 6252 6348 6347
f 6252 6347 6253
f 6253 6347 6346
f 6253 6346 6254
f 6254 6346 6345
f 6254 6345 6255
f 6255 6345 6344
f 6255 6344 6256
f 6256 6344 6343
f 6256 6343 6257
f 6257 6343 6342
f 6257 6342 6258
f 6258 6342 6341
f 6258 6341 6259
f 6259 6341 6340
f 6259 6340 6260
f 6260 6340 6339
f 6260 6339 6261
f 6261 6339 6338
f 6261 6338 6262
f 6262 6338 6337
f 6262 6337 6263
f 6263 6337 6336
f 6263 6336 6264
f 6264 6336 6335
f 6264 6335 6265
f 6265 6335 6334
f 6265 6334 6266
f 6266 6334 6333
f 6266 6333 6267
f 6267 6333 6332
f 6267 6332 6268
f 6268 6332 6331
f 6268 6331 6269
f 6269 6331 6330
f 6269 6330 6270
f 6270 6330 6329
f 6270 6329 6271
f 6271 6329 6328
f 6271 6328 6272
f 6272 6328 6405
f 6272 6405 6273
f 6273 6405 6404
f 6273 6404 6274
f 6274 6404 6403
f 6274 6403 6275
f 6275 6403 6402
f 6275 6402 6276
f 6276 6402 6401
f 6276 6401 6277
f 6277 6401 6400
f 6277 6400 6278
f 6278 6400 6399
f 6278 6399 6279
f 6279 6399 6398
f 6279 6398 6280
f 6280 6398 6397
f 6280 6397 6281
f 6281 6397 6396
f 6281 6396 6282
f 6282 6396 6395
f 6282 6395 6283
f 6283 6395 6394
f 6283 6394 6284
f 6284 6394 6393
f 6284 6393 6285
f 6285 6393 6392
f 6285 6392 6286
f 6286 6392 6391
f 6286 6391 6287
f 6287 6391 6390
f 6287 6390 6288
f 6288 6390 6389
f 6288 6389 6289
f 6289 6389 6388
f 6289 6388 6290
f 6290 6388 6387
f 6290 6387 6291
f 6291 6387 6386
f 6291 6386 6292
f 6292 6386 6385
f 6292 6385 6293
f 6293 6385 6384
f 6293 6384 6294
f 6294 6384 6383
f 6294 6383 6295
f 6295 6383 6382
f 6295 6382 6296
f 6296 6382 6381
f 6296 6381 6297
f 6297 6381 6380
f 6297 6380 6298
f 6298 6380 6379
f 6298 6379 6299
f 6299 6379 6378
f 6299 6378 6300
f 6300 6378 6377
f 6300 6377 6301
f 6301 6377 6376
f 6301 6376 6302
f 6302 6376 6375
f 6302 6375 6303
f 6303 6375 6374
f 6303 6374 6304
f 6304 6374 6373
f 6304 6373 6305
f 6305 6373 6372
f 6305 6372 6306
f 6306 6372 6371
f 6306 6371 6307
f 6307 6371 6370
f 6307 6370 6308
f 6308 6370 6369
f 6308 6369 6309
f 6309 6369 6368
f 6309 6368 6310
f 6310 6368 6367
f 6310 6367 6311
f 6311 6367 6366
f 6311 6366 6312
f 6312 6366 6365
f 6312 6365 6313
f 6313 6365 6364
f 6313 6364 6314
f 6314 6364 6363
f 6314 6363 6315
f 6315 6363 6362
f 6315 6362 6316
f 6316 6362 6361
f 6316 6361 6317
f 6317 6361 6360
f 6317 6360 6318
f 6318 6360 6359
f 6318 6359 6319
f 6319 6359 6358
f 6319 6358 6320
f 6320 6358 6357
f 6320 6357 6321
f 6321 6357 6356
f 6321 6356 6322
f 6322 6356 6355
f 6322 6355 6323
f 6323 6355 6354
f 6323 6354 6324
f 6324 6354 6353
f 6324 6353 6325
f 6325 6353 6352
f 6325 6352 6326
f 6326 6352 6351
f 6326 6351 6327
f 6327 6351 6350
f 6327 6350 6250
f 6250 6350 6349
f 4890 4889 5132
f 5132 4889 5134
f 5134 4889 4888
f 5134 4888 5135
f 5135 4888 4887
f 5135 4887 5185
f 5185 4887 4886
f 5185 4886 5184
f 5184 4886 4885
f 5184 4885 5183
f 5183 4885 4884
f 5183 4884 5179
f 5179 4884 4883
f 5179 4883 5022
f 5022 4883 4882
f 5022 4882 5023
f 5023 4882 4881
f 5023 4881 5024
f 5024 4881 4880
f 5024 4880 5186
f 5186 4880 4879
f 5186 4879 5187
f 5187 4879 4878
f 5187 4878 5188
f 5188 4878 4877
f 5188 4877 5189
f 5189 4877 4875
f 5189 4875 4897
f 4690 4933 4691
f 4691 4933 4934
f 4691 4934 4896
f 4896 4934 4935
f 4896 4935 4895
f 4895 4935 4898
f 4895 4898 4876
f 4690 4744 4933
f 4933 4744 4932
f 4932 4744 4849
f 4932 4849 4931
f 4931 4849 4851
f 4931 4851 4930
f 4930 4851 4853
f 4930 4853 4929
f 4929 4853 4854
f 4929 4854 4928
f 4928 4854 4856
f 4928 4856 4926
f 4926 4856 4858
f 4926 4858 4925
f 4925 4858 4860
f 4925 4860 4924
f 4924 4860 4862
f 4924 4862 4923
f 4923 4862 4863
f 4923 4863 4900
f 4900 4863 4865
f 4900 4865 4902
f 4902 4865 4867
f 4902 4867 4903
f 4903 4867 4869
f 4903 4869 5020
f 5020 4869 4871
f 5020 4871 5019

