# https://github.com/mikedh/trimesh
v 0.00349100 0.01048800 0.02423800
v 0.00349100 0.01048800 0.02374100
v 0.00329500 0.01048800 0.02440800
v 0.00329500 0.01048800 0.02357100
v 0.00303900 0.01048800 0.02444500
v 0.00303900 0.01048800 0.02353400
v 0.00280300 0.01048800 0.02364200
v 0.00280300 0.01048800 0.02433700
v 0.00266300 0.01048800 0.02386000
v -0.00203800 0.01048800 0.02205500
v -0.00203800 0.01048800 0.02155700
v -0.00223400 0.01048800 0.02222500
v -0.00223400 0.01048800 0.02138800
v -0.00249100 0.01048800 0.02226100
v -0.00249100 0.01048800 0.02135100
v -0.00272600 0.01048800 0.02145800
v -0.00272600 0.01048800 0.02215400
v -0.00286600 0.01048800 0.02167600
v 0.00355500 0.01021200 0.02993300
v 0.00355500 0.01021200 0.02935800
v 0.00334500 0.01021200 0.03014300
v 0.00334500 0.01021200 0.02914800
v 0.00305700 0.01021200 0.03022000
v 0.00305700 0.01021200 0.02907000
v 0.00277000 0.01021200 0.02914800
v 0.00277000 0.01021200 0.03014300
v 0.00255900 0.01021200 0.02935800
v 0.00255900 0.01021200 0.02993300
v 0.00008200 0.00515200 0.01987400
v 0.00000000 0.00515200 0.02041600
v 0.00046000 0.00515200 0.02041600
v 0.00008200 0.00515200 0.02095800
v 0.00053500 0.00515200 0.02086400
v 0.00032000 0.00515200 0.02145200
v 0.00075100 0.00515200 0.02126400
v 0.00069300 0.00515200 0.02185500
v 0.00108500 0.00515200 0.02157100
v 0.00116800 0.00515200 0.02212900
v 0.00150100 0.00515200 0.02175400
v 0.00170200 0.00515200 0.02225100
v 0.00195400 0.00515200 0.02179100
v 0.00224900 0.00515200 0.02221000
v 0.00239400 0.00515200 0.02168000
v 0.00276000 0.00515200 0.02201000
v 0.00277500 0.00515200 0.02143100
v 0.00318900 0.00515200 0.02166800
v 0.00305400 0.00515200 0.02107300
v 0.00349800 0.00515200 0.02121400
v 0.00320100 0.00515200 0.02064300
v 0.00365900 0.00515200 0.02069000
v 0.00365900 0.00515200 0.02014200
v 0.00320100 0.00515200 0.02018900
v 0.00349800 0.00515200 0.01961800
v 0.00305400 0.00515200 0.01975900
v 0.00318900 0.00515200 0.01916400
v 0.00277500 0.00515200 0.01940100
v 0.00276000 0.00515200 0.01882200
v 0.00239400 0.00515200 0.01915200
v 0.00224900 0.00515200 0.01862200
v 0.00195400 0.00515200 0.01904100
v 0.00170200 0.00515200 0.01858100
v 0.00150100 0.00515200 0.01907800
v 0.00116800 0.00515200 0.01870300
v 0.00108500 0.00515200 0.01926100
v 0.00069300 0.00515200 0.01897700
v 0.00075100 0.00515200 0.01956800
v 0.00032000 0.00515200 0.01938000
v 0.00053500 0.00515200 0.01996800
v 0.00053500 0.00487600 0.01996800
v 0.00046000 0.00487600 0.02041600
v 0.00053500 0.00487600 0.02086400
v 0.00075100 0.00487600 0.02126400
v 0.00108500 0.00487600 0.02157100
v 0.00150100 0.00487600 0.02175400
v 0.00195400 0.00487600 0.02179100
v 0.00239400 0.00487600 0.02168000
v 0.00277500 0.00487600 0.02143100
v 0.00305400 0.00487600 0.02107300
v 0.00320100 0.00487600 0.02064300
v 0.00320100 0.00487600 0.02018900
v 0.00305400 0.00487600 0.01975900
v 0.00277500 0.00487600 0.01940100
v 0.00239400 0.00487600 0.01915200
v 0.00195400 0.00487600 0.01904100
v 0.00150100 0.00487600 0.01907800
v 0.00108500 0.00487600 0.01926100
v 0.00075100 0.00487600 0.01956800
v 0.00772800 -0.00644000 0.01844200
v 0.00772800 -0.00294400 0.01844200
v 0.00772800 -0.00570400 0.01756400
v 0.00772800 -0.00294400 0.01692000
v 0.00772800 -0.00570400 0.01692000
v 0.00772800 -0.00644000 0.01756400
v 0.00625600 -0.00294400 0.01544800
v 0.00625600 -0.00570400 0.01544800
v 0.00631000 -0.00294400 0.01544900
v 0.00631000 -0.00570400 0.01544900
v 0.00636400 -0.00294400 0.01545200
v 0.00636400 -0.00570400 0.01545200
v 0.00641800 -0.00570400 0.01545700
v 0.00641800 -0.00294400 0.01545700
v -0.00231800 0.01021200 0.03078400
v -0.00231800 0.01021200 0.03011000
v -0.00252100 0.01021200 0.03106200
v -0.00252100 0.01021200 0.02983100
v -0.00281900 0.01021200 0.03123400
v -0.00281900 0.01021200 0.02965900
v -0.00316100 0.01021200 0.03127000
v -0.00316100 0.01021200 0.02962300
v -0.00348900 0.01021200 0.02973000
v -0.00348900 0.01021200 0.03116400
v -0.00374500 0.01021200 0.02996000
v -0.00374500 0.01021200 0.03093300
v -0.00388500 0.01021200 0.03027500
v -0.00837200 0.00644000 0.02861000
v -0.00790500 0.00644000 0.02797100
v -0.00837200 0.00644000 0.01756400
v -0.00772800 0.00644000 0.02765200
v -0.00772800 0.00644000 0.01756400
v -0.00819300 0.00644000 0.02864000
v -0.00806000 0.00644000 0.02830100
v 0.00262600 0.00570400 0.02426500
v 0.00262600 0.01039600 0.02426500
v 0.00255200 0.00570400 0.02398900
v 0.00255200 0.01039600 0.02398900
v 0.00262600 0.00570400 0.02371300
v 0.00262600 0.01039600 0.02371300
v 0.00282800 0.00570400 0.02351100
v 0.00282800 0.01039600 0.02351100
v 0.00310400 0.00570400 0.02343700
v 0.00310400 0.01039600 0.02343700
v 0.00338000 0.00570400 0.02351100
v 0.00338000 0.01039600 0.02351100
v 0.00358200 0.00570400 0.02371300
v 0.00358200 0.01039600 0.02371300
v 0.00365600 0.00570400 0.02398900
v 0.00365600 0.01039600 0.02398900
v 0.00358200 0.00570400 0.02426500
v 0.00358200 0.01039600 0.02426500
v 0.00338000 0.00570400 0.02446700
v 0.00338000 0.01039600 0.02446700
v 0.00310400 0.00570400 0.02454100
v 0.00310400 0.01039600 0.02454100
v 0.00282800 0.00570400 0.02446700
v 0.00282800 0.01039600 0.02446700
v -0.00290300 0.00570400 0.02208200
v -0.00290300 0.01039600 0.02208200
v -0.00297700 0.00570400 0.02180600
v -0.00297700 0.01039600 0.02180600
v -0.00290300 0.00570400 0.02153000
v -0.00290300 0.01039600 0.02153000
v -0.00270100 0.00570400 0.02132800
v -0.00270100 0.01039600 0.02132800
v -0.00242500 0.00570400 0.02125400
v -0.00242500 0.01039600 0.02125400
v -0.00214900 0.00570400 0.02132800
v -0.00214900 0.01039600 0.02132800
v -0.00194700 0.00570400 0.02153000
v -0.00194700 0.01039600 0.02153000
v -0.00187300 0.00570400 0.02180600
v -0.00187300 0.01039600 0.02180600
v -0.00194700 0.00570400 0.02208200
v -0.00194700 0.01039600 0.02208200
v -0.00214900 0.00570400 0.02228400
v -0.00214900 0.01039600 0.02228400
v -0.00242500 0.00570400 0.02235800
v -0.00242500 0.01039600 0.02235800
v -0.00270100 0.00570400 0.02228400
v -0.00270100 0.01039600 0.02228400
v -0.00819300 0.00570400 0.02864000
v -0.00837200 0.00570400 0.02861000
v -0.00837200 0.00570400 0.01756400
v -0.00772800 0.00570400 0.01756400
v 0.00561200 0.00570400 0.01480400
v -0.00561200 0.00570400 0.01480400
v 0.00561200 0.00644000 0.01480400
v -0.00561200 0.00644000 0.01480400
v 0.00837200 0.00570400 0.04249600
v 0.00837200 0.00570400 0.01756400
v 0.00837200 0.00644000 0.04249600
v 0.00837200 0.00644000 0.01756400
v -0.00441600 0.00570400 0.04645200
v 0.00441600 0.00570400 0.04645200
v -0.00441600 0.00644000 0.04645200
v 0.00441600 0.00644000 0.04645200
v -0.00837200 0.00644000 0.04249600
v -0.00837200 0.00644000 0.03228400
v -0.00837200 0.00570400 0.04249600
v -0.00837200 0.00570400 0.03228400
v -0.00819300 0.00644000 0.03225300
v -0.00819300 0.00570400 0.03225300
v 0.00000000 0.00570400 0.02041600
v 0.00008200 0.00570400 0.02095800
v 0.00032000 0.00570400 0.02145200
v 0.00069300 0.00570400 0.02185500
v 0.00116800 0.00570400 0.02212900
v 0.00170200 0.00570400 0.02225100
v 0.00224900 0.00570400 0.02221000
v 0.00276000 0.00570400 0.02201000
v 0.00318900 0.00570400 0.02166800
v 0.00349800 0.00570400 0.02121400
v 0.00365900 0.00570400 0.02069000
v 0.00365900 0.00570400 0.02014200
v 0.00349800 0.00570400 0.01961800
v 0.00318900 0.00570400 0.01916400
v 0.00276000 0.00570400 0.01882200
v 0.00224900 0.00570400 0.01862200
v 0.00170200 0.00570400 0.01858100
v 0.00116800 0.00570400 0.01870300
v 0.00069300 0.00570400 0.01897700
v 0.00032000 0.00570400 0.01938000
v 0.00008200 0.00570400 0.01987400
v 0.00561200 0.00570400 0.01544800
v 0.00561200 0.00644000 0.01544800
v -0.00561200 0.00644000 0.01544800
v -0.00561200 0.00570400 0.01544800
v 0.00689600 -0.00294400 0.01844200
v 0.00689600 -0.00708400 0.01844200
v 0.00772800 -0.00708400 0.01844200
v 0.00742100 -0.00294400 0.01694800
v 0.00707300 -0.00294400 0.01701200
v 0.00672700 -0.00294400 0.01694000
v 0.00652600 -0.00294400 0.01767700
v 0.00643300 -0.00294400 0.01674200
v 0.00604100 -0.00294400 0.01697900
v 0.00623600 -0.00294400 0.01644900
v 0.00616400 -0.00294400 0.01610300
v 0.00545300 -0.00294400 0.01636500
v 0.00622800 -0.00294400 0.01575500
v 0.00477600 -0.00294400 0.01585000
v 0.00402700 -0.00294400 0.01544800
v 0.00561200 -0.00644000 0.01544800
v 0.00561200 -0.00570400 0.01544800
v 0.00402700 -0.00644000 0.01544800
v 0.00726800 0.00487600 0.02041600
v 0.00718600 0.00487600 0.02135900
v 0.00718600 0.00487600 0.01947300
v 0.00694100 0.00487600 0.02227200
v 0.00694100 0.00487600 0.01856000
v 0.00654100 0.00487600 0.02313000
v 0.00599800 0.00487600 0.02390500
v 0.00532900 0.00487600 0.02457400
v 0.00455400 0.00487600 0.02511700
v 0.00369600 0.00487600 0.02551700
v 0.00278300 0.00487600 0.02576200
v 0.00184000 0.00487600 0.02584400
v 0.00089700 0.00487600 0.02576200
v -0.00001600 0.00487600 0.02551700
v -0.00087400 0.00487600 0.02511700
v -0.00164900 0.00487600 0.02457400
v -0.00164900 0.00487600 0.01625800
v -0.00231800 0.00487600 0.01692700
v -0.00231800 0.00487600 0.02390500
v -0.00286100 0.00487600 0.01770200
v -0.00286100 0.00487600 0.02313000
v -0.00326100 0.00487600 0.01856000
v -0.00326100 0.00487600 0.02227200
v -0.00350600 0.00487600 0.01947300
v -0.00350600 0.00487600 0.02135900
v -0.00358800 0.00487600 0.02041600
v -0.00087400 0.00487600 0.01571500
v -0.00001600 0.00487600 0.01531500
v 0.00089700 0.00487600 0.01507000
v 0.00184000 0.00487600 0.01498800
v 0.00278300 0.00487600 0.01507000
v 0.00369600 0.00487600 0.01531500
v 0.00455400 0.00487600 0.01571500
v 0.00532900 0.00487600 0.01625800
v 0.00599800 0.00487600 0.01692700
v 0.00654100 0.00487600 0.01770200
v 0.00772700 -0.00570400 0.01686600
v 0.00772700 -0.00294400 0.01686600
v 0.00772400 -0.00570400 0.01681200
v 0.00772400 -0.00294400 0.01681200
v 0.00771900 -0.00570400 0.01675800
v 0.00771900 -0.00294400 0.01675800
v 0.00772800 0.00570400 0.04249600
v 0.00772800 0.00644000 0.04249600
v 0.00772800 0.00644000 0.01756400
v 0.00772800 0.00570400 0.01756400
v -0.00772800 0.00644000 0.03324100
v -0.00772800 0.00644000 0.04249600
v -0.00806000 0.00644000 0.03259300
v -0.00772800 0.00570400 0.04249600
v -0.00669100 0.00239200 0.03024700
v -0.00772800 0.00239200 0.03024700
v -0.00669100 -0.00174800 0.03024700
v -0.00772800 -0.00174800 0.03024700
v -0.00441600 0.00570400 0.04580800
v -0.00441600 0.00644000 0.04580800
v 0.00441600 0.00644000 0.04580800
v 0.00211800 0.00644000 0.04580800
v 0.00107100 0.00644000 0.04604900
v 0.00000000 0.00644000 0.04613000
v -0.00107100 0.00644000 0.04604900
v -0.00211800 0.00644000 0.04580800
v 0.00441600 0.00570400 0.04580800
v -0.00772800 0.00239200 0.02765200
v -0.00772800 0.00239200 0.01692000
v -0.00772800 0.00570400 0.01692000
v -0.00810300 0.00239200 0.03249200
v -0.00835700 0.00239200 0.03169400
v -0.00790500 0.00644000 0.03292300
v -0.00772800 0.00239200 0.03324100
v -0.00842500 0.00570400 0.03136300
v -0.00848600 0.00239200 0.03086600
v -0.00850300 0.00570400 0.03044700
v -0.00848600 0.00239200 0.03002800
v -0.00842500 0.00570400 0.02953000
v -0.00835700 0.00239200 0.02920000
v -0.00810300 0.00239200 0.02840200
v 0.00772800 0.00570400 0.02302500
v 0.00729300 0.00570400 0.02384100
v 0.00772800 0.00239200 0.02302500
v 0.00729300 0.00239200 0.02384100
v 0.00674600 0.00570400 0.02458800
v 0.00674600 0.00239200 0.02458800
v 0.00609800 0.00570400 0.02524800
v 0.00609800 0.00239200 0.02524800
v 0.00536200 0.00570400 0.02580800
v 0.00536200 0.00239200 0.02580800
v 0.00455300 0.00570400 0.02625700
v 0.00455300 0.00239200 0.02625700
v 0.00368800 0.00570400 0.02658500
v 0.00368800 0.00239200 0.02658500
v 0.00278500 0.00570400 0.02678600
v 0.00278500 0.00239200 0.02678600
v 0.00186200 0.00239200 0.02685600
v 0.00186200 0.00570400 0.02685600
v 0.00093900 0.00570400 0.02679300
v 0.00093900 0.00239200 0.02679300
v -0.00264700 0.00239200 0.02503600
v -0.00184000 0.00239200 0.02516100
v -0.00264700 0.00570400 0.02503600
v -0.00184000 0.00570400 0.02516100
v -0.00106000 0.00239200 0.02540600
v -0.00106000 0.00570400 0.02540600
v -0.00032600 0.00239200 0.02576600
v -0.00032600 0.00570400 0.02576600
v 0.00034500 0.00570400 0.02623200
v 0.00034500 0.00239200 0.02623200
v -0.00225800 0.00239200 0.01544800
v -0.00296600 0.00239200 0.01613000
v -0.00225800 0.00570400 0.01544800
v -0.00296600 0.00570400 0.01613000
v -0.00356300 0.00239200 0.01691100
v -0.00356300 0.00570400 0.01691100
v -0.00403300 0.00239200 0.01777500
v -0.00403300 0.00570400 0.01777500
v -0.00436700 0.00239200 0.01870000
v -0.00436700 0.00570400 0.01870000
v -0.00455600 0.00239200 0.01966400
v -0.00455600 0.00570400 0.01966400
v -0.00459600 0.00239200 0.02064700
v -0.00459600 0.00570400 0.02064700
v -0.00448600 0.00239200 0.02162400
v -0.00448600 0.00570400 0.02162400
v -0.00422800 0.00239200 0.02257300
v -0.00422800 0.00570400 0.02257300
v -0.00382900 0.00239200 0.02347100
v -0.00382900 0.00570400 0.02347100
v -0.00329800 0.00239200 0.02429900
v -0.00329800 0.00570400 0.02429900
v 0.00246700 0.00239200 0.02995500
v 0.00239000 0.01012000 0.02964500
v 0.00239000 0.00239200 0.02964500
v 0.00246700 0.01012000 0.02933600
v 0.00246700 0.00239200 0.02933600
v 0.00267800 0.01012000 0.02909600
v 0.00267800 0.00239200 0.02909600
v 0.00297700 0.01012000 0.02898300
v 0.00297700 0.00239200 0.02898300
v 0.00329400 0.01012000 0.02902200
v 0.00329400 0.00239200 0.02902200
v 0.00355600 0.01012000 0.02920300
v 0.00355600 0.00239200 0.02920300
v 0.00370500 0.01012000 0.02948600
v 0.00370500 0.00239200 0.02948600
v 0.00370500 0.01012000 0.02980500
v 0.00370500 0.00239200 0.02980500
v 0.00355600 0.01012000 0.03008800
v 0.00355600 0.00239200 0.03008800
v 0.00329400 0.01012000 0.03026900
v 0.00329400 0.00239200 0.03026900
v 0.00297700 0.01012000 0.03030800
v 0.00297700 0.00239200 0.03030800
v 0.00267800 0.01012000 0.03019400
v 0.00267800 0.00239200 0.03019400
v 0.00246700 0.01012000 0.02995500
v -0.00771900 0.00239200 0.01675800
v -0.00771900 0.00570400 0.01675800
v -0.00772400 0.00239200 0.01681200
v -0.00772400 0.00570400 0.01681200
v -0.00772700 0.00239200 0.01686600
v -0.00772700 0.00570400 0.01686600
v -0.00901600 0.00570400 0.04249600
v -0.00901600 0.00570400 0.01692000
v -0.00894600 0.00570400 0.04329500
v -0.00873900 0.00570400 0.04406900
v -0.00768100 0.00570400 0.04305000
v -0.00840000 0.00570400 0.04479600
v -0.00754200 0.00570400 0.04358900
v -0.00749000 0.00570400 0.04439400
v -0.00731500 0.00570400 0.04409700
v -0.00754400 0.00570400 0.04473400
v -0.00794000 0.00570400 0.04545300
v -0.00746800 0.00570400 0.04507000
v -0.00737300 0.00570400 0.04602000
v -0.00727500 0.00570400 0.04535400
v -0.00699000 0.00570400 0.04554800
v -0.00671600 0.00570400 0.04648000
v -0.00665400 0.00570400 0.04562400
v -0.00631400 0.00570400 0.04557000
v -0.00598900 0.00570400 0.04681900
v -0.00601700 0.00570400 0.04539500
v -0.00550900 0.00570400 0.04562200
v -0.00521500 0.00570400 0.04702600
v -0.00497000 0.00570400 0.04576100
v -0.00441600 0.00570400 0.04709600
v 0.00441600 0.00570400 0.04709600
v 0.00521500 0.00570400 0.04702600
v 0.00497000 0.00570400 0.04576100
v 0.00550900 0.00570400 0.04562200
v 0.00598900 0.00570400 0.04681900
v 0.00601700 0.00570400 0.04539500
v 0.00631400 0.00570400 0.04557000
v 0.00671600 0.00570400 0.04648000
v 0.00665400 0.00570400 0.04562400
v 0.00699000 0.00570400 0.04554800
v 0.00737300 0.00570400 0.04602000
v 0.00727500 0.00570400 0.04535400
v 0.00746800 0.00570400 0.04507000
v 0.00794000 0.00570400 0.04545300
v 0.00754400 0.00570400 0.04473400
v 0.00840000 0.00570400 0.04479600
v 0.00749000 0.00570400 0.04439400
v 0.00754200 0.00570400 0.04358900
v 0.00731500 0.00570400 0.04409700
v 0.00768100 0.00570400 0.04305000
v 0.00873900 0.00570400 0.04406900
v 0.00894600 0.00570400 0.04329500
v 0.00901600 0.00570400 0.04249600
v 0.00901600 0.00570400 0.01692000
v 0.00894700 0.00570400 0.01630600
v 0.00798400 0.00570400 0.01628300
v 0.00874300 0.00570400 0.01572200
v 0.00798400 0.00570400 0.01590100
v 0.00841400 0.00570400 0.01519900
v 0.00782800 0.00570400 0.01555100
v 0.00797700 0.00570400 0.01476200
v 0.00754400 0.00570400 0.01529500
v 0.00745400 0.00570400 0.01443300
v 0.00718000 0.00570400 0.01517700
v 0.00687000 0.00570400 0.01422900
v 0.00680000 0.00570400 0.01521700
v 0.00625600 0.00570400 0.01416000
v 0.00646800 0.00570400 0.01540800
v 0.00624400 0.00570400 0.01571800
v -0.00625600 0.00570400 0.01416000
v -0.00625600 0.00570400 0.01544800
v -0.00687000 0.00570400 0.01422900
v -0.00671700 0.00570400 0.01524800
v -0.00641800 0.00570400 0.01545700
v -0.00636400 0.00570400 0.01545200
v -0.00707300 0.00570400 0.01517200
v -0.00745400 0.00570400 0.01443300
v -0.00743100 0.00570400 0.01524000
v -0.00797700 0.00570400 0.01476200
v -0.00773500 0.00570400 0.01544200
v -0.00793600 0.00570400 0.01574500
v -0.00841400 0.00570400 0.01519900
v -0.00800400 0.00570400 0.01610300
v -0.00874300 0.00570400 0.01572200
v -0.00894700 0.00570400 0.01630600
v 0.00624400 0.00570400 0.01646600
v 0.00616400 0.00570400 0.01609200
v 0.00782800 0.00570400 0.01663300
v 0.00754400 0.00570400 0.01688900
v 0.00718000 0.00570400 0.01700700
v 0.00680000 0.00570400 0.01696700
v 0.00646800 0.00570400 0.01677600
v -0.00792800 0.00570400 0.01645900
v -0.00631000 0.00570400 0.01544900
v -0.00625600 0.00239200 0.01544800
v -0.00188600 -0.00644000 0.01544800
v -0.00034700 -0.00644000 0.01544800
v -0.00188600 -0.00708400 0.01544800
v -0.00034700 -0.00708400 0.01544800
v 0.00726600 -0.00708400 0.02027400
v 0.00721000 -0.00708400 0.02121000
v 0.00699300 -0.00708400 0.02212200
v 0.00662300 -0.00708400 0.02298300
v 0.00610900 -0.00708400 0.02376800
v 0.00546900 -0.00708400 0.02445300
v 0.00472000 -0.00708400 0.02501700
v 0.00388500 -0.00708400 0.02544400
v 0.00298900 -0.00708400 0.02572100
v 0.00205900 -0.00708400 0.02584000
v 0.00112300 -0.00708400 0.02579600
v 0.00020700 -0.00708400 0.02559300
v -0.00065900 -0.00708400 0.02523400
v -0.00145100 -0.00708400 0.02473200
v -0.00214500 -0.00708400 0.02410200
v -0.00272000 -0.00708400 0.02336100
v -0.00315800 -0.00708400 0.02253200
v -0.00344800 -0.00708400 0.02164000
v -0.00358000 -0.00708400 0.02071200
v -0.00355000 -0.00708400 0.01977500
v -0.00335900 -0.00708400 0.01885700
v -0.00301300 -0.00708400 0.01798500
v -0.00252300 -0.00708400 0.01718600
v -0.00190200 -0.00708400 0.01648400
v -0.00116900 -0.00708400 0.01589800
v 0.00716100 -0.00708400 0.01934200
v 0.00317700 -0.00644000 0.01515500
v 0.00229000 -0.00644000 0.01500700
v 0.00139000 -0.00644000 0.01500700
v 0.00050300 -0.00644000 0.01515500
v 0.00772800 -0.00708400 0.02239000
v 0.00772800 -0.00644000 0.02239000
v 0.00471600 -0.00644000 0.04340800
v 0.00471600 -0.00294400 0.04340800
v 0.00489400 -0.00644000 0.04317900
v 0.00489400 -0.00294400 0.04317900
v 0.00509900 -0.00294400 0.04297400
v 0.00532800 -0.00294400 0.04279600
v 0.00532800 -0.00644000 0.04279600
v 0.00509900 -0.00644000 0.04297400
v 0.00553800 -0.00644000 0.04347100
v 0.00539100 -0.00644000 0.04361800
v 0.00526500 -0.00644000 0.04378100
v 0.00570100 -0.00644000 0.04334500
v -0.00532800 -0.00644000 0.04279600
v -0.00532800 -0.00294400 0.04279600
v -0.00509900 -0.00644000 0.04297400
v -0.00509900 -0.00294400 0.04297400
v -0.00489400 -0.00294400 0.04317900
v -0.00471600 -0.00294400 0.04340800
v -0.00471600 -0.00644000 0.04340800
v -0.00489400 -0.00644000 0.04317900
v -0.00526500 -0.00644000 0.04378100
v -0.00539100 -0.00644000 0.04361800
v -0.00553800 -0.00644000 0.04347100
v -0.00570100 -0.00644000 0.04334500
v -0.00901600 -0.00570400 0.04249600
v -0.00894600 -0.00570400 0.04329500
v -0.00873900 -0.00570400 0.04406900
v -0.00840000 -0.00570400 0.04479600
v -0.00794000 -0.00570400 0.04545300
v -0.00737300 -0.00570400 0.04602000
v -0.00671600 -0.00570400 0.04648000
v -0.00598900 -0.00570400 0.04681900
v -0.00521500 -0.00570400 0.04702600
v -0.00441600 -0.00570400 0.04709600
v 0.00441600 -0.00570400 0.04709600
v 0.00521500 -0.00570400 0.04702600
v 0.00598900 -0.00570400 0.04681900
v 0.00671600 -0.00570400 0.04648000
v 0.00737300 -0.00570400 0.04602000
v 0.00794000 -0.00570400 0.04545300
v 0.00840000 -0.00570400 0.04479600
v 0.00873900 -0.00570400 0.04406900
v 0.00894600 -0.00570400 0.04329500
v 0.00901600 -0.00570400 0.04249600
v 0.00901600 -0.00570400 0.01692000
v 0.00894700 -0.00570400 0.01630600
v 0.00874300 -0.00570400 0.01572200
v 0.00841400 -0.00570400 0.01519900
v 0.00797700 -0.00570400 0.01476200
v 0.00745400 -0.00570400 0.01443300
v 0.00687000 -0.00570400 0.01422900
v 0.00625600 -0.00570400 0.01416000
v -0.00625600 -0.00570400 0.01416000
v -0.00687000 -0.00570400 0.01422900
v -0.00745400 -0.00570400 0.01443300
v -0.00797700 -0.00570400 0.01476200
v -0.00841400 -0.00570400 0.01519900
v -0.00874300 -0.00570400 0.01572200
v -0.00894700 -0.00570400 0.01630600
v -0.00901600 -0.00570400 0.01692000
v 0.00526500 -0.00570400 0.04378100
v 0.00539100 -0.00570400 0.04361800
v 0.00553800 -0.00570400 0.04347100
v 0.00570100 -0.00570400 0.04334500
v -0.00441600 -0.00644000 0.04645200
v 0.00441600 -0.00644000 0.04645200
v -0.00441600 -0.00570400 0.04645200
v 0.00441600 -0.00570400 0.04645200
v -0.00570100 -0.00570400 0.04334500
v -0.00553800 -0.00570400 0.04347100
v -0.00539100 -0.00570400 0.04361800
v -0.00526500 -0.00570400 0.04378100
v -0.00837200 -0.00644000 0.01756400
v -0.00837200 -0.00644000 0.04249600
v -0.00837200 -0.00570400 0.01756400
v -0.00837200 -0.00570400 0.04249600
v -0.00561200 -0.00570400 0.01480400
v -0.00081900 -0.00570400 0.01480400
v -0.00561200 -0.00644000 0.01480400
v -0.00081900 -0.00644000 0.01480400
v -0.00081900 -0.00570400 0.01526600
v -0.00081900 -0.00644000 0.01526600
v 0.00449900 -0.00644000 0.01526600
v 0.00365100 -0.00644000 0.01491000
v 0.00449900 -0.00570400 0.01526600
v 0.00365100 -0.00570400 0.01491000
v 0.00275700 -0.00644000 0.01469300
v 0.00275700 -0.00570400 0.01469300
v 0.00184000 -0.00644000 0.01462000
v 0.00184000 -0.00570400 0.01462000
v 0.00092300 -0.00644000 0.01469300
v 0.00092300 -0.00570400 0.01469300
v 0.00002900 -0.00644000 0.01491000
v 0.00002900 -0.00570400 0.01491000
v 0.00449900 -0.00644000 0.01480400
v 0.00449900 -0.00570400 0.01480400
v 0.00561200 -0.00644000 0.01480400
v 0.00561200 -0.00570400 0.01480400
v 0.00792800 -0.00570400 0.01645900
v 0.00671700 -0.00570400 0.01524800
v 0.00707300 -0.00570400 0.01517200
v 0.00743100 -0.00570400 0.01524000
v 0.00773500 -0.00570400 0.01544200
v 0.00793600 -0.00570400 0.01574500
v 0.00800400 -0.00570400 0.01610300
v 0.00837200 -0.00644000 0.01756400
v 0.00837200 -0.00570400 0.01756400
v 0.00837200 -0.00644000 0.04249600
v 0.00837200 -0.00570400 0.04249600
v 0.00441600 -0.00174800 0.04580800
v 0.00497000 -0.00174800 0.04576100
v 0.00550900 -0.00174800 0.04562200
v 0.00601700 -0.00174800 0.04539500
v 0.00578400 -0.00570400 0.04433000
v 0.00576800 -0.00174800 0.04436600
v 0.00570400 -0.00570400 0.04470400
v 0.00570400 -0.00174800 0.04473400
v 0.00578400 -0.00570400 0.04507800
v 0.00579200 -0.00174800 0.04509700
v 0.00600800 -0.00570400 0.04538800
v 0.00634000 -0.00570400 0.04557900
v 0.00597300 -0.00174800 0.04405400
v 0.00600800 -0.00570400 0.04402000
v 0.00628600 -0.00174800 0.04384800
v 0.00634000 -0.00570400 0.04382900
v 0.00665400 -0.00174800 0.04378400
v 0.00672000 -0.00570400 0.04378900
v 0.00701700 -0.00174800 0.04387200
v 0.00708400 -0.00570400 0.04390700
v 0.00731500 -0.00174800 0.04409700
v 0.00736800 -0.00570400 0.04416300
v 0.00752400 -0.00570400 0.04451300
v 0.00752400 -0.00570400 0.04489500
v 0.00736800 -0.00570400 0.04524500
v 0.00708400 -0.00570400 0.04550100
v 0.00672000 -0.00570400 0.04561900
v 0.00772800 -0.00174800 0.04249600
v 0.00768100 -0.00174800 0.04305000
v 0.00754200 -0.00174800 0.04358900
v 0.00772800 0.00239200 0.03145300
v 0.00772800 -0.00174800 0.03145300
v 0.00040500 -0.00174800 0.03145300
v 0.00040500 0.00239200 0.03145300
v 0.00053800 0.00239200 0.03070400
v 0.00053800 -0.00174800 0.03070400
v 0.00051200 0.00239200 0.02994300
v 0.00051200 -0.00174800 0.02994300
v 0.00032800 0.00239200 0.02920500
v 0.00032800 -0.00174800 0.02920500
v -0.00000700 0.00239200 0.02852100
v -0.00000700 -0.00174800 0.02852100
v -0.00047700 0.00239200 0.02792300
v -0.00047700 -0.00174800 0.02792300
v -0.00106100 0.00239200 0.02743600
v -0.00106100 -0.00174800 0.02743600
v -0.00173500 0.00239200 0.02708200
v -0.00173500 -0.00174800 0.02708200
v -0.00246800 0.00239200 0.02687600
v -0.00246800 -0.00174800 0.02687600
v -0.00322700 0.00239200 0.02682800
v -0.00322700 -0.00174800 0.02682800
v -0.00398000 0.00239200 0.02694000
v -0.00398000 -0.00174800 0.02694000
v -0.00469300 0.00239200 0.02720600
v -0.00469300 -0.00174800 0.02720600
v -0.00533400 0.00239200 0.02761600
v -0.00533400 -0.00174800 0.02761600
v -0.00587600 0.00239200 0.02815000
v -0.00587600 -0.00174800 0.02815000
v -0.00629400 0.00239200 0.02878600
v -0.00629400 -0.00174800 0.02878600
v -0.00657000 0.00239200 0.02949600
v -0.00657000 -0.00174800 0.02949600
v -0.00772800 -0.00174800 0.04249600
v -0.00768100 -0.00174800 0.04305000
v -0.00754200 -0.00174800 0.04358900
v -0.00731500 -0.00174800 0.04409700
v -0.00579200 -0.00174800 0.04509700
v -0.00588000 -0.00570400 0.04524500
v -0.00601700 -0.00174800 0.04539500
v -0.00616400 -0.00570400 0.04550100
v -0.00652800 -0.00570400 0.04561900
v -0.00690800 -0.00570400 0.04557900
v -0.00724000 -0.00570400 0.04538800
v -0.00746400 -0.00570400 0.04507800
v -0.00754400 -0.00570400 0.04470400
v -0.00746400 -0.00570400 0.04433000
v -0.00724000 -0.00570400 0.04402000
v -0.00701700 -0.00174800 0.04387200
v -0.00690800 -0.00570400 0.04382900
v -0.00665400 -0.00174800 0.04378400
v -0.00652800 -0.00570400 0.04378900
v -0.00628600 -0.00174800 0.04384800
v -0.00616400 -0.00570400 0.04390700
v -0.00597300 -0.00174800 0.04405400
v -0.00588000 -0.00570400 0.04416300
v -0.00576800 -0.00174800 0.04436600
v -0.00572400 -0.00570400 0.04451300
v -0.00570400 -0.00174800 0.04473400
v -0.00572400 -0.00570400 0.04489500
v -0.00441600 -0.00174800 0.04580800
v -0.00497000 -0.00174800 0.04576100
v -0.00550900 -0.00174800 0.04562200
v -0.00211800 -0.00174800 0.04580800
v 0.00211800 -0.00174800 0.04580800
v 0.00107100 -0.00174800 0.04604900
v 0.00000000 -0.00174800 0.04613000
v -0.00107100 -0.00174800 0.04604900
v -0.00391500 -0.00174800 0.03082100
v -0.00399500 0.01012000 0.03044700
v -0.00399500 -0.00174800 0.03044700
v -0.00391500 0.01012000 0.03007300
v -0.00391500 -0.00174800 0.03007300
v -0.00369000 0.01012000 0.02976300
v -0.00369000 -0.00174800 0.02976300
v -0.00335900 0.01012000 0.02957200
v -0.00335900 -0.00174800 0.02957200
v -0.00297800 0.01012000 0.02953200
v -0.00297800 -0.00174800 0.02953200
v -0.00261500 0.01012000 0.02965000
v -0.00261500 -0.00174800 0.02965000
v -0.00233000 0.01012000 0.02990600
v -0.00233000 -0.00174800 0.02990600
v -0.00217500 0.01012000 0.03025600
v -0.00217500 -0.00174800 0.03025600
v -0.00217500 0.01012000 0.03063800
v -0.00217500 -0.00174800 0.03063800
v -0.00233000 0.01012000 0.03098800
v -0.00233000 -0.00174800 0.03098800
v -0.00261500 0.01012000 0.03124400
v -0.00261500 -0.00174800 0.03124400
v -0.00297800 0.01012000 0.03136200
v -0.00297800 -0.00174800 0.03136200
v -0.00335900 0.01012000 0.03132200
v -0.00335900 -0.00174800 0.03132200
v -0.00369000 0.01012000 0.03113000
v -0.00369000 -0.00174800 0.03113000
v -0.00391500 0.01012000 0.03082100
v -0.00772800 -0.00644000 0.04249600
v -0.00772800 -0.00570400 0.04249600
v -0.00772800 -0.00294400 0.01692000
v -0.00772800 -0.00570400 0.01692000
v -0.00772700 -0.00294400 0.01686600
v -0.00772700 -0.00570400 0.01686600
v -0.00772400 -0.00294400 0.01681200
v -0.00772400 -0.00570400 0.01681200
v -0.00771900 -0.00294400 0.01675800
v -0.00771900 -0.00570400 0.01675800
v -0.00772800 -0.00644000 0.01756400
v -0.00772800 -0.00570400 0.01756400
v -0.00616400 0.00239200 0.01610300
v -0.00623600 0.00239200 0.01644900
v -0.00643300 0.00239200 0.01674200
v -0.00672700 0.00239200 0.01694000
v -0.00707300 0.00239200 0.01701200
v -0.00742100 0.00239200 0.01694800
v -0.00631000 0.00239200 0.01544900
v -0.00636400 0.00239200 0.01545200
v -0.00641800 0.00239200 0.01545700
v -0.00561200 -0.00644000 0.01544800
v -0.00561200 -0.00570400 0.01544800
v -0.00625600 -0.00570400 0.01544800
v -0.00625600 -0.00294400 0.01544800
v -0.00631000 -0.00570400 0.01544900
v -0.00631000 -0.00294400 0.01544900
v -0.00636400 -0.00570400 0.01545200
v -0.00636400 -0.00294400 0.01545200
v -0.00641800 -0.00570400 0.01545700
v -0.00641800 -0.00294400 0.01545700
v -0.00264200 -0.00708400 0.01611800
v -0.00328000 -0.00708400 0.01690100
v -0.00378200 -0.00708400 0.01777800
v -0.00413500 -0.00708400 0.01872400
v -0.00433000 -0.00708400 0.01971500
v -0.00436200 -0.00708400 0.02072500
v -0.00423000 -0.00708400 0.02172600
v -0.00393700 -0.00708400 0.02269300
v -0.00349200 -0.00708400 0.02360000
v -0.00290500 -0.00708400 0.02442200
v -0.00219300 -0.00708400 0.02513800
v -0.00137400 -0.00708400 0.02573000
v -0.00047000 -0.00708400 0.02618000
v 0.00049500 -0.00708400 0.02647900
v 0.00149600 -0.00708400 0.02661600
v 0.00250600 -0.00708400 0.02659000
v 0.00349800 -0.00708400 0.02640000
v 0.00444600 -0.00708400 0.02605200
v 0.00532600 -0.00708400 0.02555500
v 0.00611300 -0.00708400 0.02492200
v 0.00678700 -0.00708400 0.02417000
v 0.00733000 -0.00708400 0.02331800
v 0.00772800 -0.00644000 0.04249600
v 0.00772800 -0.00570400 0.04249600
v 0.00772800 -0.00294400 0.04249600
v 0.00771400 -0.00294400 0.04279600
v 0.00771400 -0.00570400 0.04279600
v 0.00767400 -0.00294400 0.04309400
v 0.00767400 -0.00570400 0.04309400
v 0.00760600 -0.00570400 0.04338700
v 0.00760600 -0.00294400 0.04338700
v 0.00570100 -0.00294400 0.04334500
v 0.00526500 -0.00294400 0.04378100
v 0.00441600 -0.00644000 0.04580800
v 0.00441600 -0.00570400 0.04580800
v 0.00441600 -0.00294400 0.04580800
v 0.00471600 -0.00570400 0.04579400
v 0.00471600 -0.00294400 0.04579400
v 0.00501400 -0.00570400 0.04575400
v 0.00501400 -0.00294400 0.04575400
v 0.00530700 -0.00294400 0.04568600
v 0.00530700 -0.00570400 0.04568600
v -0.00441600 -0.00644000 0.04580800
v -0.00441600 -0.00570400 0.04580800
v -0.00441600 -0.00294400 0.04580800
v -0.00471600 -0.00294400 0.04579400
v -0.00471600 -0.00570400 0.04579400
v -0.00501400 -0.00294400 0.04575400
v -0.00501400 -0.00570400 0.04575400
v -0.00530700 -0.00570400 0.04568600
v -0.00530700 -0.00294400 0.04568600
v -0.00526500 -0.00294400 0.04378100
v -0.00570100 -0.00294400 0.04334500
v -0.00800400 -0.00570400 0.01610300
v -0.00793600 -0.00570400 0.01574500
v -0.00773500 -0.00570400 0.01544200
v -0.00743100 -0.00570400 0.01524000
v -0.00707300 -0.00570400 0.01517200
v -0.00671700 -0.00570400 0.01524800
v 0.00507000 -0.00570400 0.04523800
v 0.00498100 -0.00570400 0.04474000
v -0.00760600 -0.00570400 0.04338700
v -0.00715800 -0.00570400 0.04315000
v -0.00666000 -0.00570400 0.04306100
v -0.00615800 -0.00570400 0.04312800
v -0.00767400 -0.00570400 0.04309400
v -0.00771400 -0.00570400 0.04279600
v -0.00792800 -0.00570400 0.01645900
v -0.00504800 -0.00570400 0.04423800
v -0.00498100 -0.00570400 0.04474000
v -0.00507000 -0.00570400 0.04523800
v 0.00504800 -0.00570400 0.04423800
v 0.00615800 -0.00570400 0.04312800
v 0.00666000 -0.00570400 0.04306100
v 0.00715800 -0.00570400 0.04315000
v -0.00772800 -0.00294400 0.04249600
v -0.00771400 -0.00294400 0.04279600
v -0.00767400 -0.00294400 0.04309400
v -0.00760600 -0.00294400 0.04338700
v -0.00071700 -0.00174800 0.04213900
v -0.00139700 -0.00174800 0.04190100
v -0.00200800 -0.00174800 0.04151800
v 0.00000000 -0.00174800 0.04222000
v 0.00071700 -0.00174800 0.04213900
v 0.00139700 -0.00174800 0.04190100
v 0.00200800 -0.00174800 0.04151800
v 0.00251800 -0.00174800 0.04100800
v 0.00290100 -0.00174800 0.04039700
v 0.00313900 -0.00174800 0.03971600
v 0.00322000 -0.00174800 0.03900000
v 0.00313900 -0.00174800 0.03828400
v 0.00290100 -0.00174800 0.03760300
v 0.00251800 -0.00174800 0.03699200
v 0.00200800 -0.00174800 0.03648200
v 0.00139700 -0.00174800 0.03609900
v 0.00071700 -0.00174800 0.03586100
v 0.00000000 -0.00174800 0.03578000
v -0.00071700 -0.00174800 0.03586100
v -0.00313900 -0.00174800 0.03828400
v -0.00290100 -0.00174800 0.03760300
v -0.00251800 -0.00174800 0.03699200
v -0.00200800 -0.00174800 0.03648200
v -0.00139700 -0.00174800 0.03609900
v -0.00322000 -0.00174800 0.03900000
v -0.00313900 -0.00174800 0.03971600
v -0.00290100 -0.00174800 0.04039700
v -0.00251800 -0.00174800 0.04100800
v -0.00622800 -0.00294400 0.01575500
v -0.00622800 0.00239200 0.01575500
v -0.00616400 -0.00294400 0.01610300
v -0.00623600 -0.00294400 0.01644900
v -0.00643300 -0.00294400 0.01674200
v -0.00672700 -0.00294400 0.01694000
v -0.00707300 -0.00294400 0.01701200
v -0.00742100 -0.00294400 0.01694800
v -0.00188600 -0.00294400 0.01544800
v -0.00264200 -0.00294400 0.01611800
v -0.00328000 -0.00294400 0.01690100
v -0.00378200 -0.00294400 0.01777800
v -0.00413500 -0.00294400 0.01872400
v -0.00433000 -0.00294400 0.01971500
v -0.00436200 -0.00294400 0.02072500
v -0.00423000 -0.00294400 0.02172600
v -0.00393700 -0.00294400 0.02269300
v -0.00349200 -0.00294400 0.02360000
v -0.00290500 -0.00294400 0.02442200
v -0.00219300 -0.00294400 0.02513800
v -0.00137400 -0.00294400 0.02573000
v -0.00047000 -0.00294400 0.02618000
v 0.00049500 -0.00294400 0.02647900
v 0.00149600 -0.00294400 0.02661600
v 0.00250600 -0.00294400 0.02659000
v 0.00349800 -0.00294400 0.02640000
v 0.00444600 -0.00294400 0.02605200
v 0.00532600 -0.00294400 0.02555500
v 0.00611300 -0.00294400 0.02492200
v 0.00678700 -0.00294400 0.02417000
v 0.00733000 -0.00294400 0.02331800
v 0.00772800 -0.00294400 0.02239000
v 0.00615800 -0.00294400 0.04312800
v 0.00666000 -0.00294400 0.04306100
v 0.00715800 -0.00294400 0.04315000
v 0.00507000 -0.00294400 0.04523800
v 0.00498100 -0.00294400 0.04474000
v 0.00504800 -0.00294400 0.04423800
v -0.00504800 -0.00294400 0.04423800
v -0.00498100 -0.00294400 0.04474000
v -0.00507000 -0.00294400 0.04523800
v -0.00715800 -0.00294400 0.04315000
v -0.00666000 -0.00294400 0.04306100
v -0.00615800 -0.00294400 0.04312800
v -0.00313900 -0.00294400 0.03971600
v -0.00322000 -0.00294400 0.03900000
v -0.00313900 -0.00294400 0.03828400
v -0.00290100 -0.00294400 0.03760300
v -0.00251800 -0.00294400 0.03699200
v -0.00200800 -0.00294400 0.03648200
v -0.00139700 -0.00294400 0.03609900
v -0.00071700 -0.00294400 0.03586100
v 0.00000000 -0.00294400 0.03578000
v 0.00071700 -0.00294400 0.03586100
v 0.00139700 -0.00294400 0.03609900
v 0.00200800 -0.00294400 0.03648200
v 0.00251800 -0.00294400 0.03699200
v 0.00290100 -0.00294400 0.03760300
v 0.00313900 -0.00294400 0.03828400
v 0.00322000 -0.00294400 0.03900000
v 0.00313900 -0.00294400 0.03971600
v 0.00290100 -0.00294400 0.04039700
v 0.00251800 -0.00294400 0.04100800
v 0.00200800 -0.00294400 0.04151800
v 0.00139700 -0.00294400 0.04190100
v 0.00071700 -0.00294400 0.04213900
v 0.00000000 -0.00294400 0.04222000
v -0.00071700 -0.00294400 0.04213900
v -0.00139700 -0.00294400 0.04190100
v -0.00200800 -0.00294400 0.04151800
v -0.00251800 -0.00294400 0.04100800
v -0.00290100 -0.00294400 0.04039700
v 0.00180000 0.00763600 0.02019000
v 0.00166400 0.00763600 0.02056400
v 0.00180000 0.00763600 0.02064200
v 0.00195500 0.00763600 0.02021700
v 0.00195500 0.00763600 0.02061500
v 0.00166400 0.00763600 0.02026800
v 0.00161000 0.00487600 0.02041600
v 0.00161000 0.00763600 0.02041600
v 0.00166400 0.00487600 0.02056400
v 0.00180000 0.00487600 0.02064200
v 0.00195500 0.00487600 0.02061500
v 0.00205600 0.00487600 0.02049500
v 0.00205600 0.00763600 0.02049500
v 0.00205600 0.00487600 0.02033700
v 0.00205600 0.00763600 0.02033700
v 0.00195500 0.00487600 0.02021700
v 0.00180000 0.00487600 0.02019000
v 0.00166400 0.00487600 0.02026800
v -0.00296600 0.00487600 0.01789400
v -0.00296600 0.00487600 0.02293800
v -0.00124300 0.00487600 0.02488300
v 0.00118600 0.00487600 0.02580400
v 0.00376500 0.00487600 0.02549100
v 0.00590300 0.00487600 0.02401500
v 0.00711000 0.00487600 0.02171500
v 0.00711000 0.00487600 0.01911700
v 0.00590300 0.00487600 0.01681700
v 0.00376500 0.00487600 0.01534100
v 0.00118600 0.00487600 0.01502800
v -0.00124300 0.00487600 0.01594900
v -0.00358800 -0.00892400 0.02041600
v -0.00296600 -0.00892400 0.01789400
v -0.00296600 -0.00892400 0.02293800
v -0.00124300 -0.00892400 0.01594900
v -0.00124300 -0.00892400 0.02488300
v 0.00118600 -0.00892400 0.01502800
v 0.00118600 -0.00892400 0.02580400
v 0.00376500 -0.00892400 0.01534100
v 0.00376500 -0.00892400 0.02549100
v 0.00590300 -0.00892400 0.01681700
v 0.00590300 -0.00892400 0.02401500
v 0.00711000 -0.00892400 0.01911700
v 0.00711000 -0.00892400 0.02171500
v -0.00092000 0.00791200 0.03900000
v -0.00070500 0.00791200 0.03959100
v -0.00070500 0.00791200 0.03840900
v -0.00016000 0.00791200 0.03809400
v -0.00016000 0.00791200 0.03990600
v 0.00046000 0.00791200 0.03820300
v 0.00046000 0.00791200 0.03979700
v 0.00086500 0.00791200 0.03868500
v 0.00086500 0.00791200 0.03931500
v -0.00092000 0.01140800 0.03900000
v -0.00070500 0.01140800 0.03959100
v -0.00016000 0.01140800 0.03990600
v 0.00046000 0.01140800 0.03979700
v 0.00086500 0.01140800 0.03931500
v 0.00086500 0.01140800 0.03868500
v 0.00046000 0.01140800 0.03820300
v -0.00016000 0.01140800 0.03809400
v -0.00070500 0.01140800 0.03840900
v -0.00207000 0.01140800 0.04061000
v -0.00207000 0.01140800 0.03739000
v -0.00161000 0.01140800 0.03693000
v 0.00161000 0.01140800 0.03693000
v 0.00207000 0.01140800 0.03739000
v -0.00161000 0.01140800 0.04107000
v 0.00161000 0.01140800 0.04107000
v 0.00207000 0.01140800 0.04061000
v 0.00207000 0.01021200 0.03739000
v 0.00161000 0.01021200 0.03693000
v 0.00161000 0.01021200 0.04107000
v 0.00207000 0.01021200 0.04061000
v 0.00207000 0.01021200 0.03900000
v -0.00161000 0.01021200 0.03693000
v -0.00207000 0.01021200 0.03739000
v 0.00000000 0.01021200 0.03693000
v -0.00207000 0.01021200 0.04061000
v -0.00161000 0.01021200 0.04107000
v 0.00000000 0.01021200 0.04107000
v -0.00207000 0.01021200 0.03900000
v 0.00148600 -0.00680800 0.03992000
v 0.00009200 -0.00680800 0.03992000
v 0.00173200 -0.00680800 0.03876200
v 0.00118300 -0.00680800 0.03771300
v 0.00009200 -0.00680800 0.03725400
v -0.00148600 -0.00680800 0.03992000
v -0.00173200 -0.00680800 0.03876200
v -0.00009200 -0.00680800 0.03992000
v -0.00118300 -0.00680800 0.03771300
v -0.00009200 -0.00680800 0.03725400
v 0.00009200 -0.00193200 0.04083800
v 0.00003100 -0.00193200 0.04084000
v 0.00009200 -0.00193200 0.03716200
v 0.00003100 -0.00193200 0.03716000
v -0.00003100 -0.00193200 0.04084000
v -0.00003100 -0.00193200 0.03716000
v -0.00009200 -0.00193200 0.03716200
v -0.00009200 -0.00193200 0.04083800
v 0.00179300 0.01021200 0.03796500
v 0.00103500 0.01021200 0.03720700
v 0.00103500 0.01021200 0.04079300
v 0.00179300 0.01021200 0.04003500
v -0.00103500 0.01021200 0.03720700
v -0.00179300 0.01021200 0.03796500
v -0.00179300 0.01021200 0.04003500
v -0.00103500 0.01021200 0.04079300
v 0.00159300 -0.00423200 0.03992000
v 0.00120600 -0.00423200 0.04039000
v 0.00009200 -0.00423200 0.03992000
v 0.00068700 -0.00423200 0.04070700
v 0.00009200 -0.00423200 0.04083800
v 0.00159300 -0.00671600 0.03992000
v 0.00181700 -0.00671600 0.03871100
v 0.00122900 -0.00671600 0.03763100
v 0.00009200 -0.00671600 0.03716200
v -0.00159300 -0.00671600 0.03992000
v -0.00181700 -0.00671600 0.03871100
v -0.00122900 -0.00671600 0.03763100
v -0.00009200 -0.00671600 0.03716200
v -0.00159300 -0.00423200 0.03992000
v -0.00009200 -0.00423200 0.03992000
v -0.00120600 -0.00423200 0.04039000
v -0.00068700 -0.00423200 0.04070700
v -0.00009200 -0.00423200 0.04083800
v -0.00158600 0.00975200 0.04033100
v -0.00207000 0.00975200 0.03900000
v -0.00035900 0.00975200 0.04103900
v 0.00103500 0.00975200 0.04079300
v 0.00194500 0.00975200 0.03970800
v 0.00194500 0.00975200 0.03829200
v 0.00103500 0.00975200 0.03720700
v -0.00035900 0.00975200 0.03696100
v -0.00158600 0.00975200 0.03766900
v -0.00170900 -0.00174800 0.03831700
v -0.00184000 -0.00174800 0.03900000
v -0.00170900 -0.00174800 0.03968300
v -0.00133300 -0.00174800 0.04026800
v -0.00076700 -0.00174800 0.04067200
v -0.00009200 -0.00174800 0.04083800
v -0.00133300 -0.00174800 0.03773200
v -0.00076700 -0.00174800 0.03732800
v -0.00009200 -0.00174800 0.03716200
v 0.00009200 -0.00174800 0.03716200
v 0.00076700 -0.00174800 0.03732800
v 0.00133300 -0.00174800 0.03773200
v 0.00170900 -0.00174800 0.03831700
v 0.00184000 -0.00174800 0.03900000
v 0.00170900 -0.00174800 0.03968300
v 0.00133300 -0.00174800 0.04026800
v 0.00076700 -0.00174800 0.04067200
v 0.00009200 -0.00174800 0.04083800
v 0.00190300 0.00975200 0.03740300
v 0.00248400 0.00975200 0.03900000
v 0.00190300 0.00975200 0.04059700
v 0.00043100 0.00975200 0.04144600
v -0.00124200 0.00975200 0.04115100
v -0.00233400 0.00975200 0.03985000
v -0.00233400 0.00975200 0.03815000
v -0.00124200 0.00975200 0.03684900
v 0.00043100 0.00975200 0.03655400
v 0.00211400 -0.00174800 0.04077400
v 0.00276000 -0.00174800 0.03900000
v 0.00047900 -0.00174800 0.04171800
v -0.00138000 -0.00174800 0.04139000
v 0.00000000 -0.00174800 0.04084000
v -0.00259400 -0.00174800 0.03994400
v -0.00259400 -0.00174800 0.03805600
v -0.00138000 -0.00174800 0.03661000
v 0.00047900 -0.00174800 0.03628200
v 0.00211400 -0.00174800 0.03722600
v 0.00000000 -0.00174800 0.03716000
v 0.00259400 0.00947600 0.03994400
v 0.00259400 0.00947600 0.03805600
v 0.00138000 0.00947600 0.03661000
v -0.00047900 0.00947600 0.03628200
v -0.00211400 0.00947600 0.03722600
v -0.00276000 0.00947600 0.03900000
v -0.00211400 0.00947600 0.04077400
v -0.00047900 0.00947600 0.04171800
v 0.00138000 0.00947600 0.04139000
v 0.00211400 0.00009200 0.04077400
v 0.00276000 0.00009200 0.03900000
v 0.00211400 0.00009200 0.03722600
v 0.00047900 0.00009200 0.03628200
v -0.00138000 0.00009200 0.03661000
v -0.00259400 0.00009200 0.03805600
v -0.00259400 0.00009200 0.03994400
v -0.00138000 0.00009200 0.04139000
v 0.00047900 0.00009200 0.04171800
v -0.00211400 0.00883200 0.04077400
v -0.00276000 0.00883200 0.03900000
v -0.00211400 0.00883200 0.03722600
v -0.00047900 0.00883200 0.03628200
v 0.00138000 0.00883200 0.03661000
v 0.00259400 0.00883200 0.03805600
v 0.00259400 0.00883200 0.03994400
v 0.00138000 0.00883200 0.04139000
v -0.00047900 0.00883200 0.04171800
v 0.00498000 0.00009200 0.03612500
v 0.00575000 0.00009200 0.03900000
v 0.00498000 0.00009200 0.04187500
v 0.00287500 0.00009200 0.04398000
v 0.00000000 0.00009200 0.04475000
v -0.00287500 0.00009200 0.04398000
v -0.00498000 0.00009200 0.04187500
v -0.00575000 0.00009200 0.03900000
v -0.00498000 0.00009200 0.03612500
v -0.00287500 0.00009200 0.03402000
v 0.00000000 0.00009200 0.03325000
v 0.00287500 0.00009200 0.03402000
v -0.00387000 0.00883200 0.03651300
v -0.00460000 0.00883200 0.03900000
v -0.00387000 0.00883200 0.04148700
v -0.00191100 0.00883200 0.04318400
v 0.00065500 0.00883200 0.04355300
v 0.00301200 0.00883200 0.04247600
v 0.00441400 0.00883200 0.04029600
v 0.00441400 0.00883200 0.03770400
v 0.00301200 0.00883200 0.03552400
v 0.00065500 0.00883200 0.03444700
v -0.00191100 0.00883200 0.03481600
v 0.00498000 -0.00174800 0.03612500
v 0.00575000 -0.00174800 0.03900000
v 0.00498000 -0.00174800 0.04187500
v 0.00287500 -0.00174800 0.04398000
v 0.00000000 -0.00174800 0.04475000
v -0.00287500 -0.00174800 0.04398000
v -0.00498000 -0.00174800 0.04187500
v -0.00575000 -0.00174800 0.03900000
v -0.00498000 -0.00174800 0.03612500
v -0.00287500 -0.00174800 0.03402000
v 0.00000000 -0.00174800 0.03325000
v 0.00287500 -0.00174800 0.03402000
v -0.00460000 0.00653200 0.03900000
v -0.00387000 0.00653200 0.04148700
v -0.00191100 0.00653200 0.04318400
v 0.00065500 0.00653200 0.04355300
v 0.00301200 0.00653200 0.04247600
v 0.00441400 0.00653200 0.04029600
v 0.00441400 0.00653200 0.03770400
v 0.00301200 0.00653200 0.03552400
v 0.00065500 0.00653200 0.03444700
v -0.00191100 0.00653200 0.03481600
v -0.00387000 0.00653200 0.03651300
v -0.00627300 -0.00174800 0.04229200
v -0.00708400 -0.00174800 0.03900000
v -0.00627300 -0.00174800 0.03570800
v -0.00402400 -0.00174800 0.03317000
v -0.00085400 -0.00174800 0.03196800
v 0.00251200 -0.00174800 0.03237600
v 0.00530200 -0.00174800 0.03430200
v 0.00687800 -0.00174800 0.03730500
v 0.00687800 -0.00174800 0.04069500
v 0.00530200 -0.00174800 0.04369800
v 0.00251200 -0.00174800 0.04562400
v -0.00085400 -0.00174800 0.04603200
v -0.00402400 -0.00174800 0.04483000
v -0.00303600 0.00653200 0.03900000
v -0.00232600 0.00653200 0.03704800
v -0.00052700 0.00653200 0.03601000
v 0.00151800 0.00653200 0.03637100
v 0.00285300 0.00653200 0.03796200
v 0.00285300 0.00653200 0.04003800
v 0.00151800 0.00653200 0.04162900
v -0.00052700 0.00653200 0.04199000
v -0.00232600 0.00653200 0.04095200
v -0.00627300 0.00285200 0.03570800
v -0.00708400 0.00285200 0.03900000
v -0.00627300 0.00285200 0.04229200
v -0.00402400 0.00285200 0.04483000
v -0.00085400 0.00285200 0.04603200
v 0.00251200 0.00285200 0.04562400
v 0.00530200 0.00285200 0.04369800
v 0.00687800 0.00285200 0.04069500
v 0.00687800 0.00285200 0.03730500
v 0.00530200 0.00285200 0.03430200
v 0.00251200 0.00285200 0.03237600
v -0.00085400 0.00285200 0.03196800
v -0.00402400 0.00285200 0.03317000
v -0.00232600 0.00285200 0.04095200
v -0.00303600 0.00285200 0.03900000
v -0.00232600 0.00285200 0.03704800
v -0.00052700 0.00285200 0.03601000
v 0.00151800 0.00285200 0.03637100
v 0.00285300 0.00285200 0.03796200
v 0.00285300 0.00285200 0.04003800
v 0.00151800 0.00285200 0.04162900
v -0.00052700 0.00285200 0.04199000
v 0.00064700 -0.00193200 0.04605400
v 0.00052500 -0.00193200 0.04472600
v 0.00000000 -0.00193200 0.04608400
v 0.00000000 -0.00193200 0.04475000
v -0.00052500 -0.00193200 0.04472600
v 0.00128900 -0.00193200 0.04596600
v 0.00104600 -0.00193200 0.04465400
v 0.00195700 -0.00193200 0.04580800
v 0.00158900 -0.00193200 0.04452600
v 0.00260800 -0.00193200 0.04558700
v 0.00211700 -0.00193200 0.04434600
v 0.00325800 -0.00193200 0.04529000
v 0.00264500 -0.00193200 0.04410600
v 0.00387600 -0.00193200 0.04492900
v 0.00314600 -0.00193200 0.04381300
v 0.00446600 -0.00193200 0.04449900
v 0.00362600 -0.00193200 0.04346300
v 0.00500900 -0.00193200 0.04400900
v 0.00406600 -0.00193200 0.04306600
v 0.00549800 -0.00193200 0.04346700
v 0.00446300 -0.00193200 0.04262500
v 0.00592900 -0.00193200 0.04287600
v 0.00481300 -0.00193200 0.04214600
v 0.00629000 -0.00193200 0.04225900
v 0.00510600 -0.00193200 0.04164500
v 0.00658700 -0.00193200 0.04160800
v 0.00534600 -0.00193200 0.04111600
v 0.00680800 -0.00193200 0.04095800
v 0.00552600 -0.00193200 0.04058900
v 0.00696600 -0.00193200 0.04028900
v 0.00565400 -0.00193200 0.04004600
v 0.00705400 -0.00193200 0.03964800
v 0.00572600 -0.00193200 0.03952500
v 0.00708400 -0.00193200 0.03900000
v 0.00575000 -0.00193200 0.03900000
v 0.00705400 -0.00193200 0.03835300
v 0.00572600 -0.00193200 0.03847400
v 0.00696600 -0.00193200 0.03771100
v 0.00565400 -0.00193200 0.03795400
v 0.00680800 -0.00193200 0.03704300
v 0.00552600 -0.00193200 0.03741100
v 0.00658700 -0.00193200 0.03639200
v 0.00534600 -0.00193200 0.03688400
v 0.00629000 -0.00193200 0.03574200
v 0.00510500 -0.00193200 0.03635500
v 0.00592900 -0.00193200 0.03512400
v 0.00481300 -0.00193200 0.03585400
v 0.00549900 -0.00193200 0.03453400
v 0.00446300 -0.00193200 0.03537400
v 0.00500900 -0.00193200 0.03399100
v 0.00406600 -0.00193200 0.03493400
v 0.00446700 -0.00193200 0.03350200
v 0.00362500 -0.00193200 0.03453700
v 0.00387600 -0.00193200 0.03307100
v 0.00314600 -0.00193200 0.03418700
v 0.00325900 -0.00193200 0.03271000
v 0.00264500 -0.00193200 0.03389400
v 0.00260800 -0.00193200 0.03241300
v 0.00211700 -0.00193200 0.03365400
v 0.00195800 -0.00193200 0.03219200
v 0.00158900 -0.00193200 0.03347400
v 0.00128900 -0.00193200 0.03203400
v 0.00104600 -0.00193200 0.03334600
v 0.00064700 -0.00193200 0.03194600
v 0.00052500 -0.00193200 0.03327400
v 0.00000000 -0.00193200 0.03191600
v 0.00000000 -0.00193200 0.03325000
v -0.00052500 -0.00193200 0.03327400
v -0.00064700 -0.00193200 0.03194600
v -0.00128900 -0.00193200 0.03203400
v -0.00104600 -0.00193200 0.03334600
v -0.00195700 -0.00193200 0.03219200
v -0.00158900 -0.00193200 0.03347400
v -0.00260800 -0.00193200 0.03241300
v -0.00211700 -0.00193200 0.03365400
v -0.00325800 -0.00193200 0.03271000
v -0.00264500 -0.00193200 0.03389400
v -0.00387600 -0.00193200 0.03307100
v -0.00314600 -0.00193200 0.03418700
v -0.00446600 -0.00193200 0.03350100
v -0.00362600 -0.00193200 0.03453700
v -0.00500900 -0.00193200 0.03399100
v -0.00406600 -0.00193200 0.03493400
v -0.00549800 -0.00193200 0.03453300
v -0.00446300 -0.00193200 0.03537500
v -0.00592900 -0.00193200 0.03512400
v -0.00481300 -0.00193200 0.03585400
v -0.00629000 -0.00193200 0.03574100
v -0.00510600 -0.00193200 0.03635500
v -0.00658700 -0.00193200 0.03639200
v -0.00534600 -0.00193200 0.03688400
v -0.00680800 -0.00193200 0.03704200
v -0.00552600 -0.00193200 0.03741100
v -0.00696600 -0.00193200 0.03771100
v -0.00565400 -0.00193200 0.03795400
v -0.00705400 -0.00193200 0.03835200
v -0.00572600 -0.00193200 0.03847500
v -0.00708400 -0.00193200 0.03900000
v -0.00575000 -0.00193200 0.03900000
v -0.00705400 -0.00193200 0.03964700
v -0.00572600 -0.00193200 0.03952600
v -0.00696600 -0.00193200 0.04028900
v -0.00565400 -0.00193200 0.04004600
v -0.00680800 -0.00193200 0.04095700
v -0.00552600 -0.00193200 0.04058900
v -0.00658700 -0.00193200 0.04160800
v -0.00534600 -0.00193200 0.04111600
v -0.00629000 -0.00193200 0.04225800
v -0.00510500 -0.00193200 0.04164500
v -0.00592900 -0.00193200 0.04287600
v -0.00481300 -0.00193200 0.04214600
v -0.00549900 -0.00193200 0.04346600
v -0.00446300 -0.00193200 0.04262600
v -0.00500900 -0.00193200 0.04400900
v -0.00406600 -0.00193200 0.04306600
v -0.00446700 -0.00193200 0.04449800
v -0.00362500 -0.00193200 0.04346300
v -0.00387600 -0.00193200 0.04492900
v -0.00314600 -0.00193200 0.04381300
v -0.00325900 -0.00193200 0.04529000
v -0.00264500 -0.00193200 0.04410600
v -0.00260800 -0.00193200 0.04558700
v -0.00211700 -0.00193200 0.04434600
v -0.00195800 -0.00193200 0.04580800
v -0.00158900 -0.00193200 0.04452600
v -0.00128900 -0.00193200 0.04596600
v -0.00104600 -0.00193200 0.04465400
v -0.00064700 -0.00193200 0.04605400
v 0.00026100 -0.00193200 0.04174800
v 0.00017400 -0.00193200 0.04083200
v 0.00000000 -0.00193200 0.04176000
v 0.00000000 -0.00193200 0.04084000
v -0.00017400 -0.00193200 0.04083200
v 0.00034500 -0.00193200 0.04080800
v 0.00051700 -0.00193200 0.04171200
v 0.00076900 -0.00193200 0.04165100
v 0.00051300 -0.00193200 0.04076700
v 0.00101600 -0.00193200 0.04156600
v 0.00067700 -0.00193200 0.04071100
v 0.00084900 -0.00193200 0.04063200
v 0.00127400 -0.00193200 0.04144900
v 0.00101100 -0.00193200 0.04053800
v 0.00151500 -0.00193200 0.04130800
v 0.00174100 -0.00193200 0.04114200
v 0.00116100 -0.00193200 0.04042800
v 0.00195200 -0.00193200 0.04095200
v 0.00130100 -0.00193200 0.04030100
v 0.00142800 -0.00193200 0.04016100
v 0.00214200 -0.00193200 0.04074200
v 0.00153800 -0.00193200 0.04001000
v 0.00230700 -0.00193200 0.04051600
v 0.00244900 -0.00193200 0.04027400
v 0.00163300 -0.00193200 0.03984900
v 0.00256600 -0.00193200 0.04001600
v 0.00171100 -0.00193200 0.03967700
v 0.00176700 -0.00193200 0.03951200
v 0.00265100 -0.00193200 0.03976900
v 0.00180800 -0.00193200 0.03934500
v 0.00271200 -0.00193200 0.03951800
v 0.00274800 -0.00193200 0.03926100
v 0.00183200 -0.00193200 0.03917400
v 0.00276000 -0.00193200 0.03900000
v 0.00184000 -0.00193200 0.03900000
v 0.00183200 -0.00193200 0.03882600
v 0.00274800 -0.00193200 0.03873900
v 0.00180800 -0.00193200 0.03865500
v 0.00271200 -0.00193200 0.03848300
v 0.00265100 -0.00193200 0.03823100
v 0.00176700 -0.00193200 0.03848700
v 0.00256600 -0.00193200 0.03798400
v 0.00171100 -0.00193200 0.03832300
v 0.00163200 -0.00193200 0.03815100
v 0.00244900 -0.00193200 0.03772600
v 0.00153800 -0.00193200 0.03798900
v 0.00230800 -0.00193200 0.03748500
v 0.00214200 -0.00193200 0.03725900
v 0.00142800 -0.00193200 0.03783900
v 0.00195200 -0.00193200 0.03704800
v 0.00130100 -0.00193200 0.03769900
v 0.00116100 -0.00193200 0.03757200
v 0.00174200 -0.00193200 0.03685800
v 0.00101000 -0.00193200 0.03746200
v 0.00151600 -0.00193200 0.03669300
v 0.00127400 -0.00193200 0.03655100
v 0.00084900 -0.00193200 0.03736700
v 0.00101600 -0.00193200 0.03643400
v 0.00067700 -0.00193200 0.03728900
v 0.00051200 -0.00193200 0.03723300
v 0.00076900 -0.00193200 0.03634900
v 0.00034500 -0.00193200 0.03719200
v 0.00051700 -0.00193200 0.03628800
v 0.00026100 -0.00193200 0.03625200
v 0.00017400 -0.00193200 0.03716800
v 0.00000000 -0.00193200 0.03624000
v 0.00000000 -0.00193200 0.03716000
v -0.00017400 -0.00193200 0.03716800
v -0.00026100 -0.00193200 0.03625200
v -0.00034500 -0.00193200 0.03719200
v -0.00051700 -0.00193200 0.03628800
v -0.00076900 -0.00193200 0.03634900
v -0.00051300 -0.00193200 0.03723300
v -0.00101600 -0.00193200 0.03643400
v -0.00067700 -0.00193200 0.03728900
v -0.00084900 -0.00193200 0.03736800
v -0.00127400 -0.00193200 0.03655100
v -0.00101100 -0.00193200 0.03746200
v -0.00151500 -0.00193200 0.03669200
v -0.00174100 -0.00193200 0.03685800
v -0.00116100 -0.00193200 0.03757200
v -0.00195200 -0.00193200 0.03704800
v -0.00130100 -0.00193200 0.03769900
v -0.00142800 -0.00193200 0.03783900
v -0.00214200 -0.00193200 0.03725800
v -0.00153800 -0.00193200 0.03799000
v -0.00230700 -0.00193200 0.03748400
v -0.00244900 -0.00193200 0.03772600
v -0.00163300 -0.00193200 0.03815100
v -0.00256600 -0.00193200 0.03798400
v -0.00171100 -0.00193200 0.03832300
v -0.00176700 -0.00193200 0.03848800
v -0.00265100 -0.00193200 0.03823100
v -0.00180800 -0.00193200 0.03865500
v -0.00271200 -0.00193200 0.03848200
v -0.00274800 -0.00193200 0.03873900
v -0.00183200 -0.00193200 0.03882600
v -0.00276000 -0.00193200 0.03900000
v -0.00184000 -0.00193200 0.03900000
v -0.00183200 -0.00193200 0.03917400
v -0.00274800 -0.00193200 0.03926100
v -0.00180800 -0.00193200 0.03934500
v -0.00271200 -0.00193200 0.03951700
v -0.00265100 -0.00193200 0.03976900
v -0.00176700 -0.00193200 0.03951300
v -0.00256600 -0.00193200 0.04001600
v -0.00171100 -0.00193200 0.03967700
v -0.00163200 -0.00193200 0.03984900
v -0.00244900 -0.00193200 0.04027400
v -0.00153800 -0.00193200 0.04001100
v -0.00230800 -0.00193200 0.04051500
v -0.00214200 -0.00193200 0.04074100
v -0.00142800 -0.00193200 0.04016100
v -0.00195200 -0.00193200 0.04095200
v -0.00130100 -0.00193200 0.04030100
v -0.00116100 -0.00193200 0.04042800
v -0.00174200 -0.00193200 0.04114200
v -0.00101000 -0.00193200 0.04053800
v -0.00151600 -0.00193200 0.04130700
v -0.00127400 -0.00193200 0.04144900
v -0.00084900 -0.00193200 0.04063300
v -0.00101600 -0.00193200 0.04156600
v -0.00067700 -0.00193200 0.04071100
v -0.00051200 -0.00193200 0.04076700
v -0.00076900 -0.00193200 0.04165100
v -0.00034500 -0.00193200 0.04080800
v -0.00051700 -0.00193200 0.04171200
v -0.00026100 -0.00193200 0.04174800
v 0.00148800 0.00515200 0.02071200
v 0.00138000 0.00515200 0.02041600
v 0.00161000 0.00515200 0.02041600
v 0.00148800 0.00515200 0.02012000
v 0.00166400 0.00515200 0.02026800
v 0.00176000 0.00515200 0.01996300
v 0.00195500 0.00515200 0.02021700
v 0.00207000 0.00515200 0.02001800
v 0.00205600 0.00515200 0.02033700
v 0.00227200 0.00515200 0.02025900
v 0.00205600 0.00515200 0.02049500
v 0.00227200 0.00515200 0.02057300
v 0.00207000 0.00515200 0.02081400
v 0.00195500 0.00515200 0.02061500
v 0.00176000 0.00515200 0.02086900
v 0.00166400 0.00515200 0.02056400
v 0.00138000 0.00625600 0.02041600
v 0.00148800 0.00625600 0.02012000
v 0.00176000 0.00625600 0.01996300
v 0.00207000 0.00625600 0.02001800
v 0.00227200 0.00625600 0.02025900
v 0.00227200 0.00625600 0.02057300
v 0.00207000 0.00625600 0.02081400
v 0.00176000 0.00625600 0.02086900
v 0.00148800 0.00625600 0.02071200
v 0.00180000 0.00515200 0.02019000
v 0.00180000 0.00515200 0.02064200
v 0.00094400 0.00625600 0.02088600
v 0.00082800 0.00625600 0.02041600
v 0.00094400 0.00625600 0.01994600
v 0.00126500 0.00625600 0.01958300
v 0.00171800 0.00625600 0.01941100
v 0.00219900 0.00625600 0.01947000
v 0.00259700 0.00625600 0.01974500
v 0.00282300 0.00625600 0.02017400
v 0.00282300 0.00625600 0.02065800
v 0.00259700 0.00625600 0.02108700
v 0.00219900 0.00625600 0.02136200
v 0.00171800 0.00625600 0.02142100
v 0.00126500 0.00625600 0.02124900
v 0.00094400 0.00763600 0.01994600
v 0.00082800 0.00763600 0.02041600
v 0.00094400 0.00763600 0.02088600
v 0.00126500 0.00763600 0.02124900
v 0.00171800 0.00763600 0.02142100
v 0.00219900 0.00763600 0.02136200
v 0.00259700 0.00763600 0.02108700
v 0.00282300 0.00763600 0.02065800
v 0.00282300 0.00763600 0.02017400
v 0.00259700 0.00763600 0.01974500
v 0.00219900 0.00763600 0.01947000
v 0.00171800 0.00763600 0.01941100
v 0.00126500 0.00763600 0.01958300
v -0.00350400 0.00763600 0.02259000
v -0.00350400 0.00947600 0.02259000
v -0.00375900 0.00763600 0.02180600
v -0.00375900 0.00947600 0.02180600
v -0.00350400 0.00763600 0.02102200
v -0.00350400 0.00947600 0.02102200
v -0.00283700 0.00763600 0.02053700
v -0.00283700 0.00947600 0.02053700
v -0.00201300 0.00763600 0.02053700
v -0.00201300 0.00947600 0.02053700
v -0.00134600 0.00763600 0.02102200
v -0.00134600 0.00947600 0.02102200
v -0.00109100 0.00763600 0.02180600
v -0.00109100 0.00947600 0.02180600
v -0.00134600 0.00763600 0.02259000
v -0.00134600 0.00947600 0.02259000
v -0.00201300 0.00763600 0.02307500
v -0.00201300 0.00947600 0.02307500
v -0.00283700 0.00763600 0.02307500
v -0.00283700 0.00947600 0.02307500
v -0.00540900 0.00763600 0.02047800
v -0.00569100 0.00763600 0.02180600
v -0.00540900 0.00763600 0.02313400
v -0.00461000 0.00763600 0.02423300
v -0.00343400 0.00763600 0.02491200
v -0.00208400 0.00763600 0.02505400
v -0.00079200 0.00763600 0.02463500
v 0.00021700 0.00763600 0.02372600
v 0.00077000 0.00763600 0.02248500
v 0.00077000 0.00763600 0.02112700
v 0.00021700 0.00763600 0.01988600
v -0.00079200 0.00763600 0.01897800
v -0.00208400 0.00763600 0.01855800
v -0.00343400 0.00763600 0.01870000
v -0.00461000 0.00763600 0.01937900
v -0.00297700 0.00947600 0.02180600
v -0.00284800 0.00947600 0.02216100
v -0.00252100 0.00947600 0.02235000
v -0.00214900 0.00947600 0.02228400
v -0.00190600 0.00947600 0.02199500
v -0.00190600 0.00947600 0.02161700
v -0.00214900 0.00947600 0.02132800
v -0.00252100 0.00947600 0.02126200
v -0.00284800 0.00947600 0.02145100
v -0.00540900 0.00671600 0.02313400
v -0.00569100 0.00671600 0.02180600
v -0.00540900 0.00671600 0.02047800
v -0.00461000 0.00671600 0.01937900
v -0.00343400 0.00671600 0.01870000
v -0.00208400 0.00671600 0.01855800
v -0.00079200 0.00671600 0.01897800
v 0.00021700 0.00671600 0.01988600
v 0.00077000 0.00671600 0.02112700
v 0.00077000 0.00671600 0.02248500
v 0.00021700 0.00671600 0.02372600
v -0.00079200 0.00671600 0.02463500
v -0.00208400 0.00671600 0.02505400
v -0.00343400 0.00671600 0.02491200
v -0.00461000 0.00671600 0.02423300
v -0.00284800 0.00671600 0.02145100
v -0.00297700 0.00671600 0.02180600
v -0.00284800 0.00671600 0.02216100
v -0.00252100 0.00671600 0.02235000
v -0.00214900 0.00671600 0.02228400
v -0.00190600 0.00671600 0.02199500
v -0.00190600 0.00671600 0.02161700
v -0.00214900 0.00671600 0.02132800
v -0.00252100 0.00671600 0.02126200
v -0.00455500 0.00331200 0.02920500
v -0.00500700 -0.00174800 0.03044700
v -0.00500700 0.00331200 0.03044700
v -0.00455500 -0.00174800 0.03168900
v -0.00455500 0.00331200 0.03168900
v -0.00341000 -0.00174800 0.03234900
v -0.00341000 0.00331200 0.03234900
v -0.00210900 -0.00174800 0.03212000
v -0.00210900 0.00331200 0.03212000
v -0.00125900 -0.00174800 0.03110800
v -0.00125900 0.00331200 0.03110800
v -0.00125900 -0.00174800 0.02978600
v -0.00125900 0.00331200 0.02978600
v -0.00210900 -0.00174800 0.02877400
v -0.00210900 0.00331200 0.02877400
v -0.00341000 -0.00174800 0.02854400
v -0.00341000 0.00331200 0.02854400
v -0.00455500 -0.00174800 0.02920500
v -0.00721900 0.00331200 0.03244300
v -0.00767500 0.00331200 0.03044700
v -0.00721900 0.00331200 0.02845100
v -0.00594300 0.00331200 0.02685000
v -0.00409800 0.00331200 0.02596200
v -0.00205100 0.00331200 0.02596200
v -0.00020700 0.00331200 0.02685000
v 0.00107000 0.00331200 0.02845100
v 0.00152500 0.00331200 0.03044700
v 0.00107000 0.00331200 0.03244300
v -0.00020700 0.00331200 0.03404300
v -0.00205100 0.00331200 0.03493100
v -0.00409800 0.00331200 0.03493100
v -0.00594300 0.00331200 0.03404300
v -0.00377900 -0.00174800 0.02985500
v -0.00323400 -0.00174800 0.02954100
v -0.00221000 -0.00174800 0.03013200
v -0.00221000 -0.00174800 0.03076100
v -0.00323400 -0.00174800 0.03135300
v -0.00377900 -0.00174800 0.03103800
v -0.00721900 0.00653200 0.02845100
v -0.00767500 0.00653200 0.03044700
v -0.00721900 0.00653200 0.03244300
v -0.00594300 0.00653200 0.03404300
v -0.00409800 0.00653200 0.03493100
v -0.00205100 0.00653200 0.03493100
v -0.00020700 0.00653200 0.03404300
v 0.00107000 0.00653200 0.03244300
v 0.00152500 0.00653200 0.03044700
v 0.00107000 0.00653200 0.02845100
v -0.00020700 0.00653200 0.02685000
v -0.00205100 0.00653200 0.02596200
v -0.00409800 0.00653200 0.02596200
v -0.00594300 0.00653200 0.02685000
v -0.00377900 0.00653200 0.03103800
v -0.00399500 0.00653200 0.03044700
v -0.00377900 0.00653200 0.02985500
v -0.00323400 0.00653200 0.02954100
v -0.00261500 0.00653200 0.02965000
v -0.00221000 0.00653200 0.03013200
v -0.00221000 0.00653200 0.03076100
v -0.00261500 0.00653200 0.03124400
v -0.00323400 0.00653200 0.03135300
v 0.00185900 0.00680800 0.02864000
v 0.00149300 0.00312800 0.02964500
v 0.00149300 0.00680800 0.02964500
v 0.00185900 0.00312800 0.03065100
v 0.00185900 0.00680800 0.03065100
v 0.00278600 0.00312800 0.03118600
v 0.00278600 0.00680800 0.03118600
v 0.00383900 0.00312800 0.03100000
v 0.00383900 0.00680800 0.03100000
v 0.00452700 0.00312800 0.03018000
v 0.00452700 0.00680800 0.03018000
v 0.00452700 0.00312800 0.02911000
v 0.00452700 0.00680800 0.02911000
v 0.00383900 0.00312800 0.02829100
v 0.00383900 0.00680800 0.02829100
v 0.00278600 0.00312800 0.02810500
v 0.00278600 0.00680800 0.02810500
v 0.00185900 0.00312800 0.02864000
v -0.00064100 0.00680800 0.03129200
v -0.00099100 0.00680800 0.02964500
v -0.00064100 0.00680800 0.02799900
v 0.00034900 0.00680800 0.02663700
v 0.00180600 0.00680800 0.02579600
v 0.00348000 0.00680800 0.02562000
v 0.00508100 0.00680800 0.02614000
v 0.00633200 0.00680800 0.02726600
v 0.00701700 0.00680800 0.02880400
v 0.00701700 0.00680800 0.03048700
v 0.00633200 0.00680800 0.03202500
v 0.00508100 0.00680800 0.03315100
v 0.00348000 0.00680800 0.03367100
v 0.00180600 0.00680800 0.03349500
v 0.00034900 0.00680800 0.03265400
v 0.00239000 0.00312800 0.02964500
v 0.00254600 0.00312800 0.02921700
v 0.00294100 0.00312800 0.02898900
v 0.00339100 0.00312800 0.02906800
v 0.00368400 0.00312800 0.02941700
v 0.00368400 0.00312800 0.02987400
v 0.00339100 0.00312800 0.03022300
v 0.00294100 0.00312800 0.03030200
v 0.00254600 0.00312800 0.03007400
v -0.00064100 0.00809600 0.02799900
v -0.00099100 0.00809600 0.02964500
v -0.00064100 0.00809600 0.03129200
v 0.00034900 0.00809600 0.03265400
v 0.00180600 0.00809600 0.03349500
v 0.00348000 0.00809600 0.03367100
v 0.00508100 0.00809600 0.03315100
v 0.00633200 0.00809600 0.03202500
v 0.00701700 0.00809600 0.03048700
v 0.00701700 0.00809600 0.02880400
v 0.00633200 0.00809600 0.02726600
v 0.00508100 0.00809600 0.02614000
v 0.00348000 0.00809600 0.02562000
v 0.00180600 0.00809600 0.02579600
v 0.00034900 0.00809600 0.02663700
v 0.00254600 0.00809600 0.03007400
v 0.00239000 0.00809600 0.02964500
v 0.00254600 0.00809600 0.02921700
v 0.00294100 0.00809600 0.02898900
v 0.00339100 0.00809600 0.02906800
v 0.00368400 0.00809600 0.02941700
v 0.00368400 0.00809600 0.02987400
v 0.00339100 0.00809600 0.03022300
v 0.00294100 0.00809600 0.03030200
v -0.00089300 0.00809600 0.02788700
v -0.00126700 0.00680800 0.02964500
v -0.00126700 0.00809600 0.02964500
v -0.00089300 0.00680800 0.03140400
v -0.00089300 0.00809600 0.03140400
v 0.00016400 0.00680800 0.03285900
v 0.00016400 0.00809600 0.03285900
v 0.00172100 0.00680800 0.03375800
v 0.00172100 0.00809600 0.03375800
v 0.00350900 0.00680800 0.03394600
v 0.00350900 0.00809600 0.03394600
v 0.00521900 0.00680800 0.03339000
v 0.00521900 0.00809600 0.03339000
v 0.00655500 0.00680800 0.03218700
v 0.00655500 0.00809600 0.03218700
v 0.00728700 0.00680800 0.03054400
v 0.00728700 0.00809600 0.03054400
v 0.00728700 0.00680800 0.02874600
v 0.00728700 0.00809600 0.02874600
v 0.00655500 0.00680800 0.02710400
v 0.00655500 0.00809600 0.02710400
v 0.00521900 0.00680800 0.02590100
v 0.00521900 0.00809600 0.02590100
v 0.00350900 0.00680800 0.02534500
v 0.00350900 0.00809600 0.02534500
v 0.00172100 0.00680800 0.02553300
v 0.00172100 0.00809600 0.02553300
v 0.00016400 0.00680800 0.02643200
v 0.00016400 0.00809600 0.02643200
v -0.00089300 0.00680800 0.02788700
v -0.00017000 0.00929200 0.02241200
v -0.00053000 0.00929200 0.02398900
v 0.00255200 0.00929200 0.02398900
v -0.00017000 0.00929200 0.02556600
v 0.00268100 0.00929200 0.02434400
v 0.00083800 0.00929200 0.02683000
v 0.00300800 0.00929200 0.02453300
v 0.00229500 0.00929200 0.02753200
v 0.00391300 0.00929200 0.02753200
v 0.00338000 0.00929200 0.02446700
v 0.00537000 0.00929200 0.02683000
v 0.00362300 0.00929200 0.02417800
v 0.00637800 0.00929200 0.02556600
v 0.00673800 0.00929200 0.02398900
v 0.00362300 0.00929200 0.02380000
v 0.00637800 0.00929200 0.02241200
v 0.00537000 0.00929200 0.02114800
v 0.00338000 0.00929200 0.02351100
v 0.00391300 0.00929200 0.02044600
v 0.00300800 0.00929200 0.02344600
v 0.00229500 0.00929200 0.02044600
v 0.00083800 0.00929200 0.02114800
v 0.00268100 0.00929200 0.02363400
v -0.00053000 0.00947600 0.02398900
v -0.00017000 0.00947600 0.02556600
v 0.00083800 0.00947600 0.02683000
v 0.00229500 0.00947600 0.02753200
v 0.00391300 0.00947600 0.02753200
v 0.00537000 0.00947600 0.02683000
v 0.00637800 0.00947600 0.02556600
v 0.00673800 0.00947600 0.02398900
v 0.00637800 0.00947600 0.02241200
v 0.00537000 0.00947600 0.02114800
v -0.00017000 0.00947600 0.02241200
v 0.00083800 0.00947600 0.02114800
v 0.00229500 0.00947600 0.02044600
v 0.00391300 0.00947600 0.02044600
v 0.00268100 0.00657800 0.02363400
v 0.00255200 0.00657800 0.02398900
v 0.00268100 0.00657800 0.02434400
v 0.00300800 0.00657800 0.02453300
v 0.00338000 0.00657800 0.02446700
v 0.00362300 0.00657800 0.02417800
v 0.00362300 0.00657800 0.02380000
v 0.00338000 0.00657800 0.02351100
v 0.00300800 0.00657800 0.02344600
v -0.00105600 0.00947600 0.02213700
v -0.00145000 0.00947600 0.02398900
v -0.00105600 0.00947600 0.02584200
v 0.00005700 0.00947600 0.02737400
v 0.00169700 0.00947600 0.02832000
v 0.00358000 0.00947600 0.02851800
v 0.00538100 0.00947600 0.02793300
v 0.00678800 0.00947600 0.02666600
v 0.00755900 0.00947600 0.02493600
v 0.00755900 0.00947600 0.02304200
v 0.00678800 0.00947600 0.02131200
v 0.00538100 0.00947600 0.02004500
v 0.00358000 0.00947600 0.01946000
v 0.00169700 0.00947600 0.01965800
v 0.00005700 0.00947600 0.02060500
v 0.00190600 0.00657800 0.02499500
v 0.00154000 0.00657800 0.02398900
v 0.00190600 0.00657800 0.02298400
v 0.00283200 0.00657800 0.02244900
v 0.00388600 0.00657800 0.02263500
v 0.00457400 0.00657800 0.02345400
v 0.00457400 0.00657800 0.02452400
v 0.00388600 0.00657800 0.02534400
v 0.00283200 0.00657800 0.02553000
v -0.00145000 0.00837200 0.02398900
v -0.00105600 0.00837200 0.02584200
v 0.00005700 0.00837200 0.02737400
v 0.00169700 0.00837200 0.02832000
v 0.00358000 0.00837200 0.02851800
v 0.00538100 0.00837200 0.02793300
v 0.00678800 0.00837200 0.02666600
v 0.00755900 0.00837200 0.02493600
v 0.00755900 0.00837200 0.02304200
v 0.00678800 0.00837200 0.02131200
v 0.00538100 0.00837200 0.02004500
v 0.00358000 0.00837200 0.01946000
v 0.00169700 0.00837200 0.01965800
v 0.00005700 0.00837200 0.02060500
v -0.00105600 0.00837200 0.02213700
v 0.00154000 0.00837200 0.02398900
v 0.00190600 0.00837200 0.02298400
v 0.00283200 0.00837200 0.02244900
v 0.00388600 0.00837200 0.02263500
v 0.00457400 0.00837200 0.02345400
v 0.00457400 0.00837200 0.02452400
v 0.00388600 0.00837200 0.02534400
v 0.00283200 0.00837200 0.02553000
v 0.00190600 0.00837200 0.02499500
v -0.00126600 0.00947600 0.02204400
v -0.00168000 0.00837200 0.02398900
v -0.00168000 0.00947600 0.02398900
v -0.00126600 0.00837200 0.02593500
v -0.00126600 0.00947600 0.02593500
v -0.00009700 0.00837200 0.02754400
v -0.00009700 0.00947600 0.02754400
v 0.00162600 0.00837200 0.02853900
v 0.00162600 0.00947600 0.02853900
v 0.00360400 0.00837200 0.02874700
v 0.00360400 0.00947600 0.02874700
v 0.00549600 0.00837200 0.02813200
v 0.00549600 0.00947600 0.02813200
v 0.00697400 0.00837200 0.02680100
v 0.00697400 0.00947600 0.02680100
v 0.00778400 0.00837200 0.02498400
v 0.00778400 0.00947600 0.02498400
v 0.00778400 0.00837200 0.02299500
v 0.00778400 0.00947600 0.02299500
v 0.00697400 0.00837200 0.02117700
v 0.00697400 0.00947600 0.02117700
v 0.00549600 0.00837200 0.01984600
v 0.00549600 0.00947600 0.01984600
v 0.00360400 0.00837200 0.01923200
v 0.00360400 0.00947600 0.01923200
v 0.00162600 0.00837200 0.01943900
v 0.00162600 0.00947600 0.01943900
v -0.00009700 0.00837200 0.02043400
v -0.00009700 0.00947600 0.02043400
v -0.00126600 0.00837200 0.02204400
v -0.00837200 -0.00765000 0.02718400
v -0.00837200 -0.00753800 0.02665500
v -0.00837200 -0.00765000 0.02650000
v -0.00837200 -0.00781600 0.02728000
v -0.00837200 -0.00781600 0.02640500
v -0.00837200 -0.00800600 0.02730000
v -0.00837200 -0.00800600 0.02638500
v -0.00837200 -0.00818800 0.02644400
v -0.00837200 -0.00818800 0.02724100
v -0.00837200 -0.00833000 0.02657200
v -0.00837200 -0.00833000 0.02711300
v -0.00782000 -0.00753800 0.02665500
v -0.00782000 -0.00765000 0.02718400
v -0.00782000 -0.00765000 0.02650000
v -0.00782000 -0.00781600 0.02728000
v -0.00782000 -0.00781600 0.02640500
v -0.00782000 -0.00800600 0.02730000
v -0.00782000 -0.00800600 0.02638500
v -0.00782000 -0.00818800 0.02644400
v -0.00782000 -0.00818800 0.02724100
v -0.00782000 -0.00833000 0.02657200
v -0.00782000 -0.00833000 0.02711300
v -0.00837200 -0.00753800 0.02702900
v -0.00782000 -0.00749800 0.02684200
v -0.00837200 -0.00749800 0.02684200
v -0.00782000 -0.00840800 0.02674700
v -0.00837200 -0.00840800 0.02674700
v -0.00782000 -0.00840800 0.02693800
v -0.00837200 -0.00840800 0.02693800
v -0.00782000 -0.00753800 0.02702900
v -0.00837200 -0.00765000 0.03536300
v -0.00837200 -0.00753800 0.03483400
v -0.00837200 -0.00765000 0.03467900
v -0.00837200 -0.00781600 0.03545800
v -0.00837200 -0.00781600 0.03458400
v -0.00837200 -0.00800600 0.03547800
v -0.00837200 -0.00800600 0.03456400
v -0.00837200 -0.00818800 0.03541900
v -0.00837200 -0.00818800 0.03462300
v -0.00837200 -0.00833000 0.03529100
v -0.00837200 -0.00833000 0.03475100
v -0.00782000 -0.00753800 0.03483400
v -0.00782000 -0.00765000 0.03536300
v -0.00782000 -0.00765000 0.03467900
v -0.00782000 -0.00781600 0.03545800
v -0.00782000 -0.00781600 0.03458400
v -0.00782000 -0.00800600 0.03547800
v -0.00782000 -0.00800600 0.03456400
v -0.00782000 -0.00818800 0.03541900
v -0.00782000 -0.00818800 0.03462300
v -0.00782000 -0.00833000 0.03529100
v -0.00782000 -0.00833000 0.03475100
v -0.00837200 -0.00753800 0.03520800
v -0.00782000 -0.00749800 0.03502100
v -0.00837200 -0.00749800 0.03502100
v -0.00782000 -0.00840800 0.03492500
v -0.00837200 -0.00840800 0.03492500
v -0.00782000 -0.00840800 0.03511700
v -0.00837200 -0.00840800 0.03511700
v -0.00782000 -0.00753800 0.03520800
v -0.00312800 -0.00616400 0.03283600
v -0.00147200 -0.00616400 0.03283600
v -0.00312800 -0.00616400 0.03099600
v -0.00147200 -0.00616400 0.03099600
v 0.00082800 -0.00611800 0.03099600
v -0.00082800 -0.00611800 0.03099600
v 0.00082800 -0.00616400 0.03283600
v -0.00082800 -0.00616400 0.03283600
v 0.00082800 -0.00616400 0.04378400
v -0.00082800 -0.00616400 0.04378400
v 0.00082800 -0.00611800 0.04562400
v -0.00082800 -0.00611800 0.04562400
v 0.00312800 -0.00611800 0.03099600
v 0.00147200 -0.00616400 0.03099600
v 0.00312800 -0.00616400 0.03283600
v 0.00147200 -0.00616400 0.03283600
v -0.00082800 -0.00616400 0.03099600
v 0.00082800 -0.00616400 0.03099600
v -0.00082800 -0.00616400 0.04562400
v 0.00082800 -0.00616400 0.04562400
v 0.00312800 -0.00616400 0.03099600
v 0.00451000 -0.00616400 0.04360000
v 0.00414000 -0.00616400 0.04498000
v 0.00414000 -0.00616400 0.04571600
v -0.00414000 -0.00616400 0.04571600
v -0.00414000 -0.00616400 0.04498000
v -0.00451000 -0.00616400 0.04360000
v -0.00117300 -0.00616400 0.04103200
v -0.00220500 -0.00616400 0.03980200
v 0.00552000 -0.00616400 0.04259000
v 0.00234600 -0.00616400 0.03900000
v 0.00179700 -0.00616400 0.04050800
v 0.00040700 -0.00616400 0.04131000
v 0.00690000 -0.00616400 0.04222000
v 0.00433300 -0.00616400 0.03429500
v 0.00400600 -0.00616400 0.03448400
v 0.00363400 -0.00616400 0.03441800
v 0.00179700 -0.00616400 0.03749200
v 0.00339100 -0.00616400 0.03412900
v 0.00339100 -0.00616400 0.03375100
v 0.00363400 -0.00616400 0.03346200
v 0.00400600 -0.00616400 0.03339600
v 0.00763600 -0.00616400 0.04222000
v 0.00446200 -0.00616400 0.03394000
v 0.00763600 -0.00616400 0.02598200
v 0.00433300 -0.00616400 0.03358500
v 0.00550200 -0.00616400 0.02598200
v 0.00214800 -0.00616400 0.02707900
v 0.00040700 -0.00616400 0.03669000
v -0.00117300 -0.00616400 0.03696800
v -0.00335800 -0.00616400 0.03394000
v -0.00348700 -0.00616400 0.03358500
v -0.00381400 -0.00616400 0.03339600
v -0.00418600 -0.00616400 0.03346200
v -0.00533600 -0.00616400 0.03151600
v -0.00533600 -0.00616400 0.03268400
v -0.00542200 -0.00616400 0.03175200
v -0.00542200 -0.00616400 0.03244800
v -0.00564000 -0.00616400 0.03187800
v -0.00564000 -0.00616400 0.03232200
v -0.00588800 -0.00616400 0.03183400
v -0.00588800 -0.00616400 0.03236600
v -0.00605000 -0.00616400 0.03164200
v -0.00605000 -0.00616400 0.03255800
v -0.00763600 -0.00616400 0.04222000
v -0.00605000 -0.00616400 0.03281000
v -0.00605000 -0.00616400 0.03372700
v -0.00588800 -0.00616400 0.03353400
v -0.00129200 -0.00616400 0.02629900
v -0.00384400 -0.00616400 0.02386300
v -0.00533600 -0.00616400 0.02684200
v -0.00533600 -0.00616400 0.02801100
v -0.00533600 -0.00616400 0.02917900
v -0.00533600 -0.00616400 0.03034700
v -0.00542200 -0.00616400 0.02941600
v -0.00542200 -0.00616400 0.03011100
v -0.00564000 -0.00616400 0.02954100
v -0.00564000 -0.00616400 0.02998500
v -0.00588800 -0.00616400 0.02949800
v -0.00588800 -0.00616400 0.03002900
v -0.00605000 -0.00616400 0.02930500
v -0.00605000 -0.00616400 0.03022200
v -0.00763600 -0.00616400 0.01811600
v -0.00478400 -0.00616400 0.02046200
v -0.00564000 -0.00616400 0.02648000
v -0.00542200 -0.00616400 0.02660600
v -0.00478400 -0.00616400 0.01811600
v -0.00588800 -0.00616400 0.02652400
v -0.00690000 -0.00616400 0.04222000
v -0.00588800 -0.00616400 0.03534000
v -0.00605000 -0.00616400 0.03514700
v -0.00605000 -0.00616400 0.03489500
v -0.00564000 -0.00616400 0.03538300
v -0.00552000 -0.00616400 0.04259000
v -0.00220500 -0.00616400 0.03819800
v -0.00542200 -0.00616400 0.02777400
v -0.00542200 -0.00616400 0.02707900
v -0.00564000 -0.00616400 0.02720500
v -0.00564000 -0.00616400 0.02764800
v -0.00588800 -0.00616400 0.02716100
v -0.00588800 -0.00616400 0.02769200
v -0.00605000 -0.00616400 0.02696800
v -0.00605000 -0.00616400 0.02788500
v -0.00605000 -0.00616400 0.02813600
v -0.00605000 -0.00616400 0.02905300
v -0.00588800 -0.00616400 0.02886000
v -0.00605000 -0.00616400 0.02671600
v -0.00542200 -0.00616400 0.02824700
v -0.00542200 -0.00616400 0.02894200
v -0.00564000 -0.00616400 0.02837300
v -0.00564000 -0.00616400 0.02881700
v -0.00588800 -0.00616400 0.02832900
v -0.00542200 -0.00616400 0.03058400
v -0.00542200 -0.00616400 0.03127900
v -0.00564000 -0.00616400 0.03071000
v -0.00564000 -0.00616400 0.03115300
v -0.00588800 -0.00616400 0.03066600
v -0.00588800 -0.00616400 0.03119700
v -0.00605000 -0.00616400 0.03047300
v -0.00605000 -0.00616400 0.03139000
v -0.00442900 -0.00616400 0.03375100
v -0.00542200 -0.00616400 0.03292100
v -0.00542200 -0.00616400 0.03361600
v -0.00564000 -0.00616400 0.03304700
v -0.00564000 -0.00616400 0.03349000
v -0.00588800 -0.00616400 0.03300300
v -0.00542200 -0.00616400 0.03408900
v -0.00442900 -0.00616400 0.03412900
v -0.00533600 -0.00616400 0.03385300
v -0.00564000 -0.00616400 0.03421500
v -0.00564000 -0.00616400 0.03465900
v -0.00542200 -0.00616400 0.03478400
v -0.00533600 -0.00616400 0.03502100
v -0.00418600 -0.00616400 0.03441800
v -0.00542200 -0.00616400 0.03525800
v -0.00381400 -0.00616400 0.03448400
v -0.00348700 -0.00616400 0.03429500
v -0.00588800 -0.00616400 0.03417100
v -0.00588800 -0.00616400 0.03470200
v -0.00605000 -0.00616400 0.03397800
v -0.00478400 -0.00708400 0.01811600
v -0.00478400 -0.00708400 0.02046200
v -0.00763600 -0.00708400 0.01811600
v -0.00763600 -0.00708400 0.04222000
v -0.00690000 -0.00708400 0.04222000
v -0.00552000 -0.00708400 0.04259000
v -0.00451000 -0.00708400 0.04360000
v -0.00414000 -0.00708400 0.04498000
v -0.00414000 -0.00708400 0.04571600
v 0.00414000 -0.00708400 0.04571600
v 0.00414000 -0.00708400 0.04498000
v 0.00451000 -0.00708400 0.04360000
v 0.00552000 -0.00708400 0.04259000
v 0.00690000 -0.00708400 0.04222000
v 0.00763600 -0.00708400 0.04222000
v 0.00763600 -0.00708400 0.02598200
v 0.00550200 -0.00708400 0.02598200
v -0.00384400 -0.00708400 0.02386300
v -0.00129200 -0.00708400 0.02629900
v 0.00214800 -0.00708400 0.02707900
v 0.00179700 -0.00708400 0.04050800
v 0.00234600 -0.00708400 0.03900000
v 0.00179700 -0.00708400 0.03749200
v 0.00040700 -0.00708400 0.03669000
v -0.00117300 -0.00708400 0.03696800
v -0.00220500 -0.00708400 0.03819800
v -0.00220500 -0.00708400 0.03980200
v -0.00117300 -0.00708400 0.04103200
v 0.00040700 -0.00708400 0.04131000
v 0.00433300 -0.00708400 0.03429500
v 0.00446200 -0.00708400 0.03394000
v 0.00433300 -0.00708400 0.03358500
v 0.00400600 -0.00708400 0.03339600
v 0.00363400 -0.00708400 0.03346200
v 0.00339100 -0.00708400 0.03375100
v 0.00339100 -0.00708400 0.03412900
v 0.00363400 -0.00708400 0.03441800
v 0.00400600 -0.00708400 0.03448400
v -0.00348700 -0.00708400 0.03429500
v -0.00335800 -0.00708400 0.03394000
v -0.00348700 -0.00708400 0.03358500
v -0.00381400 -0.00708400 0.03339600
v -0.00418600 -0.00708400 0.03346200
v -0.00442900 -0.00708400 0.03375100
v -0.00442900 -0.00708400 0.03412900
v -0.00418600 -0.00708400 0.03441800
v -0.00381400 -0.00708400 0.03448400
v -0.00542200 -0.00708400 0.03525800
v -0.00533600 -0.00708400 0.03502100
v -0.00542200 -0.00708400 0.03478400
v -0.00564000 -0.00708400 0.03465900
v -0.00588800 -0.00708400 0.03470200
v -0.00605000 -0.00708400 0.03489500
v -0.00605000 -0.00708400 0.03514700
v -0.00588800 -0.00708400 0.03534000
v -0.00564000 -0.00708400 0.03538300
v -0.00542200 -0.00708400 0.03408900
v -0.00533600 -0.00708400 0.03385300
v -0.00542200 -0.00708400 0.03361600
v -0.00564000 -0.00708400 0.03349000
v -0.00588800 -0.00708400 0.03353400
v -0.00605000 -0.00708400 0.03372700
v -0.00605000 -0.00708400 0.03397800
v -0.00588800 -0.00708400 0.03417100
v -0.00564000 -0.00708400 0.03421500
v -0.00542200 -0.00708400 0.03292100
v -0.00533600 -0.00708400 0.03268400
v -0.00542200 -0.00708400 0.03244800
v -0.00564000 -0.00708400 0.03232200
v -0.00588800 -0.00708400 0.03236600
v -0.00605000 -0.00708400 0.03255800
v -0.00605000 -0.00708400 0.03281000
v -0.00588800 -0.00708400 0.03300300
v -0.00564000 -0.00708400 0.03304700
v -0.00542200 -0.00708400 0.03175200
v -0.00533600 -0.00708400 0.03151600
v -0.00542200 -0.00708400 0.03127900
v -0.00564000 -0.00708400 0.03115300
v -0.00588800 -0.00708400 0.03119700
v -0.00605000 -0.00708400 0.03139000
v -0.00605000 -0.00708400 0.03164200
v -0.00588800 -0.00708400 0.03183400
v -0.00564000 -0.00708400 0.03187800
v -0.00542200 -0.00708400 0.03058400
v -0.00533600 -0.00708400 0.03034700
v -0.00542200 -0.00708400 0.03011100
v -0.00564000 -0.00708400 0.02998500
v -0.00588800 -0.00708400 0.03002900
v -0.00605000 -0.00708400 0.03022200
v -0.00605000 -0.00708400 0.03047300
v -0.00588800 -0.00708400 0.03066600
v -0.00564000 -0.00708400 0.03071000
v -0.00542200 -0.00708400 0.02941600
v -0.00533600 -0.00708400 0.02917900
v -0.00542200 -0.00708400 0.02894200
v -0.00564000 -0.00708400 0.02881700
v -0.00588800 -0.00708400 0.02886000
v -0.00605000 -0.00708400 0.02905300
v -0.00605000 -0.00708400 0.02930500
v -0.00588800 -0.00708400 0.02949800
v -0.00564000 -0.00708400 0.02954100
v -0.00542200 -0.00708400 0.02824700
v -0.00533600 -0.00708400 0.02801100
v -0.00542200 -0.00708400 0.02777400
v -0.00564000 -0.00708400 0.02764800
v -0.00588800 -0.00708400 0.02769200
v -0.00605000 -0.00708400 0.02788500
v -0.00605000 -0.00708400 0.02813600
v -0.00588800 -0.00708400 0.02832900
v -0.00564000 -0.00708400 0.02837300
v -0.00542200 -0.00708400 0.02707900
v -0.00533600 -0.00708400 0.02684200
v -0.00542200 -0.00708400 0.02660600
v -0.00564000 -0.00708400 0.02648000
v -0.00588800 -0.00708400 0.02652400
v -0.00605000 -0.00708400 0.02671600
v -0.00605000 -0.00708400 0.02696800
v -0.00588800 -0.00708400 0.02716100
v -0.00564000 -0.00708400 0.02720500
v 0.00349600 -0.00616400 0.03374000
v 0.00349600 -0.00708400 0.03374000
v 0.00345000 -0.00616400 0.03394000
v 0.00345000 -0.00708400 0.03394000
v 0.00349600 -0.00616400 0.03414000
v 0.00349600 -0.00708400 0.03414000
v 0.00362300 -0.00616400 0.03430000
v 0.00362300 -0.00708400 0.03430000
v 0.00380800 -0.00616400 0.03438800
v 0.00380800 -0.00708400 0.03438800
v 0.00401200 -0.00616400 0.03438800
v 0.00401200 -0.00708400 0.03438800
v 0.00419700 -0.00616400 0.03430000
v 0.00419700 -0.00708400 0.03430000
v 0.00432400 -0.00616400 0.03414000
v 0.00432400 -0.00708400 0.03414000
v 0.00437000 -0.00616400 0.03394000
v 0.00437000 -0.00708400 0.03394000
v 0.00432400 -0.00616400 0.03374000
v 0.00432400 -0.00708400 0.03374000
v 0.00419700 -0.00616400 0.03358000
v 0.00419700 -0.00708400 0.03358000
v 0.00401200 -0.00616400 0.03349200
v 0.00401200 -0.00708400 0.03349200
v 0.00380800 -0.00616400 0.03349200
v 0.00380800 -0.00708400 0.03349200
v 0.00362300 -0.00616400 0.03358000
v 0.00362300 -0.00708400 0.03358000
v -0.00432400 -0.00616400 0.03374000
v -0.00432400 -0.00708400 0.03374000
v -0.00437000 -0.00616400 0.03394000
v -0.00437000 -0.00708400 0.03394000
v -0.00432400 -0.00616400 0.03414000
v -0.00432400 -0.00708400 0.03414000
v -0.00419700 -0.00616400 0.03430000
v -0.00419700 -0.00708400 0.03430000
v -0.00401200 -0.00616400 0.03438800
v -0.00401200 -0.00708400 0.03438800
v -0.00380800 -0.00616400 0.03438800
v -0.00380800 -0.00708400 0.03438800
v -0.00362300 -0.00616400 0.03430000
v -0.00362300 -0.00708400 0.03430000
v -0.00349600 -0.00616400 0.03414000
v -0.00349600 -0.00708400 0.03414000
v -0.00345000 -0.00616400 0.03394000
v -0.00345000 -0.00708400 0.03394000
v -0.00349600 -0.00616400 0.03374000
v -0.00349600 -0.00708400 0.03374000
v -0.00362300 -0.00616400 0.03358000
v -0.00362300 -0.00708400 0.03358000
v -0.00380800 -0.00616400 0.03349200
v -0.00380800 -0.00708400 0.03349200
v -0.00401200 -0.00616400 0.03349200
v -0.00401200 -0.00708400 0.03349200
v -0.00419700 -0.00616400 0.03358000
v -0.00419700 -0.00708400 0.03358000
v 0.00150200 -0.00791200 0.02797600
v -0.00157700 -0.00791200 0.03107700
v 0.00150200 -0.00791200 0.03165600
v -0.00153400 -0.00791200 0.03119600
v -0.00157700 -0.00791200 0.03131400
v -0.00217800 -0.00791200 0.02797600
v -0.00168600 -0.00791200 0.03101400
v -0.00181000 -0.00791200 0.03103600
v -0.00189100 -0.00791200 0.03113300
v -0.00217800 -0.00791200 0.03165600
v -0.00189100 -0.00791200 0.03125900
v -0.00181000 -0.00791200 0.03135500
v -0.00168600 -0.00791200 0.03137700
v 0.00044400 -0.00726800 0.02797600
v 0.00067400 -0.00726800 0.02797600
v 0.00150200 -0.00713000 0.02797600
v 0.00067400 -0.00713000 0.02797600
v 0.00007600 -0.00726800 0.02797600
v -0.00015400 -0.00726800 0.02797600
v -0.00052200 -0.00726800 0.02797600
v -0.00075200 -0.00726800 0.02797600
v -0.00112000 -0.00726800 0.02797600
v -0.00135000 -0.00726800 0.02797600
v -0.00217800 -0.00713000 0.02797600
v -0.00135000 -0.00713000 0.02797600
v 0.00150200 -0.00726800 0.03059800
v 0.00150200 -0.00726800 0.03082800
v 0.00150200 -0.00713000 0.03165600
v 0.00150200 -0.00713000 0.03082800
v 0.00150200 -0.00726800 0.03023000
v 0.00150200 -0.00726800 0.03000000
v 0.00150200 -0.00726800 0.02963200
v 0.00150200 -0.00726800 0.02940200
v 0.00150200 -0.00726800 0.02903400
v 0.00150200 -0.00726800 0.02880400
v 0.00150200 -0.00713000 0.02880400
v -0.00135000 -0.00713000 0.03165600
v -0.00135000 -0.00726800 0.03165600
v -0.00217800 -0.00713000 0.03165600
v -0.00112000 -0.00726800 0.03165600
v -0.00075200 -0.00726800 0.03165600
v -0.00052200 -0.00726800 0.03165600
v -0.00015400 -0.00726800 0.03165600
v 0.00007600 -0.00726800 0.03165600
v 0.00044400 -0.00726800 0.03165600
v 0.00067400 -0.00726800 0.03165600
v 0.00067400 -0.00713000 0.03165600
v -0.00217800 -0.00726800 0.02903400
v -0.00217800 -0.00726800 0.02880400
v -0.00217800 -0.00713000 0.02880400
v -0.00217800 -0.00726800 0.02940200
v -0.00217800 -0.00726800 0.02963200
v -0.00217800 -0.00726800 0.03000000
v -0.00217800 -0.00726800 0.03023000
v -0.00217800 -0.00726800 0.03059800
v -0.00217800 -0.00726800 0.03082800
v -0.00217800 -0.00713000 0.03082800
v -0.00036800 -0.00593400 0.03141000
v 0.00036800 -0.00593400 0.03141000
v -0.00036800 -0.00593400 0.03279000
v 0.00036800 -0.00593400 0.03279000
v 0.00036800 -0.00616400 0.03141000
v 0.00036800 -0.00616400 0.03279000
v -0.00036800 -0.00616400 0.03141000
v -0.00036800 -0.00616400 0.03279000
v -0.00339100 -0.00759000 0.04166300
v -0.00339100 -0.00759000 0.03798300
v -0.00663300 -0.00759000 0.04123600
v -0.00707100 -0.00759000 0.03798300
v -0.00668700 -0.00759000 0.04120400
v -0.00674900 -0.00759000 0.04121500
v -0.00679000 -0.00759000 0.04126300
v -0.00707100 -0.00759000 0.04166300
v -0.00663300 -0.00759000 0.04135400
v -0.00661100 -0.00759000 0.04129500
v -0.00707100 -0.00713000 0.04166300
v -0.00707100 -0.00713000 0.03798300
v -0.00339100 -0.00713000 0.03798300
v -0.00339100 -0.00713000 0.04166300
v 0.00389900 -0.00774600 0.03056900
v 0.00476400 -0.00774600 0.03056900
v 0.00389900 -0.00774600 0.02983300
v 0.00476400 -0.00774600 0.02983300
v 0.00389900 -0.00710200 0.03056900
v 0.00476400 -0.00710200 0.03056900
v 0.00389900 -0.00710200 0.02983300
v 0.00476400 -0.00710200 0.02983300
v 0.00357700 -0.00708400 0.02981400
v 0.00357700 -0.00776500 0.02981400
v 0.00389900 -0.00708400 0.02981400
v 0.00389900 -0.00776500 0.02981400
v 0.00389900 -0.00708400 0.03058700
v 0.00389900 -0.00776500 0.03058700
v 0.00357700 -0.00708400 0.03058700
v 0.00357700 -0.00776500 0.03058700
v 0.00508600 -0.00708400 0.03058700
v 0.00508600 -0.00776500 0.03058700
v 0.00476400 -0.00708400 0.03058700
v 0.00476400 -0.00776500 0.03058700
v 0.00476400 -0.00708400 0.02981400
v 0.00476400 -0.00776500 0.02981400
v 0.00508600 -0.00708400 0.02981400
v 0.00508600 -0.00776500 0.02981400
v -0.00708400 -0.00713000 0.02363600
v -0.00524400 -0.00713000 0.02363600
v -0.00708400 -0.00713000 0.02225600
v -0.00524400 -0.00713000 0.02225600
v -0.00524400 -0.00708400 0.02363600
v -0.00708400 -0.00708400 0.02363600
v -0.00708400 -0.00708400 0.02225600
v -0.00524400 -0.00708400 0.02225600
v 0.00318000 -0.00713000 0.04368900
v 0.00306800 -0.00713000 0.04421800
v 0.00306800 -0.00713000 0.04353400
v 0.00290200 -0.00713000 0.04431400
v 0.00290200 -0.00713000 0.04343800
v 0.00271200 -0.00713000 0.04433400
v 0.00271200 -0.00713000 0.04341800
v 0.00253000 -0.00713000 0.04427400
v 0.00253000 -0.00713000 0.04347800
v 0.00238800 -0.00713000 0.04414600
v 0.00238800 -0.00713000 0.04360600
v 0.00134000 -0.00713000 0.04368900
v 0.00122800 -0.00713000 0.04421800
v 0.00122800 -0.00713000 0.04353400
v 0.00106200 -0.00713000 0.04431400
v 0.00106200 -0.00713000 0.04343800
v 0.00087200 -0.00713000 0.04433400
v 0.00087200 -0.00713000 0.04341800
v 0.00069000 -0.00713000 0.04427400
v 0.00069000 -0.00713000 0.04347800
v 0.00054800 -0.00713000 0.04414600
v 0.00054800 -0.00713000 0.04360600
v -0.00050000 -0.00713000 0.04368900
v -0.00061200 -0.00713000 0.04421800
v -0.00061200 -0.00713000 0.04353400
v -0.00077800 -0.00713000 0.04431400
v -0.00077800 -0.00713000 0.04343800
v -0.00096800 -0.00713000 0.04433400
v -0.00096800 -0.00713000 0.04341800
v -0.00115000 -0.00713000 0.04427400
v -0.00115000 -0.00713000 0.04347800
v -0.00129200 -0.00713000 0.04414600
v -0.00129200 -0.00713000 0.04360600
v -0.00234000 -0.00713000 0.04368900
v -0.00245200 -0.00713000 0.04421800
v -0.00245200 -0.00713000 0.04353400
v -0.00261800 -0.00713000 0.04431400
v -0.00261800 -0.00713000 0.04343800
v -0.00280800 -0.00713000 0.04433400
v -0.00280800 -0.00713000 0.04341800
v -0.00299000 -0.00713000 0.04427400
v -0.00299000 -0.00713000 0.04347800
v -0.00313200 -0.00713000 0.04414600
v -0.00313200 -0.00713000 0.04360600
v -0.00106700 -0.00653200 0.04049900
v -0.00076500 -0.00653200 0.03732600
v -0.00120000 -0.00515200 0.04068700
v -0.00086100 -0.00515200 0.03711700
v -0.00076500 -0.00423200 0.03732600
v -0.00106700 -0.00423200 0.04049900
v -0.00142000 -0.00653200 0.04017000
v -0.00167500 -0.00653200 0.03976200
v -0.00181500 -0.00653200 0.03930400
v -0.00183200 -0.00653200 0.03882600
v -0.00172500 -0.00653200 0.03835900
v -0.00129300 -0.00653200 0.03769100
v -0.00046300 -0.00515200 0.04101700
v -0.00028000 -0.00423200 0.04081800
v -0.00019600 -0.00515200 0.04106100
v 0.00056500 -0.00423200 0.04075100
v 0.00071700 -0.00515200 0.04094200
v 0.00129100 -0.00423200 0.04031100
v 0.00148900 -0.00515200 0.04043800
v 0.00174200 -0.00423200 0.03959200
v 0.00196500 -0.00515200 0.03965000
v 0.00182300 -0.00423200 0.03874700
v 0.00205300 -0.00515200 0.03873300
v 0.00173300 -0.00515200 0.03786800
v 0.00151500 -0.00423200 0.03795600
v 0.00107100 -0.00515200 0.03722800
v 0.00088600 -0.00423200 0.03738700
v 0.00019600 -0.00515200 0.03693900
v 0.00006700 -0.00423200 0.03716100
v -0.00007500 -0.00515200 0.03693100
v -0.00034400 -0.00515200 0.03695900
v -0.00060700 -0.00515200 0.03702100
v -0.00072300 -0.00515200 0.04094000
v -0.00097000 -0.00515200 0.04082900
v -0.00071700 -0.00423200 0.03705800
v 0.00019600 -0.00423200 0.03693900
v 0.00107100 -0.00423200 0.03722800
v 0.00173300 -0.00423200 0.03786800
v 0.00205300 -0.00423200 0.03873300
v 0.00196500 -0.00423200 0.03965000
v 0.00148900 -0.00423200 0.04043800
v 0.00071700 -0.00423200 0.04094200
v -0.00019600 -0.00423200 0.04106100
v -0.00107100 -0.00423200 0.04077200
v -0.00173300 -0.00423200 0.04013200
v -0.00205300 -0.00423200 0.03926700
v -0.00196500 -0.00423200 0.03835000
v -0.00148900 -0.00423200 0.03756200
v -0.00155200 -0.00515200 0.03763000
v -0.00197500 -0.00515200 0.03838000
v -0.00205600 -0.00515200 0.03923700
v -0.00178200 -0.00515200 0.04005300
v -0.00708400 -0.00713000 0.02087600
v -0.00524400 -0.00713000 0.02087600
v -0.00708400 -0.00713000 0.01949600
v -0.00524400 -0.00713000 0.01949600
v -0.00524400 -0.00708400 0.02087600
v -0.00708400 -0.00708400 0.02087600
v -0.00708400 -0.00708400 0.01949600
v -0.00524400 -0.00708400 0.01949600
v -0.00266800 -0.00593400 0.03141000
v -0.00193200 -0.00593400 0.03141000
v -0.00266800 -0.00593400 0.03279000
v -0.00193200 -0.00593400 0.03279000
v -0.00193200 -0.00616400 0.03141000
v -0.00193200 -0.00616400 0.03279000
v -0.00266800 -0.00616400 0.03141000
v -0.00266800 -0.00616400 0.03279000
v 0.00069000 -0.00547400 0.04521000
v -0.00069000 -0.00547400 0.04521000
v 0.00069000 -0.00547400 0.04383000
v -0.00069000 -0.00547400 0.04383000
v -0.00069000 -0.00616400 0.04521000
v -0.00069000 -0.00616400 0.04383000
v 0.00069000 -0.00616400 0.04521000
v 0.00069000 -0.00616400 0.04383000
v 0.00568400 -0.00505100 0.02932400
v 0.00584500 -0.00616000 0.02932900
v 0.00446900 -0.00505100 0.02932400
v 0.00430800 -0.00615900 0.02932900
v 0.00568400 -0.00505100 0.02822000
v 0.00446900 -0.00505100 0.02822000
v 0.00584500 -0.00615900 0.02821500
v 0.00430800 -0.00616000 0.02821500
v 0.00568400 -0.00504200 0.02821100
v 0.00600600 -0.00504200 0.02821100
v 0.00600600 -0.00504200 0.02933300
v 0.00568400 -0.00504200 0.02933300
v 0.00446900 -0.00504200 0.02933300
v 0.00414700 -0.00504200 0.02933300
v 0.00414700 -0.00504200 0.02821100
v 0.00446900 -0.00504200 0.02821100
v 0.00165800 -0.00671600 0.03820200
v 0.00184000 -0.00515200 0.03900000
v 0.00184000 -0.00671600 0.03900000
v 0.00165800 -0.00515200 0.03979800
v 0.00165800 -0.00671600 0.03979800
v 0.00114700 -0.00515200 0.04043900
v 0.00114700 -0.00671600 0.04043900
v 0.00040900 -0.00515200 0.04079400
v 0.00040900 -0.00671600 0.04079400
v -0.00040900 -0.00515200 0.04079400
v -0.00040900 -0.00671600 0.04079400
v -0.00114700 -0.00515200 0.04043900
v -0.00114700 -0.00671600 0.04043900
v -0.00165800 -0.00515200 0.03979800
v -0.00165800 -0.00671600 0.03979800
v -0.00184000 -0.00671600 0.03900000
v -0.00184000 -0.00515200 0.03900000
v -0.00165800 -0.00671600 0.03820200
v -0.00165800 -0.00515200 0.03820200
v -0.00114700 -0.00515200 0.03756100
v 0.00165800 -0.00515200 0.03820200
v 0.00114700 -0.00671600 0.03756100
v 0.00114700 -0.00515200 0.03756100
v 0.00040900 -0.00671600 0.03720600
v 0.00040900 -0.00515200 0.03720600
v -0.00040900 -0.00671600 0.03720600
v -0.00040900 -0.00515200 0.03720600
v -0.00114700 -0.00671600 0.03756100
v -0.00191200 -0.00515200 0.03979300
v -0.00207000 -0.00515200 0.03900000
v -0.00191100 -0.00515200 0.03820300
v -0.00145900 -0.00515200 0.03753200
v -0.00078800 -0.00515200 0.03708600
v 0.00000200 -0.00515200 0.03693000
v 0.00079300 -0.00515200 0.03708800
v 0.00146400 -0.00515200 0.03753700
v 0.00191200 -0.00515200 0.03820700
v 0.00207000 -0.00515200 0.03900000
v 0.00191100 -0.00515200 0.03979700
v 0.00145900 -0.00515200 0.04046800
v 0.00078800 -0.00515200 0.04091400
v -0.00000200 -0.00515200 0.04107000
v -0.00079300 -0.00515200 0.04091200
v -0.00146400 -0.00515200 0.04046300
v -0.00212500 -0.00671600 0.03811900
v -0.00230000 -0.00671600 0.03900000
v -0.00212300 -0.00671600 0.03988500
v -0.00162200 -0.00671600 0.04063000
v -0.00087600 -0.00671600 0.04112600
v 0.00000100 -0.00671600 0.04130000
v 0.00088000 -0.00671600 0.04112500
v 0.00162700 -0.00671600 0.04062500
v 0.00212500 -0.00671600 0.03988100
v 0.00230000 -0.00671600 0.03900000
v 0.00212300 -0.00671600 0.03811500
v 0.00162200 -0.00671600 0.03737000
v 0.00087600 -0.00671600 0.03687400
v -0.00000100 -0.00671600 0.03670000
v -0.00088000 -0.00671600 0.03687500
v -0.00162700 -0.00671600 0.03737500
v -0.00644000 -0.00841800 0.03560500
v -0.00644000 -0.00814200 0.03520500
v -0.00644000 -0.00777400 0.03520500
v -0.00644000 -0.00749800 0.03560500
v -0.00644000 -0.00749800 0.03542100
v -0.00644000 -0.00749800 0.03462100
v -0.00644000 -0.00708400 0.03529700
v -0.00644000 -0.00708400 0.03474500
v -0.00644000 -0.00883200 0.03529700
v -0.00644000 -0.00883200 0.03474500
v -0.00644000 -0.00841800 0.03542100
v -0.00644000 -0.00841800 0.03462100
v -0.00644000 -0.00814200 0.03483700
v -0.00644000 -0.00841800 0.03425300
v -0.00644000 -0.00814200 0.03403700
v -0.00644000 -0.00814200 0.03366900
v -0.00644000 -0.00841800 0.03345200
v -0.00644000 -0.00841800 0.03308400
v -0.00644000 -0.00883200 0.03412900
v -0.00644000 -0.00883200 0.03357700
v -0.00644000 -0.00883200 0.03296000
v -0.00644000 -0.00883200 0.03240800
v -0.00644000 -0.00841800 0.03228400
v -0.00644000 -0.00814200 0.03250000
v -0.00644000 -0.00841800 0.03191600
v -0.00644000 -0.00814200 0.03170000
v -0.00644000 -0.00814200 0.03133200
v -0.00644000 -0.00841800 0.03111600
v -0.00644000 -0.00841800 0.03074800
v -0.00644000 -0.00883200 0.03179200
v -0.00644000 -0.00883200 0.03124000
v -0.00644000 -0.00883200 0.03062300
v -0.00644000 -0.00883200 0.03007100
v -0.00644000 -0.00841800 0.02994700
v -0.00644000 -0.00814200 0.03016300
v -0.00644000 -0.00841800 0.02957900
v -0.00644000 -0.00814200 0.02936300
v -0.00644000 -0.00814200 0.02899500
v -0.00644000 -0.00841800 0.02877900
v -0.00644000 -0.00841800 0.02841100
v -0.00644000 -0.00883200 0.02945500
v -0.00644000 -0.00883200 0.02890300
v -0.00644000 -0.00883200 0.02828700
v -0.00644000 -0.00883200 0.02773500
v -0.00644000 -0.00841800 0.02761000
v -0.00644000 -0.00814200 0.02782700
v -0.00644000 -0.00841800 0.02724200
v -0.00644000 -0.00814200 0.02702600
v -0.00644000 -0.00814200 0.02665800
v -0.00644000 -0.00841800 0.02644200
v -0.00644000 -0.00883200 0.02711800
v -0.00644000 -0.00883200 0.02656600
v -0.00644000 -0.00841800 0.02625800
v -0.00644000 -0.00749800 0.02625800
v -0.00644000 -0.00777400 0.02665800
v -0.00644000 -0.00749800 0.02644200
v -0.00644000 -0.00777400 0.02702600
v -0.00644000 -0.00749800 0.02724200
v -0.00644000 -0.00777400 0.02782700
v -0.00644000 -0.00749800 0.02761000
v -0.00644000 -0.00777400 0.02819500
v -0.00644000 -0.00749800 0.02841100
v -0.00644000 -0.00777400 0.02899500
v -0.00644000 -0.00749800 0.02877900
v -0.00644000 -0.00777400 0.02936300
v -0.00644000 -0.00749800 0.02957900
v -0.00644000 -0.00777400 0.03016300
v -0.00644000 -0.00749800 0.02994700
v -0.00644000 -0.00777400 0.03053100
v -0.00644000 -0.00749800 0.03074800
v -0.00644000 -0.00777400 0.03133200
v -0.00644000 -0.00749800 0.03111600
v -0.00644000 -0.00777400 0.03170000
v -0.00644000 -0.00749800 0.03191600
v -0.00644000 -0.00777400 0.03250000
v -0.00644000 -0.00749800 0.03228400
v -0.00644000 -0.00777400 0.03286800
v -0.00644000 -0.00749800 0.03308400
v -0.00644000 -0.00777400 0.03366900
v -0.00644000 -0.00749800 0.03345200
v -0.00644000 -0.00777400 0.03403700
v -0.00644000 -0.00749800 0.03425300
v -0.00644000 -0.00777400 0.03483700
v -0.00644000 -0.00708400 0.02656600
v -0.00644000 -0.00708400 0.02711800
v -0.00644000 -0.00708400 0.02773500
v -0.00644000 -0.00708400 0.02828700
v -0.00644000 -0.00708400 0.02890300
v -0.00644000 -0.00708400 0.02945500
v -0.00644000 -0.00708400 0.03007100
v -0.00644000 -0.00708400 0.03062300
v -0.00644000 -0.00708400 0.03124000
v -0.00644000 -0.00708400 0.03179200
v -0.00644000 -0.00708400 0.03240800
v -0.00644000 -0.00708400 0.03296000
v -0.00644000 -0.00708400 0.03357700
v -0.00644000 -0.00708400 0.03412900
v -0.00644000 -0.00814200 0.02819500
v -0.00644000 -0.00814200 0.03053100
v -0.00644000 -0.00814200 0.03286800
v -0.00588800 -0.00777400 0.02702600
v -0.00588800 -0.00814200 0.02702600
v -0.00570400 -0.00809300 0.02702600
v -0.00556900 -0.00795800 0.02702600
v -0.00552000 -0.00777400 0.02702600
v -0.00588800 -0.00598000 0.02702600
v -0.00552000 -0.00598000 0.02702600
v -0.00588800 -0.00814200 0.02665800
v -0.00588800 -0.00777400 0.02819500
v -0.00588800 -0.00814200 0.02819500
v -0.00570400 -0.00809300 0.02819500
v -0.00556900 -0.00795800 0.02819500
v -0.00552000 -0.00777400 0.02819500
v -0.00588800 -0.00598000 0.02819500
v -0.00552000 -0.00598000 0.02819500
v -0.00588800 -0.00814200 0.02782700
v -0.00588800 -0.00777400 0.02936300
v -0.00588800 -0.00814200 0.02936300
v -0.00570400 -0.00809300 0.02936300
v -0.00556900 -0.00795800 0.02936300
v -0.00552000 -0.00777400 0.02936300
v -0.00588800 -0.00598000 0.02936300
v -0.00552000 -0.00598000 0.02936300
v -0.00588800 -0.00814200 0.02899500
v -0.00588800 -0.00777400 0.03053100
v -0.00588800 -0.00814200 0.03053100
v -0.00570400 -0.00809300 0.03053100
v -0.00556900 -0.00795800 0.03053100
v -0.00552000 -0.00777400 0.03053100
v -0.00588800 -0.00598000 0.03053100
v -0.00552000 -0.00598000 0.03053100
v -0.00588800 -0.00814200 0.03016300
v -0.00588800 -0.00777400 0.03170000
v -0.00588800 -0.00814200 0.03170000
v -0.00570400 -0.00809300 0.03170000
v -0.00556900 -0.00795800 0.03170000
v -0.00552000 -0.00777400 0.03170000
v -0.00588800 -0.00598000 0.03170000
v -0.00552000 -0.00598000 0.03170000
v -0.00588800 -0.00814200 0.03133200
v -0.00588800 -0.00777400 0.03286800
v -0.00588800 -0.00814200 0.03286800
v -0.00570400 -0.00809300 0.03286800
v -0.00556900 -0.00795800 0.03286800
v -0.00552000 -0.00777400 0.03286800
v -0.00588800 -0.00598000 0.03286800
v -0.00552000 -0.00598000 0.03286800
v -0.00588800 -0.00814200 0.03250000
v -0.00588800 -0.00777400 0.03403700
v -0.00588800 -0.00814200 0.03403700
v -0.00570400 -0.00809300 0.03403700
v -0.00556900 -0.00795800 0.03403700
v -0.00552000 -0.00777400 0.03403700
v -0.00588800 -0.00598000 0.03403700
v -0.00552000 -0.00598000 0.03403700
v -0.00588800 -0.00814200 0.03366900
v -0.00588800 -0.00777400 0.03520500
v -0.00588800 -0.00814200 0.03520500
v -0.00570400 -0.00809300 0.03520500
v -0.00556900 -0.00795800 0.03520500
v -0.00552000 -0.00777400 0.03520500
v -0.00588800 -0.00598000 0.03520500
v -0.00552000 -0.00598000 0.03502100
v -0.00588800 -0.00814200 0.03483700
v -0.00782000 -0.00841800 0.03542100
v -0.00782000 -0.00883200 0.03529700
v -0.00782000 -0.00749800 0.03560500
v -0.00782000 -0.00841800 0.03560500
v -0.00782000 -0.00841800 0.02625800
v -0.00782000 -0.00749800 0.02625800
v -0.00588800 -0.00598000 0.02665800
v -0.00588800 -0.00777400 0.02665800
v -0.00564900 -0.00570400 0.02689800
v -0.00552000 -0.00598000 0.02665800
v -0.00552000 -0.00777400 0.02665800
v -0.00570400 -0.00809300 0.02665800
v -0.00556900 -0.00795800 0.02665800
v -0.00588800 -0.00598000 0.02782700
v -0.00588800 -0.00777400 0.02782700
v -0.00564900 -0.00570400 0.02806600
v -0.00552000 -0.00598000 0.02782700
v -0.00552000 -0.00777400 0.02782700
v -0.00570400 -0.00809300 0.02782700
v -0.00556900 -0.00795800 0.02782700
v -0.00588800 -0.00598000 0.02899500
v -0.00588800 -0.00777400 0.02899500
v -0.00564900 -0.00570400 0.02923400
v -0.00552000 -0.00598000 0.02899500
v -0.00552000 -0.00777400 0.02899500
v -0.00570400 -0.00809300 0.02899500
v -0.00556900 -0.00795800 0.02899500
v -0.00588800 -0.00598000 0.03016300
v -0.00588800 -0.00777400 0.03016300
v -0.00564900 -0.00570400 0.03040300
v -0.00552000 -0.00598000 0.03016300
v -0.00552000 -0.00777400 0.03016300
v -0.00570400 -0.00809300 0.03016300
v -0.00556900 -0.00795800 0.03016300
v -0.00588800 -0.00598000 0.03133200
v -0.00588800 -0.00777400 0.03133200
v -0.00564900 -0.00570400 0.03157100
v -0.00552000 -0.00598000 0.03133200
v -0.00552000 -0.00777400 0.03133200
v -0.00570400 -0.00809300 0.03133200
v -0.00556900 -0.00795800 0.03133200
v -0.00588800 -0.00598000 0.03250000
v -0.00588800 -0.00777400 0.03250000
v -0.00564900 -0.00570400 0.03274000
v -0.00552000 -0.00598000 0.03250000
v -0.00552000 -0.00777400 0.03250000
v -0.00570400 -0.00809300 0.03250000
v -0.00556900 -0.00795800 0.03250000
v -0.00588800 -0.00598000 0.03366900
v -0.00588800 -0.00777400 0.03366900
v -0.00564900 -0.00570400 0.03390800
v -0.00552000 -0.00598000 0.03366900
v -0.00552000 -0.00777400 0.03366900
v -0.00570400 -0.00809300 0.03366900
v -0.00556900 -0.00795800 0.03366900
v -0.00588800 -0.00598000 0.03483700
v -0.00588800 -0.00777400 0.03483700
v -0.00575900 -0.00570400 0.03507600
v -0.00552000 -0.00777400 0.03483700
v -0.00570400 -0.00809300 0.03483700
v -0.00556900 -0.00795800 0.03483700
v -0.00782000 -0.00708400 0.03412900
v -0.00782000 -0.00708400 0.03357700
v -0.00782000 -0.00749800 0.03425300
v -0.00782000 -0.00749800 0.03345200
v -0.00782000 -0.00777400 0.03366900
v -0.00782000 -0.00749800 0.03308400
v -0.00782000 -0.00777400 0.03286800
v -0.00782000 -0.00777400 0.03250000
v -0.00782000 -0.00749800 0.03228400
v -0.00782000 -0.00749800 0.03191600
v -0.00782000 -0.00708400 0.03296000
v -0.00782000 -0.00708400 0.03240800
v -0.00782000 -0.00708400 0.03179200
v -0.00782000 -0.00708400 0.03124000
v -0.00782000 -0.00749800 0.03111600
v -0.00782000 -0.00777400 0.03133200
v -0.00782000 -0.00749800 0.03074800
v -0.00782000 -0.00777400 0.03053100
v -0.00782000 -0.00777400 0.03016300
v -0.00782000 -0.00749800 0.02994700
v -0.00782000 -0.00749800 0.02957900
v -0.00782000 -0.00708400 0.03062300
v -0.00782000 -0.00708400 0.03007100
v -0.00782000 -0.00708400 0.02945500
v -0.00782000 -0.00708400 0.02890300
v -0.00782000 -0.00749800 0.02877900
v -0.00782000 -0.00777400 0.02899500
v -0.00782000 -0.00749800 0.02841100
v -0.00782000 -0.00777400 0.02819500
v -0.00782000 -0.00777400 0.02782700
v -0.00782000 -0.00749800 0.02761000
v -0.00782000 -0.00749800 0.02724200
v -0.00782000 -0.00708400 0.02828700
v -0.00782000 -0.00708400 0.02773500
v -0.00782000 -0.00708400 0.02711800
v -0.00782000 -0.00708400 0.02656600
v -0.00782000 -0.00749800 0.02644200
v -0.00782000 -0.00777400 0.02665800
v -0.00782000 -0.00814200 0.02665800
v -0.00782000 -0.00841800 0.02644200
v -0.00782000 -0.00814200 0.02702600
v -0.00782000 -0.00841800 0.02724200
v -0.00782000 -0.00814200 0.02782700
v -0.00782000 -0.00841800 0.02761000
v -0.00782000 -0.00814200 0.02819500
v -0.00782000 -0.00841800 0.02841100
v -0.00782000 -0.00814200 0.02899500
v -0.00782000 -0.00841800 0.02877900
v -0.00782000 -0.00814200 0.02936300
v -0.00782000 -0.00841800 0.02957900
v -0.00782000 -0.00814200 0.03016300
v -0.00782000 -0.00841800 0.02994700
v -0.00782000 -0.00814200 0.03053100
v -0.00782000 -0.00841800 0.03074800
v -0.00782000 -0.00814200 0.03133200
v -0.00782000 -0.00841800 0.03111600
v -0.00782000 -0.00814200 0.03170000
v -0.00782000 -0.00841800 0.03191600
v -0.00782000 -0.00814200 0.03250000
v -0.00782000 -0.00841800 0.03228400
v -0.00782000 -0.00814200 0.03286800
v -0.00782000 -0.00841800 0.03308400
v -0.00782000 -0.00814200 0.03366900
v -0.00782000 -0.00841800 0.03345200
v -0.00782000 -0.00814200 0.03403700
v -0.00782000 -0.00841800 0.03425300
v -0.00782000 -0.00814200 0.03483700
v -0.00782000 -0.00841800 0.03462100
v -0.00782000 -0.00814200 0.03520500
v -0.00782000 -0.00883200 0.02656600
v -0.00782000 -0.00883200 0.02711800
v -0.00782000 -0.00883200 0.02773500
v -0.00782000 -0.00883200 0.02828700
v -0.00782000 -0.00883200 0.02890300
v -0.00782000 -0.00883200 0.02945500
v -0.00782000 -0.00883200 0.03007100
v -0.00782000 -0.00883200 0.03062300
v -0.00782000 -0.00883200 0.03124000
v -0.00782000 -0.00883200 0.03179200
v -0.00782000 -0.00883200 0.03240800
v -0.00782000 -0.00883200 0.03296000
v -0.00782000 -0.00883200 0.03357700
v -0.00782000 -0.00883200 0.03412900
v -0.00782000 -0.00883200 0.03474500
v -0.00782000 -0.00777400 0.03520500
v -0.00782000 -0.00749800 0.03542100
v -0.00782000 -0.00777400 0.03483700
v -0.00782000 -0.00749800 0.03462100
v -0.00782000 -0.00708400 0.03529700
v -0.00782000 -0.00708400 0.03474500
v -0.00782000 -0.00777400 0.02702600
v -0.00782000 -0.00777400 0.02936300
v -0.00782000 -0.00777400 0.03170000
v -0.00782000 -0.00777400 0.03403700
v -0.00575900 -0.00570400 0.02689800
v -0.00575900 -0.00570400 0.02806600
v -0.00575900 -0.00570400 0.02923400
v -0.00575900 -0.00570400 0.03040300
v -0.00575900 -0.00570400 0.03157100
v -0.00575900 -0.00570400 0.03274000
v -0.00575900 -0.00570400 0.03390800
v -0.00984400 -0.00814200 0.02782700
v -0.00984400 -0.00814200 0.02819500
v -0.00984400 -0.00814200 0.03016300
v -0.00984400 -0.00814200 0.03053100
v -0.00984400 -0.00814200 0.03250000
v -0.00984400 -0.00814200 0.03286800
v -0.00984400 -0.00814200 0.03483700
v -0.00984400 -0.00814200 0.03520500
v -0.00984400 -0.00814200 0.03366900
v -0.00984400 -0.00814200 0.03403700
v -0.00984400 -0.00814200 0.03133200
v -0.00984400 -0.00814200 0.03170000
v -0.00984400 -0.00814200 0.02899500
v -0.00984400 -0.00814200 0.02936300
v -0.00984400 -0.00814200 0.02665800
v -0.00984400 -0.00814200 0.02702600
v -0.00564900 -0.00570400 0.02678700
v -0.00564900 -0.00570400 0.02795500
v -0.00564900 -0.00570400 0.02912400
v -0.00564900 -0.00570400 0.03029200
v -0.00564900 -0.00570400 0.03146000
v -0.00564900 -0.00570400 0.03262900
v -0.00564900 -0.00570400 0.03379700
v -0.00575900 -0.00570400 0.03496600
v -0.01012000 -0.00801300 0.02806600
v -0.00984400 -0.00777400 0.02782700
v -0.00984400 -0.00777400 0.02819500
v -0.01012000 -0.00801300 0.03040300
v -0.00984400 -0.00777400 0.03016300
v -0.00984400 -0.00777400 0.03053100
v -0.01012000 -0.00801300 0.03274000
v -0.00984400 -0.00777400 0.03250000
v -0.00984400 -0.00777400 0.03286800
v -0.01012000 -0.00801300 0.03507600
v -0.00984400 -0.00777400 0.03483700
v -0.00984400 -0.00777400 0.03520500
v -0.01012000 -0.00801300 0.03390800
v -0.00984400 -0.00777400 0.03366900
v -0.00984400 -0.00777400 0.03403700
v -0.01012000 -0.00801300 0.03157100
v -0.00984400 -0.00777400 0.03133200
v -0.00984400 -0.00777400 0.03170000
v -0.01012000 -0.00801300 0.02923400
v -0.00984400 -0.00777400 0.02899500
v -0.00984400 -0.00777400 0.02936300
v -0.01012000 -0.00801300 0.02689800
v -0.00984400 -0.00777400 0.02665800
v -0.00984400 -0.00777400 0.02702600
v -0.01012000 -0.00790300 0.02795500
v -0.01012000 -0.00790300 0.03029200
v -0.01012000 -0.00790300 0.03262900
v -0.01012000 -0.00790300 0.03496600
v -0.01012000 -0.00790300 0.03379700
v -0.01012000 -0.00790300 0.03146000
v -0.01012000 -0.00790300 0.02912400
v -0.01012000 -0.00790300 0.02678700
v -0.01012000 -0.00790300 0.02806600
v -0.01012000 -0.00790300 0.03040300
v -0.01012000 -0.00790300 0.03274000
v -0.01012000 -0.00790300 0.03507600
v -0.01012000 -0.00790300 0.03390800
v -0.01012000 -0.00790300 0.03157100
v -0.01012000 -0.00790300 0.02923400
v -0.01012000 -0.00790300 0.02689800
v -0.00414000 -0.00423200 0.03279000
v 0.00355800 -0.00423200 0.03364400
v 0.00414000 -0.00423200 0.03279000
v 0.00368000 -0.00423200 0.03354200
v 0.00383000 -0.00423200 0.03348700
v -0.00506000 -0.00423200 0.03371000
v -0.00131300 -0.00423200 0.03740000
v -0.00115100 -0.00423200 0.03727900
v -0.00097700 -0.00423200 0.03717500
v -0.00506000 -0.00423200 0.04061000
v -0.00198100 -0.00423200 0.03839900
v -0.00191200 -0.00423200 0.03820700
v -0.00182500 -0.00423200 0.03802300
v -0.00230000 -0.00423200 0.04383000
v -0.00159700 -0.00423200 0.04031700
v -0.00171800 -0.00423200 0.04015500
v -0.00182300 -0.00423200 0.03998200
v 0.00230000 -0.00423200 0.04383000
v 0.00000200 -0.00423200 0.04107000
v -0.00020100 -0.00423200 0.04106000
v -0.00040000 -0.00423200 0.04103100
v 0.00506000 -0.00423200 0.04061000
v 0.00160100 -0.00423200 0.04031200
v 0.00146400 -0.00423200 0.04046300
v 0.00131300 -0.00423200 0.04060000
v 0.00506000 -0.00423200 0.03371000
v 0.00426200 -0.00423200 0.03423600
v 0.00414000 -0.00423200 0.03433800
v 0.00399000 -0.00423200 0.03439300
v 0.00426200 -0.00423200 0.03364400
v 0.00434200 -0.00423200 0.03378300
v 0.00437000 -0.00423200 0.03394000
v 0.00347800 -0.00423200 0.03378300
v -0.00000200 -0.00423200 0.03693000
v 0.00345000 -0.00423200 0.03394000
v 0.00020100 -0.00423200 0.03694000
v 0.00040000 -0.00423200 0.03696900
v 0.00399000 -0.00423200 0.03348700
v 0.00414000 -0.00423200 0.03354200
v 0.00434200 -0.00423200 0.03409700
v 0.00383000 -0.00423200 0.03439300
v 0.00182300 -0.00423200 0.03801800
v 0.00191100 -0.00423200 0.03820300
v 0.00198000 -0.00423200 0.03839600
v 0.00368000 -0.00423200 0.03433800
v 0.00159700 -0.00423200 0.03768300
v 0.00171800 -0.00423200 0.03784500
v 0.00355800 -0.00423200 0.03423600
v 0.00130800 -0.00423200 0.03739500
v 0.00145900 -0.00423200 0.03753200
v 0.00347800 -0.00423200 0.03409700
v 0.00097200 -0.00423200 0.03717200
v 0.00114500 -0.00423200 0.03727500
v 0.00059600 -0.00423200 0.03701700
v 0.00078800 -0.00423200 0.03708600
v 0.00206000 -0.00423200 0.03879400
v 0.00207000 -0.00423200 0.03900000
v 0.00206000 -0.00423200 0.03920500
v 0.00203000 -0.00423200 0.03940500
v 0.00198100 -0.00423200 0.03960100
v 0.00191200 -0.00423200 0.03979300
v 0.00182500 -0.00423200 0.03997700
v 0.00172200 -0.00423200 0.04015000
v 0.00115100 -0.00423200 0.04072100
v 0.00097700 -0.00423200 0.04082500
v 0.00079300 -0.00423200 0.04091200
v 0.00060100 -0.00423200 0.04098100
v 0.00040500 -0.00423200 0.04103000
v 0.00020600 -0.00423200 0.04106000
v -0.00059600 -0.00423200 0.04098300
v -0.00078800 -0.00423200 0.04091400
v -0.00097200 -0.00423200 0.04082800
v -0.00114500 -0.00423200 0.04072500
v -0.00130800 -0.00423200 0.04060500
v -0.00145900 -0.00423200 0.04046800
v -0.00191100 -0.00423200 0.03979700
v -0.00198000 -0.00423200 0.03960400
v -0.00203000 -0.00423200 0.03940700
v -0.00206000 -0.00423200 0.03920600
v -0.00207000 -0.00423200 0.03900000
v -0.00206000 -0.00423200 0.03879500
v -0.00203000 -0.00423200 0.03859500
v -0.00172200 -0.00423200 0.03785000
v -0.00160100 -0.00423200 0.03768800
v -0.00146400 -0.00423200 0.03753700
v -0.00079300 -0.00423200 0.03708800
v -0.00060100 -0.00423200 0.03701900
v -0.00040500 -0.00423200 0.03697000
v -0.00020600 -0.00423200 0.03694000
v 0.00203000 -0.00423200 0.03859300
v 0.00414000 -0.00616400 0.03279000
v -0.00414000 -0.00616400 0.03279000
v 0.00506000 -0.00616400 0.04061000
v 0.00506000 -0.00616400 0.03371000
v 0.00230000 -0.00616400 0.04383000
v -0.00230000 -0.00616400 0.04383000
v -0.00506000 -0.00616400 0.04061000
v -0.00506000 -0.00616400 0.03371000
v 0.00347800 -0.00446200 0.03409700
v 0.00434200 -0.00446200 0.03409700
v 0.00345000 -0.00446200 0.03394000
v 0.00437000 -0.00446200 0.03394000
v 0.00347800 -0.00446200 0.03378300
v 0.00434200 -0.00446200 0.03378300
v 0.00355800 -0.00446200 0.03364400
v 0.00426200 -0.00446200 0.03364400
v 0.00368000 -0.00446200 0.03354200
v 0.00426200 -0.00446200 0.03423600
v 0.00355800 -0.00446200 0.03423600
v 0.00414000 -0.00446200 0.03433800
v 0.00193200 -0.00593400 0.03141000
v 0.00266800 -0.00593400 0.03141000
v 0.00193200 -0.00593400 0.03279000
v 0.00266800 -0.00593400 0.03279000
v 0.00266800 -0.00616400 0.03141000
v 0.00266800 -0.00616400 0.03279000
v 0.00193200 -0.00616400 0.03141000
v 0.00193200 -0.00616400 0.03279000
v 0.00372000 0.01048800 0.02932600
v 0.00372000 0.01048800 0.02996500
v 0.00351600 0.01048800 0.03022100
v 0.00351600 0.01048800 0.02907000
v 0.00322100 0.01048800 0.03036300
v 0.00322100 0.01048800 0.02892800
v 0.00289300 0.01048800 0.03036300
v 0.00289300 0.01048800 0.02892800
v 0.00259800 0.01048800 0.02907000
v 0.00259800 0.01048800 0.03022100
v 0.00239400 0.01048800 0.02932600
v 0.00239400 0.01048800 0.02996500
v -0.00218200 0.01048800 0.03007700
v -0.00218200 0.01048800 0.03081600
v -0.00239200 0.01048800 0.03113000
v -0.00239200 0.01048800 0.02976400
v -0.00270500 0.01048800 0.03133900
v -0.00270500 0.01048800 0.02955400
v -0.00307500 0.01048800 0.03141300
v -0.00307500 0.01048800 0.02948100
v -0.00344400 0.01048800 0.02955400
v -0.00344400 0.01048800 0.03133900
v -0.00375800 0.01048800 0.02976400
v -0.00375800 0.01048800 0.03113000
v -0.00396700 0.01048800 0.03007700
v -0.00396700 0.01048800 0.03081600
v 0.00363400 0.01048800 0.02371100
v 0.00363400 0.01048800 0.02426700
v 0.00344400 0.01048800 0.02448100
v 0.00344400 0.01048800 0.02349700
v 0.00317600 0.01048800 0.02458300
v 0.00317600 0.01048800 0.02339600
v 0.00289200 0.01048800 0.02343000
v 0.00289200 0.01048800 0.02454800
v 0.00265600 0.01048800 0.02359300
v 0.00265600 0.01048800 0.02438600
v 0.00252300 0.01048800 0.02384600
v -0.00189600 0.01048800 0.02152800
v -0.00189600 0.01048800 0.02208400
v -0.00208500 0.01048800 0.02229800
v -0.00208500 0.01048800 0.02131400
v -0.00235300 0.01048800 0.02240000
v -0.00235300 0.01048800 0.02121200
v -0.00263700 0.01048800 0.02124700
v -0.00263700 0.01048800 0.02236500
v -0.00287300 0.01048800 0.02141000
v -0.00287300 0.01048800 0.02220300
v -0.00300600 0.01048800 0.02166300
v 0.00374600 0.00809600 0.02938500
v 0.00379300 0.01048800 0.02964500
v 0.00379100 0.00809600 0.02969600
v 0.00370300 0.00809600 0.02999900
v 0.00349600 0.00809600 0.03023600
v 0.00320900 0.00809600 0.03036600
v 0.00289400 0.00809600 0.03036300
v 0.00260900 0.00809600 0.03022900
v 0.00357400 0.00809600 0.02912100
v 0.00330700 0.00809600 0.02895300
v 0.00330700 0.00947600 0.02895300
v 0.00314600 0.00947600 0.02891500
v 0.00298000 0.00947600 0.02891300
v 0.00281900 0.00947600 0.02894900
v 0.00281900 0.00809600 0.02894900
v 0.00255000 0.00809600 0.02911200
v 0.00237300 0.00809600 0.02937400
v 0.00232100 0.01048800 0.02964500
v 0.00232200 0.00809600 0.02968400
v 0.00240600 0.00809600 0.02998800
v -0.00147500 0.00653200 0.02885900
v -0.00147500 0.00809600 0.02885900
v -0.00154200 0.00653200 0.02954900
v -0.00154200 0.00809600 0.02954900
v -0.00150400 0.00809600 0.03024200
v -0.00150400 0.00653200 0.03024200
v -0.00136300 0.00809600 0.03092000
v -0.00136300 0.00653200 0.03092000
v -0.00112100 0.00809600 0.03157000
v -0.00112100 0.00653200 0.03157000
v -0.00218200 0.00653200 0.03007700
v -0.00210900 0.01048800 0.03044700
v -0.00210900 0.00653200 0.03044700
v -0.00218200 0.00653200 0.03081600
v -0.00239200 0.00653200 0.03113000
v -0.00270500 0.00653200 0.03133900
v -0.00307500 0.00653200 0.03141300
v -0.00344400 0.00653200 0.03133900
v -0.00375800 0.00653200 0.03113000
v -0.00396700 0.00653200 0.03081600
v -0.00404100 0.01048800 0.03044700
v -0.00404100 0.00653200 0.03044700
v -0.00396700 0.00653200 0.03007700
v -0.00375800 0.00653200 0.02976400
v -0.00344400 0.00653200 0.02955400
v -0.00307500 0.00653200 0.02948100
v -0.00270500 0.00653200 0.02955400
v -0.00239200 0.00653200 0.02976400
v 0.00370200 0.00929200 0.02398900
v 0.00370200 0.01048800 0.02398900
v 0.00363400 0.00929200 0.02426700
v 0.00344400 0.00929200 0.02448100
v 0.00317600 0.00929200 0.02458300
v 0.00289200 0.00929200 0.02454800
v 0.00265600 0.00929200 0.02438600
v 0.00252300 0.00929200 0.02413200
v 0.00252300 0.01048800 0.02413200
v 0.00252300 0.00929200 0.02384600
v 0.00265600 0.00929200 0.02359300
v 0.00289200 0.00929200 0.02343000
v 0.00317600 0.00929200 0.02339600
v 0.00344400 0.00929200 0.02349700
v 0.00363400 0.00929200 0.02371100
v -0.00182700 0.00956800 0.02180600
v -0.00182700 0.01048800 0.02180600
v -0.00189600 0.00956800 0.02208400
v -0.00208500 0.00956800 0.02229800
v -0.00235300 0.00956800 0.02240000
v -0.00263700 0.00956800 0.02236500
v -0.00287300 0.00956800 0.02220300
v -0.00300600 0.00956800 0.02194900
v -0.00300600 0.01048800 0.02194900
v -0.00300600 0.00956800 0.02166300
v -0.00287300 0.00956800 0.02141000
v -0.00263700 0.00956800 0.02124700
v -0.00235300 0.00956800 0.02121200
v -0.00208500 0.00956800 0.02131400
v -0.00189600 0.00956800 0.02152800
v 0.00279100 0.00680800 0.03423800
v 0.00200900 0.00680800 0.03412400
v 0.00279100 0.00809600 0.03423800
v 0.00200900 0.00809600 0.03412400
v 0.00125800 0.00680800 0.03387900
v 0.00125800 0.00809600 0.03387900
v 0.00056000 0.00680800 0.03350800
v 0.00056000 0.00809600 0.03350800
v 0.00208500 0.00809600 0.03388900
v 0.00133600 0.00809600 0.03364400
v 0.00364800 0.00809600 0.02892700
v 0.00364800 0.00947600 0.02892700
v 0.00398700 0.00947600 0.02887800
v 0.00432200 0.00947600 0.02880600
v 0.00432200 0.00809600 0.02880600
v 0.00398700 0.00809600 0.02887800
v 0.00180700 0.00947600 0.02878500
v 0.00209200 0.00947600 0.02847400
v 0.00214000 0.00947600 0.02886300
v 0.00245200 0.00947600 0.02825300
v 0.00247800 0.00947600 0.02891800
v 0.00285900 0.00947600 0.02814000
v 0.00328100 0.00947600 0.02814400
v 0.00368500 0.00947600 0.02826400
v 0.00404200 0.00947600 0.02849000
v 0.00180700 0.00809600 0.02878500
v 0.00214000 0.00809600 0.02886300
v 0.00247800 0.00809600 0.02891800
v 0.00160400 0.00809600 0.02920600
v 0.00153900 0.00809600 0.02967000
v 0.00161900 0.00809600 0.03013000
v 0.00183500 0.00809600 0.03054500
v 0.00216700 0.00809600 0.03087500
v 0.00258300 0.00809600 0.03108800
v 0.00304500 0.00809600 0.03116300
v 0.00350700 0.00809600 0.03109500
v 0.00392700 0.00809600 0.03088900
v 0.00426500 0.00809600 0.03056600
v 0.00448700 0.00809600 0.03015400
v 0.00457400 0.00809600 0.02969500
v 0.00451700 0.00809600 0.02923100
v 0.00008300 0.01048800 0.03104200
v 0.00066600 0.01048800 0.03104200
v 0.00008300 0.00910800 0.03104200
v 0.00066600 0.00910800 0.03104200
v -0.00092400 0.00809600 0.03112300
v -0.00082900 0.00809600 0.03064300
v -0.00084000 0.00809600 0.03015500
v -0.00095500 0.00809600 0.02968000
v -0.00117000 0.00809600 0.02924100
v -0.00145800 0.00653200 0.03201700
v -0.00189500 0.00653200 0.03236700
v -0.00240400 0.00653200 0.03259900
v -0.00295500 0.00653200 0.03269800
v -0.00351400 0.00653200 0.03265800
v -0.00404500 0.00653200 0.03248100
v -0.00451600 0.00653200 0.03218000
v -0.00489900 0.00653200 0.03177100
v -0.00516900 0.00653200 0.03128100
v -0.00531000 0.00653200 0.03073900
v -0.00531300 0.00653200 0.03017900
v -0.00517800 0.00653200 0.02963600
v -0.00491300 0.00653200 0.02914300
v -0.00453500 0.00653200 0.02873000
v -0.00406700 0.00653200 0.02842300
v -0.00353800 0.00653200 0.02824100
v -0.00298000 0.00653200 0.02819500
v -0.00242800 0.00653200 0.02828800
v -0.00191600 0.00653200 0.02851400
v 0.00439200 0.00929200 0.02398900
v 0.00432200 0.00929200 0.02440800
v 0.00432200 0.00929200 0.02357100
v 0.00412000 0.00929200 0.02478000
v 0.00412000 0.00929200 0.02319800
v 0.00380900 0.00929200 0.02291100
v 0.00380900 0.00929200 0.02506800
v 0.00342000 0.00929200 0.02523800
v 0.00299800 0.00929200 0.02527300
v 0.00258700 0.00929200 0.02516900
v 0.00223200 0.00929200 0.02493700
v 0.00197100 0.00929200 0.02460200
v 0.00183400 0.00929200 0.02420100
v 0.00183400 0.00929200 0.02377700
v 0.00197100 0.00929200 0.02337600
v 0.00223200 0.00929200 0.02304200
v 0.00258700 0.00929200 0.02281000
v 0.00299800 0.00929200 0.02270600
v 0.00342000 0.00929200 0.02274100
v -0.00120700 0.00956800 0.02138800
v -0.00113700 0.00956800 0.02180600
v -0.00120700 0.00956800 0.02222400
v -0.00140900 0.00956800 0.02259700
v -0.00172100 0.00956800 0.02288400
v -0.00210900 0.00956800 0.02305500
v -0.00253100 0.00956800 0.02309000
v -0.00294200 0.00956800 0.02298600
v -0.00329700 0.00956800 0.02275400
v -0.00355800 0.00956800 0.02241900
v -0.00369600 0.00956800 0.02201800
v -0.00369600 0.00956800 0.02159400
v -0.00355800 0.00956800 0.02119300
v -0.00329700 0.00956800 0.02085800
v -0.00294200 0.00956800 0.02062700
v -0.00253100 0.00956800 0.02052200
v -0.00210900 0.00956800 0.02055800
v -0.00172100 0.00956800 0.02072800
v -0.00140900 0.00956800 0.02101500
v 0.00352600 0.00680800 0.03475200
v 0.00286800 0.00680800 0.03540400
v 0.00218000 0.00680800 0.03494900
v 0.00142100 0.00680800 0.03462500
v 0.00061700 0.00680800 0.03444200
v -0.00020600 0.00680800 0.03440500
v -0.00033700 0.00680800 0.03349000
v -0.00102400 0.00680800 0.03451500
v -0.00122400 0.00680800 0.03361800
v -0.00208000 0.00680800 0.03388700
v -0.00180800 0.00680800 0.03477000
v -0.00288000 0.00680800 0.03429100
v -0.00253400 0.00680800 0.03516100
v -0.00360500 0.00680800 0.03482000
v -0.00317900 0.00680800 0.03567500
v -0.00423400 0.00680800 0.03545800
v -0.00372100 0.00680800 0.03629600
v -0.00475200 0.00680800 0.03619000
v -0.00414400 0.00680800 0.03700400
v -0.00514400 0.00680800 0.03699700
v -0.00443400 0.00680800 0.03777600
v -0.00540000 0.00680800 0.03785600
v -0.00458100 0.00680800 0.03858800
v -0.00551400 0.00680800 0.03874600
v -0.00458100 0.00680800 0.03941200
v -0.00548300 0.00680800 0.03964200
v -0.00443400 0.00680800 0.04022400
v -0.00530600 0.00680800 0.04052100
v -0.00414400 0.00680800 0.04099600
v -0.00499000 0.00680800 0.04136000
v -0.00454200 0.00680800 0.04213700
v -0.00372100 0.00680800 0.04170400
v -0.00397400 0.00680800 0.04283100
v -0.00317900 0.00680800 0.04232500
v -0.00330100 0.00680800 0.04342400
v -0.00253400 0.00680800 0.04283900
v -0.00254200 0.00680800 0.04390000
v -0.00180800 0.00680800 0.04323000
v -0.00171500 0.00680800 0.04424700
v -0.00102400 0.00680800 0.04348500
v -0.00084300 0.00680800 0.04445500
v -0.00020600 0.00680800 0.04359500
v 0.00005200 0.00680800 0.04452000
v 0.00061700 0.00680800 0.04355800
v 0.00094500 0.00680800 0.04443800
v 0.00142100 0.00680800 0.04337500
v 0.00181300 0.00680800 0.04421400
v 0.00218000 0.00680800 0.04305100
v 0.00263300 0.00680800 0.04385200
v 0.00338400 0.00680800 0.04336100
v 0.00286800 0.00680800 0.04259600
v 0.00404500 0.00680800 0.04275600
v 0.00346400 0.00680800 0.04202600
v 0.00460000 0.00680800 0.04205100
v 0.00394900 0.00680800 0.04135900
v 0.00503300 0.00680800 0.04126600
v 0.00430700 0.00680800 0.04061600
v 0.00533400 0.00680800 0.04042100
v 0.00452600 0.00680800 0.03982100
v 0.00549400 0.00680800 0.03953900
v 0.00460000 0.00680800 0.03900000
v 0.00550800 0.00680800 0.03864200
v 0.00452600 0.00680800 0.03817900
v 0.00537800 0.00680800 0.03775500
v 0.00430700 0.00680800 0.03738400
v 0.00510500 0.00680800 0.03690100
v 0.00394900 0.00680800 0.03664100
v 0.00469800 0.00680800 0.03610200
v 0.00346400 0.00680800 0.03597400
v 0.00416700 0.00680800 0.03537900
v -0.00736000 0.00708400 0.01791100
v -0.00686900 0.00708400 0.01792000
v -0.00736000 0.00800400 0.01791100
v -0.00686900 0.00800400 0.01792000
v -0.00639400 0.00708400 0.01779800
v -0.00639400 0.00800400 0.01779800
v -0.00596800 0.00708400 0.01755500
v -0.00596800 0.00800400 0.01755500
v -0.00562100 0.00708400 0.01720800
v -0.00562100 0.00800400 0.01720800
v -0.00537800 0.00708400 0.01678200
v -0.00537800 0.00800400 0.01678200
v -0.00525700 0.00708400 0.01630600
v -0.00525700 0.00800400 0.01630600
v -0.00526500 0.00708400 0.01581600
v -0.00526500 0.00800400 0.01581600
v 0.00526500 0.00708400 0.01581600
v 0.00525700 0.00708400 0.01630600
v 0.00526500 0.00800400 0.01581600
v 0.00525700 0.00800400 0.01630600
v 0.00537800 0.00708400 0.01678200
v 0.00537800 0.00800400 0.01678200
v 0.00562100 0.00708400 0.01720800
v 0.00562100 0.00800400 0.01720800
v 0.00596800 0.00708400 0.01755500
v 0.00596800 0.00800400 0.01755500
v 0.00639400 0.00708400 0.01779800
v 0.00639400 0.00800400 0.01779800
v 0.00686900 0.00708400 0.01792000
v 0.00686900 0.00800400 0.01792000
v 0.00736000 0.00708400 0.01791100
v 0.00736000 0.00800400 0.01791100
v 0.00722900 0.00708400 0.04272400
v 0.00667800 0.00708400 0.04263500
v 0.00722900 0.00910800 0.04272400
v 0.00667800 0.00910800 0.04263500
v 0.00612300 0.00708400 0.04269600
v 0.00612300 0.00910800 0.04269600
v 0.00560500 0.00708400 0.04290200
v 0.00560500 0.00910800 0.04290200
v 0.00516000 0.00708400 0.04324000
v 0.00516000 0.00910800 0.04324000
v 0.00482200 0.00708400 0.04368500
v 0.00482200 0.00910800 0.04368500
v 0.00461600 0.00708400 0.04420300
v 0.00461600 0.00910800 0.04420300
v 0.00455500 0.00708400 0.04475800
v 0.00455500 0.00910800 0.04475800
v 0.00464400 0.00708400 0.04530900
v 0.00464400 0.00910800 0.04530900
v -0.00464400 0.00708400 0.04530900
v -0.00455500 0.00708400 0.04475800
v -0.00464400 0.00910800 0.04530900
v -0.00455500 0.00910800 0.04475800
v -0.00461600 0.00708400 0.04420300
v -0.00461600 0.00910800 0.04420300
v -0.00482200 0.00708400 0.04368500
v -0.00482200 0.00910800 0.04368500
v -0.00516000 0.00708400 0.04324000
v -0.00516000 0.00910800 0.04324000
v -0.00560500 0.00708400 0.04290200
v -0.00560500 0.00910800 0.04290200
v -0.00612300 0.00708400 0.04269600
v -0.00612300 0.00910800 0.04269600
v -0.00667800 0.00708400 0.04263500
v -0.00667800 0.00910800 0.04263500
v -0.00722900 0.00708400 0.04272400
v -0.00722900 0.00910800 0.04272400
v 0.00544500 0.00910800 0.03990900
v 0.00552000 0.00910800 0.03900000
v 0.00544500 0.00910800 0.03809100
v 0.00522100 0.00910800 0.03720800
v 0.00485500 0.00910800 0.03637300
v 0.00435600 0.00910800 0.03561000
v 0.00373900 0.00910800 0.03493900
v 0.00301900 0.00910800 0.03437900
v 0.00522100 0.00910800 0.04079200
v 0.00485500 0.00910800 0.04162700
v 0.00435600 0.00910800 0.04239000
v 0.00373900 0.00910800 0.04306100
v 0.00301900 0.00910800 0.04362100
v 0.00221700 0.00910800 0.04405500
v 0.00135500 0.00910800 0.04435100
v 0.00045600 0.00910800 0.04450100
v -0.00045600 0.00910800 0.04450100
v -0.00135500 0.00910800 0.04435100
v -0.00221700 0.00910800 0.04405500
v -0.00301900 0.00910800 0.04362100
v -0.00373900 0.00910800 0.04306100
v -0.00435600 0.00910800 0.04239000
v -0.00485500 0.00910800 0.04162700
v -0.00522100 0.00910800 0.04079200
v -0.00544500 0.00910800 0.03990900
v -0.00552000 0.00910800 0.03900000
v -0.00544500 0.00910800 0.03809100
v -0.00522100 0.00910800 0.03720800
v -0.00485500 0.00910800 0.03637300
v -0.00435600 0.00910800 0.03561000
v -0.00373900 0.00910800 0.03493900
v -0.00301900 0.00910800 0.03437900
v -0.00221700 0.00910800 0.03394500
v -0.00135500 0.00910800 0.03364900
v -0.00045600 0.00910800 0.03349900
v 0.00045600 0.00910800 0.03349900
v 0.00135500 0.00910800 0.03364900
v 0.00221700 0.00910800 0.03394500
v 0.00456500 0.01048800 0.02982500
v 0.00458100 0.01048800 0.03013600
v 0.00456500 0.00910800 0.02982500
v 0.00458100 0.00910800 0.03013600
v 0.00470000 0.01048800 0.03042400
v 0.00470000 0.00910800 0.03042400
v 0.00490800 0.01048800 0.03065500
v 0.00490800 0.00910800 0.03065500
v 0.00518100 0.01048800 0.03080400
v 0.00518100 0.00910800 0.03080400
v 0.00548900 0.01048800 0.03085300
v 0.00548900 0.00910800 0.03085300
v 0.00579500 0.00910800 0.03079700
v 0.00579500 0.01048800 0.03079700
v 0.00438200 0.01048800 0.02890400
v 0.00408800 0.01048800 0.02853100
v 0.00369300 0.01048800 0.02826700
v 0.00323600 0.01048800 0.02813800
v 0.00276100 0.01048800 0.02815700
v 0.00231500 0.01048800 0.02832100
v 0.00194200 0.01048800 0.02861500
v 0.00167800 0.01048800 0.02901000
v 0.00155000 0.01048800 0.02946800
v 0.00156800 0.01048800 0.02994200
v 0.00156800 0.00910800 0.02994200
v 0.00173300 0.00910800 0.03038800
v 0.00202700 0.00910800 0.03076000
v 0.00242200 0.00910800 0.03102400
v 0.00287900 0.00910800 0.03115300
v 0.00335300 0.00910800 0.03113400
v 0.00379900 0.00910800 0.03097000
v 0.00417200 0.00910800 0.03067600
v 0.00443500 0.00910800 0.03028200
v 0.00454600 0.01048800 0.02935000
v 0.00157500 0.00910800 0.03026600
v 0.00157500 0.01048800 0.03026600
v 0.00146900 0.00910800 0.03057100
v 0.00146900 0.01048800 0.03057100
v 0.00126400 0.00910800 0.03082200
v 0.00126400 0.01048800 0.03082200
v 0.00098500 0.00910800 0.03098500
v 0.00098500 0.01048800 0.03098500
v -0.00083200 0.01048800 0.03021600
v -0.00073800 0.01048800 0.03053800
v -0.00083200 0.00910800 0.03021600
v -0.00073800 0.00910800 0.03053800
v -0.00053400 0.01048800 0.03080500
v -0.00053400 0.00910800 0.03080500
v -0.00024700 0.01048800 0.03098100
v -0.00024700 0.00910800 0.03098100
v -0.00160000 0.01048800 0.02874200
v -0.00122200 0.01048800 0.02916300
v -0.00096100 0.01048800 0.02966500
v -0.00207100 0.01048800 0.02842800
v -0.00260500 0.01048800 0.02824200
v -0.00316900 0.01048800 0.02819500
v -0.00372700 0.01048800 0.02828900
v -0.00424400 0.01048800 0.02852000
v -0.00468700 0.01048800 0.02887200
v -0.00502800 0.01048800 0.02932300
v -0.00524700 0.01048800 0.02984500
v -0.00524700 0.00910800 0.02984500
v -0.00532800 0.00910800 0.03040300
v -0.00526800 0.00910800 0.03096400
v -0.00507100 0.00910800 0.03149300
v -0.00474900 0.00910800 0.03195600
v -0.00432100 0.00910800 0.03232500
v -0.00381600 0.00910800 0.03257600
v -0.00326400 0.00910800 0.03269300
v -0.00270000 0.00910800 0.03266900
v -0.00215900 0.00910800 0.03250700
v -0.00167600 0.00910800 0.03221500
v -0.00128100 0.00910800 0.03181200
v -0.00099800 0.00910800 0.03132400
v -0.00084500 0.00910800 0.03078000
v -0.00540000 0.00910800 0.03015500
v -0.00540000 0.01048800 0.03015500
v -0.00565700 0.00910800 0.03038600
v -0.00565700 0.01048800 0.03038600
v -0.00598200 0.00910800 0.03050700
v -0.00598200 0.01048800 0.03050700
v -0.00632800 0.00910800 0.03049800
v -0.00632800 0.01048800 0.03049800
v -0.00664600 0.00910800 0.03036300
v -0.00664600 0.01048800 0.03036300
v -0.00841800 0.00910800 0.02704000
v -0.00841800 0.01048800 0.02704000
v -0.00836500 0.00910800 0.02769100
v -0.00836500 0.01048800 0.02769100
v -0.00820600 0.01048800 0.02832400
v -0.00820600 0.00910800 0.02832400
v -0.00794700 0.01048800 0.02892300
v -0.00794700 0.00910800 0.02892300
v -0.00759400 0.01048800 0.02947200
v -0.00759400 0.00910800 0.02947200
v -0.00715700 0.01048800 0.02995600
v -0.00715700 0.00910800 0.02995600
v 0.00841800 0.00910800 0.02704000
v 0.00835700 0.00910800 0.02773300
v 0.00841800 0.01048800 0.02704000
v 0.00835700 0.01048800 0.02773300
v 0.00817800 0.00910800 0.02840600
v 0.00817800 0.01048800 0.02840600
v 0.00788400 0.00910800 0.02903700
v 0.00788400 0.01048800 0.02903700
v 0.00748600 0.00910800 0.02960800
v 0.00748600 0.01048800 0.02960800
v 0.00699400 0.00910800 0.03010100
v 0.00699400 0.01048800 0.03010100
v 0.00642500 0.01048800 0.03050100
v 0.00642500 0.00910800 0.03050100
v 0.00432200 0.01048800 0.02440800
v 0.00439200 0.01048800 0.02398900
v 0.00432200 0.01048800 0.02357100
v 0.00412000 0.01048800 0.02319800
v 0.00380900 0.01048800 0.02291100
v 0.00342000 0.01048800 0.02274100
v 0.00299800 0.01048800 0.02270600
v 0.00258700 0.01048800 0.02281000
v 0.00223200 0.01048800 0.02304200
v 0.00197100 0.01048800 0.02337600
v 0.00183400 0.01048800 0.02377700
v 0.00183400 0.01048800 0.02420100
v 0.00197100 0.01048800 0.02460200
v 0.00223200 0.01048800 0.02493700
v 0.00258700 0.01048800 0.02516900
v 0.00299800 0.01048800 0.02527300
v 0.00342000 0.01048800 0.02523800
v 0.00380900 0.01048800 0.02506800
v 0.00412000 0.01048800 0.02478000
v -0.00120700 0.01048800 0.02222400
v -0.00113700 0.01048800 0.02180600
v -0.00120700 0.01048800 0.02138800
v -0.00140900 0.01048800 0.02101500
v -0.00172100 0.01048800 0.02072800
v -0.00210900 0.01048800 0.02055800
v -0.00253100 0.01048800 0.02052200
v -0.00294200 0.01048800 0.02062700
v -0.00329700 0.01048800 0.02085800
v -0.00355800 0.01048800 0.02119300
v -0.00369600 0.01048800 0.02159400
v -0.00369600 0.01048800 0.02201800
v -0.00355800 0.01048800 0.02241900
v -0.00329700 0.01048800 0.02275400
v -0.00294200 0.01048800 0.02298600
v -0.00253100 0.01048800 0.02309000
v -0.00210900 0.01048800 0.02305500
v -0.00172100 0.01048800 0.02288400
v -0.00140900 0.01048800 0.02259700
v 0.00749800 0.01048800 0.01871400
v -0.00749800 0.01048800 0.01871400
v 0.00749800 0.00800400 0.01871400
v -0.00749800 0.00800400 0.01871400
v 0.00452600 0.00901600 0.03817900
v 0.00460000 0.00901600 0.03900000
v 0.00452600 0.00901600 0.03982100
v 0.00430700 0.00901600 0.04061600
v 0.00394900 0.00901600 0.04135900
v 0.00346400 0.00901600 0.04202600
v 0.00286800 0.00901600 0.04259600
v 0.00218000 0.00901600 0.04305100
v 0.00142100 0.00901600 0.04337500
v 0.00061700 0.00901600 0.04355800
v -0.00020600 0.00901600 0.04359500
v -0.00102400 0.00901600 0.04348500
v -0.00180800 0.00901600 0.04323000
v -0.00253400 0.00901600 0.04283900
v -0.00317900 0.00901600 0.04232500
v -0.00372100 0.00901600 0.04170400
v -0.00414400 0.00901600 0.04099600
v -0.00443400 0.00901600 0.04022400
v -0.00458100 0.00901600 0.03941200
v -0.00458100 0.00901600 0.03858800
v -0.00443400 0.00901600 0.03777600
v -0.00414400 0.00901600 0.03700400
v -0.00372100 0.00901600 0.03629600
v -0.00317900 0.00901600 0.03567500
v -0.00253400 0.00901600 0.03516100
v -0.00180800 0.00901600 0.03477000
v -0.00102400 0.00901600 0.03451500
v -0.00020600 0.00901600 0.03440500
v 0.00061700 0.00901600 0.03444200
v 0.00142100 0.00901600 0.03462500
v 0.00218000 0.00901600 0.03494900
v 0.00286800 0.00901600 0.03540400
v 0.00346400 0.00901600 0.03597400
v 0.00394900 0.00901600 0.03664100
v 0.00430700 0.00901600 0.03738400
v -0.00505000 0.00708400 0.01471300
v -0.00494000 0.00708400 0.01496800
v -0.00514500 0.00708400 0.01520700
v -0.00532700 0.00708400 0.01460700
v -0.00525800 0.00708400 0.01550100
v -0.00562300 0.00708400 0.01462800
v -0.00588300 0.00708400 0.01477200
v -0.00604900 0.00708400 0.01559100
v -0.00605900 0.00708400 0.01501100
v -0.00594000 0.00708400 0.01597800
v -0.00597000 0.00708400 0.01637900
v -0.00613700 0.00708400 0.01674500
v -0.00642000 0.00708400 0.01703100
v -0.00678400 0.00708400 0.01720200
v -0.00718400 0.00708400 0.01723800
v -0.00757300 0.00708400 0.01713300
v -0.00767500 0.00708400 0.01791800
v -0.00785600 0.00708400 0.01706800
v -0.00796900 0.00708400 0.01803100
v -0.00814200 0.00708400 0.01712500
v -0.00837800 0.00708400 0.01729500
v -0.00820800 0.00708400 0.01823600
v -0.00852300 0.00708400 0.01754800
v -0.00845700 0.00708400 0.01811300
v -0.00505000 0.00570400 0.01471300
v -0.00500300 0.00708400 0.01473800
v -0.00500300 0.00570400 0.01473800
v -0.00495200 0.00708400 0.01475300
v -0.00495200 0.00570400 0.01475300
v -0.00489900 0.00570400 0.01475800
v -0.00489900 0.00708400 0.01475800
v -0.00435500 0.00708400 0.01475800
v -0.00435500 0.00800400 0.01475800
v -0.00466600 0.00708400 0.01481200
v -0.00466600 0.00800400 0.01481200
v -0.00494000 0.00800400 0.01496800
v -0.00514500 0.00800400 0.01520700
v -0.00525800 0.00800400 0.01550100
v -0.00841800 0.00800400 0.01963400
v -0.00841800 0.00800400 0.01882100
v -0.00834800 0.00800400 0.01928200
v -0.00814900 0.00800400 0.01898400
v -0.00836400 0.00800400 0.01851000
v -0.00820800 0.00800400 0.01823600
v -0.00785000 0.00800400 0.01878400
v -0.00796900 0.00800400 0.01803100
v -0.00767500 0.00800400 0.01791800
v 0.00435500 0.00800400 0.01475800
v 0.00466600 0.00800400 0.01481200
v 0.00494000 0.00800400 0.01496800
v 0.00514500 0.00800400 0.01520700
v 0.00767500 0.00800400 0.01791800
v 0.00785000 0.00800400 0.01878400
v 0.00796900 0.00800400 0.01803100
v 0.00820800 0.00800400 0.01823600
v 0.00814900 0.00800400 0.01898400
v 0.00836400 0.00800400 0.01851000
v 0.00841800 0.00800400 0.01882100
v 0.00841800 0.00800400 0.01963400
v 0.00834800 0.00800400 0.01928200
v 0.00435500 0.00708400 0.01475800
v 0.00466600 0.00708400 0.01481200
v 0.00494000 0.00708400 0.01496800
v 0.00514500 0.00708400 0.01520700
v 0.00525800 0.00708400 0.01550100
v 0.00525800 0.00800400 0.01550100
v 0.00489900 0.00570400 0.01475800
v 0.00495200 0.00570400 0.01475300
v 0.00489900 0.00708400 0.01475800
v 0.00495200 0.00708400 0.01475300
v 0.00500300 0.00708400 0.01473800
v 0.00500300 0.00570400 0.01473800
v 0.00505000 0.00708400 0.01471300
v 0.00505000 0.00570400 0.01471300
v 0.00532700 0.00708400 0.01460700
v 0.00562300 0.00708400 0.01462800
v 0.00594000 0.00708400 0.01597800
v 0.00597000 0.00708400 0.01637900
v 0.00613700 0.00708400 0.01674500
v 0.00642000 0.00708400 0.01703100
v 0.00678400 0.00708400 0.01720200
v 0.00588300 0.00708400 0.01477200
v 0.00604900 0.00708400 0.01559100
v 0.00605900 0.00708400 0.01501100
v 0.00718400 0.00708400 0.01723800
v 0.00757300 0.00708400 0.01713300
v 0.00767500 0.00708400 0.01791800
v 0.00785600 0.00708400 0.01706800
v 0.00796900 0.00708400 0.01803100
v 0.00814200 0.00708400 0.01712500
v 0.00820800 0.00708400 0.01823600
v 0.00837800 0.00708400 0.01729500
v 0.00842200 0.00708400 0.01820600
v 0.00845700 0.00708400 0.01811300
v 0.00852300 0.00708400 0.01754800
v 0.00845700 0.00570400 0.01811300
v 0.00843600 0.00708400 0.01815800
v 0.00843600 0.00570400 0.01815800
v 0.00842200 0.00570400 0.01820600
v 0.00841800 0.00708400 0.01825500
v 0.00841800 0.00570400 0.01825500
v 0.00841800 0.00708400 0.01882100
v 0.00836400 0.00708400 0.01851000
v 0.00785000 0.01048800 0.01878400
v 0.00814900 0.01048800 0.01898400
v 0.00834800 0.01048800 0.01928200
v 0.00841800 0.01048800 0.01963400
v 0.00841800 0.00910800 0.04184500
v 0.00841800 0.00708400 0.04184500
v 0.00835500 0.00910800 0.04218000
v 0.00835500 0.00708400 0.04218000
v 0.00817300 0.00708400 0.04247000
v 0.00817300 0.00910800 0.04247000
v 0.00789800 0.00708400 0.04267300
v 0.00789800 0.00910800 0.04267300
v 0.00756900 0.00708400 0.04276200
v 0.00756900 0.00910800 0.04276200
v 0.00841800 0.00708400 0.04289400
v 0.00841800 0.00570400 0.04289400
v 0.00842100 0.00708400 0.04293500
v 0.00842100 0.00570400 0.04293500
v 0.00843000 0.00708400 0.04297400
v 0.00843000 0.00570400 0.04297400
v 0.00844400 0.00708400 0.04301200
v 0.00844400 0.00570400 0.04301200
v 0.00851000 0.00708400 0.04331500
v 0.00843600 0.00708400 0.04361600
v 0.00823800 0.00708400 0.04385400
v 0.00795600 0.00708400 0.04398200
v 0.00764600 0.00708400 0.04397400
v 0.00737200 0.00708400 0.04383000
v 0.00704900 0.00708400 0.04363500
v 0.00668100 0.00708400 0.04355500
v 0.00630600 0.00708400 0.04359900
v 0.00596600 0.00708400 0.04376100
v 0.00569700 0.00708400 0.04402400
v 0.00552700 0.00708400 0.04436000
v 0.00547400 0.00708400 0.04473400
v 0.00554600 0.00708400 0.04510400
v 0.00468200 0.00708400 0.04564900
v 0.00573300 0.00708400 0.04543100
v 0.00586700 0.00708400 0.04569600
v 0.00587600 0.00708400 0.04599300
v 0.00576000 0.00708400 0.04626700
v 0.00554000 0.00708400 0.04646600
v 0.00525600 0.00708400 0.04655400
v 0.00496100 0.00708400 0.04651500
v 0.00459300 0.00708400 0.04597800
v 0.00486600 0.00708400 0.04649800
v 0.00439000 0.00708400 0.04625300
v 0.00410000 0.00708400 0.04643500
v 0.00376500 0.00708400 0.04649800
v 0.00376500 0.00910800 0.04649800
v 0.00410000 0.00910800 0.04643500
v 0.00439000 0.00910800 0.04625300
v 0.00459300 0.00910800 0.04597800
v 0.00468200 0.00910800 0.04564900
v -0.00376500 0.00910800 0.04649800
v -0.00376500 0.00708400 0.04649800
v -0.00410000 0.00910800 0.04643500
v -0.00410000 0.00708400 0.04643500
v -0.00439000 0.00708400 0.04625300
v -0.00439000 0.00910800 0.04625300
v -0.00459300 0.00708400 0.04597800
v -0.00459300 0.00910800 0.04597800
v -0.00468200 0.00708400 0.04564900
v -0.00468200 0.00910800 0.04564900
v -0.00844400 0.00708400 0.04301200
v -0.00756900 0.00708400 0.04276200
v -0.00704900 0.00708400 0.04363500
v -0.00851000 0.00708400 0.04331500
v -0.00843600 0.00708400 0.04361600
v -0.00737200 0.00708400 0.04383000
v -0.00823800 0.00708400 0.04385400
v -0.00764600 0.00708400 0.04397400
v -0.00841800 0.00708400 0.04289400
v -0.00789800 0.00708400 0.04267300
v -0.00817300 0.00708400 0.04247000
v -0.00835500 0.00708400 0.04218000
v -0.00841800 0.00708400 0.04184500
v -0.00668100 0.00708400 0.04355500
v -0.00630600 0.00708400 0.04359900
v -0.00596600 0.00708400 0.04376100
v -0.00569700 0.00708400 0.04402400
v -0.00552700 0.00708400 0.04436000
v -0.00547400 0.00708400 0.04473400
v -0.00554600 0.00708400 0.04510400
v -0.00573300 0.00708400 0.04543100
v -0.00586700 0.00708400 0.04569600
v -0.00587600 0.00708400 0.04599300
v -0.00576000 0.00708400 0.04626700
v -0.00489800 0.00708400 0.04650000
v -0.00486600 0.00708400 0.04649800
v -0.00493000 0.00708400 0.04650600
v -0.00554000 0.00708400 0.04646600
v -0.00841800 0.00708400 0.01825500
v -0.00841800 0.00570400 0.01825500
v -0.00842200 0.00708400 0.01820600
v -0.00842200 0.00570400 0.01820600
v -0.00843600 0.00708400 0.01815800
v -0.00843600 0.00570400 0.01815800
v -0.00845700 0.00570400 0.01811300
v -0.00844400 0.00570400 0.04301200
v -0.00843000 0.00570400 0.04297400
v -0.00843000 0.00708400 0.04297400
v -0.00842100 0.00708400 0.04293500
v -0.00842100 0.00570400 0.04293500
v -0.00841800 0.00570400 0.04289400
v -0.00841800 0.00910800 0.04184500
v -0.00835500 0.00910800 0.04218000
v -0.00817300 0.00910800 0.04247000
v -0.00789800 0.00910800 0.04267300
v -0.00756900 0.00910800 0.04276200
v -0.00841800 0.01048800 0.01963400
v -0.00785000 0.01048800 0.01878400
v -0.00814900 0.01048800 0.01898400
v -0.00834800 0.01048800 0.01928200
v -0.00836400 0.00708400 0.01851000
v -0.00841800 0.00708400 0.01882100
v 0.00368000 0.00901600 0.03900000
v 0.00360500 0.00901600 0.03974100
v 0.00338200 0.00901600 0.04045100
v 0.00302000 0.00901600 0.04110200
v 0.00253500 0.00901600 0.04166700
v 0.00194700 0.00901600 0.04212300
v 0.00127800 0.00901600 0.04245100
v 0.00055700 0.00901600 0.04263800
v -0.00018600 0.00901600 0.04267500
v -0.00092200 0.00901600 0.04256200
v -0.00162100 0.00901600 0.04230400
v -0.00225300 0.00901600 0.04191000
v -0.00279200 0.00901600 0.04139700
v -0.00321800 0.00901600 0.04078600
v -0.00351100 0.00901600 0.04010200
v -0.00366100 0.00901600 0.03937200
v -0.00366100 0.00901600 0.03862800
v -0.00351100 0.00901600 0.03789800
v -0.00321800 0.00901600 0.03721400
v -0.00279200 0.00901600 0.03660300
v -0.00225300 0.00901600 0.03609000
v -0.00162100 0.00901600 0.03569600
v -0.00092200 0.00901600 0.03543800
v -0.00018600 0.00901600 0.03532500
v 0.00055700 0.00901600 0.03536200
v 0.00127800 0.00901600 0.03554900
v 0.00194700 0.00901600 0.03587700
v 0.00253500 0.00901600 0.03633300
v 0.00302000 0.00901600 0.03689800
v 0.00338200 0.00901600 0.03754900
v 0.00360500 0.00901600 0.03825900
v 0.00625600 0.00864800 0.01416000
v -0.00625600 0.00864800 0.01416000
v 0.00797600 0.00570400 0.01646200
v 0.00797600 0.00864800 0.01646200
v 0.00805000 0.00570400 0.01609200
v 0.00805000 0.00864800 0.01609200
v 0.00797600 0.00570400 0.01572200
v 0.00797600 0.00864800 0.01572200
v 0.00776700 0.00570400 0.01540900
v 0.00776700 0.00864800 0.01540900
v 0.00745400 0.00570400 0.01520000
v 0.00745400 0.00864800 0.01520000
v 0.00708400 0.00570400 0.01512600
v 0.00708400 0.00864800 0.01512600
v 0.00671400 0.00570400 0.01520000
v 0.00671400 0.00864800 0.01520000
v 0.00640100 0.00570400 0.01540900
v 0.00640100 0.00864800 0.01540900
v 0.00619200 0.00570400 0.01572200
v 0.00619200 0.00864800 0.01572200
v 0.00611800 0.00570400 0.01609200
v 0.00611800 0.00864800 0.01609200
v 0.00619200 0.00570400 0.01646200
v 0.00619200 0.00864800 0.01646200
v 0.00640100 0.00570400 0.01677500
v 0.00640100 0.00864800 0.01677500
v 0.00671400 0.00570400 0.01698400
v 0.00671400 0.00864800 0.01698400
v 0.00708400 0.00570400 0.01705800
v 0.00708400 0.00864800 0.01705800
v 0.00745400 0.00570400 0.01698400
v 0.00745400 0.00864800 0.01698400
v 0.00776700 0.00570400 0.01677500
v 0.00776700 0.00864800 0.01677500
v -0.00619200 0.00570400 0.01646200
v -0.00619200 0.00864800 0.01646200
v -0.00611800 0.00570400 0.01609200
v -0.00611800 0.00864800 0.01609200
v -0.00619200 0.00570400 0.01572200
v -0.00619200 0.00864800 0.01572200
v -0.00640100 0.00570400 0.01540900
v -0.00640100 0.00864800 0.01540900
v -0.00671400 0.00570400 0.01520000
v -0.00671400 0.00864800 0.01520000
v -0.00708400 0.00570400 0.01512600
v -0.00708400 0.00864800 0.01512600
v -0.00745400 0.00570400 0.01520000
v -0.00745400 0.00864800 0.01520000
v -0.00776700 0.00570400 0.01540900
v -0.00776700 0.00864800 0.01540900
v -0.00797600 0.00570400 0.01572200
v -0.00797600 0.00864800 0.01572200
v -0.00805000 0.00570400 0.01609200
v -0.00805000 0.00864800 0.01609200
v -0.00797600 0.00570400 0.01646200
v -0.00797600 0.00864800 0.01646200
v -0.00776700 0.00570400 0.01677500
v -0.00776700 0.00864800 0.01677500
v -0.00745400 0.00570400 0.01698400
v -0.00745400 0.00864800 0.01698400
v -0.00708400 0.00570400 0.01705800
v -0.00708400 0.00864800 0.01705800
v -0.00671400 0.00570400 0.01698400
v -0.00671400 0.00864800 0.01698400
v -0.00640100 0.00570400 0.01677500
v -0.00640100 0.00864800 0.01677500
v -0.00573200 0.00570400 0.04507400
v -0.00573200 0.00818800 0.04507400
v -0.00565800 0.00570400 0.04470400
v -0.00565800 0.00818800 0.04470400
v -0.00573200 0.00570400 0.04433400
v -0.00573200 0.00818800 0.04433400
v -0.00594100 0.00570400 0.04402100
v -0.00594100 0.00818800 0.04402100
v -0.00625400 0.00570400 0.04381200
v -0.00625400 0.00818800 0.04381200
v -0.00662400 0.00570400 0.04373800
v -0.00662400 0.00818800 0.04373800
v -0.00699400 0.00570400 0.04381200
v -0.00699400 0.00818800 0.04381200
v -0.00730700 0.00570400 0.04402100
v -0.00730700 0.00818800 0.04402100
v -0.00751600 0.00570400 0.04433400
v -0.00751600 0.00818800 0.04433400
v -0.00759000 0.00570400 0.04470400
v -0.00759000 0.00818800 0.04470400
v -0.00751600 0.00570400 0.04507400
v -0.00751600 0.00818800 0.04507400
v -0.00730700 0.00570400 0.04538700
v -0.00730700 0.00818800 0.04538700
v -0.00699400 0.00570400 0.04559600
v -0.00699400 0.00818800 0.04559600
v -0.00662400 0.00570400 0.04567000
v -0.00662400 0.00818800 0.04567000
v -0.00625400 0.00570400 0.04559600
v -0.00625400 0.00818800 0.04559600
v -0.00594100 0.00570400 0.04538700
v -0.00594100 0.00818800 0.04538700
v -0.00757300 0.00570400 0.01713300
v -0.00785600 0.00570400 0.01706800
v -0.00814200 0.00570400 0.01712500
v -0.00837800 0.00570400 0.01729500
v -0.00852300 0.00570400 0.01754800
v -0.00855100 0.00708400 0.01783700
v -0.00855100 0.00570400 0.01783700
v -0.00718400 0.00570400 0.01723800
v -0.00678400 0.00570400 0.01720200
v -0.00642000 0.00570400 0.01703100
v -0.00613700 0.00570400 0.01674500
v -0.00597000 0.00570400 0.01637900
v -0.00594000 0.00570400 0.01597800
v -0.00604900 0.00570400 0.01559100
v -0.00611800 0.00708400 0.01530200
v -0.00611800 0.00570400 0.01530200
v -0.00605900 0.00570400 0.01501100
v -0.00588300 0.00570400 0.01477200
v -0.00562300 0.00570400 0.01462800
v -0.00532700 0.00570400 0.01460700
v 0.00604900 0.00570400 0.01559100
v 0.00611800 0.00570400 0.01530200
v 0.00611800 0.00708400 0.01530200
v 0.00605900 0.00570400 0.01501100
v 0.00588300 0.00570400 0.01477200
v 0.00562300 0.00570400 0.01462800
v 0.00532700 0.00570400 0.01460700
v 0.00594000 0.00570400 0.01597800
v 0.00597000 0.00570400 0.01637900
v 0.00613700 0.00570400 0.01674500
v 0.00642000 0.00570400 0.01703100
v 0.00678400 0.00570400 0.01720200
v 0.00718400 0.00570400 0.01723800
v 0.00757300 0.00570400 0.01713300
v 0.00785600 0.00570400 0.01706800
v 0.00814200 0.00570400 0.01712500
v 0.00837800 0.00570400 0.01729500
v 0.00852300 0.00570400 0.01754800
v 0.00855100 0.00570400 0.01783700
v 0.00855100 0.00708400 0.01783700
v 0.00737200 0.00570400 0.04383000
v 0.00764600 0.00570400 0.04397400
v 0.00795600 0.00570400 0.04398200
v 0.00823800 0.00570400 0.04385400
v 0.00843600 0.00570400 0.04361600
v 0.00851000 0.00570400 0.04331500
v 0.00704900 0.00570400 0.04363500
v 0.00668100 0.00570400 0.04355500
v 0.00630600 0.00570400 0.04359900
v 0.00596600 0.00570400 0.04376100
v 0.00569700 0.00570400 0.04402400
v 0.00552700 0.00570400 0.04436000
v 0.00547400 0.00570400 0.04473400
v 0.00554600 0.00570400 0.04510400
v 0.00573300 0.00570400 0.04543100
v 0.00586700 0.00570400 0.04569600
v 0.00587600 0.00570400 0.04599300
v 0.00576000 0.00570400 0.04626700
v 0.00554000 0.00570400 0.04646600
v 0.00525600 0.00570400 0.04655400
v 0.00496100 0.00570400 0.04651500
v -0.00486600 0.00570400 0.04649800
v 0.00486600 0.00570400 0.04649800
v -0.00573300 0.00570400 0.04543100
v -0.00586700 0.00570400 0.04569600
v -0.00587600 0.00570400 0.04599300
v -0.00576000 0.00570400 0.04626700
v -0.00554000 0.00570400 0.04646600
v -0.00525600 0.00708400 0.04655400
v -0.00525600 0.00570400 0.04655400
v -0.00496100 0.00708400 0.04651500
v -0.00496100 0.00570400 0.04651500
v -0.00554600 0.00570400 0.04510400
v -0.00547400 0.00570400 0.04473400
v -0.00552700 0.00570400 0.04436000
v -0.00569700 0.00570400 0.04402400
v -0.00596600 0.00570400 0.04376100
v -0.00630600 0.00570400 0.04359900
v -0.00668100 0.00570400 0.04355500
v -0.00704900 0.00570400 0.04363500
v -0.00737200 0.00570400 0.04383000
v -0.00764600 0.00570400 0.04397400
v -0.00795600 0.00570400 0.04398200
v -0.00795600 0.00708400 0.04398200
v -0.00823800 0.00570400 0.04385400
v -0.00843600 0.00570400 0.04361600
v -0.00851000 0.00570400 0.04331500
v -0.00716400 0.00818800 0.04618500
v -0.00660100 0.00818800 0.04654400
v -0.00610100 0.00818800 0.04646800
v -0.00564100 0.00818800 0.04625900
v -0.00525400 0.00818800 0.04593300
v -0.00497200 0.00818800 0.04551300
v -0.00481400 0.00818800 0.04503300
v -0.00479200 0.00818800 0.04452800
v -0.00491000 0.00818800 0.04403600
v -0.00515600 0.00818800 0.04359400
v -0.00551400 0.00818800 0.04323600
v -0.00595600 0.00818800 0.04299000
v -0.00644800 0.00818800 0.04287200
v -0.00695300 0.00818800 0.04289400
v -0.00743300 0.00818800 0.04305200
v -0.00785300 0.00818800 0.04333400
v -0.00817900 0.00818800 0.04372000
v -0.00838800 0.00818800 0.04418100
v -0.00846400 0.00818800 0.04468100
v -0.00810500 0.00818800 0.04524400
v -0.00766900 0.00818800 0.04574900
v 0.00441600 0.01002800 0.04709600
v -0.00441600 0.01002800 0.04709600
v -0.00846400 0.01002800 0.04468100
v -0.00838800 0.01002800 0.04418100
v -0.00817900 0.01002800 0.04372000
v -0.00785300 0.01002800 0.04333400
v -0.00743300 0.01002800 0.04305200
v -0.00695300 0.01002800 0.04289400
v -0.00644800 0.01002800 0.04287200
v -0.00595600 0.01002800 0.04299000
v -0.00551400 0.01002800 0.04323600
v -0.00515600 0.01002800 0.04359400
v -0.00491000 0.01002800 0.04403600
v -0.00479200 0.01002800 0.04452800
v -0.00481400 0.01002800 0.04503300
v -0.00497200 0.01002800 0.04551300
v -0.00525400 0.01002800 0.04593300
v -0.00564100 0.01002800 0.04625900
v -0.00610100 0.01002800 0.04646800
v -0.00660100 0.01002800 0.04654400
v 0.00360500 0.01002800 0.03825900
v 0.00368000 0.01002800 0.03900000
v 0.00360500 0.01002800 0.03974100
v 0.00338200 0.01002800 0.04045100
v 0.00302000 0.01002800 0.04110200
v 0.00253500 0.01002800 0.04166700
v 0.00194700 0.01002800 0.04212300
v 0.00127800 0.01002800 0.04245100
v 0.00055700 0.01002800 0.04263800
v -0.00018600 0.01002800 0.04267500
v -0.00092200 0.01002800 0.04256200
v -0.00162100 0.01002800 0.04230400
v -0.00225300 0.01002800 0.04191000
v -0.00279200 0.01002800 0.04139700
v -0.00321800 0.01002800 0.04078600
v -0.00351100 0.01002800 0.04010200
v -0.00366100 0.01002800 0.03937200
v -0.00366100 0.01002800 0.03862800
v -0.00351100 0.01002800 0.03789800
v -0.00321800 0.01002800 0.03721400
v -0.00279200 0.01002800 0.03660300
v -0.00225300 0.01002800 0.03609000
v -0.00162100 0.01002800 0.03569600
v -0.00092200 0.01002800 0.03543800
v -0.00018600 0.01002800 0.03532500
v 0.00055700 0.01002800 0.03536200
v 0.00127800 0.01002800 0.03554900
v 0.00194700 0.01002800 0.03587700
v 0.00253500 0.01002800 0.03633300
v 0.00302000 0.01002800 0.03689800
v 0.00338200 0.01002800 0.03754900
v 0.00751600 0.00570400 0.04507400
v 0.00751600 0.01002800 0.04507400
v 0.00759000 0.00570400 0.04470400
v 0.00759000 0.01002800 0.04470400
v 0.00751600 0.00570400 0.04433400
v 0.00751600 0.01002800 0.04433400
v 0.00730700 0.00570400 0.04402100
v 0.00730700 0.01002800 0.04402100
v 0.00699400 0.00570400 0.04381200
v 0.00699400 0.01002800 0.04381200
v 0.00662400 0.00570400 0.04373800
v 0.00662400 0.01002800 0.04373800
v 0.00625400 0.00570400 0.04381200
v 0.00625400 0.01002800 0.04381200
v 0.00594100 0.00570400 0.04402100
v 0.00594100 0.01002800 0.04402100
v 0.00573200 0.00570400 0.04433400
v 0.00573200 0.01002800 0.04433400
v 0.00565800 0.00570400 0.04470400
v 0.00565800 0.01002800 0.04470400
v 0.00573200 0.00570400 0.04507400
v 0.00573200 0.01002800 0.04507400
v 0.00594100 0.00570400 0.04538700
v 0.00594100 0.01002800 0.04538700
v 0.00625400 0.00570400 0.04559600
v 0.00625400 0.01002800 0.04559600
v 0.00662400 0.00570400 0.04567000
v 0.00662400 0.01002800 0.04567000
v 0.00699400 0.00570400 0.04559600
v 0.00699400 0.01002800 0.04559600
v 0.00730700 0.00570400 0.04538700
v 0.00730700 0.01002800 0.04538700
v 0.00901600 0.01002800 0.04249600
v 0.00894600 0.01002800 0.04329500
v 0.00873900 0.01002800 0.04406900
v 0.00840000 0.01002800 0.04479600
v 0.00794000 0.01002800 0.04545300
v 0.00737300 0.01002800 0.04602000
v 0.00671600 0.01002800 0.04648000
v 0.00598900 0.01002800 0.04681900
v 0.00521500 0.01002800 0.04702600
v 0.00687000 0.00864800 0.01422900
v 0.00745400 0.00864800 0.01443300
v 0.00797700 0.00864800 0.01476200
v 0.00841400 0.00864800 0.01519900
v 0.00874300 0.00864800 0.01572200
v 0.00894700 0.00864800 0.01630600
v 0.00901600 0.00864800 0.01692000
v 0.00901600 0.00864800 0.01811600
v -0.00687000 0.00864800 0.01422900
v -0.00745400 0.00864800 0.01443300
v -0.00797700 0.00864800 0.01476200
v -0.00841400 0.00864800 0.01519900
v -0.00874300 0.00864800 0.01572200
v -0.00894700 0.00864800 0.01630600
v -0.00901600 0.00864800 0.01692000
v -0.00901600 0.00864800 0.01811600
v -0.00590700 0.01002800 0.04684800
v -0.00876800 0.01002800 0.04398700
v -0.00895400 0.01002800 0.04325200
v -0.00901600 0.01002800 0.04249600
v -0.00517200 0.01002800 0.04703400
v -0.00671600 0.01002800 0.03102400
v -0.00598900 0.01002800 0.03136300
v -0.00521500 0.01002800 0.03157000
v -0.00441600 0.01002800 0.03164000
v 0.00901600 0.01002800 0.02704000
v 0.00894600 0.01002800 0.02783900
v 0.00873900 0.01002800 0.02861300
v 0.00840000 0.01002800 0.02934000
v 0.00794000 0.01002800 0.02999700
v 0.00737300 0.01002800 0.03056400
v 0.00671600 0.01002800 0.03102400
v 0.00598900 0.01002800 0.03136300
v 0.00521500 0.01002800 0.03157000
v 0.00441600 0.01002800 0.03164000
v -0.00737300 0.01002800 0.03056400
v -0.00794000 0.01002800 0.02999700
v -0.00840000 0.01002800 0.02934000
v -0.00873900 0.01002800 0.02861300
v -0.00894600 0.01002800 0.02783900
v -0.00901600 0.01002800 0.02704000
v 0.00901600 0.01232800 0.02704000
v 0.00901600 0.01232800 0.01811600
v -0.00901600 0.01232800 0.01811600
v -0.00901600 0.01232800 0.02704000
v -0.00441600 0.01232800 0.03164000
v -0.00521500 0.01232800 0.03157000
v -0.00598900 0.01232800 0.03136300
v -0.00671600 0.01232800 0.03102400
v -0.00737300 0.01232800 0.03056400
v -0.00794000 0.01232800 0.02999700
v -0.00840000 0.01232800 0.02934000
v -0.00873900 0.01232800 0.02861300
v -0.00894600 0.01232800 0.02783900
v 0.00441600 0.01232800 0.03164000
v 0.00894600 0.01232800 0.02783900
v 0.00873900 0.01232800 0.02861300
v 0.00840000 0.01232800 0.02934000
v 0.00794000 0.01232800 0.02999700
v 0.00737300 0.01232800 0.03056400
v 0.00671600 0.01232800 0.03102400
v 0.00598900 0.01232800 0.03136300
v 0.00521500 0.01232800 0.03157000
v 0.00046000 -0.00910800 0.04511800
v -0.00046000 -0.00910800 0.04511800
v 0.00046000 -0.00708400 0.04511800
v -0.00046000 -0.00708400 0.04511800
v 0.00703800 -0.00910800 0.03624000
v 0.00703800 -0.00910800 0.03716000
v 0.00703800 -0.00708400 0.03624000
v 0.00703800 -0.00708400 0.03716000
v -0.00046000 -0.00910800 0.04557800
v -0.00046000 -0.00708400 0.04557800
v 0.00046000 -0.00708400 0.04557800
v 0.00046000 -0.00910800 0.04557800
v 0.00749800 -0.00910800 0.03716000
v 0.00749800 -0.00708400 0.03716000
v 0.00749800 -0.00708400 0.03624000
v 0.00749800 -0.00910800 0.03624000
v 0.00732900 -0.00800400 0.01740300
v 0.00690000 -0.00800400 0.01741300
v 0.00732900 -0.00966000 0.01740300
v 0.00690000 -0.00966000 0.01741300
v 0.00648900 -0.00800400 0.01728600
v 0.00648900 -0.00966000 0.01728600
v 0.00614100 -0.00800400 0.01703500
v 0.00614100 -0.00966000 0.01703500
v 0.00589000 -0.00800400 0.01668700
v 0.00589000 -0.00966000 0.01668700
v 0.00576300 -0.00800400 0.01627600
v 0.00576300 -0.00966000 0.01627600
v 0.00577300 -0.00800400 0.01584700
v 0.00577300 -0.00966000 0.01584700
v -0.00577300 -0.00800400 0.01584700
v -0.00576300 -0.00800400 0.01627600
v -0.00577300 -0.00966000 0.01584700
v -0.00576300 -0.00966000 0.01627600
v -0.00589000 -0.00800400 0.01668700
v -0.00589000 -0.00966000 0.01668700
v -0.00614100 -0.00800400 0.01703500
v -0.00614100 -0.00966000 0.01703500
v -0.00648900 -0.00800400 0.01728600
v -0.00648900 -0.00966000 0.01728600
v -0.00690000 -0.00800400 0.01741300
v -0.00690000 -0.00966000 0.01741300
v -0.00732900 -0.00800400 0.01740300
v -0.00732900 -0.00966000 0.01740300
v -0.00749800 -0.01067200 0.01871400
v 0.00749800 -0.01067200 0.01871400
v -0.00749800 -0.00966000 0.01871400
v 0.00749800 -0.00966000 0.01871400
v -0.00703800 -0.00708400 0.03716000
v -0.00749800 -0.00708400 0.03716000
v -0.00703800 -0.00910800 0.03716000
v -0.00749800 -0.00910800 0.03716000
v -0.00703800 -0.00708400 0.03624000
v -0.00841800 -0.00708400 0.03624000
v -0.00785000 -0.00708400 0.03723000
v -0.00814900 -0.00708400 0.03743000
v -0.00834800 -0.00708400 0.03772800
v -0.00841800 -0.00708400 0.03808000
v -0.00785000 -0.00910800 0.03723000
v -0.00814900 -0.00910800 0.03743000
v -0.00834800 -0.00910800 0.03772800
v -0.00841800 -0.00910800 0.03808000
v -0.00841800 -0.00708400 0.04289400
v -0.00841800 -0.00570400 0.04289400
v -0.00842100 -0.00708400 0.04293500
v -0.00842100 -0.00570400 0.04293500
v -0.00843000 -0.00708400 0.04297400
v -0.00843000 -0.00570400 0.04297400
v -0.00844400 -0.00708400 0.04301200
v -0.00844400 -0.00570400 0.04301200
v -0.00496100 -0.00708400 0.04651500
v -0.00459300 -0.00708400 0.04597800
v -0.00468200 -0.00708400 0.04564900
v -0.00525600 -0.00708400 0.04655400
v -0.00554000 -0.00708400 0.04646600
v -0.00576000 -0.00708400 0.04626700
v -0.00587600 -0.00708400 0.04599300
v -0.00586700 -0.00708400 0.04569600
v -0.00573300 -0.00708400 0.04543100
v -0.00554600 -0.00708400 0.04510400
v -0.00464400 -0.00708400 0.04530900
v -0.00547400 -0.00708400 0.04473400
v -0.00455500 -0.00708400 0.04475800
v -0.00461600 -0.00708400 0.04420300
v -0.00486600 -0.00708400 0.04649800
v -0.00439000 -0.00708400 0.04625300
v -0.00410000 -0.00708400 0.04643500
v -0.00376500 -0.00708400 0.04649800
v -0.00552700 -0.00708400 0.04436000
v -0.00482200 -0.00708400 0.04368500
v -0.00569700 -0.00708400 0.04402400
v -0.00516000 -0.00708400 0.04324000
v -0.00596600 -0.00708400 0.04376100
v -0.00560500 -0.00708400 0.04290200
v -0.00630600 -0.00708400 0.04359900
v -0.00612300 -0.00708400 0.04269600
v -0.00668100 -0.00708400 0.04355500
v -0.00667800 -0.00708400 0.04263500
v -0.00722900 -0.00708400 0.04272400
v -0.00704900 -0.00708400 0.04363500
v -0.00756900 -0.00708400 0.04276200
v -0.00737200 -0.00708400 0.04383000
v -0.00764600 -0.00708400 0.04397400
v -0.00795600 -0.00708400 0.04398200
v -0.00823800 -0.00708400 0.04385400
v -0.00843600 -0.00708400 0.04361600
v -0.00851000 -0.00708400 0.04331500
v -0.00789800 -0.00708400 0.04267300
v -0.00817300 -0.00708400 0.04247000
v -0.00835500 -0.00708400 0.04218000
v -0.00841800 -0.00708400 0.04184500
v -0.00053000 -0.00708400 0.04593000
v -0.00053000 -0.00910800 0.04593000
v -0.00072900 -0.00708400 0.04622800
v -0.00072900 -0.00910800 0.04622800
v -0.00102800 -0.00708400 0.04642800
v -0.00102800 -0.00910800 0.04642800
v -0.00138000 -0.00708400 0.04649800
v -0.00138000 -0.00910800 0.04649800
v 0.00053000 -0.00708400 0.04593000
v 0.00072900 -0.00708400 0.04622800
v 0.00102800 -0.00708400 0.04642800
v 0.00138000 -0.00708400 0.04649800
v 0.00053000 -0.00910800 0.04593000
v 0.00072900 -0.00910800 0.04622800
v 0.00102800 -0.00910800 0.04642800
v 0.00138000 -0.00910800 0.04649800
v 0.00486600 -0.00708400 0.04649800
v 0.00439000 -0.00708400 0.04625300
v 0.00410000 -0.00708400 0.04643500
v 0.00376500 -0.00708400 0.04649800
v 0.00489800 -0.00708400 0.04650000
v 0.00576000 -0.00708400 0.04626700
v 0.00459300 -0.00708400 0.04597800
v 0.00493000 -0.00708400 0.04650600
v 0.00554000 -0.00708400 0.04646600
v 0.00587600 -0.00708400 0.04599300
v 0.00586700 -0.00708400 0.04569600
v 0.00468200 -0.00708400 0.04564900
v 0.00573300 -0.00708400 0.04543100
v 0.00464400 -0.00708400 0.04530900
v 0.00554600 -0.00708400 0.04510400
v 0.00455500 -0.00708400 0.04475800
v 0.00547400 -0.00708400 0.04473400
v 0.00552700 -0.00708400 0.04436000
v 0.00461600 -0.00708400 0.04420300
v 0.00569700 -0.00708400 0.04402400
v 0.00482200 -0.00708400 0.04368500
v 0.00596600 -0.00708400 0.04376100
v 0.00516000 -0.00708400 0.04324000
v 0.00630600 -0.00708400 0.04359900
v 0.00560500 -0.00708400 0.04290200
v 0.00668100 -0.00708400 0.04355500
v 0.00612300 -0.00708400 0.04269600
v 0.00667800 -0.00708400 0.04263500
v 0.00722900 -0.00708400 0.04272400
v 0.00704900 -0.00708400 0.04363500
v 0.00756900 -0.00708400 0.04276200
v 0.00844400 -0.00708400 0.04301200
v 0.00737200 -0.00708400 0.04383000
v 0.00843600 -0.00708400 0.04361600
v 0.00851000 -0.00708400 0.04331500
v 0.00823800 -0.00708400 0.04385400
v 0.00764600 -0.00708400 0.04397400
v 0.00841800 -0.00708400 0.04289400
v 0.00789800 -0.00708400 0.04267300
v 0.00817300 -0.00708400 0.04247000
v 0.00835500 -0.00708400 0.04218000
v 0.00841800 -0.00708400 0.04184500
v 0.00844400 -0.00570400 0.04301200
v 0.00843000 -0.00570400 0.04297400
v 0.00843000 -0.00708400 0.04297400
v 0.00842100 -0.00708400 0.04293500
v 0.00842100 -0.00570400 0.04293500
v 0.00841800 -0.00570400 0.04289400
v 0.00785000 -0.00708400 0.03723000
v 0.00785000 -0.00910800 0.03723000
v 0.00814900 -0.00708400 0.03743000
v 0.00814900 -0.00910800 0.03743000
v 0.00834800 -0.00708400 0.03772800
v 0.00834800 -0.00910800 0.03772800
v 0.00841800 -0.00708400 0.03808000
v 0.00841800 -0.00910800 0.03808000
v 0.00785000 -0.00708400 0.03617000
v 0.00814900 -0.00708400 0.03597000
v 0.00834800 -0.00708400 0.03567200
v 0.00841800 -0.00708400 0.03532000
v 0.00785000 -0.00910800 0.03617000
v 0.00814900 -0.00910800 0.03597000
v 0.00834800 -0.00910800 0.03567200
v 0.00841800 -0.00910800 0.03532000
v 0.00841800 -0.01067200 0.01963400
v 0.00841800 -0.00966000 0.01963400
v 0.00834800 -0.01067200 0.01928200
v 0.00834800 -0.00966000 0.01928200
v 0.00814900 -0.01067200 0.01898400
v 0.00814900 -0.00966000 0.01898400
v 0.00785000 -0.01067200 0.01878400
v 0.00785000 -0.00966000 0.01878400
v 0.00752300 -0.00800400 0.01738800
v 0.00765000 -0.00966000 0.01740000
v 0.00771700 -0.00800400 0.01741400
v 0.00795300 -0.00966000 0.01750800
v 0.00790000 -0.00800400 0.01748000
v 0.00806500 -0.00800400 0.01758300
v 0.00820000 -0.00966000 0.01771300
v 0.00820500 -0.00800400 0.01771900
v 0.00831300 -0.00800400 0.01788200
v 0.00836200 -0.00966000 0.01799100
v 0.00838500 -0.00800400 0.01806300
v 0.00841800 -0.00966000 0.01830800
v 0.00841600 -0.00800400 0.01825500
v 0.00841800 -0.00800400 0.01830800
v 0.00841800 -0.00800400 0.01825500
v 0.00841800 -0.00570400 0.01825500
v 0.00842200 -0.00800400 0.01820600
v 0.00842200 -0.00570400 0.01820600
v 0.00843600 -0.00800400 0.01815800
v 0.00843600 -0.00570400 0.01815800
v 0.00845700 -0.00800400 0.01811300
v 0.00845700 -0.00570400 0.01811300
v 0.00520700 -0.00800400 0.01482300
v 0.00547600 -0.00800400 0.01498800
v 0.00532700 -0.00800400 0.01460700
v 0.00562300 -0.00800400 0.01462800
v 0.00567400 -0.00800400 0.01523300
v 0.00588300 -0.00800400 0.01477200
v 0.00605900 -0.00800400 0.01501100
v 0.00577700 -0.00800400 0.01553200
v 0.00611800 -0.00800400 0.01530200
v 0.00604900 -0.00800400 0.01559100
v 0.00594000 -0.00800400 0.01597800
v 0.00597000 -0.00800400 0.01637900
v 0.00613700 -0.00800400 0.01674500
v 0.00642000 -0.00800400 0.01703100
v 0.00678400 -0.00800400 0.01720200
v 0.00718400 -0.00800400 0.01723800
v 0.00757300 -0.00800400 0.01713300
v 0.00785600 -0.00800400 0.01706800
v 0.00814200 -0.00800400 0.01712500
v 0.00837800 -0.00800400 0.01729500
v 0.00852300 -0.00800400 0.01754800
v 0.00855100 -0.00800400 0.01783700
v 0.00505000 -0.00570400 0.01471300
v 0.00500300 -0.00570400 0.01473800
v 0.00505000 -0.00800400 0.01471300
v 0.00500300 -0.00800400 0.01473800
v 0.00495200 -0.00570400 0.01475300
v 0.00495200 -0.00800400 0.01475300
v 0.00489900 -0.00570400 0.01475800
v 0.00489800 -0.00800400 0.01475800
v 0.00518500 -0.00966000 0.01481400
v 0.00486800 -0.00966000 0.01475800
v 0.00546300 -0.00966000 0.01497600
v 0.00566800 -0.00966000 0.01522300
v 0.00577600 -0.00966000 0.01552600
v 0.00245300 -0.00966000 0.01458600
v 0.00323300 -0.00966000 0.01475800
v 0.00165600 -0.00966000 0.01452800
v 0.00085900 -0.00966000 0.01458600
v 0.00007900 -0.00966000 0.01475800
v -0.00486800 -0.00966000 0.01475800
v -0.00518500 -0.00966000 0.01481400
v -0.00546300 -0.00966000 0.01497600
v -0.00566800 -0.00966000 0.01522300
v -0.00765000 -0.00966000 0.01740000
v -0.00785000 -0.00966000 0.01878400
v -0.00795300 -0.00966000 0.01750800
v -0.00820000 -0.00966000 0.01771300
v -0.00836200 -0.00966000 0.01799100
v -0.00841800 -0.00966000 0.01830800
v -0.00814900 -0.00966000 0.01898400
v -0.00834800 -0.00966000 0.01928200
v -0.00841800 -0.00966000 0.01963400
v -0.00577700 -0.00800400 0.01553200
v -0.00577600 -0.00966000 0.01552600
v -0.00567400 -0.00800400 0.01523300
v -0.00547600 -0.00800400 0.01498800
v -0.00520700 -0.00800400 0.01482300
v -0.00489800 -0.00800400 0.01475800
v -0.00489900 -0.00570400 0.01475800
v -0.00495200 -0.00800400 0.01475300
v -0.00495200 -0.00570400 0.01475300
v -0.00500300 -0.00800400 0.01473800
v -0.00500300 -0.00570400 0.01473800
v -0.00505000 -0.00800400 0.01471300
v -0.00505000 -0.00570400 0.01471300
v -0.00532700 -0.00800400 0.01460700
v -0.00562300 -0.00800400 0.01462800
v -0.00588300 -0.00800400 0.01477200
v -0.00605900 -0.00800400 0.01501100
v -0.00604900 -0.00800400 0.01559100
v -0.00594000 -0.00800400 0.01597800
v -0.00597000 -0.00800400 0.01637900
v -0.00613700 -0.00800400 0.01674500
v -0.00642000 -0.00800400 0.01703100
v -0.00678400 -0.00800400 0.01720200
v -0.00718400 -0.00800400 0.01723800
v -0.00757300 -0.00800400 0.01713300
v -0.00771700 -0.00800400 0.01741400
v -0.00785600 -0.00800400 0.01706800
v -0.00790000 -0.00800400 0.01748000
v -0.00814200 -0.00800400 0.01712500
v -0.00806500 -0.00800400 0.01758300
v -0.00820500 -0.00800400 0.01771900
v -0.00837800 -0.00800400 0.01729500
v -0.00831300 -0.00800400 0.01788200
v -0.00838500 -0.00800400 0.01806300
v -0.00852300 -0.00800400 0.01754800
v -0.00845700 -0.00800400 0.01811300
v -0.00845700 -0.00570400 0.01811300
v -0.00843600 -0.00800400 0.01815800
v -0.00843600 -0.00570400 0.01815800
v -0.00842200 -0.00800400 0.01820600
v -0.00842200 -0.00570400 0.01820600
v -0.00841800 -0.00800400 0.01825500
v -0.00841800 -0.00570400 0.01825500
v -0.00841600 -0.00800400 0.01825500
v -0.00841800 -0.00800400 0.01830800
v -0.00752300 -0.00800400 0.01738800
v -0.00785000 -0.01067200 0.01878400
v -0.00814900 -0.01067200 0.01898400
v -0.00834800 -0.01067200 0.01928200
v -0.00841800 -0.01067200 0.01963400
v 0.00511100 -0.01067200 0.03098100
v 0.00841800 -0.01067200 0.02704000
v 0.00441600 -0.01067200 0.03104200
v 0.00578500 -0.01067200 0.03080100
v 0.00641700 -0.01067200 0.03050600
v 0.00698800 -0.01067200 0.03010600
v 0.00748200 -0.01067200 0.02961200
v 0.00788200 -0.01067200 0.02904100
v 0.00817700 -0.01067200 0.02840900
v 0.00835700 -0.01067200 0.02773500
v -0.00441600 -0.01067200 0.03104200
v -0.00511100 -0.01067200 0.03098100
v -0.00841800 -0.01067200 0.02704000
v -0.00578500 -0.01067200 0.03080100
v -0.00641700 -0.01067200 0.03050600
v -0.00698800 -0.01067200 0.03010600
v -0.00748200 -0.01067200 0.02961200
v -0.00788200 -0.01067200 0.02904100
v -0.00817700 -0.01067200 0.02840900
v -0.00835700 -0.01067200 0.02773500
v -0.00722900 -0.00910800 0.04272400
v -0.00756900 -0.00910800 0.04276200
v -0.00789800 -0.00910800 0.04267300
v -0.00817300 -0.00910800 0.04247000
v -0.00835500 -0.00910800 0.04218000
v -0.00841800 -0.00910800 0.04184500
v -0.00667800 -0.00910800 0.04263500
v -0.00612300 -0.00910800 0.04269600
v -0.00560500 -0.00910800 0.04290200
v -0.00516000 -0.00910800 0.04324000
v -0.00482200 -0.00910800 0.04368500
v -0.00461600 -0.00910800 0.04420300
v -0.00455500 -0.00910800 0.04475800
v -0.00464400 -0.00910800 0.04530900
v -0.00376500 -0.00910800 0.04649800
v -0.00410000 -0.00910800 0.04643500
v -0.00439000 -0.00910800 0.04625300
v -0.00459300 -0.00910800 0.04597800
v -0.00468200 -0.00910800 0.04564900
v 0.00464400 -0.00910800 0.04530900
v 0.00468200 -0.00910800 0.04564900
v 0.00459300 -0.00910800 0.04597800
v 0.00439000 -0.00910800 0.04625300
v 0.00410000 -0.00910800 0.04643500
v 0.00376500 -0.00910800 0.04649800
v 0.00455500 -0.00910800 0.04475800
v 0.00461600 -0.00910800 0.04420300
v 0.00482200 -0.00910800 0.04368500
v 0.00516000 -0.00910800 0.04324000
v 0.00560500 -0.00910800 0.04290200
v 0.00612300 -0.00910800 0.04269600
v 0.00667800 -0.00910800 0.04263500
v 0.00722900 -0.00910800 0.04272400
v 0.00841800 -0.00910800 0.04184500
v 0.00835500 -0.00910800 0.04218000
v 0.00817300 -0.00910800 0.04247000
v 0.00789800 -0.00910800 0.04267300
v 0.00756900 -0.00910800 0.04276200
v 0.00841800 -0.00910800 0.02704000
v 0.00835700 -0.00910800 0.02773500
v 0.00817700 -0.00910800 0.02840900
v 0.00788200 -0.00910800 0.02904100
v 0.00748200 -0.00910800 0.02961200
v 0.00698800 -0.00910800 0.03010600
v 0.00641700 -0.00910800 0.03050600
v 0.00578500 -0.00910800 0.03080100
v 0.00511100 -0.00910800 0.03098100
v 0.00441600 -0.00910800 0.03104200
v -0.00441600 -0.00910800 0.03104200
v -0.00511100 -0.00910800 0.03098100
v -0.00578500 -0.00910800 0.03080100
v -0.00641700 -0.00910800 0.03050600
v -0.00698800 -0.00910800 0.03010600
v -0.00748200 -0.00910800 0.02961200
v -0.00788200 -0.00910800 0.02904100
v -0.00817700 -0.00910800 0.02840900
v -0.00835700 -0.00910800 0.02773500
v -0.00841800 -0.00910800 0.02704000
v -0.00838800 -0.00818800 0.04418100
v -0.00751600 -0.00818800 0.04433400
v -0.00846400 -0.00818800 0.04468100
v -0.00759000 -0.00818800 0.04470400
v -0.00751600 -0.00818800 0.04507400
v -0.00730700 -0.00818800 0.04402100
v -0.00817900 -0.00818800 0.04372000
v -0.00699400 -0.00818800 0.04381200
v -0.00785300 -0.00818800 0.04333400
v -0.00743300 -0.00818800 0.04305200
v -0.00662400 -0.00818800 0.04373800
v -0.00695300 -0.00818800 0.04289400
v -0.00644800 -0.00818800 0.04287200
v -0.00595600 -0.00818800 0.04299000
v -0.00551400 -0.00818800 0.04323600
v -0.00625400 -0.00818800 0.04381200
v -0.00515600 -0.00818800 0.04359400
v -0.00594100 -0.00818800 0.04402100
v -0.00491000 -0.00818800 0.04403600
v -0.00573200 -0.00818800 0.04433400
v -0.00479200 -0.00818800 0.04452800
v -0.00565800 -0.00818800 0.04470400
v -0.00481400 -0.00818800 0.04503300
v -0.00573200 -0.00818800 0.04507400
v -0.00497200 -0.00818800 0.04551300
v -0.00594100 -0.00818800 0.04538700
v -0.00525400 -0.00818800 0.04593300
v -0.00625400 -0.00818800 0.04559600
v -0.00564100 -0.00818800 0.04625900
v -0.00662400 -0.00818800 0.04567000
v -0.00610100 -0.00818800 0.04646800
v -0.00716400 -0.00818800 0.04618500
v -0.00660100 -0.00818800 0.04654400
v -0.00699400 -0.00818800 0.04559600
v -0.00766900 -0.00818800 0.04574900
v -0.00730700 -0.00818800 0.04538700
v -0.00810500 -0.00818800 0.04524400
v -0.00703800 -0.00910800 0.03624000
v -0.00841800 -0.00570400 0.03624000
v -0.00737200 -0.00570400 0.04383000
v -0.00764600 -0.00570400 0.04397400
v -0.00795600 -0.00570400 0.04398200
v -0.00823800 -0.00570400 0.04385400
v -0.00843600 -0.00570400 0.04361600
v -0.00851000 -0.00570400 0.04331500
v -0.00704900 -0.00570400 0.04363500
v -0.00668100 -0.00570400 0.04355500
v -0.00630600 -0.00570400 0.04359900
v -0.00596600 -0.00570400 0.04376100
v -0.00569700 -0.00570400 0.04402400
v -0.00552700 -0.00570400 0.04436000
v -0.00547400 -0.00570400 0.04473400
v -0.00554600 -0.00570400 0.04510400
v -0.00573300 -0.00570400 0.04543100
v -0.00586700 -0.00570400 0.04569600
v -0.00587600 -0.00570400 0.04599300
v -0.00576000 -0.00570400 0.04626700
v -0.00554000 -0.00570400 0.04646600
v -0.00525600 -0.00570400 0.04655400
v -0.00496100 -0.00570400 0.04651500
v 0.00486600 -0.00570400 0.04649800
v -0.00486600 -0.00570400 0.04649800
v 0.00573300 -0.00570400 0.04543100
v 0.00586700 -0.00570400 0.04569600
v 0.00587600 -0.00570400 0.04599300
v 0.00576000 -0.00570400 0.04626700
v 0.00554000 -0.00570400 0.04646600
v 0.00525600 -0.00708400 0.04655400
v 0.00525600 -0.00570400 0.04655400
v 0.00496100 -0.00708400 0.04651500
v 0.00496100 -0.00570400 0.04651500
v 0.00554600 -0.00570400 0.04510400
v 0.00547400 -0.00570400 0.04473400
v 0.00552700 -0.00570400 0.04436000
v 0.00569700 -0.00570400 0.04402400
v 0.00596600 -0.00570400 0.04376100
v 0.00630600 -0.00570400 0.04359900
v 0.00668100 -0.00570400 0.04355500
v 0.00704900 -0.00570400 0.04363500
v 0.00737200 -0.00570400 0.04383000
v 0.00764600 -0.00570400 0.04397400
v 0.00795600 -0.00570400 0.04398200
v 0.00795600 -0.00708400 0.04398200
v 0.00823800 -0.00570400 0.04385400
v 0.00843600 -0.00570400 0.04361600
v 0.00851000 -0.00570400 0.04331500
v 0.00757300 -0.00570400 0.01713300
v 0.00785600 -0.00570400 0.01706800
v 0.00814200 -0.00570400 0.01712500
v 0.00837800 -0.00570400 0.01729500
v 0.00852300 -0.00570400 0.01754800
v 0.00855100 -0.00570400 0.01783700
v 0.00604900 -0.00570400 0.01559100
v 0.00594000 -0.00570400 0.01597800
v 0.00597000 -0.00570400 0.01637900
v 0.00613700 -0.00570400 0.01674500
v 0.00642000 -0.00570400 0.01703100
v 0.00678400 -0.00570400 0.01720200
v 0.00718400 -0.00570400 0.01723800
v 0.00532700 -0.00570400 0.01460700
v 0.00562300 -0.00570400 0.01462800
v 0.00588300 -0.00570400 0.01477200
v 0.00605900 -0.00570400 0.01501100
v 0.00611800 -0.00570400 0.01530200
v 0.00323300 -0.00570400 0.01475800
v 0.00486800 -0.00800400 0.01475800
v 0.00007900 -0.00570400 0.01475800
v 0.00085900 -0.00570400 0.01458600
v 0.00165600 -0.00570400 0.01452800
v 0.00245300 -0.00570400 0.01458600
v -0.00486800 -0.00800400 0.01475800
v -0.00604900 -0.00570400 0.01559100
v -0.00611800 -0.00570400 0.01530200
v -0.00611800 -0.00800400 0.01530200
v -0.00605900 -0.00570400 0.01501100
v -0.00588300 -0.00570400 0.01477200
v -0.00562300 -0.00570400 0.01462800
v -0.00532700 -0.00570400 0.01460700
v -0.00757300 -0.00570400 0.01713300
v -0.00718400 -0.00570400 0.01723800
v -0.00678400 -0.00570400 0.01720200
v -0.00642000 -0.00570400 0.01703100
v -0.00613700 -0.00570400 0.01674500
v -0.00597000 -0.00570400 0.01637900
v -0.00594000 -0.00570400 0.01597800
v -0.00785600 -0.00570400 0.01706800
v -0.00814200 -0.00570400 0.01712500
v -0.00837800 -0.00570400 0.01729500
v -0.00852300 -0.00570400 0.01754800
v -0.00855100 -0.00570400 0.01783700
v -0.00855100 -0.00800400 0.01783700
v -0.00841800 -0.00910800 0.02317600
v -0.00841800 -0.00570400 0.02317600
v -0.00625600 -0.01030400 0.01416000
v 0.00625600 -0.01030400 0.01416000
v -0.00751600 -0.00570400 0.04507400
v -0.00759000 -0.00570400 0.04470400
v -0.00751600 -0.00570400 0.04433400
v -0.00730700 -0.00570400 0.04402100
v -0.00699400 -0.00570400 0.04381200
v -0.00662400 -0.00570400 0.04373800
v -0.00625400 -0.00570400 0.04381200
v -0.00594100 -0.00570400 0.04402100
v -0.00573200 -0.00570400 0.04433400
v -0.00565800 -0.00570400 0.04470400
v -0.00573200 -0.00570400 0.04507400
v -0.00594100 -0.00570400 0.04538700
v -0.00625400 -0.00570400 0.04559600
v -0.00662400 -0.00570400 0.04567000
v -0.00699400 -0.00570400 0.04559600
v -0.00730700 -0.00570400 0.04538700
v -0.00797600 -0.00570400 0.01646200
v -0.00797600 -0.01030400 0.01646200
v -0.00805000 -0.00570400 0.01609200
v -0.00805000 -0.01030400 0.01609200
v -0.00797600 -0.00570400 0.01572200
v -0.00797600 -0.01030400 0.01572200
v -0.00776700 -0.00570400 0.01540900
v -0.00776700 -0.01030400 0.01540900
v -0.00745400 -0.00570400 0.01520000
v -0.00745400 -0.01030400 0.01520000
v -0.00708400 -0.00570400 0.01512600
v -0.00708400 -0.01030400 0.01512600
v -0.00671400 -0.00570400 0.01520000
v -0.00671400 -0.01030400 0.01520000
v -0.00640100 -0.00570400 0.01540900
v -0.00640100 -0.01030400 0.01540900
v -0.00619200 -0.00570400 0.01572200
v -0.00619200 -0.01030400 0.01572200
v -0.00611800 -0.00570400 0.01609200
v -0.00611800 -0.01030400 0.01609200
v -0.00619200 -0.00570400 0.01646200
v -0.00619200 -0.01030400 0.01646200
v -0.00640100 -0.00570400 0.01677500
v -0.00640100 -0.01030400 0.01677500
v -0.00671400 -0.00570400 0.01698400
v -0.00671400 -0.01030400 0.01698400
v -0.00708400 -0.00570400 0.01705800
v -0.00708400 -0.01030400 0.01705800
v -0.00745400 -0.00570400 0.01698400
v -0.00745400 -0.01030400 0.01698400
v -0.00776700 -0.00570400 0.01677500
v -0.00776700 -0.01030400 0.01677500
v 0.00619200 -0.00570400 0.01646200
v 0.00619200 -0.01030400 0.01646200
v 0.00611800 -0.00570400 0.01609200
v 0.00611800 -0.01030400 0.01609200
v 0.00619200 -0.00570400 0.01572200
v 0.00619200 -0.01030400 0.01572200
v 0.00640100 -0.00570400 0.01540900
v 0.00640100 -0.01030400 0.01540900
v 0.00671400 -0.00570400 0.01520000
v 0.00671400 -0.01030400 0.01520000
v 0.00708400 -0.00570400 0.01512600
v 0.00708400 -0.01030400 0.01512600
v 0.00745400 -0.00570400 0.01520000
v 0.00745400 -0.01030400 0.01520000
v 0.00776700 -0.00570400 0.01540900
v 0.00776700 -0.01030400 0.01540900
v 0.00797600 -0.00570400 0.01572200
v 0.00797600 -0.01030400 0.01572200
v 0.00805000 -0.00570400 0.01609200
v 0.00805000 -0.01030400 0.01609200
v 0.00797600 -0.00570400 0.01646200
v 0.00797600 -0.01030400 0.01646200
v 0.00776700 -0.00570400 0.01677500
v 0.00776700 -0.01030400 0.01677500
v 0.00745400 -0.00570400 0.01698400
v 0.00745400 -0.01030400 0.01698400
v 0.00708400 -0.00570400 0.01705800
v 0.00708400 -0.01030400 0.01705800
v 0.00671400 -0.00570400 0.01698400
v 0.00671400 -0.01030400 0.01698400
v 0.00640100 -0.00570400 0.01677500
v 0.00640100 -0.01030400 0.01677500
v -0.00660100 -0.01002800 0.04654400
v -0.00610100 -0.01002800 0.04646800
v -0.00564100 -0.01002800 0.04625900
v -0.00525400 -0.01002800 0.04593300
v -0.00497200 -0.01002800 0.04551300
v -0.00481400 -0.01002800 0.04503300
v -0.00479200 -0.01002800 0.04452800
v -0.00491000 -0.01002800 0.04403600
v -0.00515600 -0.01002800 0.04359400
v -0.00551400 -0.01002800 0.04323600
v -0.00595600 -0.01002800 0.04299000
v -0.00644800 -0.01002800 0.04287200
v -0.00695300 -0.01002800 0.04289400
v -0.00743300 -0.01002800 0.04305200
v -0.00785300 -0.01002800 0.04333400
v -0.00817900 -0.01002800 0.04372000
v -0.00838800 -0.01002800 0.04418100
v -0.00846400 -0.01002800 0.04468100
v -0.00441600 -0.01002800 0.04709600
v 0.00441600 -0.01002800 0.04709600
v -0.00452600 -0.00910800 0.03982100
v -0.00460000 -0.01002800 0.03900000
v -0.00460000 -0.00910800 0.03900000
v -0.00452600 -0.01002800 0.03817900
v -0.00452600 -0.00910800 0.03817900
v -0.00430700 -0.01002800 0.03738400
v -0.00430700 -0.00910800 0.03738400
v -0.00394900 -0.01002800 0.03664100
v -0.00394900 -0.00910800 0.03664100
v -0.00346400 -0.01002800 0.03597400
v -0.00346400 -0.00910800 0.03597400
v -0.00286800 -0.01002800 0.03540400
v -0.00286800 -0.00910800 0.03540400
v -0.00218000 -0.01002800 0.03494900
v -0.00218000 -0.00910800 0.03494900
v -0.00142100 -0.01002800 0.03462500
v -0.00142100 -0.00910800 0.03462500
v -0.00061700 -0.01002800 0.03444200
v -0.00061700 -0.00910800 0.03444200
v 0.00020600 -0.01002800 0.03440500
v 0.00020600 -0.00910800 0.03440500
v 0.00102400 -0.01002800 0.03451500
v 0.00102400 -0.00910800 0.03451500
v 0.00180800 -0.01002800 0.03477000
v 0.00180800 -0.00910800 0.03477000
v 0.00253400 -0.01002800 0.03516100
v 0.00253400 -0.00910800 0.03516100
v 0.00317900 -0.01002800 0.03567500
v 0.00317900 -0.00910800 0.03567500
v 0.00372100 -0.01002800 0.03629600
v 0.00372100 -0.00910800 0.03629600
v 0.00414400 -0.01002800 0.03700400
v 0.00414400 -0.00910800 0.03700400
v 0.00443400 -0.01002800 0.03777600
v 0.00443400 -0.00910800 0.03777600
v 0.00458100 -0.01002800 0.03858800
v 0.00458100 -0.00910800 0.03858800
v 0.00458100 -0.01002800 0.03941200
v 0.00458100 -0.00910800 0.03941200
v 0.00443400 -0.01002800 0.04022400
v 0.00443400 -0.00910800 0.04022400
v 0.00414400 -0.01002800 0.04099600
v 0.00414400 -0.00910800 0.04099600
v 0.00372100 -0.01002800 0.04170400
v 0.00372100 -0.00910800 0.04170400
v 0.00317900 -0.01002800 0.04232500
v 0.00317900 -0.00910800 0.04232500
v 0.00253400 -0.01002800 0.04283900
v 0.00253400 -0.00910800 0.04283900
v 0.00180800 -0.01002800 0.04323000
v 0.00180800 -0.00910800 0.04323000
v 0.00102400 -0.01002800 0.04348500
v 0.00102400 -0.00910800 0.04348500
v 0.00020600 -0.01002800 0.04359500
v 0.00020600 -0.00910800 0.04359500
v -0.00061700 -0.01002800 0.04355800
v -0.00061700 -0.00910800 0.04355800
v -0.00142100 -0.01002800 0.04337500
v -0.00142100 -0.00910800 0.04337500
v -0.00218000 -0.01002800 0.04305100
v -0.00218000 -0.00910800 0.04305100
v -0.00286800 -0.01002800 0.04259600
v -0.00286800 -0.00910800 0.04259600
v -0.00346400 -0.01002800 0.04202600
v -0.00346400 -0.00910800 0.04202600
v -0.00394900 -0.01002800 0.04135900
v -0.00394900 -0.00910800 0.04135900
v -0.00430700 -0.01002800 0.04061600
v -0.00430700 -0.00910800 0.04061600
v -0.00452600 -0.01002800 0.03982100
v 0.00573200 -0.01002800 0.04433400
v 0.00573200 -0.00570400 0.04433400
v 0.00565800 -0.01002800 0.04470400
v 0.00565800 -0.00570400 0.04470400
v 0.00573200 -0.01002800 0.04507400
v 0.00573200 -0.00570400 0.04507400
v 0.00594100 -0.01002800 0.04538700
v 0.00594100 -0.00570400 0.04538700
v 0.00625400 -0.01002800 0.04559600
v 0.00625400 -0.00570400 0.04559600
v 0.00662400 -0.01002800 0.04567000
v 0.00662400 -0.00570400 0.04567000
v 0.00699400 -0.01002800 0.04559600
v 0.00699400 -0.00570400 0.04559600
v 0.00730700 -0.01002800 0.04538700
v 0.00730700 -0.00570400 0.04538700
v 0.00751600 -0.01002800 0.04507400
v 0.00751600 -0.00570400 0.04507400
v 0.00759000 -0.01002800 0.04470400
v 0.00759000 -0.00570400 0.04470400
v 0.00751600 -0.01002800 0.04433400
v 0.00751600 -0.00570400 0.04433400
v 0.00730700 -0.01002800 0.04402100
v 0.00730700 -0.00570400 0.04402100
v 0.00699400 -0.01002800 0.04381200
v 0.00699400 -0.00570400 0.04381200
v 0.00662400 -0.01002800 0.04373800
v 0.00662400 -0.00570400 0.04373800
v 0.00625400 -0.01002800 0.04381200
v 0.00625400 -0.00570400 0.04381200
v 0.00594100 -0.01002800 0.04402100
v 0.00594100 -0.00570400 0.04402100
v -0.00901600 -0.00910800 0.02317600
v -0.00901600 -0.00910800 0.03624000
v -0.00901600 -0.00570400 0.02317600
v -0.00687000 -0.01030400 0.01422900
v -0.00745400 -0.01030400 0.01443300
v -0.00797700 -0.01030400 0.01476200
v -0.00841400 -0.01030400 0.01519900
v -0.00874300 -0.01030400 0.01572200
v -0.00894700 -0.01030400 0.01630600
v -0.00901600 -0.01030400 0.01692000
v -0.00876800 -0.01002800 0.04398700
v -0.00590700 -0.01002800 0.04684800
v -0.00517200 -0.01002800 0.04703400
v -0.00895400 -0.01002800 0.04325200
v -0.00901600 -0.01002800 0.04249600
v -0.00901600 -0.00570400 0.03624000
v -0.00901600 -0.01030400 0.01811600
v 0.00687000 -0.01030400 0.01422900
v 0.00745400 -0.01030400 0.01443300
v 0.00797700 -0.01030400 0.01476200
v 0.00841400 -0.01030400 0.01519900
v 0.00874300 -0.01030400 0.01572200
v 0.00894700 -0.01030400 0.01630600
v 0.00901600 -0.01030400 0.01692000
v 0.00901600 -0.01030400 0.01811600
v 0.00521500 -0.01002800 0.04702600
v 0.00598900 -0.01002800 0.04681900
v 0.00671600 -0.01002800 0.04648000
v 0.00737300 -0.01002800 0.04602000
v 0.00794000 -0.01002800 0.04545300
v 0.00840000 -0.01002800 0.04479600
v 0.00873900 -0.01002800 0.04406900
v 0.00894600 -0.01002800 0.04329500
v 0.00901600 -0.01002800 0.04249600
v -0.00901600 -0.01002800 0.02704000
v -0.00894600 -0.01002800 0.02783900
v -0.00873900 -0.01002800 0.02861300
v -0.00840000 -0.01002800 0.02934000
v -0.00794000 -0.01002800 0.02999700
v -0.00737300 -0.01002800 0.03056400
v -0.00671600 -0.01002800 0.03102400
v -0.00598900 -0.01002800 0.03136300
v -0.00521500 -0.01002800 0.03157000
v -0.00441600 -0.01002800 0.03164000
v 0.00441600 -0.01002800 0.03164000
v 0.00521500 -0.01002800 0.03157000
v 0.00598900 -0.01002800 0.03136300
v 0.00671600 -0.01002800 0.03102400
v 0.00737300 -0.01002800 0.03056400
v 0.00794000 -0.01002800 0.02999700
v 0.00840000 -0.01002800 0.02934000
v 0.00873900 -0.01002800 0.02861300
v 0.00894600 -0.01002800 0.02783900
v 0.00901600 -0.01002800 0.02704000
v -0.00901600 -0.01251200 0.01811600
v -0.00901600 -0.01251200 0.02704000
v 0.00901600 -0.01251200 0.01811600
v 0.00901600 -0.01251200 0.02704000
v 0.00441600 -0.01251200 0.03164000
v 0.00521500 -0.01251200 0.03157000
v 0.00598900 -0.01251200 0.03136300
v 0.00671600 -0.01251200 0.03102400
v 0.00737300 -0.01251200 0.03056400
v 0.00794000 -0.01251200 0.02999700
v 0.00840000 -0.01251200 0.02934000
v 0.00873900 -0.01251200 0.02861300
v 0.00894600 -0.01251200 0.02783900
v -0.00441600 -0.01251200 0.03164000
v -0.00894600 -0.01251200 0.02783900
v -0.00873900 -0.01251200 0.02861300
v -0.00840000 -0.01251200 0.02934000
v -0.00794000 -0.01251200 0.02999700
v -0.00737300 -0.01251200 0.03056400
v -0.00671600 -0.01251200 0.03102400
v -0.00598900 -0.01251200 0.03136300
v -0.00521500 -0.01251200 0.03157000
v -0.00622600 0.00910800 0.04401400
v -0.00702200 0.00910800 0.04401400
v -0.00582700 0.00910800 0.04470400
v -0.00742100 0.00910800 0.04470400
v -0.00622600 0.00910800 0.04539400
v -0.00702200 0.00910800 0.04539400
v -0.00622600 0.01002800 0.04401400
v -0.00582700 0.01002800 0.04470400
v -0.00622600 0.01002800 0.04539400
v -0.00702200 0.01002800 0.04539400
v -0.00742100 0.01002800 0.04470400
v -0.00702200 0.01002800 0.04401400
v -0.00533900 0.01002800 0.04563800
v -0.00503500 0.01002800 0.04470400
v -0.00533900 0.01002800 0.04377000
v -0.00613300 0.01002800 0.04319300
v -0.00711500 0.01002800 0.04319300
v -0.00790900 0.01002800 0.04377000
v -0.00821300 0.01002800 0.04470400
v -0.00790900 0.01002800 0.04563800
v -0.00711500 0.01002800 0.04621500
v -0.00613300 0.01002800 0.04621500
v -0.00494700 0.00993600 0.04519600
v -0.00494700 0.00993600 0.04421200
v -0.00547900 0.00993600 0.04338300
v -0.00637500 0.00993600 0.04297400
v -0.00735000 0.00993600 0.04311400
v -0.00809500 0.00993600 0.04375900
v -0.00837200 0.00993600 0.04470400
v -0.00809500 0.00993600 0.04564900
v -0.00547900 0.00993600 0.04602500
v -0.00637500 0.00993600 0.04643400
v -0.00735000 0.00993600 0.04629400
v -0.00837200 0.00818800 0.04470400
v -0.00809500 0.00818800 0.04564900
v -0.00735000 0.00818800 0.04629400
v -0.00637500 0.00818800 0.04643400
v -0.00547900 0.00818800 0.04602500
v -0.00494700 0.00818800 0.04519600
v -0.00494700 0.00818800 0.04421200
v -0.00547900 0.00818800 0.04338300
v -0.00637500 0.00818800 0.04297400
v -0.00735000 0.00818800 0.04311400
v -0.00809500 0.00818800 0.04375900
v -0.00754400 0.00082800 0.04470400
v -0.00732900 0.00082800 0.04411300
v -0.00732900 0.00082800 0.04529500
v -0.00678400 0.00082800 0.04379800
v -0.00678400 0.00082800 0.04561000
v -0.00616400 0.00082800 0.04390700
v -0.00616400 0.00082800 0.04550100
v -0.00575900 0.00082800 0.04438900
v -0.00575900 0.00082800 0.04501900
v -0.00754400 0.00818800 0.04470400
v -0.00732900 0.00818800 0.04411300
v -0.00678400 0.00818800 0.04379800
v -0.00616400 0.00818800 0.04390700
v -0.00575900 0.00818800 0.04438900
v -0.00575900 0.00818800 0.04501900
v -0.00616400 0.00818800 0.04550100
v -0.00678400 0.00818800 0.04561000
v -0.00732900 0.00818800 0.04529500
v -0.00622600 -0.00910800 0.04539400
v -0.00702200 -0.00910800 0.04539400
v -0.00582700 -0.00910800 0.04470400
v -0.00742100 -0.00910800 0.04470400
v -0.00622600 -0.00910800 0.04401400
v -0.00702200 -0.00910800 0.04401400
v -0.00622600 -0.01002800 0.04539400
v -0.00582700 -0.01002800 0.04470400
v -0.00622600 -0.01002800 0.04401400
v -0.00702200 -0.01002800 0.04401400
v -0.00742100 -0.01002800 0.04470400
v -0.00702200 -0.01002800 0.04539400
v -0.00533900 -0.01002800 0.04377000
v -0.00503500 -0.01002800 0.04470400
v -0.00533900 -0.01002800 0.04563800
v -0.00613300 -0.01002800 0.04621500
v -0.00711500 -0.01002800 0.04621500
v -0.00790900 -0.01002800 0.04563800
v -0.00821300 -0.01002800 0.04470400
v -0.00790900 -0.01002800 0.04377000
v -0.00711500 -0.01002800 0.04319300
v -0.00613300 -0.01002800 0.04319300
v -0.00494700 -0.00993600 0.04421200
v -0.00494700 -0.00993600 0.04519600
v -0.00547900 -0.00993600 0.04602500
v -0.00637500 -0.00993600 0.04643400
v -0.00735000 -0.00993600 0.04629400
v -0.00809500 -0.00993600 0.04564900
v -0.00837200 -0.00993600 0.04470400
v -0.00809500 -0.00993600 0.04375900
v -0.00547900 -0.00993600 0.04338300
v -0.00637500 -0.00993600 0.04297400
v -0.00735000 -0.00993600 0.04311400
v -0.00837200 -0.00818800 0.04470400
v -0.00809500 -0.00818800 0.04375900
v -0.00735000 -0.00818800 0.04311400
v -0.00637500 -0.00818800 0.04297400
v -0.00547900 -0.00818800 0.04338300
v -0.00494700 -0.00818800 0.04421200
v -0.00494700 -0.00818800 0.04519600
v -0.00547900 -0.00818800 0.04602500
v -0.00637500 -0.00818800 0.04643400
v -0.00735000 -0.00818800 0.04629400
v -0.00809500 -0.00818800 0.04564900
v -0.00754400 -0.00082800 0.04470400
v -0.00732900 -0.00082800 0.04529500
v -0.00732900 -0.00082800 0.04411300
v -0.00678400 -0.00082800 0.04561000
v -0.00678400 -0.00082800 0.04379800
v -0.00616400 -0.00082800 0.04550100
v -0.00616400 -0.00082800 0.04390700
v -0.00575900 -0.00082800 0.04501900
v -0.00575900 -0.00082800 0.04438900
v -0.00754400 -0.00818800 0.04470400
v -0.00732900 -0.00818800 0.04529500
v -0.00678400 -0.00818800 0.04561000
v -0.00616400 -0.00818800 0.04550100
v -0.00575900 -0.00818800 0.04501900
v -0.00575900 -0.00818800 0.04438900
v -0.00616400 -0.00818800 0.04390700
v -0.00678400 -0.00818800 0.04379800
v -0.00732900 -0.00818800 0.04411300
v 0.00717600 0.01232800 0.01416000
v 0.00682400 0.01239800 0.01409000
v -0.00901600 0.01232800 0.01416000
v 0.00652500 0.01259800 0.01389000
v 0.00625600 0.01324800 0.01324000
v -0.00901600 0.01324800 0.01324000
v -0.00062100 0.01324800 -0.00074800
v -0.00016800 0.01140800 -0.00095900
v -0.00000000 0.01324800 -0.00097400
v 0.00048300 0.01140800 -0.00084500
v 0.00062100 0.01324800 -0.00074800
v 0.00090800 0.01140800 -0.00033800
v 0.00095100 0.01324800 -0.00017600
v 0.00090800 0.01140800 0.00032200
v 0.00083700 0.01324800 0.00047500
v 0.00048300 0.01140800 0.00082900
v 0.00033000 0.01324800 0.00090000
v -0.00016800 0.01140800 0.00094300
v -0.00033000 0.01324800 0.00090000
v -0.00074000 0.01140800 0.00061300
v -0.00083700 0.01324800 0.00047500
v -0.00096600 0.01140800 -0.00000800
v -0.00095100 0.01324800 -0.00017600
v -0.00074000 0.01140800 -0.00062900
v 0.00625600 0.01122400 0.01324000
v 0.00652500 0.01057400 0.01389000
v 0.00682400 0.01037400 0.01409000
v 0.00717600 0.01030400 0.01416000
v -0.00901600 0.01122400 0.01324000
v -0.00901600 0.01030400 0.01416000
v -0.00901600 0.00864800 0.01416000
v 0.00901600 0.00864800 0.01416000
v 0.00901600 0.01232800 0.01416000
v 0.00259600 0.01122400 -0.00358100
v 0.00259600 0.01030400 -0.00358100
v -0.00000000 0.01122400 -0.00442400
v -0.00000000 0.01030400 -0.00442400
v -0.00259600 0.01122400 -0.00358100
v -0.00259600 0.01030400 -0.00358100
v -0.00420000 0.01122400 -0.00137300
v -0.00420000 0.01030400 -0.00137300
v -0.00420000 0.01122400 0.00135700
v -0.00420000 0.01030400 0.00135700
v -0.00259600 0.01122400 0.00356500
v -0.00259600 0.01030400 0.00356500
v 0.00000000 0.01122400 0.00440800
v 0.00000000 0.01030400 0.00440800
v 0.00259600 0.01122400 0.00356500
v 0.00259600 0.01030400 0.00356500
v 0.00420000 0.01122400 0.00135700
v 0.00420000 0.01030400 0.00135700
v 0.00420000 0.01122400 -0.00137300
v 0.00420000 0.01030400 -0.00137300
v 0.00625600 0.01122400 0.00090400
v 0.00607600 0.01122400 -0.00036800
v 0.00555200 0.01122400 -0.00154200
v 0.00472300 0.01122400 -0.00252400
v 0.00215800 0.01122400 -0.00431000
v -0.00076200 0.01122400 -0.00542500
v -0.00386400 0.01122400 -0.00580400
v -0.00625600 0.01122400 -0.00580400
v -0.00763600 0.01122400 -0.00543400
v -0.00864600 0.01122400 -0.00442400
v -0.00901600 0.01122400 -0.00304400
v -0.00901600 0.01324800 -0.00304400
v 0.00625600 0.01324800 0.00090400
v 0.00607600 0.01324800 -0.00036800
v 0.00555200 0.01324800 -0.00154200
v 0.00472300 0.01324800 -0.00252400
v 0.00215800 0.01324800 -0.00431000
v -0.00076200 0.01324800 -0.00542500
v -0.00386400 0.01324800 -0.00580400
v -0.00625600 0.01324800 -0.00580400
v -0.00763600 0.01324800 -0.00543400
v -0.00864600 0.01324800 -0.00442400
v 0.00060700 0.01030400 -0.00345100
v -0.00174800 0.01030400 -0.00303600
v -0.00328500 0.01030400 -0.00120400
v -0.00328500 0.01030400 0.00118800
v -0.00174800 0.01030400 0.00302000
v 0.00060700 0.01030400 0.00343500
v 0.00267800 0.01030400 0.00223900
v 0.00349600 0.01030400 -0.00000800
v 0.00267800 0.01030400 -0.00225500
v -0.00676400 0.01232800 0.01428000
v 0.00616400 0.01232800 0.01449800
v 0.00740400 0.01232800 0.01428000
v -0.00881300 0.01232800 0.01672100
v -0.00881300 0.01232800 0.01546300
v -0.00800400 0.01232800 0.01449800
v -0.00676400 0.01232800 0.01790400
v -0.00800400 0.01232800 0.01768600
v 0.00892400 0.01232800 0.01609200
v 0.00849400 0.01232800 0.01727500
v 0.00740400 0.01232800 0.01790400
v 0.00849400 0.01232800 0.01490900
v -0.00567400 0.01232800 0.01727500
v -0.00454500 0.01232800 0.01640700
v -0.00524400 0.01232800 0.01609200
v -0.00454500 0.01232800 0.01577700
v -0.00567400 0.01232800 0.01490900
v -0.00414000 0.01232800 0.01529500
v -0.00352000 0.01232800 0.01518600
v -0.00352000 0.01232800 0.01699800
v -0.00414000 0.01232800 0.01688900
v 0.00384000 0.01232800 0.01518600
v 0.00438500 0.01232800 0.01550100
v 0.00535500 0.01232800 0.01546300
v 0.00460000 0.01232800 0.01609200
v 0.00535500 0.01232800 0.01672100
v 0.00438500 0.01232800 0.01668300
v 0.00616400 0.01232800 0.01768600
v 0.00384000 0.01232800 0.01699800
v -0.00297500 0.01232800 0.01668300
v 0.00281500 0.01232800 0.01640700
v -0.00276000 0.01232800 0.01609200
v 0.00281500 0.01232800 0.01577700
v -0.00297500 0.01232800 0.01550100
v 0.00322000 0.01232800 0.01529500
v 0.00322000 0.01232800 0.01688900
v 0.00352000 0.00864800 0.01518600
v -0.00384000 0.00864800 0.01518600
v -0.00660100 0.00864800 0.01525500
v -0.00438500 0.00864800 0.01550100
v -0.00617600 0.00864800 0.01576200
v -0.00460000 0.00864800 0.01609200
v -0.00617600 0.00864800 0.01642200
v -0.00438500 0.00864800 0.01668300
v -0.00660100 0.00864800 0.01692900
v -0.00384000 0.00864800 0.01699800
v 0.00352000 0.00864800 0.01699800
v 0.00414000 0.00864800 0.01688900
v 0.00691600 0.00864800 0.01704300
v 0.00634400 0.00864800 0.01671300
v 0.00454500 0.00864800 0.01640700
v 0.00454500 0.00864800 0.01577700
v 0.00634400 0.00864800 0.01547100
v 0.00414000 0.00864800 0.01529500
v 0.00691600 0.00864800 0.01514100
v 0.00756700 0.00864800 0.01525500
v 0.00799200 0.00864800 0.01576200
v 0.00799200 0.00864800 0.01642200
v 0.00756700 0.00864800 0.01692900
v -0.00782400 0.00864800 0.01671300
v -0.00725200 0.00864800 0.01704300
v -0.00725200 0.00864800 0.01514100
v -0.00782400 0.00864800 0.01547100
v -0.00322000 0.00864800 0.01688900
v 0.00297500 0.00864800 0.01668300
v -0.00281500 0.00864800 0.01640700
v 0.00276000 0.00864800 0.01609200
v -0.00281500 0.00864800 0.01577700
v 0.00297500 0.00864800 0.01550100
v -0.00322000 0.00864800 0.01529500
v -0.00267800 0.00956800 0.00223900
v -0.00349600 0.00956800 -0.00000800
v -0.00267800 0.00956800 -0.00225500
v -0.00060700 0.00956800 -0.00345100
v 0.00174800 0.00956800 -0.00303600
v 0.00328500 0.00956800 -0.00120400
v 0.00328500 0.00956800 0.00118800
v 0.00174800 0.00956800 0.00302000
v -0.00060700 0.00956800 0.00343500
v -0.00281000 0.00956800 -0.00103100
v -0.00281000 0.00956800 0.00101500
v -0.00149500 0.00956800 0.00258100
v 0.00051900 0.00956800 0.00293700
v 0.00229000 0.00956800 0.00191400
v 0.00299000 0.00956800 -0.00000800
v 0.00229000 0.00956800 -0.00193000
v 0.00051900 0.00956800 -0.00295300
v -0.00149500 0.00956800 -0.00259700
v 0.00229000 0.00984400 0.00191400
v 0.00207000 0.00984400 0.00160200
v 0.00299000 0.00984400 -0.00000800
v 0.00207000 0.00984400 -0.00161800
v 0.00229000 0.00984400 -0.00193000
v 0.00200800 0.00984400 -0.00184800
v 0.00184000 0.00984400 -0.00201600
v 0.00051900 0.00984400 0.00293700
v 0.00184000 0.00984400 0.00200000
v 0.00200800 0.00984400 0.00183200
v -0.00149500 0.00984400 0.00258100
v -0.00161000 0.00984400 0.00206200
v 0.00161000 0.00984400 0.00206200
v -0.00281000 0.00984400 0.00101500
v -0.00200800 0.00984400 0.00183200
v -0.00184000 0.00984400 0.00200000
v -0.00207000 0.00984400 0.00160200
v -0.00281000 0.00984400 -0.00103100
v -0.00207000 0.00984400 -0.00161800
v -0.00200800 0.00984400 -0.00184800
v -0.00149500 0.00984400 -0.00259700
v -0.00184000 0.00984400 -0.00201600
v -0.00161000 0.00984400 -0.00207800
v 0.00051900 0.00984400 -0.00295300
v 0.00161000 0.00984400 -0.00207800
v -0.00207000 0.01140800 -0.00161800
v -0.00207000 0.01140800 0.00160200
v -0.00161000 0.01140800 0.00206200
v 0.00161000 0.01140800 0.00206200
v 0.00207000 0.01140800 0.00160200
v -0.00200800 0.01140800 -0.00184800
v -0.00161000 0.01140800 -0.00207800
v 0.00161000 0.01140800 -0.00207800
v 0.00207000 0.01140800 -0.00161800
v 0.00200800 0.01140800 -0.00184800
v 0.00184000 0.01140800 0.00200000
v -0.00184000 0.01140800 0.00200000
v 0.00617600 0.01048800 0.01576200
v 0.00617600 0.01048800 0.01642200
v 0.00660100 0.01048800 0.01692900
v 0.00725200 0.01048800 0.01704300
v 0.00782400 0.01048800 0.01671300
v 0.00805000 0.01048800 0.01609200
v 0.00782400 0.01048800 0.01547100
v 0.00725200 0.01048800 0.01514100
v 0.00660100 0.01048800 0.01525500
v 0.00849400 0.01048800 0.01727500
v 0.00892400 0.01048800 0.01609200
v 0.00849400 0.01048800 0.01490900
v 0.00740400 0.01048800 0.01428000
v 0.00616400 0.01048800 0.01449800
v 0.00535500 0.01048800 0.01546300
v 0.00535500 0.01048800 0.01672100
v 0.00616400 0.01048800 0.01768600
v 0.00740400 0.01048800 0.01790400
v -0.00799200 0.01048800 0.01576200
v -0.00799200 0.01048800 0.01642200
v -0.00756700 0.01048800 0.01692900
v -0.00691600 0.01048800 0.01704300
v -0.00634400 0.01048800 0.01671300
v -0.00611800 0.01048800 0.01609200
v -0.00634400 0.01048800 0.01547100
v -0.00691600 0.01048800 0.01514100
v -0.00756700 0.01048800 0.01525500
v -0.00567400 0.01048800 0.01727500
v -0.00524400 0.01048800 0.01609200
v -0.00567400 0.01048800 0.01490900
v -0.00676400 0.01048800 0.01428000
v -0.00800400 0.01048800 0.01449800
v -0.00881300 0.01048800 0.01546300
v -0.00881300 0.01048800 0.01672100
v -0.00800400 0.01048800 0.01768600
v -0.00676400 0.01048800 0.01790400
v -0.00184000 0.01140800 -0.00201600
v 0.00184000 0.01140800 -0.00201600
v -0.00200800 0.01140800 0.00183200
v 0.00200800 0.01140800 0.00183200
v 0.00039800 0.01324800 -0.00069800
v -0.00039800 0.01324800 -0.00069800
v 0.00079700 0.01324800 -0.00000800
v -0.00079700 0.01324800 -0.00000800
v 0.00039800 0.01324800 0.00068200
v -0.00039800 0.01324800 0.00068200
v 0.00039800 0.01416800 -0.00069800
v 0.00079700 0.01416800 -0.00000800
v 0.00039800 0.01416800 0.00068200
v -0.00039800 0.01416800 0.00068200
v -0.00079700 0.01416800 -0.00000800
v -0.00039800 0.01416800 -0.00069800
v 0.00137600 0.01416800 0.00078600
v 0.00158900 0.01416800 -0.00000800
v 0.00137600 0.01416800 -0.00080200
v 0.00079400 0.01416800 -0.00138400
v -0.00000000 0.01416800 -0.00159700
v -0.00079400 0.01416800 -0.00138400
v -0.00137600 0.01416800 -0.00080200
v -0.00158900 0.01416800 -0.00000800
v -0.00137600 0.01416800 0.00078600
v -0.00079400 0.01416800 0.00136800
v 0.00000000 0.01416800 0.00158100
v 0.00079400 0.01416800 0.00136800
v 0.00169700 0.01407600 0.00041000
v 0.00169700 0.01407600 -0.00042600
v 0.00130800 0.01407600 -0.00116700
v 0.00062000 0.01407600 -0.00164200
v -0.00021100 0.01407600 -0.00174300
v -0.00099300 0.01407600 -0.00144700
v -0.00154800 0.01407600 -0.00082000
v -0.00174800 0.01407600 -0.00000800
v -0.00154800 0.01407600 0.00080400
v 0.00130800 0.01407600 0.00115100
v 0.00062000 0.01407600 0.00162600
v -0.00021100 0.01407600 0.00172700
v -0.00099300 0.01407600 0.00143100
v -0.00154800 0.01232800 -0.00082000
v -0.00174800 0.01232800 -0.00000800
v -0.00154800 0.01232800 0.00080400
v -0.00099300 0.01232800 0.00143100
v -0.00099300 0.01232800 -0.00144700
v -0.00021100 0.01232800 -0.00174300
v 0.00062000 0.01232800 -0.00164200
v 0.00130800 0.01232800 -0.00116700
v 0.00169700 0.01232800 -0.00042600
v 0.00169700 0.01232800 0.00041000
v 0.00130800 0.01232800 0.00115100
v 0.00062000 0.01232800 0.00162600
v -0.00021100 0.01232800 0.00172700
v -0.00092000 0.00864800 -0.00000800
v -0.00070500 0.00864800 -0.00059900
v -0.00070500 0.00864800 0.00058300
v -0.00016000 0.00864800 -0.00091400
v -0.00016000 0.00864800 0.00089800
v 0.00046000 0.00864800 -0.00080500
v 0.00046000 0.00864800 0.00078900
v 0.00086500 0.00864800 -0.00032300
v 0.00086500 0.00864800 0.00030700
v -0.00092000 0.01232800 -0.00000800
v -0.00070500 0.01232800 -0.00059900
v -0.00016000 0.01232800 -0.00091400
v 0.00046000 0.01232800 -0.00080500
v 0.00086500 0.01232800 -0.00032300
v 0.00086500 0.01232800 0.00030700
v 0.00046000 0.01232800 0.00078900
v -0.00016000 0.01232800 0.00089800
v -0.00070500 0.01232800 0.00058300
v 0.00971700 0.00958100 0.04240400
v 0.00971700 0.00783300 0.03127200
v 0.00971700 0.00958100 0.02032400
v 0.00971700 0.00783300 0.02851200
v 0.00971700 0.00783300 0.02694800
v 0.00971700 0.00507300 0.02694800
v 0.00971700 0.00507300 0.02851200
v 0.00971700 0.00350900 0.02694800
v 0.00971700 0.00350900 0.02851200
v 0.00971700 0.00074900 0.02694800
v 0.00971700 0.00074900 0.02851200
v 0.00971700 -0.00081500 0.02694800
v 0.00971700 -0.00081500 0.02851200
v 0.00971700 -0.00357500 0.02694800
v 0.00971700 -0.00357500 0.02851200
v 0.00971700 -0.00513900 0.02694800
v 0.00971700 -0.00513900 0.02851200
v 0.00971700 -0.00789900 0.02694800
v 0.00971700 -0.00789900 0.02851200
v 0.00971700 -0.01001500 0.02032400
v 0.00971700 -0.00789900 0.03127200
v 0.00971700 -0.01001500 0.04240400
v 0.00971700 -0.00789900 0.03283600
v 0.00971700 -0.00789900 0.03559600
v 0.00971700 -0.00081500 0.03992000
v 0.00971700 0.00074900 0.03992000
v 0.00971700 0.00350900 0.03992000
v 0.00971700 -0.00063100 0.02078400
v 0.00971700 -0.00099900 0.02078400
v 0.00971700 -0.00191900 0.02078400
v 0.00971700 0.00507300 0.03992000
v 0.00971700 0.00350900 0.03716000
v 0.00971700 0.00507300 0.03716000
v 0.00971700 0.00350900 0.03559600
v 0.00971700 0.00507300 0.03559600
v 0.00971700 0.00350900 0.03283600
v 0.00971700 0.00507300 0.03283600
v 0.00971700 0.00350900 0.03127200
v 0.00971700 0.00507300 0.03127200
v 0.00971700 0.00783300 0.03992000
v 0.00971700 0.00783300 0.03716000
v 0.00971700 0.00783300 0.03559600
v 0.00971700 0.00783300 0.03283600
v 0.00971700 -0.00357500 0.03992000
v 0.00971700 -0.00513900 0.03716000
v 0.00971700 -0.00357500 0.03716000
v 0.00971700 -0.00513900 0.03559600
v 0.00971700 -0.00357500 0.03559600
v 0.00971700 -0.00513900 0.03283600
v 0.00971700 -0.00357500 0.03283600
v 0.00971700 -0.00513900 0.03127200
v 0.00971700 -0.00357500 0.03127200
v 0.00971700 -0.00513900 0.03992000
v 0.00971700 -0.00081500 0.03716000
v 0.00971700 0.00074900 0.03716000
v 0.00971700 -0.00081500 0.03559600
v 0.00971700 0.00074900 0.03559600
v 0.00971700 -0.00081500 0.03283600
v 0.00971700 0.00074900 0.03283600
v 0.00971700 -0.00081500 0.03127200
v 0.00971700 0.00074900 0.03127200
v 0.00971700 -0.00789900 0.03716000
v 0.00971700 -0.00789900 0.03992000
v 0.00971700 -0.00081500 0.02418800
v 0.00971700 0.00074900 0.02418800
v 0.00971700 0.00028900 0.02262400
v 0.00971700 0.00065700 0.02262400
v 0.00971700 0.00028900 0.02078400
v 0.00971700 0.00065700 0.02078400
v 0.00971700 0.00157700 0.02078400
v 0.00971700 0.00194500 0.02078400
v 0.00971700 0.00194500 0.02262400
v 0.00971700 0.00350900 0.02418800
v 0.00971700 0.00507300 0.02418800
v 0.00971700 0.00415300 0.02262400
v 0.00971700 0.00783300 0.02418800
v 0.00971700 0.00415300 0.02078400
v 0.00971700 0.00323300 0.02078400
v 0.00971700 0.00286500 0.02078400
v 0.00971700 0.00323300 0.02262400
v 0.00971700 0.00286500 0.02262400
v 0.00971700 0.00157700 0.02262400
v 0.00971700 -0.00789900 0.02418800
v 0.00971700 -0.00449500 0.02078400
v 0.00971700 -0.00449500 0.02262400
v 0.00971700 -0.00513900 0.02418800
v 0.00971700 -0.00357500 0.02418800
v 0.00971700 -0.00357500 0.02262400
v 0.00971700 -0.00228700 0.02078400
v 0.00971700 -0.00191900 0.02262400
v 0.00971700 -0.00228700 0.02262400
v 0.00971700 -0.00099900 0.02262400
v 0.00971700 -0.00063100 0.02262400
v 0.00971700 -0.00357500 0.02078400
v 0.00971700 -0.00320700 0.02078400
v 0.00971700 -0.00320700 0.02262400
v 0.00901600 0.00958100 0.02032400
v 0.00901600 0.00958100 0.04240400
v 0.00901600 -0.01001500 0.04240400
v 0.00901600 -0.01001500 0.02032400
v 0.01063700 0.00507300 0.03992000
v 0.01063700 0.00507300 0.03716000
v 0.01063700 0.00783300 0.03716000
v 0.01063700 0.00783300 0.03992000
v 0.01063700 0.00074900 0.03992000
v 0.01063700 0.00074900 0.03716000
v 0.01063700 0.00350900 0.03716000
v 0.01063700 0.00350900 0.03992000
v 0.01063700 -0.00357500 0.03992000
v 0.01063700 -0.00357500 0.03716000
v 0.01063700 -0.00081500 0.03716000
v 0.01063700 -0.00081500 0.03992000
v 0.01063700 -0.00789900 0.03992000
v 0.01063700 -0.00789900 0.03716000
v 0.01063700 -0.00513900 0.03716000
v 0.01063700 -0.00513900 0.03992000
v 0.01063700 0.00074900 0.03559600
v 0.01063700 0.00074900 0.03283600
v 0.01063700 0.00350900 0.03283600
v 0.01063700 0.00350900 0.03559600
v 0.01063700 -0.00357500 0.03559600
v 0.01063700 -0.00357500 0.03283600
v 0.01063700 -0.00081500 0.03283600
v 0.01063700 -0.00081500 0.03559600
v 0.01063700 -0.00789900 0.03559600
v 0.01063700 -0.00789900 0.03283600
v 0.01063700 -0.00513900 0.03283600
v 0.01063700 -0.00513900 0.03559600
v 0.01063700 0.00074900 0.03127200
v 0.01063700 0.00074900 0.02851200
v 0.01063700 0.00350900 0.02851200
v 0.01063700 0.00350900 0.03127200
v 0.01063700 -0.00357500 0.03127200
v 0.01063700 -0.00357500 0.02851200
v 0.01063700 -0.00081500 0.02851200
v 0.01063700 -0.00081500 0.03127200
v 0.01063700 -0.00789900 0.03127200
v 0.01063700 -0.00789900 0.02851200
v 0.01063700 -0.00513900 0.02851200
v 0.01063700 -0.00513900 0.03127200
v 0.01063700 0.00074900 0.02694800
v 0.01063700 0.00074900 0.02418800
v 0.01063700 0.00350900 0.02418800
v 0.01063700 0.00350900 0.02694800
v 0.01063700 -0.00357500 0.02694800
v 0.01063700 -0.00357500 0.02418800
v 0.01063700 -0.00081500 0.02418800
v 0.01063700 -0.00081500 0.02694800
v 0.01063700 -0.00789900 0.02694800
v 0.01063700 -0.00789900 0.02418800
v 0.01063700 -0.00513900 0.02418800
v 0.01063700 -0.00513900 0.02694800
v 0.01063700 0.00507300 0.03559600
v 0.01063700 0.00507300 0.03283600
v 0.01063700 0.00783300 0.03283600
v 0.01063700 0.00783300 0.03559600
v 0.01063700 0.00507300 0.03127200
v 0.01063700 0.00507300 0.02851200
v 0.01063700 0.00783300 0.02851200
v 0.01063700 0.00783300 0.03127200
v 0.01063700 0.00507300 0.02694800
v 0.01063700 0.00507300 0.02418800
v 0.01063700 0.00783300 0.02418800
v 0.01063700 0.00783300 0.02694800
v 0.00980900 0.00415300 0.02078400
v 0.00980900 0.00415300 0.02262400
v 0.00980900 0.00323300 0.02262400
v 0.00980900 0.00323300 0.02078400
v 0.00980900 0.00194500 0.02078400
v 0.00980900 0.00286500 0.02078400
v 0.00980900 0.00286500 0.02262400
v 0.00980900 0.00194500 0.02262400
v 0.00980900 0.00065700 0.02078400
v 0.00980900 0.00157700 0.02078400
v 0.00980900 0.00157700 0.02262400
v 0.00980900 0.00065700 0.02262400
v 0.00980900 -0.00063100 0.02078400
v 0.00980900 0.00028900 0.02078400
v 0.00980900 0.00028900 0.02262400
v 0.00980900 -0.00063100 0.02262400
v 0.00980900 -0.00191900 0.02078400
v 0.00980900 -0.00099900 0.02078400
v 0.00980900 -0.00099900 0.02262400
v 0.00980900 -0.00191900 0.02262400
v 0.00980900 -0.00320700 0.02078400
v 0.00980900 -0.00228700 0.02078400
v 0.00980900 -0.00228700 0.02262400
v 0.00980900 -0.00320700 0.02262400
v 0.00980900 -0.00449500 0.02078400
v 0.00980900 -0.00357500 0.02078400
v 0.00980900 -0.00357500 0.02262400
v 0.00980900 -0.00449500 0.02262400
v 0.01169200 0.00528500 0.03714800
v 0.01152400 0.00579500 0.03673200
v 0.01169200 0.00645300 0.03672300
v 0.01152400 0.00711100 0.03673200
v 0.01169200 0.00762100 0.03714800
v 0.01152400 0.00811900 0.03757800
v 0.01169200 0.00824200 0.03822500
v 0.01152400 0.00834700 0.03887400
v 0.01169200 0.00802600 0.03944800
v 0.01152400 0.00768900 0.04001400
v 0.01169200 0.00707400 0.04024700
v 0.01152400 0.00645300 0.04046400
v 0.01169200 0.00583200 0.04024700
v 0.01152400 0.00521600 0.04001400
v 0.01169200 0.00488000 0.03944800
v 0.01152400 0.00455900 0.03887400
v 0.01169200 0.00466400 0.03822500
v 0.01152400 0.00478700 0.03757800
v 0.01136600 0.00770700 0.03704500
v 0.01136600 0.00645300 0.03658900
v 0.01136600 0.00519900 0.03704500
v 0.01136600 0.00453100 0.03820100
v 0.01136600 0.00476300 0.03951600
v 0.01136600 0.00578500 0.04037400
v 0.01136600 0.00712000 0.04037400
v 0.01136600 0.00814300 0.03951600
v 0.01136600 0.00837500 0.03820100
v 0.01169200 0.00528500 0.02417600
v 0.01152400 0.00579500 0.02376000
v 0.01169200 0.00645300 0.02375100
v 0.01152400 0.00711100 0.02376000
v 0.01169200 0.00762100 0.02417600
v 0.01152400 0.00811900 0.02460600
v 0.01169200 0.00824200 0.02525300
v 0.01152400 0.00834700 0.02590200
v 0.01169200 0.00802600 0.02647600
v 0.01152400 0.00768900 0.02704200
v 0.01169200 0.00707400 0.02727500
v 0.01152400 0.00645300 0.02749200
v 0.01169200 0.00583200 0.02727500
v 0.01152400 0.00521600 0.02704200
v 0.01169200 0.00488000 0.02647600
v 0.01152400 0.00455900 0.02590200
v 0.01169200 0.00466400 0.02525300
v 0.01152400 0.00478700 0.02460600
v 0.01136600 0.00770700 0.02407300
v 0.01136600 0.00645300 0.02361700
v 0.01136600 0.00519900 0.02407300
v 0.01136600 0.00453100 0.02522900
v 0.01136600 0.00476300 0.02654400
v 0.01136600 0.00578500 0.02740200
v 0.01136600 0.00712000 0.02740200
v 0.01136600 0.00814300 0.02654400
v 0.01136600 0.00837500 0.02522900
v 0.01169200 0.00096100 0.02417600
v 0.01152400 0.00147100 0.02376000
v 0.01169200 0.00212900 0.02375100
v 0.01152400 0.00278700 0.02376000
v 0.01169200 0.00329700 0.02417600
v 0.01152400 0.00379500 0.02460600
v 0.01169200 0.00391800 0.02525300
v 0.01152400 0.00402300 0.02590200
v 0.01169200 0.00370200 0.02647600
v 0.01152400 0.00336500 0.02704200
v 0.01169200 0.00275000 0.02727500
v 0.01152400 0.00212900 0.02749200
v 0.01169200 0.00150800 0.02727500
v 0.01152400 0.00089200 0.02704200
v 0.01169200 0.00055600 0.02647600
v 0.01152400 0.00023500 0.02590200
v 0.01169200 0.00034000 0.02525300
v 0.01152400 0.00046300 0.02460600
v 0.01136600 0.00338300 0.02407300
v 0.01136600 0.00212900 0.02361700
v 0.01136600 0.00087500 0.02407300
v 0.01136600 0.00020700 0.02522900
v 0.01136600 0.00043900 0.02654400
v 0.01136600 0.00146100 0.02740200
v 0.01136600 0.00279600 0.02740200
v 0.01136600 0.00381900 0.02654400
v 0.01136600 0.00405100 0.02522900
v 0.01169200 -0.00336300 0.02417600
v 0.01152400 -0.00285300 0.02376000
v 0.01169200 -0.00219500 0.02375100
v 0.01152400 -0.00153700 0.02376000
v 0.01169200 -0.00102700 0.02417600
v 0.01152400 -0.00052900 0.02460600
v 0.01169200 -0.00040600 0.02525300
v 0.01152400 -0.00030100 0.02590200
v 0.01169200 -0.00062200 0.02647600
v 0.01152400 -0.00095900 0.02704200
v 0.01169200 -0.00157400 0.02727500
v 0.01152400 -0.00219500 0.02749200
v 0.01169200 -0.00281600 0.02727500
v 0.01152400 -0.00343200 0.02704200
v 0.01169200 -0.00376800 0.02647600
v 0.01152400 -0.00408900 0.02590200
v 0.01169200 -0.00398400 0.02525300
v 0.01152400 -0.00386100 0.02460600
v 0.01136600 -0.00094100 0.02407300
v 0.01136600 -0.00219500 0.02361700
v 0.01136600 -0.00344900 0.02407300
v 0.01136600 -0.00411700 0.02522900
v 0.01136600 -0.00388500 0.02654400
v 0.01136600 -0.00286300 0.02740200
v 0.01136600 -0.00152800 0.02740200
v 0.01136600 -0.00050500 0.02654400
v 0.01136600 -0.00027300 0.02522900
v 0.01169200 -0.00768700 0.02417600
v 0.01152400 -0.00717700 0.02376000
v 0.01169200 -0.00651900 0.02375100
v 0.01152400 -0.00586100 0.02376000
v 0.01169200 -0.00535100 0.02417600
v 0.01152400 -0.00485300 0.02460600
v 0.01169200 -0.00473000 0.02525300
v 0.01152400 -0.00462500 0.02590200
v 0.01169200 -0.00494600 0.02647600
v 0.01152400 -0.00528300 0.02704200
v 0.01169200 -0.00589800 0.02727500
v 0.01152400 -0.00651900 0.02749200
v 0.01169200 -0.00714000 0.02727500
v 0.01152400 -0.00775600 0.02704200
v 0.01169200 -0.00809200 0.02647600
v 0.01152400 -0.00841300 0.02590200
v 0.01169200 -0.00830800 0.02525300
v 0.01152400 -0.00818500 0.02460600
v 0.01136600 -0.00526500 0.02407300
v 0.01136600 -0.00651900 0.02361700
v 0.01136600 -0.00777300 0.02407300
v 0.01136600 -0.00844100 0.02522900
v 0.01136600 -0.00820900 0.02654400
v 0.01136600 -0.00718700 0.02740200
v 0.01136600 -0.00585200 0.02740200
v 0.01136600 -0.00482900 0.02654400
v 0.01136600 -0.00459700 0.02522900
v 0.01169200 -0.00768700 0.02850000
v 0.01152400 -0.00717700 0.02808400
v 0.01169200 -0.00651900 0.02807500
v 0.01152400 -0.00586100 0.02808400
v 0.01169200 -0.00535100 0.02850000
v 0.01152400 -0.00485300 0.02893000
v 0.01169200 -0.00473000 0.02957700
v 0.01152400 -0.00462500 0.03022600
v 0.01169200 -0.00494600 0.03080000
v 0.01152400 -0.00528300 0.03136600
v 0.01169200 -0.00589800 0.03159900
v 0.01152400 -0.00651900 0.03181600
v 0.01169200 -0.00714000 0.03159900
v 0.01152400 -0.00775600 0.03136600
v 0.01169200 -0.00809200 0.03080000
v 0.01152400 -0.00841300 0.03022600
v 0.01169200 -0.00830800 0.02957700
v 0.01152400 -0.00818500 0.02893000
v 0.01136600 -0.00526500 0.02839700
v 0.01136600 -0.00651900 0.02794100
v 0.01136600 -0.00777300 0.02839700
v 0.01136600 -0.00844100 0.02955300
v 0.01136600 -0.00820900 0.03086800
v 0.01136600 -0.00718700 0.03172600
v 0.01136600 -0.00585200 0.03172600
v 0.01136600 -0.00482900 0.03086800
v 0.01136600 -0.00459700 0.02955300
v 0.01169200 -0.00336300 0.02850000
v 0.01152400 -0.00285300 0.02808400
v 0.01169200 -0.00219500 0.02807500
v 0.01152400 -0.00153700 0.02808400
v 0.01169200 -0.00102700 0.02850000
v 0.01152400 -0.00052900 0.02893000
v 0.01169200 -0.00040600 0.02957700
v 0.01152400 -0.00030100 0.03022600
v 0.01169200 -0.00062200 0.03080000
v 0.01152400 -0.00095900 0.03136600
v 0.01169200 -0.00157400 0.03159900
v 0.01152400 -0.00219500 0.03181600
v 0.01169200 -0.00281600 0.03159900
v 0.01152400 -0.00343200 0.03136600
v 0.01169200 -0.00376800 0.03080000
v 0.01152400 -0.00408900 0.03022600
v 0.01169200 -0.00398400 0.02957700
v 0.01152400 -0.00386100 0.02893000
v 0.01136600 -0.00094100 0.02839700
v 0.01136600 -0.00219500 0.02794100
v 0.01136600 -0.00344900 0.02839700
v 0.01136600 -0.00411700 0.02955300
v 0.01136600 -0.00388500 0.03086800
v 0.01136600 -0.00286300 0.03172600
v 0.01136600 -0.00152800 0.03172600
v 0.01136600 -0.00050500 0.03086800
v 0.01136600 -0.00027300 0.02955300
v 0.01169200 0.00096100 0.02850000
v 0.01152400 0.00147100 0.02808400
v 0.01169200 0.00212900 0.02807500
v 0.01152400 0.00278700 0.02808400
v 0.01169200 0.00329700 0.02850000
v 0.01152400 0.00379500 0.02893000
v 0.01169200 0.00391800 0.02957700
v 0.01152400 0.00402300 0.03022600
v 0.01169200 0.00370200 0.03080000
v 0.01152400 0.00336500 0.03136600
v 0.01169200 0.00275000 0.03159900
v 0.01152400 0.00212900 0.03181600
v 0.01169200 0.00150800 0.03159900
v 0.01152400 0.00089200 0.03136600
v 0.01169200 0.00055600 0.03080000
v 0.01152400 0.00023500 0.03022600
v 0.01169200 0.00034000 0.02957700
v 0.01152400 0.00046300 0.02893000
v 0.01136600 0.00338300 0.02839700
v 0.01136600 0.00212900 0.02794100
v 0.01136600 0.00087500 0.02839700
v 0.01136600 0.00020700 0.02955300
v 0.01136600 0.00043900 0.03086800
v 0.01136600 0.00146100 0.03172600
v 0.01136600 0.00279600 0.03172600
v 0.01136600 0.00381900 0.03086800
v 0.01136600 0.00405100 0.02955300
v 0.01169200 0.00528500 0.02850000
v 0.01152400 0.00579500 0.02808400
v 0.01169200 0.00645300 0.02807500
v 0.01152400 0.00711100 0.02808400
v 0.01169200 0.00762100 0.02850000
v 0.01152400 0.00811900 0.02893000
v 0.01169200 0.00824200 0.02957700
v 0.01152400 0.00834700 0.03022600
v 0.01169200 0.00802600 0.03080000
v 0.01152400 0.00768900 0.03136600
v 0.01169200 0.00707400 0.03159900
v 0.01152400 0.00645300 0.03181600
v 0.01169200 0.00583200 0.03159900
v 0.01152400 0.00521600 0.03136600
v 0.01169200 0.00488000 0.03080000
v 0.01152400 0.00455900 0.03022600
v 0.01169200 0.00466400 0.02957700
v 0.01152400 0.00478700 0.02893000
v 0.01136600 0.00770700 0.02839700
v 0.01136600 0.00645300 0.02794100
v 0.01136600 0.00519900 0.02839700
v 0.01136600 0.00453100 0.02955300
v 0.01136600 0.00476300 0.03086800
v 0.01136600 0.00578500 0.03172600
v 0.01136600 0.00712000 0.03172600
v 0.01136600 0.00814300 0.03086800
v 0.01136600 0.00837500 0.02955300
v 0.01169200 0.00528500 0.03282400
v 0.01152400 0.00579500 0.03240800
v 0.01169200 0.00645300 0.03239900
v 0.01152400 0.00711100 0.03240800
v 0.01169200 0.00762100 0.03282400
v 0.01152400 0.00811900 0.03325400
v 0.01169200 0.00824200 0.03390100
v 0.01152400 0.00834700 0.03455000
v 0.01169200 0.00802600 0.03512400
v 0.01152400 0.00768900 0.03569000
v 0.01169200 0.00707400 0.03592300
v 0.01152400 0.00645300 0.03614000
v 0.01169200 0.00583200 0.03592300
v 0.01152400 0.00521600 0.03569000
v 0.01169200 0.00488000 0.03512400
v 0.01152400 0.00455900 0.03455000
v 0.01169200 0.00466400 0.03390100
v 0.01152400 0.00478700 0.03325400
v 0.01136600 0.00770700 0.03272100
v 0.01136600 0.00645300 0.03226500
v 0.01136600 0.00519900 0.03272100
v 0.01136600 0.00453100 0.03387700
v 0.01136600 0.00476300 0.03519200
v 0.01136600 0.00578500 0.03605000
v 0.01136600 0.00712000 0.03605000
v 0.01136600 0.00814300 0.03519200
v 0.01136600 0.00837500 0.03387700
v 0.01169200 0.00096100 0.03282400
v 0.01152400 0.00147100 0.03240800
v 0.01169200 0.00212900 0.03239900
v 0.01152400 0.00278700 0.03240800
v 0.01169200 0.00329700 0.03282400
v 0.01152400 0.00379500 0.03325400
v 0.01169200 0.00391800 0.03390100
v 0.01152400 0.00402300 0.03455000
v 0.01169200 0.00370200 0.03512400
v 0.01152400 0.00336500 0.03569000
v 0.01169200 0.00275000 0.03592300
v 0.01152400 0.00212900 0.03614000
v 0.01169200 0.00150800 0.03592300
v 0.01152400 0.00089200 0.03569000
v 0.01169200 0.00055600 0.03512400
v 0.01152400 0.00023500 0.03455000
v 0.01169200 0.00034000 0.03390100
v 0.01152400 0.00046300 0.03325400
v 0.01136600 0.00338300 0.03272100
v 0.01136600 0.00212900 0.03226500
v 0.01136600 0.00087500 0.03272100
v 0.01136600 0.00020700 0.03387700
v 0.01136600 0.00043900 0.03519200
v 0.01136600 0.00146100 0.03605000
v 0.01136600 0.00279600 0.03605000
v 0.01136600 0.00381900 0.03519200
v 0.01136600 0.00405100 0.03387700
v 0.01169200 -0.00336300 0.03282400
v 0.01152400 -0.00285300 0.03240800
v 0.01169200 -0.00219500 0.03239900
v 0.01152400 -0.00153700 0.03240800
v 0.01169200 -0.00102700 0.03282400
v 0.01152400 -0.00052900 0.03325400
v 0.01169200 -0.00040600 0.03390100
v 0.01152400 -0.00030100 0.03455000
v 0.01169200 -0.00062200 0.03512400
v 0.01152400 -0.00095900 0.03569000
v 0.01169200 -0.00157400 0.03592300
v 0.01152400 -0.00219500 0.03614000
v 0.01169200 -0.00281600 0.03592300
v 0.01152400 -0.00343200 0.03569000
v 0.01169200 -0.00376800 0.03512400
v 0.01152400 -0.00408900 0.03455000
v 0.01169200 -0.00398400 0.03390100
v 0.01152400 -0.00386100 0.03325400
v 0.01136600 -0.00094100 0.03272100
v 0.01136600 -0.00219500 0.03226500
v 0.01136600 -0.00344900 0.03272100
v 0.01136600 -0.00411700 0.03387700
v 0.01136600 -0.00388500 0.03519200
v 0.01136600 -0.00286300 0.03605000
v 0.01136600 -0.00152800 0.03605000
v 0.01136600 -0.00050500 0.03519200
v 0.01136600 -0.00027300 0.03387700
v 0.01169200 -0.00768700 0.03282400
v 0.01152400 -0.00717700 0.03240800
v 0.01169200 -0.00651900 0.03239900
v 0.01152400 -0.00586100 0.03240800
v 0.01169200 -0.00535100 0.03282400
v 0.01152400 -0.00485300 0.03325400
v 0.01169200 -0.00473000 0.03390100
v 0.01152400 -0.00462500 0.03455000
v 0.01169200 -0.00494600 0.03512400
v 0.01152400 -0.00528300 0.03569000
v 0.01169200 -0.00589800 0.03592300
v 0.01152400 -0.00651900 0.03614000
v 0.01169200 -0.00714000 0.03592300
v 0.01152400 -0.00775600 0.03569000
v 0.01169200 -0.00809200 0.03512400
v 0.01152400 -0.00841300 0.03455000
v 0.01169200 -0.00830800 0.03390100
v 0.01152400 -0.00818500 0.03325400
v 0.01136600 -0.00526500 0.03272100
v 0.01136600 -0.00651900 0.03226500
v 0.01136600 -0.00777300 0.03272100
v 0.01136600 -0.00844100 0.03387700
v 0.01136600 -0.00820900 0.03519200
v 0.01136600 -0.00718700 0.03605000
v 0.01136600 -0.00585200 0.03605000
v 0.01136600 -0.00482900 0.03519200
v 0.01136600 -0.00459700 0.03387700
v 0.01169200 -0.00768700 0.03714800
v 0.01152400 -0.00717700 0.03673200
v 0.01169200 -0.00651900 0.03672300
v 0.01152400 -0.00586100 0.03673200
v 0.01169200 -0.00535100 0.03714800
v 0.01152400 -0.00485300 0.03757800
v 0.01169200 -0.00473000 0.03822500
v 0.01152400 -0.00462500 0.03887400
v 0.01169200 -0.00494600 0.03944800
v 0.01152400 -0.00528300 0.04001400
v 0.01169200 -0.00589800 0.04024700
v 0.01152400 -0.00651900 0.04046400
v 0.01169200 -0.00714000 0.04024700
v 0.01152400 -0.00775600 0.04001400
v 0.01169200 -0.00809200 0.03944800
v 0.01152400 -0.00841300 0.03887400
v 0.01169200 -0.00830800 0.03822500
v 0.01152400 -0.00818500 0.03757800
v 0.01136600 -0.00526500 0.03704500
v 0.01136600 -0.00651900 0.03658900
v 0.01136600 -0.00777300 0.03704500
v 0.01136600 -0.00844100 0.03820100
v 0.01136600 -0.00820900 0.03951600
v 0.01136600 -0.00718700 0.04037400
v 0.01136600 -0.00585200 0.04037400
v 0.01136600 -0.00482900 0.03951600
v 0.01136600 -0.00459700 0.03820100
v 0.01169200 -0.00336300 0.03714800
v 0.01152400 -0.00285300 0.03673200
v 0.01169200 -0.00219500 0.03672300
v 0.01152400 -0.00153700 0.03673200
v 0.01169200 -0.00102700 0.03714800
v 0.01152400 -0.00052900 0.03757800
v 0.01169200 -0.00040600 0.03822500
v 0.01152400 -0.00030100 0.03887400
v 0.01169200 -0.00062200 0.03944800
v 0.01152400 -0.00095900 0.04001400
v 0.01169200 -0.00157400 0.04024700
v 0.01152400 -0.00219500 0.04046400
v 0.01169200 -0.00281600 0.04024700
v 0.01152400 -0.00343200 0.04001400
v 0.01169200 -0.00376800 0.03944800
v 0.01152400 -0.00408900 0.03887400
v 0.01169200 -0.00398400 0.03822500
v 0.01152400 -0.00386100 0.03757800
v 0.01136600 -0.00094100 0.03704500
v 0.01136600 -0.00219500 0.03658900
v 0.01136600 -0.00344900 0.03704500
v 0.01136600 -0.00411700 0.03820100
v 0.01136600 -0.00388500 0.03951600
v 0.01136600 -0.00286300 0.04037400
v 0.01136600 -0.00152800 0.04037400
v 0.01136600 -0.00050500 0.03951600
v 0.01136600 -0.00027300 0.03820100
v 0.01169200 0.00096100 0.03714800
v 0.01152400 0.00147100 0.03673200
v 0.01169200 0.00212900 0.03672300
v 0.01152400 0.00278700 0.03673200
v 0.01169200 0.00329700 0.03714800
v 0.01152400 0.00379500 0.03757800
v 0.01169200 0.00391800 0.03822500
v 0.01152400 0.00402300 0.03887400
v 0.01169200 0.00370200 0.03944800
v 0.01152400 0.00336500 0.04001400
v 0.01169200 0.00275000 0.04024700
v 0.01152400 0.00212900 0.04046400
v 0.01169200 0.00150800 0.04024700
v 0.01152400 0.00089200 0.04001400
v 0.01169200 0.00055600 0.03944800
v 0.01152400 0.00023500 0.03887400
v 0.01169200 0.00034000 0.03822500
v 0.01152400 0.00046300 0.03757800
v 0.01136600 0.00338300 0.03704500
v 0.01136600 0.00212900 0.03658900
v 0.01136600 0.00087500 0.03704500
v 0.01136600 0.00020700 0.03820100
v 0.01136600 0.00043900 0.03951600
v 0.01136600 0.00146100 0.04037400
v 0.01136600 0.00279600 0.04037400
v 0.01136600 0.00381900 0.03951600
v 0.01136600 0.00405100 0.03820100
v 0.01063700 0.00567200 0.02463700
v 0.01109700 0.00645300 0.02435200
v 0.01063700 0.00645300 0.02435200
v 0.01109700 0.00723400 0.02463700
v 0.01063700 0.00723400 0.02463700
v 0.01109700 0.00765000 0.02535700
v 0.01063700 0.00765000 0.02535700
v 0.01109700 0.00750600 0.02617600
v 0.01063700 0.00750600 0.02617600
v 0.01109700 0.00686900 0.02671000
v 0.01063700 0.00686900 0.02671000
v 0.01109700 0.00603700 0.02671000
v 0.01063700 0.00603700 0.02671000
v 0.01109700 0.00540000 0.02617600
v 0.01063700 0.00540000 0.02617600
v 0.01109700 0.00525600 0.02535700
v 0.01063700 0.00525600 0.02535700
v 0.01109700 0.00567200 0.02463700
v 0.01063700 0.00134800 0.02896100
v 0.01109700 0.00212900 0.02867600
v 0.01063700 0.00212900 0.02867600
v 0.01109700 0.00291000 0.02896100
v 0.01063700 0.00291000 0.02896100
v 0.01109700 0.00332600 0.02968100
v 0.01063700 0.00332600 0.02968100
v 0.01109700 0.00318200 0.03050000
v 0.01063700 0.00318200 0.03050000
v 0.01109700 0.00254500 0.03103400
v 0.01063700 0.00254500 0.03103400
v 0.01109700 0.00171300 0.03103400
v 0.01063700 0.00171300 0.03103400
v 0.01109700 0.00107600 0.03050000
v 0.01063700 0.00107600 0.03050000
v 0.01109700 0.00093200 0.02968100
v 0.01063700 0.00093200 0.02968100
v 0.01109700 0.00134800 0.02896100
v 0.01063700 0.00567200 0.02896100
v 0.01109700 0.00645300 0.02867600
v 0.01063700 0.00645300 0.02867600
v 0.01109700 0.00723400 0.02896100
v 0.01063700 0.00723400 0.02896100
v 0.01109700 0.00765000 0.02968100
v 0.01063700 0.00765000 0.02968100
v 0.01109700 0.00750600 0.03050000
v 0.01063700 0.00750600 0.03050000
v 0.01109700 0.00686900 0.03103400
v 0.01063700 0.00686900 0.03103400
v 0.01109700 0.00603700 0.03103400
v 0.01063700 0.00603700 0.03103400
v 0.01109700 0.00540000 0.03050000
v 0.01063700 0.00540000 0.03050000
v 0.01109700 0.00525600 0.02968100
v 0.01063700 0.00525600 0.02968100
v 0.01109700 0.00567200 0.02896100
v 0.01063700 0.00134800 0.02463700
v 0.01109700 0.00212900 0.02435200
v 0.01063700 0.00212900 0.02435200
v 0.01109700 0.00291000 0.02463700
v 0.01063700 0.00291000 0.02463700
v 0.01109700 0.00332600 0.02535700
v 0.01063700 0.00332600 0.02535700
v 0.01109700 0.00318200 0.02617600
v 0.01063700 0.00318200 0.02617600
v 0.01109700 0.00254500 0.02671000
v 0.01063700 0.00254500 0.02671000
v 0.01109700 0.00171300 0.02671000
v 0.01063700 0.00171300 0.02671000
v 0.01109700 0.00107600 0.02617600
v 0.01063700 0.00107600 0.02617600
v 0.01109700 0.00093200 0.02535700
v 0.01063700 0.00093200 0.02535700
v 0.01109700 0.00134800 0.02463700
v 0.01063700 -0.00730000 0.02463700
v 0.01109700 -0.00651900 0.02435200
v 0.01063700 -0.00651900 0.02435200
v 0.01109700 -0.00573800 0.02463700
v 0.01063700 -0.00573800 0.02463700
v 0.01109700 -0.00532200 0.02535700
v 0.01063700 -0.00532200 0.02535700
v 0.01109700 -0.00546600 0.02617600
v 0.01063700 -0.00546600 0.02617600
v 0.01109700 -0.00610300 0.02671000
v 0.01063700 -0.00610300 0.02671000
v 0.01109700 -0.00693500 0.02671000
v 0.01063700 -0.00693500 0.02671000
v 0.01109700 -0.00757200 0.02617600
v 0.01063700 -0.00757200 0.02617600
v 0.01109700 -0.00771600 0.02535700
v 0.01063700 -0.00771600 0.02535700
v 0.01109700 -0.00730000 0.02463700
v 0.01063700 -0.00297600 0.02896100
v 0.01109700 -0.00219500 0.02867600
v 0.01063700 -0.00219500 0.02867600
v 0.01109700 -0.00141400 0.02896100
v 0.01063700 -0.00141400 0.02896100
v 0.01109700 -0.00099800 0.02968100
v 0.01063700 -0.00099800 0.02968100
v 0.01109700 -0.00114200 0.03050000
v 0.01063700 -0.00114200 0.03050000
v 0.01109700 -0.00177900 0.03103400
v 0.01063700 -0.00177900 0.03103400
v 0.01109700 -0.00261100 0.03103400
v 0.01063700 -0.00261100 0.03103400
v 0.01109700 -0.00324800 0.03050000
v 0.01063700 -0.00324800 0.03050000
v 0.01109700 -0.00339200 0.02968100
v 0.01063700 -0.00339200 0.02968100
v 0.01109700 -0.00297600 0.02896100
v 0.01063700 -0.00730000 0.02896100
v 0.01109700 -0.00651900 0.02867600
v 0.01063700 -0.00651900 0.02867600
v 0.01109700 -0.00573800 0.02896100
v 0.01063700 -0.00573800 0.02896100
v 0.01109700 -0.00532200 0.02968100
v 0.01063700 -0.00532200 0.02968100
v 0.01109700 -0.00546600 0.03050000
v 0.01063700 -0.00546600 0.03050000
v 0.01109700 -0.00610300 0.03103400
v 0.01063700 -0.00610300 0.03103400
v 0.01109700 -0.00693500 0.03103400
v 0.01063700 -0.00693500 0.03103400
v 0.01109700 -0.00757200 0.03050000
v 0.01063700 -0.00757200 0.03050000
v 0.01109700 -0.00771600 0.02968100
v 0.01063700 -0.00771600 0.02968100
v 0.01109700 -0.00730000 0.02896100
v 0.01063700 -0.00297600 0.02463700
v 0.01109700 -0.00219500 0.02435200
v 0.01063700 -0.00219500 0.02435200
v 0.01109700 -0.00141400 0.02463700
v 0.01063700 -0.00141400 0.02463700
v 0.01109700 -0.00099800 0.02535700
v 0.01063700 -0.00099800 0.02535700
v 0.01109700 -0.00114200 0.02617600
v 0.01063700 -0.00114200 0.02617600
v 0.01109700 -0.00177900 0.02671000
v 0.01063700 -0.00177900 0.02671000
v 0.01109700 -0.00261100 0.02671000
v 0.01063700 -0.00261100 0.02671000
v 0.01109700 -0.00324800 0.02617600
v 0.01063700 -0.00324800 0.02617600
v 0.01109700 -0.00339200 0.02535700
v 0.01063700 -0.00339200 0.02535700
v 0.01109700 -0.00297600 0.02463700
v 0.01063700 0.00567200 0.03760900
v 0.01109700 0.00645300 0.03732400
v 0.01063700 0.00645300 0.03732400
v 0.01109700 0.00723400 0.03760900
v 0.01063700 0.00723400 0.03760900
v 0.01109700 0.00765000 0.03832900
v 0.01063700 0.00765000 0.03832900
v 0.01109700 0.00750600 0.03914800
v 0.01063700 0.00750600 0.03914800
v 0.01109700 0.00686900 0.03968200
v 0.01063700 0.00686900 0.03968200
v 0.01109700 0.00603700 0.03968200
v 0.01063700 0.00603700 0.03968200
v 0.01109700 0.00540000 0.03914800
v 0.01063700 0.00540000 0.03914800
v 0.01109700 0.00525600 0.03832900
v 0.01063700 0.00525600 0.03832900
v 0.01109700 0.00567200 0.03760900
v 0.01063700 0.00134800 0.03328500
v 0.01109700 0.00212900 0.03300000
v 0.01063700 0.00212900 0.03300000
v 0.01109700 0.00291000 0.03328500
v 0.01063700 0.00291000 0.03328500
v 0.01109700 0.00332600 0.03400500
v 0.01063700 0.00332600 0.03400500
v 0.01109700 0.00318200 0.03482400
v 0.01063700 0.00318200 0.03482400
v 0.01109700 0.00254500 0.03535800
v 0.01063700 0.00254500 0.03535800
v 0.01109700 0.00171300 0.03535800
v 0.01063700 0.00171300 0.03535800
v 0.01109700 0.00107600 0.03482400
v 0.01063700 0.00107600 0.03482400
v 0.01109700 0.00093200 0.03400500
v 0.01063700 0.00093200 0.03400500
v 0.01109700 0.00134800 0.03328500
v 0.01063700 0.00567200 0.03328500
v 0.01109700 0.00645300 0.03300000
v 0.01063700 0.00645300 0.03300000
v 0.01109700 0.00723400 0.03328500
v 0.01063700 0.00723400 0.03328500
v 0.01109700 0.00765000 0.03400500
v 0.01063700 0.00765000 0.03400500
v 0.01109700 0.00750600 0.03482400
v 0.01063700 0.00750600 0.03482400
v 0.01109700 0.00686900 0.03535800
v 0.01063700 0.00686900 0.03535800
v 0.01109700 0.00603700 0.03535800
v 0.01063700 0.00603700 0.03535800
v 0.01109700 0.00540000 0.03482400
v 0.01063700 0.00540000 0.03482400
v 0.01109700 0.00525600 0.03400500
v 0.01063700 0.00525600 0.03400500
v 0.01109700 0.00567200 0.03328500
v 0.01063700 0.00134800 0.03760900
v 0.01109700 0.00212900 0.03732400
v 0.01063700 0.00212900 0.03732400
v 0.01109700 0.00291000 0.03760900
v 0.01063700 0.00291000 0.03760900
v 0.01109700 0.00332600 0.03832900
v 0.01063700 0.00332600 0.03832900
v 0.01109700 0.00318200 0.03914800
v 0.01063700 0.00318200 0.03914800
v 0.01109700 0.00254500 0.03968200
v 0.01063700 0.00254500 0.03968200
v 0.01109700 0.00171300 0.03968200
v 0.01063700 0.00171300 0.03968200
v 0.01109700 0.00107600 0.03914800
v 0.01063700 0.00107600 0.03914800
v 0.01109700 0.00093200 0.03832900
v 0.01063700 0.00093200 0.03832900
v 0.01109700 0.00134800 0.03760900
v 0.01063700 -0.00730000 0.03760900
v 0.01109700 -0.00651900 0.03732400
v 0.01063700 -0.00651900 0.03732400
v 0.01109700 -0.00573800 0.03760900
v 0.01063700 -0.00573800 0.03760900
v 0.01109700 -0.00532200 0.03832900
v 0.01063700 -0.00532200 0.03832900
v 0.01109700 -0.00546600 0.03914800
v 0.01063700 -0.00546600 0.03914800
v 0.01109700 -0.00610300 0.03968200
v 0.01063700 -0.00610300 0.03968200
v 0.01109700 -0.00693500 0.03968200
v 0.01063700 -0.00693500 0.03968200
v 0.01109700 -0.00757200 0.03914800
v 0.01063700 -0.00757200 0.03914800
v 0.01109700 -0.00771600 0.03832900
v 0.01063700 -0.00771600 0.03832900
v 0.01109700 -0.00730000 0.03760900
v 0.01063700 -0.00297600 0.03328500
v 0.01109700 -0.00219500 0.03300000
v 0.01063700 -0.00219500 0.03300000
v 0.01109700 -0.00141400 0.03328500
v 0.01063700 -0.00141400 0.03328500
v 0.01109700 -0.00099800 0.03400500
v 0.01063700 -0.00099800 0.03400500
v 0.01109700 -0.00114200 0.03482400
v 0.01063700 -0.00114200 0.03482400
v 0.01109700 -0.00177900 0.03535800
v 0.01063700 -0.00177900 0.03535800
v 0.01109700 -0.00261100 0.03535800
v 0.01063700 -0.00261100 0.03535800
v 0.01109700 -0.00324800 0.03482400
v 0.01063700 -0.00324800 0.03482400
v 0.01109700 -0.00339200 0.03400500
v 0.01063700 -0.00339200 0.03400500
v 0.01109700 -0.00297600 0.03328500
v 0.01063700 -0.00730000 0.03328500
v 0.01109700 -0.00651900 0.03300000
v 0.01063700 -0.00651900 0.03300000
v 0.01109700 -0.00573800 0.03328500
v 0.01063700 -0.00573800 0.03328500
v 0.01109700 -0.00532200 0.03400500
v 0.01063700 -0.00532200 0.03400500
v 0.01109700 -0.00546600 0.03482400
v 0.01063700 -0.00546600 0.03482400
v 0.01109700 -0.00610300 0.03535800
v 0.01063700 -0.00610300 0.03535800
v 0.01109700 -0.00693500 0.03535800
v 0.01063700 -0.00693500 0.03535800
v 0.01109700 -0.00757200 0.03482400
v 0.01063700 -0.00757200 0.03482400
v 0.01109700 -0.00771600 0.03400500
v 0.01063700 -0.00771600 0.03400500
v 0.01109700 -0.00730000 0.03328500
v 0.01063700 -0.00297600 0.03760900
v 0.01109700 -0.00219500 0.03732400
v 0.01063700 -0.00219500 0.03732400
v 0.01109700 -0.00141400 0.03760900
v 0.01063700 -0.00141400 0.03760900
v 0.01109700 -0.00099800 0.03832900
v 0.01063700 -0.00099800 0.03832900
v 0.01109700 -0.00114200 0.03914800
v 0.01063700 -0.00114200 0.03914800
v 0.01109700 -0.00177900 0.03968200
v 0.01063700 -0.00177900 0.03968200
v 0.01109700 -0.00261100 0.03968200
v 0.01063700 -0.00261100 0.03968200
v 0.01109700 -0.00324800 0.03914800
v 0.01063700 -0.00324800 0.03914800
v 0.01109700 -0.00339200 0.03832900
v 0.01063700 -0.00339200 0.03832900
v 0.01109700 -0.00297600 0.03760900
v 0.01109700 0.00770700 0.03704500
v 0.01109700 0.00645300 0.03658900
v 0.01109700 0.00519900 0.03704500
v 0.01109700 0.00453100 0.03820100
v 0.01109700 0.00476300 0.03951600
v 0.01109700 0.00578500 0.04037400
v 0.01109700 0.00712000 0.04037400
v 0.01109700 0.00814300 0.03951600
v 0.01109700 0.00837500 0.03820100
v 0.01109700 0.00770700 0.02407300
v 0.01109700 0.00645300 0.02361700
v 0.01109700 0.00519900 0.02407300
v 0.01109700 0.00453100 0.02522900
v 0.01109700 0.00476300 0.02654400
v 0.01109700 0.00578500 0.02740200
v 0.01109700 0.00712000 0.02740200
v 0.01109700 0.00814300 0.02654400
v 0.01109700 0.00837500 0.02522900
v 0.01109700 0.00338300 0.02407300
v 0.01109700 0.00212900 0.02361700
v 0.01109700 0.00087500 0.02407300
v 0.01109700 0.00020700 0.02522900
v 0.01109700 0.00043900 0.02654400
v 0.01109700 0.00146100 0.02740200
v 0.01109700 0.00279600 0.02740200
v 0.01109700 0.00381900 0.02654400
v 0.01109700 0.00405100 0.02522900
v 0.01109700 -0.00094100 0.02407300
v 0.01109700 -0.00219500 0.02361700
v 0.01109700 -0.00344900 0.02407300
v 0.01109700 -0.00411700 0.02522900
v 0.01109700 -0.00388500 0.02654400
v 0.01109700 -0.00286300 0.02740200
v 0.01109700 -0.00152800 0.02740200
v 0.01109700 -0.00050500 0.02654400
v 0.01109700 -0.00027300 0.02522900
v 0.01109700 -0.00526500 0.02407300
v 0.01109700 -0.00651900 0.02361700
v 0.01109700 -0.00777300 0.02407300
v 0.01109700 -0.00844100 0.02522900
v 0.01109700 -0.00820900 0.02654400
v 0.01109700 -0.00718700 0.02740200
v 0.01109700 -0.00585200 0.02740200
v 0.01109700 -0.00482900 0.02654400
v 0.01109700 -0.00459700 0.02522900
v 0.01109700 -0.00526500 0.02839700
v 0.01109700 -0.00651900 0.02794100
v 0.01109700 -0.00777300 0.02839700
v 0.01109700 -0.00844100 0.02955300
v 0.01109700 -0.00820900 0.03086800
v 0.01109700 -0.00718700 0.03172600
v 0.01109700 -0.00585200 0.03172600
v 0.01109700 -0.00482900 0.03086800
v 0.01109700 -0.00459700 0.02955300
v 0.01109700 -0.00094100 0.02839700
v 0.01109700 -0.00219500 0.02794100
v 0.01109700 -0.00344900 0.02839700
v 0.01109700 -0.00411700 0.02955300
v 0.01109700 -0.00388500 0.03086800
v 0.01109700 -0.00286300 0.03172600
v 0.01109700 -0.00152800 0.03172600
v 0.01109700 -0.00050500 0.03086800
v 0.01109700 -0.00027300 0.02955300
v 0.01109700 0.00338300 0.02839700
v 0.01109700 0.00212900 0.02794100
v 0.01109700 0.00087500 0.02839700
v 0.01109700 0.00020700 0.02955300
v 0.01109700 0.00043900 0.03086800
v 0.01109700 0.00146100 0.03172600
v 0.01109700 0.00279600 0.03172600
v 0.01109700 0.00381900 0.03086800
v 0.01109700 0.00405100 0.02955300
v 0.01109700 0.00770700 0.02839700
v 0.01109700 0.00645300 0.02794100
v 0.01109700 0.00519900 0.02839700
v 0.01109700 0.00453100 0.02955300
v 0.01109700 0.00476300 0.03086800
v 0.01109700 0.00578500 0.03172600
v 0.01109700 0.00712000 0.03172600
v 0.01109700 0.00814300 0.03086800
v 0.01109700 0.00837500 0.02955300
v 0.01109700 0.00770700 0.03272100
v 0.01109700 0.00645300 0.03226500
v 0.01109700 0.00519900 0.03272100
v 0.01109700 0.00453100 0.03387700
v 0.01109700 0.00476300 0.03519200
v 0.01109700 0.00578500 0.03605000
v 0.01109700 0.00712000 0.03605000
v 0.01109700 0.00814300 0.03519200
v 0.01109700 0.00837500 0.03387700
v 0.01109700 0.00338300 0.03272100
v 0.01109700 0.00212900 0.03226500
v 0.01109700 0.00087500 0.03272100
v 0.01109700 0.00020700 0.03387700
v 0.01109700 0.00043900 0.03519200
v 0.01109700 0.00146100 0.03605000
v 0.01109700 0.00279600 0.03605000
v 0.01109700 0.00381900 0.03519200
v 0.01109700 0.00405100 0.03387700
v 0.01109700 -0.00094100 0.03272100
v 0.01109700 -0.00219500 0.03226500
v 0.01109700 -0.00344900 0.03272100
v 0.01109700 -0.00411700 0.03387700
v 0.01109700 -0.00388500 0.03519200
v 0.01109700 -0.00286300 0.03605000
v 0.01109700 -0.00152800 0.03605000
v 0.01109700 -0.00050500 0.03519200
v 0.01109700 -0.00027300 0.03387700
v 0.01109700 -0.00526500 0.03272100
v 0.01109700 -0.00651900 0.03226500
v 0.01109700 -0.00777300 0.03272100
v 0.01109700 -0.00844100 0.03387700
v 0.01109700 -0.00820900 0.03519200
v 0.01109700 -0.00718700 0.03605000
v 0.01109700 -0.00585200 0.03605000
v 0.01109700 -0.00482900 0.03519200
v 0.01109700 -0.00459700 0.03387700
v 0.01109700 -0.00526500 0.03704500
v 0.01109700 -0.00651900 0.03658900
v 0.01109700 -0.00777300 0.03704500
v 0.01109700 -0.00844100 0.03820100
v 0.01109700 -0.00820900 0.03951600
v 0.01109700 -0.00718700 0.04037400
v 0.01109700 -0.00585200 0.04037400
v 0.01109700 -0.00482900 0.03951600
v 0.01109700 -0.00459700 0.03820100
v 0.01109700 -0.00094100 0.03704500
v 0.01109700 -0.00219500 0.03658900
v 0.01109700 -0.00344900 0.03704500
v 0.01109700 -0.00411700 0.03820100
v 0.01109700 -0.00388500 0.03951600
v 0.01109700 -0.00286300 0.04037400
v 0.01109700 -0.00152800 0.04037400
v 0.01109700 -0.00050500 0.03951600
v 0.01109700 -0.00027300 0.03820100
v 0.01109700 0.00338300 0.03704500
v 0.01109700 0.00212900 0.03658900
v 0.01109700 0.00087500 0.03704500
v 0.01109700 0.00020700 0.03820100
v 0.01109700 0.00043900 0.03951600
v 0.01109700 0.00146100 0.04037400
v 0.01109700 0.00279600 0.04037400
v 0.01109700 0.00381900 0.03951600
v 0.01109700 0.00405100 0.03820100
v 0.01155700 0.00586200 0.02627300
v 0.01155700 0.00645300 0.02648800
v 0.01155700 0.00704400 0.02627300
v 0.01155700 0.00735900 0.02572800
v 0.01155700 0.00725000 0.02510800
v 0.01155700 0.00676800 0.02470400
v 0.01155700 0.00613800 0.02470400
v 0.01155700 0.00565600 0.02510800
v 0.01155700 0.00554700 0.02572800
v 0.01155700 0.00153800 0.03059700
v 0.01155700 0.00212900 0.03081200
v 0.01155700 0.00272000 0.03059700
v 0.01155700 0.00303500 0.03005200
v 0.01155700 0.00292600 0.02943200
v 0.01155700 0.00244400 0.02902800
v 0.01155700 0.00181400 0.02902800
v 0.01155700 0.00133200 0.02943200
v 0.01155700 0.00122300 0.03005200
v 0.01155700 0.00586200 0.03059700
v 0.01155700 0.00645300 0.03081200
v 0.01155700 0.00704400 0.03059700
v 0.01155700 0.00735900 0.03005200
v 0.01155700 0.00725000 0.02943200
v 0.01155700 0.00676800 0.02902800
v 0.01155700 0.00613800 0.02902800
v 0.01155700 0.00565600 0.02943200
v 0.01155700 0.00554700 0.03005200
v 0.01155700 0.00153800 0.02627300
v 0.01155700 0.00212900 0.02648800
v 0.01155700 0.00272000 0.02627300
v 0.01155700 0.00303500 0.02572800
v 0.01155700 0.00292600 0.02510800
v 0.01155700 0.00244400 0.02470400
v 0.01155700 0.00181400 0.02470400
v 0.01155700 0.00133200 0.02510800
v 0.01155700 0.00122300 0.02572800
v 0.01155700 -0.00711000 0.02627300
v 0.01155700 -0.00651900 0.02648800
v 0.01155700 -0.00592800 0.02627300
v 0.01155700 -0.00561300 0.02572800
v 0.01155700 -0.00572200 0.02510800
v 0.01155700 -0.00620400 0.02470400
v 0.01155700 -0.00683400 0.02470400
v 0.01155700 -0.00731600 0.02510800
v 0.01155700 -0.00742500 0.02572800
v 0.01155700 -0.00278600 0.03059700
v 0.01155700 -0.00219500 0.03081200
v 0.01155700 -0.00160400 0.03059700
v 0.01155700 -0.00128900 0.03005200
v 0.01155700 -0.00139800 0.02943200
v 0.01155700 -0.00188000 0.02902800
v 0.01155700 -0.00251000 0.02902800
v 0.01155700 -0.00299200 0.02943200
v 0.01155700 -0.00310100 0.03005200
v 0.01155700 -0.00711000 0.03059700
v 0.01155700 -0.00651900 0.03081200
v 0.01155700 -0.00592800 0.03059700
v 0.01155700 -0.00561300 0.03005200
v 0.01155700 -0.00572200 0.02943200
v 0.01155700 -0.00620400 0.02902800
v 0.01155700 -0.00683400 0.02902800
v 0.01155700 -0.00731600 0.02943200
v 0.01155700 -0.00742500 0.03005200
v 0.01155700 -0.00278600 0.02627300
v 0.01155700 -0.00219500 0.02648800
v 0.01155700 -0.00160400 0.02627300
v 0.01155700 -0.00128900 0.02572800
v 0.01155700 -0.00139800 0.02510800
v 0.01155700 -0.00188000 0.02470400
v 0.01155700 -0.00251000 0.02470400
v 0.01155700 -0.00299200 0.02510800
v 0.01155700 -0.00310100 0.02572800
v 0.01155700 0.00586200 0.03924500
v 0.01155700 0.00645300 0.03946000
v 0.01155700 0.00704400 0.03924500
v 0.01155700 0.00735900 0.03870000
v 0.01155700 0.00725000 0.03808000
v 0.01155700 0.00676800 0.03767600
v 0.01155700 0.00613800 0.03767600
v 0.01155700 0.00565600 0.03808000
v 0.01155700 0.00554700 0.03870000
v 0.01155700 0.00153800 0.03492100
v 0.01155700 0.00212900 0.03513600
v 0.01155700 0.00272000 0.03492100
v 0.01155700 0.00303500 0.03437600
v 0.01155700 0.00292600 0.03375600
v 0.01155700 0.00244400 0.03335200
v 0.01155700 0.00181400 0.03335200
v 0.01155700 0.00133200 0.03375600
v 0.01155700 0.00122300 0.03437600
v 0.01155700 0.00586200 0.03492100
v 0.01155700 0.00645300 0.03513600
v 0.01155700 0.00704400 0.03492100
v 0.01155700 0.00735900 0.03437600
v 0.01155700 0.00725000 0.03375600
v 0.01155700 0.00676800 0.03335200
v 0.01155700 0.00613800 0.03335200
v 0.01155700 0.00565600 0.03375600
v 0.01155700 0.00554700 0.03437600
v 0.01155700 0.00153800 0.03924500
v 0.01155700 0.00212900 0.03946000
v 0.01155700 0.00272000 0.03924500
v 0.01155700 0.00303500 0.03870000
v 0.01155700 0.00292600 0.03808000
v 0.01155700 0.00244400 0.03767600
v 0.01155700 0.00181400 0.03767600
v 0.01155700 0.00133200 0.03808000
v 0.01155700 0.00122300 0.03870000
v 0.01155700 -0.00711000 0.03924500
v 0.01155700 -0.00651900 0.03946000
v 0.01155700 -0.00592800 0.03924500
v 0.01155700 -0.00561300 0.03870000
v 0.01155700 -0.00572200 0.03808000
v 0.01155700 -0.00620400 0.03767600
v 0.01155700 -0.00683400 0.03767600
v 0.01155700 -0.00731600 0.03808000
v 0.01155700 -0.00742500 0.03870000
v 0.01155700 -0.00278600 0.03492100
v 0.01155700 -0.00219500 0.03513600
v 0.01155700 -0.00160400 0.03492100
v 0.01155700 -0.00128900 0.03437600
v 0.01155700 -0.00139800 0.03375600
v 0.01155700 -0.00188000 0.03335200
v 0.01155700 -0.00251000 0.03335200
v 0.01155700 -0.00299200 0.03375600
v 0.01155700 -0.00310100 0.03437600
v 0.01155700 -0.00711000 0.03492100
v 0.01155700 -0.00651900 0.03513600
v 0.01155700 -0.00592800 0.03492100
v 0.01155700 -0.00561300 0.03437600
v 0.01155700 -0.00572200 0.03375600
v 0.01155700 -0.00620400 0.03335200
v 0.01155700 -0.00683400 0.03335200
v 0.01155700 -0.00731600 0.03375600
v 0.01155700 -0.00742500 0.03437600
v 0.01155700 -0.00278600 0.03924500
v 0.01155700 -0.00219500 0.03946000
v 0.01155700 -0.00160400 0.03924500
v 0.01155700 -0.00128900 0.03870000
v 0.01155700 -0.00139800 0.03808000
v 0.01155700 -0.00188000 0.03767600
v 0.01155700 -0.00251000 0.03767600
v 0.01155700 -0.00299200 0.03808000
v 0.01155700 -0.00310100 0.03870000
v 0.01247700 0.00724300 0.03787700
v 0.01247700 0.00748400 0.03854000
v 0.01247700 0.00724300 0.03920300
v 0.01247700 0.00663200 0.03955600
v 0.01247700 0.00593700 0.03943300
v 0.01247700 0.00548400 0.03889300
v 0.01247700 0.00548400 0.03818700
v 0.01247700 0.00593700 0.03764700
v 0.01247700 0.00663200 0.03752400
v 0.01247700 0.00724300 0.02490500
v 0.01247700 0.00748400 0.02556800
v 0.01247700 0.00724300 0.02623100
v 0.01247700 0.00663200 0.02658400
v 0.01247700 0.00593700 0.02646100
v 0.01247700 0.00548400 0.02592100
v 0.01247700 0.00548400 0.02521500
v 0.01247700 0.00593700 0.02467500
v 0.01247700 0.00663200 0.02455200
v 0.01247700 0.00291900 0.02490500
v 0.01247700 0.00316000 0.02556800
v 0.01247700 0.00291900 0.02623100
v 0.01247700 0.00230800 0.02658400
v 0.01247700 0.00161300 0.02646100
v 0.01247700 0.00116000 0.02592100
v 0.01247700 0.00116000 0.02521500
v 0.01247700 0.00161300 0.02467500
v 0.01247700 0.00230800 0.02455200
v 0.01247700 -0.00140500 0.02490500
v 0.01247700 -0.00116400 0.02556800
v 0.01247700 -0.00140500 0.02623100
v 0.01247700 -0.00201600 0.02658400
v 0.01247700 -0.00271100 0.02646100
v 0.01247700 -0.00316400 0.02592100
v 0.01247700 -0.00316400 0.02521500
v 0.01247700 -0.00271100 0.02467500
v 0.01247700 -0.00201600 0.02455200
v 0.01247700 -0.00572900 0.02490500
v 0.01247700 -0.00548800 0.02556800
v 0.01247700 -0.00572900 0.02623100
v 0.01247700 -0.00634000 0.02658400
v 0.01247700 -0.00703500 0.02646100
v 0.01247700 -0.00748800 0.02592100
v 0.01247700 -0.00748800 0.02521500
v 0.01247700 -0.00703500 0.02467500
v 0.01247700 -0.00634000 0.02455200
v 0.01247700 -0.00572900 0.02922900
v 0.01247700 -0.00548800 0.02989200
v 0.01247700 -0.00572900 0.03055500
v 0.01247700 -0.00634000 0.03090800
v 0.01247700 -0.00703500 0.03078500
v 0.01247700 -0.00748800 0.03024500
v 0.01247700 -0.00748800 0.02953900
v 0.01247700 -0.00703500 0.02899900
v 0.01247700 -0.00634000 0.02887600
v 0.01247700 -0.00140500 0.02922900
v 0.01247700 -0.00116400 0.02989200
v 0.01247700 -0.00140500 0.03055500
v 0.01247700 -0.00201600 0.03090800
v 0.01247700 -0.00271100 0.03078500
v 0.01247700 -0.00316400 0.03024500
v 0.01247700 -0.00316400 0.02953900
v 0.01247700 -0.00271100 0.02899900
v 0.01247700 -0.00201600 0.02887600
v 0.01247700 0.00291900 0.02922900
v 0.01247700 0.00316000 0.02989200
v 0.01247700 0.00291900 0.03055500
v 0.01247700 0.00230800 0.03090800
v 0.01247700 0.00161300 0.03078500
v 0.01247700 0.00116000 0.03024500
v 0.01247700 0.00116000 0.02953900
v 0.01247700 0.00161300 0.02899900
v 0.01247700 0.00230800 0.02887600
v 0.01247700 0.00724300 0.02922900
v 0.01247700 0.00748400 0.02989200
v 0.01247700 0.00724300 0.03055500
v 0.01247700 0.00663200 0.03090800
v 0.01247700 0.00593700 0.03078500
v 0.01247700 0.00548400 0.03024500
v 0.01247700 0.00548400 0.02953900
v 0.01247700 0.00593700 0.02899900
v 0.01247700 0.00663200 0.02887600
v 0.01247700 0.00724300 0.03355300
v 0.01247700 0.00748400 0.03421600
v 0.01247700 0.00724300 0.03487900
v 0.01247700 0.00663200 0.03523200
v 0.01247700 0.00593700 0.03510900
v 0.01247700 0.00548400 0.03456900
v 0.01247700 0.00548400 0.03386300
v 0.01247700 0.00593700 0.03332300
v 0.01247700 0.00663200 0.03320000
v 0.01247700 0.00291900 0.03355300
v 0.01247700 0.00316000 0.03421600
v 0.01247700 0.00291900 0.03487900
v 0.01247700 0.00230800 0.03523200
v 0.01247700 0.00161300 0.03510900
v 0.01247700 0.00116000 0.03456900
v 0.01247700 0.00116000 0.03386300
v 0.01247700 0.00161300 0.03332300
v 0.01247700 0.00230800 0.03320000
v 0.01247700 -0.00140500 0.03355300
v 0.01247700 -0.00116400 0.03421600
v 0.01247700 -0.00140500 0.03487900
v 0.01247700 -0.00201600 0.03523200
v 0.01247700 -0.00271100 0.03510900
v 0.01247700 -0.00316400 0.03456900
v 0.01247700 -0.00316400 0.03386300
v 0.01247700 -0.00271100 0.03332300
v 0.01247700 -0.00201600 0.03320000
v 0.01247700 -0.00572900 0.03355300
v 0.01247700 -0.00548800 0.03421600
v 0.01247700 -0.00572900 0.03487900
v 0.01247700 -0.00634000 0.03523200
v 0.01247700 -0.00703500 0.03510900
v 0.01247700 -0.00748800 0.03456900
v 0.01247700 -0.00748800 0.03386300
v 0.01247700 -0.00703500 0.03332300
v 0.01247700 -0.00634000 0.03320000
v 0.01247700 -0.00572900 0.03787700
v 0.01247700 -0.00548800 0.03854000
v 0.01247700 -0.00572900 0.03920300
v 0.01247700 -0.00634000 0.03955600
v 0.01247700 -0.00703500 0.03943300
v 0.01247700 -0.00748800 0.03889300
v 0.01247700 -0.00748800 0.03818700
v 0.01247700 -0.00703500 0.03764700
v 0.01247700 -0.00634000 0.03752400
v 0.01247700 -0.00140500 0.03787700
v 0.01247700 -0.00116400 0.03854000
v 0.01247700 -0.00140500 0.03920300
v 0.01247700 -0.00201600 0.03955600
v 0.01247700 -0.00271100 0.03943300
v 0.01247700 -0.00316400 0.03889300
v 0.01247700 -0.00316400 0.03818700
v 0.01247700 -0.00271100 0.03764700
v 0.01247700 -0.00201600 0.03752400
v 0.01247700 0.00291900 0.03787700
v 0.01247700 0.00316000 0.03854000
v 0.01247700 0.00291900 0.03920300
v 0.01247700 0.00230800 0.03955600
v 0.01247700 0.00161300 0.03943300
v 0.01247700 0.00116000 0.03889300
v 0.01247700 0.00116000 0.03818700
v 0.01247700 0.00161300 0.03764700
v 0.01247700 0.00230800 0.03752400
v 0.01293700 0.00715100 0.03900700
v 0.01293700 0.00729300 0.03854000
v 0.01293700 0.00722900 0.03821900
v 0.01293700 0.00704700 0.03794600
v 0.01293700 0.00677400 0.03776400
v 0.01293700 0.00645300 0.03770000
v 0.01293700 0.00598600 0.03784200
v 0.01293700 0.00567700 0.03821900
v 0.01293700 0.00562900 0.03870400
v 0.01293700 0.00585900 0.03913400
v 0.01293700 0.00628900 0.03936400
v 0.01293700 0.00677400 0.03931600
v 0.01293700 0.00715100 0.02603500
v 0.01293700 0.00729300 0.02556800
v 0.01293700 0.00722900 0.02524700
v 0.01293700 0.00704700 0.02497400
v 0.01293700 0.00677400 0.02479200
v 0.01293700 0.00645300 0.02472800
v 0.01293700 0.00598600 0.02487000
v 0.01293700 0.00567700 0.02524700
v 0.01293700 0.00562900 0.02573200
v 0.01293700 0.00585900 0.02616200
v 0.01293700 0.00628900 0.02639200
v 0.01293700 0.00677400 0.02634400
v 0.01293700 0.00282700 0.02603500
v 0.01293700 0.00296900 0.02556800
v 0.01293700 0.00290500 0.02524700
v 0.01293700 0.00272300 0.02497400
v 0.01293700 0.00245000 0.02479200
v 0.01293700 0.00212900 0.02472800
v 0.01293700 0.00166200 0.02487000
v 0.01293700 0.00135300 0.02524700
v 0.01293700 0.00130500 0.02573200
v 0.01293700 0.00153500 0.02616200
v 0.01293700 0.00196500 0.02639200
v 0.01293700 0.00245000 0.02634400
v 0.01293700 -0.00149700 0.02603500
v 0.01293700 -0.00135500 0.02556800
v 0.01293700 -0.00141900 0.02524700
v 0.01293700 -0.00160100 0.02497400
v 0.01293700 -0.00187400 0.02479200
v 0.01293700 -0.00219500 0.02472800
v 0.01293700 -0.00266200 0.02487000
v 0.01293700 -0.00297100 0.02524700
v 0.01293700 -0.00301900 0.02573200
v 0.01293700 -0.00278900 0.02616200
v 0.01293700 -0.00235900 0.02639200
v 0.01293700 -0.00187400 0.02634400
v 0.01293700 -0.00582100 0.02603500
v 0.01293700 -0.00567900 0.02556800
v 0.01293700 -0.00574300 0.02524700
v 0.01293700 -0.00592500 0.02497400
v 0.01293700 -0.00619800 0.02479200
v 0.01293700 -0.00651900 0.02472800
v 0.01293700 -0.00698600 0.02487000
v 0.01293700 -0.00729500 0.02524700
v 0.01293700 -0.00734300 0.02573200
v 0.01293700 -0.00711300 0.02616200
v 0.01293700 -0.00668300 0.02639200
v 0.01293700 -0.00619800 0.02634400
v 0.01293700 -0.00582100 0.03035900
v 0.01293700 -0.00567900 0.02989200
v 0.01293700 -0.00574300 0.02957100
v 0.01293700 -0.00592500 0.02929800
v 0.01293700 -0.00619800 0.02911600
v 0.01293700 -0.00651900 0.02905200
v 0.01293700 -0.00698600 0.02919400
v 0.01293700 -0.00729500 0.02957100
v 0.01293700 -0.00734300 0.03005600
v 0.01293700 -0.00711300 0.03048600
v 0.01293700 -0.00668300 0.03071600
v 0.01293700 -0.00619800 0.03066800
v 0.01293700 -0.00149700 0.03035900
v 0.01293700 -0.00135500 0.02989200
v 0.01293700 -0.00141900 0.02957100
v 0.01293700 -0.00160100 0.02929800
v 0.01293700 -0.00187400 0.02911600
v 0.01293700 -0.00219500 0.02905200
v 0.01293700 -0.00266200 0.02919400
v 0.01293700 -0.00297100 0.02957100
v 0.01293700 -0.00301900 0.03005600
v 0.01293700 -0.00278900 0.03048600
v 0.01293700 -0.00235900 0.03071600
v 0.01293700 -0.00187400 0.03066800
v 0.01293700 0.00282700 0.03035900
v 0.01293700 0.00296900 0.02989200
v 0.01293700 0.00290500 0.02957100
v 0.01293700 0.00272300 0.02929800
v 0.01293700 0.00245000 0.02911600
v 0.01293700 0.00212900 0.02905200
v 0.01293700 0.00166200 0.02919400
v 0.01293700 0.00135300 0.02957100
v 0.01293700 0.00130500 0.03005600
v 0.01293700 0.00153500 0.03048600
v 0.01293700 0.00196500 0.03071600
v 0.01293700 0.00245000 0.03066800
v 0.01293700 0.00715100 0.03035900
v 0.01293700 0.00729300 0.02989200
v 0.01293700 0.00722900 0.02957100
v 0.01293700 0.00704700 0.02929800
v 0.01293700 0.00677400 0.02911600
v 0.01293700 0.00645300 0.02905200
v 0.01293700 0.00598600 0.02919400
v 0.01293700 0.00567700 0.02957100
v 0.01293700 0.00562900 0.03005600
v 0.01293700 0.00585900 0.03048600
v 0.01293700 0.00628900 0.03071600
v 0.01293700 0.00677400 0.03066800
v 0.01293700 0.00715100 0.03468300
v 0.01293700 0.00729300 0.03421600
v 0.01293700 0.00722900 0.03389500
v 0.01293700 0.00704700 0.03362200
v 0.01293700 0.00677400 0.03344000
v 0.01293700 0.00645300 0.03337600
v 0.01293700 0.00598600 0.03351800
v 0.01293700 0.00567700 0.03389500
v 0.01293700 0.00562900 0.03438000
v 0.01293700 0.00585900 0.03481000
v 0.01293700 0.00628900 0.03504000
v 0.01293700 0.00677400 0.03499200
v 0.01293700 0.00282700 0.03468300
v 0.01293700 0.00296900 0.03421600
v 0.01293700 0.00290500 0.03389500
v 0.01293700 0.00272300 0.03362200
v 0.01293700 0.00245000 0.03344000
v 0.01293700 0.00212900 0.03337600
v 0.01293700 0.00166200 0.03351800
v 0.01293700 0.00135300 0.03389500
v 0.01293700 0.00130500 0.03438000
v 0.01293700 0.00153500 0.03481000
v 0.01293700 0.00196500 0.03504000
v 0.01293700 0.00245000 0.03499200
v 0.01293700 -0.00149700 0.03468300
v 0.01293700 -0.00135500 0.03421600
v 0.01293700 -0.00141900 0.03389500
v 0.01293700 -0.00160100 0.03362200
v 0.01293700 -0.00187400 0.03344000
v 0.01293700 -0.00219500 0.03337600
v 0.01293700 -0.00266200 0.03351800
v 0.01293700 -0.00297100 0.03389500
v 0.01293700 -0.00301900 0.03438000
v 0.01293700 -0.00278900 0.03481000
v 0.01293700 -0.00235900 0.03504000
v 0.01293700 -0.00187400 0.03499200
v 0.01293700 -0.00582100 0.03468300
v 0.01293700 -0.00567900 0.03421600
v 0.01293700 -0.00574300 0.03389500
v 0.01293700 -0.00592500 0.03362200
v 0.01293700 -0.00619800 0.03344000
v 0.01293700 -0.00651900 0.03337600
v 0.01293700 -0.00698600 0.03351800
v 0.01293700 -0.00729500 0.03389500
v 0.01293700 -0.00734300 0.03438000
v 0.01293700 -0.00711300 0.03481000
v 0.01293700 -0.00668300 0.03504000
v 0.01293700 -0.00619800 0.03499200
v 0.01293700 -0.00582100 0.03900700
v 0.01293700 -0.00567900 0.03854000
v 0.01293700 -0.00574300 0.03821900
v 0.01293700 -0.00592500 0.03794600
v 0.01293700 -0.00619800 0.03776400
v 0.01293700 -0.00651900 0.03770000
v 0.01293700 -0.00698600 0.03784200
v 0.01293700 -0.00729500 0.03821900
v 0.01293700 -0.00734300 0.03870400
v 0.01293700 -0.00711300 0.03913400
v 0.01293700 -0.00668300 0.03936400
v 0.01293700 -0.00619800 0.03931600
v 0.01293700 -0.00149700 0.03900700
v 0.01293700 -0.00135500 0.03854000
v 0.01293700 -0.00141900 0.03821900
v 0.01293700 -0.00160100 0.03794600
v 0.01293700 -0.00187400 0.03776400
v 0.01293700 -0.00219500 0.03770000
v 0.01293700 -0.00266200 0.03784200
v 0.01293700 -0.00297100 0.03821900
v 0.01293700 -0.00301900 0.03870400
v 0.01293700 -0.00278900 0.03913400
v 0.01293700 -0.00235900 0.03936400
v 0.01293700 -0.00187400 0.03931600
v 0.01293700 0.00282700 0.03900700
v 0.01293700 0.00296900 0.03854000
v 0.01293700 0.00290500 0.03821900
v 0.01293700 0.00272300 0.03794600
v 0.01293700 0.00245000 0.03776400
v 0.01293700 0.00212900 0.03770000
v 0.01293700 0.00166200 0.03784200
v 0.01293700 0.00135300 0.03821900
v 0.01293700 0.00130500 0.03870400
v 0.01293700 0.00153500 0.03913400
v 0.01293700 0.00196500 0.03936400
v 0.01293700 0.00245000 0.03931600
v 0.01201700 0.00600900 0.03801100
v 0.01293700 0.00607000 0.03796600
v 0.01201700 0.00645300 0.03785000
v 0.01293700 0.00645300 0.03785000
v 0.01293700 0.00671700 0.03790200
v 0.01293700 0.00581500 0.03827600
v 0.01201700 0.00577300 0.03842000
v 0.01293700 0.00577600 0.03867500
v 0.01201700 0.00585500 0.03888500
v 0.01293700 0.00596500 0.03902800
v 0.01201700 0.00621700 0.03918800
v 0.01293700 0.00631800 0.03921700
v 0.01201700 0.00668900 0.03918800
v 0.01293700 0.00671700 0.03917800
v 0.01293700 0.00702700 0.03892300
v 0.01201700 0.00705000 0.03888500
v 0.01293700 0.00714300 0.03854000
v 0.01201700 0.00713200 0.03842000
v 0.01293700 0.00709000 0.03827600
v 0.01201700 0.00689600 0.03801100
v 0.01293700 0.00694100 0.03805200
v 0.01201700 0.00600900 0.02503900
v 0.01293700 0.00607000 0.02499400
v 0.01201700 0.00645300 0.02487800
v 0.01293700 0.00645300 0.02487800
v 0.01293700 0.00671700 0.02493000
v 0.01293700 0.00581500 0.02530400
v 0.01201700 0.00577300 0.02544800
v 0.01293700 0.00577600 0.02570300
v 0.01201700 0.00585500 0.02591300
v 0.01293700 0.00596500 0.02605600
v 0.01201700 0.00621700 0.02621600
v 0.01293700 0.00631800 0.02624500
v 0.01201700 0.00668900 0.02621600
v 0.01293700 0.00671700 0.02620600
v 0.01293700 0.00702700 0.02595100
v 0.01201700 0.00705000 0.02591300
v 0.01293700 0.00714300 0.02556800
v 0.01201700 0.00713200 0.02544800
v 0.01293700 0.00709000 0.02530400
v 0.01201700 0.00689600 0.02503900
v 0.01293700 0.00694100 0.02508000
v 0.01201700 0.00168500 0.02503900
v 0.01293700 0.00174600 0.02499400
v 0.01201700 0.00212900 0.02487800
v 0.01293700 0.00212900 0.02487800
v 0.01293700 0.00239300 0.02493000
v 0.01293700 0.00149100 0.02530400
v 0.01201700 0.00144900 0.02544800
v 0.01293700 0.00145200 0.02570300
v 0.01201700 0.00153100 0.02591300
v 0.01293700 0.00164100 0.02605600
v 0.01201700 0.00189300 0.02621600
v 0.01293700 0.00199400 0.02624500
v 0.01201700 0.00236500 0.02621600
v 0.01293700 0.00239300 0.02620600
v 0.01293700 0.00270300 0.02595100
v 0.01201700 0.00272600 0.02591300
v 0.01293700 0.00281900 0.02556800
v 0.01201700 0.00280800 0.02544800
v 0.01293700 0.00276600 0.02530400
v 0.01201700 0.00257200 0.02503900
v 0.01293700 0.00261700 0.02508000
v 0.01201700 -0.00263900 0.02503900
v 0.01293700 -0.00257800 0.02499400
v 0.01201700 -0.00219500 0.02487800
v 0.01293700 -0.00219500 0.02487800
v 0.01293700 -0.00193100 0.02493000
v 0.01293700 -0.00283300 0.02530400
v 0.01201700 -0.00287500 0.02544800
v 0.01293700 -0.00287200 0.02570300
v 0.01201700 -0.00279300 0.02591300
v 0.01293700 -0.00268300 0.02605600
v 0.01201700 -0.00243100 0.02621600
v 0.01293700 -0.00233000 0.02624500
v 0.01201700 -0.00195900 0.02621600
v 0.01293700 -0.00193100 0.02620600
v 0.01293700 -0.00162100 0.02595100
v 0.01201700 -0.00159800 0.02591300
v 0.01293700 -0.00150500 0.02556800
v 0.01201700 -0.00151600 0.02544800
v 0.01293700 -0.00155800 0.02530400
v 0.01201700 -0.00175200 0.02503900
v 0.01293700 -0.00170700 0.02508000
v 0.01201700 -0.00696300 0.02503900
v 0.01293700 -0.00690200 0.02499400
v 0.01201700 -0.00651900 0.02487800
v 0.01293700 -0.00651900 0.02487800
v 0.01293700 -0.00625500 0.02493000
v 0.01293700 -0.00715700 0.02530400
v 0.01201700 -0.00719900 0.02544800
v 0.01293700 -0.00719600 0.02570300
v 0.01201700 -0.00711700 0.02591300
v 0.01293700 -0.00700700 0.02605600
v 0.01201700 -0.00675500 0.02621600
v 0.01293700 -0.00665400 0.02624500
v 0.01201700 -0.00628300 0.02621600
v 0.01293700 -0.00625500 0.02620600
v 0.01293700 -0.00594500 0.02595100
v 0.01201700 -0.00592200 0.02591300
v 0.01293700 -0.00582900 0.02556800
v 0.01201700 -0.00584000 0.02544800
v 0.01293700 -0.00588200 0.02530400
v 0.01201700 -0.00607600 0.02503900
v 0.01293700 -0.00603100 0.02508000
v 0.01201700 -0.00696300 0.02936300
v 0.01293700 -0.00690200 0.02931800
v 0.01201700 -0.00651900 0.02920200
v 0.01293700 -0.00651900 0.02920200
v 0.01293700 -0.00625500 0.02925400
v 0.01293700 -0.00715700 0.02962800
v 0.01201700 -0.00719900 0.02977200
v 0.01293700 -0.00719600 0.03002700
v 0.01201700 -0.00711700 0.03023700
v 0.01293700 -0.00700700 0.03038000
v 0.01201700 -0.00675500 0.03054000
v 0.01293700 -0.00665400 0.03056900
v 0.01201700 -0.00628300 0.03054000
v 0.01293700 -0.00625500 0.03053000
v 0.01293700 -0.00594500 0.03027500
v 0.01201700 -0.00592200 0.03023700
v 0.01293700 -0.00582900 0.02989200
v 0.01201700 -0.00584000 0.02977200
v 0.01293700 -0.00588200 0.02962800
v 0.01201700 -0.00607600 0.02936300
v 0.01293700 -0.00603100 0.02940400
v 0.01201700 -0.00263900 0.02936300
v 0.01293700 -0.00257800 0.02931800
v 0.01201700 -0.00219500 0.02920200
v 0.01293700 -0.00219500 0.02920200
v 0.01293700 -0.00193100 0.02925400
v 0.01293700 -0.00283300 0.02962800
v 0.01201700 -0.00287500 0.02977200
v 0.01293700 -0.00287200 0.03002700
v 0.01201700 -0.00279300 0.03023700
v 0.01293700 -0.00268300 0.03038000
v 0.01201700 -0.00243100 0.03054000
v 0.01293700 -0.00233000 0.03056900
v 0.01201700 -0.00195900 0.03054000
v 0.01293700 -0.00193100 0.03053000
v 0.01293700 -0.00162100 0.03027500
v 0.01201700 -0.00159800 0.03023700
v 0.01293700 -0.00150500 0.02989200
v 0.01201700 -0.00151600 0.02977200
v 0.01293700 -0.00155800 0.02962800
v 0.01201700 -0.00175200 0.02936300
v 0.01293700 -0.00170700 0.02940400
v 0.01201700 0.00168500 0.02936300
v 0.01293700 0.00174600 0.02931800
v 0.01201700 0.00212900 0.02920200
v 0.01293700 0.00212900 0.02920200
v 0.01293700 0.00239300 0.02925400
v 0.01293700 0.00149100 0.02962800
v 0.01201700 0.00144900 0.02977200
v 0.01293700 0.00145200 0.03002700
v 0.01201700 0.00153100 0.03023700
v 0.01293700 0.00164100 0.03038000
v 0.01201700 0.00189300 0.03054000
v 0.01293700 0.00199400 0.03056900
v 0.01201700 0.00236500 0.03054000
v 0.01293700 0.00239300 0.03053000
v 0.01293700 0.00270300 0.03027500
v 0.01201700 0.00272600 0.03023700
v 0.01293700 0.00281900 0.02989200
v 0.01201700 0.00280800 0.02977200
v 0.01293700 0.00276600 0.02962800
v 0.01201700 0.00257200 0.02936300
v 0.01293700 0.00261700 0.02940400
v 0.01201700 0.00600900 0.02936300
v 0.01293700 0.00607000 0.02931800
v 0.01201700 0.00645300 0.02920200
v 0.01293700 0.00645300 0.02920200
v 0.01293700 0.00671700 0.02925400
v 0.01293700 0.00581500 0.02962800
v 0.01201700 0.00577300 0.02977200
v 0.01293700 0.00577600 0.03002700
v 0.01201700 0.00585500 0.03023700
v 0.01293700 0.00596500 0.03038000
v 0.01201700 0.00621700 0.03054000
v 0.01293700 0.00631800 0.03056900
v 0.01201700 0.00668900 0.03054000
v 0.01293700 0.00671700 0.03053000
v 0.01293700 0.00702700 0.03027500
v 0.01201700 0.00705000 0.03023700
v 0.01293700 0.00714300 0.02989200
v 0.01201700 0.00713200 0.02977200
v 0.01293700 0.00709000 0.02962800
v 0.01201700 0.00689600 0.02936300
v 0.01293700 0.00694100 0.02940400
v 0.01201700 0.00600900 0.03368700
v 0.01293700 0.00607000 0.03364200
v 0.01201700 0.00645300 0.03352600
v 0.01293700 0.00645300 0.03352600
v 0.01293700 0.00671700 0.03357800
v 0.01293700 0.00581500 0.03395200
v 0.01201700 0.00577300 0.03409600
v 0.01293700 0.00577600 0.03435100
v 0.01201700 0.00585500 0.03456100
v 0.01293700 0.00596500 0.03470400
v 0.01201700 0.00621700 0.03486400
v 0.01293700 0.00631800 0.03489300
v 0.01201700 0.00668900 0.03486400
v 0.01293700 0.00671700 0.03485400
v 0.01293700 0.00702700 0.03459900
v 0.01201700 0.00705000 0.03456100
v 0.01293700 0.00714300 0.03421600
v 0.01201700 0.00713200 0.03409600
v 0.01293700 0.00709000 0.03395200
v 0.01201700 0.00689600 0.03368700
v 0.01293700 0.00694100 0.03372800
v 0.01201700 0.00168500 0.03368700
v 0.01293700 0.00174600 0.03364200
v 0.01201700 0.00212900 0.03352600
v 0.01293700 0.00212900 0.03352600
v 0.01293700 0.00239300 0.03357800
v 0.01293700 0.00149100 0.03395200
v 0.01201700 0.00144900 0.03409600
v 0.01293700 0.00145200 0.03435100
v 0.01201700 0.00153100 0.03456100
v 0.01293700 0.00164100 0.03470400
v 0.01201700 0.00189300 0.03486400
v 0.01293700 0.00199400 0.03489300
v 0.01201700 0.00236500 0.03486400
v 0.01293700 0.00239300 0.03485400
v 0.01293700 0.00270300 0.03459900
v 0.01201700 0.00272600 0.03456100
v 0.01293700 0.00281900 0.03421600
v 0.01201700 0.00280800 0.03409600
v 0.01293700 0.00276600 0.03395200
v 0.01201700 0.00257200 0.03368700
v 0.01293700 0.00261700 0.03372800
v 0.01201700 -0.00263900 0.03368700
v 0.01293700 -0.00257800 0.03364200
v 0.01201700 -0.00219500 0.03352600
v 0.01293700 -0.00219500 0.03352600
v 0.01293700 -0.00193100 0.03357800
v 0.01293700 -0.00283300 0.03395200
v 0.01201700 -0.00287500 0.03409600
v 0.01293700 -0.00287200 0.03435100
v 0.01201700 -0.00279300 0.03456100
v 0.01293700 -0.00268300 0.03470400
v 0.01201700 -0.00243100 0.03486400
v 0.01293700 -0.00233000 0.03489300
v 0.01201700 -0.00195900 0.03486400
v 0.01293700 -0.00193100 0.03485400
v 0.01293700 -0.00162100 0.03459900
v 0.01201700 -0.00159800 0.03456100
v 0.01293700 -0.00150500 0.03421600
v 0.01201700 -0.00151600 0.03409600
v 0.01293700 -0.00155800 0.03395200
v 0.01201700 -0.00175200 0.03368700
v 0.01293700 -0.00170700 0.03372800
v 0.01201700 -0.00696300 0.03368700
v 0.01293700 -0.00690200 0.03364200
v 0.01201700 -0.00651900 0.03352600
v 0.01293700 -0.00651900 0.03352600
v 0.01293700 -0.00625500 0.03357800
v 0.01293700 -0.00715700 0.03395200
v 0.01201700 -0.00719900 0.03409600
v 0.01293700 -0.00719600 0.03435100
v 0.01201700 -0.00711700 0.03456100
v 0.01293700 -0.00700700 0.03470400
v 0.01201700 -0.00675500 0.03486400
v 0.01293700 -0.00665400 0.03489300
v 0.01201700 -0.00628300 0.03486400
v 0.01293700 -0.00625500 0.03485400
v 0.01293700 -0.00594500 0.03459900
v 0.01201700 -0.00592200 0.03456100
v 0.01293700 -0.00582900 0.03421600
v 0.01201700 -0.00584000 0.03409600
v 0.01293700 -0.00588200 0.03395200
v 0.01201700 -0.00607600 0.03368700
v 0.01293700 -0.00603100 0.03372800
v 0.01201700 -0.00696300 0.03801100
v 0.01293700 -0.00690200 0.03796600
v 0.01201700 -0.00651900 0.03785000
v 0.01293700 -0.00651900 0.03785000
v 0.01293700 -0.00625500 0.03790200
v 0.01293700 -0.00715700 0.03827600
v 0.01201700 -0.00719900 0.03842000
v 0.01293700 -0.00719600 0.03867500
v 0.01201700 -0.00711700 0.03888500
v 0.01293700 -0.00700700 0.03902800
v 0.01201700 -0.00675500 0.03918800
v 0.01293700 -0.00665400 0.03921700
v 0.01201700 -0.00628300 0.03918800
v 0.01293700 -0.00625500 0.03917800
v 0.01293700 -0.00594500 0.03892300
v 0.01201700 -0.00592200 0.03888500
v 0.01293700 -0.00582900 0.03854000
v 0.01201700 -0.00584000 0.03842000
v 0.01293700 -0.00588200 0.03827600
v 0.01201700 -0.00607600 0.03801100
v 0.01293700 -0.00603100 0.03805200
v 0.01201700 -0.00263900 0.03801100
v 0.01293700 -0.00257800 0.03796600
v 0.01201700 -0.00219500 0.03785000
v 0.01293700 -0.00219500 0.03785000
v 0.01293700 -0.00193100 0.03790200
v 0.01293700 -0.00283300 0.03827600
v 0.01201700 -0.00287500 0.03842000
v 0.01293700 -0.00287200 0.03867500
v 0.01201700 -0.00279300 0.03888500
v 0.01293700 -0.00268300 0.03902800
v 0.01201700 -0.00243100 0.03918800
v 0.01293700 -0.00233000 0.03921700
v 0.01201700 -0.00195900 0.03918800
v 0.01293700 -0.00193100 0.03917800
v 0.01293700 -0.00162100 0.03892300
v 0.01201700 -0.00159800 0.03888500
v 0.01293700 -0.00150500 0.03854000
v 0.01201700 -0.00151600 0.03842000
v 0.01293700 -0.00155800 0.03827600
v 0.01201700 -0.00175200 0.03801100
v 0.01293700 -0.00170700 0.03805200
v 0.01201700 0.00168500 0.03801100
v 0.01293700 0.00174600 0.03796600
v 0.01201700 0.00212900 0.03785000
v 0.01293700 0.00212900 0.03785000
v 0.01293700 0.00239300 0.03790200
v 0.01293700 0.00149100 0.03827600
v 0.01201700 0.00144900 0.03842000
v 0.01293700 0.00145200 0.03867500
v 0.01201700 0.00153100 0.03888500
v 0.01293700 0.00164100 0.03902800
v 0.01201700 0.00189300 0.03918800
v 0.01293700 0.00199400 0.03921700
v 0.01201700 0.00236500 0.03918800
v 0.01293700 0.00239300 0.03917800
v 0.01293700 0.00270300 0.03892300
v 0.01201700 0.00272600 0.03888500
v 0.01293700 0.00281900 0.03854000
v 0.01201700 0.00280800 0.03842000
v 0.01293700 0.00276600 0.03827600
v 0.01201700 0.00257200 0.03801100
v 0.01293700 0.00261700 0.03805200
v 0.01109700 0.00911700 0.02032400
v 0.01109700 0.00498100 0.02032400
v 0.01109700 0.00452100 0.02078400
v 0.01109700 0.00475100 0.02038600
v 0.01109700 0.00934700 0.02038600
v 0.01109700 0.00957700 0.02078400
v 0.01109700 0.00957700 0.04194400
v 0.01109700 0.00934700 0.04234200
v 0.01109700 0.00911700 0.04240400
v 0.01109700 -0.00955900 0.04240400
v 0.01109700 -0.00978900 0.04234200
v 0.01109700 -0.01001900 0.04194400
v 0.01109700 -0.01001900 0.02078400
v 0.01109700 -0.00978900 0.02038600
v 0.01109700 -0.00955900 0.02032400
v 0.01109700 -0.00835900 0.02032400
v 0.01109700 -0.00789900 0.02078400
v 0.01109700 -0.00812900 0.02038600
v 0.01109700 -0.00789900 0.02317600
v 0.01109700 0.00452100 0.02317600
v 0.00971700 0.00957700 0.02078400
v 0.00971700 0.00957700 0.04194400
v 0.00971700 0.00934700 0.02038600
v 0.00971700 0.00911700 0.02032400
v 0.00971700 0.00498100 0.02032400
v 0.00971700 0.00452100 0.02317600
v 0.00971700 0.00452100 0.02078400
v 0.00971700 0.00475100 0.02038600
v 0.00971700 -0.00789900 0.02317600
v 0.00971700 -0.00789900 0.02078400
v 0.00971700 -0.01001900 0.02078400
v 0.00971700 -0.00812900 0.02038600
v 0.00971700 -0.00835900 0.02032400
v 0.00971700 -0.00955900 0.02032400
v 0.00971700 -0.00978900 0.02038600
v 0.00971700 -0.01001900 0.04194400
v 0.00971700 -0.00978900 0.04234200
v 0.00971700 -0.00955900 0.04240400
v 0.00971700 0.00911700 0.04240400
v 0.00971700 0.00934700 0.04234200
v 0.00971700 0.00951600 0.02055400
v 0.01109700 0.00951600 0.02055400
v 0.00971700 -0.00995700 0.02055400
v 0.01109700 -0.00995700 0.02055400
v 0.01109700 -0.00796100 0.02055400
v 0.00971700 -0.00796100 0.02055400
v 0.01109700 0.00458300 0.02055400
v 0.00971700 0.00458300 0.02055400
v 0.00971700 -0.00995700 0.04217400
v 0.01109700 -0.00995700 0.04217400
v 0.01109700 0.00951600 0.04217400
v 0.00971700 0.00951600 0.04217400
v 0.01220100 -0.00718800 0.02395300
v 0.01220100 -0.00651900 0.02382000
v 0.01321300 -0.00651900 0.02382000
v 0.01220100 -0.00585000 0.02395300
v 0.01321300 -0.00539600 0.02422900
v 0.01220100 -0.00528300 0.02433200
v 0.01220100 -0.00490400 0.02489900
v 0.01321300 -0.00479800 0.02526400
v 0.01220100 -0.00477100 0.02556800
v 0.01321300 -0.00500500 0.02644200
v 0.01220100 -0.00490400 0.02623700
v 0.01220100 -0.00528300 0.02680400
v 0.01321300 -0.00592100 0.02721100
v 0.01220100 -0.00585000 0.02718300
v 0.01220100 -0.00651900 0.02731600
v 0.01321300 -0.00711700 0.02721100
v 0.01220100 -0.00718800 0.02718300
v 0.01220100 -0.00775500 0.02680400
v 0.01321300 -0.00803300 0.02644200
v 0.01220100 -0.00813400 0.02623700
v 0.01220100 -0.00826700 0.02556800
v 0.01321300 -0.00824100 0.02526400
v 0.01220100 -0.00813400 0.02489900
v 0.01321300 -0.00764300 0.02422900
v 0.01220100 -0.00775500 0.02433200
v 0.01220100 0.00145500 0.02394200
v 0.01220100 0.00212900 0.02380800
v 0.01321300 0.00212900 0.02380800
v 0.01220100 0.00280200 0.02394200
v 0.01321300 0.00326000 0.02422000
v 0.01220100 0.00337300 0.02432400
v 0.01220100 0.00375500 0.02489400
v 0.01321300 0.00386200 0.02526200
v 0.01220100 0.00388900 0.02556800
v 0.01321300 0.00365300 0.02644800
v 0.01220100 0.00375500 0.02624200
v 0.01220100 0.00337300 0.02681200
v 0.01321300 0.00273100 0.02722200
v 0.01220100 0.00280200 0.02719400
v 0.01220100 0.00212900 0.02732800
v 0.01321300 0.00152700 0.02722200
v 0.01220100 0.00145500 0.02719400
v 0.01220100 0.00088400 0.02681200
v 0.01321300 0.00060500 0.02644800
v 0.01220100 0.00050300 0.02624200
v 0.01220100 0.00036900 0.02556800
v 0.01321300 0.00039600 0.02526200
v 0.01220100 0.00050300 0.02489400
v 0.01321300 0.00099800 0.02422000
v 0.01220100 0.00088400 0.02432400
v 0.01220100 0.00577900 0.02826600
v 0.01220100 0.00645300 0.02813200
v 0.01321300 0.00645300 0.02813200
v 0.01220100 0.00712600 0.02826600
v 0.01321300 0.00758400 0.02854400
v 0.01220100 0.00769700 0.02864800
v 0.01220100 0.00807900 0.02921800
v 0.01321300 0.00818600 0.02958600
v 0.01220100 0.00821300 0.02989200
v 0.01321300 0.00797700 0.03077200
v 0.01220100 0.00807900 0.03056600
v 0.01220100 0.00769700 0.03113600
v 0.01321300 0.00705500 0.03154600
v 0.01220100 0.00712600 0.03151800
v 0.01220100 0.00645300 0.03165200
v 0.01321300 0.00585100 0.03154600
v 0.01220100 0.00577900 0.03151800
v 0.01220100 0.00520800 0.03113600
v 0.01321300 0.00492900 0.03077200
v 0.01220100 0.00482700 0.03056600
v 0.01220100 0.00469300 0.02989200
v 0.01321300 0.00472000 0.02958600
v 0.01220100 0.00482700 0.02921800
v 0.01321300 0.00532200 0.02854400
v 0.01220100 0.00520800 0.02864800
v 0.01220100 -0.00286900 0.02826600
v 0.01220100 -0.00219500 0.02813200
v 0.01321300 -0.00219500 0.02813200
v 0.01220100 -0.00152200 0.02826600
v 0.01321300 -0.00106400 0.02854400
v 0.01220100 -0.00095100 0.02864800
v 0.01220100 -0.00056900 0.02921800
v 0.01321300 -0.00046200 0.02958600
v 0.01220100 -0.00043500 0.02989200
v 0.01321300 -0.00067100 0.03077200
v 0.01220100 -0.00056900 0.03056600
v 0.01220100 -0.00095100 0.03113600
v 0.01321300 -0.00159300 0.03154600
v 0.01220100 -0.00152200 0.03151800
v 0.01220100 -0.00219500 0.03165200
v 0.01321300 -0.00279700 0.03154600
v 0.01220100 -0.00286900 0.03151800
v 0.01220100 -0.00344000 0.03113600
v 0.01321300 -0.00371900 0.03077200
v 0.01220100 -0.00382100 0.03056600
v 0.01220100 -0.00395500 0.02989200
v 0.01321300 -0.00392800 0.02958600
v 0.01220100 -0.00382100 0.02921800
v 0.01321300 -0.00332600 0.02854400
v 0.01220100 -0.00344000 0.02864800
v 0.01220100 0.00577900 0.03259000
v 0.01220100 0.00645300 0.03245600
v 0.01321300 0.00645300 0.03245600
v 0.01220100 0.00712600 0.03259000
v 0.01321300 0.00758400 0.03286800
v 0.01220100 0.00769700 0.03297200
v 0.01220100 0.00807900 0.03354200
v 0.01321300 0.00818600 0.03391000
v 0.01220100 0.00821300 0.03421600
v 0.01321300 0.00797700 0.03509600
v 0.01220100 0.00807900 0.03489000
v 0.01220100 0.00769700 0.03546000
v 0.01321300 0.00705500 0.03587000
v 0.01220100 0.00712600 0.03584200
v 0.01220100 0.00645300 0.03597600
v 0.01321300 0.00585100 0.03587000
v 0.01220100 0.00577900 0.03584200
v 0.01220100 0.00520800 0.03546000
v 0.01321300 0.00492900 0.03509600
v 0.01220100 0.00482700 0.03489000
v 0.01220100 0.00469300 0.03421600
v 0.01321300 0.00472000 0.03391000
v 0.01220100 0.00482700 0.03354200
v 0.01321300 0.00532200 0.03286800
v 0.01220100 0.00520800 0.03297200
v 0.01220100 -0.00286900 0.03259000
v 0.01220100 -0.00219500 0.03245600
v 0.01321300 -0.00219500 0.03245600
v 0.01220100 -0.00152200 0.03259000
v 0.01321300 -0.00106400 0.03286800
v 0.01220100 -0.00095100 0.03297200
v 0.01220100 -0.00056900 0.03354200
v 0.01321300 -0.00046200 0.03391000
v 0.01220100 -0.00043500 0.03421600
v 0.01321300 -0.00067100 0.03509600
v 0.01220100 -0.00056900 0.03489000
v 0.01220100 -0.00095100 0.03546000
v 0.01321300 -0.00159300 0.03587000
v 0.01220100 -0.00152200 0.03584200
v 0.01220100 -0.00219500 0.03597600
v 0.01321300 -0.00279700 0.03587000
v 0.01220100 -0.00286900 0.03584200
v 0.01220100 -0.00344000 0.03546000
v 0.01321300 -0.00371900 0.03509600
v 0.01220100 -0.00382100 0.03489000
v 0.01220100 -0.00395500 0.03421600
v 0.01321300 -0.00392800 0.03391000
v 0.01220100 -0.00382100 0.03354200
v 0.01321300 -0.00332600 0.03286800
v 0.01220100 -0.00344000 0.03297200
v 0.01220100 0.00577900 0.03691400
v 0.01220100 0.00645300 0.03678000
v 0.01321300 0.00645300 0.03678000
v 0.01220100 0.00712600 0.03691400
v 0.01321300 0.00758400 0.03719200
v 0.01220100 0.00769700 0.03729600
v 0.01220100 0.00807900 0.03786600
v 0.01321300 0.00818600 0.03823400
v 0.01220100 0.00821300 0.03854000
v 0.01321300 0.00797700 0.03942000
v 0.01220100 0.00807900 0.03921400
v 0.01220100 0.00769700 0.03978400
v 0.01321300 0.00705500 0.04019400
v 0.01220100 0.00712600 0.04016600
v 0.01220100 0.00645300 0.04030000
v 0.01321300 0.00585100 0.04019400
v 0.01220100 0.00577900 0.04016600
v 0.01220100 0.00520800 0.03978400
v 0.01321300 0.00492900 0.03942000
v 0.01220100 0.00482700 0.03921400
v 0.01220100 0.00469300 0.03854000
v 0.01321300 0.00472000 0.03823400
v 0.01220100 0.00482700 0.03786600
v 0.01321300 0.00532200 0.03719200
v 0.01220100 0.00520800 0.03729600
v 0.01220100 -0.00286900 0.03691400
v 0.01220100 -0.00219500 0.03678000
v 0.01321300 -0.00219500 0.03678000
v 0.01220100 -0.00152200 0.03691400
v 0.01321300 -0.00106400 0.03719200
v 0.01220100 -0.00095100 0.03729600
v 0.01220100 -0.00056900 0.03786600
v 0.01321300 -0.00046200 0.03823400
v 0.01220100 -0.00043500 0.03854000
v 0.01321300 -0.00067100 0.03942000
v 0.01220100 -0.00056900 0.03921400
v 0.01220100 -0.00095100 0.03978400
v 0.01321300 -0.00159300 0.04019400
v 0.01220100 -0.00152200 0.04016600
v 0.01220100 -0.00219500 0.04030000
v 0.01321300 -0.00279700 0.04019400
v 0.01220100 -0.00286900 0.04016600
v 0.01220100 -0.00344000 0.03978400
v 0.01321300 -0.00371900 0.03942000
v 0.01220100 -0.00382100 0.03921400
v 0.01220100 -0.00395500 0.03854000
v 0.01321300 -0.00392800 0.03823400
v 0.01220100 -0.00382100 0.03786600
v 0.01321300 -0.00332600 0.03719200
v 0.01220100 -0.00344000 0.03729600
v 0.01220100 -0.00719300 0.03691400
v 0.01220100 -0.00651900 0.03678000
v 0.01321300 -0.00651900 0.03678000
v 0.01220100 -0.00584600 0.03691400
v 0.01321300 -0.00538800 0.03719200
v 0.01220100 -0.00527500 0.03729600
v 0.01220100 -0.00489300 0.03786600
v 0.01321300 -0.00478600 0.03823400
v 0.01220100 -0.00475900 0.03854000
v 0.01321300 -0.00499500 0.03942000
v 0.01220100 -0.00489300 0.03921400
v 0.01220100 -0.00527500 0.03978400
v 0.01321300 -0.00591700 0.04019400
v 0.01220100 -0.00584600 0.04016600
v 0.01220100 -0.00651900 0.04030000
v 0.01321300 -0.00712100 0.04019400
v 0.01220100 -0.00719300 0.04016600
v 0.01220100 -0.00776400 0.03978400
v 0.01321300 -0.00804300 0.03942000
v 0.01220100 -0.00814500 0.03921400
v 0.01220100 -0.00827900 0.03854000
v 0.01321300 -0.00825200 0.03823400
v 0.01220100 -0.00814500 0.03786600
v 0.01321300 -0.00765000 0.03719200
v 0.01220100 -0.00776400 0.03729600
v 0.01220100 0.00145500 0.03691400
v 0.01220100 0.00212900 0.03678000
v 0.01321300 0.00212900 0.03678000
v 0.01220100 0.00280200 0.03691400
v 0.01321300 0.00326000 0.03719200
v 0.01220100 0.00337300 0.03729600
v 0.01220100 0.00375500 0.03786600
v 0.01321300 0.00386200 0.03823400
v 0.01220100 0.00388900 0.03854000
v 0.01321300 0.00365300 0.03942000
v 0.01220100 0.00375500 0.03921400
v 0.01220100 0.00337300 0.03978400
v 0.01321300 0.00273100 0.04019400
v 0.01220100 0.00280200 0.04016600
v 0.01220100 0.00212900 0.04030000
v 0.01321300 0.00152700 0.04019400
v 0.01220100 0.00145500 0.04016600
v 0.01220100 0.00088400 0.03978400
v 0.01321300 0.00060500 0.03942000
v 0.01220100 0.00050300 0.03921400
v 0.01220100 0.00036900 0.03854000
v 0.01321300 0.00039600 0.03823400
v 0.01220100 0.00050300 0.03786600
v 0.01321300 0.00099800 0.03719200
v 0.01220100 0.00088400 0.03729600
v 0.01220100 -0.00719300 0.03259000
v 0.01220100 -0.00651900 0.03245600
v 0.01321300 -0.00651900 0.03245600
v 0.01220100 -0.00584600 0.03259000
v 0.01321300 -0.00538800 0.03286800
v 0.01220100 -0.00527500 0.03297200
v 0.01220100 -0.00489300 0.03354200
v 0.01321300 -0.00478600 0.03391000
v 0.01220100 -0.00475900 0.03421600
v 0.01321300 -0.00499500 0.03509600
v 0.01220100 -0.00489300 0.03489000
v 0.01220100 -0.00527500 0.03546000
v 0.01321300 -0.00591700 0.03587000
v 0.01220100 -0.00584600 0.03584200
v 0.01220100 -0.00651900 0.03597600
v 0.01321300 -0.00712100 0.03587000
v 0.01220100 -0.00719300 0.03584200
v 0.01220100 -0.00776400 0.03546000
v 0.01321300 -0.00804300 0.03509600
v 0.01220100 -0.00814500 0.03489000
v 0.01220100 -0.00827900 0.03421600
v 0.01321300 -0.00825200 0.03391000
v 0.01220100 -0.00814500 0.03354200
v 0.01321300 -0.00765000 0.03286800
v 0.01220100 -0.00776400 0.03297200
v 0.01220100 0.00145500 0.03259000
v 0.01220100 0.00212900 0.03245600
v 0.01321300 0.00212900 0.03245600
v 0.01220100 0.00280200 0.03259000
v 0.01321300 0.00326000 0.03286800
v 0.01220100 0.00337300 0.03297200
v 0.01220100 0.00375500 0.03354200
v 0.01321300 0.00386200 0.03391000
v 0.01220100 0.00388900 0.03421600
v 0.01321300 0.00365300 0.03509600
v 0.01220100 0.00375500 0.03489000
v 0.01220100 0.00337300 0.03546000
v 0.01321300 0.00273100 0.03587000
v 0.01220100 0.00280200 0.03584200
v 0.01220100 0.00212900 0.03597600
v 0.01321300 0.00152700 0.03587000
v 0.01220100 0.00145500 0.03584200
v 0.01220100 0.00088400 0.03546000
v 0.01321300 0.00060500 0.03509600
v 0.01220100 0.00050300 0.03489000
v 0.01220100 0.00036900 0.03421600
v 0.01321300 0.00039600 0.03391000
v 0.01220100 0.00050300 0.03354200
v 0.01321300 0.00099800 0.03286800
v 0.01220100 0.00088400 0.03297200
v 0.01220100 -0.00719300 0.02826600
v 0.01220100 -0.00651900 0.02813200
v 0.01321300 -0.00651900 0.02813200
v 0.01220100 -0.00584600 0.02826600
v 0.01321300 -0.00538800 0.02854400
v 0.01220100 -0.00527500 0.02864800
v 0.01220100 -0.00489300 0.02921800
v 0.01321300 -0.00478600 0.02958600
v 0.01220100 -0.00475900 0.02989200
v 0.01321300 -0.00499500 0.03077200
v 0.01220100 -0.00489300 0.03056600
v 0.01220100 -0.00527500 0.03113600
v 0.01321300 -0.00591700 0.03154600
v 0.01220100 -0.00584600 0.03151800
v 0.01220100 -0.00651900 0.03165200
v 0.01321300 -0.00712100 0.03154600
v 0.01220100 -0.00719300 0.03151800
v 0.01220100 -0.00776400 0.03113600
v 0.01321300 -0.00804300 0.03077200
v 0.01220100 -0.00814500 0.03056600
v 0.01220100 -0.00827900 0.02989200
v 0.01321300 -0.00825200 0.02958600
v 0.01220100 -0.00814500 0.02921800
v 0.01321300 -0.00765000 0.02854400
v 0.01220100 -0.00776400 0.02864800
v 0.01220100 0.00145500 0.02826600
v 0.01220100 0.00212900 0.02813200
v 0.01321300 0.00212900 0.02813200
v 0.01220100 0.00280200 0.02826600
v 0.01321300 0.00326000 0.02854400
v 0.01220100 0.00337300 0.02864800
v 0.01220100 0.00375500 0.02921800
v 0.01321300 0.00386200 0.02958600
v 0.01220100 0.00388900 0.02989200
v 0.01321300 0.00365300 0.03077200
v 0.01220100 0.00375500 0.03056600
v 0.01220100 0.00337300 0.03113600
v 0.01321300 0.00273100 0.03154600
v 0.01220100 0.00280200 0.03151800
v 0.01220100 0.00212900 0.03165200
v 0.01321300 0.00152700 0.03154600
v 0.01220100 0.00145500 0.03151800
v 0.01220100 0.00088400 0.03113600
v 0.01321300 0.00060500 0.03077200
v 0.01220100 0.00050300 0.03056600
v 0.01220100 0.00036900 0.02989200
v 0.01321300 0.00039600 0.02958600
v 0.01220100 0.00050300 0.02921800
v 0.01321300 0.00099800 0.02854400
v 0.01220100 0.00088400 0.02864800
v 0.01220100 -0.00286900 0.02394200
v 0.01220100 -0.00219500 0.02380800
v 0.01321300 -0.00219500 0.02380800
v 0.01220100 -0.00152200 0.02394200
v 0.01321300 -0.00106400 0.02422000
v 0.01220100 -0.00095100 0.02432400
v 0.01220100 -0.00056900 0.02489400
v 0.01321300 -0.00046200 0.02526200
v 0.01220100 -0.00043500 0.02556800
v 0.01321300 -0.00067100 0.02644800
v 0.01220100 -0.00056900 0.02624200
v 0.01220100 -0.00095100 0.02681200
v 0.01321300 -0.00159300 0.02722200
v 0.01220100 -0.00152200 0.02719400
v 0.01220100 -0.00219500 0.02732800
v 0.01321300 -0.00279700 0.02722200
v 0.01220100 -0.00286900 0.02719400
v 0.01220100 -0.00344000 0.02681200
v 0.01321300 -0.00371900 0.02644800
v 0.01220100 -0.00382100 0.02624200
v 0.01220100 -0.00395500 0.02556800
v 0.01321300 -0.00392800 0.02526200
v 0.01220100 -0.00382100 0.02489400
v 0.01321300 -0.00332600 0.02422000
v 0.01220100 -0.00344000 0.02432400
v 0.01220100 0.00577900 0.02394200
v 0.01220100 0.00645300 0.02380800
v 0.01321300 0.00645300 0.02380800
v 0.01220100 0.00712600 0.02394200
v 0.01321300 0.00758400 0.02422000
v 0.01220100 0.00769700 0.02432400
v 0.01220100 0.00807900 0.02489400
v 0.01321300 0.00818600 0.02526200
v 0.01220100 0.00821300 0.02556800
v 0.01321300 0.00797700 0.02644800
v 0.01220100 0.00807900 0.02624200
v 0.01220100 0.00769700 0.02681200
v 0.01321300 0.00705500 0.02722200
v 0.01220100 0.00712600 0.02719400
v 0.01220100 0.00645300 0.02732800
v 0.01321300 0.00585100 0.02722200
v 0.01220100 0.00577900 0.02719400
v 0.01220100 0.00520800 0.02681200
v 0.01321300 0.00492900 0.02644800
v 0.01220100 0.00482700 0.02624200
v 0.01220100 0.00469300 0.02556800
v 0.01321300 0.00472000 0.02526200
v 0.01220100 0.00482700 0.02489400
v 0.01321300 0.00532200 0.02422000
v 0.01220100 0.00520800 0.02432400
v 0.01275300 -0.00718200 0.02635800
v 0.01220100 -0.00712500 0.02703100
v 0.01275300 -0.00651900 0.02659900
v 0.01220100 -0.00651900 0.02715100
v 0.01220100 -0.00591300 0.02703100
v 0.01275300 -0.00753500 0.02574700
v 0.01220100 -0.00798200 0.02617400
v 0.01220100 -0.00763900 0.02668800
v 0.01220100 -0.00810200 0.02556800
v 0.01275300 -0.00741200 0.02505200
v 0.01220100 -0.00798200 0.02496200
v 0.01220100 -0.00763900 0.02444800
v 0.01275300 -0.00687200 0.02459900
v 0.01220100 -0.00712500 0.02410500
v 0.01220100 -0.00651900 0.02398500
v 0.01275300 -0.00616600 0.02459900
v 0.01220100 -0.00591300 0.02410500
v 0.01220100 -0.00540000 0.02444800
v 0.01275300 -0.00562600 0.02505200
v 0.01220100 -0.00505600 0.02496200
v 0.01220100 -0.00493600 0.02556800
v 0.01275300 -0.00550300 0.02574700
v 0.01220100 -0.00505600 0.02617400
v 0.01275300 -0.00585600 0.02635800
v 0.01220100 -0.00540000 0.02668800
v 0.01275300 0.00146600 0.02635800
v 0.01220100 0.00152300 0.02703100
v 0.01275300 0.00212900 0.02659900
v 0.01220100 0.00212900 0.02715100
v 0.01220100 0.00273500 0.02703100
v 0.01275300 0.00111300 0.02574700
v 0.01220100 0.00066600 0.02617400
v 0.01220100 0.00100900 0.02668800
v 0.01220100 0.00054600 0.02556800
v 0.01275300 0.00123600 0.02505200
v 0.01220100 0.00066600 0.02496200
v 0.01220100 0.00100900 0.02444800
v 0.01275300 0.00177600 0.02459900
v 0.01220100 0.00152300 0.02410500
v 0.01220100 0.00212900 0.02398500
v 0.01275300 0.00248200 0.02459900
v 0.01220100 0.00273500 0.02410500
v 0.01220100 0.00324800 0.02444800
v 0.01275300 0.00302200 0.02505200
v 0.01220100 0.00359200 0.02496200
v 0.01220100 0.00371200 0.02556800
v 0.01275300 0.00314500 0.02574700
v 0.01220100 0.00359200 0.02617400
v 0.01275300 0.00279200 0.02635800
v 0.01220100 0.00324800 0.02668800
v 0.01275300 0.00579000 0.03068200
v 0.01220100 0.00584700 0.03135500
v 0.01275300 0.00645300 0.03092300
v 0.01220100 0.00645300 0.03147500
v 0.01220100 0.00705900 0.03135500
v 0.01275300 0.00543700 0.03007100
v 0.01220100 0.00499000 0.03049800
v 0.01220100 0.00533300 0.03101200
v 0.01220100 0.00487000 0.02989200
v 0.01275300 0.00556000 0.02937600
v 0.01220100 0.00499000 0.02928600
v 0.01220100 0.00533300 0.02877200
v 0.01275300 0.00610000 0.02892300
v 0.01220100 0.00584700 0.02842900
v 0.01220100 0.00645300 0.02830900
v 0.01275300 0.00680600 0.02892300
v 0.01220100 0.00705900 0.02842900
v 0.01220100 0.00757200 0.02877200
v 0.01275300 0.00734600 0.02937600
v 0.01220100 0.00791600 0.02928600
v 0.01220100 0.00803600 0.02989200
v 0.01275300 0.00746900 0.03007100
v 0.01220100 0.00791600 0.03049800
v 0.01275300 0.00711600 0.03068200
v 0.01220100 0.00757200 0.03101200
v 0.01275300 -0.00285800 0.03068200
v 0.01220100 -0.00280100 0.03135500
v 0.01275300 -0.00219500 0.03092300
v 0.01220100 -0.00219500 0.03147500
v 0.01220100 -0.00158900 0.03135500
v 0.01275300 -0.00321100 0.03007100
v 0.01220100 -0.00365800 0.03049800
v 0.01220100 -0.00331500 0.03101200
v 0.01220100 -0.00377800 0.02989200
v 0.01275300 -0.00308800 0.02937600
v 0.01220100 -0.00365800 0.02928600
v 0.01220100 -0.00331500 0.02877200
v 0.01275300 -0.00254800 0.02892300
v 0.01220100 -0.00280100 0.02842900
v 0.01220100 -0.00219500 0.02830900
v 0.01275300 -0.00184200 0.02892300
v 0.01220100 -0.00158900 0.02842900
v 0.01220100 -0.00107600 0.02877200
v 0.01275300 -0.00130200 0.02937600
v 0.01220100 -0.00073200 0.02928600
v 0.01220100 -0.00061200 0.02989200
v 0.01275300 -0.00117900 0.03007100
v 0.01220100 -0.00073200 0.03049800
v 0.01275300 -0.00153200 0.03068200
v 0.01220100 -0.00107600 0.03101200
v 0.01275300 0.00579000 0.03500600
v 0.01220100 0.00584700 0.03567900
v 0.01275300 0.00645300 0.03524700
v 0.01220100 0.00645300 0.03579900
v 0.01220100 0.00705900 0.03567900
v 0.01275300 0.00543700 0.03439500
v 0.01220100 0.00499000 0.03482200
v 0.01220100 0.00533300 0.03533600
v 0.01220100 0.00487000 0.03421600
v 0.01275300 0.00556000 0.03370000
v 0.01220100 0.00499000 0.03361000
v 0.01220100 0.00533300 0.03309600
v 0.01275300 0.00610000 0.03324700
v 0.01220100 0.00584700 0.03275300
v 0.01220100 0.00645300 0.03263300
v 0.01275300 0.00680600 0.03324700
v 0.01220100 0.00705900 0.03275300
v 0.01220100 0.00757200 0.03309600
v 0.01275300 0.00734600 0.03370000
v 0.01220100 0.00791600 0.03361000
v 0.01220100 0.00803600 0.03421600
v 0.01275300 0.00746900 0.03439500
v 0.01220100 0.00791600 0.03482200
v 0.01275300 0.00711600 0.03500600
v 0.01220100 0.00757200 0.03533600
v 0.01275300 -0.00285800 0.03500600
v 0.01220100 -0.00280100 0.03567900
v 0.01275300 -0.00219500 0.03524700
v 0.01220100 -0.00219500 0.03579900
v 0.01220100 -0.00158900 0.03567900
v 0.01275300 -0.00321100 0.03439500
v 0.01220100 -0.00365800 0.03482200
v 0.01220100 -0.00331500 0.03533600
v 0.01220100 -0.00377800 0.03421600
v 0.01275300 -0.00308800 0.03370000
v 0.01220100 -0.00365800 0.03361000
v 0.01220100 -0.00331500 0.03309600
v 0.01275300 -0.00254800 0.03324700
v 0.01220100 -0.00280100 0.03275300
v 0.01220100 -0.00219500 0.03263300
v 0.01275300 -0.00184200 0.03324700
v 0.01220100 -0.00158900 0.03275300
v 0.01220100 -0.00107600 0.03309600
v 0.01275300 -0.00130200 0.03370000
v 0.01220100 -0.00073200 0.03361000
v 0.01220100 -0.00061200 0.03421600
v 0.01275300 -0.00117900 0.03439500
v 0.01220100 -0.00073200 0.03482200
v 0.01275300 -0.00153200 0.03500600
v 0.01220100 -0.00107600 0.03533600
v 0.01275300 0.00579000 0.03933000
v 0.01220100 0.00584700 0.04000300
v 0.01275300 0.00645300 0.03957100
v 0.01220100 0.00645300 0.04012300
v 0.01220100 0.00705900 0.04000300
v 0.01275300 0.00543700 0.03871900
v 0.01220100 0.00499000 0.03914600
v 0.01220100 0.00533300 0.03966000
v 0.01220100 0.00487000 0.03854000
v 0.01275300 0.00556000 0.03802400
v 0.01220100 0.00499000 0.03793400
v 0.01220100 0.00533300 0.03742000
v 0.01275300 0.00610000 0.03757100
v 0.01220100 0.00584700 0.03707700
v 0.01220100 0.00645300 0.03695700
v 0.01275300 0.00680600 0.03757100
v 0.01220100 0.00705900 0.03707700
v 0.01220100 0.00757200 0.03742000
v 0.01275300 0.00734600 0.03802400
v 0.01220100 0.00791600 0.03793400
v 0.01220100 0.00803600 0.03854000
v 0.01275300 0.00746900 0.03871900
v 0.01220100 0.00791600 0.03914600
v 0.01275300 0.00711600 0.03933000
v 0.01220100 0.00757200 0.03966000
v 0.01275300 -0.00285800 0.03933000
v 0.01220100 -0.00280100 0.04000300
v 0.01275300 -0.00219500 0.03957100
v 0.01220100 -0.00219500 0.04012300
v 0.01220100 -0.00158900 0.04000300
v 0.01275300 -0.00321100 0.03871900
v 0.01220100 -0.00365800 0.03914600
v 0.01220100 -0.00331500 0.03966000
v 0.01220100 -0.00377800 0.03854000
v 0.01275300 -0.00308800 0.03802400
v 0.01220100 -0.00365800 0.03793400
v 0.01220100 -0.00331500 0.03742000
v 0.01275300 -0.00254800 0.03757100
v 0.01220100 -0.00280100 0.03707700
v 0.01220100 -0.00219500 0.03695700
v 0.01275300 -0.00184200 0.03757100
v 0.01220100 -0.00158900 0.03707700
v 0.01220100 -0.00107600 0.03742000
v 0.01275300 -0.00130200 0.03802400
v 0.01220100 -0.00073200 0.03793400
v 0.01220100 -0.00061200 0.03854000
v 0.01275300 -0.00117900 0.03871900
v 0.01220100 -0.00073200 0.03914600
v 0.01275300 -0.00153200 0.03933000
v 0.01220100 -0.00107600 0.03966000
v 0.01275300 -0.00718200 0.03933000
v 0.01220100 -0.00712500 0.04000300
v 0.01275300 -0.00651900 0.03957100
v 0.01220100 -0.00651900 0.04012300
v 0.01220100 -0.00591300 0.04000300
v 0.01275300 -0.00753500 0.03871900
v 0.01220100 -0.00798200 0.03914600
v 0.01220100 -0.00763900 0.03966000
v 0.01220100 -0.00810200 0.03854000
v 0.01275300 -0.00741200 0.03802400
v 0.01220100 -0.00798200 0.03793400
v 0.01220100 -0.00763900 0.03742000
v 0.01275300 -0.00687200 0.03757100
v 0.01220100 -0.00712500 0.03707700
v 0.01220100 -0.00651900 0.03695700
v 0.01275300 -0.00616600 0.03757100
v 0.01220100 -0.00591300 0.03707700
v 0.01220100 -0.00540000 0.03742000
v 0.01275300 -0.00562600 0.03802400
v 0.01220100 -0.00505600 0.03793400
v 0.01220100 -0.00493600 0.03854000
v 0.01275300 -0.00550300 0.03871900
v 0.01220100 -0.00505600 0.03914600
v 0.01275300 -0.00585600 0.03933000
v 0.01220100 -0.00540000 0.03966000
v 0.01275300 0.00146600 0.03933000
v 0.01220100 0.00152300 0.04000300
v 0.01275300 0.00212900 0.03957100
v 0.01220100 0.00212900 0.04012300
v 0.01220100 0.00273500 0.04000300
v 0.01275300 0.00111300 0.03871900
v 0.01220100 0.00066600 0.03914600
v 0.01220100 0.00100900 0.03966000
v 0.01220100 0.00054600 0.03854000
v 0.01275300 0.00123600 0.03802400
v 0.01220100 0.00066600 0.03793400
v 0.01220100 0.00100900 0.03742000
v 0.01275300 0.00177600 0.03757100
v 0.01220100 0.00152300 0.03707700
v 0.01220100 0.00212900 0.03695700
v 0.01275300 0.00248200 0.03757100
v 0.01220100 0.00273500 0.03707700
v 0.01220100 0.00324800 0.03742000
v 0.01275300 0.00302200 0.03802400
v 0.01220100 0.00359200 0.03793400
v 0.01220100 0.00371200 0.03854000
v 0.01275300 0.00314500 0.03871900
v 0.01220100 0.00359200 0.03914600
v 0.01275300 0.00279200 0.03933000
v 0.01220100 0.00324800 0.03966000
v 0.01275300 -0.00718200 0.03500600
v 0.01220100 -0.00712500 0.03567900
v 0.01275300 -0.00651900 0.03524700
v 0.01220100 -0.00651900 0.03579900
v 0.01220100 -0.00591300 0.03567900
v 0.01275300 -0.00753500 0.03439500
v 0.01220100 -0.00798200 0.03482200
v 0.01220100 -0.00763900 0.03533600
v 0.01220100 -0.00810200 0.03421600
v 0.01275300 -0.00741200 0.03370000
v 0.01220100 -0.00798200 0.03361000
v 0.01220100 -0.00763900 0.03309600
v 0.01275300 -0.00687200 0.03324700
v 0.01220100 -0.00712500 0.03275300
v 0.01220100 -0.00651900 0.03263300
v 0.01275300 -0.00616600 0.03324700
v 0.01220100 -0.00591300 0.03275300
v 0.01220100 -0.00540000 0.03309600
v 0.01275300 -0.00562600 0.03370000
v 0.01220100 -0.00505600 0.03361000
v 0.01220100 -0.00493600 0.03421600
v 0.01275300 -0.00550300 0.03439500
v 0.01220100 -0.00505600 0.03482200
v 0.01275300 -0.00585600 0.03500600
v 0.01220100 -0.00540000 0.03533600
v 0.01275300 0.00146600 0.03500600
v 0.01220100 0.00152300 0.03567900
v 0.01275300 0.00212900 0.03524700
v 0.01220100 0.00212900 0.03579900
v 0.01220100 0.00273500 0.03567900
v 0.01275300 0.00111300 0.03439500
v 0.01220100 0.00066600 0.03482200
v 0.01220100 0.00100900 0.03533600
v 0.01220100 0.00054600 0.03421600
v 0.01275300 0.00123600 0.03370000
v 0.01220100 0.00066600 0.03361000
v 0.01220100 0.00100900 0.03309600
v 0.01275300 0.00177600 0.03324700
v 0.01220100 0.00152300 0.03275300
v 0.01220100 0.00212900 0.03263300
v 0.01275300 0.00248200 0.03324700
v 0.01220100 0.00273500 0.03275300
v 0.01220100 0.00324800 0.03309600
v 0.01275300 0.00302200 0.03370000
v 0.01220100 0.00359200 0.03361000
v 0.01220100 0.00371200 0.03421600
v 0.01275300 0.00314500 0.03439500
v 0.01220100 0.00359200 0.03482200
v 0.01275300 0.00279200 0.03500600
v 0.01220100 0.00324800 0.03533600
v 0.01275300 -0.00718200 0.03068200
v 0.01220100 -0.00712500 0.03135500
v 0.01275300 -0.00651900 0.03092300
v 0.01220100 -0.00651900 0.03147500
v 0.01220100 -0.00591300 0.03135500
v 0.01275300 -0.00753500 0.03007100
v 0.01220100 -0.00798200 0.03049800
v 0.01220100 -0.00763900 0.03101200
v 0.01220100 -0.00810200 0.02989200
v 0.01275300 -0.00741200 0.02937600
v 0.01220100 -0.00798200 0.02928600
v 0.01220100 -0.00763900 0.02877200
v 0.01275300 -0.00687200 0.02892300
v 0.01220100 -0.00712500 0.02842900
v 0.01220100 -0.00651900 0.02830900
v 0.01275300 -0.00616600 0.02892300
v 0.01220100 -0.00591300 0.02842900
v 0.01220100 -0.00540000 0.02877200
v 0.01275300 -0.00562600 0.02937600
v 0.01220100 -0.00505600 0.02928600
v 0.01220100 -0.00493600 0.02989200
v 0.01275300 -0.00550300 0.03007100
v 0.01220100 -0.00505600 0.03049800
v 0.01275300 -0.00585600 0.03068200
v 0.01220100 -0.00540000 0.03101200
v 0.01275300 0.00146600 0.03068200
v 0.01220100 0.00152300 0.03135500
v 0.01275300 0.00212900 0.03092300
v 0.01220100 0.00212900 0.03147500
v 0.01220100 0.00273500 0.03135500
v 0.01275300 0.00111300 0.03007100
v 0.01220100 0.00066600 0.03049800
v 0.01220100 0.00100900 0.03101200
v 0.01220100 0.00054600 0.02989200
v 0.01275300 0.00123600 0.02937600
v 0.01220100 0.00066600 0.02928600
v 0.01220100 0.00100900 0.02877200
v 0.01275300 0.00177600 0.02892300
v 0.01220100 0.00152300 0.02842900
v 0.01220100 0.00212900 0.02830900
v 0.01275300 0.00248200 0.02892300
v 0.01220100 0.00273500 0.02842900
v 0.01220100 0.00324800 0.02877200
v 0.01275300 0.00302200 0.02937600
v 0.01220100 0.00359200 0.02928600
v 0.01220100 0.00371200 0.02989200
v 0.01275300 0.00314500 0.03007100
v 0.01220100 0.00359200 0.03049800
v 0.01275300 0.00279200 0.03068200
v 0.01220100 0.00324800 0.03101200
v 0.01275300 -0.00285800 0.02635800
v 0.01220100 -0.00280100 0.02703100
v 0.01275300 -0.00219500 0.02659900
v 0.01220100 -0.00219500 0.02715100
v 0.01220100 -0.00158900 0.02703100
v 0.01275300 -0.00321100 0.02574700
v 0.01220100 -0.00365800 0.02617400
v 0.01220100 -0.00331500 0.02668800
v 0.01220100 -0.00377800 0.02556800
v 0.01275300 -0.00308800 0.02505200
v 0.01220100 -0.00365800 0.02496200
v 0.01220100 -0.00331500 0.02444800
v 0.01275300 -0.00254800 0.02459900
v 0.01220100 -0.00280100 0.02410500
v 0.01220100 -0.00219500 0.02398500
v 0.01275300 -0.00184200 0.02459900
v 0.01220100 -0.00158900 0.02410500
v 0.01220100 -0.00107600 0.02444800
v 0.01275300 -0.00130200 0.02505200
v 0.01220100 -0.00073200 0.02496200
v 0.01220100 -0.00061200 0.02556800
v 0.01275300 -0.00117900 0.02574700
v 0.01220100 -0.00073200 0.02617400
v 0.01275300 -0.00153200 0.02635800
v 0.01220100 -0.00107600 0.02668800
v 0.01275300 0.00579000 0.02635800
v 0.01220100 0.00584700 0.02703100
v 0.01275300 0.00645300 0.02659900
v 0.01220100 0.00645300 0.02715100
v 0.01220100 0.00705900 0.02703100
v 0.01275300 0.00543700 0.02574700
v 0.01220100 0.00499000 0.02617400
v 0.01220100 0.00533300 0.02668800
v 0.01220100 0.00487000 0.02556800
v 0.01275300 0.00556000 0.02505200
v 0.01220100 0.00499000 0.02496200
v 0.01220100 0.00533300 0.02444800
v 0.01275300 0.00610000 0.02459900
v 0.01220100 0.00584700 0.02410500
v 0.01220100 0.00645300 0.02398500
v 0.01275300 0.00680600 0.02459900
v 0.01220100 0.00705900 0.02410500
v 0.01220100 0.00757200 0.02444800
v 0.01275300 0.00734600 0.02505200
v 0.01220100 0.00791600 0.02496200
v 0.01220100 0.00803600 0.02556800
v 0.01275300 0.00746900 0.02574700
v 0.01220100 0.00791600 0.02617400
v 0.01275300 0.00711600 0.02635800
v 0.01220100 0.00757200 0.02668800
v 0.01321300 -0.00705900 0.02621100
v 0.01321300 -0.00651900 0.02640800
v 0.01321300 -0.00597900 0.02621100
v 0.01321300 -0.00569200 0.02571400
v 0.01321300 -0.00579200 0.02514800
v 0.01321300 -0.00623200 0.02477900
v 0.01321300 -0.00680600 0.02477900
v 0.01321300 -0.00724700 0.02514800
v 0.01321300 -0.00734600 0.02571400
v 0.01321300 0.00158900 0.02621100
v 0.01321300 0.00212900 0.02640800
v 0.01321300 0.00266900 0.02621100
v 0.01321300 0.00295600 0.02571400
v 0.01321300 0.00285600 0.02514800
v 0.01321300 0.00241600 0.02477900
v 0.01321300 0.00184200 0.02477900
v 0.01321300 0.00140100 0.02514800
v 0.01321300 0.00130200 0.02571400
v 0.01321300 0.00591300 0.03053500
v 0.01321300 0.00645300 0.03073200
v 0.01321300 0.00699300 0.03053500
v 0.01321300 0.00728000 0.03003800
v 0.01321300 0.00718000 0.02947200
v 0.01321300 0.00674000 0.02910300
v 0.01321300 0.00616600 0.02910300
v 0.01321300 0.00572500 0.02947200
v 0.01321300 0.00562600 0.03003800
v 0.01321300 -0.00273500 0.03053500
v 0.01321300 -0.00219500 0.03073200
v 0.01321300 -0.00165500 0.03053500
v 0.01321300 -0.00136800 0.03003800
v 0.01321300 -0.00146800 0.02947200
v 0.01321300 -0.00190800 0.02910300
v 0.01321300 -0.00248200 0.02910300
v 0.01321300 -0.00292300 0.02947200
v 0.01321300 -0.00302200 0.03003800
v 0.01321300 0.00591300 0.03485900
v 0.01321300 0.00645300 0.03505600
v 0.01321300 0.00699300 0.03485900
v 0.01321300 0.00728000 0.03436200
v 0.01321300 0.00718000 0.03379600
v 0.01321300 0.00674000 0.03342700
v 0.01321300 0.00616600 0.03342700
v 0.01321300 0.00572500 0.03379600
v 0.01321300 0.00562600 0.03436200
v 0.01321300 -0.00273500 0.03485900
v 0.01321300 -0.00219500 0.03505600
v 0.01321300 -0.00165500 0.03485900
v 0.01321300 -0.00136800 0.03436200
v 0.01321300 -0.00146800 0.03379600
v 0.01321300 -0.00190800 0.03342700
v 0.01321300 -0.00248200 0.03342700
v 0.01321300 -0.00292300 0.03379600
v 0.01321300 -0.00302200 0.03436200
v 0.01321300 0.00591300 0.03918300
v 0.01321300 0.00645300 0.03938000
v 0.01321300 0.00699300 0.03918300
v 0.01321300 0.00728000 0.03868600
v 0.01321300 0.00718000 0.03812000
v 0.01321300 0.00674000 0.03775100
v 0.01321300 0.00616600 0.03775100
v 0.01321300 0.00572500 0.03812000
v 0.01321300 0.00562600 0.03868600
v 0.01321300 -0.00273500 0.03918300
v 0.01321300 -0.00219500 0.03938000
v 0.01321300 -0.00165500 0.03918300
v 0.01321300 -0.00136800 0.03868600
v 0.01321300 -0.00146800 0.03812000
v 0.01321300 -0.00190800 0.03775100
v 0.01321300 -0.00248200 0.03775100
v 0.01321300 -0.00292300 0.03812000
v 0.01321300 -0.00302200 0.03868600
v 0.01321300 -0.00705900 0.03918300
v 0.01321300 -0.00651900 0.03938000
v 0.01321300 -0.00597900 0.03918300
v 0.01321300 -0.00569200 0.03868600
v 0.01321300 -0.00579200 0.03812000
v 0.01321300 -0.00623200 0.03775100
v 0.01321300 -0.00680600 0.03775100
v 0.01321300 -0.00724700 0.03812000
v 0.01321300 -0.00734600 0.03868600
v 0.01321300 0.00158900 0.03918300
v 0.01321300 0.00212900 0.03938000
v 0.01321300 0.00266900 0.03918300
v 0.01321300 0.00295600 0.03868600
v 0.01321300 0.00285600 0.03812000
v 0.01321300 0.00241600 0.03775100
v 0.01321300 0.00184200 0.03775100
v 0.01321300 0.00140100 0.03812000
v 0.01321300 0.00130200 0.03868600
v 0.01321300 -0.00705900 0.03485900
v 0.01321300 -0.00651900 0.03505600
v 0.01321300 -0.00597900 0.03485900
v 0.01321300 -0.00569200 0.03436200
v 0.01321300 -0.00579200 0.03379600
v 0.01321300 -0.00623200 0.03342700
v 0.01321300 -0.00680600 0.03342700
v 0.01321300 -0.00724700 0.03379600
v 0.01321300 -0.00734600 0.03436200
v 0.01321300 0.00158900 0.03485900
v 0.01321300 0.00212900 0.03505600
v 0.01321300 0.00266900 0.03485900
v 0.01321300 0.00295600 0.03436200
v 0.01321300 0.00285600 0.03379600
v 0.01321300 0.00241600 0.03342700
v 0.01321300 0.00184200 0.03342700
v 0.01321300 0.00140100 0.03379600
v 0.01321300 0.00130200 0.03436200
v 0.01321300 -0.00705900 0.03053500
v 0.01321300 -0.00651900 0.03073200
v 0.01321300 -0.00597900 0.03053500
v 0.01321300 -0.00569200 0.03003800
v 0.01321300 -0.00579200 0.02947200
v 0.01321300 -0.00623200 0.02910300
v 0.01321300 -0.00680600 0.02910300
v 0.01321300 -0.00724700 0.02947200
v 0.01321300 -0.00734600 0.03003800
v 0.01321300 0.00158900 0.03053500
v 0.01321300 0.00212900 0.03073200
v 0.01321300 0.00266900 0.03053500
v 0.01321300 0.00295600 0.03003800
v 0.01321300 0.00285600 0.02947200
v 0.01321300 0.00241600 0.02910300
v 0.01321300 0.00184200 0.02910300
v 0.01321300 0.00140100 0.02947200
v 0.01321300 0.00130200 0.03003800
v 0.01321300 -0.00273500 0.02621100
v 0.01321300 -0.00219500 0.02640800
v 0.01321300 -0.00165500 0.02621100
v 0.01321300 -0.00136800 0.02571400
v 0.01321300 -0.00146800 0.02514800
v 0.01321300 -0.00190800 0.02477900
v 0.01321300 -0.00248200 0.02477900
v 0.01321300 -0.00292300 0.02514800
v 0.01321300 -0.00302200 0.02571400
v 0.01321300 0.00591300 0.02621100
v 0.01321300 0.00645300 0.02640800
v 0.01321300 0.00699300 0.02621100
v 0.01321300 0.00728000 0.02571400
v 0.01321300 0.00718000 0.02514800
v 0.01321300 0.00674000 0.02477900
v 0.01321300 0.00616600 0.02477900
v 0.01321300 0.00572500 0.02514800
v 0.01321300 0.00562600 0.02571400
v 0.01413300 0.00797800 0.02160900
v 0.01413300 0.00874000 0.02282100
v 0.01413300 0.00743900 0.02152000
v 0.01413300 0.00874000 0.04009100
v 0.01413300 0.00743900 0.04139200
v 0.01413300 0.00797800 0.04130300
v 0.01413300 0.00865100 0.04063000
v 0.01413300 0.00839100 0.04104300
v 0.01413300 0.00839100 0.02186900
v 0.01413300 0.00865100 0.02228200
v 0.01413300 -0.00743900 0.02152000
v 0.01413300 -0.00743900 0.04139200
v 0.01413300 -0.00874000 0.02282100
v 0.01413300 -0.00874000 0.04009100
v 0.01413300 -0.00797800 0.04130300
v 0.01413300 -0.00865100 0.04063000
v 0.01413300 -0.00839100 0.04104300
v 0.01413300 -0.00797800 0.02160900
v 0.01413300 -0.00865100 0.02228200
v 0.01413300 -0.00839100 0.02186900
v 0.01210900 -0.00946300 0.01949600
v 0.01210900 0.00946300 0.01949600
v 0.01192500 0.01094800 0.02061300
v 0.01191600 0.01094800 0.02041600
v 0.01190900 0.01087700 0.02006300
v 0.01193200 0.01067600 0.01976300
v 0.01197200 0.01037600 0.01956500
v 0.01203600 0.01002800 0.01949600
v 0.01192500 0.01094800 0.04229900
v 0.01210900 0.00946300 0.04341600
v 0.01203600 0.01002800 0.04341600
v 0.01197200 0.01037600 0.04334700
v 0.01193200 0.01067600 0.04314900
v 0.01190900 0.01087700 0.04284900
v 0.01191600 0.01094800 0.04249600
v 0.01210900 -0.00946300 0.04341600
v 0.01192500 -0.01094800 0.04229900
v 0.01191600 -0.01094800 0.04249600
v 0.01190900 -0.01087700 0.04285000
v 0.01193200 -0.01067600 0.04314900
v 0.01197100 -0.01037700 0.04334700
v 0.01203600 -0.01002800 0.04341600
v 0.01192500 -0.01094800 0.02061300
v 0.01203600 -0.01002800 0.01949600
v 0.01193200 -0.01067600 0.01976300
v 0.01197100 -0.01037700 0.01956500
v 0.01191600 -0.01094800 0.02041600
v 0.01190900 -0.01087700 0.02006200
v 0.00796900 -0.00460000 0.01949600
v 0.01109700 -0.00460000 0.01949600
v 0.00796900 -0.01002800 0.01949600
v 0.01109700 0.00460000 0.01949600
v 0.00796900 0.01002800 0.01949600
v 0.00796900 0.00460000 0.01949600
v 0.00796900 0.01048800 0.01961900
v 0.00796900 0.01082500 0.01995600
v 0.00796900 0.01094800 0.02041600
v 0.00796900 0.01094800 0.04249600
v 0.00796900 0.01082500 0.04295600
v 0.00796900 0.01048800 0.04329300
v 0.00796900 0.01002800 0.04341600
v 0.00796900 -0.01002800 0.04341600
v 0.00796900 -0.01048800 0.04329300
v 0.00796900 -0.01082500 0.04295600
v 0.00796900 -0.01094800 0.04249600
v 0.00796900 -0.01094800 0.02041600
v 0.00796900 -0.01082500 0.01995600
v 0.00796900 -0.01048800 0.01961900
v 0.01109700 0.00460000 0.02041600
v 0.01109700 -0.00460000 0.02041600
v 0.00796900 -0.00460000 0.02041600
v 0.00796900 0.01002800 0.04249600
v 0.00796900 -0.01002800 0.04249600
v 0.00796900 -0.01002800 0.02041600
v 0.00796900 0.01002800 0.02041600
v 0.00796900 0.00460000 0.02041600
v 0.01154400 0.01002800 0.02041600
v 0.01172800 0.00984400 0.02041600
v 0.01172800 -0.00984400 0.02041600
v 0.01154400 -0.01002800 0.02041600
v 0.01154400 -0.01002800 0.04249600
v 0.01172800 -0.00984400 0.04249600
v 0.01154400 0.01002800 0.04249600
v 0.01172800 0.00984400 0.04249600
v 0.01321300 0.00835900 0.02190100
v 0.01321300 -0.00835900 0.02190100
v 0.01321300 -0.00835900 0.04101100
v 0.01321300 0.00835900 0.04101100
v -0.00864800 0.01278800 0.02731600
v -0.00864800 0.01278800 0.03378900
v -0.00864800 0.01232800 0.02731600
v -0.00864800 0.01232800 0.03378900
v -0.00856900 0.01232800 0.02611500
v -0.00856900 0.01278800 0.02611500
v -0.00833500 0.01232800 0.02493500
v -0.00833500 0.01278800 0.02493500
v -0.00794800 0.01232800 0.02379500
v -0.00794800 0.01278800 0.02379500
v -0.00741500 0.01232800 0.02271600
v -0.00741500 0.01278800 0.02271600
v -0.00674700 0.01232800 0.02171500
v -0.00674700 0.01278800 0.02171500
v -0.00595300 0.01232800 0.02081100
v -0.00595300 0.01278800 0.02081100
v -0.00504900 0.01232800 0.02001700
v -0.00504900 0.01278800 0.02001700
v -0.00404800 0.01232800 0.01934900
v -0.00404800 0.01278800 0.01934900
v -0.00296900 0.01232800 0.01881600
v -0.00296900 0.01278800 0.01881600
v -0.00182900 0.01232800 0.01843000
v -0.00182900 0.01278800 0.01843000
v -0.00064900 0.01232800 0.01819500
v -0.00064900 0.01278800 0.01819500
v 0.00055200 0.01278800 0.01811600
v 0.00055200 0.01232800 0.01811600
v 0.00506000 0.01278800 0.01811600
v 0.00506000 0.01232800 0.01811600
v 0.00548600 0.01278800 0.01804800
v 0.00548600 0.01232800 0.01804800
v 0.00587100 0.01232800 0.01785200
v 0.00587100 0.01278800 0.01785200
v 0.00617600 0.01232800 0.01754700
v 0.00617600 0.01278800 0.01754700
v 0.00637200 0.01232800 0.01716200
v 0.00637200 0.01278800 0.01716200
v 0.00644000 0.01232800 0.01673600
v 0.00644000 0.01278800 0.01673600
v 0.00644000 0.01232800 0.01544800
v 0.00644000 0.01278800 0.01544800
v 0.00506000 0.01232800 0.01406800
v 0.00506000 0.01278800 0.01406800
v 0.00548600 0.01232800 0.01413600
v 0.00548600 0.01278800 0.01413600
v 0.00587100 0.01278800 0.01433200
v 0.00587100 0.01232800 0.01433200
v 0.00617600 0.01278800 0.01463700
v 0.00617600 0.01232800 0.01463700
v 0.00637200 0.01278800 0.01502200
v 0.00637200 0.01232800 0.01502200
v -0.00717600 0.01232800 0.01406800
v -0.00717600 0.01278800 0.01406800
v -0.00765200 0.01278800 0.01413100
v -0.00765200 0.01232800 0.01413100
v -0.00809600 0.01232800 0.01431400
v -0.00809600 0.01278800 0.01431400
v -0.00847700 0.01232800 0.01460700
v -0.00847700 0.01278800 0.01460700
v -0.00876900 0.01232800 0.01498800
v -0.00876900 0.01278800 0.01498800
v -0.00895300 0.01232800 0.01543200
v -0.00895300 0.01278800 0.01543200
v -0.00901600 0.01232800 0.01590800
v -0.00901600 0.01278800 0.01590800
v -0.00901600 0.01278800 0.01802400
v -0.00901600 0.01232800 0.01802400
v -0.00907900 0.01232800 0.01850000
v -0.00907900 0.01278800 0.01850000
v -0.00926300 0.01232800 0.01894400
v -0.00926300 0.01278800 0.01894400
v -0.00955500 0.01232800 0.01932500
v -0.00955500 0.01278800 0.01932500
v -0.00993600 0.01232800 0.01961800
v -0.00993600 0.01278800 0.01961800
v -0.01038000 0.01232800 0.01980100
v -0.01038000 0.01278800 0.01980100
v -0.01085600 0.01278800 0.01986400
v -0.01085600 0.01232800 0.01986400
v -0.01002800 0.01278800 0.03900000
v -0.01094800 0.01278800 0.04176000
v -0.01002800 0.01232800 0.03900000
v -0.01094800 0.01232800 0.04176000
v -0.01002800 0.01232800 0.03808000
v -0.01002800 0.01278800 0.03808000
v -0.00997100 0.01232800 0.03716600
v -0.00997100 0.01278800 0.03716600
v -0.00980100 0.01232800 0.03626700
v -0.00980100 0.01278800 0.03626700
v -0.00952100 0.01232800 0.03539500
v -0.00952100 0.01278800 0.03539500
v -0.00913400 0.01278800 0.03456500
v -0.00913400 0.01232800 0.03456500
v -0.00406700 0.01232800 0.01702700
v -0.00406700 0.01278800 0.01702700
v -0.00368000 0.01232800 0.01710400
v -0.00368000 0.01278800 0.01710400
v -0.00329300 0.01232800 0.01702700
v -0.00329300 0.01278800 0.01702700
v -0.00296400 0.01232800 0.01680800
v -0.00296400 0.01278800 0.01680800
v -0.00274500 0.01232800 0.01647900
v -0.00274500 0.01278800 0.01647900
v -0.00266800 0.01232800 0.01609200
v -0.00266800 0.01278800 0.01609200
v -0.00274500 0.01232800 0.01570500
v -0.00274500 0.01278800 0.01570500
v -0.00296400 0.01232800 0.01537600
v -0.00296400 0.01278800 0.01537600
v -0.00329300 0.01232800 0.01515700
v -0.00329300 0.01278800 0.01515700
v -0.00368000 0.01232800 0.01508000
v -0.00368000 0.01278800 0.01508000
v -0.00406700 0.01232800 0.01515700
v -0.00406700 0.01278800 0.01515700
v -0.00439600 0.01232800 0.01537600
v -0.00439600 0.01278800 0.01537600
v -0.00461500 0.01232800 0.01570500
v -0.00461500 0.01278800 0.01570500
v -0.00469200 0.01232800 0.01609200
v -0.00469200 0.01278800 0.01609200
v -0.00461500 0.01232800 0.01647900
v -0.00461500 0.01278800 0.01647900
v -0.00439600 0.01232800 0.01680800
v -0.00439600 0.01278800 0.01680800
v 0.00329300 0.01232800 0.01702700
v 0.00329300 0.01278800 0.01702700
v 0.00368000 0.01232800 0.01710400
v 0.00368000 0.01278800 0.01710400
v 0.00406700 0.01232800 0.01702700
v 0.00406700 0.01278800 0.01702700
v 0.00439600 0.01232800 0.01680800
v 0.00439600 0.01278800 0.01680800
v 0.00461500 0.01232800 0.01647900
v 0.00461500 0.01278800 0.01647900
v 0.00469200 0.01232800 0.01609200
v 0.00469200 0.01278800 0.01609200
v 0.00461500 0.01232800 0.01570500
v 0.00461500 0.01278800 0.01570500
v 0.00439600 0.01232800 0.01537600
v 0.00439600 0.01278800 0.01537600
v 0.00406700 0.01232800 0.01515700
v 0.00406700 0.01278800 0.01515700
v 0.00368000 0.01232800 0.01508000
v 0.00368000 0.01278800 0.01508000
v 0.00329300 0.01232800 0.01515700
v 0.00329300 0.01278800 0.01515700
v 0.00296400 0.01232800 0.01537600
v 0.00296400 0.01278800 0.01537600
v 0.00274500 0.01232800 0.01570500
v 0.00274500 0.01278800 0.01570500
v 0.00266800 0.01232800 0.01609200
v 0.00266800 0.01278800 0.01609200
v 0.00274500 0.01232800 0.01647900
v 0.00274500 0.01278800 0.01647900
v 0.00296400 0.01232800 0.01680800
v 0.00296400 0.01278800 0.01680800
v -0.01002800 -0.01297200 0.03808000
v -0.01002800 -0.01297200 0.03900000
v -0.01002800 -0.01343200 0.03808000
v -0.01002800 -0.01343200 0.03900000
v -0.01094800 -0.01297200 0.04176000
v -0.01094800 -0.01343200 0.04176000
v -0.00901600 -0.01343200 0.01802400
v -0.00907900 -0.01343200 0.01850000
v -0.00901600 -0.01297200 0.01802400
v -0.00907900 -0.01297200 0.01850000
v -0.00926300 -0.01343200 0.01894400
v -0.00926300 -0.01297200 0.01894400
v -0.00955500 -0.01343200 0.01932500
v -0.00955500 -0.01297200 0.01932500
v -0.00993600 -0.01343200 0.01961800
v -0.00993600 -0.01297200 0.01961800
v -0.01038000 -0.01343200 0.01980100
v -0.01038000 -0.01297200 0.01980100
v -0.01085600 -0.01297200 0.01986400
v -0.01085600 -0.01343200 0.01986400
v -0.00901600 -0.01297200 0.01590800
v -0.00901600 -0.01343200 0.01590800
v -0.00717600 -0.01297200 0.01406800
v -0.00717600 -0.01343200 0.01406800
v -0.00765200 -0.01297200 0.01413100
v -0.00765200 -0.01343200 0.01413100
v -0.00809600 -0.01343200 0.01431400
v -0.00809600 -0.01297200 0.01431400
v -0.00847700 -0.01343200 0.01460700
v -0.00847700 -0.01297200 0.01460700
v -0.00876900 -0.01343200 0.01498800
v -0.00876900 -0.01297200 0.01498800
v -0.00895300 -0.01343200 0.01543200
v -0.00895300 -0.01297200 0.01543200
v 0.00506000 -0.01343200 0.01406800
v 0.00506000 -0.01297200 0.01406800
v 0.00548600 -0.01343200 0.01413600
v 0.00548600 -0.01297200 0.01413600
v 0.00587100 -0.01297200 0.01433200
v 0.00587100 -0.01343200 0.01433200
v 0.00617600 -0.01297200 0.01463700
v 0.00617600 -0.01343200 0.01463700
v 0.00637200 -0.01297200 0.01502200
v 0.00637200 -0.01343200 0.01502200
v 0.00644000 -0.01297200 0.01544800
v 0.00644000 -0.01343200 0.01544800
v 0.00644000 -0.01343200 0.01673600
v 0.00644000 -0.01297200 0.01673600
v 0.00506000 -0.01297200 0.01811600
v 0.00506000 -0.01343200 0.01811600
v 0.00548600 -0.01297200 0.01804800
v 0.00548600 -0.01343200 0.01804800
v 0.00587100 -0.01343200 0.01785200
v 0.00587100 -0.01297200 0.01785200
v 0.00617600 -0.01343200 0.01754700
v 0.00617600 -0.01297200 0.01754700
v 0.00637200 -0.01343200 0.01716200
v 0.00637200 -0.01297200 0.01716200
v 0.00055200 -0.01297200 0.01811600
v 0.00055200 -0.01343200 0.01811600
v -0.00064900 -0.01343200 0.01819500
v -0.00064900 -0.01297200 0.01819500
v -0.00182900 -0.01297200 0.01843000
v -0.00182900 -0.01343200 0.01843000
v -0.00296900 -0.01297200 0.01881600
v -0.00296900 -0.01343200 0.01881600
v -0.00404800 -0.01297200 0.01934900
v -0.00404800 -0.01343200 0.01934900
v -0.00504900 -0.01297200 0.02001700
v -0.00504900 -0.01343200 0.02001700
v -0.00595300 -0.01297200 0.02081100
v -0.00595300 -0.01343200 0.02081100
v -0.00674700 -0.01297200 0.02171500
v -0.00674700 -0.01343200 0.02171500
v -0.00741500 -0.01297200 0.02271600
v -0.00741500 -0.01343200 0.02271600
v -0.00794800 -0.01297200 0.02379500
v -0.00794800 -0.01343200 0.02379500
v -0.00833500 -0.01297200 0.02493500
v -0.00833500 -0.01343200 0.02493500
v -0.00856900 -0.01297200 0.02611500
v -0.00856900 -0.01343200 0.02611500
v -0.00864800 -0.01297200 0.02731600
v -0.00864800 -0.01343200 0.02731600
v -0.00864800 -0.01297200 0.03378900
v -0.00864800 -0.01343200 0.03378900
v -0.00913400 -0.01343200 0.03456500
v -0.00913400 -0.01297200 0.03456500
v -0.00952100 -0.01343200 0.03539500
v -0.00952100 -0.01297200 0.03539500
v -0.00980100 -0.01297200 0.03626700
v -0.00980100 -0.01343200 0.03626700
v -0.00997100 -0.01297200 0.03716600
v -0.00997100 -0.01343200 0.03716600
v -0.00329300 -0.01297200 0.01702700
v -0.00329300 -0.01343200 0.01702700
v -0.00368000 -0.01297200 0.01710400
v -0.00368000 -0.01343200 0.01710400
v -0.00406700 -0.01297200 0.01702700
v -0.00406700 -0.01343200 0.01702700
v -0.00439600 -0.01297200 0.01680800
v -0.00439600 -0.01343200 0.01680800
v -0.00461500 -0.01297200 0.01647900
v -0.00461500 -0.01343200 0.01647900
v -0.00469200 -0.01297200 0.01609200
v -0.00469200 -0.01343200 0.01609200
v -0.00461500 -0.01297200 0.01570500
v -0.00461500 -0.01343200 0.01570500
v -0.00439600 -0.01297200 0.01537600
v -0.00439600 -0.01343200 0.01537600
v -0.00406700 -0.01297200 0.01515700
v -0.00406700 -0.01343200 0.01515700
v -0.00368000 -0.01297200 0.01508000
v -0.00368000 -0.01343200 0.01508000
v -0.00329300 -0.01297200 0.01515700
v -0.00329300 -0.01343200 0.01515700
v -0.00296400 -0.01297200 0.01537600
v -0.00296400 -0.01343200 0.01537600
v -0.00274500 -0.01297200 0.01570500
v -0.00274500 -0.01343200 0.01570500
v -0.00266800 -0.01297200 0.01609200
v -0.00266800 -0.01343200 0.01609200
v -0.00274500 -0.01297200 0.01647900
v -0.00274500 -0.01343200 0.01647900
v -0.00296400 -0.01297200 0.01680800
v -0.00296400 -0.01343200 0.01680800
v 0.00406700 -0.01297200 0.01702700
v 0.00406700 -0.01343200 0.01702700
v 0.00368000 -0.01297200 0.01710400
v 0.00368000 -0.01343200 0.01710400
v 0.00329300 -0.01297200 0.01702700
v 0.00329300 -0.01343200 0.01702700
v 0.00296400 -0.01297200 0.01680800
v 0.00296400 -0.01343200 0.01680800
v 0.00274500 -0.01297200 0.01647900
v 0.00274500 -0.01343200 0.01647900
v 0.00266800 -0.01297200 0.01609200
v 0.00266800 -0.01343200 0.01609200
v 0.00274500 -0.01297200 0.01570500
v 0.00274500 -0.01343200 0.01570500
v 0.00296400 -0.01297200 0.01537600
v 0.00296400 -0.01343200 0.01537600
v 0.00329300 -0.01297200 0.01515700
v 0.00329300 -0.01343200 0.01515700
v 0.00368000 -0.01297200 0.01508000
v 0.00368000 -0.01343200 0.01508000
v 0.00406700 -0.01297200 0.01515700
v 0.00406700 -0.01343200 0.01515700
v 0.00439600 -0.01297200 0.01537600
v 0.00439600 -0.01343200 0.01537600
v 0.00461500 -0.01297200 0.01570500
v 0.00461500 -0.01343200 0.01570500
v 0.00469200 -0.01297200 0.01609200
v 0.00469200 -0.01343200 0.01609200
v 0.00461500 -0.01297200 0.01647900
v 0.00461500 -0.01343200 0.01647900
v 0.00439600 -0.01297200 0.01680800
v 0.00439600 -0.01343200 0.01680800
v -0.01306400 -0.01297200 0.04176000
v -0.01306400 -0.01297200 0.01986400
v -0.01306400 0.01232800 0.04176000
v -0.01306400 0.01232800 0.01986400
v -0.01306400 0.01278800 0.04176000
v -0.01306400 0.01278800 0.01986400
v -0.01306400 -0.01343200 0.01986400
v -0.01306400 -0.01343200 0.04176000
v -0.01352400 -0.01297200 0.01986400
v -0.01346200 -0.01320200 0.01986400
v -0.01352400 -0.01297200 0.04176000
v -0.01346200 -0.01320200 0.04176000
v -0.01329400 -0.01337000 0.01986400
v -0.01329400 -0.01337000 0.04176000
v -0.01329400 0.01272600 0.04176000
v -0.01346200 0.01255800 0.04176000
v -0.01352400 0.01232800 0.04176000
v -0.01329400 0.01272600 0.01986400
v -0.01346200 0.01255800 0.01986400
v -0.01352400 0.01232800 0.01986400
v -0.01058000 0.00974300 0.02066200
v -0.01058000 -0.00771300 0.03165400
v -0.01058000 0.00974300 0.04173000
v -0.01058000 -0.00771300 0.03190600
v -0.01058000 -0.00771300 0.03282300
v -0.01058000 -0.00787500 0.03209900
v -0.01058000 -0.00787500 0.03263000
v -0.01058000 -0.00812300 0.03258600
v -0.01058000 -0.00812300 0.03214300
v -0.01058000 -0.00834100 0.03201700
v -0.01058000 -0.01003700 0.02066200
v -0.01058000 -0.00771300 0.02698100
v -0.01058000 -0.00771300 0.02723300
v -0.01058000 -0.00771300 0.02814900
v -0.01058000 -0.00787500 0.02742500
v -0.01058000 -0.00787500 0.02795600
v -0.01058000 -0.00812300 0.02791300
v -0.01058000 -0.00812300 0.02746900
v -0.01058000 -0.00834100 0.02734300
v -0.01058000 -0.01003700 0.04173000
v -0.01058000 -0.00842700 0.03178000
v -0.01058000 -0.00842700 0.03061200
v -0.01058000 -0.00842700 0.02944400
v -0.01058000 -0.00834100 0.03037500
v -0.01058000 -0.00834100 0.02968000
v -0.01058000 -0.00812300 0.03025000
v -0.01058000 -0.00812300 0.02980600
v -0.01058000 -0.00787500 0.02976200
v -0.01058000 -0.00787500 0.03029300
v -0.01058000 -0.00771300 0.03048600
v -0.01058000 -0.00771300 0.03541100
v -0.01058000 -0.00787500 0.03560400
v -0.01058000 -0.00812300 0.03564800
v -0.01058000 -0.00834100 0.02687000
v -0.01058000 -0.00842700 0.02710700
v -0.01058000 -0.00842700 0.02827500
v -0.01058000 -0.00834100 0.02803900
v -0.01058000 -0.00812300 0.02674400
v -0.01058000 -0.00787500 0.02678800
v -0.01058000 -0.00771300 0.02840100
v -0.01058000 -0.00771300 0.02931800
v -0.01058000 -0.00771300 0.02956900
v -0.01058000 -0.00787500 0.02859400
v -0.01058000 -0.00787500 0.02912500
v -0.01058000 -0.00812300 0.02908100
v -0.01058000 -0.00812300 0.02863800
v -0.01058000 -0.00834100 0.02851200
v -0.01058000 -0.00834100 0.02920700
v -0.01058000 -0.00771300 0.03073800
v -0.01058000 -0.00787500 0.03093100
v -0.01058000 -0.00787500 0.03146200
v -0.01058000 -0.00812300 0.03141800
v -0.01058000 -0.00812300 0.03097400
v -0.01058000 -0.00834100 0.03084800
v -0.01058000 -0.00834100 0.03154400
v -0.01058000 -0.00834100 0.03271200
v -0.01058000 -0.00842700 0.03294900
v -0.01058000 -0.00842700 0.03411700
v -0.01058000 -0.00842700 0.03528600
v -0.01058000 -0.00834100 0.03504900
v -0.01058000 -0.00771300 0.03307500
v -0.01058000 -0.00771300 0.03399100
v -0.01058000 -0.00771300 0.03424300
v -0.01058000 -0.00787500 0.03326700
v -0.01058000 -0.00787500 0.03379800
v -0.01058000 -0.00812300 0.03375500
v -0.01058000 -0.00812300 0.03331100
v -0.01058000 -0.00834100 0.03318500
v -0.01058000 -0.00834100 0.03388100
v -0.01058000 -0.00771300 0.03516000
v -0.01058000 -0.00787500 0.03443600
v -0.01058000 -0.00787500 0.03496700
v -0.01058000 -0.00812300 0.03492300
v -0.01058000 -0.00812300 0.03448000
v -0.01058000 -0.00834100 0.03435400
v -0.01058000 -0.00834100 0.03552200
v -0.00966000 0.00974300 0.04173000
v -0.00966000 0.00974300 0.02066200
v -0.00966000 -0.01003700 0.04173000
v -0.00966000 -0.01003700 0.02066200
v -0.00966000 -0.00842700 0.03528600
v -0.00966000 -0.00834100 0.03504900
v -0.00966000 -0.00812300 0.03492300
v -0.00966000 -0.00787500 0.03496700
v -0.00966000 -0.00771300 0.03516000
v -0.00966000 -0.00771300 0.03541100
v -0.00966000 -0.00787500 0.03560400
v -0.00966000 -0.00812300 0.03564800
v -0.00966000 -0.00834100 0.03552200
v -0.00966000 -0.00842700 0.03411700
v -0.00966000 -0.00834100 0.03388100
v -0.00966000 -0.00812300 0.03375500
v -0.00966000 -0.00787500 0.03379800
v -0.00966000 -0.00771300 0.03399100
v -0.00966000 -0.00771300 0.03424300
v -0.00966000 -0.00787500 0.03443600
v -0.00966000 -0.00812300 0.03448000
v -0.00966000 -0.00834100 0.03435400
v -0.00966000 -0.00842700 0.03294900
v -0.00966000 -0.00834100 0.03271200
v -0.00966000 -0.00812300 0.03258600
v -0.00966000 -0.00787500 0.03263000
v -0.00966000 -0.00771300 0.03282300
v -0.00966000 -0.00771300 0.03307500
v -0.00966000 -0.00787500 0.03326700
v -0.00966000 -0.00812300 0.03331100
v -0.00966000 -0.00834100 0.03318500
v -0.00966000 -0.00842700 0.03178000
v -0.00966000 -0.00834100 0.03154400
v -0.00966000 -0.00812300 0.03141800
v -0.00966000 -0.00787500 0.03146200
v -0.00966000 -0.00771300 0.03165400
v -0.00966000 -0.00771300 0.03190600
v -0.00966000 -0.00787500 0.03209900
v -0.00966000 -0.00812300 0.03214300
v -0.00966000 -0.00834100 0.03201700
v -0.00966000 -0.00842700 0.03061200
v -0.00966000 -0.00834100 0.03037500
v -0.00966000 -0.00812300 0.03025000
v -0.00966000 -0.00787500 0.03029300
v -0.00966000 -0.00771300 0.03048600
v -0.00966000 -0.00771300 0.03073800
v -0.00966000 -0.00787500 0.03093100
v -0.00966000 -0.00812300 0.03097400
v -0.00966000 -0.00834100 0.03084800
v -0.00966000 -0.00842700 0.02944400
v -0.00966000 -0.00834100 0.02920700
v -0.00966000 -0.00812300 0.02908100
v -0.00966000 -0.00787500 0.02912500
v -0.00966000 -0.00771300 0.02931800
v -0.00966000 -0.00771300 0.02956900
v -0.00966000 -0.00787500 0.02976200
v -0.00966000 -0.00812300 0.02980600
v -0.00966000 -0.00834100 0.02968000
v -0.00966000 -0.00842700 0.02827500
v -0.00966000 -0.00834100 0.02803900
v -0.00966000 -0.00812300 0.02791300
v -0.00966000 -0.00787500 0.02795600
v -0.00966000 -0.00771300 0.02814900
v -0.00966000 -0.00771300 0.02840100
v -0.00966000 -0.00787500 0.02859400
v -0.00966000 -0.00812300 0.02863800
v -0.00966000 -0.00834100 0.02851200
v -0.00966000 -0.00842700 0.02710700
v -0.00966000 -0.00834100 0.02687000
v -0.00966000 -0.00812300 0.02674400
v -0.00966000 -0.00787500 0.02678800
v -0.00966000 -0.00771300 0.02698100
v -0.00966000 -0.00771300 0.02723300
v -0.00966000 -0.00787500 0.02742500
v -0.00966000 -0.00812300 0.02746900
v -0.00966000 -0.00834100 0.02734300
v -0.00919900 -0.00777400 0.03339300
v -0.00975200 -0.00817400 0.03528000
v -0.00919900 -0.00777400 0.03222400
v -0.00919900 -0.00777400 0.03105600
v -0.00973000 -0.00817400 0.02708600
v -0.00919900 -0.00777400 0.02988800
v -0.00919900 -0.00777400 0.02871900
v -0.00919500 -0.00856600 0.03103400
v -0.00919500 -0.00856600 0.02986600
v -0.00919500 -0.00856600 0.02869800
v -0.00919500 -0.00856600 0.03337100
v -0.00919500 -0.00856600 0.03220300
v -0.00782000 -0.00777400 0.02752300
v -0.00782000 -0.00857400 0.02752300
v -0.00782000 -0.00857400 0.02665800
v -0.00782000 -0.00857400 0.03483700
v -0.00782000 -0.00777400 0.03570200
v -0.00782000 -0.00857400 0.03570200
v -0.00782000 -0.00857400 0.03366900
v -0.00782000 -0.00777400 0.03453300
v -0.00782000 -0.00857400 0.03453300
v -0.00782000 -0.00857400 0.03250000
v -0.00782000 -0.00777400 0.03336500
v -0.00782000 -0.00857400 0.03336500
v -0.00782000 -0.00857400 0.03133200
v -0.00782000 -0.00777400 0.03219700
v -0.00782000 -0.00857400 0.03219700
v -0.00782000 -0.00857400 0.03016300
v -0.00782000 -0.00777400 0.03102800
v -0.00782000 -0.00857400 0.03102800
v -0.00782000 -0.00857400 0.02899500
v -0.00782000 -0.00777400 0.02986000
v -0.00782000 -0.00857400 0.02986000
v -0.00782000 -0.00857400 0.02782700
v -0.00782000 -0.00777400 0.02869100
v -0.00782000 -0.00857400 0.02869100
v -0.00782000 -0.00734600 0.02632200
v -0.00782000 -0.00734600 0.03603800
v -0.00782000 -0.00900200 0.02632200
v -0.00782000 -0.00900200 0.03603800
v -0.01186800 -0.00812400 0.02928700
v -0.01186800 -0.00812400 0.02960000
v -0.01155300 -0.00812400 0.02925000
v -0.01155300 -0.00812400 0.02963700
v -0.00998500 -0.00805800 0.02944400
v -0.00952400 -0.00849500 0.02925000
v -0.00938600 -0.00844300 0.02925000
v -0.00989600 -0.00804400 0.02925000
v -0.01155300 -0.00799500 0.02925000
v -0.00938600 -0.00844300 0.02963700
v -0.00952400 -0.00849500 0.02963700
v -0.01155300 -0.00799500 0.02963700
v -0.01184000 -0.00799500 0.02960300
v -0.01184000 -0.00799500 0.02928400
v -0.01246600 -0.00470100 0.02857400
v -0.01246600 -0.00460700 0.02839000
v -0.01246600 -0.00539100 0.02857400
v -0.01246600 -0.00539100 0.02691800
v -0.01246600 -0.00463200 0.02691800
v -0.01246600 0.00431200 0.02839000
v -0.01246600 0.00433800 0.02691800
v -0.01246600 0.00509700 0.02691800
v -0.01246600 0.00509700 0.02857400
v -0.01246600 0.00440700 0.02857400
v -0.01246600 0.00433800 0.02652500
v -0.01246600 -0.00463200 0.02652500
v -0.01188100 -0.00470100 0.02627400
v -0.01188100 0.00440700 0.02627400
v -0.01196900 -0.00470100 0.02599800
v -0.01196900 0.00440700 0.02599800
v -0.01237400 -0.00562100 0.02473800
v -0.01237400 0.00532700 0.02473800
v -0.01196900 0.00532700 0.02599800
v -0.01196900 -0.00562100 0.02599800
v -0.01237400 -0.00562100 0.02406600
v -0.01237400 0.00532700 0.02406600
v -0.01237400 -0.00598900 0.02379000
v -0.01237400 0.00569500 0.02379000
v -0.01237400 0.00569500 0.02406600
v -0.01237400 -0.00598900 0.02406600
v -0.01246600 0.00546500 0.02434200
v -0.01246600 0.00587900 0.02434200
v -0.01232800 0.00532700 0.02434200
v -0.01219900 0.00560300 0.02434200
v -0.01187700 0.00560300 0.02434200
v -0.01085600 0.00587900 0.02434200
v -0.01168400 0.00532700 0.02434200
v -0.01108600 0.00489900 0.02434200
v -0.01168400 0.00489900 0.02434200
v -0.01085600 0.00551100 0.02434200
v -0.01071800 0.00477500 0.02434200
v -0.01071800 -0.00506900 0.02434200
v -0.01058000 0.00477500 0.02434200
v -0.01058000 -0.00506900 0.02434200
v -0.01071800 0.00551100 0.02434200
v -0.01071800 -0.00580500 0.02434200
v -0.01085600 -0.00580500 0.02434200
v -0.01108600 -0.00519300 0.02434200
v -0.01085600 -0.00617300 0.02434200
v -0.01168400 -0.00562100 0.02434200
v -0.01168400 -0.00519300 0.02434200
v -0.01187700 -0.00589700 0.02434200
v -0.01246600 -0.00617300 0.02434200
v -0.01219900 -0.00589700 0.02434200
v -0.01232800 -0.00562100 0.02434200
v -0.01246600 -0.00575900 0.02434200
v -0.01235600 -0.00598900 0.02367600
v -0.01235600 0.00569500 0.02367600
v -0.01230400 0.00569500 0.02357400
v -0.01230400 -0.00598900 0.02357400
v -0.01222200 0.00569500 0.02349200
v -0.01222200 -0.00598900 0.02349200
v -0.01212000 0.00569500 0.02344000
v -0.01212000 -0.00598900 0.02344000
v -0.01200600 0.00569500 0.02342200
v -0.01200600 -0.00598900 0.02342200
v -0.01076400 0.00569500 0.02342200
v -0.01145400 0.00471500 0.02342200
v -0.01175300 0.00422300 0.02342200
v -0.01175300 -0.00460900 0.02342200
v -0.01145400 -0.00500900 0.02342200
v -0.01145400 -0.00460900 0.02342200
v -0.01076400 0.00471500 0.02342200
v -0.01145400 0.00422300 0.02342200
v -0.01076400 -0.00500900 0.02342200
v -0.01076400 -0.00598900 0.02342200
v -0.01131600 0.00587900 0.02528500
v -0.01085600 0.00587900 0.02682600
v -0.01131600 0.00587900 0.02857400
v -0.01071800 0.00587900 0.02857400
v -0.01071800 0.00587900 0.02682600
v -0.01147500 0.00587900 0.02517800
v -0.01151200 0.00587900 0.02520400
v -0.01154600 0.00587900 0.02682600
v -0.01246600 0.00587900 0.02682600
v -0.01154600 0.00587900 0.02528500
v -0.01131600 -0.00617300 0.02528500
v -0.01085600 -0.00617300 0.02682600
v -0.01131600 -0.00617300 0.02857400
v -0.01071800 -0.00617300 0.02857400
v -0.01071800 -0.00617300 0.02682600
v -0.01147500 -0.00617300 0.02517800
v -0.01151200 -0.00617300 0.02520400
v -0.01154600 -0.00617300 0.02682600
v -0.01246600 -0.00617300 0.02682600
v -0.01154600 -0.00617300 0.02528500
v -0.01219000 0.00433800 0.02636600
v -0.01219000 -0.00463200 0.02636600
v -0.01131600 -0.00539100 0.02528500
v -0.01131600 -0.00539100 0.02857400
v -0.01131600 0.00509700 0.02857400
v -0.01131600 0.00509700 0.02528500
v -0.01168800 0.00422300 0.02343400
v -0.01168800 -0.00460900 0.02343400
v -0.01163200 0.00422300 0.02346800
v -0.01163200 -0.00460900 0.02346800
v -0.01159100 0.00422300 0.02351900
v -0.01159100 -0.00460900 0.02351900
v -0.01157100 0.00422300 0.02358200
v -0.01157100 -0.00460900 0.02358200
v -0.01168400 0.00509700 0.02691800
v -0.01154600 0.00509700 0.02682600
v -0.01154600 0.00509700 0.02528500
v -0.01168400 -0.00539100 0.02691800
v -0.01154600 -0.00539100 0.02682600
v -0.01154600 -0.00539100 0.02528500
v -0.01237400 -0.00028500 0.02839000
v -0.01058000 0.00440700 0.02857400
v -0.01071800 0.00477500 0.02857400
v -0.01071800 -0.00506900 0.02857400
v -0.01058000 -0.00470100 0.02857400
v -0.01246600 0.00546500 0.02558400
v -0.01246600 0.00532700 0.02682600
v -0.01246600 0.00532700 0.02558400
v -0.01246600 -0.00575900 0.02558400
v -0.01246600 -0.00562100 0.02682600
v -0.01246600 -0.00562100 0.02558400
v -0.01200600 -0.00470100 0.02627400
v -0.01200600 0.00440700 0.02627400
v -0.01076400 -0.00598900 0.02406600
v -0.01076400 0.00569500 0.02406600
v -0.01140800 0.00532700 0.02406600
v -0.01076400 0.00471500 0.02406600
v -0.01140800 0.00471500 0.02406600
v -0.01140800 -0.00562100 0.02406600
v -0.01076400 -0.00500900 0.02406600
v -0.01140800 -0.00500900 0.02406600
v -0.01173000 0.00532700 0.02471000
v -0.01169300 0.00532700 0.02434200
v -0.01169300 0.00532700 0.02613600
v -0.01219900 0.00532700 0.02613600
v -0.01173000 0.00532700 0.02434200
v -0.01168400 0.00532700 0.02425000
v -0.01219900 0.00532700 0.02528200
v -0.01219900 0.00532700 0.02471000
v -0.01173000 -0.00562100 0.02471000
v -0.01169300 -0.00562100 0.02434200
v -0.01169300 -0.00562100 0.02613600
v -0.01219900 -0.00562100 0.02613600
v -0.01173000 -0.00562100 0.02434200
v -0.01168400 -0.00562100 0.02425000
v -0.01219900 -0.00562100 0.02528200
v -0.01219900 -0.00562100 0.02471000
v -0.01067200 -0.00460900 0.02839500
v -0.01117800 -0.00460900 0.02866600
v -0.01237400 -0.00460900 0.02839200
v -0.01237400 -0.00460900 0.02866600
v -0.01058800 -0.00460900 0.02885800
v -0.01090100 -0.00460900 0.02906100
v -0.01081000 -0.00460900 0.02875800
v -0.01053400 -0.00460900 0.02921800
v -0.01087600 -0.00460900 0.02910800
v -0.01053400 -0.00460900 0.02894200
v -0.01081000 0.00413100 0.02857400
v -0.01112700 0.00413100 0.02868100
v -0.01085600 0.00413100 0.02839500
v -0.01117800 0.00413100 0.02866600
v -0.01219000 0.00413100 0.02839500
v -0.01237400 0.00413100 0.02866600
v -0.01058800 0.00413100 0.02885800
v -0.01090100 0.00413100 0.02906100
v -0.01081000 0.00413100 0.02875800
v -0.01053400 0.00413100 0.02921800
v -0.01087600 0.00413100 0.02910800
v -0.01053400 0.00413100 0.02894200
v -0.01117800 -0.00276900 0.02866600
v -0.01237400 -0.00276900 0.02866600
v -0.01219000 -0.00276900 0.02839500
v -0.01085600 -0.00276900 0.02839500
v -0.01112700 -0.00276900 0.02868100
v -0.01081000 -0.00276900 0.02857400
v -0.01058800 -0.00276900 0.02885800
v -0.01090100 -0.00276900 0.02906100
v -0.01081000 -0.00276900 0.02875800
v -0.01053400 -0.00276900 0.02921800
v -0.01087600 -0.00276900 0.02910800
v -0.01053400 -0.00276900 0.02894200
v -0.01237400 0.00137100 0.02866600
v -0.01219000 0.00137100 0.02839500
v -0.01117800 0.00137100 0.02866600
v -0.01085600 0.00137100 0.02839500
v -0.01112700 0.00137100 0.02868100
v -0.01081000 0.00137100 0.02857400
v -0.01058800 0.00137100 0.02885800
v -0.01090100 0.00137100 0.02906100
v -0.01081000 0.00137100 0.02875800
v -0.01053400 0.00137100 0.02921800
v -0.01087600 0.00137100 0.02910800
v -0.01053400 0.00137100 0.02894200
v -0.01117800 0.00091100 0.02866600
v -0.01237400 0.00091100 0.02866600
v -0.01219000 0.00091100 0.02839500
v -0.01085600 0.00091100 0.02839500
v -0.01112700 0.00091100 0.02868100
v -0.01081000 0.00091100 0.02857400
v -0.01058800 0.00091100 0.02885800
v -0.01090100 0.00091100 0.02906100
v -0.01081000 0.00091100 0.02875800
v -0.01053400 0.00091100 0.02921800
v -0.01087600 0.00091100 0.02910800
v -0.01053400 0.00091100 0.02894200
v -0.01237400 0.00045100 0.02866600
v -0.01219000 0.00045100 0.02839500
v -0.01117800 0.00045100 0.02866600
v -0.01085600 0.00045100 0.02839500
v -0.01112700 0.00045100 0.02868100
v -0.01081000 0.00045100 0.02857400
v -0.01058800 0.00045100 0.02885800
v -0.01090100 0.00045100 0.02906100
v -0.01081000 0.00045100 0.02875800
v -0.01053400 0.00045100 0.02921800
v -0.01087600 0.00045100 0.02910800
v -0.01053400 0.00045100 0.02894200
v -0.01081000 -0.00000900 0.02857400
v -0.01112700 -0.00000900 0.02868100
v -0.01085600 -0.00000900 0.02839500
v -0.01117800 -0.00000900 0.02866600
v -0.01219000 -0.00000900 0.02839500
v -0.01237400 -0.00000900 0.02866600
v -0.01058800 -0.00000900 0.02885800
v -0.01090100 -0.00000900 0.02906100
v -0.01081000 -0.00000900 0.02875800
v -0.01053400 -0.00000900 0.02921800
v -0.01087600 -0.00000900 0.02910800
v -0.01053400 -0.00000900 0.02894200
v -0.01117800 0.00367100 0.02866600
v -0.01237400 0.00367100 0.02866600
v -0.01219000 0.00367100 0.02839500
v -0.01085600 0.00367100 0.02839500
v -0.01112700 0.00367100 0.02868100
v -0.01081000 0.00367100 0.02857400
v -0.01058800 0.00367100 0.02885800
v -0.01090100 0.00367100 0.02906100
v -0.01081000 0.00367100 0.02875800
v -0.01053400 0.00367100 0.02921800
v -0.01087600 0.00367100 0.02910800
v -0.01053400 0.00367100 0.02894200
v -0.01081000 -0.00368900 0.02857400
v -0.01112700 -0.00368900 0.02868100
v -0.01085600 -0.00368900 0.02839500
v -0.01117800 -0.00368900 0.02866600
v -0.01219000 -0.00368900 0.02839500
v -0.01237400 -0.00368900 0.02866600
v -0.01058800 -0.00368900 0.02885800
v -0.01090100 -0.00368900 0.02906100
v -0.01081000 -0.00368900 0.02875800
v -0.01053400 -0.00368900 0.02921800
v -0.01087600 -0.00368900 0.02910800
v -0.01053400 -0.00368900 0.02894200
v -0.01237400 -0.00046900 0.02866600
v -0.01219000 -0.00046900 0.02839500
v -0.01117800 -0.00046900 0.02866600
v -0.01085600 -0.00046900 0.02839500
v -0.01112700 -0.00046900 0.02868100
v -0.01081000 -0.00046900 0.02857400
v -0.01058800 -0.00046900 0.02885800
v -0.01090100 -0.00046900 0.02906100
v -0.01081000 -0.00046900 0.02875800
v -0.01053400 -0.00046900 0.02921800
v -0.01087600 -0.00046900 0.02910800
v -0.01053400 -0.00046900 0.02894200
v -0.01117800 -0.00092900 0.02866600
v -0.01237400 -0.00092900 0.02866600
v -0.01219000 -0.00092900 0.02839500
v -0.01085600 -0.00092900 0.02839500
v -0.01112700 -0.00092900 0.02868100
v -0.01081000 -0.00092900 0.02857400
v -0.01058800 -0.00092900 0.02885800
v -0.01090100 -0.00092900 0.02906100
v -0.01081000 -0.00092900 0.02875800
v -0.01053400 -0.00092900 0.02921800
v -0.01087600 -0.00092900 0.02910800
v -0.01053400 -0.00092900 0.02894200
v -0.01237400 0.00321100 0.02866600
v -0.01219000 0.00321100 0.02839500
v -0.01117800 0.00321100 0.02866600
v -0.01085600 0.00321100 0.02839500
v -0.01112700 0.00321100 0.02868100
v -0.01081000 0.00321100 0.02857400
v -0.01058800 0.00321100 0.02885800
v -0.01090100 0.00321100 0.02906100
v -0.01081000 0.00321100 0.02875800
v -0.01053400 0.00321100 0.02921800
v -0.01087600 0.00321100 0.02910800
v -0.01053400 0.00321100 0.02894200
v -0.01237400 -0.00230900 0.02866600
v -0.01219000 -0.00230900 0.02839500
v -0.01117800 -0.00230900 0.02866600
v -0.01085600 -0.00230900 0.02839500
v -0.01112700 -0.00230900 0.02868100
v -0.01081000 -0.00230900 0.02857400
v -0.01058800 -0.00230900 0.02885800
v -0.01090100 -0.00230900 0.02906100
v -0.01081000 -0.00230900 0.02875800
v -0.01053400 -0.00230900 0.02921800
v -0.01087600 -0.00230900 0.02910800
v -0.01053400 -0.00230900 0.02894200
v -0.01117800 0.00275100 0.02866600
v -0.01237400 0.00275100 0.02866600
v -0.01219000 0.00275100 0.02839500
v -0.01085600 0.00275100 0.02839500
v -0.01112700 0.00275100 0.02868100
v -0.01081000 0.00275100 0.02857400
v -0.01058800 0.00275100 0.02885800
v -0.01090100 0.00275100 0.02906100
v -0.01081000 0.00275100 0.02875800
v -0.01053400 0.00275100 0.02921800
v -0.01087600 0.00275100 0.02910800
v -0.01053400 0.00275100 0.02894200
v -0.01117800 0.00229100 0.02866600
v -0.01237400 0.00229100 0.02866600
v -0.01219000 0.00229100 0.02839500
v -0.01085600 0.00229100 0.02839500
v -0.01112700 0.00229100 0.02868100
v -0.01081000 0.00229100 0.02857400
v -0.01058800 0.00229100 0.02885800
v -0.01090100 0.00229100 0.02906100
v -0.01081000 0.00229100 0.02875800
v -0.01053400 0.00229100 0.02921800
v -0.01087600 0.00229100 0.02910800
v -0.01053400 0.00229100 0.02894200
v -0.01237400 0.00183100 0.02866600
v -0.01219000 0.00183100 0.02839500
v -0.01117800 0.00183100 0.02866600
v -0.01085600 0.00183100 0.02839500
v -0.01112700 0.00183100 0.02868100
v -0.01081000 0.00183100 0.02857400
v -0.01058800 0.00183100 0.02885800
v -0.01090100 0.00183100 0.02906100
v -0.01081000 0.00183100 0.02875800
v -0.01053400 0.00183100 0.02921800
v -0.01087600 0.00183100 0.02910800
v -0.01053400 0.00183100 0.02894200
v -0.01081000 -0.00184900 0.02857400
v -0.01112700 -0.00184900 0.02868100
v -0.01085600 -0.00184900 0.02839500
v -0.01117800 -0.00184900 0.02866600
v -0.01219000 -0.00184900 0.02839500
v -0.01237400 -0.00184900 0.02866600
v -0.01058800 -0.00184900 0.02885800
v -0.01090100 -0.00184900 0.02906100
v -0.01081000 -0.00184900 0.02875800
v -0.01053400 -0.00184900 0.02921800
v -0.01087600 -0.00184900 0.02910800
v -0.01053400 -0.00184900 0.02894200
v -0.01081000 -0.00414900 0.02857400
v -0.01112700 -0.00414900 0.02868100
v -0.01085600 -0.00414900 0.02839500
v -0.01117800 -0.00414900 0.02866600
v -0.01219000 -0.00414900 0.02839500
v -0.01237400 -0.00414900 0.02866600
v -0.01058800 -0.00414900 0.02885800
v -0.01090100 -0.00414900 0.02906100
v -0.01081000 -0.00414900 0.02875800
v -0.01053400 -0.00414900 0.02921800
v -0.01087600 -0.00414900 0.02910800
v -0.01053400 -0.00414900 0.02894200
v -0.01081000 -0.00322900 0.02857400
v -0.01112700 -0.00322900 0.02868100
v -0.01085600 -0.00322900 0.02839500
v -0.01117800 -0.00322900 0.02866600
v -0.01219000 -0.00322900 0.02839500
v -0.01237400 -0.00322900 0.02866600
v -0.01058800 -0.00322900 0.02885800
v -0.01090100 -0.00322900 0.02906100
v -0.01081000 -0.00322900 0.02875800
v -0.01053400 -0.00322900 0.02921800
v -0.01087600 -0.00322900 0.02910800
v -0.01053400 -0.00322900 0.02894200
v -0.01081000 -0.00138900 0.02857400
v -0.01112700 -0.00138900 0.02868100
v -0.01085600 -0.00138900 0.02839500
v -0.01117800 -0.00138900 0.02866600
v -0.01219000 -0.00138900 0.02839500
v -0.01237400 -0.00138900 0.02866600
v -0.01058800 -0.00138900 0.02885800
v -0.01090100 -0.00138900 0.02906100
v -0.01081000 -0.00138900 0.02875800
v -0.01053400 -0.00138900 0.02921800
v -0.01087600 -0.00138900 0.02910800
v -0.01053400 -0.00138900 0.02894200
v -0.01081000 -0.00166500 0.02857400
v -0.01085600 -0.00166500 0.02839500
v -0.01112700 -0.00166500 0.02868100
v -0.01117800 -0.00166500 0.02866600
v -0.01219000 -0.00166500 0.02839500
v -0.01237400 -0.00166500 0.02866600
v -0.01081000 -0.00166500 0.02875800
v -0.01090100 -0.00166500 0.02906100
v -0.01058800 -0.00166500 0.02885800
v -0.01053400 -0.00166500 0.02894200
v -0.01087600 -0.00166500 0.02910800
v -0.01053400 -0.00166500 0.02921800
v -0.01081000 -0.00120500 0.02857400
v -0.01085600 -0.00120500 0.02839500
v -0.01112700 -0.00120500 0.02868100
v -0.01117800 -0.00120500 0.02866600
v -0.01219000 -0.00120500 0.02839500
v -0.01237400 -0.00120500 0.02866600
v -0.01081000 -0.00120500 0.02875800
v -0.01090100 -0.00120500 0.02906100
v -0.01058800 -0.00120500 0.02885800
v -0.01053400 -0.00120500 0.02894200
v -0.01087600 -0.00120500 0.02910800
v -0.01053400 -0.00120500 0.02921800
v -0.01081000 -0.00396500 0.02857400
v -0.01085600 -0.00396500 0.02839500
v -0.01112700 -0.00396500 0.02868100
v -0.01117800 -0.00396500 0.02866600
v -0.01219000 -0.00396500 0.02839500
v -0.01237400 -0.00396500 0.02866600
v -0.01081000 -0.00396500 0.02875800
v -0.01090100 -0.00396500 0.02906100
v -0.01058800 -0.00396500 0.02885800
v -0.01053400 -0.00396500 0.02894200
v -0.01087600 -0.00396500 0.02910800
v -0.01053400 -0.00396500 0.02921800
v -0.01081000 -0.00074500 0.02857400
v -0.01085600 -0.00074500 0.02839500
v -0.01112700 -0.00074500 0.02868100
v -0.01117800 -0.00074500 0.02866600
v -0.01219000 -0.00074500 0.02839500
v -0.01237400 -0.00074500 0.02866600
v -0.01081000 -0.00074500 0.02875800
v -0.01090100 -0.00074500 0.02906100
v -0.01058800 -0.00074500 0.02885800
v -0.01053400 -0.00074500 0.02894200
v -0.01087600 -0.00074500 0.02910800
v -0.01053400 -0.00074500 0.02921800
v -0.01081000 0.00385500 0.02857400
v -0.01085600 0.00385500 0.02839500
v -0.01112700 0.00385500 0.02868100
v -0.01117800 0.00385500 0.02866600
v -0.01219000 0.00385500 0.02839500
v -0.01237400 0.00385500 0.02866600
v -0.01081000 0.00385500 0.02875800
v -0.01090100 0.00385500 0.02906100
v -0.01058800 0.00385500 0.02885800
v -0.01053400 0.00385500 0.02894200
v -0.01087600 0.00385500 0.02910800
v -0.01053400 0.00385500 0.02921800
v -0.01081000 -0.00212500 0.02857400
v -0.01085600 -0.00212500 0.02839500
v -0.01112700 -0.00212500 0.02868100
v -0.01117800 -0.00212500 0.02866600
v -0.01219000 -0.00212500 0.02839500
v -0.01237400 -0.00212500 0.02866600
v -0.01081000 -0.00212500 0.02875800
v -0.01090100 -0.00212500 0.02906100
v -0.01058800 -0.00212500 0.02885800
v -0.01053400 -0.00212500 0.02894200
v -0.01087600 -0.00212500 0.02910800
v -0.01053400 -0.00212500 0.02921800
v -0.01219000 -0.00350500 0.02839500
v -0.01117800 -0.00350500 0.02866600
v -0.01085600 -0.00350500 0.02839500
v -0.01237400 -0.00350500 0.02866600
v -0.01112700 -0.00350500 0.02868100
v -0.01081000 -0.00350500 0.02857400
v -0.01081000 -0.00350500 0.02875800
v -0.01090100 -0.00350500 0.02906100
v -0.01058800 -0.00350500 0.02885800
v -0.01053400 -0.00350500 0.02894200
v -0.01087600 -0.00350500 0.02910800
v -0.01053400 -0.00350500 0.02921800
v -0.01081000 -0.00442500 0.02857400
v -0.01085600 -0.00442500 0.02839500
v -0.01112700 -0.00442500 0.02868100
v -0.01117800 -0.00442500 0.02866600
v -0.01219000 -0.00442500 0.02839500
v -0.01237400 -0.00442500 0.02866600
v -0.01081000 -0.00442500 0.02875800
v -0.01090100 -0.00442500 0.02906100
v -0.01058800 -0.00442500 0.02885800
v -0.01053400 -0.00442500 0.02894200
v -0.01087600 -0.00442500 0.02910800
v -0.01053400 -0.00442500 0.02921800
v -0.01219000 0.00063500 0.02839500
v -0.01117800 0.00063500 0.02866600
v -0.01085600 0.00063500 0.02839500
v -0.01237400 0.00063500 0.02866600
v -0.01112700 0.00063500 0.02868100
v -0.01081000 0.00063500 0.02857400
v -0.01081000 0.00063500 0.02875800
v -0.01090100 0.00063500 0.02906100
v -0.01058800 0.00063500 0.02885800
v -0.01053400 0.00063500 0.02894200
v -0.01087600 0.00063500 0.02910800
v -0.01053400 0.00063500 0.02921800
v -0.01081000 -0.00258500 0.02857400
v -0.01085600 -0.00258500 0.02839500
v -0.01112700 -0.00258500 0.02868100
v -0.01117800 -0.00258500 0.02866600
v -0.01219000 -0.00258500 0.02839500
v -0.01237400 -0.00258500 0.02866600
v -0.01081000 -0.00258500 0.02875800
v -0.01090100 -0.00258500 0.02906100
v -0.01058800 -0.00258500 0.02885800
v -0.01053400 -0.00258500 0.02894200
v -0.01087600 -0.00258500 0.02910800
v -0.01053400 -0.00258500 0.02921800
v -0.01081000 -0.00028500 0.02857400
v -0.01085600 -0.00028500 0.02839500
v -0.01112700 -0.00028500 0.02868100
v -0.01117800 -0.00028500 0.02866600
v -0.01219000 -0.00028500 0.02839500
v -0.01237400 -0.00028500 0.02866600
v -0.01081000 -0.00028500 0.02875800
v -0.01090100 -0.00028500 0.02906100
v -0.01058800 -0.00028500 0.02885800
v -0.01053400 -0.00028500 0.02894200
v -0.01087600 -0.00028500 0.02910800
v -0.01053400 -0.00028500 0.02921800
v -0.01081000 0.00293500 0.02857400
v -0.01085600 0.00293500 0.02839500
v -0.01112700 0.00293500 0.02868100
v -0.01117800 0.00293500 0.02866600
v -0.01219000 0.00293500 0.02839500
v -0.01237400 0.00293500 0.02866600
v -0.01081000 0.00293500 0.02875800
v -0.01090100 0.00293500 0.02906100
v -0.01058800 0.00293500 0.02885800
v -0.01053400 0.00293500 0.02894200
v -0.01087600 0.00293500 0.02910800
v -0.01053400 0.00293500 0.02921800
v -0.01081000 0.00017500 0.02857400
v -0.01085600 0.00017500 0.02839500
v -0.01112700 0.00017500 0.02868100
v -0.01117800 0.00017500 0.02866600
v -0.01219000 0.00017500 0.02839500
v -0.01237400 0.00017500 0.02866600
v -0.01081000 0.00017500 0.02875800
v -0.01090100 0.00017500 0.02906100
v -0.01058800 0.00017500 0.02885800
v -0.01053400 0.00017500 0.02894200
v -0.01087600 0.00017500 0.02910800
v -0.01053400 0.00017500 0.02921800
v -0.01081000 0.00201500 0.02857400
v -0.01085600 0.00201500 0.02839500
v -0.01112700 0.00201500 0.02868100
v -0.01117800 0.00201500 0.02866600
v -0.01219000 0.00201500 0.02839500
v -0.01237400 0.00201500 0.02866600
v -0.01081000 0.00201500 0.02875800
v -0.01090100 0.00201500 0.02906100
v -0.01058800 0.00201500 0.02885800
v -0.01053400 0.00201500 0.02894200
v -0.01087600 0.00201500 0.02910800
v -0.01053400 0.00201500 0.02921800
v -0.01081000 -0.00304500 0.02857400
v -0.01085600 -0.00304500 0.02839500
v -0.01112700 -0.00304500 0.02868100
v -0.01117800 -0.00304500 0.02866600
v -0.01219000 -0.00304500 0.02839500
v -0.01237400 -0.00304500 0.02866600
v -0.01081000 -0.00304500 0.02875800
v -0.01090100 -0.00304500 0.02906100
v -0.01058800 -0.00304500 0.02885800
v -0.01053400 -0.00304500 0.02894200
v -0.01087600 -0.00304500 0.02910800
v -0.01053400 -0.00304500 0.02921800
v -0.01081000 0.00155500 0.02857400
v -0.01085600 0.00155500 0.02839500
v -0.01112700 0.00155500 0.02868100
v -0.01117800 0.00155500 0.02866600
v -0.01219000 0.00155500 0.02839500
v -0.01237400 0.00155500 0.02866600
v -0.01081000 0.00155500 0.02875800
v -0.01090100 0.00155500 0.02906100
v -0.01058800 0.00155500 0.02885800
v -0.01053400 0.00155500 0.02894200
v -0.01087600 0.00155500 0.02910800
v -0.01053400 0.00155500 0.02921800
v -0.01219000 0.00247500 0.02839500
v -0.01117800 0.00247500 0.02866600
v -0.01085600 0.00247500 0.02839500
v -0.01237400 0.00247500 0.02866600
v -0.01112700 0.00247500 0.02868100
v -0.01081000 0.00247500 0.02857400
v -0.01081000 0.00247500 0.02875800
v -0.01090100 0.00247500 0.02906100
v -0.01058800 0.00247500 0.02885800
v -0.01053400 0.00247500 0.02894200
v -0.01087600 0.00247500 0.02910800
v -0.01053400 0.00247500 0.02921800
v -0.01219000 0.00339500 0.02839500
v -0.01117800 0.00339500 0.02866600
v -0.01085600 0.00339500 0.02839500
v -0.01237400 0.00339500 0.02866600
v -0.01112700 0.00339500 0.02868100
v -0.01081000 0.00339500 0.02857400
v -0.01081000 0.00339500 0.02875800
v -0.01090100 0.00339500 0.02906100
v -0.01058800 0.00339500 0.02885800
v -0.01053400 0.00339500 0.02894200
v -0.01087600 0.00339500 0.02910800
v -0.01053400 0.00339500 0.02921800
v -0.01081000 0.00109500 0.02857400
v -0.01085600 0.00109500 0.02839500
v -0.01112700 0.00109500 0.02868100
v -0.01117800 0.00109500 0.02866600
v -0.01219000 0.00109500 0.02839500
v -0.01237400 0.00109500 0.02866600
v -0.01081000 0.00109500 0.02875800
v -0.01090100 0.00109500 0.02906100
v -0.01058800 0.00109500 0.02885800
v -0.01053400 0.00109500 0.02894200
v -0.01087600 0.00109500 0.02910800
v -0.01053400 0.00109500 0.02921800
v -0.01081000 0.00431500 0.02875800
v -0.01090100 0.00431500 0.02906100
v -0.01058800 0.00431500 0.02885800
v -0.01117800 0.00431500 0.02866600
v -0.01067200 0.00431500 0.02839500
v -0.01237400 0.00431500 0.02839500
v -0.01237400 0.00431500 0.02866600
v -0.01053400 0.00431500 0.02894200
v -0.01087600 0.00431500 0.02910800
v -0.01053400 0.00431500 0.02921800
v -0.01076400 0.00610900 0.02563000
v -0.01076400 0.00555700 0.02563000
v -0.01076400 0.00610900 0.02673400
v -0.01076400 0.00555700 0.02673400
v -0.01076400 -0.00640300 0.02563000
v -0.01076400 -0.00585100 0.02563000
v -0.01076400 -0.00640300 0.02673400
v -0.01076400 -0.00585100 0.02673400
v -0.01058000 -0.00506900 0.02857400
v -0.01058000 0.00477500 0.02857400
v -0.01200600 -0.00490600 0.02691800
v -0.01219000 -0.00462100 0.02691800
v -0.01168400 -0.00500900 0.02691800
v -0.01081000 -0.00663300 0.02563000
v -0.01127900 -0.00663300 0.02563000
v -0.01081000 -0.00663300 0.02673400
v -0.01127900 -0.00663300 0.02673400
v -0.01081000 0.00633900 0.02563000
v -0.01127900 0.00633900 0.02563000
v -0.01081000 0.00633900 0.02673400
v -0.01127900 0.00633900 0.02673400
v -0.01187700 0.00560300 0.02558400
v -0.01187700 -0.00589700 0.02558400
v -0.01219000 0.00432600 0.02691800
v -0.01200600 0.00475400 0.02691800
v -0.01200600 0.00431500 0.02691800
v -0.01168400 0.00475400 0.02691800
v -0.01219900 0.00560300 0.02682600
v -0.01173900 0.00560300 0.02682600
v -0.01168400 0.00532700 0.02682600
v -0.01219900 0.00532700 0.02682600
v -0.01168400 -0.00562100 0.02682600
v -0.01173900 -0.00589700 0.02682600
v -0.01219900 -0.00589700 0.02682600
v -0.01219900 -0.00562100 0.02682600
v -0.01219900 0.00560300 0.02558400
v -0.01219900 -0.00589700 0.02558400
v -0.01237400 -0.00460800 0.02839200
v -0.01232800 0.00440700 0.02618200
v -0.01232800 0.00532700 0.02618200
v -0.01232800 -0.00470100 0.02618200
v -0.01232800 -0.00562100 0.02618200
v -0.01232800 0.00532700 0.02488100
v -0.01232800 0.00532700 0.02558400
v -0.01219900 0.00532700 0.02611600
v -0.01232800 -0.00562100 0.02558400
v -0.01219900 -0.00562100 0.02611600
v -0.01232800 -0.00562100 0.02488100
v -0.01168400 -0.00562100 0.02645800
v -0.01168400 -0.00539100 0.02682600
v -0.01168400 -0.00500900 0.02645800
v -0.01232800 -0.00562100 0.02645800
v -0.01232800 -0.00470100 0.02645800
v -0.01232800 0.00532700 0.02645800
v -0.01232800 0.00440700 0.02645800
v -0.01058000 0.00555700 0.02673400
v -0.01058000 0.00610900 0.02673400
v -0.01081000 0.00615500 0.02673400
v -0.01127900 0.00615500 0.02673400
v -0.01058000 0.00555700 0.02563000
v -0.01058000 0.00610900 0.02563000
v -0.01081000 0.00615500 0.02563000
v -0.01127900 0.00615500 0.02563000
v -0.01058000 -0.00585100 0.02563000
v -0.01058000 -0.00640300 0.02563000
v -0.01081000 -0.00644900 0.02563000
v -0.01127900 -0.00644900 0.02563000
v -0.01058000 -0.00585100 0.02673400
v -0.01058000 -0.00640300 0.02673400
v -0.01081000 -0.00644900 0.02673400
v -0.01127900 -0.00644900 0.02673400
v -0.01168400 0.00532700 0.02645800
v -0.01168400 0.00509700 0.02682600
v -0.01168400 0.00475400 0.02645800
v -0.01071800 0.00551100 0.02563000
v -0.01081000 0.00551100 0.02563000
v -0.01085600 0.00551100 0.02682600
v -0.01085600 -0.00580500 0.02682600
v -0.01081000 -0.00580500 0.02563000
v -0.01071800 -0.00580500 0.02563000
v -0.01219000 0.00433800 0.02691800
v -0.01219000 0.00394700 0.02857400
v -0.01085600 0.00394700 0.02857400
v -0.01219000 0.00403900 0.02857400
v -0.01085600 0.00403900 0.02857400
v -0.01219000 0.00127900 0.02857400
v -0.01085600 0.00127900 0.02857400
v -0.01219000 0.00118700 0.02857400
v -0.01085600 0.00118700 0.02857400
v -0.01219000 0.00081900 0.02857400
v -0.01085600 0.00081900 0.02857400
v -0.01219000 0.00072700 0.02857400
v -0.01085600 0.00072700 0.02857400
v -0.01219000 -0.00056100 0.02857400
v -0.01085600 -0.00056100 0.02857400
v -0.01219000 -0.00065300 0.02857400
v -0.01085600 -0.00065300 0.02857400
v -0.01219000 0.00035900 0.02857400
v -0.01085600 0.00035900 0.02857400
v -0.01219000 0.00026700 0.02857400
v -0.01085600 0.00026700 0.02857400
v -0.01219000 0.00173900 0.02857400
v -0.01085600 0.00173900 0.02857400
v -0.01219000 0.00164700 0.02857400
v -0.01085600 0.00164700 0.02857400
v -0.01219000 -0.00378100 0.02857400
v -0.01085600 -0.00378100 0.02857400
v -0.01219000 -0.00387300 0.02857400
v -0.01085600 -0.00387300 0.02857400
v -0.01219000 0.00265900 0.02857400
v -0.01085600 0.00265900 0.02857400
v -0.01219000 0.00256700 0.02857400
v -0.01085600 0.00256700 0.02857400
v -0.01219000 0.00302700 0.02857400
v -0.01085600 0.00302700 0.02857400
v -0.01219000 0.00311900 0.02857400
v -0.01085600 0.00311900 0.02857400
v -0.01219000 -0.00332100 0.02857400
v -0.01085600 -0.00332100 0.02857400
v -0.01219000 -0.00341300 0.02857400
v -0.01085600 -0.00341300 0.02857400
v -0.01200600 -0.00575900 0.02471000
v -0.01200600 -0.00575900 0.02434200
v -0.01219000 0.00431500 0.02691800
v -0.01219000 0.00431500 0.02645800
v -0.01200600 0.00431500 0.02627400
v -0.01219900 -0.00566300 0.02434200
v -0.01219900 -0.00566300 0.02471000
v -0.01145400 -0.00460900 0.02445700
v -0.01173900 -0.00562100 0.02682600
v -0.01173900 -0.00589700 0.02659100
v -0.01173900 -0.00562100 0.02659100
v -0.01186800 -0.00812400 0.03279200
v -0.01186800 -0.00812400 0.03310500
v -0.01155300 -0.00812400 0.03275600
v -0.01155300 -0.00812400 0.03314200
v -0.00998500 -0.00805800 0.03294900
v -0.00952400 -0.00849500 0.03275600
v -0.00938600 -0.00844300 0.03275600
v -0.00989600 -0.00804400 0.03275600
v -0.01155300 -0.00799500 0.03275600
v -0.00938600 -0.00844300 0.03314200
v -0.00952400 -0.00849500 0.03314200
v -0.01155300 -0.00799500 0.03314200
v -0.01184000 -0.00799500 0.03310800
v -0.01184000 -0.00799500 0.03278900
v -0.01207900 0.00304300 0.03634100
v -0.01194300 0.00208100 0.03625000
v -0.01237400 0.00302700 0.03765400
v -0.01194300 -0.00237500 0.03625000
v -0.01237400 -0.00332100 0.03765400
v -0.01196900 -0.00332100 0.03639400
v -0.01237400 0.00302700 0.03832600
v -0.01237400 -0.00332100 0.03832600
v -0.01237400 0.00339500 0.03860200
v -0.01237400 -0.00368900 0.03860200
v -0.01237400 -0.00368900 0.03832600
v -0.01237400 0.00339500 0.03832600
v -0.01232500 0.00339500 0.03878600
v -0.01232500 -0.00368900 0.03878600
v -0.01219000 -0.00368900 0.03892100
v -0.01219000 0.00339500 0.03892100
v -0.01200600 -0.00368900 0.03897000
v -0.01200600 0.00339500 0.03897000
v -0.01076400 -0.00368900 0.03897000
v -0.01145400 -0.00270900 0.03897000
v -0.01175300 -0.00221700 0.03897000
v -0.01175300 0.00201500 0.03897000
v -0.01145400 0.00241500 0.03897000
v -0.01145400 0.00201500 0.03897000
v -0.01076400 -0.00270900 0.03897000
v -0.01145400 -0.00221700 0.03897000
v -0.01076400 0.00241500 0.03897000
v -0.01076400 0.00339500 0.03897000
v -0.01140800 0.00241500 0.03832600
v -0.01076400 0.00241500 0.03832600
v -0.01157100 0.00201500 0.03881000
v -0.01145400 0.00201500 0.03793500
v -0.01166800 -0.00221700 0.03894900
v -0.01166800 0.00201500 0.03894900
v -0.01160200 -0.00221700 0.03889200
v -0.01160200 0.00201500 0.03889200
v -0.01157100 -0.00221700 0.03881000
v -0.01145400 -0.00221700 0.03793500
v -0.01140800 -0.00270900 0.03832600
v -0.01076400 -0.00270900 0.03832600
v -0.01140800 -0.00332100 0.03832600
v -0.01076400 -0.00368900 0.03832600
v -0.01076400 0.00339500 0.03832600
v -0.01140800 0.00302700 0.03832600
v -0.01169300 0.00302700 0.03625600
v -0.01194600 0.00316500 0.03793800
v -0.01140800 0.00302700 0.03814200
v -0.01187700 0.00330300 0.03680800
v -0.01219900 0.00330300 0.03680800
v -0.01219000 0.00059400 0.03393800
v -0.01086600 0.00058800 0.03391500
v -0.01117800 0.00063500 0.03372600
v -0.01108600 0.00063500 0.03363400
v -0.01058800 0.00063500 0.03353400
v -0.01093500 0.00063500 0.03335300
v -0.01087400 0.00063500 0.03326600
v -0.01053400 0.00063500 0.03345000
v -0.01053400 0.00063500 0.03317400
v -0.01117800 0.00045100 0.03372600
v -0.01108600 0.00045100 0.03363400
v -0.01058800 0.00045100 0.03353400
v -0.01093500 0.00045100 0.03335300
v -0.01053400 0.00045100 0.03345000
v -0.01087400 0.00045100 0.03326600
v -0.01053400 0.00045100 0.03317400
v -0.01219000 -0.00078600 0.03393800
v -0.01086600 -0.00079200 0.03391500
v -0.01117800 -0.00074500 0.03372600
v -0.01108600 -0.00074500 0.03363400
v -0.01058800 -0.00074500 0.03353400
v -0.01093500 -0.00074500 0.03335300
v -0.01087400 -0.00074500 0.03326600
v -0.01053400 -0.00074500 0.03345000
v -0.01053400 -0.00074500 0.03317400
v -0.01117800 -0.00092900 0.03372600
v -0.01108600 -0.00092900 0.03363400
v -0.01058800 -0.00092900 0.03353400
v -0.01093500 -0.00092900 0.03335300
v -0.01053400 -0.00092900 0.03345000
v -0.01087400 -0.00092900 0.03326600
v -0.01053400 -0.00092900 0.03317400
v -0.01076400 0.00380900 0.03565800
v -0.01076400 0.00380900 0.03676200
v -0.01074500 0.00323800 0.03565800
v -0.01078700 0.00321100 0.03676200
v -0.01058000 0.00325700 0.03676200
v -0.01058000 0.00380900 0.03676200
v -0.01081000 0.00403900 0.03676200
v -0.01081000 0.00385500 0.03676200
v -0.01127900 0.00403900 0.03676200
v -0.01127900 0.00385500 0.03676200
v -0.01058000 0.00325700 0.03565800
v -0.01058000 0.00380900 0.03565800
v -0.01081000 0.00385500 0.03565800
v -0.01081000 0.00403900 0.03565800
v -0.01127900 0.00403900 0.03565800
v -0.01127900 0.00385500 0.03565800
v -0.01085600 0.00321100 0.03805000
v -0.01071800 0.00321100 0.03805000
v -0.01085600 -0.00350500 0.03805000
v -0.01078700 -0.00350500 0.03676200
v -0.01071800 -0.00350500 0.03805000
v -0.01076400 -0.00410300 0.03676200
v -0.01076400 -0.00410300 0.03565800
v -0.01074100 -0.00350500 0.03561500
v -0.01058000 -0.00355100 0.03676200
v -0.01058000 -0.00410300 0.03676200
v -0.01081000 -0.00433300 0.03676200
v -0.01081000 -0.00414900 0.03676200
v -0.01127900 -0.00414900 0.03676200
v -0.01127900 -0.00433300 0.03676200
v -0.01058000 -0.00355100 0.03565800
v -0.01058000 -0.00410300 0.03565800
v -0.01081000 -0.00414900 0.03565800
v -0.01081000 -0.00433300 0.03565800
v -0.01127900 -0.00414900 0.03565800
v -0.01127900 -0.00433300 0.03565800
v -0.01085600 -0.00350500 0.03556600
v -0.01219000 -0.00124600 0.03393800
v -0.01117800 -0.00138900 0.03372600
v -0.01085600 -0.00127900 0.03363000
v -0.01087400 -0.00138900 0.03308200
v -0.01087400 -0.00120500 0.03308200
v -0.01117800 -0.00120500 0.03372600
v -0.01219000 -0.00032600 0.03393800
v -0.01117800 -0.00046900 0.03372600
v -0.01085600 -0.00035900 0.03363000
v -0.01087400 -0.00046900 0.03308200
v -0.01087400 -0.00028500 0.03308200
v -0.01117800 -0.00028500 0.03372600
v -0.01219000 -0.00170600 0.03393800
v -0.01086600 -0.00171200 0.03391500
v -0.01117800 -0.00166500 0.03372600
v -0.01108600 -0.00166500 0.03363400
v -0.01058800 -0.00166500 0.03353400
v -0.01093800 -0.00166500 0.03335400
v -0.01087400 -0.00166500 0.03326600
v -0.01053400 -0.00166500 0.03345000
v -0.01053400 -0.00166500 0.03317400
v -0.01117800 -0.00184900 0.03372600
v -0.01108600 -0.00184900 0.03363400
v -0.01058800 -0.00184900 0.03353400
v -0.01093800 -0.00184900 0.03335400
v -0.01053400 -0.00184900 0.03345000
v -0.01087400 -0.00184900 0.03326600
v -0.01053400 -0.00184900 0.03317400
v -0.01219000 0.00013400 0.03393800
v -0.01086600 0.00012800 0.03391500
v -0.01117800 0.00017500 0.03372600
v -0.01108600 0.00017500 0.03363400
v -0.01058800 0.00017500 0.03353400
v -0.01093800 0.00017500 0.03335400
v -0.01087400 0.00017500 0.03326600
v -0.01053400 0.00017500 0.03345000
v -0.01053400 0.00017500 0.03317400
v -0.01117800 -0.00000900 0.03372600
v -0.01108600 -0.00000900 0.03363400
v -0.01058800 -0.00000900 0.03353400
v -0.01093800 -0.00000900 0.03335400
v -0.01053400 -0.00000900 0.03345000
v -0.01087400 -0.00000900 0.03326600
v -0.01053400 -0.00000900 0.03317400
v -0.01093800 0.00155500 0.03335400
v -0.01108600 0.00155500 0.03363400
v -0.01058800 0.00155500 0.03353400
v -0.01087400 0.00155500 0.03326600
v -0.01053400 0.00155500 0.03345000
v -0.01053400 0.00155500 0.03317400
v -0.01086600 0.00150800 0.03391500
v -0.01117800 0.00155500 0.03372600
v -0.01219000 0.00151400 0.03393800
v -0.01117800 0.00137100 0.03372600
v -0.01108600 0.00137100 0.03363400
v -0.01058800 0.00137100 0.03353400
v -0.01093800 0.00137100 0.03335400
v -0.01053400 0.00137100 0.03345000
v -0.01087400 0.00137100 0.03326600
v -0.01053400 0.00137100 0.03317400
v -0.01219000 0.00105400 0.03393800
v -0.01117800 0.00091100 0.03372600
v -0.01085600 0.00102100 0.03363000
v -0.01087400 0.00091100 0.03308200
v -0.01087400 0.00109500 0.03308200
v -0.01117800 0.00109500 0.03372600
v -0.01081000 -0.00212500 0.03381800
v -0.01113200 -0.00212500 0.03371400
v -0.01085600 -0.00212500 0.03399800
v -0.01117800 -0.00212500 0.03372600
v -0.01219000 -0.00212500 0.03399800
v -0.01237400 -0.00212500 0.03372600
v -0.01058800 -0.00212500 0.03353400
v -0.01089100 -0.00212500 0.03331900
v -0.01081000 -0.00212500 0.03363400
v -0.01087400 -0.00212500 0.03326600
v -0.01053400 -0.00212500 0.03345000
v -0.01053400 -0.00212500 0.03317400
v -0.01117800 -0.00230900 0.03372600
v -0.01237400 -0.00230900 0.03372600
v -0.01081000 -0.00230900 0.03363400
v -0.01089100 -0.00230900 0.03331900
v -0.01058800 -0.00230900 0.03353400
v -0.01053400 -0.00230900 0.03345000
v -0.01087400 -0.00230900 0.03326600
v -0.01053400 -0.00230900 0.03317400
v -0.01067200 -0.00230900 0.03399800
v -0.01237400 -0.00230900 0.03399800
v -0.01246600 -0.00240100 0.03381800
v -0.01058000 -0.00240100 0.03381800
v -0.01071800 -0.00276900 0.03381800
v -0.01131600 -0.00309100 0.03381800
v -0.01246600 -0.00309100 0.03381800
v -0.01071800 -0.00387300 0.03381800
v -0.01131600 -0.00387300 0.03381800
v -0.01219000 0.00183100 0.03399800
v -0.01117800 0.00183100 0.03372600
v -0.01085600 0.00183100 0.03399800
v -0.01237400 0.00183100 0.03372600
v -0.01109800 0.00183100 0.03368000
v -0.01081000 0.00183100 0.03381800
v -0.01081000 0.00183100 0.03363400
v -0.01089100 0.00183100 0.03331900
v -0.01058800 0.00183100 0.03353400
v -0.01053400 0.00183100 0.03345000
v -0.01087400 0.00183100 0.03326600
v -0.01053400 0.00183100 0.03317400
v -0.01117800 0.00201500 0.03372600
v -0.01237400 0.00201500 0.03372600
v -0.01237400 0.00201400 0.03400000
v -0.01067200 0.00201500 0.03399800
v -0.01089100 0.00201500 0.03331900
v -0.01081000 0.00201500 0.03363400
v -0.01058800 0.00201500 0.03353400
v -0.01087400 0.00201500 0.03326600
v -0.01053400 0.00201500 0.03345000
v -0.01053400 0.00201500 0.03317400
v -0.01058000 0.00210700 0.03381800
v -0.01246600 0.00210700 0.03381800
v -0.01131600 0.00357900 0.03381800
v -0.01071800 0.00357900 0.03381800
v -0.01131600 0.00279700 0.03381800
v -0.01071800 0.00247500 0.03381800
v -0.01246600 0.00279700 0.03381800
v -0.01219900 -0.00359700 0.03805000
v -0.01187700 -0.00359700 0.03805000
v -0.01219900 -0.00359700 0.03680800
v -0.01187700 -0.00359700 0.03680800
v -0.01169300 -0.00332100 0.03805000
v -0.01169300 -0.00332100 0.03625600
v -0.01220400 -0.00332200 0.03626400
v -0.01173000 -0.00332100 0.03805000
v -0.01168400 -0.00332100 0.03814200
v -0.01219900 -0.00332100 0.03768200
v -0.01219900 -0.00332100 0.03711000
v -0.01173000 -0.00332100 0.03768200
v -0.01232800 -0.00332100 0.03805000
v -0.01196900 -0.00240100 0.03639400
v -0.01232800 -0.00240100 0.03621000
v -0.01232800 -0.00332100 0.03621000
v -0.01232800 0.00302700 0.03621000
v -0.01232800 0.00210700 0.03621000
v -0.01219900 0.00302700 0.03627600
v -0.01196900 0.00210700 0.03639400
v -0.01196900 0.00302700 0.03639400
v -0.01232800 -0.00240100 0.03593400
v -0.01232800 -0.00332100 0.03593400
v -0.01200600 -0.00231400 0.03556400
v -0.01216700 -0.00240100 0.03565500
v -0.01206200 -0.00230200 0.03599200
v -0.01188100 -0.00240100 0.03611800
v -0.01219900 -0.00345900 0.03562100
v -0.01246600 -0.00332100 0.03556600
v -0.01229400 -0.00332100 0.03579000
v -0.01246600 -0.00332100 0.03680800
v -0.01232800 -0.00332100 0.03680800
v -0.01232800 -0.00332100 0.03751100
v -0.01246600 -0.00345900 0.03680800
v -0.01246600 -0.00345900 0.03805000
v -0.01232800 0.00210700 0.03593400
v -0.01206900 0.00200200 0.03604800
v -0.01228500 0.00210700 0.03577300
v -0.01216700 0.00210700 0.03565500
v -0.01200600 0.00202000 0.03556400
v -0.01188100 0.00210700 0.03611800
v -0.01232800 0.00302700 0.03593400
v -0.01219900 0.00316500 0.03562100
v -0.01229400 0.00302700 0.03579000
v -0.01246600 0.00302700 0.03556600
v -0.01232800 0.00302700 0.03680800
v -0.01246600 0.00302700 0.03680800
v -0.01219900 0.00302700 0.03711000
v -0.01232800 0.00302700 0.03751100
v -0.01246600 0.00316500 0.03680800
v -0.01246600 0.00316500 0.03805000
v -0.01232800 0.00302700 0.03805000
v -0.01200600 0.00316500 0.03805000
v -0.01173000 0.00302700 0.03805000
v -0.01200600 0.00316500 0.03768200
v -0.01173000 0.00302700 0.03768200
v -0.01219900 0.00306800 0.03805000
v -0.01219900 0.00306800 0.03768200
v -0.01200600 -0.00345900 0.03805000
v -0.01219900 -0.00336300 0.03805000
v -0.01200600 -0.00345900 0.03768200
v -0.01219900 -0.00336300 0.03768200
v -0.01200600 -0.00359700 0.03561200
v -0.01200600 -0.00274800 0.03561200
v -0.01228500 -0.00240100 0.03577300
v -0.01182700 -0.00274800 0.03569800
v -0.01182700 -0.00359700 0.03569800
v -0.01187700 -0.00274800 0.03565200
v -0.01187700 -0.00359700 0.03565200
v -0.01193800 -0.00359700 0.03562200
v -0.01193800 -0.00274800 0.03562200
v -0.01246600 -0.00387300 0.03805000
v -0.01246600 -0.00387300 0.03556600
v -0.01200600 0.00231200 0.03561200
v -0.01200600 0.00330300 0.03561200
v -0.01193800 0.00330300 0.03562200
v -0.01193800 0.00231200 0.03562200
v -0.01187700 0.00231200 0.03565200
v -0.01187700 0.00330300 0.03565200
v -0.01182700 0.00330300 0.03569800
v -0.01182700 0.00231200 0.03569800
v -0.01246600 0.00357900 0.03805000
v -0.01246600 0.00357900 0.03556600
v -0.01085600 -0.00387300 0.03805000
v -0.01168400 -0.00332100 0.03805000
v -0.01108600 -0.00289300 0.03805000
v -0.01168400 -0.00289300 0.03805000
v -0.01071800 -0.00276900 0.03805000
v -0.01108600 0.00259900 0.03805000
v -0.01071800 0.00247500 0.03805000
v -0.01058000 -0.00276900 0.03805000
v -0.01058000 0.00247500 0.03805000
v -0.01085600 0.00357900 0.03805000
v -0.01168400 0.00302700 0.03805000
v -0.01168400 0.00259900 0.03805000
v -0.01187700 0.00330300 0.03805000
v -0.01219900 0.00330300 0.03805000
v -0.01170100 -0.00332100 0.03586400
v -0.01168400 -0.00332100 0.03556600
v -0.01173900 -0.00359700 0.03580200
v -0.01173900 -0.00359700 0.03556600
v -0.01152400 -0.00387300 0.03717500
v -0.01154600 -0.00387300 0.03710700
v -0.01154600 -0.00387300 0.03556600
v -0.01146600 -0.00387300 0.03721600
v -0.01139600 -0.00387300 0.03721600
v -0.01133800 -0.00387300 0.03717500
v -0.01131600 -0.00387300 0.03710700
v -0.01085600 -0.00387300 0.03556600
v -0.01071800 -0.00387300 0.03556600
v -0.01173900 0.00330300 0.03556600
v -0.01173900 0.00302700 0.03556600
v -0.01173900 0.00330300 0.03580200
v -0.01172200 0.00302700 0.03584200
v -0.01131600 0.00357900 0.03710700
v -0.01085600 0.00357900 0.03556600
v -0.01071800 0.00357900 0.03556600
v -0.01133800 0.00357900 0.03717500
v -0.01139600 0.00357900 0.03721600
v -0.01146600 0.00357900 0.03721600
v -0.01152400 0.00357900 0.03717500
v -0.01154600 0.00357900 0.03710700
v -0.01154600 0.00357900 0.03556600
v -0.01154600 -0.00309100 0.03556600
v -0.01131600 -0.00309100 0.03710700
v -0.01133800 -0.00309100 0.03717500
v -0.01139600 -0.00309100 0.03721600
v -0.01146600 -0.00309100 0.03721600
v -0.01152400 -0.00309100 0.03717500
v -0.01154600 -0.00309100 0.03710700
v -0.01168400 -0.00309100 0.03556600
v -0.01168400 -0.00274800 0.03593400
v -0.01168400 -0.00274800 0.03547400
v -0.01219000 -0.00230900 0.03547400
v -0.01216900 0.00155400 0.03601700
v -0.01200600 0.00155500 0.03602600
v -0.01200600 -0.00184900 0.03602600
v -0.01216900 -0.00184900 0.03601700
v -0.01219000 0.00203800 0.03547400
v -0.01154600 0.00279700 0.03556600
v -0.01154600 0.00279700 0.03710700
v -0.01152400 0.00279700 0.03717500
v -0.01146600 0.00279700 0.03721600
v -0.01139600 0.00279700 0.03721600
v -0.01133800 0.00279700 0.03717500
v -0.01131600 0.00279700 0.03710700
v -0.01168400 0.00279700 0.03556600
v -0.01168400 0.00241500 0.03593400
v -0.01168400 0.00241500 0.03547400
v -0.01246600 0.00201200 0.03400200
v -0.01237400 -0.00028500 0.03400200
v -0.01246600 -0.00230700 0.03400200
v -0.01246600 -0.00309100 0.03547400
v -0.01168400 -0.00309100 0.03547400
v -0.01246600 -0.00233200 0.03547400
v -0.01200600 -0.00274800 0.03547400
v -0.01246600 -0.00233200 0.03586700
v -0.01216900 -0.00046900 0.03601700
v -0.01209800 -0.00000900 0.03607200
v -0.01216900 0.00017400 0.03601700
v -0.01246600 0.00203800 0.03586700
v -0.01216900 0.00063400 0.03601700
v -0.01216900 0.00091100 0.03601700
v -0.01216900 0.00137100 0.03601700
v -0.01216900 -0.00166600 0.03601700
v -0.01216900 -0.00120600 0.03601700
v -0.01216900 -0.00092900 0.03601700
v -0.01246600 0.00203800 0.03547400
v -0.01246600 0.00279700 0.03547400
v -0.01200600 0.00231200 0.03547400
v -0.01168400 0.00279700 0.03547400
v -0.01219000 -0.00148100 0.03381800
v -0.01085600 -0.00148100 0.03381800
v -0.01219000 -0.00157300 0.03381800
v -0.01085600 -0.00157300 0.03381800
v -0.01219000 0.00072700 0.03381800
v -0.01085600 0.00072700 0.03381800
v -0.01219000 0.00081900 0.03381800
v -0.01085600 0.00081900 0.03381800
v -0.01219000 0.00026700 0.03381800
v -0.01085600 0.00026700 0.03381800
v -0.01219000 0.00035900 0.03381800
v -0.01085600 0.00035900 0.03381800
v -0.01219000 0.00164700 0.03381800
v -0.01085600 0.00164700 0.03381800
v -0.01219000 0.00173900 0.03381800
v -0.01085600 0.00173900 0.03381800
v -0.01186800 -0.00812400 0.02695000
v -0.01186800 -0.00812400 0.02726300
v -0.01155300 -0.00812400 0.02691400
v -0.01155300 -0.00812400 0.02730000
v -0.00998500 -0.00805800 0.02710700
v -0.00952400 -0.00849500 0.02691400
v -0.00938600 -0.00844300 0.02691400
v -0.00989600 -0.00804400 0.02691400
v -0.01155300 -0.00799500 0.02691400
v -0.00938600 -0.00844300 0.02730000
v -0.00952400 -0.00849500 0.02730000
v -0.01155300 -0.00799500 0.02730000
v -0.01184000 -0.00799500 0.02726600
v -0.01184000 -0.00799500 0.02694700
v -0.01186800 -0.00812400 0.03162400
v -0.01186800 -0.00812400 0.03193700
v -0.01155300 -0.00812400 0.03158700
v -0.01155300 -0.00812400 0.03197400
v -0.00998500 -0.00805800 0.03178000
v -0.00952400 -0.00849500 0.03158700
v -0.00938600 -0.00844300 0.03158700
v -0.00989600 -0.00804400 0.03158700
v -0.01155300 -0.00799500 0.03158700
v -0.00938600 -0.00844300 0.03197400
v -0.00952400 -0.00849500 0.03197400
v -0.01155300 -0.00799500 0.03197400
v -0.01184000 -0.00799500 0.03194000
v -0.01184000 -0.00799500 0.03162100
v -0.01186800 -0.00812400 0.03396100
v -0.01186800 -0.00812400 0.03427400
v -0.01155300 -0.00812400 0.03392400
v -0.01155300 -0.00812400 0.03431000
v -0.00998500 -0.00805800 0.03411700
v -0.00952400 -0.00849500 0.03392400
v -0.00938600 -0.00844300 0.03392400
v -0.00989600 -0.00804400 0.03392400
v -0.01155300 -0.00799500 0.03392400
v -0.00938600 -0.00844300 0.03431000
v -0.00952400 -0.00849500 0.03431000
v -0.01155300 -0.00799500 0.03431000
v -0.01184000 -0.00799500 0.03427700
v -0.01184000 -0.00799500 0.03395700
v -0.01186800 -0.00812400 0.03045500
v -0.01186800 -0.00812400 0.03076800
v -0.01155300 -0.00812400 0.03041900
v -0.01155300 -0.00812400 0.03080500
v -0.00998500 -0.00805800 0.03061200
v -0.00952400 -0.00849500 0.03041900
v -0.00938600 -0.00844300 0.03041900
v -0.00989600 -0.00804400 0.03041900
v -0.01155300 -0.00799500 0.03041900
v -0.00938600 -0.00844300 0.03080500
v -0.00952400 -0.00849500 0.03080500
v -0.01155300 -0.00799500 0.03080500
v -0.01184000 -0.00799500 0.03077200
v -0.01184000 -0.00799500 0.03045200
v -0.01186800 -0.00812400 0.03512900
v -0.01186800 -0.00812400 0.03544200
v -0.01155300 -0.00812400 0.03509200
v -0.01155300 -0.00812400 0.03547900
v -0.00998500 -0.00805800 0.03528600
v -0.00952400 -0.00849500 0.03509200
v -0.00938600 -0.00844300 0.03509200
v -0.00989600 -0.00804400 0.03509200
v -0.01155300 -0.00799500 0.03509200
v -0.00938600 -0.00844300 0.03547900
v -0.00952400 -0.00849500 0.03547900
v -0.01155300 -0.00799500 0.03547900
v -0.01184000 -0.00799500 0.03544500
v -0.01184000 -0.00799500 0.03512600
v -0.01186800 -0.00812400 0.02811900
v -0.01186800 -0.00812400 0.02843200
v -0.01155300 -0.00812400 0.02808200
v -0.01155300 -0.00812400 0.02846800
v -0.00998500 -0.00805800 0.02827500
v -0.00952400 -0.00849500 0.02808200
v -0.00938600 -0.00844300 0.02808200
v -0.00989600 -0.00804400 0.02808200
v -0.01155300 -0.00799500 0.02808200
v -0.00938600 -0.00844300 0.02846800
v -0.00952400 -0.00849500 0.02846800
v -0.01155300 -0.00799500 0.02846800
v -0.01184000 -0.00799500 0.02843500
v -0.01184000 -0.00799500 0.02811500
v 0.00262900 -0.01058000 0.04051800
v 0.00264800 -0.01058000 0.03977800
v 0.00303600 -0.01058000 0.03900000
v 0.00264800 -0.01058000 0.03822200
v 0.00262900 -0.01058000 0.03748200
v 0.00180700 -0.01058000 0.03691400
v 0.00151800 -0.01058000 0.03637100
v 0.00039300 -0.01058000 0.03626800
v 0.00000000 -0.01058000 0.03596400
v -0.00114700 -0.01058000 0.03648900
v -0.00151800 -0.01058000 0.03637100
v -0.00232200 -0.01058000 0.03750800
v -0.00262900 -0.01058000 0.03748200
v -0.00276000 -0.01058000 0.03900000
v -0.00303600 -0.01058000 0.03900000
v -0.00262900 -0.01058000 0.04051800
v -0.00232200 -0.01058000 0.04049200
v -0.00151800 -0.01058000 0.04162900
v -0.00114700 -0.01058000 0.04151100
v -0.00000000 -0.01058000 0.04203600
v 0.00039300 -0.01058000 0.04173200
v 0.00151800 -0.01058000 0.04162900
v 0.00180700 -0.01058000 0.04108600
v -0.00276000 -0.00782000 0.03900000
v -0.00232200 -0.00782000 0.04049200
v -0.00114700 -0.00782000 0.04151100
v 0.00039300 -0.00782000 0.04173200
v 0.00180700 -0.00782000 0.04108600
v 0.00264800 -0.00782000 0.03977800
v 0.00264800 -0.00782000 0.03822200
v 0.00180700 -0.00782000 0.03691400
v 0.00039300 -0.00782000 0.03626800
v -0.00114700 -0.00782000 0.03648900
v -0.00232200 -0.00782000 0.03750800
v 0.00262900 -0.01039600 0.04051800
v 0.00303600 -0.01039600 0.03900000
v 0.00262900 -0.01039600 0.03748200
v 0.00151800 -0.01039600 0.03637100
v 0.00000000 -0.01039600 0.03596400
v -0.00151800 -0.01039600 0.03637100
v -0.00262900 -0.01039600 0.03748200
v -0.00303600 -0.01039600 0.03900000
v -0.00262900 -0.01039600 0.04051800
v -0.00151800 -0.01039600 0.04162900
v -0.00000000 -0.01039600 0.04203600
v 0.00151800 -0.01039600 0.04162900
v 0.00262900 -0.00782000 0.03748200
v 0.00303600 -0.00782000 0.03900000
v 0.00262900 -0.00782000 0.04051800
v 0.00151800 -0.00782000 0.04162900
v -0.00000000 -0.00782000 0.04203600
v -0.00151800 -0.00782000 0.04162900
v -0.00262900 -0.00782000 0.04051800
v -0.00303600 -0.00782000 0.03900000
v -0.00262900 -0.00782000 0.03748200
v -0.00151800 -0.00782000 0.03637100
v 0.00000000 -0.00782000 0.03596400
v 0.00151800 -0.00782000 0.03637100
v 0.00389600 -0.01039600 0.03712400
v 0.00432400 -0.01039600 0.03900000
v 0.00389600 -0.01039600 0.04087600
v 0.00269600 -0.01039600 0.04238100
v 0.00096200 -0.01039600 0.04321600
v -0.00096200 -0.01039600 0.04321600
v -0.00269600 -0.01039600 0.04238100
v -0.00389600 -0.01039600 0.04087600
v -0.00432400 -0.01039600 0.03900000
v -0.00389600 -0.01039600 0.03712400
v -0.00269600 -0.01039600 0.03561900
v -0.00096200 -0.01039600 0.03478400
v 0.00096200 -0.01039600 0.03478400
v 0.00269600 -0.01039600 0.03561900
v 0.00262900 -0.00800400 0.03748200
v 0.00303600 -0.00800400 0.03900000
v 0.00262900 -0.00800400 0.04051800
v 0.00151800 -0.00800400 0.04162900
v -0.00000000 -0.00800400 0.04203600
v -0.00151800 -0.00800400 0.04162900
v -0.00262900 -0.00800400 0.04051800
v -0.00303600 -0.00800400 0.03900000
v -0.00262900 -0.00800400 0.03748200
v -0.00151800 -0.00800400 0.03637100
v 0.00000000 -0.00800400 0.03596400
v 0.00151800 -0.00800400 0.03637100
v 0.00389600 -0.01058000 0.03712400
v 0.00432400 -0.01058000 0.03900000
v 0.00389600 -0.01058000 0.04087600
v 0.00269600 -0.01058000 0.04238100
v 0.00096200 -0.01058000 0.04321600
v -0.00096200 -0.01058000 0.04321600
v -0.00269600 -0.01058000 0.04238100
v -0.00389600 -0.01058000 0.04087600
v -0.00432400 -0.01058000 0.03900000
v -0.00389600 -0.01058000 0.03712400
v -0.00269600 -0.01058000 0.03561900
v -0.00096200 -0.01058000 0.03478400
v 0.00096200 -0.01058000 0.03478400
v 0.00269600 -0.01058000 0.03561900
v 0.00389600 -0.00800400 0.04087600
v 0.00432400 -0.00800400 0.03900000
v 0.00389600 -0.00800400 0.03712400
v 0.00269600 -0.00800400 0.03561900
v 0.00096200 -0.00800400 0.03478400
v -0.00096200 -0.00800400 0.03478400
v -0.00269600 -0.00800400 0.03561900
v -0.00389600 -0.00800400 0.03712400
v -0.00432400 -0.00800400 0.03900000
v -0.00389600 -0.00800400 0.04087600
v -0.00269600 -0.00800400 0.04238100
v -0.00096200 -0.00800400 0.04321600
v 0.00096200 -0.00800400 0.04321600
v 0.00269600 -0.00800400 0.04238100
v -0.00470700 -0.01058000 0.04109600
v -0.00515200 -0.01058000 0.03900000
v -0.00470700 -0.01058000 0.03690400
v -0.00344700 -0.01058000 0.03517100
v -0.00159200 -0.01058000 0.03410000
v 0.00053900 -0.01058000 0.03387600
v 0.00257600 -0.01058000 0.03453800
v 0.00416800 -0.01058000 0.03597200
v 0.00503900 -0.01058000 0.03792900
v 0.00503900 -0.01058000 0.04007100
v 0.00416800 -0.01058000 0.04202800
v 0.00257600 -0.01058000 0.04346200
v 0.00053900 -0.01058000 0.04412400
v -0.00159200 -0.01058000 0.04390000
v -0.00344700 -0.01058000 0.04282900
v 0.00389600 -0.00782000 0.04087600
v 0.00432400 -0.00782000 0.03900000
v 0.00389600 -0.00782000 0.03712400
v 0.00269600 -0.00782000 0.03561900
v 0.00096200 -0.00782000 0.03478400
v -0.00096200 -0.00782000 0.03478400
v -0.00269600 -0.00782000 0.03561900
v -0.00389600 -0.00782000 0.03712400
v -0.00432400 -0.00782000 0.03900000
v -0.00389600 -0.00782000 0.04087600
v -0.00269600 -0.00782000 0.04238100
v -0.00096200 -0.00782000 0.04321600
v 0.00096200 -0.00782000 0.04321600
v 0.00269600 -0.00782000 0.04238100
v -0.00470700 -0.01002800 0.03690400
v -0.00515200 -0.01002800 0.03900000
v -0.00470700 -0.01002800 0.04109600
v -0.00344700 -0.01002800 0.04282900
v -0.00159200 -0.01002800 0.04390000
v 0.00053900 -0.01002800 0.04412400
v 0.00257600 -0.01002800 0.04346200
v 0.00416800 -0.01002800 0.04202800
v 0.00503900 -0.01002800 0.04007100
v 0.00503900 -0.01002800 0.03792900
v 0.00416800 -0.01002800 0.03597200
v 0.00257600 -0.01002800 0.03453800
v 0.00053900 -0.01002800 0.03387600
v -0.00159200 -0.01002800 0.03410000
v -0.00344700 -0.01002800 0.03517100
v -0.00414400 -0.00782000 0.04099600
v -0.00460000 -0.00782000 0.03900000
v -0.00286800 -0.00782000 0.04259600
v -0.00102400 -0.00782000 0.04348500
v 0.00102400 -0.00782000 0.04348500
v 0.00286800 -0.00782000 0.04259600
v 0.00414400 -0.00782000 0.04099600
v 0.00460000 -0.00782000 0.03900000
v 0.00414400 -0.00782000 0.03700400
v 0.00286800 -0.00782000 0.03540400
v 0.00102400 -0.00782000 0.03451500
v -0.00102400 -0.00782000 0.03451500
v -0.00286800 -0.00782000 0.03540400
v -0.00414400 -0.00782000 0.03700400
v -0.00414400 -0.01002800 0.04099600
v -0.00102400 -0.01002800 0.04348500
v 0.00286800 -0.01002800 0.04259600
v 0.00460000 -0.01002800 0.03900000
v 0.00286800 -0.01002800 0.03540400
v -0.00102400 -0.01002800 0.03451500
v -0.00414400 -0.01002800 0.03700400
v 0.00717600 -0.01251200 0.01416000
v -0.00740400 -0.01251200 0.01428000
v -0.00901600 -0.01251200 0.01416000
v -0.00849400 -0.01251200 0.01490900
v -0.00892400 -0.01251200 0.01609200
v 0.00901600 -0.01251200 0.01416000
v 0.00800400 -0.01251200 0.01449800
v 0.00676400 -0.01251200 0.01428000
v -0.00616400 -0.01251200 0.01449800
v -0.00384000 -0.01251200 0.01518600
v -0.00438500 -0.01251200 0.01550100
v 0.00881300 -0.01251200 0.01672100
v 0.00881300 -0.01251200 0.01546300
v 0.00676400 -0.01251200 0.01790400
v 0.00800400 -0.01251200 0.01768600
v -0.00849400 -0.01251200 0.01727500
v -0.00740400 -0.01251200 0.01790400
v 0.00567400 -0.01251200 0.01727500
v 0.00454500 -0.01251200 0.01640700
v 0.00524400 -0.01251200 0.01609200
v 0.00454500 -0.01251200 0.01577700
v 0.00567400 -0.01251200 0.01490900
v 0.00414000 -0.01251200 0.01529500
v 0.00352000 -0.01251200 0.01518600
v 0.00352000 -0.01251200 0.01699800
v 0.00414000 -0.01251200 0.01688900
v -0.00616400 -0.01251200 0.01768600
v -0.00384000 -0.01251200 0.01699800
v -0.00438500 -0.01251200 0.01668300
v -0.00535500 -0.01251200 0.01672100
v -0.00460000 -0.01251200 0.01609200
v -0.00535500 -0.01251200 0.01546300
v 0.00297500 -0.01251200 0.01668300
v -0.00281500 -0.01251200 0.01640700
v 0.00276000 -0.01251200 0.01609200
v -0.00281500 -0.01251200 0.01577700
v 0.00297500 -0.01251200 0.01550100
v -0.00322000 -0.01251200 0.01529500
v -0.00322000 -0.01251200 0.01688900
v -0.00901600 -0.01067200 0.01416000
v -0.00901600 -0.01030400 0.01416000
v 0.00717600 -0.01067200 0.01416000
v 0.00901600 -0.01030400 0.01416000
v -0.00901600 -0.01343200 -0.00304400
v -0.00901600 -0.01343200 0.01324000
v -0.00901600 -0.01159200 0.01324000
v -0.00901600 -0.01159200 -0.00304400
v -0.00864600 -0.01159200 -0.00442400
v -0.00864600 -0.01343200 -0.00442400
v -0.00763600 -0.01343200 -0.00543400
v -0.00763600 -0.01159200 -0.00543400
v -0.00625600 -0.01343200 -0.00580400
v -0.00625600 -0.01159200 -0.00580400
v 0.00682400 -0.01074200 0.01409000
v 0.00682400 -0.01258200 0.01409000
v 0.00652500 -0.01094200 0.01389000
v 0.00652500 -0.01278200 0.01389000
v 0.00625600 -0.01159200 0.01324000
v 0.00625600 -0.01343200 0.01324000
v -0.00352000 -0.01030400 0.01518600
v 0.00384000 -0.01030400 0.01518600
v 0.00660100 -0.01030400 0.01525500
v 0.00438500 -0.01030400 0.01550100
v 0.00617600 -0.01030400 0.01576200
v 0.00460000 -0.01030400 0.01609200
v 0.00617600 -0.01030400 0.01642200
v 0.00438500 -0.01030400 0.01668300
v 0.00660100 -0.01030400 0.01692900
v 0.00384000 -0.01030400 0.01699800
v -0.00352000 -0.01030400 0.01699800
v -0.00414000 -0.01030400 0.01688900
v -0.00691600 -0.01030400 0.01704300
v -0.00634400 -0.01030400 0.01671300
v -0.00454500 -0.01030400 0.01640700
v -0.00454500 -0.01030400 0.01577700
v -0.00634400 -0.01030400 0.01547100
v -0.00414000 -0.01030400 0.01529500
v -0.00691600 -0.01030400 0.01514100
v -0.00756700 -0.01030400 0.01525500
v -0.00799200 -0.01030400 0.01576200
v -0.00799200 -0.01030400 0.01642200
v -0.00756700 -0.01030400 0.01692900
v 0.00782400 -0.01030400 0.01671300
v 0.00725200 -0.01030400 0.01704300
v 0.00725200 -0.01030400 0.01514100
v 0.00782400 -0.01030400 0.01547100
v 0.00322000 -0.01030400 0.01688900
v -0.00297500 -0.01030400 0.01668300
v 0.00281500 -0.01030400 0.01640700
v -0.00276000 -0.01030400 0.01609200
v 0.00281500 -0.01030400 0.01577700
v -0.00297500 -0.01030400 0.01550100
v 0.00322000 -0.01030400 0.01529500
v -0.00062900 -0.01343200 0.00172100
v 0.00062900 -0.01343200 0.00172100
v 0.00625600 -0.01343200 0.00090400
v 0.00159300 -0.01343200 0.00091200
v 0.00181200 -0.01343200 -0.00032800
v -0.00159300 -0.01343200 0.00091200
v -0.00181200 -0.01343200 -0.00032800
v -0.00386400 -0.01343200 -0.00580400
v -0.00118300 -0.01343200 -0.00141800
v -0.00076200 -0.01343200 -0.00542500
v 0.00000000 -0.01343200 -0.00184800
v 0.00215800 -0.01343200 -0.00431000
v 0.00118300 -0.01343200 -0.00141800
v 0.00472300 -0.01343200 -0.00252400
v 0.00555200 -0.01343200 -0.00154200
v 0.00607600 -0.01343200 -0.00036800
v -0.00386400 -0.01159200 -0.00580400
v -0.00338400 -0.01159200 -0.00579500
v -0.00290600 -0.01159200 -0.00576800
v -0.00242800 -0.01159200 -0.00572400
v -0.00242800 -0.01067200 -0.00572400
v -0.00170000 -0.01067200 -0.00562100
v -0.00097800 -0.01067200 -0.00547700
v -0.00026600 -0.01122400 -0.00529100
v 0.00147300 -0.01122400 -0.00464600
v -0.00026600 -0.01067200 -0.00529100
v 0.00310200 -0.01122400 -0.00375800
v 0.00458600 -0.01122400 -0.00264500
v 0.00467700 -0.01067200 -0.00256500
v 0.00472300 -0.01067200 -0.00252400
v -0.00310100 -0.01067200 -0.00429400
v -0.00310100 -0.01122400 -0.00429400
v -0.00493500 -0.01067200 -0.00191400
v -0.00493500 -0.01122400 -0.00191400
v -0.00517700 -0.01067200 0.00108200
v -0.00517700 -0.01122400 0.00108200
v -0.00374800 -0.01067200 0.00372500
v -0.00374800 -0.01122400 0.00372500
v -0.00111000 -0.01067200 0.00516400
v -0.00111000 -0.01122400 0.00516400
v 0.00188600 -0.01067200 0.00493400
v 0.00188600 -0.01122400 0.00493400
v 0.00427400 -0.01067200 0.00310900
v 0.00427400 -0.01122400 0.00310900
v 0.00528200 -0.01067200 0.00027900
v 0.00528200 -0.01122400 0.00027900
v 0.00458600 -0.01067200 -0.00264500
v 0.00246700 -0.01122400 -0.00207800
v 0.00322000 -0.01122400 -0.00000800
v 0.00246700 -0.01122400 0.00206200
v 0.00055900 -0.01122400 0.00316300
v -0.00161000 -0.01122400 0.00278100
v -0.00302600 -0.01122400 0.00109300
v -0.00302600 -0.01122400 -0.00110900
v -0.00161000 -0.01122400 -0.00279700
v 0.00055900 -0.01122400 -0.00317900
v 0.00322000 -0.01104000 -0.00000800
v 0.00246700 -0.01104000 0.00206200
v 0.00055900 -0.01104000 0.00316300
v -0.00161000 -0.01104000 0.00278100
v -0.00302600 -0.01104000 0.00109300
v -0.00302600 -0.01104000 -0.00110900
v -0.00161000 -0.01104000 -0.00279700
v 0.00055900 -0.01104000 -0.00317900
v 0.00246700 -0.01104000 -0.00207800
v 0.00211400 -0.00938400 -0.00178200
v 0.00172900 -0.00938400 -0.00063700
v 0.00276000 -0.00938400 -0.00000800
v 0.00172900 -0.00938400 0.00062100
v 0.00211400 -0.00938400 0.00176600
v 0.00092000 -0.00938400 0.00158500
v 0.00047900 -0.00938400 0.00271000
v -0.00032000 -0.00938400 0.00180400
v -0.00138000 -0.00938400 0.00238200
v -0.00141000 -0.00938400 0.00117500
v -0.00259400 -0.00938400 0.00093600
v -0.00184000 -0.00938400 -0.00000800
v -0.00259400 -0.00938400 -0.00095200
v -0.00141000 -0.00938400 -0.00119100
v -0.00138000 -0.00938400 -0.00239800
v -0.00032000 -0.00938400 -0.00182000
v 0.00047900 -0.00938400 -0.00272600
v 0.00092000 -0.00938400 -0.00160100
v 0.00211400 -0.01104000 -0.00178200
v 0.00276000 -0.01104000 -0.00000800
v 0.00211400 -0.01104000 0.00176600
v 0.00047900 -0.01104000 0.00271000
v -0.00138000 -0.01104000 0.00238200
v -0.00259400 -0.01104000 0.00093600
v -0.00259400 -0.01104000 -0.00095200
v -0.00138000 -0.01104000 -0.00239800
v 0.00047900 -0.01104000 -0.00272600
v -0.00617600 -0.01067200 0.01576200
v -0.00617600 -0.01067200 0.01642200
v -0.00660100 -0.01067200 0.01692900
v -0.00725200 -0.01067200 0.01704300
v -0.00782400 -0.01067200 0.01671300
v -0.00805000 -0.01067200 0.01609200
v -0.00782400 -0.01067200 0.01547100
v -0.00725200 -0.01067200 0.01514100
v -0.00660100 -0.01067200 0.01525500
v -0.00849400 -0.01067200 0.01727500
v -0.00892400 -0.01067200 0.01609200
v -0.00849400 -0.01067200 0.01490900
v -0.00740400 -0.01067200 0.01428000
v -0.00616400 -0.01067200 0.01449800
v -0.00535500 -0.01067200 0.01546300
v -0.00535500 -0.01067200 0.01672100
v -0.00616400 -0.01067200 0.01768600
v -0.00740400 -0.01067200 0.01790400
v 0.00799200 -0.01067200 0.01576200
v 0.00799200 -0.01067200 0.01642200
v 0.00756700 -0.01067200 0.01692900
v 0.00691600 -0.01067200 0.01704300
v 0.00634400 -0.01067200 0.01671300
v 0.00611800 -0.01067200 0.01609200
v 0.00634400 -0.01067200 0.01547100
v 0.00691600 -0.01067200 0.01514100
v 0.00756700 -0.01067200 0.01525500
v 0.00567400 -0.01067200 0.01727500
v 0.00524400 -0.01067200 0.01609200
v 0.00567400 -0.01067200 0.01490900
v 0.00676400 -0.01067200 0.01428000
v 0.00800400 -0.01067200 0.01449800
v 0.00881300 -0.01067200 0.01546300
v 0.00881300 -0.01067200 0.01672100
v 0.00800400 -0.01067200 0.01768600
v 0.00676400 -0.01067200 0.01790400
v -0.00500000 -0.01067200 -0.00369100
v -0.00617800 -0.01067200 -0.00063300
v -0.00563600 -0.01067200 0.00259900
v -0.00352400 -0.01067200 0.00510600
v -0.00042900 -0.01067200 0.00618700
v 0.00278400 -0.01067200 0.00554300
v 0.00522200 -0.01067200 0.00335200
v 0.00620600 -0.01067200 0.00022500
v 0.00592900 -0.01067200 -0.00079800
v 0.00542600 -0.01067200 -0.00173100
v 0.00463200 -0.01067200 -0.00260500
v 0.00620600 -0.01159200 0.00022500
v 0.00623400 -0.01159200 0.00045100
v 0.00625000 -0.01159200 0.00067700
v 0.00625600 -0.01159200 0.00090400
v 0.00522200 -0.01159200 0.00335200
v 0.00278400 -0.01159200 0.00554300
v -0.00042900 -0.01159200 0.00618700
v -0.00352400 -0.01159200 0.00510600
v -0.00563600 -0.01159200 0.00259900
v -0.00617800 -0.01159200 -0.00063300
v -0.00500000 -0.01159200 -0.00369100
v -0.00748200 0.01140800 0.01540200
v -0.00788100 0.01140800 0.01609200
v -0.00668600 0.01140800 0.01540200
v -0.00748200 0.01140800 0.01678200
v -0.00628700 0.01140800 0.01609200
v -0.00668600 0.01140800 0.01678200
v -0.00748200 0.01232800 0.01540200
v -0.00668600 0.01232800 0.01540200
v -0.00628700 0.01232800 0.01609200
v -0.00668600 0.01232800 0.01678200
v -0.00748200 0.01232800 0.01678200
v -0.00788100 0.01232800 0.01609200
v -0.00559100 0.01232800 0.01554900
v -0.00629000 0.01232800 0.01471600
v -0.00736000 0.01232800 0.01452800
v -0.00830100 0.01232800 0.01507100
v -0.00867300 0.01232800 0.01609200
v -0.00830100 0.01232800 0.01711300
v -0.00736000 0.01232800 0.01765600
v -0.00629000 0.01232800 0.01746800
v -0.00559100 0.01232800 0.01663500
v -0.00548700 0.01223600 0.01538100
v -0.00621000 0.01223600 0.01457800
v -0.00726700 0.01223600 0.01435400
v -0.00537400 0.01223600 0.01645500
v -0.00591400 0.01223600 0.01739100
v -0.00690100 0.01223600 0.01783000
v -0.00795800 0.01223600 0.01760600
v -0.00868100 0.01223600 0.01680300
v -0.00879400 0.01223600 0.01572900
v -0.00825400 0.01223600 0.01479300
v -0.00868100 0.01048800 0.01680300
v -0.00795800 0.01048800 0.01760600
v -0.00690100 0.01048800 0.01783000
v -0.00591400 0.01048800 0.01739100
v -0.00537400 0.01048800 0.01645500
v -0.00548700 0.01048800 0.01538100
v -0.00621000 0.01048800 0.01457800
v -0.00726700 0.01048800 0.01435400
v -0.00825400 0.01048800 0.01479300
v -0.00879400 0.01048800 0.01572900
v -0.00754400 0.00128800 0.01688900
v -0.00794900 0.00128800 0.01640700
v -0.00692400 0.00128800 0.01699800
v -0.00794900 0.00128800 0.01577700
v -0.00637900 0.00128800 0.01668300
v -0.00754400 0.00128800 0.01529500
v -0.00616400 0.00128800 0.01609200
v -0.00692400 0.00128800 0.01518600
v -0.00637900 0.00128800 0.01550100
v -0.00754400 0.01048800 0.01688900
v -0.00794900 0.01048800 0.01640700
v -0.00794900 0.01048800 0.01577700
v -0.00754400 0.01048800 0.01529500
v -0.00692400 0.01048800 0.01518600
v -0.00637900 0.01048800 0.01550100
v -0.00616400 0.01048800 0.01609200
v -0.00637900 0.01048800 0.01668300
v -0.00692400 0.01048800 0.01699800
v -0.00708400 -0.01159200 0.01529500
v -0.00639400 -0.01159200 0.01569400
v -0.00777400 -0.01159200 0.01569400
v -0.00639400 -0.01159200 0.01649000
v -0.00777400 -0.01159200 0.01649000
v -0.00708400 -0.01159200 0.01688900
v -0.00708400 -0.01251200 0.01529500
v -0.00777400 -0.01251200 0.01569400
v -0.00777400 -0.01251200 0.01649000
v -0.00708400 -0.01251200 0.01688900
v -0.00639400 -0.01251200 0.01649000
v -0.00639400 -0.01251200 0.01569400
v -0.00864900 -0.01251200 0.01636800
v -0.00846000 -0.01251200 0.01529800
v -0.00762700 -0.01251200 0.01459900
v -0.00654100 -0.01251200 0.01459900
v -0.00570800 -0.01251200 0.01529800
v -0.00551900 -0.01251200 0.01636800
v -0.00606300 -0.01251200 0.01730900
v -0.00708400 -0.01251200 0.01768100
v -0.00810500 -0.01251200 0.01730900
v -0.00882200 -0.01242000 0.01627500
v -0.00859800 -0.01242000 0.01521800
v -0.00779500 -0.01242000 0.01449500
v -0.00838300 -0.01242000 0.01726200
v -0.00744700 -0.01242000 0.01780200
v -0.00637300 -0.01242000 0.01768900
v -0.00557000 -0.01242000 0.01696600
v -0.00534600 -0.01242000 0.01590900
v -0.00578500 -0.01242000 0.01492200
v -0.00672100 -0.01242000 0.01438200
v -0.00534600 -0.01067200 0.01590900
v -0.00557000 -0.01067200 0.01696600
v -0.00637300 -0.01067200 0.01768900
v -0.00744700 -0.01067200 0.01780200
v -0.00838300 -0.01067200 0.01726200
v -0.00882200 -0.01067200 0.01627500
v -0.00859800 -0.01067200 0.01521800
v -0.00779500 -0.01067200 0.01449500
v -0.00672100 -0.01067200 0.01438200
v -0.00578500 -0.01067200 0.01492200
v -0.00628700 -0.00147200 0.01655200
v -0.00617800 -0.00147200 0.01593200
v -0.00676900 -0.00147200 0.01695600
v -0.00649300 -0.00147200 0.01538700
v -0.00739900 -0.00147200 0.01695600
v -0.00708400 -0.00147200 0.01517200
v -0.00788100 -0.00147200 0.01655200
v -0.00767500 -0.00147200 0.01538700
v -0.00799000 -0.00147200 0.01593200
v -0.00628700 -0.01067200 0.01655200
v -0.00617800 -0.01067200 0.01593200
v -0.00649300 -0.01067200 0.01538700
v -0.00708400 -0.01067200 0.01517200
v -0.00767500 -0.01067200 0.01538700
v -0.00799000 -0.01067200 0.01593200
v -0.00788100 -0.01067200 0.01655200
v -0.00739900 -0.01067200 0.01695600
v -0.00676900 -0.01067200 0.01695600
v -0.00328200 0.01279300 0.01678200
v -0.00288300 0.01279300 0.01609200
v -0.00407800 0.01279300 0.01678200
v -0.00328200 0.01279300 0.01540200
v -0.00447700 0.01279300 0.01609200
v -0.00407800 0.01279300 0.01540200
v -0.00407800 0.01359000 0.01540200
v -0.00381400 0.01362500 0.01540200
v -0.00354600 0.01362500 0.01540200
v -0.00328200 0.01359000 0.01540200
v -0.00314900 0.01362500 0.01563100
v -0.00301600 0.01362500 0.01586300
v -0.00288300 0.01359000 0.01609200
v -0.00407800 0.01359000 0.01678200
v -0.00381400 0.01362500 0.01678200
v -0.00354600 0.01362500 0.01678200
v -0.00328200 0.01359000 0.01678200
v -0.00421100 0.01362500 0.01655300
v -0.00434400 0.01362500 0.01632100
v -0.00447700 0.01359000 0.01609200
v -0.00421100 0.01362500 0.01563100
v -0.00434400 0.01362500 0.01586300
v -0.00314900 0.01362500 0.01655300
v -0.00301600 0.01362500 0.01632100
v -0.00219800 0.01278800 0.01508100
v -0.00278300 0.01278800 0.01453800
v -0.00304400 0.01333000 0.01499100
v -0.00354600 0.01278800 0.01430300
v -0.00381000 0.01319600 0.01466100
v -0.00433500 0.01278800 0.01442200
v -0.00484600 0.01307600 0.01505200
v -0.00499500 0.01278800 0.01487200
v -0.00539400 0.01278800 0.01556300
v -0.00516400 0.01307600 0.01560300
v -0.00545400 0.01278800 0.01635900
v -0.00498400 0.01319600 0.01669500
v -0.00516200 0.01278800 0.01710300
v -0.00431600 0.01333000 0.01719300
v -0.00457700 0.01278800 0.01764600
v -0.00381400 0.01278800 0.01788100
v -0.00355000 0.01319600 0.01752300
v -0.00302500 0.01278800 0.01776200
v -0.00343300 0.01334300 0.01732000
v -0.00251400 0.01307600 0.01713200
v -0.00317100 0.01353400 0.01686600
v -0.00275500 0.01353400 0.01614600
v -0.00237600 0.01319600 0.01548900
v -0.00236500 0.01278800 0.01731200
v -0.00196600 0.01278800 0.01662100
v -0.00219600 0.01307600 0.01658100
v -0.00190600 0.01278800 0.01582500
v -0.00460500 0.01353400 0.01603800
v -0.00418900 0.01353400 0.01531800
v -0.00219800 0.01260900 0.01508100
v -0.00278300 0.01260900 0.01453800
v -0.00354600 0.01260900 0.01430300
v -0.00433500 0.01260900 0.01442200
v -0.00499500 0.01260900 0.01487200
v -0.00539400 0.01260900 0.01556300
v -0.00545400 0.01260900 0.01635900
v -0.00516200 0.01260900 0.01710300
v -0.00457700 0.01260900 0.01764600
v -0.00381400 0.01260900 0.01788100
v -0.00302500 0.01260900 0.01776200
v -0.00236500 0.01260900 0.01731200
v -0.00196600 0.01260900 0.01662100
v -0.00190600 0.01260900 0.01582500
v -0.00284000 0.00984900 0.01571800
v -0.00358400 0.00984900 0.01700700
v -0.00322000 0.00984900 0.01529500
v -0.00414000 0.00984900 0.01688900
v -0.00377600 0.00984900 0.01517700
v -0.00452000 0.00984900 0.01646600
v -0.00429600 0.00984900 0.01540800
v -0.00458000 0.00984900 0.01590100
v -0.00278000 0.00984900 0.01628300
v -0.00306400 0.00984900 0.01677600
v -0.00322000 0.01260900 0.01529500
v -0.00284000 0.01260900 0.01571800
v -0.00278000 0.01260900 0.01628300
v -0.00306400 0.01260900 0.01677600
v -0.00358400 0.01260900 0.01700700
v -0.00414000 0.01260900 0.01688900
v -0.00452000 0.01260900 0.01646600
v -0.00458000 0.01260900 0.01590100
v -0.00429600 0.01260900 0.01540800
v -0.00377600 0.01260900 0.01517700
v 0.00407800 0.01279300 0.01678200
v 0.00447700 0.01279300 0.01609200
v 0.00328200 0.01279300 0.01678200
v 0.00407800 0.01279300 0.01540200
v 0.00288300 0.01279300 0.01609200
v 0.00328200 0.01279300 0.01540200
v 0.00328200 0.01359000 0.01540200
v 0.00354600 0.01362500 0.01540200
v 0.00381400 0.01362500 0.01540200
v 0.00407800 0.01359000 0.01540200
v 0.00421100 0.01362500 0.01563100
v 0.00434400 0.01362500 0.01586300
v 0.00447700 0.01359000 0.01609200
v 0.00328200 0.01359000 0.01678200
v 0.00354600 0.01362500 0.01678200
v 0.00381400 0.01362500 0.01678200
v 0.00407800 0.01359000 0.01678200
v 0.00314900 0.01362500 0.01655300
v 0.00301600 0.01362500 0.01632100
v 0.00288300 0.01359000 0.01609200
v 0.00314900 0.01362500 0.01563100
v 0.00301600 0.01362500 0.01586300
v 0.00421100 0.01362500 0.01655300
v 0.00434400 0.01362500 0.01632100
v 0.00516200 0.01278800 0.01508100
v 0.00457700 0.01278800 0.01453800
v 0.00431600 0.01333000 0.01499100
v 0.00381400 0.01278800 0.01430300
v 0.00355000 0.01319600 0.01466100
v 0.00302500 0.01278800 0.01442200
v 0.00251400 0.01307600 0.01505200
v 0.00236500 0.01278800 0.01487200
v 0.00196600 0.01278800 0.01556300
v 0.00219600 0.01307600 0.01560300
v 0.00190600 0.01278800 0.01635900
v 0.00237600 0.01319600 0.01669500
v 0.00219800 0.01278800 0.01710300
v 0.00304400 0.01333000 0.01719300
v 0.00278300 0.01278800 0.01764600
v 0.00354600 0.01278800 0.01788100
v 0.00381000 0.01319600 0.01752300
v 0.00433500 0.01278800 0.01776200
v 0.00392700 0.01334300 0.01732000
v 0.00484600 0.01307600 0.01713200
v 0.00418900 0.01353400 0.01686600
v 0.00460500 0.01353400 0.01614600
v 0.00498400 0.01319600 0.01548900
v 0.00499500 0.01278800 0.01731200
v 0.00539400 0.01278800 0.01662100
v 0.00516400 0.01307600 0.01658100
v 0.00545400 0.01278800 0.01582500
v 0.00275500 0.01353400 0.01603800
v 0.00317100 0.01353400 0.01531800
v 0.00516200 0.01260900 0.01508100
v 0.00457700 0.01260900 0.01453800
v 0.00381400 0.01260900 0.01430300
v 0.00302500 0.01260900 0.01442200
v 0.00236500 0.01260900 0.01487200
v 0.00196600 0.01260900 0.01556300
v 0.00190600 0.01260900 0.01635900
v 0.00219800 0.01260900 0.01710300
v 0.00278300 0.01260900 0.01764600
v 0.00354600 0.01260900 0.01788100
v 0.00433500 0.01260900 0.01776200
v 0.00499500 0.01260900 0.01731200
v 0.00539400 0.01260900 0.01662100
v 0.00545400 0.01260900 0.01582500
v 0.00452000 0.00984900 0.01571800
v 0.00377600 0.00984900 0.01700700
v 0.00414000 0.00984900 0.01529500
v 0.00322000 0.00984900 0.01688900
v 0.00358400 0.00984900 0.01517700
v 0.00284000 0.00984900 0.01646600
v 0.00306400 0.00984900 0.01540800
v 0.00278000 0.00984900 0.01590100
v 0.00458000 0.00984900 0.01628300
v 0.00429600 0.00984900 0.01677600
v 0.00414000 0.01260900 0.01529500
v 0.00452000 0.01260900 0.01571800
v 0.00458000 0.01260900 0.01628300
v 0.00429600 0.01260900 0.01677600
v 0.00377600 0.01260900 0.01700700
v 0.00322000 0.01260900 0.01688900
v 0.00284000 0.01260900 0.01646600
v 0.00278000 0.01260900 0.01590100
v 0.00306400 0.01260900 0.01540800
v 0.00358400 0.01260900 0.01517700
v 0.00777400 -0.01159200 0.01569400
v 0.00777400 -0.01159200 0.01649000
v 0.00708400 -0.01159200 0.01529500
v 0.00708400 -0.01159200 0.01688900
v 0.00639400 -0.01159200 0.01569400
v 0.00639400 -0.01159200 0.01649000
v 0.00777400 -0.01251200 0.01569400
v 0.00708400 -0.01251200 0.01529500
v 0.00639400 -0.01251200 0.01569400
v 0.00639400 -0.01251200 0.01649000
v 0.00708400 -0.01251200 0.01688900
v 0.00777400 -0.01251200 0.01649000
v 0.00606300 -0.01251200 0.01487500
v 0.00708400 -0.01251200 0.01450300
v 0.00810500 -0.01251200 0.01487500
v 0.00864900 -0.01251200 0.01581600
v 0.00846000 -0.01251200 0.01688600
v 0.00762700 -0.01251200 0.01758500
v 0.00654100 -0.01251200 0.01758500
v 0.00570800 -0.01251200 0.01688600
v 0.00551900 -0.01251200 0.01581600
v 0.00605700 -0.01242000 0.01467800
v 0.00708400 -0.01242000 0.01434400
v 0.00811100 -0.01242000 0.01467800
v 0.00542200 -0.01242000 0.01555200
v 0.00542200 -0.01242000 0.01663200
v 0.00605700 -0.01242000 0.01750600
v 0.00708400 -0.01242000 0.01784000
v 0.00811100 -0.01242000 0.01750600
v 0.00874600 -0.01242000 0.01663200
v 0.00874600 -0.01242000 0.01555200
v 0.00811100 -0.01067200 0.01750600
v 0.00708400 -0.01067200 0.01784000
v 0.00605700 -0.01067200 0.01750600
v 0.00542200 -0.01067200 0.01663200
v 0.00542200 -0.01067200 0.01555200
v 0.00605700 -0.01067200 0.01467800
v 0.00708400 -0.01067200 0.01434400
v 0.00811100 -0.01067200 0.01467800
v 0.00874600 -0.01067200 0.01555200
v 0.00874600 -0.01067200 0.01663200
v 0.00708400 -0.00147200 0.01701200
v 0.00767500 -0.00147200 0.01679700
v 0.00649300 -0.00147200 0.01679700
v 0.00799000 -0.00147200 0.01625200
v 0.00617800 -0.00147200 0.01625200
v 0.00788100 -0.00147200 0.01563200
v 0.00628700 -0.00147200 0.01563200
v 0.00739900 -0.00147200 0.01522800
v 0.00676900 -0.00147200 0.01522800
v 0.00708400 -0.01067200 0.01701200
v 0.00767500 -0.01067200 0.01679700
v 0.00799000 -0.01067200 0.01625200
v 0.00788100 -0.01067200 0.01563200
v 0.00739900 -0.01067200 0.01522800
v 0.00676900 -0.01067200 0.01522800
v 0.00628700 -0.01067200 0.01563200
v 0.00617800 -0.01067200 0.01625200
v 0.00649300 -0.01067200 0.01679700
v 0.00639400 0.01140800 0.01569400
v 0.00639400 0.01140800 0.01649000
v 0.00708400 0.01140800 0.01529500
v 0.00708400 0.01140800 0.01688900
v 0.00777400 0.01140800 0.01569400
v 0.00777400 0.01140800 0.01649000
v 0.00639400 0.01232800 0.01569400
v 0.00708400 0.01232800 0.01529500
v 0.00777400 0.01232800 0.01569400
v 0.00777400 0.01232800 0.01649000
v 0.00708400 0.01232800 0.01688900
v 0.00639400 0.01232800 0.01649000
v 0.00810500 0.01232800 0.01487500
v 0.00708400 0.01232800 0.01450300
v 0.00606300 0.01232800 0.01487500
v 0.00551900 0.01232800 0.01581600
v 0.00570800 0.01232800 0.01688600
v 0.00654100 0.01232800 0.01758500
v 0.00762700 0.01232800 0.01758500
v 0.00846000 0.01232800 0.01688600
v 0.00864900 0.01232800 0.01581600
v 0.00811100 0.01223600 0.01467800
v 0.00708400 0.01223600 0.01434400
v 0.00605700 0.01223600 0.01467800
v 0.00874600 0.01223600 0.01555200
v 0.00874600 0.01223600 0.01663200
v 0.00811100 0.01223600 0.01750600
v 0.00708400 0.01223600 0.01784000
v 0.00605700 0.01223600 0.01750600
v 0.00542200 0.01223600 0.01663200
v 0.00542200 0.01223600 0.01555200
v 0.00605700 0.01048800 0.01750600
v 0.00708400 0.01048800 0.01784000
v 0.00811100 0.01048800 0.01750600
v 0.00874600 0.01048800 0.01663200
v 0.00874600 0.01048800 0.01555200
v 0.00811100 0.01048800 0.01467800
v 0.00708400 0.01048800 0.01434400
v 0.00605700 0.01048800 0.01467800
v 0.00542200 0.01048800 0.01555200
v 0.00542200 0.01048800 0.01663200
v 0.00708400 0.00128800 0.01701200
v 0.00649300 0.00128800 0.01679700
v 0.00767500 0.00128800 0.01679700
v 0.00617800 0.00128800 0.01625200
v 0.00799000 0.00128800 0.01625200
v 0.00628700 0.00128800 0.01563200
v 0.00788100 0.00128800 0.01563200
v 0.00676900 0.00128800 0.01522800
v 0.00739900 0.00128800 0.01522800
v 0.00708400 0.01048800 0.01701200
v 0.00649300 0.01048800 0.01679700
v 0.00617800 0.01048800 0.01625200
v 0.00628700 0.01048800 0.01563200
v 0.00676900 0.01048800 0.01522800
v 0.00739900 0.01048800 0.01522800
v 0.00788100 0.01048800 0.01563200
v 0.00799000 0.01048800 0.01625200
v 0.00767500 0.01048800 0.01679700
v -0.00447700 -0.01343700 0.01609200
v -0.00407800 -0.01343700 0.01540200
v -0.00407800 -0.01343700 0.01678200
v -0.00328200 -0.01343700 0.01540200
v -0.00328200 -0.01343700 0.01678200
v -0.00288300 -0.01343700 0.01609200
v -0.00288300 -0.01423400 0.01609200
v -0.00301600 -0.01426900 0.01586300
v -0.00314900 -0.01426900 0.01563100
v -0.00328200 -0.01423400 0.01540200
v -0.00354600 -0.01426900 0.01540200
v -0.00381400 -0.01426900 0.01540200
v -0.00407800 -0.01423400 0.01540200
v -0.00407800 -0.01423400 0.01678200
v -0.00421100 -0.01426900 0.01655300
v -0.00434400 -0.01426900 0.01632100
v -0.00447700 -0.01423400 0.01609200
v -0.00381400 -0.01426900 0.01678200
v -0.00354600 -0.01426900 0.01678200
v -0.00328200 -0.01423400 0.01678200
v -0.00301600 -0.01426900 0.01632100
v -0.00314900 -0.01426900 0.01655300
v -0.00434400 -0.01426900 0.01586300
v -0.00421100 -0.01426900 0.01563100
v -0.00354600 -0.01343200 0.01430300
v -0.00278300 -0.01343200 0.01453800
v -0.00304400 -0.01397400 0.01499100
v -0.00219800 -0.01343200 0.01508100
v -0.00237600 -0.01384000 0.01548900
v -0.00190600 -0.01343200 0.01582500
v -0.00219600 -0.01372000 0.01658100
v -0.00196600 -0.01343200 0.01662100
v -0.00236500 -0.01343200 0.01731200
v -0.00251400 -0.01372000 0.01713200
v -0.00302500 -0.01343200 0.01776200
v -0.00355000 -0.01384000 0.01752300
v -0.00381400 -0.01343200 0.01788100
v -0.00431600 -0.01397400 0.01719300
v -0.00457700 -0.01343200 0.01764600
v -0.00516200 -0.01343200 0.01710300
v -0.00498400 -0.01384000 0.01669500
v -0.00545400 -0.01343200 0.01635900
v -0.00486700 -0.01398700 0.01649200
v -0.00516400 -0.01372000 0.01560300
v -0.00460500 -0.01417800 0.01603800
v -0.00418900 -0.01417800 0.01531800
v -0.00381000 -0.01384000 0.01466100
v -0.00539400 -0.01343200 0.01556300
v -0.00499500 -0.01343200 0.01487200
v -0.00484600 -0.01372000 0.01505200
v -0.00433500 -0.01343200 0.01442200
v -0.00317100 -0.01417800 0.01686600
v -0.00275500 -0.01417800 0.01614600
v -0.00354600 -0.01325300 0.01430300
v -0.00278300 -0.01325300 0.01453800
v -0.00219800 -0.01325300 0.01508100
v -0.00190600 -0.01325300 0.01582500
v -0.00196600 -0.01325300 0.01662100
v -0.00236500 -0.01325300 0.01731200
v -0.00302500 -0.01325300 0.01776200
v -0.00381400 -0.01325300 0.01788100
v -0.00457700 -0.01325300 0.01764600
v -0.00516200 -0.01325300 0.01710300
v -0.00545400 -0.01325300 0.01635900
v -0.00539400 -0.01325300 0.01556300
v -0.00499500 -0.01325300 0.01487200
v -0.00433500 -0.01325300 0.01442200
v -0.00377600 -0.01049300 0.01517700
v -0.00452000 -0.01049300 0.01646600
v -0.00322000 -0.01049300 0.01529500
v -0.00414000 -0.01049300 0.01688900
v -0.00284000 -0.01049300 0.01571800
v -0.00358400 -0.01049300 0.01700700
v -0.00278000 -0.01049300 0.01628300
v -0.00306400 -0.01049300 0.01677600
v -0.00429600 -0.01049300 0.01540800
v -0.00458000 -0.01049300 0.01590100
v -0.00322000 -0.01325300 0.01529500
v -0.00377600 -0.01325300 0.01517700
v -0.00429600 -0.01325300 0.01540800
v -0.00458000 -0.01325300 0.01590100
v -0.00452000 -0.01325300 0.01646600
v -0.00414000 -0.01325300 0.01688900
v -0.00358400 -0.01325300 0.01700700
v -0.00306400 -0.01325300 0.01677600
v -0.00278000 -0.01325300 0.01628300
v -0.00284000 -0.01325300 0.01571800
v 0.00288300 -0.01343700 0.01609200
v 0.00328200 -0.01343700 0.01540200
v 0.00328200 -0.01343700 0.01678200
v 0.00407800 -0.01343700 0.01540200
v 0.00407800 -0.01343700 0.01678200
v 0.00447700 -0.01343700 0.01609200
v 0.00447700 -0.01423400 0.01609200
v 0.00434400 -0.01426900 0.01586300
v 0.00421100 -0.01426900 0.01563100
v 0.00407800 -0.01423400 0.01540200
v 0.00381400 -0.01426900 0.01540200
v 0.00354600 -0.01426900 0.01540200
v 0.00328200 -0.01423400 0.01540200
v 0.00328200 -0.01423400 0.01678200
v 0.00314900 -0.01426900 0.01655300
v 0.00301600 -0.01426900 0.01632100
v 0.00288300 -0.01423400 0.01609200
v 0.00354600 -0.01426900 0.01678200
v 0.00381400 -0.01426900 0.01678200
v 0.00407800 -0.01423400 0.01678200
v 0.00434400 -0.01426900 0.01632100
v 0.00421100 -0.01426900 0.01655300
v 0.00301600 -0.01426900 0.01586300
v 0.00314900 -0.01426900 0.01563100
v 0.00381400 -0.01343200 0.01430300
v 0.00457700 -0.01343200 0.01453800
v 0.00431600 -0.01397400 0.01499100
v 0.00516200 -0.01343200 0.01508100
v 0.00498400 -0.01384000 0.01548900
v 0.00545400 -0.01343200 0.01582500
v 0.00516400 -0.01372000 0.01658100
v 0.00539400 -0.01343200 0.01662100
v 0.00499500 -0.01343200 0.01731200
v 0.00484600 -0.01372000 0.01713200
v 0.00433500 -0.01343200 0.01776200
v 0.00381000 -0.01384000 0.01752300
v 0.00354600 -0.01343200 0.01788100
v 0.00304400 -0.01397400 0.01719300
v 0.00278300 -0.01343200 0.01764600
v 0.00219800 -0.01343200 0.01710300
v 0.00237600 -0.01384000 0.01669500
v 0.00190600 -0.01343200 0.01635900
v 0.00249300 -0.01398700 0.01649200
v 0.00219600 -0.01372000 0.01560300
v 0.00275500 -0.01417800 0.01603800
v 0.00317100 -0.01417800 0.01531800
v 0.00355000 -0.01384000 0.01466100
v 0.00196600 -0.01343200 0.01556300
v 0.00236500 -0.01343200 0.01487200
v 0.00251400 -0.01372000 0.01505200
v 0.00302500 -0.01343200 0.01442200
v 0.00418900 -0.01417800 0.01686600
v 0.00460500 -0.01417800 0.01614600
v 0.00381400 -0.01325300 0.01430300
v 0.00457700 -0.01325300 0.01453800
v 0.00516200 -0.01325300 0.01508100
v 0.00545400 -0.01325300 0.01582500
v 0.00539400 -0.01325300 0.01662100
v 0.00499500 -0.01325300 0.01731200
v 0.00433500 -0.01325300 0.01776200
v 0.00354600 -0.01325300 0.01788100
v 0.00278300 -0.01325300 0.01764600
v 0.00219800 -0.01325300 0.01710300
v 0.00190600 -0.01325300 0.01635900
v 0.00196600 -0.01325300 0.01556300
v 0.00236500 -0.01325300 0.01487200
v 0.00302500 -0.01325300 0.01442200
v 0.00358400 -0.01049300 0.01517700
v 0.00284000 -0.01049300 0.01646600
v 0.00414000 -0.01049300 0.01529500
v 0.00322000 -0.01049300 0.01688900
v 0.00452000 -0.01049300 0.01571800
v 0.00377600 -0.01049300 0.01700700
v 0.00458000 -0.01049300 0.01628300
v 0.00429600 -0.01049300 0.01677600
v 0.00306400 -0.01049300 0.01540800
v 0.00278000 -0.01049300 0.01590100
v 0.00414000 -0.01325300 0.01529500
v 0.00358400 -0.01325300 0.01517700
v 0.00306400 -0.01325300 0.01540800
v 0.00278000 -0.01325300 0.01590100
v 0.00284000 -0.01325300 0.01646600
v 0.00322000 -0.01325300 0.01688900
v 0.00377600 -0.01325300 0.01700700
v 0.00429600 -0.01325300 0.01677600
v 0.00458000 -0.01325300 0.01628300
v 0.00452000 -0.01325300 0.01571800
f 1 2 3
f 3 2 4
f 3 4 5
f 5 4 6
f 5 6 7
f 5 7 8
f 8 7 9
f 10 11 12
f 12 11 13
f 12 13 14
f 14 13 15
f 14 15 16
f 14 16 17
f 17 16 18
f 19 20 21
f 21 20 22
f 21 22 23
f 23 22 24
f 23 24 25
f 23 25 26
f 26 25 27
f 26 27 28
f 29 30 31
f 31 30 32
f 31 32 33
f 33 32 34
f 33 34 35
f 35 34 36
f 35 36 37
f 37 36 38
f 37 38 39
f 39 38 40
f 39 40 41
f 41 40 42
f 41 42 43
f 43 42 44
f 43 44 45
f 45 44 46
f 45 46 47
f 47 46 48
f 47 48 49
f 49 48 50
f 49 50 51
f 49 51 52
f 52 51 53
f 52 53 54
f 54 53 55
f 54 55 56
f 56 55 57
f 56 57 58
f 58 57 59
f 58 59 60
f 60 59 61
f 60 61 62
f 62 61 63
f 62 63 64
f 64 63 65
f 64 65 66
f 66 65 67
f 66 67 68
f 68 67 29
f 68 29 31
f 69 31 70
f 70 31 33
f 70 33 71
f 71 33 35
f 71 35 72
f 72 35 37
f 72 37 73
f 73 37 39
f 73 39 74
f 74 39 41
f 74 41 75
f 75 41 43
f 75 43 76
f 76 43 45
f 76 45 77
f 77 45 47
f 77 47 78
f 78 47 49
f 78 49 79
f 79 49 52
f 79 52 80
f 80 52 54
f 80 54 81
f 81 54 56
f 81 56 82
f 82 56 58
f 82 58 83
f 83 58 60
f 83 60 84
f 84 60 62
f 84 62 85
f 85 62 64
f 85 64 86
f 86 64 66
f 86 66 87
f 87 66 68
f 87 68 69
f 69 68 31
f 88 89 90
f 90 89 91
f 90 91 92
f 90 93 88
f 94 95 96
f 96 95 97
f 96 97 98
f 98 97 99
f 98 99 100
f 100 101 98
f 102 103 104
f 104 103 105
f 104 105 106
f 106 105 107
f 106 107 108
f 108 107 109
f 108 109 110
f 108 110 111
f 111 110 112
f 111 112 113
f 113 112 114
f 115 116 117
f 117 116 118
f 117 118 119
f 120 121 115
f 122 123 124
f 124 123 125
f 124 125 126
f 126 125 127
f 126 127 128
f 128 127 129
f 128 129 130
f 130 129 131
f 130 131 132
f 132 131 133
f 132 133 134
f 134 133 135
f 134 135 136
f 136 135 137
f 136 137 138
f 138 137 139
f 138 139 140
f 140 139 141
f 140 141 142
f 142 141 143
f 142 143 144
f 144 143 145
f 144 145 122
f 122 145 123
f 146 147 148
f 148 147 149
f 148 149 150
f 150 149 151
f 150 151 152
f 152 151 153
f 152 153 154
f 154 153 155
f 154 155 156
f 156 155 157
f 156 157 158
f 158 157 159
f 158 159 160
f 160 159 161
f 160 161 162
f 162 161 163
f 162 163 164
f 164 163 165
f 164 165 166
f 166 165 167
f 166 167 168
f 168 167 169
f 168 169 146
f 146 169 147
f 120 115 170
f 170 115 171
f 172 171 117
f 117 171 115
f 173 172 119
f 119 172 117
f 174 175 176
f 176 175 177
f 178 179 180
f 180 179 181
f 182 183 184
f 184 183 185
f 186 187 188
f 188 187 189
f 187 190 189
f 189 190 191
f 29 192 30
f 30 192 193
f 30 193 32
f 32 193 194
f 32 194 34
f 34 194 195
f 34 195 36
f 36 195 196
f 36 196 38
f 38 196 197
f 38 197 40
f 40 197 198
f 40 198 42
f 42 198 199
f 42 199 44
f 44 199 200
f 44 200 46
f 46 200 201
f 46 201 48
f 48 201 202
f 48 202 50
f 50 202 203
f 50 203 51
f 51 203 204
f 51 204 53
f 53 204 205
f 53 205 55
f 55 205 206
f 55 206 57
f 57 206 207
f 57 207 59
f 59 207 208
f 59 208 61
f 61 208 209
f 61 209 63
f 63 209 210
f 63 210 65
f 65 210 211
f 65 211 67
f 67 211 212
f 67 212 29
f 29 212 192
f 213 174 214
f 214 174 176
f 176 177 214
f 214 177 215
f 175 216 177
f 177 216 215
f 89 88 217
f 217 88 218
f 218 88 219
f 89 220 91
f 89 217 220
f 220 217 221
f 221 217 222
f 222 217 223
f 222 223 224
f 224 223 225
f 224 225 226
f 226 225 227
f 227 225 228
f 227 228 229
f 229 228 94
f 228 230 94
f 94 230 231
f 232 233 234
f 234 233 231
f 231 233 94
f 94 233 95
f 235 236 237
f 237 236 238
f 237 238 239
f 239 238 240
f 239 240 241
f 239 241 80
f 80 241 242
f 80 242 79
f 79 242 243
f 79 243 78
f 78 243 244
f 78 244 77
f 77 244 245
f 77 245 76
f 76 245 246
f 76 246 75
f 75 246 74
f 74 246 247
f 74 247 73
f 73 247 72
f 72 247 248
f 72 248 71
f 71 248 249
f 71 249 70
f 70 249 250
f 70 250 251
f 251 250 252
f 252 250 253
f 252 253 254
f 254 253 255
f 254 255 256
f 256 255 257
f 256 257 258
f 258 257 259
f 258 259 260
f 251 261 70
f 70 261 69
f 69 261 262
f 69 262 87
f 87 262 263
f 87 263 86
f 86 263 85
f 85 263 264
f 85 264 84
f 84 264 265
f 84 265 266
f 266 267 84
f 84 267 268
f 84 268 269
f 84 269 83
f 83 269 270
f 83 270 239
f 80 81 239
f 239 81 82
f 239 82 83
f 92 91 271
f 271 91 272
f 271 272 273
f 273 272 274
f 273 274 275
f 275 274 276
f 277 178 278
f 278 178 180
f 278 180 279
f 279 180 181
f 179 280 181
f 181 280 279
f 281 187 186
f 281 186 282
f 187 283 190
f 188 284 186
f 186 284 282
f 285 286 287
f 287 286 288
f 289 182 290
f 290 182 184
f 291 292 185
f 185 292 293
f 185 293 294
f 185 294 184
f 184 294 295
f 184 295 296
f 296 290 184
f 183 297 185
f 185 297 291
f 119 118 173
f 173 118 298
f 173 298 299
f 299 300 173
f 190 283 191
f 191 283 301
f 191 301 302
f 283 303 301
f 301 303 304
f 304 303 281
f 191 302 305
f 305 302 306
f 305 306 307
f 307 306 308
f 307 308 309
f 309 308 310
f 309 310 170
f 170 310 311
f 170 311 120
f 120 311 121
f 121 311 116
f 116 311 298
f 116 298 118
f 312 313 314
f 314 313 315
f 315 313 316
f 315 316 317
f 317 316 318
f 317 318 319
f 319 318 320
f 319 320 321
f 321 320 322
f 321 322 323
f 323 322 324
f 323 324 325
f 325 324 326
f 325 326 327
f 327 326 328
f 328 326 329
f 328 329 330
f 330 331 328
f 332 333 334
f 334 333 335
f 335 333 336
f 335 336 337
f 337 336 338
f 337 338 339
f 339 338 340
f 340 338 341
f 340 341 331
f 331 330 340
f 342 343 344
f 344 343 345
f 345 343 346
f 345 346 347
f 347 346 348
f 347 348 349
f 349 348 350
f 349 350 351
f 351 350 352
f 351 352 353
f 353 352 354
f 353 354 355
f 355 354 356
f 355 356 357
f 357 356 358
f 357 358 359
f 359 358 360
f 359 360 361
f 361 360 362
f 361 362 363
f 363 362 332
f 363 332 334
f 364 365 366
f 366 365 367
f 366 367 368
f 368 367 369
f 368 369 370
f 370 369 371
f 370 371 372
f 372 371 373
f 372 373 374
f 374 373 375
f 374 375 376
f 376 375 377
f 376 377 378
f 378 377 379
f 378 379 380
f 380 379 381
f 380 381 382
f 382 381 383
f 382 383 384
f 384 383 385
f 384 385 386
f 386 385 387
f 386 387 388
f 388 387 389
f 388 389 364
f 364 389 365
f 390 391 392
f 392 391 393
f 392 393 394
f 394 393 395
f 394 395 299
f 299 395 300
f 396 307 397
f 397 307 171
f 397 171 172
f 398 188 396
f 396 188 189
f 396 189 305
f 305 189 191
f 398 399 188
f 188 399 400
f 188 400 284
f 399 401 400
f 400 401 402
f 402 401 403
f 402 403 404
f 403 401 405
f 405 401 406
f 405 406 407
f 407 406 408
f 407 408 409
f 409 408 410
f 410 408 411
f 410 411 412
f 412 411 413
f 413 411 414
f 413 414 415
f 415 414 416
f 416 414 417
f 416 417 418
f 418 417 182
f 418 182 289
f 417 419 182
f 182 419 420
f 182 420 183
f 183 420 421
f 183 421 422
f 422 421 423
f 423 421 424
f 423 424 425
f 425 424 426
f 426 424 427
f 426 427 428
f 428 427 429
f 429 427 430
f 429 430 431
f 431 430 432
f 432 430 433
f 432 433 434
f 434 433 435
f 434 435 436
f 436 435 437
f 436 437 438
f 437 435 439
f 439 435 440
f 439 440 178
f 178 440 441
f 178 441 442
f 178 442 179
f 179 442 443
f 179 443 444
f 179 444 445
f 445 444 446
f 445 446 447
f 447 446 448
f 447 448 449
f 449 448 450
f 449 450 451
f 451 450 452
f 451 452 453
f 453 452 454
f 453 454 455
f 455 454 456
f 455 456 457
f 457 456 458
f 458 456 174
f 458 174 213
f 456 459 174
f 174 459 175
f 175 459 460
f 175 460 216
f 461 462 459
f 459 462 463
f 459 463 464
f 462 461 465
f 465 461 466
f 465 466 467
f 467 466 468
f 467 468 469
f 469 468 470
f 470 468 471
f 470 471 472
f 472 471 473
f 472 473 474
f 472 474 172
f 172 474 397
f 475 476 213
f 213 476 458
f 445 477 179
f 179 477 280
f 280 477 478
f 280 478 479
f 479 480 280
f 280 480 312
f 312 480 313
f 313 480 481
f 313 481 202
f 202 481 203
f 203 481 475
f 203 475 204
f 204 475 213
f 204 213 205
f 205 213 206
f 206 213 207
f 207 213 208
f 208 213 344
f 208 344 209
f 209 344 210
f 210 344 211
f 211 344 212
f 212 344 156
f 212 156 158
f 212 158 192
f 192 158 160
f 192 160 193
f 193 160 194
f 194 160 337
f 194 337 339
f 201 134 202
f 202 134 318
f 202 318 316
f 134 201 132
f 132 201 200
f 132 200 130
f 130 200 199
f 130 199 128
f 128 199 198
f 128 198 126
f 126 198 124
f 124 198 197
f 124 197 329
f 329 197 330
f 330 197 196
f 330 196 340
f 340 196 195
f 340 195 339
f 339 195 194
f 305 307 396
f 171 309 170
f 173 300 172
f 172 300 482
f 172 482 472
f 464 483 459
f 459 483 460
f 344 345 156
f 156 345 154
f 154 345 347
f 154 347 152
f 152 347 349
f 152 349 351
f 152 351 150
f 150 351 353
f 150 353 355
f 355 357 150
f 150 357 148
f 148 357 359
f 148 359 361
f 148 361 146
f 146 361 363
f 146 363 168
f 168 363 166
f 166 363 334
f 166 334 335
f 337 162 335
f 335 162 164
f 335 164 166
f 124 329 122
f 122 329 326
f 122 326 144
f 144 326 142
f 142 326 324
f 142 324 140
f 140 324 138
f 138 324 322
f 138 322 136
f 136 322 320
f 136 320 318
f 316 313 202
f 178 277 439
f 422 297 183
f 160 162 337
f 134 136 318
f 460 484 216
f 216 484 342
f 216 342 344
f 213 214 344
f 344 214 215
f 344 215 216
f 485 486 487
f 487 486 488
f 237 489 235
f 235 489 490
f 235 490 236
f 236 490 491
f 236 491 238
f 238 491 492
f 238 492 240
f 240 492 493
f 240 493 241
f 241 493 494
f 241 494 242
f 242 494 495
f 242 495 243
f 243 495 496
f 243 496 244
f 244 496 497
f 244 497 245
f 245 497 498
f 245 498 246
f 246 498 499
f 246 499 247
f 247 499 500
f 247 500 248
f 248 500 501
f 248 501 249
f 249 501 502
f 249 502 250
f 250 502 503
f 250 503 253
f 253 503 504
f 253 504 255
f 255 504 505
f 255 505 257
f 257 505 506
f 257 506 259
f 259 506 507
f 259 507 260
f 260 507 508
f 260 508 258
f 258 508 509
f 258 509 256
f 256 509 510
f 256 510 254
f 254 510 511
f 254 511 252
f 252 511 512
f 252 512 251
f 251 512 513
f 251 513 261
f 261 513 488
f 261 488 486
f 489 237 514
f 514 237 239
f 514 239 218
f 218 239 217
f 217 239 270
f 217 270 223
f 223 270 225
f 225 270 269
f 225 269 228
f 228 269 268
f 228 268 230
f 230 268 267
f 230 267 231
f 231 267 266
f 231 266 234
f 234 266 515
f 515 266 265
f 515 265 516
f 516 265 264
f 516 264 517
f 517 264 263
f 517 263 518
f 518 263 262
f 518 262 486
f 486 262 261
f 519 219 520
f 520 219 88
f 521 522 523
f 523 522 524
f 523 524 525
f 526 527 525
f 525 527 528
f 525 528 523
f 523 529 521
f 521 529 530
f 521 530 531
f 529 523 532
f 532 523 528
f 532 528 527
f 533 534 535
f 535 534 536
f 535 536 537
f 538 539 537
f 537 539 540
f 537 540 535
f 541 542 539
f 539 542 540
f 540 542 543
f 540 543 535
f 535 543 533
f 533 543 544
f 396 545 398
f 398 545 546
f 398 546 547
f 398 547 399
f 399 547 548
f 399 548 401
f 401 548 549
f 401 549 406
f 406 549 550
f 406 550 408
f 408 550 551
f 408 551 411
f 411 551 552
f 411 552 414
f 414 552 553
f 414 553 417
f 417 553 554
f 417 554 419
f 420 419 555
f 555 419 554
f 555 556 420
f 420 556 421
f 421 556 557
f 421 557 424
f 424 557 427
f 427 557 558
f 427 558 430
f 430 558 559
f 430 559 560
f 430 560 433
f 433 560 561
f 433 561 435
f 435 561 562
f 435 562 440
f 440 562 563
f 440 563 441
f 441 563 564
f 441 564 442
f 443 442 565
f 565 442 564
f 443 565 444
f 444 565 566
f 444 566 567
f 444 567 446
f 446 567 568
f 446 568 448
f 448 568 569
f 448 569 450
f 450 569 570
f 450 570 452
f 452 570 571
f 452 571 454
f 454 571 572
f 454 572 456
f 572 573 456
f 456 573 459
f 573 574 459
f 459 574 461
f 461 574 575
f 461 575 466
f 466 575 576
f 466 576 468
f 468 576 577
f 468 577 471
f 471 577 578
f 471 578 473
f 473 578 579
f 473 579 474
f 474 579 397
f 397 579 580
f 580 545 397
f 397 545 396
f 531 530 581
f 581 530 582
f 582 530 583
f 583 530 529
f 583 529 532
f 532 584 583
f 585 586 587
f 587 586 588
f 544 543 589
f 589 543 590
f 590 543 591
f 591 543 542
f 591 542 541
f 541 592 591
f 593 594 595
f 595 594 596
f 597 598 599
f 599 598 600
f 598 601 600
f 600 601 602
f 603 604 605
f 605 604 606
f 606 604 607
f 606 607 608
f 608 607 609
f 608 609 610
f 610 609 611
f 610 611 612
f 612 611 613
f 612 613 614
f 614 613 602
f 614 602 601
f 615 603 616
f 616 603 605
f 617 615 618
f 618 615 616
f 232 617 233
f 233 617 618
f 619 275 477
f 477 275 276
f 477 276 478
f 478 276 220
f 478 220 479
f 479 220 221
f 479 221 480
f 480 221 222
f 480 222 481
f 481 222 224
f 481 224 475
f 475 224 226
f 475 226 476
f 476 226 227
f 476 227 229
f 476 229 458
f 458 229 101
f 458 101 457
f 457 101 100
f 457 100 620
f 457 620 455
f 455 620 621
f 455 621 453
f 453 621 622
f 453 622 451
f 451 622 623
f 451 623 449
f 449 623 624
f 449 624 447
f 447 624 625
f 447 625 445
f 445 625 619
f 445 619 477
f 626 93 627
f 627 93 90
f 628 626 629
f 629 626 627
f 630 297 631
f 631 297 422
f 631 422 423
f 631 423 632
f 632 423 425
f 632 425 633
f 634 635 636
f 636 635 637
f 636 637 638
f 638 637 639
f 638 639 640
f 640 639 633
f 640 633 641
f 641 633 426
f 641 426 428
f 635 634 642
f 642 634 643
f 642 643 644
f 644 643 645
f 644 645 646
f 646 645 647
f 646 647 648
f 648 647 649
f 648 649 650
f 650 649 651
f 650 651 438
f 438 651 436
f 436 651 652
f 436 652 434
f 434 652 653
f 434 653 432
f 432 653 654
f 432 654 431
f 431 654 655
f 431 655 429
f 429 655 656
f 429 656 428
f 428 656 641
f 633 425 426
f 277 657 439
f 439 657 658
f 439 658 659
f 439 659 437
f 437 659 650
f 437 650 438
f 314 660 312
f 312 660 278
f 312 278 279
f 661 657 660
f 660 657 277
f 660 277 278
f 279 280 312
f 662 661 663
f 663 661 660
f 663 664 662
f 662 664 665
f 665 664 666
f 665 666 667
f 667 666 668
f 667 668 669
f 669 668 670
f 669 670 671
f 671 670 672
f 671 672 673
f 673 672 674
f 673 674 675
f 675 674 676
f 675 676 677
f 677 676 678
f 677 678 679
f 679 678 680
f 679 680 681
f 681 680 682
f 681 682 683
f 683 682 684
f 683 684 685
f 685 684 686
f 685 686 687
f 687 686 688
f 687 688 689
f 689 688 690
f 689 690 691
f 691 690 692
f 691 692 693
f 693 692 285
f 693 285 287
f 286 304 288
f 288 304 694
f 694 304 284
f 284 304 281
f 284 281 282
f 694 284 695
f 695 284 400
f 695 400 402
f 695 402 696
f 696 402 404
f 696 404 697
f 698 699 700
f 700 699 701
f 700 701 413
f 413 701 702
f 413 702 412
f 412 702 703
f 412 703 410
f 410 703 704
f 410 704 409
f 409 704 705
f 409 705 407
f 407 705 405
f 405 705 706
f 405 706 403
f 403 706 707
f 403 707 697
f 697 707 708
f 697 708 709
f 709 708 710
f 709 710 711
f 711 710 712
f 711 712 713
f 713 712 714
f 713 714 715
f 715 714 716
f 715 716 717
f 717 716 718
f 717 718 719
f 719 718 720
f 719 720 698
f 698 720 699
f 697 404 403
f 413 415 700
f 289 721 418
f 418 721 722
f 418 722 723
f 418 723 416
f 416 723 700
f 416 700 415
f 290 296 289
f 289 296 724
f 289 724 721
f 725 726 292
f 292 726 293
f 293 726 727
f 293 727 294
f 294 727 728
f 294 728 295
f 295 728 724
f 295 724 296
f 630 725 297
f 297 725 292
f 297 292 291
f 729 730 731
f 731 730 732
f 731 732 733
f 733 732 734
f 733 734 735
f 735 734 736
f 735 736 737
f 737 736 738
f 737 738 739
f 739 738 740
f 739 740 741
f 741 740 742
f 741 742 743
f 743 742 744
f 743 744 745
f 745 744 746
f 745 746 747
f 747 746 748
f 747 748 749
f 749 748 750
f 749 750 751
f 751 750 752
f 751 752 753
f 753 752 754
f 753 754 755
f 755 754 756
f 755 756 757
f 757 756 758
f 757 758 729
f 729 758 730
f 594 759 596
f 596 759 760
f 761 762 763
f 763 762 764
f 763 764 765
f 765 764 766
f 765 766 767
f 767 766 768
f 769 593 770
f 770 593 595
f 759 594 769
f 769 594 593
f 484 771 346
f 346 771 348
f 348 771 350
f 350 771 772
f 350 772 352
f 352 772 773
f 352 773 774
f 352 774 354
f 354 774 775
f 354 775 356
f 356 775 298
f 356 298 686
f 686 298 688
f 688 298 690
f 690 298 692
f 692 298 286
f 692 286 285
f 775 776 298
f 298 776 299
f 298 311 286
f 286 311 310
f 286 310 308
f 308 306 286
f 286 306 302
f 286 302 301
f 301 304 286
f 356 686 358
f 358 686 684
f 358 684 360
f 360 684 682
f 360 682 362
f 362 682 680
f 362 680 332
f 332 680 678
f 332 678 333
f 333 678 676
f 333 676 336
f 336 676 674
f 336 674 338
f 338 674 672
f 338 672 341
f 341 672 670
f 341 670 331
f 331 670 668
f 331 668 328
f 328 668 666
f 328 666 366
f 366 666 664
f 366 664 364
f 364 664 663
f 364 663 388
f 388 663 386
f 386 663 384
f 384 663 660
f 384 660 382
f 382 660 380
f 380 660 321
f 380 321 378
f 378 321 323
f 378 323 376
f 376 323 325
f 376 325 374
f 374 325 327
f 374 327 372
f 372 327 370
f 370 327 328
f 370 328 368
f 368 328 366
f 314 315 660
f 660 315 317
f 660 317 319
f 319 321 660
f 346 343 484
f 484 343 342
f 484 460 777
f 777 460 483
f 777 483 778
f 778 483 464
f 778 464 463
f 463 779 778
f 515 604 234
f 234 604 603
f 234 603 232
f 232 603 617
f 617 603 615
f 604 515 607
f 607 515 516
f 607 516 609
f 609 516 517
f 609 517 611
f 611 517 518
f 611 518 613
f 613 518 486
f 613 486 602
f 602 486 485
f 602 485 600
f 600 485 599
f 599 485 780
f 599 780 597
f 597 780 781
f 782 783 784
f 784 783 785
f 784 785 786
f 786 785 787
f 786 787 788
f 788 787 789
f 488 513 487
f 487 513 512
f 487 512 790
f 790 512 511
f 790 511 791
f 791 511 510
f 791 510 792
f 792 510 509
f 792 509 793
f 793 509 508
f 793 508 794
f 794 508 507
f 794 507 795
f 795 507 796
f 796 507 506
f 796 506 797
f 797 506 505
f 797 505 798
f 798 505 504
f 798 504 799
f 799 504 503
f 799 503 800
f 800 503 502
f 800 502 801
f 801 502 501
f 801 501 802
f 802 501 500
f 802 500 803
f 803 500 499
f 803 499 804
f 804 499 498
f 804 498 805
f 805 498 497
f 805 497 806
f 806 497 496
f 806 496 807
f 807 496 495
f 807 495 808
f 808 495 494
f 808 494 809
f 809 494 493
f 809 493 810
f 810 493 492
f 810 492 811
f 811 492 491
f 811 491 519
f 519 491 490
f 519 490 489
f 519 489 219
f 219 489 514
f 219 514 218
f 812 628 813
f 813 628 629
f 628 520 626
f 626 520 88
f 626 88 93
f 628 812 520
f 814 813 815
f 815 813 816
f 815 816 817
f 817 816 818
f 817 818 819
f 819 820 817
f 821 584 526
f 526 584 527
f 527 584 532
f 531 581 521
f 521 581 522
f 522 581 822
f 586 823 588
f 588 823 824
f 824 825 826
f 826 825 827
f 826 827 828
f 828 827 829
f 828 829 830
f 830 831 828
f 832 585 833
f 833 585 587
f 832 823 585
f 585 823 586
f 834 833 835
f 835 833 836
f 835 836 837
f 837 836 838
f 837 838 839
f 839 840 837
f 841 592 538
f 538 592 539
f 539 592 541
f 544 589 533
f 533 589 534
f 534 589 842
f 545 580 595
f 595 580 579
f 595 579 843
f 843 579 578
f 843 578 577
f 843 577 844
f 844 577 576
f 844 576 845
f 845 576 846
f 846 576 575
f 846 575 847
f 847 575 574
f 847 574 848
f 848 574 573
f 848 573 788
f 788 573 786
f 786 573 784
f 784 573 782
f 782 573 597
f 782 597 781
f 572 610 573
f 573 610 612
f 573 612 598
f 598 612 614
f 598 614 601
f 571 620 572
f 572 620 100
f 572 100 99
f 620 571 621
f 621 571 570
f 621 570 622
f 622 570 569
f 622 569 623
f 623 569 624
f 624 569 568
f 624 568 625
f 625 568 567
f 625 567 566
f 625 566 627
f 627 566 565
f 627 565 564
f 627 564 629
f 629 564 563
f 629 563 562
f 561 819 562
f 562 819 818
f 562 818 629
f 629 818 816
f 629 816 813
f 819 561 652
f 652 561 560
f 652 560 653
f 653 560 654
f 654 560 559
f 654 559 655
f 655 559 558
f 655 558 656
f 656 558 641
f 641 558 557
f 641 557 640
f 640 557 831
f 640 831 638
f 638 831 636
f 636 831 849
f 636 849 850
f 557 556 831
f 831 556 828
f 828 556 826
f 826 556 588
f 826 588 824
f 556 555 588
f 588 555 554
f 588 554 587
f 587 554 553
f 587 553 836
f 836 553 838
f 838 553 839
f 839 553 552
f 839 552 699
f 699 552 701
f 701 552 702
f 702 552 551
f 702 551 703
f 703 551 550
f 703 550 704
f 704 550 705
f 705 550 549
f 705 549 706
f 706 549 548
f 706 548 707
f 707 548 851
f 707 851 708
f 708 851 852
f 708 852 710
f 710 852 853
f 710 853 712
f 712 853 854
f 712 854 714
f 714 854 589
f 714 589 716
f 716 589 590
f 716 590 718
f 718 590 591
f 718 591 592
f 548 547 851
f 851 547 855
f 855 547 596
f 855 596 856
f 856 596 760
f 547 546 596
f 596 546 545
f 596 545 595
f 90 92 627
f 627 92 619
f 627 619 625
f 99 97 572
f 572 97 95
f 572 95 618
f 618 95 233
f 618 616 572
f 572 616 608
f 572 608 610
f 605 606 616
f 616 606 608
f 598 597 573
f 843 857 595
f 595 857 762
f 595 762 770
f 592 858 718
f 718 858 859
f 718 859 720
f 720 859 860
f 720 860 839
f 836 833 587
f 850 861 636
f 636 861 581
f 636 581 634
f 634 581 582
f 634 582 583
f 583 584 634
f 634 584 643
f 643 584 862
f 643 862 645
f 645 862 863
f 645 863 647
f 647 863 864
f 647 864 649
f 649 864 819
f 649 819 651
f 651 819 652
f 699 720 839
f 760 865 856
f 856 865 866
f 856 866 855
f 855 866 867
f 855 867 868
f 868 851 855
f 728 869 724
f 724 869 870
f 724 870 871
f 869 728 872
f 872 728 727
f 872 727 726
f 872 726 873
f 873 726 725
f 873 725 874
f 874 725 875
f 875 725 630
f 875 630 876
f 876 630 635
f 876 635 642
f 635 630 637
f 637 630 631
f 637 631 632
f 633 639 632
f 632 639 637
f 876 642 877
f 877 642 644
f 877 644 878
f 878 644 657
f 878 657 879
f 879 657 880
f 880 657 661
f 880 661 881
f 881 661 882
f 882 661 883
f 883 661 662
f 883 662 884
f 884 662 885
f 885 662 886
f 886 662 887
f 887 662 749
f 887 749 751
f 644 646 657
f 657 646 658
f 658 646 648
f 658 648 659
f 659 648 650
f 749 662 747
f 747 662 665
f 747 665 745
f 745 665 667
f 745 667 669
f 669 671 745
f 745 671 673
f 745 673 743
f 743 673 675
f 743 675 741
f 741 675 677
f 741 677 679
f 741 679 739
f 739 679 681
f 739 681 737
f 737 681 683
f 737 683 735
f 735 683 685
f 735 685 687
f 735 687 733
f 733 687 689
f 733 689 691
f 733 691 731
f 731 691 693
f 731 693 287
f 288 888 287
f 287 888 889
f 287 889 757
f 757 889 890
f 757 890 755
f 755 890 891
f 755 891 753
f 753 891 892
f 753 892 751
f 751 892 887
f 288 694 888
f 888 694 893
f 893 694 894
f 894 694 713
f 894 713 895
f 895 713 715
f 895 715 896
f 896 715 717
f 896 717 721
f 721 717 719
f 721 719 722
f 722 719 723
f 723 719 698
f 723 698 700
f 713 694 711
f 711 694 695
f 711 695 709
f 709 695 696
f 709 696 697
f 896 721 871
f 871 721 724
f 757 729 287
f 287 729 731
f 759 769 760
f 760 769 770
f 760 770 865
f 865 770 761
f 761 770 762
f 897 779 789
f 789 779 848
f 789 848 788
f 779 897 898
f 898 897 899
f 898 899 771
f 771 899 772
f 772 899 900
f 772 900 901
f 772 901 773
f 773 901 902
f 773 902 774
f 774 902 903
f 774 903 775
f 775 903 904
f 775 904 776
f 776 904 767
f 776 767 390
f 390 767 857
f 390 857 482
f 482 857 843
f 482 843 472
f 472 843 844
f 472 844 470
f 470 844 845
f 470 845 469
f 469 845 846
f 469 846 467
f 467 846 847
f 467 847 465
f 465 847 848
f 465 848 462
f 462 848 779
f 462 779 463
f 767 768 857
f 482 391 390
f 782 781 783
f 783 781 905
f 905 781 485
f 485 781 780
f 905 485 906
f 906 485 790
f 906 790 791
f 485 487 790
f 906 791 907
f 907 791 792
f 907 792 908
f 908 792 793
f 908 793 909
f 909 793 794
f 909 794 910
f 910 794 795
f 910 795 911
f 911 795 796
f 911 796 912
f 912 796 797
f 912 797 913
f 913 797 798
f 913 798 914
f 914 798 799
f 914 799 915
f 915 799 800
f 915 800 916
f 916 800 801
f 916 801 917
f 917 801 802
f 917 802 918
f 918 802 803
f 918 803 919
f 919 803 804
f 919 804 920
f 920 804 805
f 920 805 921
f 921 805 806
f 921 806 922
f 922 806 807
f 922 807 923
f 923 807 808
f 923 808 924
f 924 808 809
f 924 809 925
f 925 809 810
f 925 810 926
f 926 810 811
f 926 811 927
f 927 811 520
f 927 520 928
f 811 519 520
f 812 813 520
f 520 813 928
f 928 813 814
f 821 929 584
f 584 929 862
f 862 929 930
f 862 930 863
f 863 930 931
f 863 931 864
f 864 931 820
f 864 820 819
f 830 932 831
f 831 932 849
f 849 932 933
f 849 933 850
f 850 933 934
f 850 934 861
f 861 934 822
f 861 822 581
f 823 832 824
f 824 832 833
f 824 833 825
f 825 833 834
f 841 935 592
f 592 935 858
f 858 935 936
f 858 936 859
f 859 936 937
f 859 937 860
f 860 937 840
f 860 840 839
f 868 938 851
f 851 938 852
f 852 938 939
f 852 939 853
f 853 939 940
f 853 940 854
f 854 940 842
f 854 842 589
f 894 941 893
f 893 941 942
f 893 942 888
f 888 942 943
f 888 943 889
f 889 943 944
f 889 944 890
f 890 944 945
f 890 945 891
f 891 945 946
f 891 946 892
f 892 946 947
f 892 947 887
f 887 947 948
f 887 948 886
f 886 948 949
f 886 949 885
f 885 949 950
f 885 950 884
f 884 950 951
f 884 951 883
f 883 951 952
f 883 952 882
f 882 952 953
f 882 953 881
f 881 953 954
f 881 954 880
f 880 954 955
f 880 955 879
f 879 955 956
f 879 956 878
f 878 956 957
f 878 957 877
f 877 957 958
f 877 958 876
f 876 958 959
f 876 959 875
f 875 959 960
f 875 960 874
f 874 960 961
f 874 961 873
f 873 961 962
f 873 962 872
f 872 962 963
f 872 963 869
f 869 963 964
f 869 964 870
f 870 964 965
f 870 965 871
f 871 965 966
f 871 966 896
f 896 966 967
f 896 967 895
f 895 967 968
f 895 968 894
f 894 968 941
f 842 940 534
f 534 940 939
f 534 939 943
f 943 939 865
f 943 865 944
f 944 865 914
f 944 914 915
f 939 938 865
f 865 938 866
f 866 938 867
f 867 938 868
f 914 865 913
f 913 865 761
f 913 761 912
f 912 761 904
f 912 904 903
f 912 903 911
f 911 903 902
f 911 902 910
f 910 902 901
f 910 901 900
f 910 900 909
f 909 900 899
f 909 899 908
f 908 899 907
f 907 899 783
f 907 783 906
f 906 783 905
f 944 915 945
f 945 915 916
f 945 916 946
f 946 916 917
f 946 917 947
f 947 917 918
f 947 918 948
f 948 918 949
f 949 918 919
f 949 919 950
f 950 919 920
f 950 920 951
f 951 920 921
f 951 921 952
f 952 921 922
f 952 922 953
f 953 922 923
f 953 923 954
f 954 923 924
f 954 924 955
f 955 924 814
f 955 814 930
f 930 814 931
f 931 814 815
f 931 815 817
f 924 925 814
f 814 925 926
f 814 926 927
f 927 928 814
f 817 820 931
f 955 930 526
f 526 930 929
f 526 929 821
f 525 957 526
f 526 957 956
f 526 956 955
f 525 524 957
f 957 524 522
f 957 522 958
f 958 522 959
f 959 522 825
f 959 825 960
f 960 825 961
f 961 825 962
f 962 825 963
f 963 825 834
f 963 834 964
f 964 834 965
f 965 834 966
f 966 834 967
f 967 834 538
f 967 538 968
f 968 538 941
f 941 538 537
f 941 537 536
f 822 934 522
f 522 934 933
f 522 933 825
f 825 933 827
f 827 933 932
f 827 932 829
f 829 932 830
f 538 834 936
f 936 834 835
f 936 835 937
f 937 835 837
f 937 837 840
f 936 935 538
f 538 935 841
f 536 534 941
f 941 534 942
f 942 534 943
f 969 970 971
f 969 971 972
f 972 971 973
f 974 975 976
f 976 975 977
f 976 977 970
f 970 977 978
f 970 978 971
f 971 978 979
f 971 979 973
f 973 979 980
f 973 980 981
f 981 980 982
f 981 982 983
f 983 982 984
f 983 984 972
f 972 984 985
f 972 985 969
f 969 985 986
f 969 986 974
f 974 986 975
f 987 260 975
f 975 260 988
f 975 988 977
f 977 988 989
f 977 989 978
f 978 989 990
f 978 990 991
f 978 991 979
f 979 991 992
f 979 992 980
f 980 992 993
f 980 993 994
f 980 994 982
f 982 994 995
f 982 995 984
f 984 995 996
f 984 996 985
f 985 996 997
f 985 997 998
f 985 998 986
f 986 998 987
f 986 987 975
f 999 1000 1001
f 1001 1000 1002
f 1001 1002 1003
f 1003 1002 1004
f 1003 1004 1005
f 1005 1004 1006
f 1005 1006 1007
f 1007 1006 1008
f 1007 1008 1009
f 1009 1008 1010
f 1009 1010 1011
f 987 999 260
f 260 999 1001
f 260 1001 988
f 988 1001 1003
f 988 1003 989
f 989 1003 1005
f 989 1005 990
f 990 1005 1007
f 990 1007 991
f 991 1007 1009
f 991 1009 992
f 992 1009 1011
f 992 1011 993
f 993 1011 1010
f 993 1010 994
f 994 1010 1008
f 994 1008 995
f 995 1008 1006
f 995 1006 996
f 996 1006 1004
f 996 1004 997
f 997 1004 1002
f 997 1002 998
f 998 1002 1000
f 998 1000 987
f 987 1000 999
f 1012 1013 1014
f 1014 1013 1015
f 1015 1013 1016
f 1015 1016 1017
f 1017 1016 1018
f 1017 1018 1019
f 1019 1018 1020
f 1014 1021 1012
f 1012 1021 1022
f 1012 1022 1013
f 1013 1022 1023
f 1013 1023 1016
f 1016 1023 1024
f 1016 1024 1018
f 1018 1024 1025
f 1018 1025 1020
f 1020 1025 1026
f 1020 1026 1019
f 1019 1026 1027
f 1019 1027 1017
f 1017 1027 1028
f 1017 1028 1015
f 1015 1028 1029
f 1015 1029 1014
f 1014 1029 1021
f 1030 1021 1031
f 1031 1021 1029
f 1031 1029 1032
f 1032 1029 1028
f 1032 1028 1033
f 1033 1028 1027
f 1033 1027 1034
f 1034 1027 1026
f 1034 1026 1025
f 1021 1030 1022
f 1022 1030 1035
f 1022 1035 1023
f 1023 1035 1036
f 1023 1036 1024
f 1024 1036 1037
f 1024 1037 1025
f 1025 1037 1034
f 1034 1038 1033
f 1033 1038 1039
f 1036 1040 1037
f 1037 1040 1041
f 1038 1034 1042
f 1042 1034 1037
f 1042 1037 1041
f 1032 1043 1031
f 1031 1043 1044
f 1039 1045 1033
f 1033 1045 1032
f 1032 1045 1043
f 1030 1046 1035
f 1035 1046 1047
f 1040 1036 1048
f 1048 1036 1035
f 1048 1035 1047
f 1044 1049 1031
f 1031 1049 1030
f 1030 1049 1046
f 1050 1051 1052
f 1052 1051 1053
f 1053 1051 1054
f 1055 1056 1057
f 1057 1056 1058
f 1057 1058 1059
f 1060 1061 1062
f 1062 1061 1063
f 1063 1061 1064
f 1063 1064 1065
f 1065 1064 1066
f 1066 1064 1067
f 1042 1068 1038
f 1038 1068 1069
f 1038 1069 1039
f 1039 1069 1045
f 1048 1070 1040
f 1040 1070 1041
f 1041 1070 1071
f 1041 1071 1042
f 1045 1072 1043
f 1043 1072 1073
f 1043 1073 1044
f 1044 1073 1049
f 1049 1074 1046
f 1046 1074 1075
f 1046 1075 1047
f 1047 1075 1048
f 1076 1077 1078
f 1078 1077 1079
f 1078 1079 1080
f 1050 1081 1051
f 1051 1081 1078
f 1078 1081 1076
f 1050 1052 1081
f 1081 1052 1082
f 1082 1052 1053
f 1082 1053 1083
f 1083 1053 1054
f 1083 1054 1084
f 1060 1062 1078
f 1078 1062 1084
f 1078 1084 1054
f 1054 1051 1078
f 1078 1080 1060
f 1055 1085 1056
f 1056 1085 1086
f 1056 1086 1058
f 1058 1086 1087
f 1058 1087 1059
f 1059 1087 1088
f 1089 1085 1090
f 1090 1085 1057
f 1057 1085 1055
f 1089 1090 1091
f 1091 1090 1092
f 1092 1090 1093
f 1059 1088 1090
f 1090 1088 1066
f 1090 1066 1067
f 1067 1093 1090
f 1090 1057 1059
f 1094 1074 1095
f 1095 1074 1049
f 1095 1049 1073
f 1074 1094 1075
f 1075 1094 1096
f 1075 1096 1048
f 1048 1096 1097
f 1048 1097 1070
f 1070 1097 1071
f 1071 1097 1098
f 1071 1098 1042
f 1042 1098 1099
f 1042 1099 1068
f 1068 1099 1100
f 1068 1100 1069
f 1069 1100 1045
f 1045 1100 1101
f 1045 1101 1072
f 1072 1101 1102
f 1072 1102 1073
f 1073 1102 1095
f 1103 1086 1104
f 1104 1086 1085
f 1104 1085 1105
f 1105 1085 1089
f 1105 1089 1106
f 1106 1089 1091
f 1106 1091 1107
f 1107 1091 1092
f 1107 1092 1108
f 1108 1092 1067
f 1086 1103 1087
f 1087 1103 1109
f 1087 1109 1110
f 1111 1066 1110
f 1110 1066 1088
f 1110 1088 1087
f 1062 1112 1113
f 1062 1113 1084
f 1084 1113 1083
f 1083 1113 1114
f 1083 1114 1115
f 1083 1115 1082
f 1082 1115 1116
f 1082 1116 1081
f 1081 1116 1117
f 1081 1117 1076
f 1076 1117 1118
f 1076 1118 1077
f 1077 1118 1119
f 1077 1119 1079
f 1079 1119 1060
f 1079 1060 1080
f 1119 1120 1060
f 1093 1067 1092
f 1121 1099 1122
f 1122 1099 1098
f 1122 1098 1123
f 1123 1098 1097
f 1123 1097 1124
f 1124 1097 1096
f 1124 1096 1125
f 1125 1096 1094
f 1125 1094 1126
f 1126 1094 1095
f 1126 1095 1127
f 1127 1095 1102
f 1127 1102 1128
f 1128 1102 1101
f 1128 1101 1129
f 1129 1101 1100
f 1129 1100 1121
f 1121 1100 1099
f 1130 1117 1131
f 1131 1117 1116
f 1131 1116 1115
f 1132 1119 1130
f 1130 1119 1118
f 1130 1118 1117
f 1133 1108 1132
f 1132 1108 1134
f 1132 1134 1120
f 1135 1106 1133
f 1133 1106 1107
f 1133 1107 1108
f 1136 1104 1135
f 1135 1104 1105
f 1135 1105 1106
f 1137 1109 1136
f 1136 1109 1103
f 1136 1103 1104
f 1138 1111 1137
f 1137 1111 1110
f 1137 1110 1109
f 1139 1113 1138
f 1138 1113 1112
f 1138 1112 1140
f 1131 1115 1139
f 1139 1115 1114
f 1139 1114 1113
f 1120 1119 1132
f 1140 1111 1138
f 1123 1141 1122
f 1122 1141 1142
f 1122 1142 1121
f 1121 1142 1143
f 1121 1143 1129
f 1129 1143 1144
f 1129 1144 1128
f 1128 1144 1145
f 1128 1145 1127
f 1127 1145 1146
f 1127 1146 1126
f 1126 1146 1147
f 1126 1147 1125
f 1125 1147 1148
f 1125 1148 1124
f 1124 1148 1149
f 1124 1149 1123
f 1123 1149 1141
f 1150 1131 1151
f 1151 1131 1139
f 1151 1139 1152
f 1152 1139 1138
f 1152 1138 1153
f 1153 1138 1137
f 1153 1137 1154
f 1154 1137 1136
f 1154 1136 1155
f 1155 1136 1135
f 1155 1135 1156
f 1156 1135 1133
f 1156 1133 1157
f 1157 1133 1132
f 1157 1132 1158
f 1158 1132 1130
f 1158 1130 1150
f 1150 1130 1131
f 1159 1146 1160
f 1160 1146 1145
f 1160 1145 1161
f 1161 1145 1144
f 1161 1144 1162
f 1162 1144 1143
f 1162 1143 1163
f 1163 1143 1142
f 1163 1142 1164
f 1164 1142 1141
f 1164 1141 1165
f 1165 1141 1149
f 1165 1149 1166
f 1166 1149 1148
f 1166 1148 1167
f 1167 1148 1147
f 1167 1147 1159
f 1159 1147 1146
f 1168 1169 1151
f 1151 1169 1170
f 1151 1170 1150
f 1150 1170 1171
f 1150 1171 1158
f 1158 1171 1172
f 1158 1172 1157
f 1157 1172 1173
f 1157 1173 1174
f 1157 1174 1156
f 1156 1174 1175
f 1156 1175 1155
f 1155 1175 1176
f 1155 1176 1154
f 1154 1176 1177
f 1154 1177 1178
f 1154 1178 1153
f 1153 1178 1179
f 1153 1179 1152
f 1152 1179 1168
f 1152 1168 1151
f 1180 1181 1160
f 1160 1181 1182
f 1160 1182 1159
f 1159 1182 1183
f 1159 1183 1167
f 1167 1183 1184
f 1167 1184 1166
f 1166 1184 1185
f 1166 1185 1165
f 1165 1185 1186
f 1165 1186 1187
f 1165 1187 1164
f 1164 1187 1188
f 1164 1188 1163
f 1163 1188 1189
f 1163 1189 1162
f 1162 1189 1190
f 1162 1190 1161
f 1161 1190 1180
f 1161 1180 1160
f 1168 1191 1169
f 1169 1191 1192
f 1169 1192 1170
f 1170 1192 1193
f 1170 1193 1171
f 1171 1193 1194
f 1171 1194 1172
f 1172 1194 1195
f 1172 1195 1173
f 1173 1195 1196
f 1173 1196 1174
f 1174 1196 1197
f 1174 1197 1175
f 1175 1197 1198
f 1175 1198 1176
f 1176 1198 1199
f 1176 1199 1177
f 1177 1199 1200
f 1177 1200 1178
f 1178 1200 1201
f 1178 1201 1179
f 1179 1201 1202
f 1179 1202 1168
f 1168 1202 1191
f 1180 1203 1181
f 1181 1203 1204
f 1181 1204 1182
f 1182 1204 1205
f 1182 1205 1183
f 1183 1205 1206
f 1183 1206 1184
f 1184 1206 1207
f 1184 1207 1185
f 1185 1207 1208
f 1185 1208 1186
f 1186 1208 1209
f 1186 1209 1187
f 1187 1209 1210
f 1187 1210 1188
f 1188 1210 1211
f 1188 1211 1189
f 1189 1211 1212
f 1189 1212 1190
f 1190 1212 1213
f 1190 1213 1180
f 1180 1213 1203
f 1214 1215 1198
f 1198 1215 1216
f 1198 1216 1199
f 1199 1216 1217
f 1199 1217 1200
f 1200 1217 1218
f 1200 1218 1201
f 1201 1218 1219
f 1201 1219 1202
f 1202 1219 1220
f 1202 1220 1191
f 1191 1220 1221
f 1191 1221 1192
f 1192 1221 1222
f 1192 1222 1193
f 1193 1222 1223
f 1193 1223 1194
f 1194 1223 1224
f 1194 1224 1195
f 1195 1224 1225
f 1195 1225 1196
f 1196 1225 1226
f 1196 1226 1197
f 1197 1226 1214
f 1197 1214 1198
f 1204 1203 1227
f 1227 1203 1213
f 1227 1213 1228
f 1228 1213 1212
f 1228 1212 1229
f 1229 1212 1211
f 1229 1211 1230
f 1230 1211 1210
f 1230 1210 1231
f 1231 1210 1209
f 1231 1209 1232
f 1232 1209 1208
f 1232 1208 1207
f 1232 1207 1233
f 1233 1207 1206
f 1233 1206 1234
f 1234 1206 1205
f 1234 1205 1235
f 1235 1205 1204
f 1235 1204 1227
f 1236 1215 1237
f 1237 1215 1214
f 1237 1214 1238
f 1238 1214 1226
f 1238 1226 1239
f 1239 1226 1225
f 1239 1225 1240
f 1240 1225 1224
f 1240 1224 1241
f 1241 1224 1223
f 1241 1223 1242
f 1242 1223 1222
f 1242 1222 1243
f 1243 1222 1221
f 1243 1221 1244
f 1244 1221 1220
f 1244 1220 1245
f 1245 1220 1219
f 1245 1219 1246
f 1246 1219 1218
f 1246 1218 1247
f 1247 1218 1217
f 1247 1217 1248
f 1248 1217 1216
f 1248 1216 1236
f 1236 1216 1215
f 1249 1227 1250
f 1250 1227 1228
f 1250 1228 1251
f 1251 1228 1229
f 1251 1229 1252
f 1252 1229 1230
f 1252 1230 1253
f 1253 1230 1231
f 1253 1231 1254
f 1254 1231 1232
f 1254 1232 1255
f 1255 1232 1233
f 1255 1233 1256
f 1256 1233 1234
f 1256 1234 1257
f 1257 1234 1235
f 1257 1235 1249
f 1249 1235 1227
f 1236 1237 1250
f 1250 1237 1238
f 1250 1238 1249
f 1249 1238 1239
f 1249 1239 1257
f 1257 1239 1240
f 1257 1240 1241
f 1257 1241 1256
f 1256 1241 1242
f 1256 1242 1255
f 1255 1242 1243
f 1255 1243 1244
f 1255 1244 1254
f 1254 1244 1245
f 1254 1245 1253
f 1253 1245 1246
f 1253 1246 1252
f 1252 1246 1247
f 1252 1247 1248
f 1252 1248 1251
f 1251 1248 1236
f 1251 1236 1250
f 1258 1259 1260
f 1260 1259 1261
f 1260 1261 1262
f 1258 1263 1259
f 1259 1263 1264
f 1264 1263 1265
f 1264 1265 1266
f 1266 1265 1267
f 1266 1267 1268
f 1268 1267 1269
f 1268 1269 1270
f 1270 1269 1271
f 1270 1271 1272
f 1272 1271 1273
f 1272 1273 1274
f 1274 1273 1275
f 1274 1275 1276
f 1276 1275 1277
f 1276 1277 1278
f 1278 1277 1279
f 1278 1279 1280
f 1280 1279 1281
f 1280 1281 1282
f 1282 1281 1283
f 1282 1283 1284
f 1284 1283 1285
f 1284 1285 1286
f 1286 1285 1287
f 1286 1287 1288
f 1288 1287 1289
f 1288 1289 1290
f 1290 1289 1291
f 1290 1291 1292
f 1292 1291 1293
f 1292 1293 1294
f 1294 1293 1295
f 1294 1295 1296
f 1296 1295 1297
f 1296 1297 1298
f 1298 1297 1299
f 1298 1299 1300
f 1300 1299 1301
f 1300 1301 1302
f 1302 1301 1303
f 1302 1303 1304
f 1304 1303 1305
f 1304 1305 1306
f 1306 1305 1307
f 1306 1307 1308
f 1308 1307 1309
f 1308 1309 1310
f 1310 1309 1311
f 1310 1311 1312
f 1312 1311 1313
f 1312 1313 1314
f 1314 1313 1315
f 1314 1315 1316
f 1316 1315 1317
f 1316 1317 1318
f 1318 1317 1319
f 1318 1319 1320
f 1320 1319 1321
f 1320 1321 1322
f 1322 1321 1323
f 1322 1323 1324
f 1324 1323 1325
f 1325 1323 1326
f 1325 1326 1327
f 1325 1327 1328
f 1328 1327 1329
f 1328 1329 1330
f 1330 1329 1331
f 1330 1331 1332
f 1332 1331 1333
f 1332 1333 1334
f 1334 1333 1335
f 1334 1335 1336
f 1336 1335 1337
f 1336 1337 1338
f 1338 1337 1339
f 1338 1339 1340
f 1340 1339 1341
f 1340 1341 1342
f 1342 1341 1343
f 1342 1343 1344
f 1344 1343 1345
f 1344 1345 1346
f 1346 1345 1347
f 1346 1347 1348
f 1348 1347 1349
f 1348 1349 1350
f 1350 1349 1351
f 1350 1351 1352
f 1352 1351 1353
f 1352 1353 1354
f 1354 1353 1355
f 1354 1355 1356
f 1356 1355 1357
f 1356 1357 1358
f 1358 1357 1359
f 1358 1359 1360
f 1360 1359 1361
f 1360 1361 1362
f 1362 1361 1363
f 1362 1363 1364
f 1364 1363 1365
f 1364 1365 1366
f 1366 1365 1367
f 1366 1367 1368
f 1368 1367 1369
f 1368 1369 1370
f 1370 1369 1371
f 1370 1371 1372
f 1372 1371 1373
f 1372 1373 1374
f 1374 1373 1375
f 1374 1375 1376
f 1376 1375 1377
f 1376 1377 1378
f 1378 1377 1379
f 1378 1379 1380
f 1380 1379 1381
f 1380 1381 1382
f 1382 1381 1383
f 1382 1383 1384
f 1384 1383 1385
f 1384 1385 1262
f 1262 1385 1260
f 1386 1387 1388
f 1388 1387 1389
f 1388 1389 1390
f 1387 1386 1391
f 1391 1386 1392
f 1391 1392 1393
f 1391 1393 1394
f 1394 1393 1395
f 1394 1395 1396
f 1396 1395 1397
f 1397 1395 1398
f 1397 1398 1399
f 1399 1398 1400
f 1399 1400 1401
f 1399 1401 1402
f 1402 1401 1403
f 1402 1403 1404
f 1404 1403 1405
f 1405 1403 1406
f 1405 1406 1407
f 1407 1406 1408
f 1407 1408 1409
f 1407 1409 1410
f 1410 1409 1411
f 1410 1411 1412
f 1412 1411 1413
f 1413 1411 1414
f 1413 1414 1415
f 1415 1414 1416
f 1415 1416 1417
f 1415 1417 1418
f 1418 1417 1419
f 1418 1419 1420
f 1420 1419 1421
f 1421 1419 1422
f 1421 1422 1423
f 1423 1422 1424
f 1423 1424 1425
f 1423 1425 1426
f 1426 1425 1427
f 1426 1427 1428
f 1428 1427 1429
f 1429 1427 1430
f 1429 1430 1431
f 1431 1430 1432
f 1431 1432 1433
f 1431 1433 1434
f 1434 1433 1435
f 1434 1435 1436
f 1436 1435 1437
f 1437 1435 1438
f 1437 1438 1439
f 1439 1438 1440
f 1439 1440 1441
f 1439 1441 1442
f 1442 1441 1443
f 1442 1443 1444
f 1444 1443 1445
f 1445 1443 1446
f 1445 1446 1447
f 1447 1446 1448
f 1447 1448 1449
f 1447 1449 1450
f 1450 1449 1451
f 1450 1451 1452
f 1452 1451 1453
f 1453 1451 1454
f 1453 1454 1455
f 1455 1454 1456
f 1455 1456 1457
f 1455 1457 1458
f 1458 1457 1459
f 1458 1459 1460
f 1460 1459 1461
f 1461 1459 1462
f 1461 1462 1463
f 1463 1462 1464
f 1463 1464 1465
f 1463 1465 1466
f 1466 1465 1467
f 1466 1467 1468
f 1468 1467 1469
f 1469 1467 1470
f 1469 1470 1471
f 1471 1470 1472
f 1471 1472 1473
f 1471 1473 1474
f 1474 1473 1475
f 1474 1475 1476
f 1476 1475 1477
f 1477 1475 1478
f 1477 1478 1479
f 1479 1478 1480
f 1479 1480 1481
f 1479 1481 1482
f 1482 1481 1483
f 1482 1483 1484
f 1484 1483 1485
f 1485 1483 1486
f 1485 1486 1487
f 1487 1486 1488
f 1487 1488 1489
f 1487 1489 1490
f 1490 1489 1491
f 1490 1491 1492
f 1492 1491 1493
f 1493 1491 1494
f 1493 1494 1495
f 1495 1494 1496
f 1495 1496 1497
f 1495 1497 1498
f 1498 1497 1499
f 1498 1499 1500
f 1500 1499 1501
f 1501 1499 1502
f 1501 1502 1503
f 1503 1502 1504
f 1503 1504 1505
f 1503 1505 1506
f 1506 1505 1507
f 1506 1507 1508
f 1508 1507 1509
f 1509 1507 1510
f 1509 1510 1511
f 1511 1510 1512
f 1511 1512 1513
f 1511 1513 1390
f 1390 1513 1388
f 1514 1515 1516
f 1516 1515 1517
f 1518 1517 1519
f 1520 1519 1521
f 1522 1521 1523
f 1524 1523 1525
f 1524 1525 1526
f 1527 1526 1528
f 1529 1528 1514
f 1514 1530 1515
f 1515 1530 1531
f 1515 1531 1517
f 1517 1531 1532
f 1517 1532 1519
f 1519 1532 1533
f 1519 1533 1521
f 1521 1533 1534
f 1521 1534 1523
f 1523 1534 1535
f 1523 1535 1525
f 1525 1535 1536
f 1525 1536 1526
f 1526 1536 1537
f 1526 1537 1528
f 1528 1537 1538
f 1528 1538 1514
f 1514 1538 1530
f 970 1516 976
f 976 1516 1518
f 976 1518 974
f 974 1518 1539
f 974 1539 969
f 969 1539 1520
f 969 1520 972
f 972 1520 1522
f 972 1522 983
f 983 1522 1524
f 983 1524 981
f 981 1524 1527
f 981 1527 973
f 973 1527 1540
f 973 1540 971
f 971 1540 1529
f 971 1529 970
f 970 1529 1516
f 1541 1542 1530
f 1530 1542 1543
f 1530 1543 1531
f 1531 1543 1544
f 1531 1544 1532
f 1532 1544 1545
f 1532 1545 1546
f 1532 1546 1533
f 1533 1546 1547
f 1533 1547 1534
f 1534 1547 1548
f 1534 1548 1535
f 1535 1548 1549
f 1535 1549 1550
f 1535 1550 1536
f 1536 1550 1551
f 1536 1551 1537
f 1537 1551 1552
f 1537 1552 1553
f 1537 1553 1538
f 1538 1553 1541
f 1538 1541 1530
f 1554 1555 976
f 976 1555 1556
f 976 1556 970
f 970 1556 1557
f 970 1557 971
f 971 1557 1558
f 971 1558 1559
f 971 1559 973
f 973 1559 1560
f 973 1560 981
f 981 1560 1561
f 981 1561 1562
f 981 1562 983
f 983 1562 1563
f 983 1563 972
f 972 1563 1564
f 972 1564 969
f 969 1564 1565
f 969 1565 1566
f 969 1566 974
f 974 1566 1554
f 974 1554 976
f 1541 1555 1542
f 1542 1555 1554
f 1542 1554 1543
f 1543 1554 1566
f 1543 1566 1544
f 1544 1566 1565
f 1544 1565 1545
f 1545 1565 1564
f 1545 1564 1546
f 1546 1564 1563
f 1546 1563 1547
f 1547 1563 1562
f 1547 1562 1548
f 1548 1562 1561
f 1548 1561 1549
f 1549 1561 1560
f 1549 1560 1550
f 1550 1560 1559
f 1550 1559 1551
f 1551 1559 1558
f 1551 1558 1552
f 1552 1558 1557
f 1552 1557 1553
f 1553 1557 1556
f 1553 1556 1541
f 1541 1556 1555
f 1567 1568 1569
f 1569 1568 1570
f 1569 1570 1571
f 1571 1570 1572
f 1571 1572 1573
f 1573 1572 1574
f 1573 1574 1575
f 1575 1574 1576
f 1575 1576 1577
f 1577 1576 1578
f 1577 1578 1579
f 1579 1578 1580
f 1579 1580 1581
f 1581 1580 1582
f 1581 1582 1583
f 1583 1582 1584
f 1583 1584 1585
f 1585 1584 1586
f 1585 1586 1567
f 1567 1586 1568
f 1587 1588 1569
f 1569 1588 1589
f 1569 1589 1567
f 1567 1589 1590
f 1567 1590 1585
f 1585 1590 1591
f 1585 1591 1592
f 1585 1592 1583
f 1583 1592 1593
f 1583 1593 1581
f 1581 1593 1594
f 1581 1594 1595
f 1581 1595 1579
f 1579 1595 1596
f 1579 1596 1577
f 1577 1596 1597
f 1577 1597 1598
f 1577 1598 1575
f 1575 1598 1599
f 1575 1599 1573
f 1573 1599 1600
f 1573 1600 1601
f 1573 1601 1571
f 1571 1601 1587
f 1571 1587 1569
f 1572 1570 1602
f 1602 1570 1568
f 1602 1568 1603
f 1603 1568 1586
f 1603 1586 1604
f 1604 1586 1584
f 1604 1584 1605
f 1605 1584 1582
f 1605 1582 1606
f 1606 1582 1580
f 1606 1580 1607
f 1607 1580 1578
f 1607 1578 1608
f 1608 1578 1576
f 1608 1576 1609
f 1609 1576 1574
f 1609 1574 1610
f 1610 1574 1572
f 1610 1572 1602
f 1611 1588 1612
f 1612 1588 1587
f 1612 1587 1613
f 1613 1587 1601
f 1613 1601 1614
f 1614 1601 1600
f 1614 1600 1615
f 1615 1600 1599
f 1615 1599 1616
f 1616 1599 1598
f 1616 1598 1617
f 1617 1598 1597
f 1617 1597 1618
f 1618 1597 1596
f 1618 1596 1619
f 1619 1596 1595
f 1619 1595 1620
f 1620 1595 1594
f 1620 1594 1621
f 1621 1594 1593
f 1621 1593 1622
f 1622 1593 1592
f 1622 1592 1623
f 1623 1592 1591
f 1623 1591 1624
f 1624 1591 1590
f 1624 1590 1625
f 1625 1590 1589
f 1625 1589 1611
f 1611 1589 1588
f 1626 1602 1627
f 1627 1602 1603
f 1627 1603 1628
f 1628 1603 1604
f 1628 1604 1629
f 1629 1604 1605
f 1629 1605 1630
f 1630 1605 1606
f 1630 1606 1631
f 1631 1606 1607
f 1631 1607 1632
f 1632 1607 1608
f 1632 1608 1633
f 1633 1608 1609
f 1633 1609 1634
f 1634 1609 1610
f 1634 1610 1626
f 1626 1610 1602
f 1611 1612 1627
f 1627 1612 1613
f 1627 1613 1626
f 1626 1613 1614
f 1626 1614 1615
f 1626 1615 1634
f 1634 1615 1616
f 1634 1616 1633
f 1633 1616 1617
f 1633 1617 1618
f 1633 1618 1632
f 1632 1618 1619
f 1632 1619 1620
f 1632 1620 1631
f 1631 1620 1621
f 1631 1621 1630
f 1630 1621 1622
f 1630 1622 1623
f 1630 1623 1629
f 1629 1623 1624
f 1629 1624 1628
f 1628 1624 1625
f 1628 1625 1611
f 1628 1611 1627
f 1635 1636 1637
f 1637 1636 1638
f 1637 1638 1639
f 1639 1638 1640
f 1639 1640 1641
f 1641 1640 1642
f 1641 1642 1643
f 1643 1642 1644
f 1643 1644 1645
f 1645 1644 1646
f 1645 1646 1647
f 1647 1646 1648
f 1647 1648 1649
f 1649 1648 1650
f 1649 1650 1651
f 1651 1650 1652
f 1651 1652 1635
f 1635 1652 1636
f 1653 1654 1637
f 1637 1654 1655
f 1637 1655 1635
f 1635 1655 1656
f 1635 1656 1651
f 1651 1656 1657
f 1651 1657 1658
f 1651 1658 1649
f 1649 1658 1659
f 1649 1659 1647
f 1647 1659 1660
f 1647 1660 1661
f 1647 1661 1645
f 1645 1661 1662
f 1645 1662 1663
f 1645 1663 1643
f 1643 1663 1664
f 1643 1664 1641
f 1641 1664 1665
f 1641 1665 1666
f 1641 1666 1639
f 1639 1666 1653
f 1639 1653 1637
f 1638 1636 731
f 731 1636 1652
f 731 1652 1667
f 1667 1652 1650
f 1667 1650 1668
f 1668 1650 741
f 741 1650 1648
f 741 1648 1669
f 1669 1648 1646
f 1669 1646 1670
f 1670 1646 1644
f 1670 1644 1642
f 1670 1642 751
f 751 1642 1640
f 751 1640 1671
f 1671 1640 1672
f 1672 1640 1638
f 1672 1638 731
f 1673 1655 1674
f 1674 1655 1654
f 1674 1654 1675
f 1675 1654 1653
f 1675 1653 1676
f 1676 1653 1666
f 1676 1666 1677
f 1677 1666 1665
f 1677 1665 1678
f 1678 1665 1664
f 1678 1664 1679
f 1679 1664 1663
f 1679 1663 1680
f 1680 1663 1662
f 1680 1662 1681
f 1681 1662 1661
f 1681 1661 1682
f 1682 1661 1660
f 1682 1660 1683
f 1683 1660 1659
f 1683 1659 1684
f 1684 1659 1658
f 1684 1658 1685
f 1685 1658 1657
f 1685 1657 1686
f 1686 1657 1656
f 1686 1656 1673
f 1673 1656 1655
f 1687 731 1688
f 1688 731 1667
f 1688 1667 1689
f 1689 1667 1668
f 1689 1668 1690
f 1690 1668 741
f 1690 741 1691
f 1691 741 1669
f 1691 1669 1692
f 1692 1669 1670
f 1692 1670 1693
f 1693 1670 751
f 1693 751 1694
f 1694 751 1671
f 1694 1671 1695
f 1695 1671 1672
f 1695 1672 1687
f 1687 1672 731
f 1673 1674 1688
f 1688 1674 1675
f 1688 1675 1687
f 1687 1675 1676
f 1687 1676 1695
f 1695 1676 1677
f 1695 1677 1678
f 1695 1678 1694
f 1694 1678 1679
f 1694 1679 1693
f 1693 1679 1680
f 1693 1680 1681
f 1693 1681 1692
f 1692 1681 1682
f 1692 1682 1683
f 1692 1683 1691
f 1691 1683 1684
f 1691 1684 1690
f 1690 1684 1685
f 1690 1685 1686
f 1690 1686 1689
f 1689 1686 1673
f 1689 1673 1688
f 1696 1697 1698
f 1698 1697 1699
f 1698 1699 1700
f 1700 1699 1701
f 1700 1701 1702
f 1702 1701 1703
f 1702 1703 1704
f 1704 1703 1705
f 1704 1705 1706
f 1706 1705 1707
f 1706 1707 1708
f 1708 1707 1709
f 1708 1709 1710
f 1710 1709 1711
f 1710 1711 1712
f 1712 1711 1713
f 1712 1713 1696
f 1696 1713 1697
f 1714 1715 1698
f 1698 1715 1716
f 1698 1716 1696
f 1696 1716 1717
f 1696 1717 1718
f 1696 1718 1712
f 1712 1718 1719
f 1712 1719 1710
f 1710 1719 1720
f 1710 1720 1721
f 1710 1721 1708
f 1708 1721 1722
f 1708 1722 1706
f 1706 1722 1723
f 1706 1723 1724
f 1706 1724 1704
f 1704 1724 1725
f 1704 1725 1726
f 1704 1726 1702
f 1702 1726 1727
f 1702 1727 1700
f 1700 1727 1728
f 1700 1728 1714
f 1700 1714 1698
f 1699 1697 1729
f 1729 1697 1713
f 1729 1713 1730
f 1730 1713 1711
f 1730 1711 1731
f 1731 1711 1732
f 1732 1711 1709
f 1732 1709 1733
f 1733 1709 1707
f 1733 1707 1734
f 1734 1707 1705
f 1734 1705 1703
f 1734 1703 1735
f 1735 1703 1701
f 1735 1701 1736
f 1736 1701 1737
f 1737 1701 1699
f 1737 1699 1729
f 1738 1715 1739
f 1739 1715 1714
f 1739 1714 1740
f 1740 1714 1728
f 1740 1728 1741
f 1741 1728 1727
f 1741 1727 1742
f 1742 1727 1726
f 1742 1726 1743
f 1743 1726 1725
f 1743 1725 1744
f 1744 1725 1724
f 1744 1724 1745
f 1745 1724 1723
f 1745 1723 1746
f 1746 1723 1722
f 1746 1722 1747
f 1747 1722 1721
f 1747 1721 1748
f 1748 1721 1720
f 1748 1720 1749
f 1749 1720 1719
f 1749 1719 1750
f 1750 1719 1718
f 1750 1718 1751
f 1751 1718 1717
f 1751 1717 1752
f 1752 1717 1716
f 1752 1716 1738
f 1738 1716 1715
f 1753 1729 1754
f 1754 1729 1730
f 1754 1730 1755
f 1755 1730 1731
f 1755 1731 1756
f 1756 1731 1732
f 1756 1732 1757
f 1757 1732 1733
f 1757 1733 1758
f 1758 1733 1734
f 1758 1734 1759
f 1759 1734 1735
f 1759 1735 1760
f 1760 1735 1736
f 1760 1736 1761
f 1761 1736 1737
f 1761 1737 1753
f 1753 1737 1729
f 1738 1739 1754
f 1754 1739 1740
f 1754 1740 1753
f 1753 1740 1741
f 1753 1741 1742
f 1753 1742 1761
f 1761 1742 1743
f 1761 1743 1760
f 1760 1743 1744
f 1760 1744 1745
f 1760 1745 1759
f 1759 1745 1746
f 1759 1746 1747
f 1759 1747 1758
f 1758 1747 1748
f 1758 1748 1757
f 1757 1748 1749
f 1757 1749 1750
f 1757 1750 1756
f 1756 1750 1751
f 1756 1751 1755
f 1755 1751 1752
f 1755 1752 1738
f 1755 1738 1754
f 1762 1763 1764
f 1764 1763 1765
f 1764 1765 1766
f 1766 1765 1767
f 1766 1767 1768
f 1768 1767 1769
f 1768 1769 1770
f 1770 1769 1771
f 1770 1771 1772
f 1772 1771 1773
f 1772 1773 1774
f 1774 1773 1775
f 1774 1775 1776
f 1776 1775 1777
f 1776 1777 1778
f 1778 1777 1779
f 1778 1779 1780
f 1780 1779 1781
f 1780 1781 1782
f 1782 1781 1783
f 1782 1783 1784
f 1784 1783 1785
f 1784 1785 1786
f 1786 1785 1787
f 1786 1787 1788
f 1788 1787 1789
f 1788 1789 1790
f 1790 1789 1791
f 1790 1791 1762
f 1762 1791 1763
f 1792 1793 1794
f 1794 1793 1795
f 1794 1795 1796
f 1796 1795 1797
f 1796 1797 1798
f 1798 1797 1799
f 1798 1799 1800
f 1798 1800 1801
f 1801 1800 1802
f 1801 1802 1803
f 1803 1802 1804
f 1803 1804 1805
f 1803 1805 1806
f 1806 1805 1807
f 1806 1807 1808
f 1806 1808 1809
f 1809 1808 1810
f 1809 1810 1811
f 1811 1810 1812
f 1811 1812 1813
f 1811 1813 1814
f 1814 1813 1792
f 1814 1792 1794
f 1792 1815 1793
f 1793 1815 1816
f 1793 1816 1795
f 1795 1816 1817
f 1795 1817 1797
f 1797 1817 1818
f 1797 1818 1799
f 1799 1818 1819
f 1799 1819 1800
f 1800 1819 1820
f 1800 1820 1802
f 1802 1820 1821
f 1802 1821 1804
f 1804 1821 1805
f 1805 1821 1822
f 1805 1822 1807
f 1807 1822 1823
f 1807 1823 1824
f 1815 1792 1825
f 1825 1792 1813
f 1825 1813 1826
f 1826 1813 1812
f 1826 1812 1827
f 1827 1812 1810
f 1827 1810 1828
f 1828 1810 1808
f 1828 1808 1824
f 1824 1808 1807
f 1829 1794 1830
f 1830 1794 1796
f 1830 1796 1831
f 1831 1796 1798
f 1831 1798 1832
f 1832 1798 1801
f 1832 1801 1833
f 1833 1801 1803
f 1833 1803 1834
f 1834 1803 1806
f 1834 1806 1835
f 1835 1806 1809
f 1835 1809 1836
f 1836 1809 1811
f 1836 1811 1837
f 1837 1811 1814
f 1837 1814 1829
f 1829 1814 1794
f 1838 1839 1815
f 1815 1839 1840
f 1815 1840 1816
f 1816 1840 1841
f 1816 1841 1817
f 1817 1841 1842
f 1817 1842 1818
f 1818 1842 1843
f 1818 1843 1819
f 1819 1843 1844
f 1819 1844 1820
f 1820 1844 1845
f 1820 1845 1821
f 1821 1845 1846
f 1821 1846 1822
f 1822 1846 1847
f 1822 1847 1823
f 1823 1847 1848
f 1823 1848 1824
f 1824 1848 1849
f 1824 1849 1828
f 1828 1849 1850
f 1828 1850 1827
f 1827 1850 1851
f 1827 1851 1826
f 1826 1851 1852
f 1826 1852 1825
f 1825 1852 1838
f 1825 1838 1815
f 1853 1854 1830
f 1830 1854 1855
f 1830 1855 1829
f 1829 1855 1856
f 1829 1856 1837
f 1837 1856 1836
f 1836 1856 1857
f 1836 1857 1835
f 1835 1857 1858
f 1835 1858 1834
f 1834 1858 1859
f 1834 1859 1860
f 1834 1860 1833
f 1833 1860 1861
f 1833 1861 1832
f 1832 1861 1831
f 1831 1861 1853
f 1831 1853 1830
f 1838 1862 1839
f 1839 1862 1863
f 1839 1863 1840
f 1840 1863 1864
f 1840 1864 1841
f 1841 1864 1865
f 1841 1865 1842
f 1842 1865 1866
f 1842 1866 1843
f 1843 1866 1867
f 1843 1867 1844
f 1844 1867 1868
f 1844 1868 1845
f 1845 1868 1869
f 1845 1869 1846
f 1846 1869 1870
f 1846 1870 1847
f 1847 1870 1871
f 1847 1871 1848
f 1848 1871 1872
f 1848 1872 1849
f 1849 1872 1873
f 1849 1873 1850
f 1850 1873 1874
f 1850 1874 1851
f 1851 1874 1875
f 1851 1875 1852
f 1852 1875 1876
f 1852 1876 1838
f 1838 1876 1862
f 1853 1877 1854
f 1854 1877 1878
f 1854 1878 1855
f 1855 1878 1879
f 1855 1879 1856
f 1856 1879 1880
f 1856 1880 1857
f 1857 1880 1881
f 1857 1881 1858
f 1858 1881 1882
f 1858 1882 1859
f 1859 1882 1883
f 1859 1883 1860
f 1860 1883 1884
f 1860 1884 1861
f 1861 1884 1885
f 1861 1885 1853
f 1853 1885 1877
f 1863 1862 1877
f 1877 1862 1876
f 1877 1876 1878
f 1878 1876 1875
f 1878 1875 1874
f 1878 1874 1879
f 1879 1874 1873
f 1879 1873 1880
f 1880 1873 1872
f 1880 1872 1871
f 1880 1871 1881
f 1881 1871 1870
f 1881 1870 1882
f 1882 1870 1869
f 1882 1869 1868
f 1882 1868 1883
f 1883 1868 1867
f 1883 1867 1866
f 1883 1866 1884
f 1884 1866 1865
f 1884 1865 1885
f 1885 1865 1864
f 1885 1864 1863
f 1885 1863 1877
f 1886 1887 1888
f 1888 1887 1889
f 1888 1889 1890
f 1890 1889 1891
f 1890 1891 1892
f 1892 1891 1893
f 1892 1893 1894
f 1894 1893 1895
f 1894 1895 1896
f 1896 1895 1897
f 1896 1897 1898
f 1898 1897 1899
f 1898 1899 1900
f 1900 1899 1901
f 1900 1901 1902
f 1902 1901 1903
f 1902 1903 1904
f 1904 1903 1905
f 1904 1905 1906
f 1906 1905 1907
f 1906 1907 1908
f 1908 1907 1909
f 1908 1909 1910
f 1910 1909 1911
f 1910 1911 1912
f 1912 1911 1913
f 1912 1913 1914
f 1914 1913 1915
f 1914 1915 1886
f 1886 1915 1887
f 1916 1917 1918
f 1916 1918 1919
f 1919 1918 1920
f 1919 1920 1921
f 1921 1920 1922
f 1921 1922 1923
f 1921 1923 1924
f 1924 1923 1925
f 1924 1925 1926
f 1927 1928 1929
f 1929 1928 1930
f 1929 1930 1931
f 1931 1930 1932
f 1931 1932 1933
f 1933 1932 1934
f 1934 1932 1935
f 1934 1935 1936
f 1936 1935 1937
f 1938 1939 1940
f 1940 1939 1927
f 1940 1927 1917
f 1917 1927 1929
f 1917 1929 1918
f 1918 1929 1931
f 1918 1931 1920
f 1920 1931 1933
f 1920 1933 1922
f 1922 1933 1934
f 1922 1934 1923
f 1923 1934 1936
f 1923 1936 1925
f 1925 1936 1941
f 1925 1941 1942
f 1942 1941 1943
f 1942 1943 1944
f 1944 1943 1937
f 1944 1937 1926
f 1926 1937 1935
f 1926 1935 1924
f 1924 1935 1932
f 1924 1932 1921
f 1921 1932 1930
f 1921 1930 1919
f 1919 1930 1928
f 1919 1928 1916
f 1916 1928 1945
f 1916 1945 1938
f 1938 1945 1939
f 1946 1947 1948
f 1946 1948 1949
f 1949 1948 1950
f 1949 1950 1951
f 1951 1950 1952
f 1951 1952 1953
f 1953 1952 1954
f 1953 1954 1955
f 1955 1954 1956
f 1957 1958 1959
f 1959 1958 1960
f 1959 1960 1961
f 1961 1960 1962
f 1961 1962 1963
f 1963 1962 1964
f 1963 1964 1965
f 1965 1964 1966
f 1965 1966 1967
f 1968 1969 1970
f 1970 1969 1957
f 1970 1957 1947
f 1947 1957 1959
f 1947 1959 1948
f 1948 1959 1961
f 1948 1961 1950
f 1950 1961 1963
f 1950 1963 1952
f 1952 1963 1965
f 1952 1965 1954
f 1954 1965 1967
f 1954 1967 1956
f 1956 1967 1971
f 1956 1971 1972
f 1972 1971 1973
f 1972 1973 1974
f 1974 1973 1966
f 1974 1966 1955
f 1955 1966 1964
f 1955 1964 1953
f 1953 1964 1962
f 1953 1962 1951
f 1951 1962 1960
f 1951 1960 1949
f 1949 1960 1958
f 1949 1958 1946
f 1946 1958 1975
f 1946 1975 1968
f 1968 1975 1969
f 1976 1977 1978
f 1978 1977 1979
f 1980 1981 1982
f 1982 1981 1983
f 1984 1985 1986
f 1986 1985 1987
f 1988 1989 1990
f 1990 1989 1991
f 1983 1981 1992
f 1980 1993 1981
f 1981 1993 1992
f 1980 1982 1993
f 1987 1994 1986
f 1986 1994 1995
f 1987 1985 1994
f 1984 1986 1995
f 1989 1988 1996
f 1988 1990 1996
f 1997 1984 1998
f 1998 1984 1995
f 1998 1995 1999
f 1999 1995 1994
f 1999 1994 2000
f 2000 1994 2001
f 2001 1994 1985
f 2001 1985 2002
f 2002 1985 2003
f 2002 2003 2004
f 2005 2006 1997
f 1997 2006 2007
f 1997 2007 1984
f 1984 2007 2008
f 1984 2008 1985
f 1985 2008 2003
f 2009 2010 2005
f 2005 2010 2011
f 2005 2011 2006
f 2006 2011 2012
f 2006 2012 2013
f 2013 2012 2014
f 2013 2014 1991
f 1991 2014 2015
f 1991 2015 1990
f 1990 2015 2016
f 1990 2016 2017
f 2009 2018 2010
f 2010 2018 2019
f 2019 2018 2020
f 2019 2020 2021
f 2021 2020 2022
f 2021 2022 1996
f 1996 2022 2023
f 1996 2023 1989
f 1989 2023 1993
f 1989 1993 1991
f 1991 1993 1982
f 1991 1982 2024
f 2024 1982 1983
f 2024 1983 2025
f 2025 1983 1977
f 2025 1977 2026
f 2026 1977 1976
f 2026 1976 2027
f 2027 1976 2028
f 2028 1976 1978
f 2028 1978 2029
f 2029 1978 2030
f 2029 2030 2031
f 2031 2030 2032
f 2031 2032 2033
f 2033 2032 2034
f 2033 2034 2035
f 2035 2034 2036
f 2035 2036 2037
f 2037 2036 2038
f 2037 2038 2039
f 2039 2038 2040
f 2039 2040 2041
f 2041 2040 2042
f 2041 2042 2043
f 2023 2044 1993
f 1993 2044 1992
f 1992 2044 1979
f 1992 1979 1983
f 1983 1979 1977
f 2045 2046 2044
f 2044 2046 2047
f 2044 2047 1978
f 1978 2047 2048
f 1978 2048 2049
f 2049 2048 2050
f 2049 2050 2051
f 2051 2050 2052
f 2051 2052 2053
f 2053 2052 2054
f 2053 2054 2055
f 2055 2054 2056
f 2055 2056 2057
f 2057 2056 2058
f 2057 2058 2040
f 2059 2060 2045
f 2045 2060 2061
f 2045 2061 2046
f 2062 2058 2059
f 2059 2058 2063
f 2059 2063 2060
f 2064 2065 2040
f 2040 2065 2066
f 2040 2066 2067
f 2065 2064 2068
f 2068 2064 2069
f 2068 2069 2070
f 2070 2069 2004
f 2004 2069 2002
f 2021 1996 2017
f 2017 1996 1990
f 2047 2046 2071
f 2071 2046 2072
f 2071 2072 2073
f 2071 2073 2074
f 2074 2073 2075
f 2074 2075 2076
f 2076 2075 2077
f 2076 2077 2078
f 2078 2077 2058
f 2078 2058 2079
f 2079 2058 2080
f 2079 2080 2081
f 2077 2082 2058
f 2058 2082 2063
f 2047 2083 2048
f 2048 2083 2084
f 2084 2083 2085
f 2084 2085 2086
f 2086 2085 2087
f 2086 2087 2081
f 2081 2087 2079
f 2056 2080 2058
f 1978 2049 2030
f 2030 2049 2088
f 2030 2088 2089
f 2089 2088 2090
f 2089 2090 2091
f 2091 2090 2092
f 2091 2092 2093
f 2093 2092 2094
f 2093 2094 2095
f 2095 2094 2040
f 2095 2040 2038
f 2094 2057 2040
f 2029 2031 2096
f 2096 2031 2097
f 2096 2097 2098
f 2098 2097 2099
f 2098 2099 2100
f 2100 2099 2101
f 2100 2101 2043
f 2043 2101 2041
f 2102 2103 2104
f 2104 2103 2096
f 2104 2096 2098
f 2105 2106 2102
f 2102 2106 2107
f 2102 2107 2103
f 2103 2107 2108
f 2103 2108 2109
f 2109 2108 2110
f 2109 2110 2111
f 2111 2110 2070
f 2111 2070 2112
f 2112 2070 2025
f 2112 2025 2026
f 2105 2113 2106
f 2106 2113 2114
f 2114 2113 2115
f 2114 2115 2067
f 2067 2115 2040
f 2115 2042 2040
f 2110 2068 2070
f 2024 2013 1991
f 1978 1979 2044
f 2116 2062 2117
f 2117 2062 2059
f 2118 2058 2116
f 2116 2058 2062
f 2058 2118 2040
f 2040 2118 2119
f 2040 2119 2064
f 2064 2119 2120
f 2120 2121 2064
f 2064 2121 2069
f 2069 2121 2122
f 2069 2122 2002
f 2002 2122 2001
f 2001 2122 2123
f 2124 2000 2123
f 2123 2000 2001
f 2000 2124 1999
f 1999 2124 2125
f 1999 2125 1998
f 1998 2125 2126
f 2126 2127 1998
f 1998 2127 1997
f 1997 2127 2005
f 2005 2127 2128
f 2005 2128 2009
f 2009 2128 2129
f 2130 2018 2129
f 2129 2018 2009
f 2018 2130 2020
f 2020 2130 2131
f 2132 2022 2131
f 2131 2022 2020
f 2059 2045 2117
f 2117 2045 2133
f 2133 2045 2044
f 2133 2044 2134
f 2134 2044 2023
f 2134 2023 2135
f 2135 2023 2022
f 2135 2022 2132
f 2136 2006 2137
f 2137 2006 2013
f 2137 2013 2138
f 2138 2013 2024
f 2138 2024 2139
f 2139 2024 2025
f 2139 2025 2140
f 2140 2025 2070
f 2140 2070 2141
f 2141 2070 2004
f 2141 2004 2142
f 2142 2004 2003
f 2142 2003 2143
f 2143 2003 2008
f 2143 2008 2144
f 2144 2008 2007
f 2144 2007 2136
f 2136 2007 2006
f 2145 2019 2146
f 2146 2019 2021
f 2146 2021 2147
f 2147 2021 2017
f 2147 2017 2148
f 2148 2017 2016
f 2148 2016 2149
f 2149 2016 2015
f 2149 2015 2150
f 2150 2015 2014
f 2150 2014 2151
f 2151 2014 2012
f 2151 2012 2152
f 2152 2012 2011
f 2152 2011 2153
f 2153 2011 2010
f 2153 2010 2145
f 2145 2010 2019
f 2154 2026 2155
f 2155 2026 2027
f 2155 2027 2156
f 2156 2027 2028
f 2156 2028 2157
f 2157 2028 2029
f 2157 2029 2158
f 2158 2029 2096
f 2158 2096 2159
f 2159 2096 2103
f 2159 2103 2160
f 2160 2103 2109
f 2160 2109 2161
f 2161 2109 2111
f 2161 2111 2162
f 2162 2111 2112
f 2162 2112 2154
f 2154 2112 2026
f 2163 2108 2164
f 2164 2108 2107
f 2164 2107 2165
f 2165 2107 2106
f 2165 2106 2166
f 2166 2106 2114
f 2166 2114 2167
f 2167 2114 2067
f 2167 2067 2168
f 2168 2067 2066
f 2168 2066 2169
f 2169 2066 2065
f 2169 2065 2170
f 2170 2065 2068
f 2170 2068 2171
f 2171 2068 2110
f 2171 2110 2163
f 2163 2110 2108
f 2172 2104 2173
f 2173 2104 2098
f 2173 2098 2174
f 2174 2098 2100
f 2174 2100 2175
f 2175 2100 2043
f 2175 2043 2176
f 2176 2043 2042
f 2176 2042 2177
f 2177 2042 2115
f 2177 2115 2178
f 2178 2115 2113
f 2178 2113 2179
f 2179 2113 2105
f 2179 2105 2180
f 2180 2105 2102
f 2180 2102 2172
f 2172 2102 2104
f 2181 2031 2182
f 2182 2031 2033
f 2182 2033 2183
f 2183 2033 2035
f 2183 2035 2184
f 2184 2035 2037
f 2184 2037 2185
f 2185 2037 2039
f 2185 2039 2186
f 2186 2039 2041
f 2186 2041 2187
f 2187 2041 2101
f 2187 2101 2188
f 2188 2101 2099
f 2188 2099 2189
f 2189 2099 2097
f 2189 2097 2181
f 2181 2097 2031
f 2190 2030 2191
f 2191 2030 2089
f 2191 2089 2192
f 2192 2089 2091
f 2192 2091 2193
f 2193 2091 2093
f 2193 2093 2194
f 2194 2093 2095
f 2194 2095 2195
f 2195 2095 2038
f 2195 2038 2196
f 2196 2038 2036
f 2196 2036 2197
f 2197 2036 2034
f 2197 2034 2198
f 2198 2034 2032
f 2198 2032 2190
f 2190 2032 2030
f 2199 2049 2200
f 2200 2049 2051
f 2200 2051 2201
f 2201 2051 2053
f 2201 2053 2202
f 2202 2053 2055
f 2202 2055 2203
f 2203 2055 2057
f 2203 2057 2204
f 2204 2057 2094
f 2204 2094 2205
f 2205 2094 2092
f 2205 2092 2206
f 2206 2092 2090
f 2206 2090 2207
f 2207 2090 2088
f 2207 2088 2199
f 2199 2088 2049
f 2208 2048 2209
f 2209 2048 2084
f 2209 2084 2210
f 2210 2084 2086
f 2210 2086 2211
f 2211 2086 2081
f 2211 2081 2212
f 2212 2081 2080
f 2212 2080 2213
f 2213 2080 2056
f 2213 2056 2214
f 2214 2056 2054
f 2214 2054 2215
f 2215 2054 2052
f 2215 2052 2216
f 2216 2052 2050
f 2216 2050 2208
f 2208 2050 2048
f 2217 2047 2218
f 2218 2047 2071
f 2218 2071 2219
f 2219 2071 2074
f 2219 2074 2220
f 2220 2074 2076
f 2220 2076 2221
f 2221 2076 2078
f 2221 2078 2222
f 2222 2078 2079
f 2222 2079 2223
f 2223 2079 2087
f 2223 2087 2224
f 2224 2087 2085
f 2224 2085 2225
f 2225 2085 2083
f 2225 2083 2217
f 2217 2083 2047
f 2226 2046 2227
f 2227 2046 2061
f 2227 2061 2228
f 2228 2061 2060
f 2228 2060 2229
f 2229 2060 2063
f 2229 2063 2230
f 2230 2063 2082
f 2230 2082 2231
f 2231 2082 2077
f 2231 2077 2232
f 2232 2077 2075
f 2232 2075 2233
f 2233 2075 2073
f 2233 2073 2234
f 2234 2073 2072
f 2234 2072 2226
f 2226 2072 2046
f 2131 2147 2132
f 2132 2147 2148
f 2132 2148 2135
f 2135 2148 2149
f 2135 2149 2150
f 2147 2131 2146
f 2146 2131 2130
f 2146 2130 2145
f 2145 2130 2129
f 2145 2129 2128
f 2127 2137 2128
f 2128 2137 2153
f 2128 2153 2145
f 2137 2127 2136
f 2136 2127 2126
f 2136 2126 2144
f 2144 2126 2125
f 2144 2125 2124
f 2144 2124 2143
f 2143 2124 2123
f 2143 2123 2122
f 2143 2122 2142
f 2142 2122 2121
f 2142 2121 2141
f 2141 2121 2171
f 2141 2171 2163
f 2121 2120 2171
f 2171 2120 2170
f 2170 2120 2119
f 2170 2119 2169
f 2169 2119 2168
f 2168 2119 2178
f 2168 2178 2167
f 2167 2178 2179
f 2167 2179 2166
f 2166 2179 2180
f 2166 2180 2172
f 2118 2204 2119
f 2119 2204 2205
f 2119 2205 2195
f 2195 2205 2194
f 2194 2205 2206
f 2194 2206 2193
f 2193 2206 2207
f 2193 2207 2192
f 2192 2207 2199
f 2192 2199 2191
f 2191 2199 2200
f 2191 2200 2157
f 2157 2200 2134
f 2157 2134 2156
f 2156 2134 2155
f 2155 2134 2139
f 2155 2139 2140
f 2116 2117 2118
f 2118 2117 2230
f 2118 2230 2231
f 2230 2117 2229
f 2229 2117 2133
f 2229 2133 2228
f 2228 2133 2227
f 2227 2133 2134
f 2227 2134 2218
f 2218 2134 2209
f 2218 2209 2217
f 2217 2209 2210
f 2217 2210 2225
f 2225 2210 2211
f 2225 2211 2224
f 2224 2211 2212
f 2224 2212 2223
f 2223 2212 2213
f 2223 2213 2118
f 2118 2213 2214
f 2118 2214 2204
f 2204 2214 2203
f 2203 2214 2215
f 2203 2215 2202
f 2202 2215 2216
f 2202 2216 2201
f 2201 2216 2208
f 2201 2208 2200
f 2200 2208 2209
f 2200 2209 2134
f 2134 2135 2139
f 2139 2135 2150
f 2139 2150 2151
f 2231 2232 2118
f 2118 2232 2222
f 2118 2222 2223
f 2222 2232 2221
f 2221 2232 2233
f 2221 2233 2220
f 2220 2233 2234
f 2220 2234 2219
f 2219 2234 2226
f 2219 2226 2227
f 2218 2219 2227
f 2195 2196 2119
f 2119 2196 2186
f 2119 2186 2187
f 2186 2196 2185
f 2185 2196 2197
f 2185 2197 2184
f 2184 2197 2198
f 2184 2198 2183
f 2183 2198 2190
f 2183 2190 2182
f 2182 2190 2191
f 2182 2191 2158
f 2158 2191 2157
f 2188 2176 2187
f 2187 2176 2177
f 2187 2177 2119
f 2119 2177 2178
f 2176 2188 2175
f 2175 2188 2189
f 2175 2189 2174
f 2174 2189 2181
f 2174 2181 2159
f 2159 2181 2182
f 2159 2182 2158
f 2174 2159 2173
f 2173 2159 2160
f 2173 2160 2172
f 2172 2160 2165
f 2172 2165 2166
f 2165 2160 2164
f 2164 2160 2161
f 2164 2161 2163
f 2163 2161 2162
f 2163 2162 2141
f 2141 2162 2154
f 2141 2154 2140
f 2140 2154 2155
f 2139 2151 2138
f 2138 2151 2152
f 2138 2152 2137
f 2137 2152 2153
f 2235 2236 2237
f 2237 2236 2238
f 2237 2238 2239
f 2239 2238 2240
f 2239 2240 2241
f 2241 2240 2242
f 2241 2242 2243
f 2243 2242 2244
f 2243 2244 2245
f 2245 2244 2246
f 2245 2246 2247
f 2247 2246 2248
f 2247 2248 2249
f 2249 2248 2250
f 2249 2250 2251
f 2251 2250 2252
f 2251 2252 2253
f 2253 2252 2254
f 2253 2254 2255
f 2255 2254 2256
f 2255 2256 2257
f 2257 2256 2258
f 2257 2258 2259
f 2259 2258 2260
f 2259 2260 2261
f 2261 2260 2262
f 2261 2262 2235
f 2235 2262 2236
f 2236 2254 2238
f 2238 2254 2252
f 2238 2252 2240
f 2240 2252 2250
f 2240 2250 2242
f 2242 2250 2248
f 2254 2236 2256
f 2256 2236 2262
f 2263 2264 2265
f 2265 2264 2266
f 2265 2266 2267
f 2267 2266 2268
f 2267 2268 2269
f 2269 2268 2270
f 2269 2270 2271
f 2271 2270 2272
f 2271 2272 2273
f 2273 2272 2274
f 2273 2274 2275
f 2275 2274 2276
f 2275 2276 2277
f 2277 2276 2278
f 2277 2278 2279
f 2279 2278 2280
f 2279 2280 2281
f 2281 2280 2282
f 2281 2282 2283
f 2283 2282 2284
f 2283 2284 2285
f 2285 2284 2286
f 2285 2286 2287
f 2287 2286 2288
f 2287 2288 2289
f 2289 2288 2290
f 2289 2290 2263
f 2263 2290 2264
f 2264 2282 2266
f 2266 2282 2280
f 2266 2280 2268
f 2268 2280 2278
f 2268 2278 2270
f 2270 2278 2276
f 2282 2264 2284
f 2284 2264 2290
f 2291 2292 2293
f 2293 2292 2294
f 2293 2294 2295
f 2291 2296 2292
f 2292 2296 2297
f 2297 2296 2298
f 2298 2296 2299
f 2299 2296 2300
f 2301 2300 2302
f 2303 2300 2293
f 2303 2293 2295
f 2304 2291 2305
f 2305 2291 2306
f 2305 2306 2307
f 2291 2304 2308
f 2308 2309 2291
f 2291 2309 2296
f 2296 2309 2310
f 2296 2310 2311
f 2296 2311 2312
f 2312 2313 2296
f 2296 2313 2314
f 2314 2313 2315
f 2316 2293 2317
f 2317 2293 2318
f 2317 2318 2319
f 2293 2316 2320
f 2320 2321 2293
f 2293 2321 2291
f 2291 2321 2322
f 2291 2322 2323
f 2291 2323 2324
f 2324 2325 2291
f 2291 2325 2306
f 2306 2325 2326
f 2327 2328 2329
f 2329 2328 2300
f 2300 2328 2330
f 2300 2330 2331
f 2331 2332 2300
f 2300 2332 2333
f 2300 2333 2293
f 2293 2333 2334
f 2293 2334 2335
f 2335 2336 2293
f 2293 2336 2318
f 2318 2336 2337
f 2338 2296 2339
f 2339 2296 2314
f 2339 2314 2340
f 2296 2338 2341
f 2341 2342 2296
f 2296 2342 2343
f 2296 2343 2300
f 2300 2343 2344
f 2300 2344 2345
f 2345 2346 2300
f 2300 2346 2329
f 2329 2346 2347
f 2348 2349 2350
f 2350 2349 2351
f 2349 2352 2351
f 2351 2352 2353
f 2348 2354 2349
f 2349 2354 2352
f 2354 2348 2355
f 2355 2348 2350
f 2356 2357 2358
f 2358 2357 2359
f 2358 2359 2360
f 2360 2359 2361
f 2361 2359 2362
f 2362 2359 2363
f 2364 2363 2356
f 2364 2356 2365
f 2365 2356 2358
f 2366 2363 2367
f 2367 2363 2359
f 2367 2359 2368
f 2368 2359 2357
f 2368 2357 2369
f 2369 2357 2356
f 2369 2356 2366
f 2366 2356 2363
f 2370 2371 2372
f 2372 2371 2373
f 2370 2374 2371
f 2371 2374 2375
f 2376 2372 2377
f 2377 2372 2373
f 2378 2379 2380
f 2380 2379 2381
f 2382 2383 2384
f 2384 2383 2385
f 2385 2383 2379
f 2379 2383 2381
f 2386 2387 2388
f 2388 2387 2389
f 2390 2391 2392
f 2392 2391 2393
f 2389 2387 2391
f 2391 2387 2393
f 2384 2385 2378
f 2378 2385 2379
f 2392 2393 2386
f 2386 2393 2387
f 2394 2395 2396
f 2396 2395 2397
f 2398 2395 2399
f 2399 2395 2394
f 2400 2396 2401
f 2401 2396 2397
f 2401 2397 2398
f 2398 2397 2395
f 2402 2403 2404
f 2404 2403 2405
f 2404 2405 2406
f 2406 2405 2407
f 2406 2407 2408
f 2408 2407 2409
f 2408 2409 2410
f 2410 2409 2411
f 2410 2411 2412
f 2413 2414 2415
f 2415 2414 2416
f 2415 2416 2417
f 2417 2416 2418
f 2417 2418 2419
f 2419 2418 2420
f 2419 2420 2421
f 2421 2420 2422
f 2421 2422 2423
f 2424 2425 2426
f 2426 2425 2427
f 2426 2427 2428
f 2428 2427 2429
f 2428 2429 2430
f 2430 2429 2431
f 2430 2431 2432
f 2432 2431 2433
f 2432 2433 2434
f 2435 2436 2437
f 2437 2436 2438
f 2437 2438 2439
f 2439 2438 2440
f 2439 2440 2441
f 2441 2440 2442
f 2441 2442 2443
f 2443 2442 2444
f 2443 2444 2445
f 2446 2447 2448
f 2448 2447 2449
f 2448 2449 2450
f 2450 2451 2448
f 2446 2452 2447
f 2447 2452 2453
f 2447 2453 2454
f 2454 2455 2447
f 2447 2455 2456
f 2447 2456 2457
f 2458 2459 2460
f 2460 2459 2461
f 2460 2461 2462
f 2462 2461 2463
f 2462 2463 2464
f 2464 2463 2465
f 2464 2465 2466
f 2466 2465 2467
f 2466 2467 2468
f 2468 2467 2469
f 2469 2467 2470
f 2469 2470 2471
f 2471 2470 2472
f 2471 2472 2473
f 2473 2472 2474
f 2473 2474 2475
f 2475 2474 2476
f 2476 2474 2450
f 2476 2450 2477
f 2477 2450 2449
f 2458 2478 2459
f 2459 2478 2451
f 2451 2478 2479
f 2451 2479 2448
f 2480 2474 2481
f 2481 2474 2472
f 2481 2472 2482
f 2482 2472 2470
f 2482 2470 2483
f 2483 2470 2467
f 2483 2467 2484
f 2484 2467 2485
f 2485 2467 2465
f 2485 2465 2486
f 2486 2465 2463
f 2486 2463 2487
f 2487 2463 2461
f 2487 2461 2488
f 2488 2461 2459
f 2488 2459 2489
f 2489 2459 2451
f 2489 2451 2490
f 2490 2451 2491
f 2491 2451 2492
f 2492 2451 2450
f 2492 2450 2493
f 2493 2450 2480
f 2480 2450 2474
f 2458 2460 2488
f 2488 2460 2462
f 2488 2462 2487
f 2487 2462 2464
f 2487 2464 2486
f 2486 2464 2466
f 2486 2466 2485
f 2485 2466 2468
f 2485 2468 2484
f 2484 2468 2469
f 2484 2469 2483
f 2483 2469 2471
f 2483 2471 2482
f 2482 2471 2473
f 2482 2473 2481
f 2481 2473 2475
f 2481 2475 2476
f 2481 2476 2480
f 2480 2476 2477
f 2480 2477 2449
f 2480 2449 2493
f 2493 2449 2494
f 2493 2494 2492
f 2492 2494 2495
f 2492 2495 2496
f 2492 2496 2491
f 2491 2496 2497
f 2491 2497 2490
f 2490 2497 2448
f 2490 2448 2489
f 2489 2448 2479
f 2489 2479 2478
f 2489 2478 2488
f 2488 2478 2458
f 2498 2499 2500
f 2500 2499 2501
f 2502 2499 2503
f 2503 2499 2498
f 2504 2500 2505
f 2505 2500 2501
f 2505 2501 2502
f 2502 2501 2499
f 2506 2507 2508
f 2508 2507 2509
f 2507 2510 2509
f 2509 2510 2511
f 2506 2512 2507
f 2507 2512 2510
f 2512 2506 2513
f 2513 2506 2508
f 2514 2515 2516
f 2516 2515 2517
f 2515 2518 2517
f 2517 2518 2519
f 2514 2520 2515
f 2515 2520 2518
f 2520 2514 2521
f 2521 2514 2516
f 2522 2523 2524
f 2524 2523 2525
f 2522 2524 2526
f 2526 2524 2527
f 2526 2527 2528
f 2528 2527 2529
f 2530 2528 2531
f 2532 2523 2533
f 2532 2533 2531
f 2531 2533 2530
f 2534 2525 2535
f 2536 2529 2537
f 2534 2535 2537
f 2537 2535 2536
f 2523 2532 2528
f 2528 2532 2531
f 2529 2536 2525
f 2525 2536 2535
f 2538 2539 2540
f 2540 2539 2541
f 2540 2541 2542
f 2542 2541 2543
f 2542 2543 2544
f 2544 2543 2545
f 2544 2545 2546
f 2546 2545 2547
f 2546 2547 2548
f 2548 2547 2549
f 2548 2549 2550
f 2550 2549 2551
f 2550 2551 2552
f 2552 2551 2553
f 2553 2551 2554
f 2553 2554 2555
f 2555 2554 2556
f 2555 2556 2557
f 2539 2538 2558
f 2558 2538 2559
f 2558 2559 2560
f 2560 2559 2561
f 2560 2561 2562
f 2562 2561 2563
f 2562 2563 2564
f 2564 2563 2565
f 2564 2565 2557
f 2557 2565 2555
f 2566 2567 2554
f 2554 2567 2568
f 2554 2568 2556
f 2556 2568 2569
f 2556 2569 2557
f 2557 2569 2570
f 2557 2570 2564
f 2564 2570 2571
f 2564 2571 2562
f 2562 2571 2572
f 2562 2572 2560
f 2560 2572 2573
f 2560 2573 2558
f 2558 2573 2574
f 2558 2574 2539
f 2539 2574 2575
f 2539 2575 2576
f 2539 2576 2541
f 2541 2576 2577
f 2541 2577 2543
f 2543 2577 2578
f 2543 2578 2545
f 2545 2578 2579
f 2545 2579 2547
f 2547 2579 2580
f 2547 2580 2549
f 2549 2580 2581
f 2549 2581 2551
f 2551 2581 2566
f 2551 2566 2554
f 2582 2583 2553
f 2553 2583 2584
f 2553 2584 2552
f 2552 2584 2585
f 2552 2585 2550
f 2550 2585 2586
f 2550 2586 2548
f 2548 2586 2587
f 2548 2587 2546
f 2546 2587 2588
f 2546 2588 2544
f 2544 2588 2589
f 2544 2589 2542
f 2542 2589 2590
f 2542 2590 2540
f 2540 2590 2591
f 2540 2591 2592
f 2540 2592 2538
f 2538 2592 2593
f 2538 2593 2559
f 2559 2593 2594
f 2559 2594 2561
f 2561 2594 2595
f 2561 2595 2563
f 2563 2595 2596
f 2563 2596 2565
f 2565 2596 2597
f 2565 2597 2555
f 2555 2597 2582
f 2555 2582 2553
f 2598 2599 2600
f 2598 2600 2601
f 2602 2600 2603
f 2602 2603 2604
f 2604 2603 2605
f 2606 2607 2608
f 2608 2607 2609
f 2608 2609 2610
f 2610 2609 2611
f 2610 2611 2612
f 2612 2611 2613
f 2613 2611 2614
f 2613 2614 2615
f 2616 2617 2611
f 2611 2617 2614
f 2618 2619 2615
f 2615 2619 2620
f 2615 2620 2621
f 2621 2620 2622
f 2621 2622 2623
f 2623 2622 2624
f 2624 2622 2625
f 2624 2625 2626
f 2627 2628 2622
f 2622 2628 2625
f 2629 2630 2626
f 2626 2630 2631
f 2626 2631 2632
f 2632 2631 2633
f 2632 2633 2634
f 2634 2633 2635
f 2635 2633 2636
f 2635 2636 2637
f 2638 2639 2633
f 2633 2639 2636
f 2640 2641 2637
f 2637 2641 2642
f 2637 2642 2643
f 2643 2642 2644
f 2643 2644 2645
f 2645 2644 2646
f 2646 2644 2647
f 2648 2649 2644
f 2644 2649 2647
f 2650 2651 2646
f 2646 2651 2652
f 2652 2653 2654
f 2654 2653 2655
f 2654 2655 2656
f 2656 2655 2657
f 2656 2657 2658
f 2658 2657 2659
f 2658 2659 2660
f 2660 2659 2661
f 2660 2661 2662
f 2662 2661 2663
f 2662 2663 2664
f 2664 2663 2665
f 2664 2665 2666
f 2666 2665 2667
f 2666 2667 2668
f 2668 2667 2669
f 2668 2669 2670
f 2670 2669 2671
f 2670 2671 2672
f 2672 2671 2673
f 2672 2673 2674
f 2674 2673 2675
f 2674 2675 2676
f 2676 2675 2677
f 2676 2677 2678
f 2678 2677 2679
f 2678 2679 2680
f 2680 2679 2603
f 2680 2603 2600
f 2681 2682 2653
f 2653 2682 2655
f 2683 2684 2657
f 2657 2684 2659
f 2685 2686 2661
f 2661 2686 2663
f 2687 2688 2665
f 2665 2688 2667
f 2689 2690 2669
f 2669 2690 2671
f 2691 2692 2673
f 2673 2692 2675
f 2693 2694 2677
f 2677 2694 2679
f 2645 2654 2643
f 2643 2654 2656
f 2658 2635 2695
f 2695 2635 2637
f 2695 2637 2643
f 2634 2662 2632
f 2632 2662 2664
f 2660 2635 2658
f 2666 2624 2696
f 2696 2624 2626
f 2696 2626 2632
f 2623 2670 2621
f 2621 2670 2672
f 2668 2624 2666
f 2674 2613 2697
f 2697 2613 2615
f 2697 2615 2621
f 2612 2678 2610
f 2610 2678 2680
f 2676 2613 2674
f 2610 2599 2608
f 2654 2645 2698
f 2698 2645 2699
f 2698 2699 2700
f 2700 2701 2698
f 2698 2701 2702
f 2698 2702 2703
f 2703 2702 2704
f 2699 2645 2705
f 2705 2645 2646
f 2658 2695 2706
f 2706 2695 2707
f 2706 2707 2708
f 2708 2709 2706
f 2706 2709 2710
f 2706 2710 2711
f 2711 2710 2712
f 2707 2695 2713
f 2713 2695 2643
f 2662 2634 2714
f 2714 2634 2715
f 2714 2715 2716
f 2716 2717 2714
f 2714 2717 2718
f 2714 2718 2719
f 2719 2718 2720
f 2715 2634 2721
f 2721 2634 2635
f 2666 2696 2722
f 2722 2696 2723
f 2722 2723 2724
f 2724 2725 2722
f 2722 2725 2726
f 2722 2726 2727
f 2727 2726 2728
f 2723 2696 2729
f 2729 2696 2632
f 2670 2623 2730
f 2730 2623 2731
f 2730 2731 2732
f 2732 2733 2730
f 2730 2733 2734
f 2730 2734 2735
f 2735 2734 2736
f 2731 2623 2737
f 2737 2623 2624
f 2674 2697 2738
f 2738 2697 2739
f 2738 2739 2740
f 2740 2741 2738
f 2738 2741 2742
f 2738 2742 2743
f 2743 2742 2744
f 2739 2697 2745
f 2745 2697 2621
f 2678 2612 2746
f 2746 2612 2747
f 2746 2747 2748
f 2748 2749 2746
f 2746 2749 2750
f 2746 2750 2751
f 2751 2750 2752
f 2747 2612 2753
f 2753 2612 2613
f 2600 2599 2754
f 2754 2599 2755
f 2754 2755 2756
f 2756 2757 2754
f 2754 2757 2758
f 2754 2758 2759
f 2759 2758 2760
f 2755 2599 2761
f 2761 2599 2610
f 2762 2763 2608
f 2608 2763 2606
f 2764 2765 2601
f 2601 2765 2598
f 2766 2767 2650
f 2650 2767 2651
f 2768 2769 2703
f 2703 2769 2698
f 2770 2703 2704
f 2704 2702 2771
f 2771 2702 2772
f 2699 2705 2700
f 2700 2705 2773
f 2700 2773 2774
f 2700 2774 2701
f 2701 2774 2772
f 2701 2772 2702
f 2775 2776 2711
f 2711 2776 2706
f 2777 2711 2712
f 2712 2710 2778
f 2778 2710 2779
f 2707 2713 2708
f 2708 2713 2780
f 2708 2780 2781
f 2708 2781 2709
f 2709 2781 2779
f 2709 2779 2710
f 2782 2783 2719
f 2719 2783 2714
f 2784 2719 2720
f 2720 2718 2785
f 2785 2718 2786
f 2715 2721 2716
f 2716 2721 2787
f 2716 2787 2788
f 2716 2788 2717
f 2717 2788 2786
f 2717 2786 2718
f 2789 2790 2727
f 2727 2790 2722
f 2791 2727 2728
f 2728 2726 2792
f 2792 2726 2793
f 2723 2729 2724
f 2724 2729 2794
f 2724 2794 2795
f 2724 2795 2725
f 2725 2795 2793
f 2725 2793 2726
f 2796 2797 2735
f 2735 2797 2730
f 2798 2735 2736
f 2736 2734 2799
f 2799 2734 2800
f 2731 2737 2732
f 2732 2737 2801
f 2732 2801 2802
f 2732 2802 2733
f 2733 2802 2800
f 2733 2800 2734
f 2803 2804 2743
f 2743 2804 2738
f 2805 2743 2744
f 2744 2742 2806
f 2806 2742 2807
f 2739 2745 2740
f 2740 2745 2808
f 2740 2808 2809
f 2740 2809 2741
f 2741 2809 2807
f 2741 2807 2742
f 2810 2811 2751
f 2751 2811 2746
f 2812 2751 2752
f 2752 2750 2813
f 2813 2750 2814
f 2747 2753 2748
f 2748 2753 2815
f 2748 2815 2816
f 2748 2816 2749
f 2749 2816 2814
f 2749 2814 2750
f 2817 2818 2759
f 2759 2818 2754
f 2759 2760 2819
f 2760 2758 2820
f 2755 2761 2756
f 2756 2761 2821
f 2756 2821 2822
f 2756 2822 2757
f 2757 2822 2820
f 2757 2820 2758
f 2762 2608 2765
f 2765 2608 2598
f 2823 2824 2825
f 2825 2824 2826
f 2825 2826 2827
f 2827 2826 2828
f 2827 2828 2829
f 2829 2828 2830
f 2830 2828 2831
f 2830 2831 2832
f 2833 2834 2828
f 2828 2834 2831
f 2835 2836 2832
f 2832 2836 2837
f 2832 2837 2838
f 2838 2837 2839
f 2838 2839 2840
f 2840 2839 2841
f 2841 2839 2842
f 2841 2842 2843
f 2844 2845 2839
f 2839 2845 2842
f 2846 2847 2843
f 2843 2847 2848
f 2843 2848 2849
f 2849 2848 2850
f 2849 2850 2851
f 2851 2850 2852
f 2852 2850 2853
f 2852 2853 2854
f 2855 2856 2850
f 2850 2856 2853
f 2857 2858 2854
f 2854 2858 2859
f 2854 2859 2860
f 2860 2767 2766
f 2860 2766 2861
f 2861 2862 2863
f 2863 2862 2864
f 2863 2864 2865
f 2865 2864 2866
f 2865 2866 2867
f 2867 2866 2868
f 2867 2868 2869
f 2869 2868 2870
f 2869 2870 2871
f 2871 2870 2872
f 2871 2872 2873
f 2873 2872 2874
f 2873 2874 2875
f 2875 2874 2876
f 2875 2876 2877
f 2877 2876 2878
f 2877 2878 2879
f 2879 2878 2880
f 2879 2880 2881
f 2881 2880 2882
f 2881 2882 2883
f 2883 2882 2884
f 2883 2884 2885
f 2885 2884 2886
f 2885 2886 2887
f 2887 2886 2888
f 2887 2888 2889
f 2889 2888 2890
f 2889 2890 2891
f 2891 2890 2762
f 2892 2893 2862
f 2862 2893 2864
f 2894 2895 2866
f 2866 2895 2868
f 2896 2897 2870
f 2870 2897 2872
f 2898 2899 2874
f 2874 2899 2876
f 2900 2901 2878
f 2878 2901 2880
f 2902 2903 2882
f 2882 2903 2884
f 2904 2905 2886
f 2886 2905 2888
f 2906 2763 2890
f 2890 2763 2762
f 2765 2764 2891
f 2891 2764 2907
f 2907 2908 2909
f 2909 2908 2910
f 2909 2910 2825
f 2911 2912 2908
f 2908 2912 2910
f 2865 2852 2863
f 2863 2852 2913
f 2913 2852 2854
f 2913 2854 2860
f 2851 2867 2849
f 2849 2867 2869
f 2873 2841 2871
f 2871 2841 2914
f 2914 2841 2843
f 2914 2843 2849
f 2840 2875 2838
f 2838 2875 2877
f 2881 2830 2879
f 2879 2830 2915
f 2915 2830 2832
f 2915 2832 2838
f 2829 2883 2827
f 2827 2883 2885
f 2889 2909 2887
f 2887 2909 2916
f 2916 2909 2825
f 2916 2825 2827
f 2906 2607 2763
f 2763 2607 2606
f 2764 2601 2908
f 2908 2601 2602
f 2766 2650 2862
f 2862 2650 2647
f 2859 2653 2767
f 2767 2653 2651
f 2703 2917 2768
f 2771 2772 2768
f 2768 2772 2769
f 2769 2772 2774
f 2769 2774 2773
f 2773 2705 2769
f 2769 2705 2652
f 2652 2705 2646
f 2771 2770 2704
f 2711 2918 2775
f 2778 2779 2775
f 2775 2779 2776
f 2776 2779 2781
f 2776 2781 2780
f 2780 2713 2776
f 2776 2713 2656
f 2656 2713 2643
f 2778 2777 2712
f 2719 2919 2782
f 2785 2786 2782
f 2782 2786 2783
f 2783 2786 2788
f 2783 2788 2787
f 2787 2721 2783
f 2783 2721 2660
f 2660 2721 2635
f 2785 2784 2720
f 2727 2920 2789
f 2792 2793 2789
f 2789 2793 2790
f 2790 2793 2795
f 2790 2795 2794
f 2794 2729 2790
f 2790 2729 2664
f 2664 2729 2632
f 2792 2791 2728
f 2735 2921 2796
f 2799 2800 2796
f 2796 2800 2797
f 2797 2800 2802
f 2797 2802 2801
f 2801 2737 2797
f 2797 2737 2668
f 2668 2737 2624
f 2799 2798 2736
f 2743 2922 2803
f 2806 2807 2803
f 2803 2807 2804
f 2804 2807 2809
f 2804 2809 2808
f 2808 2745 2804
f 2804 2745 2672
f 2672 2745 2621
f 2806 2805 2744
f 2751 2923 2810
f 2813 2814 2810
f 2810 2814 2811
f 2811 2814 2816
f 2811 2816 2815
f 2815 2753 2811
f 2811 2753 2676
f 2676 2753 2613
f 2813 2812 2752
f 2759 2819 2817
f 2760 2820 2817
f 2817 2820 2818
f 2818 2820 2822
f 2818 2822 2821
f 2821 2761 2818
f 2818 2761 2680
f 2680 2761 2610
f 2924 2865 2925
f 2925 2865 2867
f 2926 2873 2927
f 2927 2873 2875
f 2928 2881 2929
f 2929 2881 2883
f 2930 2889 2931
f 2931 2889 2891
f 2932 2885 2933
f 2933 2885 2887
f 2934 2877 2935
f 2935 2877 2879
f 2936 2869 2937
f 2937 2869 2871
f 2938 2861 2939
f 2939 2861 2863
f 2906 2890 2607
f 2607 2890 2609
f 2911 2908 2604
f 2604 2908 2602
f 2892 2862 2649
f 2649 2862 2647
f 2859 2858 2653
f 2653 2858 2681
f 2771 2768 2940
f 2778 2775 2941
f 2785 2782 2942
f 2792 2789 2943
f 2799 2796 2944
f 2806 2803 2945
f 2813 2810 2946
f 2947 2760 2817
f 2925 2948 2924
f 2924 2949 2865
f 2865 2949 2852
f 2867 2851 2925
f 2925 2851 2950
f 2927 2951 2926
f 2926 2952 2873
f 2873 2952 2841
f 2875 2840 2927
f 2927 2840 2953
f 2929 2954 2928
f 2928 2955 2881
f 2881 2955 2830
f 2883 2829 2929
f 2929 2829 2956
f 2931 2957 2930
f 2930 2958 2889
f 2889 2958 2909
f 2891 2907 2931
f 2931 2907 2959
f 2933 2960 2932
f 2932 2961 2885
f 2885 2961 2827
f 2887 2916 2933
f 2933 2916 2962
f 2935 2963 2934
f 2934 2964 2877
f 2877 2964 2838
f 2879 2915 2935
f 2935 2915 2965
f 2937 2966 2936
f 2936 2967 2869
f 2869 2967 2849
f 2871 2914 2937
f 2937 2914 2968
f 2939 2969 2938
f 2938 2970 2861
f 2861 2970 2860
f 2863 2913 2939
f 2939 2913 2971
f 2888 2611 2890
f 2890 2611 2609
f 2911 2604 2912
f 2912 2604 2605
f 2892 2649 2893
f 2893 2649 2648
f 2857 2682 2858
f 2858 2682 2681
f 2950 2948 2925
f 2924 2972 2949
f 2950 2851 2949
f 2949 2851 2852
f 2953 2951 2927
f 2926 2973 2952
f 2953 2840 2952
f 2952 2840 2841
f 2956 2954 2929
f 2928 2974 2955
f 2956 2829 2955
f 2955 2829 2830
f 2959 2957 2931
f 2930 2975 2958
f 2959 2907 2958
f 2958 2907 2909
f 2962 2960 2933
f 2932 2976 2961
f 2962 2916 2961
f 2961 2916 2827
f 2965 2963 2935
f 2934 2977 2964
f 2965 2915 2964
f 2964 2915 2838
f 2968 2966 2937
f 2936 2978 2967
f 2968 2914 2967
f 2967 2914 2849
f 2971 2969 2939
f 2938 2979 2970
f 2971 2913 2970
f 2970 2913 2860
f 2888 2905 2611
f 2611 2905 2616
f 2910 2912 2603
f 2603 2912 2605
f 2864 2893 2644
f 2644 2893 2648
f 2857 2854 2682
f 2682 2854 2655
f 2949 2980 2950
f 2952 2981 2953
f 2955 2982 2956
f 2958 2983 2959
f 2961 2984 2962
f 2964 2985 2965
f 2967 2986 2968
f 2970 2987 2971
f 2904 2617 2905
f 2905 2617 2616
f 2910 2603 2825
f 2825 2603 2679
f 2864 2644 2866
f 2866 2644 2642
f 2853 2657 2854
f 2854 2657 2655
f 2904 2886 2617
f 2617 2886 2614
f 2823 2825 2694
f 2694 2825 2679
f 2894 2866 2641
f 2641 2866 2642
f 2853 2856 2657
f 2657 2856 2683
f 2884 2615 2886
f 2886 2615 2614
f 2823 2694 2824
f 2824 2694 2693
f 2894 2641 2895
f 2895 2641 2640
f 2855 2684 2856
f 2856 2684 2683
f 2884 2903 2615
f 2615 2903 2618
f 2826 2824 2677
f 2677 2824 2693
f 2868 2895 2637
f 2637 2895 2640
f 2855 2850 2684
f 2684 2850 2659
f 2902 2619 2903
f 2903 2619 2618
f 2826 2677 2828
f 2828 2677 2675
f 2868 2637 2870
f 2870 2637 2636
f 2848 2661 2850
f 2850 2661 2659
f 2902 2882 2619
f 2619 2882 2620
f 2833 2828 2692
f 2692 2828 2675
f 2896 2870 2639
f 2639 2870 2636
f 2848 2847 2661
f 2661 2847 2685
f 2880 2622 2882
f 2882 2622 2620
f 2833 2692 2834
f 2834 2692 2691
f 2896 2639 2897
f 2897 2639 2638
f 2846 2686 2847
f 2847 2686 2685
f 2880 2901 2622
f 2622 2901 2627
f 2831 2834 2673
f 2673 2834 2691
f 2872 2897 2633
f 2633 2897 2638
f 2846 2843 2686
f 2686 2843 2663
f 2900 2628 2901
f 2901 2628 2627
f 2831 2673 2832
f 2832 2673 2671
f 2872 2633 2874
f 2874 2633 2631
f 2842 2665 2843
f 2843 2665 2663
f 2900 2878 2628
f 2628 2878 2625
f 2835 2832 2690
f 2690 2832 2671
f 2898 2874 2630
f 2630 2874 2631
f 2842 2845 2665
f 2665 2845 2687
f 2876 2626 2878
f 2878 2626 2625
f 2835 2690 2836
f 2836 2690 2689
f 2898 2630 2899
f 2899 2630 2629
f 2844 2688 2845
f 2845 2688 2687
f 2876 2899 2626
f 2626 2899 2629
f 2837 2836 2669
f 2669 2836 2689
f 2844 2839 2688
f 2688 2839 2667
f 2837 2669 2839
f 2839 2669 2667
f 2988 2989 2990
f 2990 2991 2992
f 2993 2994 2988
f 2988 2994 2995
f 2988 2995 2996
f 2997 2998 2993
f 2993 2998 2999
f 2993 2999 3000
f 3001 3002 2997
f 2997 3002 3003
f 2997 3003 3004
f 3005 3006 3001
f 3001 3006 3007
f 3001 3007 3008
f 3009 3010 3005
f 3005 3010 3011
f 3005 3011 3012
f 3013 3014 3009
f 3009 3014 3015
f 3009 3015 3016
f 2990 3017 3013
f 3013 3017 3018
f 3013 3018 3019
f 3020 3021 3022
f 3022 3021 3023
f 3022 3023 3024
f 3021 3020 2988
f 2988 3020 2989
f 2992 3025 2990
f 2990 3025 3026
f 2990 3026 3017
f 3019 3027 3013
f 3013 3027 3014
f 3028 3029 3016
f 3016 3029 3030
f 3016 3030 3031
f 3032 3033 3028
f 3028 3033 3034
f 3028 3034 3029
f 3035 3036 3032
f 3032 3036 3037
f 3032 3037 3033
f 3038 3039 3035
f 3035 3039 3040
f 3035 3040 3036
f 3022 3041 3038
f 3038 3041 3042
f 3038 3042 3039
f 3043 3044 3009
f 3009 3044 3045
f 3009 3045 3046
f 3046 3047 3009
f 3009 3047 3048
f 3009 3048 3049
f 3049 3050 3009
f 3009 3050 3010
f 3012 3051 3005
f 3005 3051 3052
f 3005 3052 3053
f 3053 3054 3005
f 3005 3054 3055
f 3005 3055 3056
f 3056 3006 3005
f 3008 3057 3001
f 3001 3057 3058
f 3001 3058 3059
f 3059 3060 3001
f 3001 3060 3061
f 3001 3061 3062
f 3062 3002 3001
f 3004 3063 2997
f 2997 3063 3064
f 2997 3064 3065
f 3065 3066 2997
f 2997 3066 3067
f 2997 3067 3068
f 3068 3069 2997
f 2997 3069 2998
f 3000 3070 2993
f 2993 3070 3071
f 2993 3071 3072
f 3072 2994 2993
f 2996 3073 2988
f 2988 3073 3074
f 2988 3074 3075
f 3075 3076 2988
f 2988 3076 3021
f 3024 3041 3022
f 3016 3031 3009
f 3009 3031 3077
f 3009 3077 3043
f 2990 3078 2988
f 2988 3078 3079
f 3009 3080 3013
f 3013 3080 3081
f 3005 3082 3009
f 3009 3082 3080
f 3082 3005 3083
f 3083 3005 3001
f 2997 3084 3001
f 3001 3084 3083
f 2993 3085 2997
f 2997 3085 3084
f 3086 3087 3088
f 3088 3087 3089
f 3088 3089 3090
f 3090 3089 3091
f 3090 3091 3092
f 3092 3091 3093
f 3092 3093 3094
f 3087 3086 3095
f 3095 3086 3096
f 3095 3096 3097
f 3013 3081 2990
f 2990 3081 3078
f 2988 3079 2993
f 2993 3079 3085
f 3098 3099 3100
f 3100 3099 3101
f 3099 3102 3101
f 3101 3102 3103
f 3098 3104 3099
f 3099 3104 3102
f 3104 3098 3105
f 3105 3098 3100
f 3106 3107 3108
f 3106 3108 3109
f 3109 3108 3110
f 3109 3110 3111
f 3111 3110 3112
f 3111 3112 3113
f 3113 3112 3114
f 3114 3112 3115
f 3114 3115 3116
f 3116 3115 3117
f 3118 3119 3120
f 3118 3120 3121
f 3121 3120 3122
f 3121 3122 3123
f 3123 3122 3124
f 3123 3124 3125
f 3125 3124 3126
f 3126 3124 3127
f 3126 3127 3128
f 3128 3127 3129
f 3128 3129 3130
f 3130 3129 3131
f 3132 3133 3134
f 3132 3134 3135
f 3135 3134 3136
f 3135 3136 3137
f 3137 3136 3138
f 3138 3136 3139
f 3138 3139 3140
f 3140 3139 3141
f 3140 3141 3142
f 3143 3144 3145
f 3143 3145 3146
f 3146 3145 3147
f 3146 3147 3148
f 3148 3147 3149
f 3149 3147 3150
f 3149 3150 3151
f 3151 3150 3152
f 3151 3152 3153
f 3106 3154 3155
f 3155 3154 3156
f 3155 3156 3107
f 3107 3156 3157
f 3107 3157 3108
f 3108 3157 3158
f 3108 3158 3110
f 3110 3158 3159
f 3110 3159 3112
f 3112 3159 3160
f 3112 3160 3161
f 3154 3106 3162
f 3162 3106 3109
f 3162 3109 3163
f 3163 3109 3164
f 3164 3109 3111
f 3164 3111 3165
f 3165 3111 3166
f 3166 3111 3113
f 3166 3113 3167
f 3167 3113 3114
f 3167 3114 3168
f 3168 3114 3169
f 3169 3114 3116
f 3169 3116 3170
f 3170 3116 3171
f 3170 3171 3172
f 3172 3171 3117
f 3172 3117 3173
f 3173 3117 3115
f 3173 3115 3161
f 3161 3115 3112
f 3174 3175 3176
f 3176 3175 3177
f 3176 3177 3178
f 3176 3178 3179
f 3179 3178 3180
f 3179 3180 3181
f 3181 3180 3182
f 3181 3182 3183
f 3118 3184 3185
f 3185 3184 3186
f 3185 3186 3119
f 3119 3186 3187
f 3119 3187 3120
f 3120 3187 3188
f 3120 3188 3122
f 3122 3188 3189
f 3122 3189 3124
f 3124 3189 3190
f 3124 3190 3127
f 3127 3190 3191
f 3127 3191 3129
f 3129 3191 3192
f 3129 3192 3131
f 3131 3192 3193
f 3131 3193 3194
f 3194 3193 3195
f 3194 3195 3130
f 3130 3195 3196
f 3130 3196 3128
f 3128 3196 3197
f 3128 3197 3126
f 3126 3197 3198
f 3126 3198 3125
f 3125 3198 3199
f 3125 3199 3123
f 3123 3199 3200
f 3123 3200 3121
f 3121 3200 3201
f 3121 3201 3118
f 3118 3201 3184
f 3132 3202 3203
f 3203 3202 3204
f 3203 3204 3133
f 3133 3204 3205
f 3133 3205 3134
f 3134 3205 3206
f 3134 3206 3136
f 3136 3206 3207
f 3136 3207 3139
f 3139 3207 3208
f 3139 3208 3141
f 3141 3208 3209
f 3141 3209 3210
f 3210 3209 3211
f 3210 3211 3142
f 3142 3211 3212
f 3142 3212 3140
f 3140 3212 3213
f 3140 3213 3138
f 3138 3213 3214
f 3138 3214 3137
f 3137 3214 3215
f 3137 3215 3135
f 3135 3215 3216
f 3135 3216 3132
f 3132 3216 3202
f 3143 3217 3218
f 3218 3217 3219
f 3218 3219 3144
f 3144 3219 3220
f 3144 3220 3145
f 3145 3220 3221
f 3145 3221 3147
f 3147 3221 3222
f 3147 3222 3150
f 3150 3222 3223
f 3150 3223 3152
f 3152 3223 3224
f 3152 3224 3225
f 3225 3224 3226
f 3225 3226 3153
f 3153 3226 3227
f 3153 3227 3151
f 3151 3227 3228
f 3151 3228 3149
f 3149 3228 3229
f 3149 3229 3148
f 3148 3229 3230
f 3148 3230 3146
f 3146 3230 3231
f 3146 3231 3143
f 3143 3231 3217
f 3232 3233 3234
f 3234 3233 3235
f 3235 3233 3236
f 3235 3236 3237
f 3237 3236 3238
f 3237 3238 3239
f 3234 3235 3240
f 3240 3235 3241
f 3241 3235 3237
f 3241 3237 3239
f 3163 3164 3242
f 3242 3164 3243
f 3242 3243 3244
f 3245 3246 3244
f 3244 3246 3247
f 3244 3247 3242
f 3248 3249 3250
f 3250 3249 3251
f 3250 3251 3252
f 3252 3251 3253
f 3252 3253 3167
f 3167 3253 3166
f 3166 3253 3165
f 3165 3253 3254
f 3165 3254 3164
f 3164 3254 3243
f 3243 3254 3255
f 3243 3255 3244
f 3244 3255 3256
f 3244 3256 3245
f 3257 3248 3258
f 3258 3248 3250
f 3258 3250 3252
f 3167 3168 3252
f 3252 3168 3259
f 3252 3259 3258
f 3168 3169 3259
f 3259 3170 3258
f 3258 3170 3172
f 3258 3172 3257
f 3257 3172 3260
f 3260 3172 3261
f 3261 3172 3262
f 3262 3172 3263
f 3263 3172 3173
f 3263 3173 3264
f 3264 3173 3161
f 3264 3161 3265
f 3265 3161 3160
f 3265 3160 3266
f 3266 3160 3159
f 3266 3159 3267
f 3267 3159 3158
f 3267 3158 3268
f 3268 3158 3157
f 3268 3157 3269
f 3269 3157 3156
f 3269 3156 3270
f 3270 3156 3271
f 3271 3156 3272
f 3272 3156 3246
f 3246 3156 3247
f 3247 3156 3154
f 3247 3154 3242
f 3242 3162 3163
f 3273 3274 3275
f 3275 3274 3276
f 3182 3180 3277
f 3277 3180 3278
f 3278 3180 3178
f 3278 3178 3279
f 3279 3178 3280
f 3280 3178 3177
f 3280 3177 3281
f 3281 3177 3175
f 3183 3282 3181
f 3181 3282 3187
f 3181 3187 3186
f 3187 3282 3188
f 3188 3282 3283
f 3188 3283 3284
f 3188 3284 3189
f 3189 3284 3285
f 3189 3285 3190
f 3190 3285 3286
f 3190 3286 3191
f 3191 3286 3287
f 3191 3287 3192
f 3192 3287 3288
f 3192 3288 3193
f 3193 3288 3289
f 3193 3289 3290
f 3193 3290 3195
f 3195 3290 3291
f 3195 3291 3292
f 3292 3293 3195
f 3195 3293 3196
f 3196 3293 3294
f 3196 3294 3295
f 3196 3295 3197
f 3197 3295 3296
f 3197 3296 3198
f 3198 3296 3297
f 3198 3297 3199
f 3199 3297 3298
f 3199 3298 3200
f 3200 3298 3299
f 3200 3299 3300
f 3174 3176 3300
f 3300 3176 3201
f 3300 3201 3200
f 3201 3176 3184
f 3184 3176 3179
f 3184 3179 3186
f 3186 3179 3181
f 3301 3302 3303
f 3303 3302 3304
f 3303 3304 3305
f 3305 3304 3202
f 3305 3202 3306
f 3306 3202 3216
f 3306 3216 3215
f 3304 3307 3202
f 3202 3307 3204
f 3204 3307 3205
f 3205 3307 3308
f 3205 3308 3206
f 3206 3308 3309
f 3206 3309 3207
f 3207 3309 3310
f 3207 3310 3208
f 3208 3310 3209
f 3209 3310 3311
f 3209 3311 3312
f 3313 3314 3312
f 3312 3314 3315
f 3312 3315 3211
f 3211 3315 3316
f 3211 3316 3317
f 3318 3213 3317
f 3317 3213 3212
f 3317 3212 3211
f 3213 3318 3214
f 3214 3318 3319
f 3214 3319 3215
f 3215 3319 3306
f 3211 3209 3312
f 3320 3321 3217
f 3217 3321 3322
f 3217 3322 3323
f 3217 3323 3219
f 3219 3323 3324
f 3219 3324 3220
f 3220 3324 3325
f 3220 3325 3221
f 3221 3325 3326
f 3221 3326 3222
f 3222 3326 3327
f 3222 3327 3223
f 3223 3327 3328
f 3223 3328 3224
f 3224 3328 3329
f 3224 3329 3330
f 3330 3331 3224
f 3224 3331 3226
f 3226 3331 3332
f 3226 3332 3333
f 3226 3333 3227
f 3227 3333 3334
f 3227 3334 3228
f 3228 3334 3335
f 3228 3335 3229
f 3229 3335 3336
f 3229 3336 3230
f 3230 3336 3337
f 3230 3337 3231
f 3231 3337 3338
f 3231 3338 3217
f 3217 3338 3320
f 3339 3340 3232
f 3232 3340 3341
f 3232 3341 3233
f 3233 3341 3342
f 3233 3342 3236
f 3236 3342 3343
f 3236 3343 3238
f 3238 3343 3344
f 3238 3344 3345
f 3345 3344 3346
f 3345 3346 3347
f 3347 3346 3348
f 3348 3346 3349
f 3348 3349 3350
f 3350 3349 3351
f 3350 3351 3352
f 3352 3351 3353
f 3352 3353 3354
f 3354 3353 3355
f 3354 3355 3356
f 3356 3355 3357
f 3356 3357 3358
f 3358 3357 3359
f 3358 3359 3360
f 3360 3359 3361
f 3360 3361 3362
f 3362 3361 3363
f 3362 3363 3364
f 3364 3363 3365
f 3364 3365 3366
f 3366 3365 3367
f 3366 3367 3368
f 3368 3367 3369
f 3369 3367 3370
f 3369 3370 3371
f 3371 3370 3372
f 3371 3372 3373
f 3373 3372 3374
f 3373 3374 3375
f 3375 3374 3376
f 3375 3376 3377
f 3377 3376 3378
f 3377 3378 3379
f 3379 3378 3380
f 3379 3380 3381
f 3381 3380 3382
f 3381 3382 3383
f 3383 3382 3384
f 3383 3384 3385
f 3385 3384 3386
f 3385 3386 3387
f 3387 3386 3388
f 3388 3386 3389
f 3388 3389 3390
f 3390 3389 3391
f 3390 3391 3392
f 3392 3391 3393
f 3392 3393 3394
f 3394 3393 3395
f 3394 3395 3396
f 3396 3395 3397
f 3396 3397 3398
f 3398 3397 3399
f 3398 3399 3400
f 3400 3399 3401
f 3400 3401 3402
f 3402 3401 3403
f 3402 3403 3404
f 3404 3403 3405
f 3404 3405 3406
f 3406 3405 3407
f 3406 3407 3408
f 3408 3407 3339
f 3339 3407 3340
f 3409 3410 3411
f 3411 3410 3412
f 3412 3410 3413
f 3412 3413 3414
f 3414 3413 3415
f 3414 3415 3416
f 3416 3415 3417
f 3416 3417 3418
f 3418 3417 3419
f 3418 3419 3420
f 3420 3419 3421
f 3420 3421 3422
f 3422 3421 3423
f 3422 3423 3424
f 3425 3426 3427
f 3427 3426 3428
f 3428 3426 3429
f 3428 3429 3430
f 3430 3429 3431
f 3430 3431 3432
f 3432 3431 3433
f 3432 3433 3434
f 3434 3433 3435
f 3434 3435 3436
f 3436 3435 3437
f 3436 3437 3438
f 3438 3437 3439
f 3438 3439 3440
f 3441 3442 3443
f 3443 3442 3444
f 3444 3442 3445
f 3444 3445 3446
f 3446 3445 3447
f 3446 3447 3448
f 3448 3447 3449
f 3448 3449 3450
f 3450 3449 3451
f 3450 3451 3452
f 3452 3451 3453
f 3452 3453 3454
f 3454 3453 3455
f 3454 3455 3456
f 3456 3455 3457
f 3456 3457 3458
f 3459 3460 3461
f 3461 3460 3462
f 3462 3460 3463
f 3462 3463 3464
f 3464 3463 3465
f 3464 3465 3466
f 3466 3465 3467
f 3466 3467 3468
f 3468 3467 3469
f 3468 3469 3470
f 3470 3469 3471
f 3470 3471 3472
f 3472 3471 3473
f 3472 3473 3474
f 3474 3473 3475
f 3474 3475 3476
f 3477 3398 3478
f 3478 3398 3400
f 3478 3400 3479
f 3479 3400 3402
f 3479 3402 3480
f 3480 3402 3404
f 3480 3404 3481
f 3481 3404 3406
f 3481 3406 3482
f 3482 3406 3408
f 3482 3408 3483
f 3483 3408 3339
f 3483 3339 3484
f 3484 3339 3232
f 3484 3232 3234
f 3398 3477 3396
f 3396 3477 3485
f 3396 3485 3394
f 3394 3485 3486
f 3394 3486 3392
f 3392 3486 3487
f 3392 3487 3390
f 3390 3487 3488
f 3390 3488 3388
f 3388 3488 3489
f 3388 3489 3387
f 3387 3489 3490
f 3387 3490 3385
f 3385 3490 3491
f 3385 3491 3383
f 3383 3491 3492
f 3383 3492 3381
f 3381 3492 3493
f 3381 3493 3379
f 3379 3493 3494
f 3379 3494 3377
f 3377 3494 3495
f 3377 3495 3375
f 3375 3495 3496
f 3375 3496 3373
f 3373 3496 3497
f 3373 3497 3371
f 3371 3497 3498
f 3371 3498 3369
f 3369 3498 3499
f 3369 3499 3368
f 3368 3499 3500
f 3368 3500 3366
f 3366 3500 3501
f 3366 3501 3364
f 3364 3501 3502
f 3364 3502 3362
f 3362 3502 3503
f 3362 3503 3360
f 3360 3503 3504
f 3360 3504 3358
f 3358 3504 3505
f 3358 3505 3356
f 3356 3505 3506
f 3356 3506 3354
f 3354 3506 3507
f 3354 3507 3352
f 3352 3507 3508
f 3352 3508 3350
f 3350 3508 3509
f 3350 3509 3348
f 3348 3509 3510
f 3348 3510 3347
f 3347 3510 3511
f 3347 3511 3345
f 3345 3511 3512
f 3345 3512 3238
f 3238 3512 3239
f 3239 3512 3513
f 3239 3513 3241
f 3241 3513 3240
f 3240 3513 3514
f 3240 3514 3234
f 3234 3514 3484
f 3515 3516 3517
f 3517 3516 3518
f 3518 3516 3519
f 3518 3519 3520
f 3520 3519 3521
f 3520 3521 3522
f 3522 3521 3523
f 3522 3523 3524
f 3524 3523 3525
f 3524 3525 3526
f 3526 3525 3527
f 3527 3525 3528
f 3272 3246 3529
f 3529 3246 3245
f 3529 3245 3530
f 3530 3245 3256
f 3530 3256 3531
f 3531 3256 3255
f 3531 3255 3254
f 3531 3254 3532
f 3532 3254 3253
f 3532 3253 3533
f 3533 3253 3251
f 3533 3251 3534
f 3534 3251 3249
f 3534 3249 3535
f 3535 3249 3248
f 3535 3248 3536
f 3536 3248 3257
f 3536 3257 3260
f 3536 3260 3537
f 3537 3260 3261
f 3537 3261 3538
f 3538 3261 3539
f 3539 3261 3262
f 3539 3262 3540
f 3540 3262 3263
f 3540 3263 3541
f 3541 3263 3264
f 3541 3264 3542
f 3542 3264 3265
f 3542 3265 3543
f 3543 3265 3266
f 3543 3266 3544
f 3544 3266 3267
f 3544 3267 3545
f 3545 3267 3268
f 3545 3268 3546
f 3546 3268 3269
f 3546 3269 3547
f 3547 3269 3270
f 3547 3270 3517
f 3517 3270 3271
f 3517 3271 3515
f 3515 3271 3548
f 3548 3271 3272
f 3548 3272 3529
f 3539 3549 3538
f 3538 3549 3550
f 3550 3549 3551
f 3550 3551 3552
f 3552 3551 3553
f 3552 3553 3554
f 3554 3553 3555
f 3554 3555 3556
f 3556 3555 3274
f 3274 3555 3276
f 3557 3558 3559
f 3559 3558 3560
f 3560 3558 3561
f 3560 3561 3562
f 3562 3561 3563
f 3562 3563 3564
f 3564 3563 3275
f 3275 3563 3273
f 3174 3565 3175
f 3175 3565 3566
f 3175 3566 3281
f 3281 3566 3567
f 3281 3567 3280
f 3280 3567 3279
f 3279 3567 3557
f 3279 3557 3559
f 3174 3300 3565
f 3565 3300 3568
f 3568 3300 3299
f 3568 3299 3569
f 3569 3299 3298
f 3569 3298 3570
f 3570 3298 3297
f 3570 3297 3571
f 3571 3297 3296
f 3571 3296 3572
f 3572 3296 3295
f 3572 3295 3573
f 3573 3295 3294
f 3573 3294 3574
f 3574 3294 3293
f 3574 3293 3575
f 3575 3293 3576
f 3576 3293 3292
f 3576 3292 3577
f 3577 3292 3291
f 3577 3291 3578
f 3578 3291 3290
f 3578 3290 3579
f 3579 3290 3289
f 3579 3289 3580
f 3580 3289 3288
f 3580 3288 3581
f 3581 3288 3287
f 3581 3287 3582
f 3582 3287 3286
f 3582 3286 3583
f 3583 3286 3285
f 3583 3285 3584
f 3584 3285 3284
f 3584 3284 3585
f 3585 3284 3283
f 3585 3283 3586
f 3586 3283 3282
f 3586 3282 3587
f 3587 3282 3183
f 3587 3183 3182
f 3587 3182 3588
f 3588 3182 3277
f 3588 3277 3589
f 3589 3277 3278
f 3589 3278 3559
f 3559 3278 3279
f 3576 3590 3575
f 3575 3590 3591
f 3591 3590 3592
f 3591 3592 3593
f 3593 3592 3594
f 3593 3594 3595
f 3595 3594 3596
f 3595 3596 3597
f 3597 3596 3598
f 3597 3598 3599
f 3600 3601 3602
f 3602 3601 3603
f 3602 3603 3604
f 3602 3604 3605
f 3605 3604 3606
f 3605 3606 3607
f 3607 3606 3608
f 3607 3608 3609
f 3609 3608 3610
f 3609 3610 3611
f 3611 3610 3599
f 3611 3599 3598
f 3612 3613 3614
f 3614 3613 3615
f 3615 3613 3616
f 3615 3616 3617
f 3617 3616 3618
f 3617 3618 3619
f 3619 3618 3620
f 3619 3620 3621
f 3621 3620 3622
f 3621 3622 3623
f 3623 3622 3624
f 3624 3622 3625
f 3624 3625 3527
f 3527 3528 3624
f 3626 3301 3627
f 3627 3301 3303
f 3627 3303 3628
f 3628 3303 3305
f 3628 3305 3629
f 3629 3305 3306
f 3629 3306 3630
f 3630 3306 3319
f 3630 3319 3631
f 3631 3319 3318
f 3631 3318 3632
f 3632 3318 3317
f 3632 3317 3633
f 3633 3317 3316
f 3633 3316 3634
f 3634 3316 3315
f 3634 3315 3635
f 3635 3315 3314
f 3635 3314 3636
f 3636 3314 3313
f 3636 3313 3637
f 3637 3313 3312
f 3637 3312 3638
f 3638 3312 3311
f 3638 3311 3639
f 3639 3311 3310
f 3639 3310 3640
f 3640 3310 3309
f 3640 3309 3641
f 3641 3309 3308
f 3641 3308 3642
f 3642 3308 3307
f 3642 3307 3643
f 3643 3307 3304
f 3643 3304 3644
f 3644 3304 3302
f 3644 3302 3626
f 3626 3302 3301
f 3645 3321 3646
f 3646 3321 3320
f 3646 3320 3647
f 3647 3320 3338
f 3647 3338 3648
f 3648 3338 3337
f 3648 3337 3649
f 3649 3337 3336
f 3649 3336 3650
f 3650 3336 3335
f 3650 3335 3651
f 3651 3335 3334
f 3651 3334 3652
f 3652 3334 3333
f 3652 3333 3653
f 3653 3333 3332
f 3653 3332 3654
f 3654 3332 3331
f 3654 3331 3655
f 3655 3331 3330
f 3655 3330 3656
f 3656 3330 3329
f 3656 3329 3657
f 3657 3329 3328
f 3657 3328 3658
f 3658 3328 3327
f 3658 3327 3659
f 3659 3327 3326
f 3659 3326 3660
f 3660 3326 3325
f 3660 3325 3661
f 3661 3325 3324
f 3661 3324 3662
f 3662 3324 3323
f 3662 3323 3663
f 3663 3323 3322
f 3663 3322 3645
f 3645 3322 3321
f 3664 3665 3666
f 3666 3665 3667
f 3668 3399 3669
f 3669 3399 3397
f 3669 3397 3670
f 3670 3397 3395
f 3670 3395 3671
f 3671 3395 3393
f 3671 3393 3672
f 3672 3393 3391
f 3672 3391 3673
f 3673 3391 3389
f 3673 3389 3674
f 3674 3389 3386
f 3674 3386 3675
f 3675 3386 3384
f 3675 3384 3676
f 3676 3384 3382
f 3676 3382 3677
f 3677 3382 3380
f 3677 3380 3678
f 3678 3380 3378
f 3678 3378 3679
f 3679 3378 3376
f 3679 3376 3680
f 3680 3376 3374
f 3680 3374 3681
f 3681 3374 3372
f 3681 3372 3682
f 3682 3372 3370
f 3682 3370 3683
f 3683 3370 3367
f 3683 3367 3684
f 3684 3367 3365
f 3684 3365 3685
f 3685 3365 3363
f 3685 3363 3686
f 3686 3363 3361
f 3686 3361 3687
f 3687 3361 3359
f 3687 3359 3688
f 3688 3359 3357
f 3688 3357 3689
f 3689 3357 3355
f 3689 3355 3690
f 3690 3355 3353
f 3690 3353 3691
f 3691 3353 3351
f 3691 3351 3692
f 3692 3351 3349
f 3692 3349 3693
f 3693 3349 3346
f 3693 3346 3694
f 3694 3346 3344
f 3694 3344 3695
f 3695 3344 3343
f 3695 3343 3696
f 3696 3343 3342
f 3696 3342 3697
f 3697 3342 3341
f 3697 3341 3698
f 3698 3341 3340
f 3698 3340 3699
f 3699 3340 3407
f 3699 3407 3700
f 3700 3407 3405
f 3700 3405 3701
f 3701 3405 3403
f 3701 3403 3702
f 3702 3403 3401
f 3702 3401 3668
f 3668 3401 3399
f 3703 3704 3705
f 3703 3705 3706
f 3706 3705 3707
f 3706 3707 3708
f 3708 3707 3709
f 3709 3707 3710
f 3709 3710 3711
f 3710 3707 3712
f 3712 3707 3423
f 3712 3423 3421
f 3712 3421 3713
f 3713 3421 3419
f 3713 3419 3417
f 3713 3417 3714
f 3714 3417 3415
f 3714 3415 3715
f 3715 3415 3413
f 3715 3413 3716
f 3716 3413 3410
f 3716 3410 3717
f 3717 3410 3409
f 3717 3409 3718
f 3718 3409 3719
f 3718 3719 3720
f 3720 3719 3721
f 3720 3721 3722
f 3722 3721 3723
f 3723 3721 3724
f 3723 3724 3725
f 3725 3724 3726
f 3703 3727 3728
f 3728 3727 3729
f 3728 3729 3730
f 3730 3729 3731
f 3730 3731 3732
f 3732 3733 3730
f 3734 3735 3736
f 3736 3735 3737
f 3736 3737 3738
f 3736 3738 3704
f 3704 3738 3739
f 3704 3739 3705
f 3705 3739 3740
f 3705 3740 3707
f 3707 3740 3424
f 3707 3424 3423
f 3741 3742 3743
f 3743 3742 3744
f 3744 3742 3745
f 3744 3745 3746
f 3744 3746 3747
f 3747 3746 3748
f 3747 3748 3749
f 3747 3749 3667
f 3667 3749 3411
f 3667 3411 3412
f 3412 3414 3667
f 3667 3414 3416
f 3667 3416 3434
f 3434 3416 3432
f 3432 3416 3418
f 3432 3418 3430
f 3430 3418 3420
f 3430 3420 3750
f 3750 3420 3735
f 3735 3420 3422
f 3735 3422 3737
f 3737 3422 3424
f 3737 3424 3738
f 3738 3424 3739
f 3430 3750 3428
f 3428 3750 3751
f 3428 3751 3427
f 3427 3751 3752
f 3427 3752 3753
f 3667 3434 3666
f 3666 3434 3436
f 3666 3436 3438
f 3438 3440 3666
f 3666 3440 3754
f 3666 3754 3755
f 3755 3754 3756
f 3755 3756 3757
f 3755 3757 3758
f 3758 3757 3759
f 3758 3759 3760
f 3761 3762 3760
f 3760 3762 3758
f 3750 3763 3751
f 3751 3763 3764
f 3751 3764 3765
f 3751 3765 3752
f 3752 3765 3766
f 3752 3766 3753
f 3753 3766 3767
f 3753 3767 3768
f 3768 3767 3425
f 3768 3425 3427
f 3769 3770 3771
f 3771 3770 3772
f 3772 3770 3773
f 3773 3770 3774
f 3773 3774 3775
f 3775 3774 3776
f 3765 3773 3766
f 3766 3775 3777
f 3766 3777 3767
f 3767 3777 3778
f 3767 3778 3425
f 3425 3778 3779
f 3425 3779 3429
f 3429 3779 3431
f 3431 3779 3780
f 3431 3780 3433
f 3433 3780 3781
f 3433 3781 3435
f 3435 3781 3782
f 3435 3782 3783
f 3778 3784 3779
f 3779 3784 3785
f 3785 3784 3786
f 3435 3783 3437
f 3437 3783 3787
f 3437 3787 3439
f 3439 3787 3788
f 3439 3788 3789
f 3789 3788 3790
f 3789 3790 3791
f 3791 3790 3792
f 3791 3792 3793
f 3793 3792 3794
f 3793 3794 3795
f 3796 3794 3797
f 3429 3426 3425
f 3796 3798 3799
f 3799 3798 3800
f 3799 3800 3795
f 3795 3800 3801
f 3795 3801 3802
f 3802 3801 3803
f 3804 3760 3805
f 3805 3760 3759
f 3805 3759 3757
f 3805 3757 3793
f 3793 3757 3756
f 3793 3756 3791
f 3791 3756 3754
f 3791 3754 3789
f 3789 3754 3440
f 3789 3440 3439
f 3664 3666 3806
f 3806 3666 3755
f 3806 3755 3807
f 3807 3755 3758
f 3807 3758 3808
f 3808 3758 3762
f 3808 3762 3809
f 3809 3762 3761
f 3810 3811 3812
f 3812 3811 3813
f 3812 3813 3814
f 3812 3814 3815
f 3815 3814 3816
f 3815 3816 3817
f 3817 3816 3818
f 3817 3818 3819
f 3819 3818 3441
f 3819 3441 3443
f 3820 3821 3822
f 3822 3821 3823
f 3822 3823 3824
f 3824 3823 3825
f 3824 3825 3826
f 3826 3825 3827
f 3820 3816 3814
f 3820 3814 3813
f 3816 3826 3818
f 3818 3826 3828
f 3818 3828 3829
f 3829 3830 3818
f 3818 3830 3831
f 3818 3831 3832
f 3832 3833 3818
f 3818 3833 3834
f 3818 3834 3441
f 3441 3834 3835
f 3441 3835 3442
f 3442 3835 3445
f 3445 3835 3836
f 3445 3836 3447
f 3447 3836 3837
f 3447 3837 3449
f 3449 3837 3838
f 3449 3838 3451
f 3451 3838 3839
f 3451 3839 3453
f 3453 3839 3840
f 3453 3840 3455
f 3455 3840 3457
f 3457 3840 3841
f 3457 3841 3842
f 3842 3841 3843
f 3842 3843 3844
f 3844 3845 3842
f 3842 3845 3846
f 3842 3846 3847
f 3847 3848 3842
f 3842 3848 3849
f 3842 3849 3850
f 3850 3851 3852
f 3852 3851 3853
f 3853 3851 3854
f 3813 3811 3820
f 3854 3855 3853
f 3853 3855 3856
f 3853 3856 3857
f 3853 3857 3852
f 3852 3857 3858
f 3852 3858 3850
f 3850 3858 3859
f 3850 3859 3842
f 3842 3859 3458
f 3842 3458 3457
f 3860 3861 3862
f 3862 3861 3863
f 3862 3863 3864
f 3862 3864 3865
f 3865 3864 3866
f 3865 3866 3867
f 3867 3866 3868
f 3867 3868 3869
f 3869 3868 3459
f 3869 3459 3461
f 3870 3871 3872
f 3870 3872 3873
f 3873 3872 3874
f 3874 3872 3875
f 3874 3875 3876
f 3876 3875 3877
f 3871 3878 3879
f 3879 3878 3880
f 3880 3878 3881
f 3881 3878 3882
f 3871 3475 3872
f 3872 3475 3883
f 3883 3475 3473
f 3883 3473 3471
f 3471 3469 3883
f 3883 3469 3884
f 3884 3469 3467
f 3884 3467 3885
f 3885 3467 3465
f 3885 3465 3886
f 3886 3465 3463
f 3886 3463 3887
f 3887 3463 3460
f 3887 3460 3888
f 3888 3460 3889
f 3889 3460 3459
f 3889 3459 3890
f 3890 3459 3868
f 3890 3868 3891
f 3891 3868 3866
f 3891 3866 3892
f 3892 3866 3893
f 3893 3866 3894
f 3866 3864 3894
f 3895 3864 3863
f 3895 3863 3861
f 3893 3896 3897
f 3898 3899 3900
f 3900 3899 3901
f 3900 3901 3902
f 3902 3901 3903
f 3902 3903 3726
f 3726 3903 3904
f 3905 3906 3870
f 3870 3906 3907
f 3907 3906 3908
f 3908 3906 3909
f 3908 3909 3878
f 3878 3909 3910
f 3882 3911 3881
f 3881 3911 3912
f 3881 3912 3913
f 3881 3913 3880
f 3880 3913 3914
f 3880 3914 3879
f 3879 3914 3915
f 3879 3915 3871
f 3871 3915 3476
f 3871 3476 3475
f 3275 3276 3512
f 3512 3276 3555
f 3512 3555 3513
f 3513 3555 3553
f 3513 3553 3541
f 3541 3553 3551
f 3541 3551 3540
f 3540 3551 3549
f 3541 3542 3513
f 3513 3542 3514
f 3514 3542 3543
f 3514 3543 3484
f 3484 3543 3544
f 3484 3544 3545
f 3546 3522 3545
f 3545 3522 3524
f 3545 3524 3483
f 3483 3524 3526
f 3483 3526 3482
f 3482 3526 3527
f 3482 3527 3481
f 3481 3527 3625
f 3481 3625 3480
f 3480 3625 3622
f 3480 3622 3810
f 3810 3622 3620
f 3810 3620 3618
f 3522 3546 3520
f 3520 3546 3547
f 3520 3547 3518
f 3618 3616 3810
f 3810 3616 3613
f 3810 3613 3612
f 3810 3815 3817
f 3810 3817 3819
f 3819 3443 3810
f 3810 3443 3444
f 3810 3444 3477
f 3477 3444 3485
f 3485 3444 3446
f 3485 3446 3486
f 3486 3446 3448
f 3486 3448 3450
f 3486 3450 3487
f 3487 3450 3452
f 3487 3452 3488
f 3488 3452 3454
f 3488 3454 3489
f 3489 3454 3456
f 3489 3456 3855
f 3855 3456 3458
f 3855 3458 3856
f 3856 3458 3857
f 3857 3458 3858
f 3860 3492 3855
f 3855 3492 3491
f 3855 3491 3490
f 3862 3461 3860
f 3860 3461 3462
f 3860 3462 3496
f 3496 3462 3464
f 3496 3464 3497
f 3497 3464 3466
f 3497 3466 3498
f 3498 3466 3468
f 3498 3468 3499
f 3499 3468 3470
f 3499 3470 3472
f 3862 3865 3461
f 3461 3865 3867
f 3499 3472 3500
f 3500 3472 3474
f 3500 3474 3501
f 3501 3474 3911
f 3501 3911 3502
f 3502 3911 3503
f 3503 3911 3504
f 3504 3911 3611
f 3504 3611 3598
f 3474 3476 3911
f 3911 3476 3915
f 3911 3915 3914
f 3914 3913 3911
f 3600 3602 3911
f 3911 3602 3605
f 3911 3605 3607
f 3607 3609 3911
f 3911 3609 3611
f 3504 3598 3505
f 3505 3598 3596
f 3505 3596 3579
f 3579 3596 3594
f 3579 3594 3578
f 3578 3594 3592
f 3578 3592 3577
f 3577 3592 3590
f 3577 3590 3576
f 3579 3580 3505
f 3505 3580 3506
f 3506 3580 3581
f 3506 3581 3507
f 3507 3581 3582
f 3507 3582 3508
f 3508 3582 3583
f 3508 3583 3584
f 3508 3584 3509
f 3509 3584 3585
f 3509 3585 3510
f 3510 3585 3586
f 3510 3586 3511
f 3511 3586 3587
f 3511 3587 3588
f 3589 3562 3588
f 3588 3562 3564
f 3588 3564 3511
f 3511 3564 3275
f 3511 3275 3512
f 3559 3560 3589
f 3589 3560 3562
f 3477 3478 3810
f 3810 3478 3479
f 3810 3479 3480
f 3483 3484 3545
f 3496 3495 3860
f 3860 3495 3494
f 3860 3494 3493
f 3493 3492 3860
f 3490 3489 3855
f 3614 3627 3809
f 3809 3627 3628
f 3809 3628 3664
f 3664 3628 3629
f 3664 3629 3630
f 3615 3529 3614
f 3614 3529 3626
f 3614 3626 3627
f 3615 3617 3529
f 3529 3617 3619
f 3529 3619 3621
f 3621 3623 3529
f 3529 3623 3548
f 3548 3623 3624
f 3548 3624 3528
f 3528 3525 3548
f 3548 3525 3523
f 3548 3523 3515
f 3515 3523 3521
f 3515 3521 3519
f 3626 3529 3644
f 3644 3529 3530
f 3644 3530 3643
f 3643 3530 3531
f 3643 3531 3642
f 3642 3531 3532
f 3642 3532 3641
f 3641 3532 3533
f 3641 3533 3640
f 3640 3533 3534
f 3640 3534 3639
f 3639 3534 3535
f 3639 3535 3638
f 3638 3535 3536
f 3638 3536 3566
f 3566 3536 3567
f 3567 3536 3537
f 3567 3537 3273
f 3273 3537 3274
f 3274 3537 3556
f 3556 3537 3538
f 3556 3538 3554
f 3554 3538 3552
f 3273 3563 3567
f 3567 3563 3557
f 3557 3563 3561
f 3638 3566 3637
f 3637 3566 3565
f 3637 3565 3663
f 3663 3565 3662
f 3662 3565 3568
f 3662 3568 3661
f 3661 3568 3569
f 3661 3569 3660
f 3660 3569 3570
f 3660 3570 3659
f 3659 3570 3571
f 3659 3571 3658
f 3658 3571 3572
f 3658 3572 3657
f 3657 3572 3573
f 3657 3573 3601
f 3601 3573 3574
f 3601 3574 3603
f 3603 3574 3604
f 3604 3574 3606
f 3606 3574 3608
f 3608 3574 3610
f 3610 3574 3599
f 3599 3574 3597
f 3597 3574 3575
f 3597 3575 3595
f 3595 3575 3593
f 3657 3601 3656
f 3656 3601 3916
f 3656 3916 3665
f 3665 3916 3917
f 3917 3916 3918
f 3664 3650 3665
f 3665 3650 3651
f 3665 3651 3652
f 3664 3806 3809
f 3809 3806 3807
f 3647 3635 3646
f 3646 3635 3636
f 3646 3636 3645
f 3645 3636 3637
f 3645 3637 3663
f 3648 3633 3647
f 3647 3633 3634
f 3647 3634 3635
f 3649 3664 3648
f 3648 3664 3632
f 3648 3632 3633
f 3649 3650 3664
f 3652 3653 3665
f 3665 3653 3654
f 3665 3654 3655
f 3655 3656 3665
f 3630 3631 3664
f 3664 3631 3632
f 3916 3741 3919
f 3919 3741 3743
f 3919 3743 3918
f 3918 3743 3744
f 3918 3744 3917
f 3917 3744 3747
f 3917 3747 3665
f 3665 3747 3667
f 3411 3749 3409
f 3409 3749 3719
f 3719 3749 3748
f 3719 3748 3721
f 3721 3748 3746
f 3721 3746 3724
f 3724 3746 3745
f 3724 3745 3920
f 3920 3745 3921
f 3921 3745 3742
f 3668 3669 3922
f 3922 3669 3670
f 3922 3670 3923
f 3923 3670 3671
f 3923 3671 3924
f 3924 3671 3672
f 3924 3672 3925
f 3925 3672 3673
f 3925 3673 3926
f 3926 3673 3674
f 3926 3674 3927
f 3927 3674 3675
f 3927 3675 3928
f 3928 3675 3676
f 3928 3676 3929
f 3929 3676 3677
f 3929 3677 3930
f 3930 3677 3678
f 3930 3678 3679
f 3930 3679 3931
f 3931 3679 3680
f 3931 3680 3932
f 3932 3680 3681
f 3932 3681 3933
f 3933 3681 3682
f 3933 3682 3934
f 3934 3682 3683
f 3934 3683 3935
f 3935 3683 3684
f 3935 3684 3936
f 3936 3684 3685
f 3936 3685 3937
f 3937 3685 3686
f 3937 3686 3687
f 3937 3687 3938
f 3938 3687 3688
f 3938 3688 3939
f 3939 3688 3689
f 3939 3689 3940
f 3940 3689 3690
f 3940 3690 3941
f 3941 3690 3691
f 3941 3691 3942
f 3942 3691 3692
f 3942 3692 3943
f 3943 3692 3693
f 3943 3693 3944
f 3944 3693 3694
f 3944 3694 3945
f 3945 3694 3695
f 3945 3695 3696
f 3945 3696 3946
f 3946 3696 3697
f 3946 3697 3947
f 3947 3697 3698
f 3947 3698 3948
f 3948 3698 3699
f 3948 3699 3949
f 3949 3699 3700
f 3949 3700 3950
f 3950 3700 3701
f 3950 3701 3951
f 3951 3701 3702
f 3951 3702 3952
f 3952 3702 3668
f 3952 3668 3922
f 456 459 3953
f 3953 459 3954
f 3955 3956 3957
f 3957 3956 3958
f 3957 3958 3959
f 3959 3958 3960
f 3959 3960 3961
f 3961 3960 3962
f 3961 3962 3963
f 3963 3962 3964
f 3963 3964 3965
f 3965 3964 3966
f 3965 3966 3967
f 3967 3966 3968
f 3967 3968 3969
f 3969 3968 3970
f 3969 3970 3971
f 3971 3970 3972
f 3971 3972 3973
f 3973 3972 3974
f 3973 3974 3975
f 3975 3974 3976
f 3975 3976 3977
f 3977 3976 3978
f 3977 3978 3979
f 3979 3978 3980
f 3979 3980 3981
f 3981 3980 3982
f 3981 3982 3983
f 3983 3982 3984
f 3983 3984 3985
f 3985 3984 3986
f 3985 3986 3955
f 3955 3986 3956
f 3987 3988 3989
f 3989 3988 3990
f 3989 3990 3991
f 3991 3990 3992
f 3991 3992 3993
f 3993 3992 3994
f 3993 3994 3995
f 3995 3994 3996
f 3995 3996 3997
f 3997 3996 3998
f 3997 3998 3999
f 3999 3998 4000
f 3999 4000 4001
f 4001 4000 4002
f 4001 4002 4003
f 4003 4002 4004
f 4003 4004 4005
f 4005 4004 4006
f 4005 4006 4007
f 4007 4006 4008
f 4007 4008 4009
f 4009 4008 4010
f 4009 4010 4011
f 4011 4010 4012
f 4011 4012 4013
f 4013 4012 4014
f 4013 4014 4015
f 4015 4014 4016
f 4015 4016 4017
f 4017 4016 4018
f 4017 4018 3987
f 3987 4018 3988
f 4019 4020 4021
f 4021 4020 4022
f 4021 4022 4023
f 4023 4022 4024
f 4023 4024 4025
f 4025 4024 4026
f 4025 4026 4027
f 4027 4026 4028
f 4027 4028 4029
f 4029 4028 4030
f 4029 4030 4031
f 4031 4030 4032
f 4031 4032 4033
f 4033 4032 4034
f 4033 4034 4035
f 4035 4034 4036
f 4035 4036 4037
f 4037 4036 4038
f 4037 4038 4039
f 4039 4038 4040
f 4039 4040 4041
f 4041 4040 4042
f 4041 4042 4043
f 4043 4042 4044
f 4043 4044 4045
f 4045 4044 4046
f 4045 4046 4047
f 4047 4046 4048
f 4047 4048 4049
f 4049 4048 4050
f 4049 4050 4019
f 4019 4050 4020
f 3718 3720 4051
f 4051 3720 4052
f 4052 3720 3722
f 4052 3722 4053
f 4053 3722 3723
f 4053 3723 4054
f 4054 3723 3725
f 4054 3725 4055
f 4055 3725 4056
f 4055 4056 4057
f 4057 4056 3726
f 4057 3726 3904
f 4051 4058 3718
f 3718 4058 3717
f 3717 4058 4059
f 3717 4059 3716
f 3716 4059 4060
f 3716 4060 3715
f 3715 4060 4061
f 3715 4061 3714
f 3714 4061 4062
f 3714 4062 3713
f 3713 4062 4063
f 3713 4063 3712
f 3712 4063 4064
f 3712 4064 3710
f 3710 4064 4065
f 4065 4064 4066
f 4065 4066 4067
f 4065 4067 3711
f 3711 4067 4068
f 3711 4068 3709
f 3709 4068 4069
f 3709 4069 3708
f 3708 4069 4070
f 3708 4070 3706
f 3706 4070 3727
f 3706 3727 3703
f 3771 3763 3769
f 3769 3763 3734
f 3769 3734 3732
f 3732 3734 3733
f 3750 3735 3763
f 3763 3735 3734
f 4071 3785 4072
f 4072 3785 4073
f 4072 4073 3786
f 4072 3786 4074
f 4074 3786 3784
f 4074 3784 4075
f 4075 3784 3778
f 4075 3778 4076
f 4076 3778 3777
f 4076 3777 4077
f 4077 3777 3775
f 4077 3775 3776
f 4071 4078 3785
f 3785 4078 3779
f 3779 4078 4079
f 3779 4079 3780
f 3780 4079 4080
f 3780 4080 3781
f 3781 4080 4081
f 3781 4081 3782
f 3782 4081 4082
f 3782 4082 3783
f 3783 4082 4083
f 3783 4083 3787
f 3787 4083 4084
f 3787 4084 3788
f 4084 4085 3788
f 3788 4085 3790
f 3790 4085 4086
f 3790 4086 3792
f 3792 4086 4087
f 3792 4087 3794
f 3794 4087 4088
f 3794 4088 3797
f 3797 4088 4089
f 3797 4089 4090
f 4090 4089 3798
f 4090 3798 3796
f 3820 3811 3821
f 3821 3811 3803
f 3803 3811 3804
f 3803 3804 3802
f 3810 3612 3811
f 3811 3612 3804
f 3614 3809 3612
f 3612 3809 3761
f 3612 3761 3804
f 3804 3761 3760
f 3833 3832 4091
f 4091 3832 4092
f 4092 3832 3831
f 4092 3831 4093
f 4093 3831 3830
f 4093 3830 4094
f 4094 3830 3829
f 4094 3829 4095
f 4095 3829 3828
f 4095 3828 4096
f 4096 3828 3826
f 4096 3826 3827
f 4091 4097 3833
f 3833 4097 3834
f 3834 4097 4098
f 3834 4098 3835
f 3835 4098 4099
f 3835 4099 3836
f 3836 4099 4100
f 3836 4100 3837
f 3837 4100 4101
f 3837 4101 3838
f 3838 4101 4102
f 3838 4102 3839
f 3839 4102 4103
f 3839 4103 3840
f 3840 4103 4104
f 3840 4104 3841
f 3841 4104 3843
f 3843 4104 4105
f 4105 4106 3843
f 3843 4106 3844
f 3844 4106 4107
f 3844 4107 3845
f 3845 4107 4108
f 3845 4108 3846
f 3846 4108 4109
f 3846 4109 3847
f 3847 4109 4110
f 3847 4110 3848
f 3848 4110 4111
f 3848 4111 3849
f 3895 3861 4112
f 4112 3861 3854
f 4112 3854 4113
f 4113 3854 3851
f 3860 3855 3861
f 3861 3855 3854
f 3890 3891 4114
f 4114 3891 4115
f 4115 3891 3892
f 4115 3892 4116
f 4116 3892 3893
f 4116 3893 4117
f 4117 3893 3897
f 4117 3897 4118
f 4118 3897 4119
f 4118 4119 4120
f 4120 4119 4121
f 4120 4121 4122
f 3890 4114 3889
f 3889 4114 4123
f 3889 4123 4124
f 3889 4124 3888
f 3888 4124 4125
f 3888 4125 3887
f 3887 4125 4126
f 3887 4126 3886
f 3886 4126 4127
f 3886 4127 3885
f 3885 4127 4128
f 3885 4128 3884
f 3884 4128 4129
f 3884 4129 3883
f 3883 4129 4130
f 3883 4130 3872
f 3872 4130 4131
f 3872 4131 3875
f 4131 4132 3875
f 3875 4132 3877
f 3877 4132 4133
f 3877 4133 4134
f 4134 4133 4135
f 4134 4135 3876
f 3876 4135 4136
f 3876 4136 3874
f 3874 4136 4137
f 3874 4137 3873
f 3873 4137 3905
f 3873 3905 3870
f 3742 3741 3921
f 3921 3741 3600
f 3921 3600 3882
f 3882 3600 3911
f 3741 3916 3600
f 3600 3916 3601
f 3878 3910 3882
f 3882 3910 3899
f 3882 3899 3921
f 3921 3899 3898
f 4138 4139 4046
f 4046 4139 4140
f 4046 4140 4048
f 4048 4140 4141
f 4048 4141 4050
f 4050 4141 4142
f 4050 4142 4143
f 4050 4143 4020
f 4020 4143 4144
f 4020 4144 4022
f 4022 4144 4145
f 4022 4145 4024
f 4024 4145 4146
f 4024 4146 4147
f 4024 4147 4026
f 4026 4147 4148
f 4026 4148 4028
f 4028 4148 4149
f 4028 4149 4150
f 4028 4150 4030
f 4030 4150 4151
f 4030 4151 4032
f 4032 4151 4152
f 4032 4152 4034
f 4034 4152 4153
f 4034 4153 4154
f 4034 4154 4036
f 4036 4154 4155
f 4036 4155 4038
f 4038 4155 4156
f 4038 4156 4157
f 4038 4157 4040
f 4040 4157 4158
f 4040 4158 4042
f 4042 4158 4044
f 4044 4158 4138
f 4044 4138 4046
f 4159 4160 420
f 420 4160 419
f 4161 4156 4162
f 4162 4156 4155
f 4162 4155 4163
f 4163 4155 4154
f 4163 4154 4153
f 4163 4153 4164
f 4164 4153 4152
f 4164 4152 4165
f 4165 4152 4151
f 4165 4151 4166
f 4166 4151 4150
f 4166 4150 4167
f 4167 4150 4149
f 4167 4149 4168
f 4168 4149 4148
f 4168 4148 4169
f 4169 4148 4147
f 4169 4147 4170
f 4170 4147 4146
f 4170 4146 4171
f 4171 4146 4145
f 4171 4145 4172
f 4172 4145 4144
f 4172 4144 4173
f 4173 4144 4143
f 4173 4143 4174
f 4174 4143 4142
f 4174 4142 4175
f 4175 4142 4141
f 4175 4141 4176
f 4176 4141 4140
f 4176 4140 4177
f 4177 4140 4139
f 4177 4139 4178
f 4179 3922 4180
f 4180 3922 3923
f 4180 3923 4181
f 4181 3923 3924
f 4181 3924 4182
f 4182 3924 3925
f 4182 3925 4183
f 4183 3925 3926
f 4183 3926 4184
f 4184 3926 3927
f 4184 3927 4185
f 4185 3927 3928
f 4185 3928 4186
f 4186 3928 3929
f 4186 3929 4187
f 4187 3929 3930
f 4187 3930 4188
f 4188 3930 3931
f 4188 3931 4189
f 4189 3931 3932
f 4189 3932 4190
f 4190 3932 3933
f 4190 3933 4191
f 4191 3933 3934
f 4191 3934 4192
f 4192 3934 3935
f 4192 3935 4193
f 4193 3935 3936
f 4193 3936 4194
f 4194 3936 3937
f 4194 3937 4195
f 4195 3937 3938
f 4195 3938 4196
f 4196 3938 3939
f 4196 3939 4197
f 4197 3939 3940
f 4197 3940 4198
f 4198 3940 3941
f 4198 3941 4199
f 4199 3941 3942
f 4199 3942 4200
f 4200 3942 3943
f 4200 3943 4201
f 4201 3943 3944
f 4201 3944 4202
f 4202 3944 3945
f 4202 3945 4203
f 4203 3945 3946
f 4203 3946 4204
f 4204 3946 3947
f 4204 3947 4205
f 4205 3947 3948
f 4205 3948 4206
f 4206 3948 3949
f 4206 3949 4207
f 4207 3949 3950
f 4207 3950 4208
f 4208 3950 3951
f 4208 3951 4209
f 4209 3951 3952
f 4209 3952 4179
f 4179 3952 3922
f 4210 4211 4212
f 4212 4211 4213
f 4212 4213 4214
f 4214 4213 4215
f 4214 4215 4216
f 4216 4215 4217
f 4216 4217 4218
f 4218 4217 4219
f 4218 4219 4220
f 4220 4219 4221
f 4220 4221 4222
f 4222 4221 4223
f 4222 4223 4224
f 4224 4223 4225
f 4224 4225 4226
f 4226 4225 4227
f 4226 4227 4228
f 4228 4227 4229
f 4228 4229 4230
f 4230 4229 4231
f 4230 4231 4232
f 4232 4231 4233
f 4232 4233 4234
f 4234 4233 4235
f 4234 4235 4236
f 4236 4235 4237
f 4236 4237 4238
f 4238 4237 4239
f 4238 4239 4240
f 4240 4239 4241
f 4240 4241 4210
f 4210 4241 4211
f 4242 4243 442
f 442 4243 441
f 441 4243 4244
f 441 4244 440
f 440 4244 4245
f 440 4245 435
f 435 4245 4246
f 435 4246 433
f 433 4246 4247
f 433 4247 430
f 430 4247 4248
f 430 4248 427
f 427 4248 4249
f 427 4249 424
f 424 4249 4250
f 424 4250 421
f 421 4250 4159
f 421 4159 420
f 3953 4251 456
f 456 4251 454
f 454 4251 4252
f 454 4252 452
f 452 4252 4253
f 452 4253 450
f 450 4253 4254
f 450 4254 448
f 448 4254 4255
f 448 4255 446
f 446 4255 4256
f 446 4256 444
f 444 4256 4257
f 444 4257 443
f 4258 4257 3956
f 3956 4257 4256
f 3956 4256 3958
f 3958 4256 4255
f 3958 4255 4254
f 3958 4254 3960
f 3960 4254 4253
f 3960 4253 3962
f 3962 4253 3964
f 3964 4253 4252
f 3964 4252 3966
f 3966 4252 4251
f 3966 4251 3968
f 3968 4251 3953
f 3968 3953 3970
f 3970 3953 3972
f 3972 3953 3974
f 3974 3953 3954
f 3974 3954 3990
f 3990 3954 3992
f 3992 3954 3994
f 3994 3954 3996
f 3996 3954 4259
f 3996 4259 3998
f 3998 4259 4260
f 3998 4260 4000
f 4000 4260 4261
f 4000 4261 4002
f 4002 4261 4004
f 4004 4261 4262
f 4004 4262 4006
f 4006 4262 4263
f 4006 4263 4264
f 4006 4264 4008
f 4008 4264 4265
f 4008 4265 4266
f 4258 4016 4266
f 4266 4016 4014
f 4266 4014 4012
f 3974 3990 3976
f 3976 3990 3988
f 3976 3988 3978
f 3978 3988 4018
f 3978 4018 3980
f 3980 4018 4016
f 3980 4016 4258
f 4012 4010 4266
f 4266 4010 4008
f 3956 3986 4258
f 4258 3986 3984
f 4258 3984 3982
f 3982 3980 4258
f 397 4265 474
f 474 4265 4264
f 474 4264 4263
f 474 4263 473
f 473 4263 4262
f 473 4262 471
f 471 4262 4261
f 471 4261 468
f 468 4261 4260
f 468 4260 466
f 466 4260 4259
f 466 4259 461
f 461 4259 3954
f 461 3954 459
f 454 3967 456
f 456 3967 3969
f 456 3969 4074
f 4074 3969 4072
f 4072 3969 3971
f 4071 3971 4078
f 4078 3971 3973
f 4078 3973 4079
f 4079 3973 3975
f 4079 3975 4080
f 4080 3975 3977
f 4080 3977 4081
f 4081 3977 3979
f 4081 3979 4082
f 4082 3979 3981
f 4082 3981 4083
f 4083 3981 3983
f 4083 3983 4084
f 4084 3983 3985
f 4084 3985 4085
f 4085 3985 3955
f 4085 3955 4086
f 4086 3955 4087
f 4087 3955 3957
f 4087 3957 446
f 446 3957 448
f 448 3957 3959
f 448 3959 450
f 450 3959 3961
f 450 3961 3963
f 3967 454 3965
f 3965 454 452
f 3965 452 3963
f 3963 452 450
f 446 444 4087
f 4087 444 443
f 4087 443 4088
f 4088 443 4089
f 4089 443 3803
f 443 442 3803
f 3803 442 3821
f 3821 442 3827
f 442 441 3827
f 3827 441 4096
f 4096 441 440
f 4096 440 4095
f 4095 440 4094
f 4094 440 435
f 4094 435 4093
f 4093 435 4212
f 4093 4212 4214
f 435 433 4212
f 4212 433 4210
f 4210 433 430
f 4210 430 4240
f 4240 430 4238
f 4238 430 427
f 4238 427 4236
f 4236 427 4234
f 4234 427 424
f 4234 424 4107
f 4107 424 4108
f 4108 424 4109
f 4109 424 421
f 4109 421 4110
f 4110 421 4111
f 4113 421 420
f 4113 420 419
f 4113 419 4112
f 4112 419 417
f 4122 417 4120
f 4120 417 4118
f 4118 417 414
f 4118 414 4117
f 4117 414 4116
f 4116 414 4047
f 4116 4047 4115
f 4115 4047 4049
f 4115 4049 4114
f 4114 4049 4019
f 4114 4019 4123
f 4123 4019 4021
f 4123 4021 4124
f 4124 4021 4125
f 4125 4021 4023
f 4125 4023 4126
f 4126 4023 4025
f 4126 4025 4127
f 4127 4025 4027
f 4127 4027 4128
f 4128 4027 4029
f 4128 4029 4129
f 4129 4029 4031
f 4129 4031 4130
f 4130 4031 4033
f 4130 4033 4131
f 4131 4033 4035
f 4131 4035 4132
f 4132 4035 4133
f 4133 4035 4037
f 4133 4037 401
f 401 4037 406
f 406 4037 4039
f 406 4039 408
f 408 4039 4041
f 408 4041 4043
f 414 411 4047
f 4047 411 4045
f 4045 411 4043
f 4043 411 408
f 4133 401 4135
f 4135 401 399
f 4135 399 4136
f 4136 399 4137
f 4137 399 398
f 4137 398 3905
f 3905 398 396
f 3905 396 3910
f 3910 396 3899
f 3899 396 397
f 3899 397 4057
f 4057 397 4055
f 4055 397 4054
f 4054 397 474
f 4054 474 473
f 4054 473 4005
f 4005 473 471
f 4005 471 4003
f 4003 471 468
f 4003 468 4001
f 4001 468 3999
f 3999 468 466
f 3999 466 3997
f 3997 466 461
f 3997 461 3995
f 3995 461 459
f 3995 459 3993
f 3993 459 4067
f 3993 4067 4066
f 456 3732 459
f 459 4070 4069
f 4107 4106 4234
f 4234 4106 4232
f 4232 4106 4105
f 4232 4105 4230
f 4230 4105 4104
f 4230 4104 4228
f 4228 4104 4103
f 4228 4103 4102
f 4228 4102 4226
f 4226 4102 4101
f 4226 4101 4224
f 4224 4101 4100
f 4224 4100 4222
f 4222 4100 4099
f 4222 4099 4220
f 4220 4099 4098
f 4220 4098 4218
f 4218 4098 4097
f 4218 4097 4216
f 4216 4097 4091
f 4216 4091 4214
f 4214 4091 4092
f 4214 4092 4093
f 4074 4075 456
f 456 4075 4076
f 456 4076 4077
f 3769 3732 456
f 4069 4068 459
f 459 4068 4067
f 3993 4066 3991
f 3991 4064 4063
f 3991 4063 3989
f 3989 4063 4062
f 3989 4062 3987
f 3987 4062 4061
f 3987 4061 4017
f 4017 4061 4060
f 4017 4060 4015
f 4015 4060 4059
f 4015 4059 4013
f 4013 4059 4058
f 4013 4058 4011
f 4011 4058 4051
f 4011 4051 4009
f 4009 4051 4052
f 4009 4052 4007
f 4007 4052 4053
f 4007 4053 4054
f 4005 4007 4054
f 4178 4139 4267
f 4267 4139 414
f 4267 414 417
f 414 4139 411
f 411 4139 4138
f 411 4138 408
f 408 4138 4158
f 408 4158 406
f 406 4158 4157
f 406 4157 401
f 401 4157 4156
f 401 4156 399
f 399 4156 4268
f 399 4268 398
f 398 4268 4269
f 398 4269 396
f 396 4269 4270
f 4156 4161 4268
f 4267 417 4271
f 4271 417 419
f 4271 419 4160
f 4161 4162 4268
f 4268 4162 4163
f 4268 4163 4269
f 4269 4163 4164
f 4269 4164 4270
f 4270 4164 4165
f 4270 4165 4166
f 4167 4195 4166
f 4166 4195 4196
f 4166 4196 4270
f 4270 4196 4197
f 4270 4197 4272
f 4272 4197 4273
f 4273 4197 4198
f 4273 4198 4274
f 4274 4198 4199
f 4274 4199 4275
f 4275 4199 4200
f 4275 4200 4201
f 4167 4168 4195
f 4195 4168 4194
f 4194 4168 4169
f 4194 4169 4193
f 4193 4169 4170
f 4193 4170 4192
f 4192 4170 4171
f 4192 4171 4191
f 4191 4171 4172
f 4191 4172 4190
f 4190 4172 4173
f 4190 4173 4160
f 4160 4173 4174
f 4160 4174 4175
f 4160 4175 4271
f 4271 4175 4176
f 4271 4176 4267
f 4267 4176 4177
f 4267 4177 4178
f 4159 4188 4160
f 4160 4188 4189
f 4160 4189 4190
f 4250 4231 4159
f 4159 4231 4229
f 4159 4229 4185
f 4185 4229 4184
f 4184 4229 4227
f 4184 4227 4183
f 4183 4227 4225
f 4183 4225 4182
f 4182 4225 4223
f 4182 4223 4181
f 4181 4223 4221
f 4181 4221 4242
f 4242 4221 4219
f 4242 4219 4217
f 4231 4250 4233
f 4233 4250 4249
f 4233 4249 4235
f 4235 4249 4248
f 4235 4248 4237
f 4237 4248 4239
f 4239 4248 4247
f 4239 4247 4241
f 4241 4247 4246
f 4241 4246 4211
f 4211 4246 4213
f 4213 4246 4245
f 4213 4245 4215
f 4215 4245 4244
f 4215 4244 4217
f 4217 4244 4243
f 4217 4243 4242
f 4276 4277 4242
f 4242 4277 4278
f 4242 4278 4279
f 4279 4280 4242
f 4242 4280 4281
f 4242 4281 4282
f 4242 4282 4179
f 4179 4282 4283
f 4179 4283 4209
f 4209 4283 4284
f 4209 4284 4208
f 4208 4284 4285
f 4208 4285 4207
f 4207 4285 4206
f 4206 4285 4205
f 4205 4285 4204
f 4204 4285 4203
f 4203 4285 4275
f 4203 4275 4202
f 4202 4275 4201
f 4272 4286 4270
f 4270 4286 4287
f 4270 4287 4288
f 4288 4289 4270
f 4270 4289 4290
f 4270 4290 4291
f 4179 4180 4242
f 4242 4180 4181
f 4185 4186 4159
f 4159 4186 4187
f 4159 4187 4188
f 4292 4276 4293
f 4293 4276 4258
f 4258 4276 443
f 4258 443 4257
f 4242 442 4276
f 4276 442 443
f 4258 4266 4293
f 4293 4266 4294
f 4270 4291 396
f 396 4291 397
f 397 4291 4266
f 397 4266 4265
f 4295 4294 4291
f 4291 4294 4266
f 4296 4297 4275
f 4275 4297 4274
f 4274 4297 4298
f 4274 4298 4273
f 4273 4298 4299
f 4273 4299 4272
f 4272 4299 4300
f 4272 4300 4286
f 4286 4300 4301
f 4286 4301 4287
f 4287 4301 4302
f 4287 4302 4288
f 4288 4302 4303
f 4288 4303 4289
f 4289 4303 4304
f 4289 4304 4290
f 4290 4304 4295
f 4290 4295 4291
f 4275 4285 4296
f 4296 4285 4305
f 4292 4306 4276
f 4276 4306 4277
f 4277 4306 4307
f 4277 4307 4278
f 4278 4307 4308
f 4278 4308 4279
f 4279 4308 4309
f 4279 4309 4280
f 4280 4309 4310
f 4280 4310 4281
f 4281 4310 4311
f 4281 4311 4282
f 4282 4311 4312
f 4282 4312 4283
f 4283 4312 4313
f 4283 4313 4284
f 4284 4313 4305
f 4284 4305 4285
f 4297 4296 4295
f 4295 4296 4305
f 4295 4305 4292
f 4292 4305 4313
f 4292 4313 4306
f 4306 4313 4312
f 4306 4312 4311
f 4311 4310 4306
f 4306 4310 4309
f 4306 4309 4308
f 4308 4307 4306
f 4293 4294 4292
f 4292 4294 4295
f 4304 4303 4295
f 4295 4303 4302
f 4295 4302 4301
f 4301 4300 4295
f 4295 4300 4299
f 4295 4299 4298
f 4298 4297 4295
f 4314 4315 4316
f 4316 4315 4317
f 4318 4319 4320
f 4320 4319 4321
f 4315 4322 4317
f 4317 4322 4323
f 4316 4324 4314
f 4314 4324 4325
f 4319 4326 4321
f 4321 4326 4327
f 4320 4328 4318
f 4318 4328 4329
f 4330 4331 4332
f 4332 4331 4333
f 4333 4331 4334
f 4333 4334 4335
f 4335 4334 4336
f 4335 4336 4337
f 4337 4336 4338
f 4337 4338 4339
f 4339 4338 4340
f 4339 4340 4341
f 4341 4340 4342
f 4341 4342 4343
f 4344 4345 4346
f 4346 4345 4347
f 4347 4345 4348
f 4347 4348 4349
f 4349 4348 4350
f 4349 4350 4351
f 4351 4350 4352
f 4351 4352 4353
f 4353 4352 4354
f 4353 4354 4355
f 4355 4354 4356
f 4355 4356 4357
f 4358 4359 4360
f 4360 4359 4361
f 4362 4363 4364
f 4364 4363 4365
f 4362 4366 4363
f 4363 4366 4367
f 4363 4367 4368
f 4368 4367 4369
f 4369 4367 4370
f 4370 4367 4371
f 4365 4363 4372
f 4372 4363 4368
f 4372 4368 4373
f 4373 4368 4369
f 4373 4369 4374
f 4374 4369 4370
f 4374 4370 4375
f 4375 4370 4371
f 4376 4377 4378
f 4378 4377 4379
f 4378 4379 4380
f 4380 4379 4381
f 4380 4381 4382
f 4382 4381 4383
f 4384 4385 4386
f 4384 4386 4387
f 4387 4386 4388
f 4388 4386 4389
f 4389 4386 4390
f 4390 4386 4391
f 4391 4386 4392
f 4392 4386 4393
f 4393 4386 4394
f 4393 4394 4395
f 4395 4394 4396
f 4395 4396 4397
f 4385 4398 4399
f 4399 4398 4400
f 4400 4398 4401
f 4395 4397 4402
f 4402 4397 4403
f 4402 4403 4404
f 4404 4403 4405
f 4404 4405 4406
f 4406 4405 4407
f 4406 4407 4408
f 4408 4407 4409
f 4408 4409 4410
f 4410 4409 4411
f 4410 4411 4412
f 4410 4412 4413
f 4413 4412 4414
f 4413 4414 4415
f 4415 4414 4416
f 4416 4414 4417
f 4417 4414 4418
f 4418 4414 4419
f 4419 4414 4420
f 4420 4414 4382
f 4382 4414 4421
f 4376 4421 4422
f 4376 4422 4423
f 4423 4424 4376
f 4323 4322 4425
f 4425 4322 4426
f 4425 4426 4427
f 4427 4426 4428
f 4427 4428 4429
f 4429 4428 4430
f 4429 4430 4431
f 4431 4430 4432
f 4425 4433 4323
f 4323 4433 4324
f 4323 4324 4317
f 4317 4324 4316
f 4433 4425 4434
f 4434 4425 4427
f 4434 4427 4435
f 4435 4427 4429
f 4435 4429 4436
f 4436 4429 4431
f 4325 4324 4437
f 4437 4324 4433
f 4437 4433 4438
f 4438 4433 4434
f 4438 4434 4439
f 4439 4434 4435
f 4439 4435 4440
f 4440 4435 4436
f 4441 4442 4443
f 4441 4443 4444
f 4445 4446 4447
f 4445 4447 4442
f 4446 4448 4449
f 4446 4450 4447
f 4447 4450 4451
f 4447 4451 4452
f 4452 4451 4453
f 4452 4453 4454
f 4454 4453 4455
f 4454 4455 4456
f 4456 4455 4457
f 4456 4457 4458
f 4456 4458 4459
f 4459 4458 4460
f 4459 4460 4461
f 4461 4460 4462
f 4461 4462 4463
f 4463 4462 4464
f 4463 4464 4465
f 4465 4464 4466
f 4465 4466 4467
f 4467 4466 4468
f 4468 4466 4469
f 4469 4466 4470
f 4469 4470 4471
f 4471 4470 4472
f 4473 4474 4470
f 4470 4474 4475
f 4470 4475 4472
f 4474 4473 4476
f 4476 4473 4477
f 4471 4478 4479
f 4479 4478 4480
f 4480 4478 4481
f 4481 4478 4482
f 4483 4484 4472
f 4472 4484 4485
f 4485 4484 4486
f 4486 4484 4487
f 4486 4487 4478
f 4478 4487 4488
f 4327 4326 4489
f 4489 4326 4490
f 4489 4490 4491
f 4491 4490 4492
f 4491 4492 4493
f 4493 4492 4494
f 4493 4494 4495
f 4495 4494 4496
f 4489 4497 4327
f 4327 4497 4328
f 4327 4328 4320
f 4497 4489 4498
f 4498 4489 4491
f 4498 4491 4499
f 4499 4491 4493
f 4499 4493 4500
f 4500 4493 4495
f 4320 4321 4327
f 4329 4328 4501
f 4501 4328 4497
f 4501 4497 4502
f 4502 4497 4498
f 4502 4498 4503
f 4503 4498 4499
f 4503 4499 4504
f 4504 4499 4500
f 4505 4506 4507
f 4507 4506 4508
f 4507 4508 4509
f 4509 4508 4510
f 4509 4510 4511
f 4511 4510 4512
f 4511 4512 4359
f 4359 4512 4361
f 4330 4332 4513
f 4513 4332 4514
f 4513 4514 4515
f 4515 4514 4516
f 4515 4516 4517
f 4517 4516 4518
f 4518 4516 4519
f 4518 4519 4520
f 4520 4519 4521
f 4521 4519 4522
f 4521 4522 4523
f 4523 4522 4524
f 4523 4524 4525
f 4525 4524 4526
f 4527 4528 4529
f 4529 4528 4530
f 4529 4530 4531
f 4531 4530 4532
f 4531 4532 4533
f 4533 4532 4534
f 4535 4536 4537
f 4537 4536 4538
f 4538 4536 4539
f 4538 4539 4540
f 4540 4539 4541
f 4541 4539 4542
f 4541 4542 4543
f 4543 4542 4544
f 4544 4542 4342
f 4544 4342 4545
f 4545 4342 4340
f 4545 4340 4546
f 4546 4340 4338
f 4546 4338 4547
f 4547 4338 4336
f 4547 4336 4548
f 4548 4336 4334
f 4548 4334 4549
f 4549 4334 4331
f 4549 4331 4550
f 4550 4331 4330
f 4550 4330 4551
f 4551 4515 4552
f 4552 4515 4517
f 4552 4517 4553
f 4553 4517 4518
f 4553 4518 4520
f 4553 4520 4554
f 4554 4520 4521
f 4554 4521 4555
f 4555 4521 4556
f 4557 4558 4559
f 4559 4558 4560
f 4560 4558 4561
f 4560 4561 4562
f 4562 4561 4563
f 4562 4563 4564
f 4565 4564 4566
f 4564 4565 4535
f 4535 4565 4567
f 4535 4567 4536
f 4536 4567 4568
f 4536 4568 4539
f 4539 4568 4569
f 4539 4569 4542
f 4542 4569 4343
f 4542 4343 4342
f 4570 4337 4571
f 4571 4337 4339
f 4571 4339 4341
f 4570 4572 4337
f 4337 4572 4573
f 4337 4573 4574
f 4575 4349 4574
f 4574 4349 4351
f 4574 4351 4360
f 4360 4351 4353
f 4360 4353 4355
f 4349 4575 4347
f 4347 4575 4576
f 4347 4576 4346
f 4346 4576 4577
f 4346 4577 4578
f 4355 4357 4360
f 4360 4357 4579
f 4360 4579 4580
f 4580 4579 4581
f 4580 4581 4582
f 4582 4583 4580
f 4580 4583 4584
f 4580 4584 4585
f 4585 4584 4586
f 4586 4584 4587
f 4360 4361 4574
f 4574 4361 4337
f 4512 4514 4361
f 4361 4514 4332
f 4361 4332 4333
f 4510 4524 4512
f 4512 4524 4522
f 4512 4522 4519
f 4510 4508 4524
f 4524 4508 4506
f 4519 4516 4512
f 4512 4516 4514
f 4333 4335 4361
f 4361 4335 4337
f 4343 4565 4341
f 4341 4565 4566
f 4341 4566 4571
f 4343 4568 4567
f 4343 4567 4565
f 4344 4346 4588
f 4588 4346 4589
f 4588 4589 4590
f 4590 4589 4578
f 4590 4578 4591
f 4591 4578 4577
f 4591 4577 4592
f 4592 4577 4576
f 4592 4576 4593
f 4593 4576 4575
f 4593 4594 4595
f 4595 4594 4596
f 4595 4596 4597
f 4597 4596 4598
f 4597 4598 4599
f 4599 4598 4600
f 4592 4601 4591
f 4591 4601 4602
f 4591 4602 4590
f 4590 4602 4603
f 4590 4603 4588
f 4588 4603 4604
f 4588 4604 4605
f 4605 4606 4588
f 4344 4606 4345
f 4345 4606 4607
f 4345 4607 4348
f 4348 4607 4608
f 4348 4608 4350
f 4350 4608 4609
f 4350 4609 4352
f 4352 4609 4610
f 4352 4610 4354
f 4354 4610 4611
f 4354 4611 4356
f 4356 4611 4612
f 4613 4612 4614
f 4613 4614 4615
f 4615 4614 4616
f 4615 4616 4617
f 4617 4616 4618
f 4618 4616 4619
f 4618 4619 4620
f 4621 4619 4622
f 4623 4624 4625
f 4625 4624 4626
f 4625 4626 4627
f 4627 4626 4628
f 4627 4628 4629
f 4629 4628 4630
f 4583 4621 4584
f 4584 4621 4631
f 4584 4631 4632
f 4621 4583 4620
f 4620 4583 4582
f 4620 4582 4618
f 4618 4582 4617
f 4617 4582 4581
f 4617 4581 4615
f 4615 4581 4613
f 4613 4581 4579
f 4613 4579 4633
f 4633 4579 4357
f 4633 4357 4356
f 4358 4360 4634
f 4634 4360 4580
f 4634 4580 4635
f 4635 4580 4585
f 4635 4585 4636
f 4636 4585 4586
f 4636 4586 4637
f 4637 4586 4587
f 4638 4639 4640
f 4640 4639 4509
f 4640 4509 4511
f 4638 4641 4639
f 4639 4641 4642
f 4639 4642 4643
f 4643 4644 4639
f 4639 4644 4645
f 4639 4645 4646
f 4646 4647 4639
f 4639 4505 4509
f 4359 4358 4511
f 4511 4358 4634
f 4511 4634 4640
f 4640 4634 4648
f 4648 4634 4649
f 4649 4634 4650
f 4649 4650 4651
f 4651 4650 4652
f 4652 4650 4653
f 4653 4650 4654
f 4654 4650 4655
f 4655 4650 4656
f 4656 4650 4657
f 4650 4634 4637
f 4637 4634 4635
f 4658 4659 4412
f 4412 4659 4414
f 4414 4659 4660
f 4414 4660 4421
f 4421 4660 4661
f 4421 4661 4422
f 4422 4661 4662
f 4422 4662 4423
f 4423 4662 4424
f 4424 4662 4663
f 4412 4411 4658
f 4658 4411 4664
f 4664 4411 4409
f 4664 4409 4665
f 4665 4409 4407
f 4665 4407 4666
f 4666 4407 4405
f 4666 4405 4667
f 4667 4405 4403
f 4667 4403 4668
f 4668 4403 4397
f 4668 4397 4669
f 4669 4397 4396
f 4669 4396 4670
f 4670 4396 4394
f 4670 4394 4671
f 4401 4672 4400
f 4400 4672 4673
f 4400 4673 4674
f 4400 4674 4399
f 4399 4674 4675
f 4399 4675 4385
f 4385 4675 4676
f 4385 4676 4386
f 4386 4676 4671
f 4386 4671 4394
f 4677 4678 4454
f 4454 4678 4452
f 4452 4678 4679
f 4452 4679 4447
f 4447 4679 4680
f 4447 4680 4442
f 4442 4680 4681
f 4442 4681 4443
f 4443 4681 4444
f 4444 4681 4682
f 4454 4456 4677
f 4677 4456 4683
f 4683 4456 4459
f 4683 4459 4684
f 4684 4459 4461
f 4684 4461 4685
f 4685 4461 4463
f 4685 4463 4686
f 4686 4463 4465
f 4686 4465 4687
f 4687 4465 4467
f 4687 4467 4688
f 4688 4467 4468
f 4688 4468 4689
f 4689 4468 4469
f 4689 4469 4690
f 4482 4691 4481
f 4481 4691 4692
f 4481 4692 4693
f 4481 4693 4480
f 4480 4693 4694
f 4480 4694 4479
f 4479 4694 4695
f 4479 4695 4471
f 4471 4695 4690
f 4471 4690 4469
f 4696 4639 4697
f 4697 4639 4647
f 4697 4647 4646
f 4697 4646 4698
f 4698 4646 4645
f 4698 4645 4699
f 4699 4645 4644
f 4699 4644 4700
f 4700 4644 4643
f 4700 4643 4701
f 4701 4643 4642
f 4701 4642 4702
f 4702 4642 4641
f 4702 4641 4703
f 4703 4641 4638
f 4703 4638 4704
f 4704 4638 4640
f 4704 4640 4705
f 4640 4648 4705
f 4705 4648 4706
f 4648 4649 4706
f 4706 4649 4707
f 4707 4649 4651
f 4707 4651 4708
f 4708 4651 4709
f 4709 4651 4652
f 4709 4652 4710
f 4710 4652 4653
f 4710 4653 4654
f 4710 4654 4711
f 4711 4654 4655
f 4711 4655 4712
f 4712 4655 4656
f 4712 4656 4713
f 4713 4656 4657
f 4713 4657 4714
f 4714 4657 4650
f 4714 4650 4715
f 4716 4717 4718
f 4718 4717 4719
f 4718 4719 4720
f 4717 4716 4721
f 4721 4716 4722
f 4721 4722 4723
f 4723 4722 4724
f 4723 4724 4725
f 4723 4725 4726
f 4726 4725 4727
f 4726 4727 4728
f 4728 4729 4726
f 4726 4729 4730
f 4726 4730 4731
f 4731 4730 4732
f 4731 4732 4733
f 4733 4732 4734
f 4733 4734 4735
f 4735 4734 4736
f 4735 4736 4737
f 4737 4736 4738
f 4737 4738 4739
f 4739 4738 4740
f 4739 4740 4741
f 4741 4740 4742
f 4741 4742 4743
f 4743 4742 4744
f 4743 4744 4745
f 4745 4744 4746
f 4745 4746 4747
f 4747 4746 4748
f 4745 4747 4749
f 4749 4747 4750
f 4749 4750 4751
f 4751 4750 4752
f 4751 4752 4720
f 4720 4752 4718
f 4364 4753 4362
f 4362 4753 4366
f 4376 4424 4377
f 4377 4424 4371
f 4377 4371 4754
f 4754 4371 4367
f 4663 4375 4424
f 4424 4375 4371
f 4415 4416 4755
f 4755 4416 4756
f 4756 4416 4417
f 4756 4417 4757
f 4757 4417 4418
f 4757 4418 4758
f 4758 4418 4419
f 4758 4419 4759
f 4759 4419 4420
f 4759 4420 4760
f 4760 4420 4382
f 4760 4382 4383
f 4755 4761 4415
f 4415 4761 4413
f 4413 4761 4762
f 4413 4762 4410
f 4410 4762 4763
f 4410 4763 4408
f 4408 4763 4764
f 4408 4764 4406
f 4406 4764 4765
f 4406 4765 4404
f 4404 4765 4766
f 4404 4766 4402
f 4402 4766 4767
f 4402 4767 4395
f 4395 4767 4768
f 4395 4768 4393
f 4393 4768 4392
f 4392 4768 4769
f 4769 4770 4392
f 4392 4770 4391
f 4391 4770 4771
f 4391 4771 4390
f 4390 4771 4772
f 4390 4772 4389
f 4389 4772 4773
f 4389 4773 4388
f 4388 4773 4774
f 4388 4774 4387
f 4387 4774 4775
f 4387 4775 4384
f 4441 4444 4776
f 4776 4444 4436
f 4776 4436 4431
f 4682 4440 4444
f 4444 4440 4436
f 4432 4672 4431
f 4431 4672 4401
f 4431 4401 4777
f 4777 4401 4398
f 4777 4776 4431
f 4453 4451 4778
f 4778 4451 4779
f 4779 4451 4450
f 4779 4450 4780
f 4780 4450 4446
f 4780 4446 4781
f 4781 4446 4449
f 4781 4449 4782
f 4782 4449 4783
f 4782 4783 4784
f 4784 4783 4785
f 4784 4785 4786
f 4453 4778 4455
f 4455 4778 4787
f 4455 4787 4788
f 4455 4788 4457
f 4457 4788 4789
f 4457 4789 4458
f 4458 4789 4790
f 4458 4790 4460
f 4460 4790 4791
f 4460 4791 4462
f 4462 4791 4792
f 4462 4792 4464
f 4464 4792 4793
f 4464 4793 4466
f 4466 4793 4794
f 4466 4794 4470
f 4470 4794 4795
f 4470 4795 4473
f 4795 4796 4473
f 4473 4796 4477
f 4477 4796 4797
f 4477 4797 4798
f 4798 4797 4799
f 4798 4799 4476
f 4476 4799 4800
f 4476 4800 4474
f 4474 4800 4801
f 4474 4801 4475
f 4475 4801 4483
f 4475 4483 4472
f 4527 4526 4528
f 4528 4526 4500
f 4528 4500 4488
f 4488 4500 4495
f 4488 4495 4482
f 4482 4495 4691
f 4691 4495 4496
f 4524 4506 4526
f 4526 4506 4696
f 4526 4696 4500
f 4500 4696 4504
f 4505 4639 4506
f 4506 4639 4696
f 4482 4478 4488
f 4551 4552 4802
f 4802 4552 4803
f 4803 4552 4553
f 4803 4553 4804
f 4804 4553 4554
f 4804 4554 4805
f 4805 4554 4555
f 4805 4555 4806
f 4806 4555 4556
f 4806 4556 4807
f 4807 4556 4533
f 4807 4533 4534
f 4544 4545 4808
f 4808 4545 4809
f 4809 4545 4546
f 4809 4546 4810
f 4810 4546 4547
f 4810 4547 4811
f 4811 4547 4548
f 4811 4548 4812
f 4812 4548 4549
f 4812 4549 4813
f 4813 4549 4550
f 4813 4550 4814
f 4814 4550 4551
f 4814 4551 4802
f 4559 4537 4557
f 4557 4537 4815
f 4815 4537 4538
f 4815 4538 4816
f 4816 4538 4540
f 4816 4540 4817
f 4817 4540 4541
f 4817 4541 4818
f 4818 4541 4543
f 4818 4543 4819
f 4819 4543 4808
f 4808 4543 4544
f 4563 4820 4821
f 4821 4820 4571
f 4821 4571 4566
f 4574 4573 4822
f 4822 4573 4823
f 4823 4573 4572
f 4823 4572 4824
f 4824 4572 4570
f 4824 4570 4825
f 4825 4570 4571
f 4825 4571 4820
f 4575 4574 4826
f 4826 4574 4822
f 4826 4822 4594
f 4594 4593 4826
f 4827 4605 4828
f 4828 4605 4829
f 4828 4829 4604
f 4828 4604 4830
f 4830 4604 4603
f 4830 4603 4831
f 4831 4603 4602
f 4831 4602 4832
f 4832 4602 4601
f 4832 4601 4833
f 4833 4601 4599
f 4833 4599 4600
f 4612 4611 4834
f 4834 4611 4835
f 4835 4611 4610
f 4835 4610 4836
f 4836 4610 4609
f 4836 4609 4837
f 4837 4609 4608
f 4837 4608 4838
f 4838 4608 4607
f 4838 4607 4839
f 4839 4607 4606
f 4839 4606 4840
f 4840 4606 4605
f 4840 4605 4827
f 4834 4841 4612
f 4612 4841 4614
f 4614 4841 4842
f 4614 4842 4616
f 4616 4842 4843
f 4616 4843 4619
f 4619 4843 4844
f 4619 4844 4622
f 4622 4844 4845
f 4622 4845 4846
f 4846 4845 4624
f 4846 4624 4623
f 4715 4650 4847
f 4847 4650 4637
f 4847 4637 4587
f 4584 4632 4587
f 4587 4632 4847
f 4629 4630 4632
f 4632 4630 4848
f 4632 4848 4847
f 573 572 4849
f 4849 572 4850
f 4851 4720 4852
f 4852 4720 4719
f 4852 4719 4853
f 4853 4719 4717
f 4853 4717 4854
f 4854 4717 4721
f 4854 4721 4855
f 4855 4721 4723
f 4855 4723 4856
f 4856 4723 4726
f 4856 4726 4857
f 4857 4726 4731
f 4857 4731 4858
f 4858 4731 4733
f 4858 4733 4859
f 4859 4733 4735
f 4859 4735 4860
f 4860 4735 4737
f 4860 4737 4861
f 4861 4737 4739
f 4861 4739 4862
f 4862 4739 4741
f 4862 4741 4863
f 4863 4741 4743
f 4863 4743 4864
f 4864 4743 4745
f 4864 4745 4865
f 4865 4745 4749
f 4865 4749 4866
f 4866 4749 4751
f 4866 4751 4851
f 4851 4751 4720
f 4867 4868 4869
f 4869 4868 4870
f 4869 4870 4871
f 4871 4870 4872
f 4871 4872 4873
f 4873 4872 4874
f 4873 4874 4875
f 4875 4874 4876
f 4875 4876 4877
f 4877 4876 4878
f 4877 4878 4879
f 4879 4878 4880
f 4879 4880 4881
f 4881 4880 4882
f 4881 4882 4883
f 4883 4882 4884
f 4883 4884 4885
f 4885 4884 4886
f 4885 4886 4887
f 4887 4886 4888
f 4887 4888 4889
f 4889 4888 4890
f 4889 4890 4891
f 4891 4890 4892
f 4891 4892 4893
f 4893 4892 4894
f 4893 4894 4895
f 4895 4894 4896
f 4895 4896 4897
f 4897 4896 4898
f 4897 4898 4867
f 4867 4898 4868
f 4899 4900 4901
f 4901 4900 4902
f 4901 4902 4903
f 4903 4902 4904
f 4903 4904 4905
f 4905 4904 4906
f 4905 4906 4907
f 4907 4906 4908
f 4907 4908 4909
f 4909 4908 4910
f 4909 4910 4911
f 4911 4910 4912
f 4911 4912 4913
f 4913 4912 4914
f 4913 4914 4915
f 4915 4914 4916
f 4915 4916 4917
f 4917 4916 4918
f 4917 4918 4919
f 4919 4918 4920
f 4919 4920 4921
f 4921 4920 4922
f 4921 4922 4923
f 4923 4922 4924
f 4923 4924 4925
f 4925 4924 4926
f 4925 4926 4927
f 4927 4926 4928
f 4927 4928 4929
f 4929 4928 4930
f 4929 4930 4899
f 4899 4930 4900
f 4748 4746 4931
f 4931 4746 4932
f 4932 4746 4744
f 4932 4744 4933
f 4933 4744 4742
f 4933 4742 4934
f 4934 4742 4740
f 4934 4740 4935
f 4935 4740 4738
f 4935 4738 4936
f 4936 4738 4736
f 4936 4736 4937
f 4937 4736 4734
f 4937 4734 4938
f 4938 4734 4732
f 4938 4732 4939
f 4939 4732 4730
f 4939 4730 4940
f 4940 4730 4729
f 4940 4729 4941
f 4941 4729 4728
f 4941 4728 4942
f 4942 4728 4727
f 4942 4727 4943
f 4943 4727 4725
f 4943 4725 4944
f 4944 4725 4724
f 4944 4724 4945
f 4945 4724 4722
f 4945 4722 4946
f 4946 4722 4947
f 4947 4722 4716
f 4947 4716 4948
f 4948 4716 4718
f 4949 4950 554
f 554 4950 555
f 4951 4952 4953
f 4953 4952 4954
f 4953 4954 4955
f 4955 4954 4956
f 4955 4956 4957
f 4957 4956 4958
f 4957 4958 4959
f 4959 4958 4960
f 4959 4960 4961
f 4961 4960 4962
f 4961 4962 4963
f 4963 4962 4964
f 4963 4964 4965
f 4965 4964 4966
f 4965 4966 4967
f 4967 4966 4968
f 4967 4968 4969
f 4969 4968 4970
f 4969 4970 4971
f 4971 4970 4972
f 4971 4972 4973
f 4973 4972 4974
f 4973 4974 4975
f 4975 4974 4976
f 4975 4976 4977
f 4977 4976 4978
f 4977 4978 4979
f 4979 4978 4980
f 4979 4980 4981
f 4981 4980 4982
f 4981 4982 4983
f 4983 4982 4984
f 4983 4984 4985
f 4985 4984 4986
f 4985 4986 4987
f 4987 4986 4988
f 4987 4988 4989
f 4989 4988 4990
f 4989 4990 4991
f 4991 4990 4992
f 4991 4992 4993
f 4993 4992 4994
f 4993 4994 4995
f 4995 4994 4996
f 4995 4996 4997
f 4997 4996 4998
f 4997 4998 4999
f 4999 4998 5000
f 4999 5000 5001
f 5001 5000 5002
f 5001 5002 5003
f 5003 5002 5004
f 5003 5004 5005
f 5005 5004 5006
f 5005 5006 5007
f 5007 5006 5008
f 5007 5008 5009
f 5009 5008 5010
f 5009 5010 5011
f 5011 5010 5012
f 5011 5012 5013
f 5013 5012 5014
f 5013 5014 5015
f 5015 5014 5016
f 5015 5016 5017
f 5017 5016 5018
f 5017 5018 5019
f 5019 5018 5020
f 5019 5020 4951
f 4951 5020 4952
f 5021 5022 5023
f 5023 5022 5024
f 5023 5024 5025
f 5025 5024 5026
f 5025 5026 5027
f 5027 5026 5028
f 5027 5028 5029
f 5029 5028 5030
f 5029 5030 5031
f 5031 5030 5032
f 5031 5032 5033
f 5033 5032 5034
f 5033 5034 5035
f 5035 5034 5036
f 5035 5036 5037
f 5037 5036 5038
f 5037 5038 5039
f 5039 5038 5040
f 5039 5040 5041
f 5041 5040 5042
f 5041 5042 5043
f 5043 5042 5044
f 5043 5044 5045
f 5045 5044 5046
f 5045 5046 5047
f 5047 5046 5048
f 5047 5048 5049
f 5049 5048 5050
f 5049 5050 5051
f 5051 5050 5052
f 5051 5052 5021
f 5021 5052 5022
f 4847 5053 4715
f 4715 5053 5054
f 4715 5054 4714
f 4714 5054 4713
f 4713 5054 4712
f 4712 5054 4711
f 4711 5054 4710
f 4710 5054 4753
f 4710 4753 4709
f 4709 4753 4708
f 4708 4753 4707
f 4707 4753 4959
f 4707 4959 4961
f 4959 4753 4957
f 4957 4753 4364
f 4957 4364 4955
f 4955 4364 4953
f 4953 4364 4951
f 4951 4364 4664
f 4951 4664 4665
f 4664 4364 4375
f 4375 4364 4365
f 4375 4365 4372
f 4372 4373 4375
f 4375 4663 4664
f 4664 4663 4658
f 4658 4663 4659
f 4659 4663 4660
f 4660 4663 4661
f 4951 4665 5019
f 5019 4665 4666
f 5019 4666 5017
f 5017 4666 4667
f 5017 4667 4668
f 5017 4668 5015
f 5015 4668 4669
f 5015 4669 5013
f 5013 4669 4670
f 5013 4670 4672
f 4672 4670 4673
f 4673 4670 4671
f 4673 4671 4674
f 4674 4671 4675
f 5013 4672 5011
f 5011 4672 4432
f 5011 4432 5009
f 5009 4432 4315
f 5009 4315 5007
f 5007 4315 5005
f 5005 4315 4314
f 5005 4314 5003
f 5003 4314 4440
f 5003 4440 5001
f 5001 4440 4682
f 5001 4682 4999
f 4999 4682 4683
f 4999 4683 4684
f 4432 4430 4315
f 4315 4430 4322
f 4322 4430 4428
f 4440 4314 4439
f 4439 4314 4325
f 4439 4325 4438
f 4682 4681 4683
f 4683 4681 4677
f 4677 4681 4680
f 4677 4680 4679
f 4999 4684 4997
f 4997 4684 4685
f 4997 4685 4995
f 4995 4685 4686
f 4995 4686 4993
f 4993 4686 4687
f 4993 4687 4991
f 4991 4687 4688
f 4991 4688 4989
f 4989 4688 4689
f 4989 4689 4319
f 4319 4689 4496
f 4319 4496 4326
f 4326 4496 4490
f 4490 4496 4492
f 4496 4689 4691
f 4691 4689 4690
f 4691 4690 4695
f 4695 4694 4691
f 4691 4694 4693
f 4318 4985 4319
f 4319 4985 4987
f 4319 4987 4989
f 4329 4504 4318
f 4318 4504 4702
f 4318 4702 4703
f 4329 4501 4504
f 4504 4501 4502
f 4696 4697 4504
f 4504 4697 4698
f 4504 4698 4699
f 4699 4700 4504
f 4504 4700 4701
f 4504 4701 4702
f 4703 4704 4318
f 4318 4704 4981
f 4318 4981 4983
f 4704 4705 4981
f 4981 4705 4979
f 4979 4705 4977
f 4977 4705 4975
f 4975 4705 4973
f 4973 4705 4971
f 4971 4705 4706
f 4971 4706 4969
f 4969 4706 4967
f 4967 4706 4965
f 4965 4706 4963
f 4963 4706 4961
f 4961 4706 4707
f 4983 4985 4318
f 4848 5055 4847
f 4847 5055 5053
f 4849 5056 573
f 573 5056 574
f 574 5056 5057
f 574 5057 575
f 575 5057 5058
f 575 5058 576
f 576 5058 5059
f 576 5059 577
f 577 5059 5060
f 577 5060 578
f 578 5060 5061
f 578 5061 579
f 579 5061 5062
f 579 5062 580
f 5063 4948 547
f 547 4948 4718
f 547 4718 548
f 548 4718 4752
f 548 4752 549
f 549 4752 4750
f 549 4750 550
f 550 4750 4747
f 550 4747 551
f 551 4747 4748
f 551 4748 552
f 552 4748 5064
f 552 5064 553
f 553 5064 5065
f 553 5065 554
f 554 5065 4949
f 4748 4931 5064
f 547 546 5063
f 5063 546 5066
f 5066 546 545
f 5066 545 5067
f 4754 4367 5068
f 5068 4367 5054
f 5054 4367 4753
f 4753 4367 4366
f 5069 5062 4868
f 4868 5062 5061
f 4868 5061 4870
f 4870 5061 5060
f 4870 5060 5059
f 4870 5059 4872
f 4872 5059 5058
f 4872 5058 4874
f 4874 5058 4876
f 4876 5058 5057
f 4876 5057 4878
f 4878 5057 5056
f 4878 5056 4880
f 4880 5056 4849
f 4880 4849 4882
f 4882 4849 4884
f 4884 4849 4886
f 4886 4849 4850
f 4886 4850 4902
f 4902 4850 4904
f 4904 4850 4906
f 4906 4850 4908
f 4908 4850 5070
f 4908 5070 4910
f 4910 5070 5071
f 4910 5071 4912
f 4912 5071 5072
f 4912 5072 4914
f 4914 5072 4916
f 4916 5072 5073
f 4916 5073 4918
f 4918 5073 5074
f 4918 5074 5075
f 4918 5075 4920
f 4920 5075 5076
f 4920 5076 5077
f 5069 4928 5077
f 5077 4928 4926
f 5077 4926 4924
f 4886 4902 4888
f 4888 4902 4900
f 4888 4900 4890
f 4890 4900 4930
f 4890 4930 4892
f 4892 4930 4928
f 4892 4928 5069
f 4924 4922 5077
f 5077 4922 4920
f 4868 4898 5069
f 5069 4898 4896
f 5069 4896 4894
f 4894 4892 5069
f 565 5076 566
f 566 5076 5075
f 566 5075 5074
f 566 5074 567
f 567 5074 5073
f 567 5073 568
f 568 5073 5072
f 568 5072 569
f 569 5072 5071
f 569 5071 570
f 570 5071 5070
f 570 5070 571
f 571 5070 4850
f 571 4850 572
f 546 4383 545
f 545 4383 4377
f 545 4377 4754
f 4383 546 4760
f 4760 546 547
f 4760 547 4759
f 4759 547 4758
f 4758 547 548
f 4758 548 4757
f 4757 548 4852
f 4757 4852 4853
f 548 549 4852
f 4852 549 4851
f 4851 549 550
f 4851 550 4866
f 4866 550 4865
f 4865 550 551
f 4865 551 4864
f 4864 551 4863
f 4863 551 552
f 4863 552 4771
f 4771 552 4772
f 4772 552 4773
f 4773 552 553
f 4773 553 4774
f 4774 553 4775
f 4777 553 554
f 4777 554 555
f 4777 555 4776
f 4776 555 556
f 4786 556 4784
f 4784 556 4782
f 4782 556 557
f 4782 557 4781
f 4781 557 4780
f 4780 557 5030
f 4780 5030 4779
f 4779 5030 5028
f 4779 5028 4778
f 4778 5028 5026
f 4778 5026 4787
f 4787 5026 5024
f 4787 5024 4788
f 4788 5024 4789
f 4789 5024 5022
f 4789 5022 4790
f 4790 5022 5052
f 4790 5052 4791
f 4791 5052 5050
f 4791 5050 4792
f 4792 5050 5048
f 4792 5048 4793
f 4793 5048 5046
f 4793 5046 4794
f 4794 5046 5044
f 4794 5044 4795
f 4795 5044 5042
f 4795 5042 4796
f 4796 5042 4797
f 4797 5042 5040
f 4797 5040 561
f 561 5040 560
f 560 5040 5038
f 560 5038 559
f 559 5038 5036
f 559 5036 5034
f 557 558 5030
f 5030 558 5032
f 5032 558 5034
f 5034 558 559
f 4797 561 4799
f 4799 561 562
f 4799 562 4800
f 4800 562 4801
f 4801 562 563
f 4801 563 4483
f 4483 563 564
f 4483 564 4488
f 4488 564 4528
f 4528 564 565
f 4528 565 4807
f 4807 565 4806
f 4806 565 4805
f 4805 565 566
f 4805 566 567
f 4805 567 4917
f 4917 567 568
f 4917 568 4915
f 4915 568 569
f 4915 569 4913
f 4913 569 4911
f 4911 569 570
f 4911 570 4909
f 4909 570 571
f 4909 571 4907
f 4907 571 572
f 4907 572 4905
f 4905 572 4818
f 4905 4818 4819
f 573 4824 572
f 572 4824 4825
f 572 4825 4820
f 574 4879 573
f 573 4879 4881
f 573 4881 4830
f 4830 4881 4828
f 4828 4881 4883
f 4827 4883 4840
f 4840 4883 4885
f 4840 4885 4839
f 4839 4885 4887
f 4839 4887 4838
f 4838 4887 4889
f 4838 4889 4837
f 4837 4889 4891
f 4837 4891 4836
f 4836 4891 4893
f 4836 4893 4835
f 4835 4893 4895
f 4835 4895 4834
f 4834 4895 4897
f 4834 4897 4841
f 4841 4897 4867
f 4841 4867 4842
f 4842 4867 4843
f 4843 4867 4869
f 4843 4869 578
f 578 4869 577
f 577 4869 4871
f 577 4871 576
f 576 4871 4873
f 576 4873 4875
f 4879 574 4877
f 4877 574 575
f 4877 575 4875
f 4875 575 576
f 578 579 4843
f 4843 579 580
f 4843 580 4844
f 4844 580 4845
f 4845 580 5055
f 4845 5055 4630
f 4630 5055 4848
f 4830 4831 573
f 573 4831 4832
f 573 4832 4833
f 4594 4822 573
f 573 4822 4823
f 573 4823 4824
f 4563 4557 4820
f 4820 4557 4815
f 4820 4815 572
f 572 4815 4816
f 572 4816 4817
f 4817 4818 572
f 4905 4819 4903
f 4903 4808 4809
f 4903 4809 4901
f 4901 4809 4810
f 4901 4810 4899
f 4899 4810 4811
f 4899 4811 4929
f 4929 4811 4812
f 4929 4812 4927
f 4927 4812 4813
f 4927 4813 4925
f 4925 4813 4814
f 4925 4814 4923
f 4923 4814 4802
f 4923 4802 4921
f 4921 4802 4803
f 4921 4803 4919
f 4919 4803 4804
f 4919 4804 4805
f 4771 4770 4863
f 4863 4770 4862
f 4862 4770 4769
f 4862 4769 4861
f 4861 4769 4768
f 4861 4768 4860
f 4860 4768 4767
f 4860 4767 4766
f 4860 4766 4859
f 4859 4766 4765
f 4859 4765 4858
f 4858 4765 4764
f 4858 4764 4857
f 4857 4764 4763
f 4857 4763 4856
f 4856 4763 4762
f 4856 4762 4855
f 4855 4762 4761
f 4855 4761 4854
f 4854 4761 4755
f 4854 4755 4853
f 4853 4755 4756
f 4853 4756 4757
f 4754 5068 545
f 4917 4919 4805
f 4950 5078 555
f 555 5078 556
f 556 5078 5079
f 556 5079 557
f 557 5079 5080
f 557 5080 558
f 558 5080 5081
f 558 5081 559
f 559 5081 5082
f 559 5082 560
f 560 5082 5083
f 560 5083 561
f 561 5083 5084
f 561 5084 562
f 562 5084 5085
f 562 5085 563
f 563 5085 564
f 564 5085 5086
f 5087 5088 5067
f 5067 5088 5089
f 5067 5089 5090
f 5090 5091 5067
f 5067 5091 5092
f 5067 5092 5093
f 5094 4956 5093
f 5093 4956 4954
f 5093 4954 5067
f 5067 4954 4952
f 5067 4952 4943
f 4943 4952 5020
f 4943 5020 4942
f 4942 5020 5018
f 4942 5018 4941
f 4941 5018 5016
f 4941 5016 4940
f 4940 5016 4939
f 4939 5016 5014
f 4939 5014 4938
f 4938 5014 5012
f 4938 5012 4937
f 4937 5012 5010
f 4937 5010 4936
f 4936 5010 4949
f 4936 4949 4935
f 4935 4949 4934
f 4934 4949 5065
f 4934 5065 4933
f 4933 5065 5064
f 4933 5064 4932
f 4932 5064 4931
f 4956 5094 4958
f 4958 5094 5095
f 4958 5095 4960
f 4960 5095 5096
f 4960 5096 4962
f 4962 5096 4964
f 4964 5096 4966
f 4966 5096 4968
f 4968 5096 4970
f 4970 5096 5097
f 4970 5097 4972
f 4972 5097 4974
f 4974 5097 4976
f 4976 5097 4978
f 4978 5097 5098
f 4978 5098 4980
f 4980 5098 5099
f 4980 5099 4982
f 4982 5099 5100
f 4982 5100 4984
f 4984 5100 5086
f 4984 5086 4986
f 4986 5086 4988
f 4988 5086 4990
f 4990 5086 5047
f 4990 5047 5049
f 5100 5101 5086
f 5086 5101 5102
f 5086 5102 5103
f 5103 5104 5086
f 5086 5104 5105
f 5086 5105 5106
f 5085 5043 5086
f 5086 5043 5045
f 5086 5045 5047
f 5085 5084 5043
f 5043 5084 5041
f 5041 5084 5083
f 5041 5083 5039
f 5039 5083 5082
f 5039 5082 5037
f 5037 5082 5035
f 5035 5082 5081
f 5035 5081 5033
f 5033 5081 5080
f 5033 5080 5031
f 5031 5080 5029
f 5029 5080 5079
f 5029 5079 5027
f 5027 5079 5078
f 5027 5078 5025
f 5025 5078 4950
f 5025 4950 5023
f 5023 4950 4998
f 5023 4998 4996
f 4949 5004 4950
f 4950 5004 5002
f 4950 5002 5000
f 4943 4944 5067
f 5067 4944 4945
f 5067 4945 5066
f 5066 4945 4946
f 5066 4946 5063
f 5063 4946 4947
f 5063 4947 4948
f 4990 5049 4992
f 4992 5049 5051
f 4992 5051 4994
f 4994 5051 5021
f 4994 5021 4996
f 4996 5021 5023
f 5010 5008 4949
f 4949 5008 5006
f 4949 5006 5004
f 5000 4998 4950
f 5068 5054 545
f 545 5054 5067
f 5067 5054 5087
f 5087 5054 5053
f 5087 5053 5069
f 5069 5053 5062
f 5062 5053 580
f 580 5053 5055
f 5107 5108 5069
f 5069 5108 5087
f 5069 5077 5107
f 5107 5077 5109
f 5086 5106 564
f 564 5106 565
f 565 5106 5077
f 565 5077 5076
f 5106 5110 5077
f 5077 5110 5109
f 5111 5112 5097
f 5097 5112 5098
f 5098 5112 5113
f 5098 5113 5099
f 5099 5113 5114
f 5099 5114 5100
f 5100 5114 5115
f 5100 5115 5101
f 5101 5115 5116
f 5101 5116 5102
f 5102 5116 5117
f 5102 5117 5103
f 5103 5117 5118
f 5103 5118 5104
f 5104 5118 5119
f 5104 5119 5105
f 5105 5119 5110
f 5105 5110 5106
f 5097 5096 5111
f 5111 5096 5120
f 5108 5121 5087
f 5087 5121 5088
f 5088 5121 5122
f 5088 5122 5089
f 5089 5122 5123
f 5089 5123 5090
f 5090 5123 5124
f 5090 5124 5091
f 5091 5124 5125
f 5091 5125 5092
f 5092 5125 5126
f 5092 5126 5093
f 5093 5126 5127
f 5093 5127 5094
f 5094 5127 5128
f 5094 5128 5095
f 5095 5128 5120
f 5095 5120 5096
f 5112 5111 5110
f 5110 5111 5120
f 5110 5120 5108
f 5108 5120 5128
f 5108 5128 5121
f 5121 5128 5127
f 5121 5127 5126
f 5126 5125 5121
f 5121 5125 5124
f 5121 5124 5123
f 5123 5122 5121
f 5107 5109 5108
f 5108 5109 5110
f 5119 5118 5110
f 5110 5118 5117
f 5110 5117 5116
f 5116 5115 5110
f 5110 5115 5114
f 5110 5114 5113
f 5113 5112 5110
f 5129 5130 5131
f 5131 5130 5132
f 5131 5132 5133
f 5133 5132 5134
f 5129 5131 5135
f 5135 5131 5136
f 5131 5133 5136
f 5136 5133 5137
f 5133 5134 5137
f 5137 5134 5138
f 5134 5132 5138
f 5138 5132 5139
f 5132 5130 5139
f 5139 5130 5140
f 5130 5129 5140
f 5140 5129 5135
f 5141 5142 5136
f 5136 5142 5143
f 5136 5143 5135
f 5135 5143 5144
f 5135 5144 5145
f 5135 5145 5140
f 5140 5145 5146
f 5140 5146 5139
f 5139 5146 5147
f 5139 5147 5148
f 5139 5148 5138
f 5138 5148 5149
f 5138 5149 5150
f 5138 5150 5137
f 5137 5150 5141
f 5137 5141 5136
f 5141 5151 5142
f 5142 5151 5152
f 5142 5152 5143
f 5143 5152 5153
f 5143 5153 5144
f 5144 5153 5154
f 5144 5154 5145
f 5145 5154 5155
f 5145 5155 5146
f 5146 5155 5156
f 5146 5156 5147
f 5147 5156 5157
f 5147 5157 5158
f 5151 5141 5159
f 5159 5141 5150
f 5159 5150 5160
f 5160 5150 5149
f 5160 5149 5161
f 5161 5149 5148
f 5161 5148 5158
f 5158 5148 5147
f 5156 5162 5157
f 5157 5162 5163
f 5157 5163 5158
f 5158 5163 5164
f 5158 5164 5161
f 5161 5164 5165
f 5161 5165 5160
f 5160 5165 5166
f 5160 5166 5159
f 5159 5166 5167
f 5159 5167 5151
f 5151 5167 5168
f 5151 5168 5152
f 5152 5168 5169
f 5152 5169 5153
f 5153 5169 5170
f 5153 5170 5154
f 5154 5170 5171
f 5154 5171 5155
f 5155 5171 5172
f 5155 5172 5156
f 5156 5172 5162
f 5173 5174 5175
f 5175 5174 5176
f 5175 5176 5177
f 5177 5176 5178
f 5177 5178 5179
f 5179 5178 5180
f 5179 5180 5181
f 5163 5162 5182
f 5182 5162 5172
f 5182 5172 5183
f 5183 5172 5171
f 5183 5171 5184
f 5184 5171 5170
f 5184 5170 5185
f 5185 5170 5169
f 5185 5169 5186
f 5186 5169 5168
f 5186 5168 5187
f 5187 5168 5167
f 5187 5167 5166
f 5187 5166 5188
f 5188 5166 5165
f 5188 5165 5189
f 5189 5165 5164
f 5189 5164 5190
f 5190 5164 5163
f 5190 5163 5182
f 5175 5182 5173
f 5173 5182 5183
f 5173 5183 5174
f 5174 5183 5184
f 5174 5184 5176
f 5176 5184 5185
f 5176 5185 5178
f 5178 5185 5186
f 5178 5186 5180
f 5180 5186 5187
f 5180 5187 5181
f 5181 5187 5188
f 5181 5188 5179
f 5179 5188 5189
f 5179 5189 5177
f 5177 5189 5190
f 5177 5190 5175
f 5175 5190 5182
f 5191 5192 5193
f 5193 5192 5194
f 5193 5194 5195
f 5195 5194 5196
f 5191 5193 5197
f 5197 5193 5198
f 5193 5195 5198
f 5198 5195 5199
f 5195 5196 5199
f 5199 5196 5200
f 5196 5194 5200
f 5200 5194 5201
f 5194 5192 5201
f 5201 5192 5202
f 5192 5191 5202
f 5202 5191 5197
f 5203 5204 5198
f 5198 5204 5205
f 5198 5205 5197
f 5197 5205 5206
f 5197 5206 5207
f 5197 5207 5202
f 5202 5207 5208
f 5202 5208 5201
f 5201 5208 5209
f 5201 5209 5210
f 5201 5210 5200
f 5200 5210 5211
f 5200 5211 5212
f 5200 5212 5199
f 5199 5212 5203
f 5199 5203 5198
f 5203 5213 5204
f 5204 5213 5214
f 5204 5214 5205
f 5205 5214 5215
f 5205 5215 5206
f 5206 5215 5216
f 5206 5216 5207
f 5207 5216 5217
f 5207 5217 5208
f 5208 5217 5218
f 5208 5218 5209
f 5209 5218 5219
f 5209 5219 5220
f 5213 5203 5221
f 5221 5203 5212
f 5221 5212 5222
f 5222 5212 5211
f 5222 5211 5223
f 5223 5211 5210
f 5223 5210 5220
f 5220 5210 5209
f 5218 5224 5219
f 5219 5224 5225
f 5219 5225 5220
f 5220 5225 5226
f 5220 5226 5223
f 5223 5226 5227
f 5223 5227 5222
f 5222 5227 5228
f 5222 5228 5221
f 5221 5228 5229
f 5221 5229 5213
f 5213 5229 5230
f 5213 5230 5214
f 5214 5230 5231
f 5214 5231 5215
f 5215 5231 5232
f 5215 5232 5216
f 5216 5232 5233
f 5216 5233 5217
f 5217 5233 5234
f 5217 5234 5218
f 5218 5234 5224
f 5235 5236 5237
f 5237 5236 5238
f 5237 5238 5239
f 5239 5238 5240
f 5239 5240 5241
f 5241 5240 5242
f 5241 5242 5243
f 5225 5224 5244
f 5244 5224 5234
f 5244 5234 5245
f 5245 5234 5233
f 5245 5233 5246
f 5246 5233 5232
f 5246 5232 5247
f 5247 5232 5231
f 5247 5231 5248
f 5248 5231 5230
f 5248 5230 5249
f 5249 5230 5229
f 5249 5229 5228
f 5249 5228 5250
f 5250 5228 5227
f 5250 5227 5251
f 5251 5227 5226
f 5251 5226 5252
f 5252 5226 5225
f 5252 5225 5244
f 5237 5244 5235
f 5235 5244 5245
f 5235 5245 5236
f 5236 5245 5246
f 5236 5246 5238
f 5238 5246 5247
f 5238 5247 5240
f 5240 5247 5248
f 5240 5248 5242
f 5242 5248 5249
f 5242 5249 5243
f 5243 5249 5250
f 5243 5250 5241
f 5241 5250 5251
f 5241 5251 5239
f 5239 5251 5252
f 5239 5252 5237
f 5237 5252 5244
f 5253 5254 5255
f 5255 5254 5256
f 5255 5256 5257
f 5257 5258 5255
f 5259 5260 5261
f 5261 5260 5262
f 5261 5262 5263
f 5263 5262 5264
f 5263 5264 5265
f 5265 5264 5266
f 5265 5266 5267
f 5267 5266 5268
f 5267 5268 5269
f 5269 5268 5270
f 5269 5270 5271
f 5271 5270 5272
f 5271 5272 5273
f 5273 5272 5274
f 5273 5274 5275
f 5275 5274 5276
f 5275 5276 5259
f 5259 5276 5260
f 5257 5256 5277
f 5277 5256 5278
f 5278 5256 5254
f 5278 5254 5279
f 5279 5254 5253
f 5279 5253 5280
f 5281 5277 5282
f 5282 5277 5278
f 5282 5278 5279
f 5279 5280 5282
f 5282 5280 5283
f 5283 5280 5284
f 5284 5280 5285
f 5285 5280 5253
f 5286 5287 5288
f 5288 5287 5289
f 5288 5289 5290
f 5290 5289 5291
f 5290 5291 5292
f 5292 5291 5293
f 5292 5293 5294
f 5294 5293 5295
f 5294 5295 5296
f 5296 5295 5297
f 5296 5297 5298
f 5298 5297 5299
f 5298 5299 5300
f 5300 5299 5301
f 5300 5301 5302
f 5302 5301 5303
f 5302 5303 5304
f 5304 5303 5305
f 5304 5305 5286
f 5286 5305 5287
f 5281 5298 5277
f 5277 5298 5300
f 5277 5300 5306
f 5306 5300 5302
f 5306 5302 5307
f 5307 5302 5304
f 5307 5304 5308
f 5308 5304 5309
f 5309 5304 5286
f 5309 5286 5310
f 5310 5286 5288
f 5310 5288 5311
f 5311 5288 5290
f 5311 5290 5312
f 5312 5290 5292
f 5312 5292 5313
f 5313 5292 5314
f 5314 5292 5315
f 5315 5292 5316
f 5316 5292 5294
f 5316 5294 5281
f 5281 5294 5296
f 5281 5296 5298
f 4294 5255 5281
f 5281 5255 5258
f 5281 5258 5317
f 5317 5316 5281
f 5281 5282 4294
f 4294 5282 4266
f 4266 5282 5283
f 5277 5306 5257
f 5257 5306 5318
f 5318 5306 5319
f 5319 5306 5307
f 5319 5307 5320
f 5320 5307 5308
f 5320 5308 5309
f 5309 5321 5320
f 5263 5322 5261
f 5261 5322 5323
f 5261 5323 5259
f 5259 5323 5324
f 5259 5324 5275
f 5275 5324 5325
f 5275 5325 5317
f 5317 5325 5326
f 5317 5326 5327
f 5322 5263 5321
f 5321 5263 5265
f 5321 5265 5320
f 5320 5265 5319
f 5319 5265 5318
f 5318 5265 5267
f 5318 5267 5269
f 5318 5269 5257
f 5257 5269 5271
f 5257 5271 5258
f 5258 5271 5273
f 5258 5273 5317
f 5317 5273 5275
f 5287 5328 5289
f 5289 5328 5329
f 5289 5329 5291
f 5291 5329 5330
f 5291 5330 5293
f 5293 5330 5295
f 5295 5330 5331
f 5295 5331 5297
f 5297 5331 5332
f 5297 5332 5299
f 5299 5332 5333
f 5299 5333 5301
f 5301 5333 5334
f 5301 5334 5303
f 5303 5334 5335
f 5303 5335 5305
f 5305 5335 5336
f 5305 5336 5287
f 5287 5336 5328
f 4266 4258 4294
f 4294 4258 4293
f 4258 5284 4293
f 4293 5284 5285
f 5255 5337 5253
f 5253 5337 5338
f 5253 5338 5339
f 4294 5340 5255
f 5255 5340 5341
f 5255 5341 5342
f 4293 5343 4294
f 4294 5343 5344
f 4294 5344 5340
f 5285 5345 4293
f 4293 5345 5346
f 4293 5346 5347
f 5253 5339 5285
f 5285 5339 5348
f 5285 5348 5345
f 5349 5350 5351
f 5351 5350 5352
f 5351 5352 5353
f 5353 5352 5354
f 5353 5354 5355
f 5343 5356 5349
f 5349 5356 5357
f 5349 5357 5350
f 5342 5337 5255
f 5353 5355 5337
f 5337 5355 5358
f 5337 5358 5338
f 5338 5358 5359
f 5338 5359 5360
f 5360 5359 5361
f 5360 5361 5362
f 5362 5361 5363
f 5362 5363 5364
f 5364 5363 5365
f 5364 5365 5343
f 5343 5365 5356
f 4293 5347 5343
f 5343 5347 5364
f 5366 5367 5368
f 5368 5367 5369
f 5368 5369 5370
f 5370 5369 5371
f 5370 5371 5355
f 5355 5371 5358
f 5367 5366 5372
f 5372 5366 5356
f 5372 5356 5365
f 5284 5373 5283
f 5283 5373 5374
f 5283 5374 5375
f 5375 5374 5376
f 5375 5376 5377
f 5377 5376 5378
f 5377 5378 5379
f 5379 5378 5380
f 5379 5380 5381
f 5381 5380 5382
f 5381 5382 4266
f 4266 5382 5383
f 4266 5383 4258
f 4258 5383 5384
f 4258 5384 5385
f 5385 5384 5386
f 5386 5384 5387
f 5386 5387 3974
f 3974 5387 5388
f 3974 5388 5389
f 5389 5388 5390
f 5389 5390 5391
f 5391 5390 5284
f 5391 5284 5392
f 5392 5284 5393
f 5393 5284 5394
f 5394 5284 4258
f 5394 4258 5395
f 5395 4258 5385
f 5283 4006 4266
f 4266 4006 5396
f 4266 5396 5397
f 5397 5381 4266
f 5375 5398 5283
f 5283 5398 5399
f 5283 5399 4006
f 5382 5400 5383
f 5383 5400 5401
f 5401 5400 5402
f 5401 5402 5403
f 5403 5402 5404
f 5403 5404 5405
f 5405 5404 5406
f 5405 5406 5373
f 5373 5406 5374
f 5390 5373 5284
f 5312 5313 5324
f 5324 5313 5325
f 5309 5310 5321
f 5321 5310 5322
f 5322 5310 5311
f 5322 5311 5323
f 5323 5311 5324
f 5324 5311 5312
f 5407 5331 5408
f 5408 5331 5330
f 5408 5330 5409
f 5409 5330 5329
f 5409 5329 5410
f 5410 5329 5328
f 5410 5328 5411
f 5411 5328 5336
f 5411 5336 5412
f 5412 5336 5335
f 5412 5335 5413
f 5413 5335 5334
f 5413 5334 5414
f 5414 5334 5333
f 5414 5333 5415
f 5415 5333 5332
f 5415 5332 5407
f 5407 5332 5331
f 5409 5416 5408
f 5408 5416 5417
f 5408 5417 5407
f 5407 5417 5418
f 5407 5418 5415
f 5415 5418 5419
f 5415 5419 5414
f 5414 5419 5420
f 5414 5420 5413
f 5413 5420 5421
f 5413 5421 5412
f 5412 5421 5422
f 5412 5422 5411
f 5411 5422 5423
f 5411 5423 5410
f 5410 5423 5424
f 5410 5424 5409
f 5409 5424 5416
f 5425 5426 5427
f 5427 5426 5428
f 5427 5428 5429
f 5429 5428 5430
f 5429 5430 5431
f 5432 5433 5425
f 5425 5433 5434
f 5425 5434 5426
f 5435 5436 5432
f 5432 5436 5437
f 5432 5437 5433
f 5438 5439 5435
f 5435 5440 5436
f 5439 5438 5441
f 5441 5438 5442
f 5441 5442 5443
f 5443 5442 5444
f 5444 5442 5445
f 5446 5445 5447
f 5447 5445 5448
f 5447 5448 5449
f 5449 5448 5431
f 5431 5448 5429
f 5420 5427 5421
f 5421 5427 5429
f 5421 5429 5422
f 5422 5429 5448
f 5422 5448 5423
f 5423 5448 5445
f 5423 5445 5424
f 5424 5445 5442
f 5424 5442 5416
f 5416 5442 5438
f 5416 5438 5417
f 5417 5438 5435
f 5417 5435 5418
f 5418 5435 5432
f 5418 5432 5419
f 5419 5432 5425
f 5419 5425 5420
f 5420 5425 5427
f 5450 5274 5451
f 5451 5274 5272
f 5451 5272 5452
f 5452 5272 5270
f 5452 5270 5453
f 5453 5270 5268
f 5453 5268 5454
f 5454 5268 5266
f 5454 5266 5264
f 5455 5456 5450
f 5450 5456 5276
f 5450 5276 5274
f 5276 5456 5260
f 5260 5456 5457
f 5260 5457 5262
f 5262 5457 5458
f 5262 5458 5264
f 5264 5458 5454
f 5457 5459 5458
f 5454 5460 5453
f 5452 5461 5451
f 5457 5456 5449
f 5449 5456 5447
f 5454 5458 5426
f 5426 5458 5428
f 5437 5436 5453
f 5453 5436 5452
f 5441 5443 5451
f 5451 5443 5450
f 5405 5369 5403
f 5403 5369 5367
f 5403 5367 5401
f 5401 5367 5372
f 5401 5372 5383
f 5383 5372 5365
f 5383 5365 5384
f 5384 5365 5363
f 5384 5363 5387
f 5387 5363 5361
f 5387 5361 5388
f 5388 5361 5359
f 5388 5359 5390
f 5390 5359 5358
f 5390 5358 5373
f 5373 5358 5371
f 5373 5371 5405
f 5405 5371 5369
f 5376 5352 5378
f 5378 5352 5350
f 5378 5350 5380
f 5380 5350 5357
f 5380 5357 5382
f 5382 5357 5356
f 5382 5356 5400
f 5400 5356 5366
f 5400 5366 5402
f 5402 5366 5368
f 5402 5368 5404
f 5404 5368 5370
f 5404 5370 5406
f 5406 5370 5355
f 5406 5355 5374
f 5374 5355 5354
f 5374 5354 5376
f 5376 5354 5352
f 5313 5314 5325
f 5325 5314 5326
f 5326 5314 5315
f 5326 5315 5327
f 5327 5315 5317
f 5317 5315 5316
f 5389 5462 3974
f 3974 5462 5463
f 3974 5463 5386
f 5386 5463 5464
f 5386 5464 5385
f 5385 5464 5465
f 5385 5465 5395
f 5395 5465 5466
f 5395 5466 5394
f 5394 5466 5467
f 5394 5467 5393
f 5393 5467 5468
f 5393 5468 5392
f 5392 5468 5469
f 5392 5469 5391
f 5391 5469 5470
f 5391 5470 5389
f 5389 5470 5462
f 5471 5472 5467
f 5467 5472 5473
f 5467 5473 5468
f 5468 5473 5474
f 5468 5474 5469
f 5469 5474 5470
f 5470 5474 5475
f 5470 5475 5462
f 5462 5475 5476
f 5462 5476 5477
f 5462 5477 5463
f 5463 5477 5478
f 5463 5478 5464
f 5464 5478 5479
f 5464 5479 5465
f 5465 5479 5466
f 5466 5479 5471
f 5466 5471 5467
f 5471 5345 5472
f 5472 5345 5348
f 5472 5348 5473
f 5473 5348 5339
f 5473 5339 5474
f 5474 5339 5338
f 5474 5338 5475
f 5475 5338 5360
f 5475 5360 5476
f 5476 5360 5362
f 5476 5362 5477
f 5477 5362 5364
f 5477 5364 5478
f 5478 5364 5347
f 5478 5347 5479
f 5479 5347 5346
f 5479 5346 5471
f 5471 5346 5345
f 5399 5480 4006
f 4006 5480 5481
f 4006 5481 5396
f 5396 5481 5482
f 5396 5482 5397
f 5397 5482 5483
f 5397 5483 5381
f 5381 5483 5484
f 5381 5484 5379
f 5379 5484 5485
f 5379 5485 5377
f 5377 5485 5486
f 5377 5486 5375
f 5375 5486 5487
f 5375 5487 5398
f 5398 5487 5488
f 5398 5488 5399
f 5399 5488 5480
f 5489 5490 5485
f 5485 5490 5491
f 5485 5491 5486
f 5486 5491 5492
f 5486 5492 5487
f 5487 5492 5488
f 5488 5492 5493
f 5488 5493 5480
f 5480 5493 5494
f 5480 5494 5495
f 5480 5495 5481
f 5481 5495 5496
f 5481 5496 5482
f 5482 5496 5497
f 5482 5497 5483
f 5483 5497 5484
f 5484 5497 5489
f 5484 5489 5485
f 5489 5351 5490
f 5490 5351 5353
f 5490 5353 5491
f 5491 5353 5337
f 5491 5337 5492
f 5492 5337 5342
f 5492 5342 5493
f 5493 5342 5341
f 5493 5341 5494
f 5494 5341 5340
f 5494 5340 5495
f 5495 5340 5344
f 5495 5344 5496
f 5496 5344 5343
f 5496 5343 5497
f 5497 5343 5349
f 5497 5349 5489
f 5489 5349 5351
f 5456 5498 5447
f 5447 5498 5446
f 5446 5498 5455
f 5446 5455 5444
f 5444 5455 5443
f 5443 5455 5450
f 5458 5459 5428
f 5428 5459 5430
f 5430 5459 5431
f 5431 5459 5499
f 5431 5499 5449
f 5449 5499 5457
f 5441 5451 5439
f 5439 5451 5500
f 5439 5500 5461
f 5439 5461 5440
f 5440 5461 5452
f 5440 5452 5436
f 5437 5453 5433
f 5433 5453 5460
f 5433 5460 5434
f 5434 5460 5501
f 5434 5501 5454
f 5454 5426 5434
f 5502 5503 5504
f 5504 5503 5505
f 5504 5505 5506
f 5506 5505 5507
f 5502 5504 5508
f 5508 5504 5509
f 5504 5506 5509
f 5509 5506 5510
f 5506 5507 5510
f 5510 5507 5511
f 5507 5505 5511
f 5511 5505 5512
f 5505 5503 5512
f 5512 5503 5513
f 5503 5502 5513
f 5513 5502 5508
f 5514 5515 5509
f 5509 5515 5516
f 5509 5516 5508
f 5508 5516 5517
f 5508 5517 5518
f 5508 5518 5513
f 5513 5518 5519
f 5513 5519 5520
f 5513 5520 5512
f 5512 5520 5521
f 5512 5521 5522
f 5512 5522 5511
f 5511 5522 5523
f 5511 5523 5524
f 5511 5524 5510
f 5510 5524 5525
f 5510 5525 5514
f 5510 5514 5509
f 5514 5526 5515
f 5515 5526 5527
f 5515 5527 5516
f 5516 5527 5528
f 5516 5528 5517
f 5517 5528 5529
f 5517 5529 5518
f 5518 5529 5530
f 5518 5530 5519
f 5519 5530 5531
f 5519 5531 5520
f 5520 5531 5532
f 5520 5532 5521
f 5521 5532 5533
f 5521 5533 5534
f 5526 5514 5535
f 5535 5514 5525
f 5535 5525 5536
f 5536 5525 5524
f 5536 5524 5537
f 5537 5524 5523
f 5537 5523 5538
f 5538 5523 5522
f 5538 5522 5534
f 5534 5522 5521
f 5532 5539 5533
f 5533 5539 5540
f 5533 5540 5534
f 5534 5540 5541
f 5534 5541 5542
f 5532 5531 5539
f 5539 5531 5543
f 5543 5531 5530
f 5543 5530 5544
f 5544 5530 5529
f 5544 5529 5545
f 5545 5529 5528
f 5545 5528 5546
f 5546 5528 5527
f 5546 5527 5547
f 5547 5527 5526
f 5547 5526 5548
f 5548 5526 5535
f 5548 5535 5549
f 5549 5535 5536
f 5549 5536 5550
f 5550 5536 5537
f 5550 5537 5551
f 5551 5537 5538
f 5551 5538 5542
f 5542 5538 5534
f 5552 5553 5554
f 5554 5553 5555
f 5554 5555 5556
f 5556 5555 5557
f 5556 5557 5558
f 5558 5557 5559
f 5558 5559 5560
f 5541 5540 5561
f 5561 5540 5539
f 5561 5539 5562
f 5562 5539 5543
f 5562 5543 5563
f 5563 5543 5544
f 5563 5544 5545
f 5563 5545 5564
f 5564 5545 5546
f 5564 5546 5565
f 5565 5546 5547
f 5565 5547 5566
f 5566 5547 5548
f 5566 5548 5549
f 5566 5549 5567
f 5567 5549 5550
f 5567 5550 5568
f 5568 5550 5551
f 5568 5551 5542
f 5568 5542 5569
f 5569 5542 5541
f 5569 5541 5561
f 5554 5561 5552
f 5552 5561 5562
f 5552 5562 5553
f 5553 5562 5563
f 5553 5563 5555
f 5555 5563 5564
f 5555 5564 5557
f 5557 5564 5565
f 5557 5565 5559
f 5559 5565 5566
f 5559 5566 5560
f 5560 5566 5567
f 5560 5567 5558
f 5558 5567 5568
f 5558 5568 5556
f 5556 5568 5569
f 5556 5569 5554
f 5554 5569 5561
f 5570 5571 5572
f 5572 5571 5573
f 5572 5573 5574
f 5574 5573 5575
f 5575 5573 5576
f 5575 5576 5577
f 5577 5576 5578
f 5577 5578 5579
f 5579 5578 5580
f 5579 5580 5581
f 5581 5580 5582
f 5581 5582 5583
f 5583 5582 5584
f 5583 5584 5585
f 5585 5584 5586
f 5585 5586 5587
f 5587 5586 5588
f 5587 5588 5589
f 5589 5588 5590
f 5589 5590 5591
f 5591 5590 5592
f 5591 5592 5593
f 5591 5594 5570
f 5570 5594 5595
f 5570 5595 5596
f 5572 5597 5589
f 5589 5597 5598
f 5589 5598 5599
f 5600 5601 5602
f 5602 5601 5603
f 5602 5603 5604
f 5604 5603 5605
f 5604 5605 5606
f 5606 5605 5607
f 5606 5607 5608
f 5608 5607 5578
f 5608 5578 5576
f 5609 5570 5600
f 5600 5570 5596
f 5600 5596 5601
f 5609 5610 5570
f 5570 5610 5611
f 5570 5611 5612
f 5611 5610 5604
f 5604 5610 5602
f 5613 5614 5615
f 5615 5614 5616
f 5615 5616 5617
f 5617 5616 5618
f 5617 5618 5619
f 5619 5618 5620
f 5619 5620 5621
f 5621 5620 5586
f 5621 5586 5584
f 5594 5591 5613
f 5613 5591 5622
f 5613 5622 5614
f 5594 5623 5595
f 5595 5623 5624
f 5624 5623 5625
f 5624 5625 5626
f 5626 5625 5627
f 5626 5627 5628
f 5628 5627 5629
f 5628 5629 5630
f 5630 5629 5582
f 5630 5582 5580
f 5625 5623 5617
f 5617 5623 5615
f 5624 5626 5601
f 5601 5626 5603
f 5607 5605 5630
f 5630 5605 5628
f 5616 5614 5593
f 5593 5614 5631
f 5593 5631 5591
f 5591 5631 5632
f 5591 5632 5622
f 5620 5618 5590
f 5590 5618 5592
f 5619 5621 5627
f 5627 5621 5629
f 5579 5633 5634
f 5634 5633 5635
f 5634 5635 5636
f 5636 5635 5637
f 5636 5637 5638
f 5638 5637 5572
f 5638 5572 5639
f 5639 5572 5640
f 5639 5640 5641
f 5577 5642 5575
f 5575 5642 5643
f 5643 5642 5644
f 5643 5644 5645
f 5645 5644 5646
f 5645 5646 5572
f 5572 5646 5647
f 5572 5647 5648
f 5648 5647 5649
f 5648 5649 5650
f 5650 5649 5642
f 5650 5642 5641
f 5641 5642 5634
f 5641 5634 5651
f 5651 5634 5636
f 5587 5589 5652
f 5652 5589 5653
f 5652 5653 5654
f 5585 5655 5583
f 5583 5655 5656
f 5656 5655 5654
f 5656 5654 5657
f 5655 5652 5654
f 5606 5608 5612
f 5612 5608 5571
f 5612 5571 5570
f 5649 5644 5642
f 5651 5639 5641
f 5589 5599 5658
f 5658 5599 5659
f 5658 5659 5660
f 5660 5659 5633
f 5660 5633 5656
f 5659 5661 5633
f 5633 5661 5662
f 5633 5662 5635
f 5661 5598 5662
f 5662 5598 5597
f 5653 5589 5663
f 5663 5589 5664
f 5663 5664 5665
f 5656 5657 5665
f 5665 5657 5663
f 5658 5664 5589
f 5665 5660 5656
f 5637 5597 5572
f 5648 5640 5572
f 5574 5645 5572
f 5581 5633 5579
f 5666 5667 5572
f 5572 5667 5570
f 5667 5668 5570
f 5570 5668 5591
f 5668 5669 5591
f 5591 5669 5589
f 5669 5666 5589
f 5589 5666 5572
f 5667 5666 5668
f 5668 5666 5669
f 5600 5602 5670
f 5670 5602 5671
f 5602 5610 5671
f 5671 5610 5672
f 5610 5609 5672
f 5672 5609 5673
f 5609 5600 5673
f 5673 5600 5670
f 5670 5671 5673
f 5673 5671 5672
f 5595 5624 5674
f 5674 5624 5675
f 5624 5601 5675
f 5675 5601 5676
f 5601 5596 5676
f 5676 5596 5677
f 5596 5595 5677
f 5677 5595 5674
f 5674 5675 5677
f 5677 5675 5676
f 5613 5615 5678
f 5678 5615 5679
f 5615 5623 5679
f 5679 5623 5680
f 5623 5594 5680
f 5680 5594 5681
f 5594 5613 5681
f 5681 5613 5678
f 5678 5679 5681
f 5681 5679 5680
f 5632 5631 5682
f 5682 5631 5683
f 5631 5614 5683
f 5683 5614 5684
f 5614 5622 5684
f 5684 5622 5685
f 5622 5632 5685
f 5685 5632 5682
f 5682 5683 5685
f 5685 5683 5684
f 5626 5628 5686
f 5686 5628 5687
f 5628 5605 5687
f 5687 5605 5688
f 5605 5603 5688
f 5688 5603 5689
f 5603 5626 5689
f 5689 5626 5686
f 5686 5687 5689
f 5689 5687 5688
f 5617 5619 5690
f 5690 5619 5691
f 5619 5627 5691
f 5691 5627 5692
f 5627 5625 5692
f 5692 5625 5693
f 5625 5617 5693
f 5693 5617 5690
f 5690 5691 5693
f 5693 5691 5692
f 5593 5592 5694
f 5694 5592 5695
f 5592 5618 5695
f 5695 5618 5696
f 5618 5616 5696
f 5696 5616 5697
f 5616 5593 5697
f 5697 5593 5694
f 5694 5695 5697
f 5697 5695 5696
f 5630 5580 5698
f 5698 5580 5699
f 5580 5578 5699
f 5699 5578 5700
f 5578 5607 5700
f 5700 5607 5701
f 5607 5630 5701
f 5701 5630 5698
f 5698 5699 5701
f 5701 5699 5700
f 5621 5584 5702
f 5702 5584 5703
f 5584 5582 5703
f 5703 5582 5704
f 5582 5629 5704
f 5704 5629 5705
f 5629 5621 5705
f 5705 5621 5702
f 5702 5703 5705
f 5705 5703 5704
f 5590 5588 5706
f 5706 5588 5707
f 5588 5586 5707
f 5707 5586 5708
f 5586 5620 5708
f 5708 5620 5709
f 5620 5590 5709
f 5709 5590 5706
f 5706 5707 5709
f 5709 5707 5708
f 5579 5634 5710
f 5710 5634 5711
f 5634 5642 5711
f 5711 5642 5712
f 5642 5577 5712
f 5712 5577 5713
f 5577 5579 5713
f 5713 5579 5710
f 5710 5711 5713
f 5713 5711 5712
f 5583 5656 5714
f 5714 5656 5715
f 5656 5633 5715
f 5715 5633 5716
f 5633 5581 5716
f 5716 5581 5717
f 5581 5583 5717
f 5717 5583 5714
f 5714 5715 5717
f 5717 5715 5716
f 5587 5652 5718
f 5718 5652 5719
f 5652 5655 5719
f 5719 5655 5720
f 5655 5585 5720
f 5720 5585 5721
f 5585 5587 5721
f 5721 5587 5718
f 5718 5719 5721
f 5721 5719 5720
f 5604 5606 5722
f 5722 5606 5723
f 5606 5612 5723
f 5723 5612 5724
f 5612 5611 5724
f 5724 5611 5725
f 5611 5604 5725
f 5725 5604 5722
f 5722 5723 5725
f 5725 5723 5724
f 5608 5576 5726
f 5726 5576 5727
f 5576 5573 5727
f 5727 5573 5728
f 5573 5571 5728
f 5728 5571 5729
f 5571 5608 5729
f 5729 5608 5726
f 5726 5727 5729
f 5729 5727 5728
f 5575 5643 5730
f 5730 5643 5731
f 5643 5645 5731
f 5731 5645 5732
f 5645 5574 5732
f 5732 5574 5733
f 5574 5575 5733
f 5733 5575 5730
f 5730 5731 5733
f 5733 5731 5732
f 5646 5644 5734
f 5734 5644 5735
f 5644 5649 5735
f 5735 5649 5736
f 5649 5647 5736
f 5736 5647 5737
f 5647 5646 5737
f 5737 5646 5734
f 5734 5735 5737
f 5737 5735 5736
f 5640 5648 5738
f 5738 5648 5739
f 5648 5650 5739
f 5739 5650 5740
f 5650 5641 5740
f 5740 5641 5741
f 5641 5640 5741
f 5741 5640 5738
f 5739 5740 5738
f 5738 5740 5741
f 5638 5639 5742
f 5742 5639 5743
f 5639 5651 5743
f 5743 5651 5744
f 5651 5636 5744
f 5744 5636 5745
f 5636 5638 5745
f 5745 5638 5742
f 5743 5744 5742
f 5742 5744 5745
f 5597 5637 5746
f 5746 5637 5747
f 5637 5635 5747
f 5747 5635 5748
f 5635 5662 5748
f 5748 5662 5749
f 5662 5597 5749
f 5749 5597 5746
f 5747 5748 5746
f 5746 5748 5749
f 5599 5598 5750
f 5750 5598 5751
f 5598 5661 5751
f 5751 5661 5752
f 5661 5659 5752
f 5752 5659 5753
f 5659 5599 5753
f 5753 5599 5750
f 5751 5752 5750
f 5750 5752 5753
f 5664 5658 5754
f 5754 5658 5755
f 5658 5660 5755
f 5755 5660 5756
f 5660 5665 5756
f 5756 5665 5757
f 5665 5664 5757
f 5757 5664 5754
f 5755 5756 5754
f 5754 5756 5757
f 5653 5663 5758
f 5758 5663 5759
f 5663 5657 5759
f 5759 5657 5760
f 5657 5654 5760
f 5760 5654 5761
f 5654 5653 5761
f 5761 5653 5758
f 5759 5760 5758
f 5758 5760 5761
f 5762 5763 5764
f 5764 5763 5765
f 5764 5765 5766
f 5766 5765 5767
f 5766 5767 5768
f 5768 5767 5769
f 5768 5769 5770
f 5770 5769 5771
f 5770 5771 5772
f 5772 5771 5773
f 5772 5773 5774
f 5774 5773 5775
f 5774 5775 5776
f 5776 5775 5777
f 5776 5777 5778
f 5778 5777 5779
f 5778 5779 5762
f 5762 5779 5763
f 5780 5765 5781
f 5781 5765 5763
f 5781 5763 5782
f 5782 5763 5779
f 5782 5779 5783
f 5783 5779 5777
f 5783 5777 5784
f 5784 5777 5775
f 5784 5775 5785
f 5785 5775 5773
f 5785 5773 5786
f 5786 5773 5771
f 5786 5771 5787
f 5787 5771 5769
f 5787 5769 5788
f 5788 5769 5767
f 5788 5767 5780
f 5780 5767 5765
f 5789 5790 5791
f 5791 5790 5792
f 5791 5792 5793
f 5793 5792 5794
f 5793 5794 5795
f 5795 5794 5796
f 5795 5796 5797
f 5797 5796 5798
f 5797 5798 5799
f 5799 5798 5800
f 5799 5800 5801
f 5801 5800 5802
f 5801 5802 5803
f 5803 5802 5804
f 5803 5804 5805
f 5805 5804 5806
f 5805 5806 5789
f 5789 5806 5790
f 5807 5792 5808
f 5808 5792 5790
f 5808 5790 5809
f 5809 5790 5806
f 5809 5806 5810
f 5810 5806 5804
f 5810 5804 5811
f 5811 5804 5802
f 5811 5802 5812
f 5812 5802 5800
f 5812 5800 5813
f 5813 5800 5798
f 5813 5798 5814
f 5814 5798 5796
f 5814 5796 5815
f 5815 5796 5794
f 5815 5794 5807
f 5807 5794 5792
f 5816 5817 5818
f 5818 5817 5819
f 5818 5819 5820
f 5820 5819 5821
f 5820 5821 5822
f 5822 5821 5823
f 5822 5823 5824
f 5824 5823 5825
f 5824 5825 5826
f 5826 5825 5827
f 5826 5827 5828
f 5828 5827 5829
f 5828 5829 5830
f 5830 5829 5831
f 5830 5831 5832
f 5832 5831 5833
f 5832 5833 5816
f 5816 5833 5817
f 5834 5819 5835
f 5835 5819 5817
f 5835 5817 5836
f 5836 5817 5833
f 5836 5833 5837
f 5837 5833 5831
f 5837 5831 5838
f 5838 5831 5829
f 5838 5829 5839
f 5839 5829 5827
f 5839 5827 5840
f 5840 5827 5825
f 5840 5825 5841
f 5841 5825 5823
f 5841 5823 5842
f 5842 5823 5821
f 5842 5821 5834
f 5834 5821 5819
f 5843 5844 5845
f 5845 5844 5846
f 5845 5846 5847
f 5847 5846 5848
f 5847 5848 5849
f 5849 5848 5850
f 5849 5850 5851
f 5851 5850 5852
f 5851 5852 5853
f 5853 5852 5854
f 5853 5854 5855
f 5855 5854 5856
f 5855 5856 5857
f 5857 5856 5858
f 5857 5858 5859
f 5859 5858 5860
f 5859 5860 5843
f 5843 5860 5844
f 5861 5846 5862
f 5862 5846 5844
f 5862 5844 5863
f 5863 5844 5860
f 5863 5860 5864
f 5864 5860 5858
f 5864 5858 5865
f 5865 5858 5856
f 5865 5856 5866
f 5866 5856 5854
f 5866 5854 5867
f 5867 5854 5852
f 5867 5852 5868
f 5868 5852 5850
f 5868 5850 5869
f 5869 5850 5848
f 5869 5848 5861
f 5861 5848 5846
f 5870 5871 5872
f 5872 5871 5873
f 5872 5873 5874
f 5874 5873 5875
f 5874 5875 5876
f 5876 5875 5877
f 5876 5877 5878
f 5878 5877 5879
f 5878 5879 5880
f 5880 5879 5881
f 5880 5881 5882
f 5882 5881 5883
f 5882 5883 5884
f 5884 5883 5885
f 5884 5885 5886
f 5886 5885 5887
f 5886 5887 5870
f 5870 5887 5871
f 5888 5873 5889
f 5889 5873 5871
f 5889 5871 5890
f 5890 5871 5887
f 5890 5887 5891
f 5891 5887 5885
f 5891 5885 5892
f 5892 5885 5883
f 5892 5883 5893
f 5893 5883 5881
f 5893 5881 5894
f 5894 5881 5879
f 5894 5879 5895
f 5895 5879 5877
f 5895 5877 5896
f 5896 5877 5875
f 5896 5875 5888
f 5888 5875 5873
f 5897 5898 5899
f 5899 5898 5900
f 5899 5900 5901
f 5901 5900 5902
f 5901 5902 5903
f 5903 5902 5904
f 5903 5904 5905
f 5905 5904 5906
f 5905 5906 5907
f 5907 5906 5908
f 5907 5908 5909
f 5909 5908 5910
f 5909 5910 5911
f 5911 5910 5912
f 5911 5912 5913
f 5913 5912 5914
f 5913 5914 5897
f 5897 5914 5898
f 5915 5900 5916
f 5916 5900 5898
f 5916 5898 5917
f 5917 5898 5914
f 5917 5914 5918
f 5918 5914 5912
f 5918 5912 5919
f 5919 5912 5910
f 5919 5910 5920
f 5920 5910 5908
f 5920 5908 5921
f 5921 5908 5906
f 5921 5906 5922
f 5922 5906 5904
f 5922 5904 5923
f 5923 5904 5902
f 5923 5902 5915
f 5915 5902 5900
f 5924 5925 5926
f 5926 5925 5927
f 5926 5927 5928
f 5928 5927 5929
f 5928 5929 5930
f 5930 5929 5931
f 5930 5931 5932
f 5932 5931 5933
f 5932 5933 5934
f 5934 5933 5935
f 5934 5935 5936
f 5936 5935 5937
f 5936 5937 5938
f 5938 5937 5939
f 5938 5939 5940
f 5940 5939 5941
f 5940 5941 5924
f 5924 5941 5925
f 5942 5927 5943
f 5943 5927 5925
f 5943 5925 5944
f 5944 5925 5941
f 5944 5941 5945
f 5945 5941 5939
f 5945 5939 5946
f 5946 5939 5937
f 5946 5937 5947
f 5947 5937 5935
f 5947 5935 5948
f 5948 5935 5933
f 5948 5933 5949
f 5949 5933 5931
f 5949 5931 5950
f 5950 5931 5929
f 5950 5929 5942
f 5942 5929 5927
f 5951 5952 5953
f 5953 5952 5954
f 5953 5954 5955
f 5955 5954 5956
f 5955 5956 5957
f 5957 5956 5958
f 5957 5958 5959
f 5959 5958 5960
f 5959 5960 5961
f 5961 5960 5962
f 5961 5962 5963
f 5963 5962 5964
f 5963 5964 5965
f 5965 5964 5966
f 5965 5966 5967
f 5967 5966 5968
f 5967 5968 5951
f 5951 5968 5952
f 5969 5954 5970
f 5970 5954 5952
f 5970 5952 5971
f 5971 5952 5968
f 5971 5968 5972
f 5972 5968 5966
f 5972 5966 5973
f 5973 5966 5964
f 5973 5964 5974
f 5974 5964 5962
f 5974 5962 5975
f 5975 5962 5960
f 5975 5960 5976
f 5976 5960 5958
f 5976 5958 5977
f 5977 5958 5956
f 5977 5956 5969
f 5969 5956 5954
f 5978 5979 5980
f 5980 5979 5981
f 5980 5981 5982
f 5982 5981 5983
f 5982 5983 5984
f 5984 5983 5985
f 5984 5985 5986
f 5986 5985 5987
f 5986 5987 5988
f 5988 5987 5989
f 5988 5989 5990
f 5990 5989 5991
f 5990 5991 5992
f 5992 5991 5993
f 5992 5993 5994
f 5994 5993 5995
f 5994 5995 5978
f 5978 5995 5979
f 5996 5981 5997
f 5997 5981 5979
f 5997 5979 5998
f 5998 5979 5995
f 5998 5995 5999
f 5999 5995 5993
f 5999 5993 6000
f 6000 5993 5991
f 6000 5991 6001
f 6001 5991 5989
f 6001 5989 6002
f 6002 5989 5987
f 6002 5987 6003
f 6003 5987 5985
f 6003 5985 6004
f 6004 5985 5983
f 6004 5983 5996
f 5996 5983 5981
f 6005 6006 6007
f 6007 6006 6008
f 6007 6008 6009
f 6009 6008 6010
f 6009 6010 6011
f 6011 6010 6012
f 6011 6012 6013
f 6013 6012 6014
f 6013 6014 6015
f 6015 6014 6016
f 6015 6016 6017
f 6017 6016 6018
f 6017 6018 6019
f 6019 6018 6020
f 6019 6020 6021
f 6021 6020 6022
f 6021 6022 6005
f 6005 6022 6006
f 6023 6008 6024
f 6024 6008 6006
f 6024 6006 6025
f 6025 6006 6022
f 6025 6022 6026
f 6026 6022 6020
f 6026 6020 6027
f 6027 6020 6018
f 6027 6018 6028
f 6028 6018 6016
f 6028 6016 6029
f 6029 6016 6014
f 6029 6014 6030
f 6030 6014 6012
f 6030 6012 6031
f 6031 6012 6010
f 6031 6010 6023
f 6023 6010 6008
f 6032 6033 6034
f 6034 6033 6035
f 6034 6035 6036
f 6036 6035 6037
f 6036 6037 6038
f 6038 6037 6039
f 6038 6039 6040
f 6040 6039 6041
f 6040 6041 6042
f 6042 6041 6043
f 6042 6043 6044
f 6044 6043 6045
f 6044 6045 6046
f 6046 6045 6047
f 6046 6047 6048
f 6048 6047 6049
f 6048 6049 6032
f 6032 6049 6033
f 6050 6035 6051
f 6051 6035 6033
f 6051 6033 6052
f 6052 6033 6049
f 6052 6049 6053
f 6053 6049 6047
f 6053 6047 6054
f 6054 6047 6045
f 6054 6045 6055
f 6055 6045 6043
f 6055 6043 6056
f 6056 6043 6041
f 6056 6041 6057
f 6057 6041 6039
f 6057 6039 6058
f 6058 6039 6037
f 6058 6037 6050
f 6050 6037 6035
f 6059 6060 6061
f 6061 6060 6062
f 6061 6062 6063
f 6063 6062 6064
f 6063 6064 6065
f 6065 6064 6066
f 6065 6066 6067
f 6067 6066 6068
f 6067 6068 6069
f 6069 6068 6070
f 6069 6070 6071
f 6071 6070 6072
f 6071 6072 6073
f 6073 6072 6074
f 6073 6074 6075
f 6075 6074 6076
f 6075 6076 6059
f 6059 6076 6060
f 6077 6062 6078
f 6078 6062 6060
f 6078 6060 6079
f 6079 6060 6076
f 6079 6076 6080
f 6080 6076 6074
f 6080 6074 6081
f 6081 6074 6072
f 6081 6072 6082
f 6082 6072 6070
f 6082 6070 6083
f 6083 6070 6068
f 6083 6068 6084
f 6084 6068 6066
f 6084 6066 6085
f 6085 6066 6064
f 6085 6064 6077
f 6077 6064 6062
f 6086 6087 6088
f 6088 6087 6089
f 6088 6089 6090
f 6090 6089 6091
f 6090 6091 6092
f 6092 6091 6093
f 6092 6093 6094
f 6094 6093 6095
f 6094 6095 6096
f 6096 6095 6097
f 6096 6097 6098
f 6098 6097 6099
f 6098 6099 6100
f 6100 6099 6101
f 6100 6101 6102
f 6102 6101 6103
f 6102 6103 6086
f 6086 6103 6087
f 6104 6089 6105
f 6105 6089 6087
f 6105 6087 6106
f 6106 6087 6103
f 6106 6103 6107
f 6107 6103 6101
f 6107 6101 6108
f 6108 6101 6099
f 6108 6099 6109
f 6109 6099 6097
f 6109 6097 6110
f 6110 6097 6095
f 6110 6095 6111
f 6111 6095 6093
f 6111 6093 6112
f 6112 6093 6091
f 6112 6091 6104
f 6104 6091 6089
f 6113 6114 6115
f 6115 6114 6116
f 6115 6116 6117
f 6117 6116 6118
f 6117 6118 6119
f 6119 6118 6120
f 6119 6120 6121
f 6121 6120 6122
f 6121 6122 6123
f 6123 6122 6124
f 6123 6124 6125
f 6125 6124 6126
f 6125 6126 6127
f 6127 6126 6128
f 6127 6128 6129
f 6129 6128 6130
f 6129 6130 6113
f 6113 6130 6114
f 6131 6116 6132
f 6132 6116 6114
f 6132 6114 6133
f 6133 6114 6130
f 6133 6130 6134
f 6134 6130 6128
f 6134 6128 6135
f 6135 6128 6126
f 6135 6126 6136
f 6136 6126 6124
f 6136 6124 6137
f 6137 6124 6122
f 6137 6122 6138
f 6138 6122 6120
f 6138 6120 6139
f 6139 6120 6118
f 6139 6118 6131
f 6131 6118 6116
f 6140 6141 6142
f 6142 6141 6143
f 6142 6143 6144
f 6144 6143 6145
f 6144 6145 6146
f 6146 6145 6147
f 6146 6147 6148
f 6148 6147 6149
f 6148 6149 6150
f 6150 6149 6151
f 6150 6151 6152
f 6152 6151 6153
f 6152 6153 6154
f 6154 6153 6155
f 6154 6155 6156
f 6156 6155 6157
f 6156 6157 6140
f 6140 6157 6141
f 6158 6143 6159
f 6159 6143 6141
f 6159 6141 6160
f 6160 6141 6157
f 6160 6157 6161
f 6161 6157 6155
f 6161 6155 6162
f 6162 6155 6153
f 6162 6153 6163
f 6163 6153 6151
f 6163 6151 6164
f 6164 6151 6149
f 6164 6149 6165
f 6165 6149 6147
f 6165 6147 6166
f 6166 6147 6145
f 6166 6145 6158
f 6158 6145 6143
f 6167 6168 6169
f 6169 6168 6170
f 6169 6170 6171
f 6171 6170 6172
f 6171 6172 6173
f 6173 6172 6174
f 6173 6174 6175
f 6175 6174 6176
f 6175 6176 6177
f 6177 6176 6178
f 6177 6178 6179
f 6179 6178 6180
f 6179 6180 6181
f 6181 6180 6182
f 6181 6182 6183
f 6183 6182 6184
f 6183 6184 6167
f 6167 6184 6168
f 6185 6170 6186
f 6186 6170 6168
f 6186 6168 6187
f 6187 6168 6184
f 6187 6184 6188
f 6188 6184 6182
f 6188 6182 6189
f 6189 6182 6180
f 6189 6180 6190
f 6190 6180 6178
f 6190 6178 6191
f 6191 6178 6176
f 6191 6176 6192
f 6192 6176 6174
f 6192 6174 6193
f 6193 6174 6172
f 6193 6172 6185
f 6185 6172 6170
f 6194 6195 6196
f 6196 6195 6197
f 6196 6197 6198
f 6198 6197 6199
f 6198 6199 6200
f 6200 6199 6201
f 6200 6201 6202
f 6202 6201 6203
f 6202 6203 6204
f 6204 6203 6205
f 6204 6205 6206
f 6206 6205 6207
f 6206 6207 6208
f 6208 6207 6209
f 6208 6209 6210
f 6210 6209 6211
f 6210 6211 6194
f 6194 6211 6195
f 6212 6213 6214
f 6214 6213 6215
f 6214 6215 6216
f 6216 6215 6217
f 6216 6217 6218
f 6218 6217 6219
f 6218 6219 6220
f 6220 6219 6221
f 6220 6221 6222
f 6222 6221 6223
f 6222 6223 6224
f 6224 6223 6225
f 6224 6225 6226
f 6226 6225 6227
f 6226 6227 6228
f 6228 6227 6229
f 6228 6229 6212
f 6212 6229 6213
f 6230 6231 6232
f 6232 6231 6233
f 6232 6233 6234
f 6234 6233 6235
f 6234 6235 6236
f 6236 6235 6237
f 6236 6237 6238
f 6238 6237 6239
f 6238 6239 6240
f 6240 6239 6241
f 6240 6241 6242
f 6242 6241 6243
f 6242 6243 6244
f 6244 6243 6245
f 6244 6245 6246
f 6246 6245 6247
f 6246 6247 6230
f 6230 6247 6231
f 6248 6249 6250
f 6250 6249 6251
f 6250 6251 6252
f 6252 6251 6253
f 6252 6253 6254
f 6254 6253 6255
f 6254 6255 6256
f 6256 6255 6257
f 6256 6257 6258
f 6258 6257 6259
f 6258 6259 6260
f 6260 6259 6261
f 6260 6261 6262
f 6262 6261 6263
f 6262 6263 6264
f 6264 6263 6265
f 6264 6265 6248
f 6248 6265 6249
f 6266 6267 6268
f 6268 6267 6269
f 6268 6269 6270
f 6270 6269 6271
f 6270 6271 6272
f 6272 6271 6273
f 6272 6273 6274
f 6274 6273 6275
f 6274 6275 6276
f 6276 6275 6277
f 6276 6277 6278
f 6278 6277 6279
f 6278 6279 6280
f 6280 6279 6281
f 6280 6281 6282
f 6282 6281 6283
f 6282 6283 6266
f 6266 6283 6267
f 6284 6285 6286
f 6286 6285 6287
f 6286 6287 6288
f 6288 6287 6289
f 6288 6289 6290
f 6290 6289 6291
f 6290 6291 6292
f 6292 6291 6293
f 6292 6293 6294
f 6294 6293 6295
f 6294 6295 6296
f 6296 6295 6297
f 6296 6297 6298
f 6298 6297 6299
f 6298 6299 6300
f 6300 6299 6301
f 6300 6301 6284
f 6284 6301 6285
f 6302 6303 6304
f 6304 6303 6305
f 6304 6305 6306
f 6306 6305 6307
f 6306 6307 6308
f 6308 6307 6309
f 6308 6309 6310
f 6310 6309 6311
f 6310 6311 6312
f 6312 6311 6313
f 6312 6313 6314
f 6314 6313 6315
f 6314 6315 6316
f 6316 6315 6317
f 6316 6317 6318
f 6318 6317 6319
f 6318 6319 6302
f 6302 6319 6303
f 6320 6321 6322
f 6322 6321 6323
f 6322 6323 6324
f 6324 6323 6325
f 6324 6325 6326
f 6326 6325 6327
f 6326 6327 6328
f 6328 6327 6329
f 6328 6329 6330
f 6330 6329 6331
f 6330 6331 6332
f 6332 6331 6333
f 6332 6333 6334
f 6334 6333 6335
f 6334 6335 6336
f 6336 6335 6337
f 6336 6337 6320
f 6320 6337 6321
f 6338 6339 6340
f 6340 6339 6341
f 6340 6341 6342
f 6342 6341 6343
f 6342 6343 6344
f 6344 6343 6345
f 6344 6345 6346
f 6346 6345 6347
f 6346 6347 6348
f 6348 6347 6349
f 6348 6349 6350
f 6350 6349 6351
f 6350 6351 6352
f 6352 6351 6353
f 6352 6353 6354
f 6354 6353 6355
f 6354 6355 6338
f 6338 6355 6339
f 6356 6357 6358
f 6358 6357 6359
f 6358 6359 6360
f 6360 6359 6361
f 6360 6361 6362
f 6362 6361 6363
f 6362 6363 6364
f 6364 6363 6365
f 6364 6365 6366
f 6366 6365 6367
f 6366 6367 6368
f 6368 6367 6369
f 6368 6369 6370
f 6370 6369 6371
f 6370 6371 6372
f 6372 6371 6373
f 6372 6373 6356
f 6356 6373 6357
f 6374 6375 6376
f 6376 6375 6377
f 6376 6377 6378
f 6378 6377 6379
f 6378 6379 6380
f 6380 6379 6381
f 6380 6381 6382
f 6382 6381 6383
f 6382 6383 6384
f 6384 6383 6385
f 6384 6385 6386
f 6386 6385 6387
f 6386 6387 6388
f 6388 6387 6389
f 6388 6389 6390
f 6390 6389 6391
f 6390 6391 6374
f 6374 6391 6375
f 6392 6393 6394
f 6394 6393 6395
f 6394 6395 6396
f 6396 6395 6397
f 6396 6397 6398
f 6398 6397 6399
f 6398 6399 6400
f 6400 6399 6401
f 6400 6401 6402
f 6402 6401 6403
f 6402 6403 6404
f 6404 6403 6405
f 6404 6405 6406
f 6406 6405 6407
f 6406 6407 6408
f 6408 6407 6409
f 6408 6409 6392
f 6392 6409 6393
f 6410 6411 6412
f 6412 6411 6413
f 6412 6413 6414
f 6414 6413 6415
f 6414 6415 6416
f 6416 6415 6417
f 6416 6417 6418
f 6418 6417 6419
f 6418 6419 6420
f 6420 6419 6421
f 6420 6421 6422
f 6422 6421 6423
f 6422 6423 6424
f 6424 6423 6425
f 6424 6425 6426
f 6426 6425 6427
f 6426 6427 6410
f 6410 6427 6411
f 6428 6429 6430
f 6430 6429 6431
f 6430 6431 6432
f 6432 6431 6433
f 6432 6433 6434
f 6434 6433 6435
f 6434 6435 6436
f 6436 6435 6437
f 6436 6437 6438
f 6438 6437 6439
f 6438 6439 6440
f 6440 6439 6441
f 6440 6441 6442
f 6442 6441 6443
f 6442 6443 6444
f 6444 6443 6445
f 6444 6445 6428
f 6428 6445 6429
f 6446 6447 6448
f 6448 6447 6449
f 6448 6449 6450
f 6450 6449 6451
f 6450 6451 6452
f 6452 6451 6453
f 6452 6453 6454
f 6454 6453 6455
f 6454 6455 6456
f 6456 6455 6457
f 6456 6457 6458
f 6458 6457 6459
f 6458 6459 6460
f 6460 6459 6461
f 6460 6461 6462
f 6462 6461 6463
f 6462 6463 6446
f 6446 6463 6447
f 6464 6465 6466
f 6466 6465 6467
f 6466 6467 6468
f 6468 6467 6469
f 6468 6469 6470
f 6470 6469 6471
f 6470 6471 6472
f 6472 6471 6473
f 6472 6473 6474
f 6474 6473 6475
f 6474 6475 6476
f 6476 6475 6477
f 6476 6477 6478
f 6478 6477 6479
f 6478 6479 6480
f 6480 6479 6481
f 6480 6481 6464
f 6464 6481 6465
f 6482 5781 6483
f 6483 5781 5782
f 6483 5782 6484
f 6484 5782 5783
f 6484 5783 6485
f 6485 5783 5784
f 6485 5784 6486
f 6486 5784 5785
f 6486 5785 6487
f 6487 5785 5786
f 6487 5786 6488
f 6488 5786 5787
f 6488 5787 6489
f 6489 5787 5788
f 6489 5788 6490
f 6490 5788 5780
f 6490 5780 6482
f 6482 5780 5781
f 6491 5808 6492
f 6492 5808 5809
f 6492 5809 6493
f 6493 5809 5810
f 6493 5810 6494
f 6494 5810 5811
f 6494 5811 6495
f 6495 5811 5812
f 6495 5812 6496
f 6496 5812 5813
f 6496 5813 6497
f 6497 5813 5814
f 6497 5814 6498
f 6498 5814 5815
f 6498 5815 6499
f 6499 5815 5807
f 6499 5807 6491
f 6491 5807 5808
f 6500 5835 6501
f 6501 5835 5836
f 6501 5836 6502
f 6502 5836 5837
f 6502 5837 6503
f 6503 5837 5838
f 6503 5838 6504
f 6504 5838 5839
f 6504 5839 6505
f 6505 5839 5840
f 6505 5840 6506
f 6506 5840 5841
f 6506 5841 6507
f 6507 5841 5842
f 6507 5842 6508
f 6508 5842 5834
f 6508 5834 6500
f 6500 5834 5835
f 6509 5862 6510
f 6510 5862 5863
f 6510 5863 6511
f 6511 5863 5864
f 6511 5864 6512
f 6512 5864 5865
f 6512 5865 6513
f 6513 5865 5866
f 6513 5866 6514
f 6514 5866 5867
f 6514 5867 6515
f 6515 5867 5868
f 6515 5868 6516
f 6516 5868 5869
f 6516 5869 6517
f 6517 5869 5861
f 6517 5861 6509
f 6509 5861 5862
f 6518 5889 6519
f 6519 5889 5890
f 6519 5890 6520
f 6520 5890 5891
f 6520 5891 6521
f 6521 5891 5892
f 6521 5892 6522
f 6522 5892 5893
f 6522 5893 6523
f 6523 5893 5894
f 6523 5894 6524
f 6524 5894 5895
f 6524 5895 6525
f 6525 5895 5896
f 6525 5896 6526
f 6526 5896 5888
f 6526 5888 6518
f 6518 5888 5889
f 6527 5916 6528
f 6528 5916 5917
f 6528 5917 6529
f 6529 5917 5918
f 6529 5918 6530
f 6530 5918 5919
f 6530 5919 6531
f 6531 5919 5920
f 6531 5920 6532
f 6532 5920 5921
f 6532 5921 6533
f 6533 5921 5922
f 6533 5922 6534
f 6534 5922 5923
f 6534 5923 6535
f 6535 5923 5915
f 6535 5915 6527
f 6527 5915 5916
f 6536 5943 6537
f 6537 5943 5944
f 6537 5944 6538
f 6538 5944 5945
f 6538 5945 6539
f 6539 5945 5946
f 6539 5946 6540
f 6540 5946 5947
f 6540 5947 6541
f 6541 5947 5948
f 6541 5948 6542
f 6542 5948 5949
f 6542 5949 6543
f 6543 5949 5950
f 6543 5950 6544
f 6544 5950 5942
f 6544 5942 6536
f 6536 5942 5943
f 6545 5970 6546
f 6546 5970 5971
f 6546 5971 6547
f 6547 5971 5972
f 6547 5972 6548
f 6548 5972 5973
f 6548 5973 6549
f 6549 5973 5974
f 6549 5974 6550
f 6550 5974 5975
f 6550 5975 6551
f 6551 5975 5976
f 6551 5976 6552
f 6552 5976 5977
f 6552 5977 6553
f 6553 5977 5969
f 6553 5969 6545
f 6545 5969 5970
f 6554 5997 6555
f 6555 5997 5998
f 6555 5998 6556
f 6556 5998 5999
f 6556 5999 6557
f 6557 5999 6000
f 6557 6000 6558
f 6558 6000 6001
f 6558 6001 6559
f 6559 6001 6002
f 6559 6002 6560
f 6560 6002 6003
f 6560 6003 6561
f 6561 6003 6004
f 6561 6004 6562
f 6562 6004 5996
f 6562 5996 6554
f 6554 5996 5997
f 6563 6024 6564
f 6564 6024 6025
f 6564 6025 6565
f 6565 6025 6026
f 6565 6026 6566
f 6566 6026 6027
f 6566 6027 6567
f 6567 6027 6028
f 6567 6028 6568
f 6568 6028 6029
f 6568 6029 6569
f 6569 6029 6030
f 6569 6030 6570
f 6570 6030 6031
f 6570 6031 6571
f 6571 6031 6023
f 6571 6023 6563
f 6563 6023 6024
f 6572 6051 6573
f 6573 6051 6052
f 6573 6052 6574
f 6574 6052 6053
f 6574 6053 6575
f 6575 6053 6054
f 6575 6054 6576
f 6576 6054 6055
f 6576 6055 6577
f 6577 6055 6056
f 6577 6056 6578
f 6578 6056 6057
f 6578 6057 6579
f 6579 6057 6058
f 6579 6058 6580
f 6580 6058 6050
f 6580 6050 6572
f 6572 6050 6051
f 6581 6078 6582
f 6582 6078 6079
f 6582 6079 6583
f 6583 6079 6080
f 6583 6080 6584
f 6584 6080 6081
f 6584 6081 6585
f 6585 6081 6082
f 6585 6082 6586
f 6586 6082 6083
f 6586 6083 6587
f 6587 6083 6084
f 6587 6084 6588
f 6588 6084 6085
f 6588 6085 6589
f 6589 6085 6077
f 6589 6077 6581
f 6581 6077 6078
f 6590 6105 6591
f 6591 6105 6106
f 6591 6106 6592
f 6592 6106 6107
f 6592 6107 6593
f 6593 6107 6108
f 6593 6108 6594
f 6594 6108 6109
f 6594 6109 6595
f 6595 6109 6110
f 6595 6110 6596
f 6596 6110 6111
f 6596 6111 6597
f 6597 6111 6112
f 6597 6112 6598
f 6598 6112 6104
f 6598 6104 6590
f 6590 6104 6105
f 6599 6132 6600
f 6600 6132 6133
f 6600 6133 6601
f 6601 6133 6134
f 6601 6134 6602
f 6602 6134 6135
f 6602 6135 6603
f 6603 6135 6136
f 6603 6136 6604
f 6604 6136 6137
f 6604 6137 6605
f 6605 6137 6138
f 6605 6138 6606
f 6606 6138 6139
f 6606 6139 6607
f 6607 6139 6131
f 6607 6131 6599
f 6599 6131 6132
f 6608 6159 6609
f 6609 6159 6160
f 6609 6160 6610
f 6610 6160 6161
f 6610 6161 6611
f 6611 6161 6162
f 6611 6162 6612
f 6612 6162 6163
f 6612 6163 6613
f 6613 6163 6164
f 6613 6164 6614
f 6614 6164 6165
f 6614 6165 6615
f 6615 6165 6166
f 6615 6166 6616
f 6616 6166 6158
f 6616 6158 6608
f 6608 6158 6159
f 6617 6186 6618
f 6618 6186 6187
f 6618 6187 6619
f 6619 6187 6188
f 6619 6188 6620
f 6620 6188 6189
f 6620 6189 6621
f 6621 6189 6190
f 6621 6190 6622
f 6622 6190 6191
f 6622 6191 6623
f 6623 6191 6192
f 6623 6192 6624
f 6624 6192 6193
f 6624 6193 6625
f 6625 6193 6185
f 6625 6185 6617
f 6617 6185 6186
f 6626 6205 6627
f 6627 6205 6203
f 6627 6203 6628
f 6628 6203 6201
f 6628 6201 6629
f 6629 6201 6199
f 6629 6199 6630
f 6630 6199 6197
f 6630 6197 6631
f 6631 6197 6195
f 6631 6195 6632
f 6632 6195 6211
f 6632 6211 6633
f 6633 6211 6209
f 6633 6209 6634
f 6634 6209 6207
f 6634 6207 6626
f 6626 6207 6205
f 6635 6223 6636
f 6636 6223 6221
f 6636 6221 6637
f 6637 6221 6219
f 6637 6219 6638
f 6638 6219 6217
f 6638 6217 6639
f 6639 6217 6215
f 6639 6215 6640
f 6640 6215 6213
f 6640 6213 6641
f 6641 6213 6229
f 6641 6229 6642
f 6642 6229 6227
f 6642 6227 6643
f 6643 6227 6225
f 6643 6225 6635
f 6635 6225 6223
f 6644 6241 6645
f 6645 6241 6239
f 6645 6239 6646
f 6646 6239 6237
f 6646 6237 6647
f 6647 6237 6235
f 6647 6235 6648
f 6648 6235 6233
f 6648 6233 6649
f 6649 6233 6231
f 6649 6231 6650
f 6650 6231 6247
f 6650 6247 6651
f 6651 6247 6245
f 6651 6245 6652
f 6652 6245 6243
f 6652 6243 6644
f 6644 6243 6241
f 6653 6259 6654
f 6654 6259 6257
f 6654 6257 6655
f 6655 6257 6255
f 6655 6255 6656
f 6656 6255 6253
f 6656 6253 6657
f 6657 6253 6251
f 6657 6251 6658
f 6658 6251 6249
f 6658 6249 6659
f 6659 6249 6265
f 6659 6265 6660
f 6660 6265 6263
f 6660 6263 6661
f 6661 6263 6261
f 6661 6261 6653
f 6653 6261 6259
f 6662 6277 6663
f 6663 6277 6275
f 6663 6275 6664
f 6664 6275 6273
f 6664 6273 6665
f 6665 6273 6271
f 6665 6271 6666
f 6666 6271 6269
f 6666 6269 6667
f 6667 6269 6267
f 6667 6267 6668
f 6668 6267 6283
f 6668 6283 6669
f 6669 6283 6281
f 6669 6281 6670
f 6670 6281 6279
f 6670 6279 6662
f 6662 6279 6277
f 6671 6295 6672
f 6672 6295 6293
f 6672 6293 6673
f 6673 6293 6291
f 6673 6291 6674
f 6674 6291 6289
f 6674 6289 6675
f 6675 6289 6287
f 6675 6287 6676
f 6676 6287 6285
f 6676 6285 6677
f 6677 6285 6301
f 6677 6301 6678
f 6678 6301 6299
f 6678 6299 6679
f 6679 6299 6297
f 6679 6297 6671
f 6671 6297 6295
f 6680 6313 6681
f 6681 6313 6311
f 6681 6311 6682
f 6682 6311 6309
f 6682 6309 6683
f 6683 6309 6307
f 6683 6307 6684
f 6684 6307 6305
f 6684 6305 6685
f 6685 6305 6303
f 6685 6303 6686
f 6686 6303 6319
f 6686 6319 6687
f 6687 6319 6317
f 6687 6317 6688
f 6688 6317 6315
f 6688 6315 6680
f 6680 6315 6313
f 6689 6331 6690
f 6690 6331 6329
f 6690 6329 6691
f 6691 6329 6327
f 6691 6327 6692
f 6692 6327 6325
f 6692 6325 6693
f 6693 6325 6323
f 6693 6323 6694
f 6694 6323 6321
f 6694 6321 6695
f 6695 6321 6337
f 6695 6337 6696
f 6696 6337 6335
f 6696 6335 6697
f 6697 6335 6333
f 6697 6333 6689
f 6689 6333 6331
f 6698 6349 6699
f 6699 6349 6347
f 6699 6347 6700
f 6700 6347 6345
f 6700 6345 6701
f 6701 6345 6343
f 6701 6343 6702
f 6702 6343 6341
f 6702 6341 6703
f 6703 6341 6339
f 6703 6339 6704
f 6704 6339 6355
f 6704 6355 6705
f 6705 6355 6353
f 6705 6353 6706
f 6706 6353 6351
f 6706 6351 6698
f 6698 6351 6349
f 6707 6367 6708
f 6708 6367 6365
f 6708 6365 6709
f 6709 6365 6363
f 6709 6363 6710
f 6710 6363 6361
f 6710 6361 6711
f 6711 6361 6359
f 6711 6359 6712
f 6712 6359 6357
f 6712 6357 6713
f 6713 6357 6373
f 6713 6373 6714
f 6714 6373 6371
f 6714 6371 6715
f 6715 6371 6369
f 6715 6369 6707
f 6707 6369 6367
f 6716 6385 6717
f 6717 6385 6383
f 6717 6383 6718
f 6718 6383 6381
f 6718 6381 6719
f 6719 6381 6379
f 6719 6379 6720
f 6720 6379 6377
f 6720 6377 6721
f 6721 6377 6375
f 6721 6375 6722
f 6722 6375 6391
f 6722 6391 6723
f 6723 6391 6389
f 6723 6389 6724
f 6724 6389 6387
f 6724 6387 6716
f 6716 6387 6385
f 6725 6403 6726
f 6726 6403 6401
f 6726 6401 6727
f 6727 6401 6399
f 6727 6399 6728
f 6728 6399 6397
f 6728 6397 6729
f 6729 6397 6395
f 6729 6395 6730
f 6730 6395 6393
f 6730 6393 6731
f 6731 6393 6409
f 6731 6409 6732
f 6732 6409 6407
f 6732 6407 6733
f 6733 6407 6405
f 6733 6405 6725
f 6725 6405 6403
f 6734 6421 6735
f 6735 6421 6419
f 6735 6419 6736
f 6736 6419 6417
f 6736 6417 6737
f 6737 6417 6415
f 6737 6415 6738
f 6738 6415 6413
f 6738 6413 6739
f 6739 6413 6411
f 6739 6411 6740
f 6740 6411 6427
f 6740 6427 6741
f 6741 6427 6425
f 6741 6425 6742
f 6742 6425 6423
f 6742 6423 6734
f 6734 6423 6421
f 6743 6439 6744
f 6744 6439 6437
f 6744 6437 6745
f 6745 6437 6435
f 6745 6435 6746
f 6746 6435 6433
f 6746 6433 6747
f 6747 6433 6431
f 6747 6431 6748
f 6748 6431 6429
f 6748 6429 6749
f 6749 6429 6445
f 6749 6445 6750
f 6750 6445 6443
f 6750 6443 6751
f 6751 6443 6441
f 6751 6441 6743
f 6743 6441 6439
f 6752 6457 6753
f 6753 6457 6455
f 6753 6455 6754
f 6754 6455 6453
f 6754 6453 6755
f 6755 6453 6451
f 6755 6451 6756
f 6756 6451 6449
f 6756 6449 6757
f 6757 6449 6447
f 6757 6447 6758
f 6758 6447 6463
f 6758 6463 6759
f 6759 6463 6461
f 6759 6461 6760
f 6760 6461 6459
f 6760 6459 6752
f 6752 6459 6457
f 6761 6475 6762
f 6762 6475 6473
f 6762 6473 6763
f 6763 6473 6471
f 6763 6471 6764
f 6764 6471 6469
f 6764 6469 6765
f 6765 6469 6467
f 6765 6467 6766
f 6766 6467 6465
f 6766 6465 6767
f 6767 6465 6481
f 6767 6481 6768
f 6768 6481 6479
f 6768 6479 6769
f 6769 6479 6477
f 6769 6477 6761
f 6761 6477 6475
f 6770 5768 6771
f 6771 5768 5770
f 6771 5770 6772
f 6772 5770 5772
f 6772 5772 6773
f 6773 5772 5774
f 6773 5774 6774
f 6774 5774 5776
f 6774 5776 6775
f 6775 5776 5778
f 6775 5778 6776
f 6776 5778 5762
f 6776 5762 6777
f 6777 5762 5764
f 6777 5764 6778
f 6778 5764 5766
f 6778 5766 6770
f 6770 5766 5768
f 6779 5795 6780
f 6780 5795 5797
f 6780 5797 6781
f 6781 5797 5799
f 6781 5799 6782
f 6782 5799 5801
f 6782 5801 6783
f 6783 5801 5803
f 6783 5803 6784
f 6784 5803 5805
f 6784 5805 6785
f 6785 5805 5789
f 6785 5789 6786
f 6786 5789 5791
f 6786 5791 6787
f 6787 5791 5793
f 6787 5793 6779
f 6779 5793 5795
f 6788 5822 6789
f 6789 5822 5824
f 6789 5824 6790
f 6790 5824 5826
f 6790 5826 6791
f 6791 5826 5828
f 6791 5828 6792
f 6792 5828 5830
f 6792 5830 6793
f 6793 5830 5832
f 6793 5832 6794
f 6794 5832 5816
f 6794 5816 6795
f 6795 5816 5818
f 6795 5818 6796
f 6796 5818 5820
f 6796 5820 6788
f 6788 5820 5822
f 6797 5849 6798
f 6798 5849 5851
f 6798 5851 6799
f 6799 5851 5853
f 6799 5853 6800
f 6800 5853 5855
f 6800 5855 6801
f 6801 5855 5857
f 6801 5857 6802
f 6802 5857 5859
f 6802 5859 6803
f 6803 5859 5843
f 6803 5843 6804
f 6804 5843 5845
f 6804 5845 6805
f 6805 5845 5847
f 6805 5847 6797
f 6797 5847 5849
f 6806 5876 6807
f 6807 5876 5878
f 6807 5878 6808
f 6808 5878 5880
f 6808 5880 6809
f 6809 5880 5882
f 6809 5882 6810
f 6810 5882 5884
f 6810 5884 6811
f 6811 5884 5886
f 6811 5886 6812
f 6812 5886 5870
f 6812 5870 6813
f 6813 5870 5872
f 6813 5872 6814
f 6814 5872 5874
f 6814 5874 6806
f 6806 5874 5876
f 6815 5903 6816
f 6816 5903 5905
f 6816 5905 6817
f 6817 5905 5907
f 6817 5907 6818
f 6818 5907 5909
f 6818 5909 6819
f 6819 5909 5911
f 6819 5911 6820
f 6820 5911 5913
f 6820 5913 6821
f 6821 5913 5897
f 6821 5897 6822
f 6822 5897 5899
f 6822 5899 6823
f 6823 5899 5901
f 6823 5901 6815
f 6815 5901 5903
f 6824 5930 6825
f 6825 5930 5932
f 6825 5932 6826
f 6826 5932 5934
f 6826 5934 6827
f 6827 5934 5936
f 6827 5936 6828
f 6828 5936 5938
f 6828 5938 6829
f 6829 5938 5940
f 6829 5940 6830
f 6830 5940 5924
f 6830 5924 6831
f 6831 5924 5926
f 6831 5926 6832
f 6832 5926 5928
f 6832 5928 6824
f 6824 5928 5930
f 6833 5957 6834
f 6834 5957 5959
f 6834 5959 6835
f 6835 5959 5961
f 6835 5961 6836
f 6836 5961 5963
f 6836 5963 6837
f 6837 5963 5965
f 6837 5965 6838
f 6838 5965 5967
f 6838 5967 6839
f 6839 5967 5951
f 6839 5951 6840
f 6840 5951 5953
f 6840 5953 6841
f 6841 5953 5955
f 6841 5955 6833
f 6833 5955 5957
f 6842 5984 6843
f 6843 5984 5986
f 6843 5986 6844
f 6844 5986 5988
f 6844 5988 6845
f 6845 5988 5990
f 6845 5990 6846
f 6846 5990 5992
f 6846 5992 6847
f 6847 5992 5994
f 6847 5994 6848
f 6848 5994 5978
f 6848 5978 6849
f 6849 5978 5980
f 6849 5980 6850
f 6850 5980 5982
f 6850 5982 6842
f 6842 5982 5984
f 6851 6011 6852
f 6852 6011 6013
f 6852 6013 6853
f 6853 6013 6015
f 6853 6015 6854
f 6854 6015 6017
f 6854 6017 6855
f 6855 6017 6019
f 6855 6019 6856
f 6856 6019 6021
f 6856 6021 6857
f 6857 6021 6005
f 6857 6005 6858
f 6858 6005 6007
f 6858 6007 6859
f 6859 6007 6009
f 6859 6009 6851
f 6851 6009 6011
f 6860 6038 6861
f 6861 6038 6040
f 6861 6040 6862
f 6862 6040 6042
f 6862 6042 6863
f 6863 6042 6044
f 6863 6044 6864
f 6864 6044 6046
f 6864 6046 6865
f 6865 6046 6048
f 6865 6048 6866
f 6866 6048 6032
f 6866 6032 6867
f 6867 6032 6034
f 6867 6034 6868
f 6868 6034 6036
f 6868 6036 6860
f 6860 6036 6038
f 6869 6065 6870
f 6870 6065 6067
f 6870 6067 6871
f 6871 6067 6069
f 6871 6069 6872
f 6872 6069 6071
f 6872 6071 6873
f 6873 6071 6073
f 6873 6073 6874
f 6874 6073 6075
f 6874 6075 6875
f 6875 6075 6059
f 6875 6059 6876
f 6876 6059 6061
f 6876 6061 6877
f 6877 6061 6063
f 6877 6063 6869
f 6869 6063 6065
f 6878 6092 6879
f 6879 6092 6094
f 6879 6094 6880
f 6880 6094 6096
f 6880 6096 6881
f 6881 6096 6098
f 6881 6098 6882
f 6882 6098 6100
f 6882 6100 6883
f 6883 6100 6102
f 6883 6102 6884
f 6884 6102 6086
f 6884 6086 6885
f 6885 6086 6088
f 6885 6088 6886
f 6886 6088 6090
f 6886 6090 6878
f 6878 6090 6092
f 6887 6119 6888
f 6888 6119 6121
f 6888 6121 6889
f 6889 6121 6123
f 6889 6123 6890
f 6890 6123 6125
f 6890 6125 6891
f 6891 6125 6127
f 6891 6127 6892
f 6892 6127 6129
f 6892 6129 6893
f 6893 6129 6113
f 6893 6113 6894
f 6894 6113 6115
f 6894 6115 6895
f 6895 6115 6117
f 6895 6117 6887
f 6887 6117 6119
f 6896 6146 6897
f 6897 6146 6148
f 6897 6148 6898
f 6898 6148 6150
f 6898 6150 6899
f 6899 6150 6152
f 6899 6152 6900
f 6900 6152 6154
f 6900 6154 6901
f 6901 6154 6156
f 6901 6156 6902
f 6902 6156 6140
f 6902 6140 6903
f 6903 6140 6142
f 6903 6142 6904
f 6904 6142 6144
f 6904 6144 6896
f 6896 6144 6146
f 6905 6173 6906
f 6906 6173 6175
f 6906 6175 6907
f 6907 6175 6177
f 6907 6177 6908
f 6908 6177 6179
f 6908 6179 6909
f 6909 6179 6181
f 6909 6181 6910
f 6910 6181 6183
f 6910 6183 6911
f 6911 6183 6167
f 6911 6167 6912
f 6912 6167 6169
f 6912 6169 6913
f 6913 6169 6171
f 6913 6171 6905
f 6905 6171 6173
f 6914 6915 6771
f 6771 6915 6916
f 6771 6916 6770
f 6770 6916 6917
f 6770 6917 6918
f 6770 6918 6778
f 6778 6918 6919
f 6778 6919 6777
f 6777 6919 6920
f 6777 6920 6776
f 6776 6920 6921
f 6776 6921 6922
f 6776 6922 6775
f 6775 6922 6923
f 6775 6923 6774
f 6774 6923 6924
f 6774 6924 6773
f 6773 6924 6925
f 6773 6925 6772
f 6772 6925 6914
f 6772 6914 6771
f 6926 6927 6780
f 6780 6927 6928
f 6780 6928 6779
f 6779 6928 6929
f 6779 6929 6930
f 6779 6930 6787
f 6787 6930 6931
f 6787 6931 6786
f 6786 6931 6932
f 6786 6932 6785
f 6785 6932 6933
f 6785 6933 6934
f 6785 6934 6784
f 6784 6934 6935
f 6784 6935 6783
f 6783 6935 6936
f 6783 6936 6782
f 6782 6936 6937
f 6782 6937 6781
f 6781 6937 6926
f 6781 6926 6780
f 6938 6939 6789
f 6789 6939 6940
f 6789 6940 6788
f 6788 6940 6941
f 6788 6941 6942
f 6788 6942 6796
f 6796 6942 6943
f 6796 6943 6795
f 6795 6943 6944
f 6795 6944 6794
f 6794 6944 6945
f 6794 6945 6946
f 6794 6946 6793
f 6793 6946 6947
f 6793 6947 6792
f 6792 6947 6948
f 6792 6948 6791
f 6791 6948 6949
f 6791 6949 6790
f 6790 6949 6938
f 6790 6938 6789
f 6950 6951 6798
f 6798 6951 6952
f 6798 6952 6797
f 6797 6952 6953
f 6797 6953 6954
f 6797 6954 6805
f 6805 6954 6955
f 6805 6955 6804
f 6804 6955 6956
f 6804 6956 6803
f 6803 6956 6957
f 6803 6957 6958
f 6803 6958 6802
f 6802 6958 6959
f 6802 6959 6801
f 6801 6959 6960
f 6801 6960 6800
f 6800 6960 6961
f 6800 6961 6799
f 6799 6961 6950
f 6799 6950 6798
f 6962 6963 6807
f 6807 6963 6964
f 6807 6964 6806
f 6806 6964 6965
f 6806 6965 6966
f 6806 6966 6814
f 6814 6966 6967
f 6814 6967 6813
f 6813 6967 6968
f 6813 6968 6812
f 6812 6968 6969
f 6812 6969 6970
f 6812 6970 6811
f 6811 6970 6971
f 6811 6971 6810
f 6810 6971 6972
f 6810 6972 6809
f 6809 6972 6973
f 6809 6973 6808
f 6808 6973 6962
f 6808 6962 6807
f 6974 6975 6816
f 6816 6975 6976
f 6816 6976 6815
f 6815 6976 6977
f 6815 6977 6978
f 6815 6978 6823
f 6823 6978 6979
f 6823 6979 6822
f 6822 6979 6980
f 6822 6980 6821
f 6821 6980 6981
f 6821 6981 6982
f 6821 6982 6820
f 6820 6982 6983
f 6820 6983 6819
f 6819 6983 6984
f 6819 6984 6818
f 6818 6984 6985
f 6818 6985 6817
f 6817 6985 6974
f 6817 6974 6816
f 6986 6987 6825
f 6825 6987 6988
f 6825 6988 6824
f 6824 6988 6989
f 6824 6989 6990
f 6824 6990 6832
f 6832 6990 6991
f 6832 6991 6831
f 6831 6991 6992
f 6831 6992 6830
f 6830 6992 6993
f 6830 6993 6994
f 6830 6994 6829
f 6829 6994 6995
f 6829 6995 6828
f 6828 6995 6996
f 6828 6996 6827
f 6827 6996 6997
f 6827 6997 6826
f 6826 6997 6986
f 6826 6986 6825
f 6998 6999 6834
f 6834 6999 7000
f 6834 7000 6833
f 6833 7000 7001
f 6833 7001 7002
f 6833 7002 6841
f 6841 7002 7003
f 6841 7003 6840
f 6840 7003 7004
f 6840 7004 6839
f 6839 7004 7005
f 6839 7005 7006
f 6839 7006 6838
f 6838 7006 7007
f 6838 7007 6837
f 6837 7007 7008
f 6837 7008 6836
f 6836 7008 7009
f 6836 7009 6835
f 6835 7009 6998
f 6835 6998 6834
f 7010 7011 6843
f 6843 7011 7012
f 6843 7012 6842
f 6842 7012 7013
f 6842 7013 7014
f 6842 7014 6850
f 6850 7014 7015
f 6850 7015 6849
f 6849 7015 7016
f 6849 7016 6848
f 6848 7016 7017
f 6848 7017 7018
f 6848 7018 6847
f 6847 7018 7019
f 6847 7019 6846
f 6846 7019 7020
f 6846 7020 6845
f 6845 7020 7021
f 6845 7021 6844
f 6844 7021 7010
f 6844 7010 6843
f 7022 7023 6852
f 6852 7023 7024
f 6852 7024 6851
f 6851 7024 7025
f 6851 7025 7026
f 6851 7026 6859
f 6859 7026 7027
f 6859 7027 6858
f 6858 7027 7028
f 6858 7028 6857
f 6857 7028 7029
f 6857 7029 7030
f 6857 7030 6856
f 6856 7030 7031
f 6856 7031 6855
f 6855 7031 7032
f 6855 7032 6854
f 6854 7032 7033
f 6854 7033 6853
f 6853 7033 7022
f 6853 7022 6852
f 7034 7035 6861
f 6861 7035 7036
f 6861 7036 6860
f 6860 7036 7037
f 6860 7037 7038
f 6860 7038 6868
f 6868 7038 7039
f 6868 7039 6867
f 6867 7039 7040
f 6867 7040 6866
f 6866 7040 7041
f 6866 7041 7042
f 6866 7042 6865
f 6865 7042 7043
f 6865 7043 6864
f 6864 7043 7044
f 6864 7044 6863
f 6863 7044 7045
f 6863 7045 6862
f 6862 7045 7034
f 6862 7034 6861
f 7046 7047 6870
f 6870 7047 7048
f 6870 7048 6869
f 6869 7048 7049
f 6869 7049 7050
f 6869 7050 6877
f 6877 7050 7051
f 6877 7051 6876
f 6876 7051 7052
f 6876 7052 6875
f 6875 7052 7053
f 6875 7053 7054
f 6875 7054 6874
f 6874 7054 7055
f 6874 7055 6873
f 6873 7055 7056
f 6873 7056 6872
f 6872 7056 7057
f 6872 7057 6871
f 6871 7057 7046
f 6871 7046 6870
f 7058 7059 6879
f 6879 7059 7060
f 6879 7060 6878
f 6878 7060 7061
f 6878 7061 7062
f 6878 7062 6886
f 6886 7062 7063
f 6886 7063 6885
f 6885 7063 7064
f 6885 7064 6884
f 6884 7064 7065
f 6884 7065 7066
f 6884 7066 6883
f 6883 7066 7067
f 6883 7067 6882
f 6882 7067 7068
f 6882 7068 6881
f 6881 7068 7069
f 6881 7069 6880
f 6880 7069 7058
f 6880 7058 6879
f 7070 7071 6888
f 6888 7071 7072
f 6888 7072 6887
f 6887 7072 7073
f 6887 7073 7074
f 6887 7074 6895
f 6895 7074 7075
f 6895 7075 6894
f 6894 7075 7076
f 6894 7076 6893
f 6893 7076 7077
f 6893 7077 7078
f 6893 7078 6892
f 6892 7078 7079
f 6892 7079 6891
f 6891 7079 7080
f 6891 7080 6890
f 6890 7080 7081
f 6890 7081 6889
f 6889 7081 7070
f 6889 7070 6888
f 7082 7083 6897
f 6897 7083 7084
f 6897 7084 6896
f 6896 7084 7085
f 6896 7085 7086
f 6896 7086 6904
f 6904 7086 7087
f 6904 7087 6903
f 6903 7087 7088
f 6903 7088 6902
f 6902 7088 7089
f 6902 7089 7090
f 6902 7090 6901
f 6901 7090 7091
f 6901 7091 6900
f 6900 7091 7092
f 6900 7092 6899
f 6899 7092 7093
f 6899 7093 6898
f 6898 7093 7082
f 6898 7082 6897
f 7094 7095 6906
f 6906 7095 7096
f 6906 7096 6905
f 6905 7096 7097
f 6905 7097 7098
f 6905 7098 6913
f 6913 7098 7099
f 6913 7099 6912
f 6912 7099 7100
f 6912 7100 6911
f 6911 7100 7101
f 6911 7101 7102
f 6911 7102 6910
f 6910 7102 7103
f 6910 7103 6909
f 6909 7103 7104
f 6909 7104 6908
f 6908 7104 7105
f 6908 7105 6907
f 6907 7105 7094
f 6907 7094 6906
f 7106 7107 7108
f 7108 7107 7109
f 7108 7109 7110
f 7107 7106 7111
f 7111 7106 7112
f 7111 7112 7113
f 7113 7112 7114
f 7113 7114 7115
f 7115 7114 7116
f 7115 7116 7117
f 7117 7116 7118
f 7117 7118 7119
f 7119 7118 7120
f 7120 7118 7121
f 7120 7121 7122
f 7122 7121 7123
f 7122 7123 7124
f 7124 7123 7125
f 7124 7125 7126
f 7126 7125 7110
f 7110 7125 7108
f 7127 7128 7129
f 7129 7128 7130
f 7129 7130 7131
f 7128 7127 7132
f 7132 7127 7133
f 7132 7133 7134
f 7134 7133 7135
f 7134 7135 7136
f 7136 7135 7137
f 7136 7137 7138
f 7138 7137 7139
f 7138 7139 7140
f 7140 7139 7141
f 7141 7139 7142
f 7141 7142 7143
f 7143 7142 7144
f 7143 7144 7145
f 7145 7144 7146
f 7145 7146 7147
f 7147 7146 7131
f 7131 7146 7129
f 7148 7149 7150
f 7150 7149 7151
f 7150 7151 7152
f 7149 7148 7153
f 7153 7148 7154
f 7153 7154 7155
f 7155 7154 7156
f 7155 7156 7157
f 7157 7156 7158
f 7157 7158 7159
f 7159 7158 7160
f 7159 7160 7161
f 7161 7160 7162
f 7162 7160 7163
f 7162 7163 7164
f 7164 7163 7165
f 7164 7165 7166
f 7166 7165 7167
f 7166 7167 7168
f 7168 7167 7152
f 7152 7167 7150
f 7169 7170 7171
f 7171 7170 7172
f 7171 7172 7173
f 7170 7169 7174
f 7174 7169 7175
f 7174 7175 7176
f 7176 7175 7177
f 7176 7177 7178
f 7178 7177 7179
f 7178 7179 7180
f 7180 7179 7181
f 7180 7181 7182
f 7182 7181 7183
f 7183 7181 7184
f 7183 7184 7185
f 7185 7184 7186
f 7185 7186 7187
f 7187 7186 7188
f 7187 7188 7189
f 7189 7188 7173
f 7173 7188 7171
f 7190 7191 7192
f 7192 7191 7193
f 7192 7193 7194
f 7191 7190 7195
f 7195 7190 7196
f 7195 7196 7197
f 7197 7196 7198
f 7197 7198 7199
f 7199 7198 7200
f 7199 7200 7201
f 7201 7200 7202
f 7201 7202 7203
f 7203 7202 7204
f 7204 7202 7205
f 7204 7205 7206
f 7206 7205 7207
f 7206 7207 7208
f 7208 7207 7209
f 7208 7209 7210
f 7210 7209 7194
f 7194 7209 7192
f 7211 7212 7213
f 7213 7212 7214
f 7213 7214 7215
f 7212 7211 7216
f 7216 7211 7217
f 7216 7217 7218
f 7218 7217 7219
f 7218 7219 7220
f 7220 7219 7221
f 7220 7221 7222
f 7222 7221 7223
f 7222 7223 7224
f 7224 7223 7225
f 7225 7223 7226
f 7225 7226 7227
f 7227 7226 7228
f 7227 7228 7229
f 7229 7228 7230
f 7229 7230 7231
f 7231 7230 7215
f 7215 7230 7213
f 7232 7233 7234
f 7234 7233 7235
f 7234 7235 7236
f 7233 7232 7237
f 7237 7232 7238
f 7237 7238 7239
f 7239 7238 7240
f 7239 7240 7241
f 7241 7240 7242
f 7241 7242 7243
f 7243 7242 7244
f 7243 7244 7245
f 7245 7244 7246
f 7246 7244 7247
f 7246 7247 7248
f 7248 7247 7249
f 7248 7249 7250
f 7250 7249 7251
f 7250 7251 7252
f 7252 7251 7236
f 7236 7251 7234
f 7253 7254 7255
f 7255 7254 7256
f 7255 7256 7257
f 7254 7253 7258
f 7258 7253 7259
f 7258 7259 7260
f 7260 7259 7261
f 7260 7261 7262
f 7262 7261 7263
f 7262 7263 7264
f 7264 7263 7265
f 7264 7265 7266
f 7266 7265 7267
f 7267 7265 7268
f 7267 7268 7269
f 7269 7268 7270
f 7269 7270 7271
f 7271 7270 7272
f 7271 7272 7273
f 7273 7272 7257
f 7257 7272 7255
f 7274 7275 7276
f 7276 7275 7277
f 7276 7277 7278
f 7275 7274 7279
f 7279 7274 7280
f 7279 7280 7281
f 7281 7280 7282
f 7281 7282 7283
f 7283 7282 7284
f 7283 7284 7285
f 7285 7284 7286
f 7285 7286 7287
f 7287 7286 7288
f 7288 7286 7289
f 7288 7289 7290
f 7290 7289 7291
f 7290 7291 7292
f 7292 7291 7293
f 7292 7293 7294
f 7294 7293 7278
f 7278 7293 7276
f 7295 7296 7297
f 7297 7296 7298
f 7297 7298 7299
f 7296 7295 7300
f 7300 7295 7301
f 7300 7301 7302
f 7302 7301 7303
f 7302 7303 7304
f 7304 7303 7305
f 7304 7305 7306
f 7306 7305 7307
f 7306 7307 7308
f 7308 7307 7309
f 7309 7307 7310
f 7309 7310 7311
f 7311 7310 7312
f 7311 7312 7313
f 7313 7312 7314
f 7313 7314 7315
f 7315 7314 7299
f 7299 7314 7297
f 7316 7317 7318
f 7318 7317 7319
f 7318 7319 7320
f 7317 7316 7321
f 7321 7316 7322
f 7321 7322 7323
f 7323 7322 7324
f 7323 7324 7325
f 7325 7324 7326
f 7325 7326 7327
f 7327 7326 7328
f 7327 7328 7329
f 7329 7328 7330
f 7330 7328 7331
f 7330 7331 7332
f 7332 7331 7333
f 7332 7333 7334
f 7334 7333 7335
f 7334 7335 7336
f 7336 7335 7320
f 7320 7335 7318
f 7337 7338 7339
f 7339 7338 7340
f 7339 7340 7341
f 7338 7337 7342
f 7342 7337 7343
f 7342 7343 7344
f 7344 7343 7345
f 7344 7345 7346
f 7346 7345 7347
f 7346 7347 7348
f 7348 7347 7349
f 7348 7349 7350
f 7350 7349 7351
f 7351 7349 7352
f 7351 7352 7353
f 7353 7352 7354
f 7353 7354 7355
f 7355 7354 7356
f 7355 7356 7357
f 7357 7356 7341
f 7341 7356 7339
f 7358 7359 7360
f 7360 7359 7361
f 7360 7361 7362
f 7359 7358 7363
f 7363 7358 7364
f 7363 7364 7365
f 7365 7364 7366
f 7365 7366 7367
f 7367 7366 7368
f 7367 7368 7369
f 7369 7368 7370
f 7369 7370 7371
f 7371 7370 7372
f 7372 7370 7373
f 7372 7373 7374
f 7374 7373 7375
f 7374 7375 7376
f 7376 7375 7377
f 7376 7377 7378
f 7378 7377 7362
f 7362 7377 7360
f 7379 7380 7381
f 7381 7380 7382
f 7381 7382 7383
f 7380 7379 7384
f 7384 7379 7385
f 7384 7385 7386
f 7386 7385 7387
f 7386 7387 7388
f 7388 7387 7389
f 7388 7389 7390
f 7390 7389 7391
f 7390 7391 7392
f 7392 7391 7393
f 7393 7391 7394
f 7393 7394 7395
f 7395 7394 7396
f 7395 7396 7397
f 7397 7396 7398
f 7397 7398 7399
f 7399 7398 7383
f 7383 7398 7381
f 7400 7401 7402
f 7402 7401 7403
f 7402 7403 7404
f 7401 7400 7405
f 7405 7400 7406
f 7405 7406 7407
f 7407 7406 7408
f 7407 7408 7409
f 7409 7408 7410
f 7409 7410 7411
f 7411 7410 7412
f 7411 7412 7413
f 7413 7412 7414
f 7414 7412 7415
f 7414 7415 7416
f 7416 7415 7417
f 7416 7417 7418
f 7418 7417 7419
f 7418 7419 7420
f 7420 7419 7404
f 7404 7419 7402
f 7421 7422 7423
f 7423 7422 7424
f 7423 7424 7425
f 7422 7421 7426
f 7426 7421 7427
f 7426 7427 7428
f 7428 7427 7429
f 7428 7429 7430
f 7430 7429 7431
f 7430 7431 7432
f 7432 7431 7433
f 7432 7433 7434
f 7434 7433 7435
f 7435 7433 7436
f 7435 7436 7437
f 7437 7436 7438
f 7437 7438 7439
f 7439 7438 7440
f 7439 7440 7441
f 7441 7440 7425
f 7425 7440 7423
f 7442 6492 7443
f 7443 6492 7444
f 7443 7444 7445
f 7446 7447 7442
f 7442 7447 6491
f 7442 6491 6492
f 7448 6562 7447
f 7447 6562 6499
f 7447 6499 6491
f 7448 7449 7450
f 7448 7450 6489
f 6489 7450 6488
f 6488 7450 6487
f 6487 7450 6623
f 6487 6623 6486
f 6486 6623 6624
f 6486 6624 6485
f 6485 6624 6625
f 6485 6625 6617
f 7451 6614 7450
f 7450 6614 6622
f 7450 6622 6623
f 7452 7453 7451
f 7451 7453 6603
f 7451 6603 6604
f 7454 6530 7453
f 7453 6530 6593
f 7453 6593 6602
f 6602 6593 6594
f 6602 6594 6601
f 6601 6594 6595
f 6601 6595 6600
f 6600 6595 6596
f 6600 6596 6599
f 6599 6596 6597
f 6599 6597 6610
f 6610 6597 6585
f 6610 6585 6586
f 7454 7455 7456
f 7454 7456 7457
f 7454 7457 7458
f 7458 7457 7459
f 7458 7460 7454
f 7454 7460 6521
f 7454 6521 6530
f 6530 6521 6522
f 6530 6522 6529
f 6529 6522 6523
f 6529 6523 6528
f 6528 6523 6524
f 6528 6524 6527
f 6527 6524 6525
f 6527 6525 6538
f 6538 6525 6513
f 6538 6513 6514
f 7461 6510 7460
f 7460 6510 6519
f 7460 6519 6520
f 7444 6492 7461
f 7461 6492 6493
f 7461 6493 6494
f 6484 6568 6483
f 6483 6568 6569
f 6483 6569 6482
f 6482 6569 6570
f 6482 6570 6490
f 6490 6570 6571
f 6490 6571 7448
f 7448 6571 6562
f 6485 6617 6484
f 6484 6617 6579
f 6484 6579 6567
f 6567 6579 6580
f 6567 6580 6566
f 6566 6580 6572
f 6566 6572 6565
f 6565 6572 6552
f 6565 6552 6558
f 6558 6552 6553
f 6558 6553 6557
f 6557 6553 6545
f 6557 6545 6556
f 6556 6545 6507
f 6556 6507 6495
f 6495 6507 6508
f 6495 6508 6494
f 6494 6508 7461
f 6489 6490 7448
f 6495 6496 6556
f 6556 6496 6555
f 6555 6496 6497
f 6555 6497 6554
f 6554 6497 6498
f 6554 6498 6562
f 6562 6498 6499
f 6502 6510 6501
f 6501 6510 7461
f 6501 7461 6500
f 6500 7461 6508
f 6510 6502 6509
f 6509 6502 6503
f 6509 6503 6517
f 6517 6503 6516
f 6516 6503 6504
f 6516 6504 6547
f 6547 6504 6505
f 6547 6505 6546
f 6546 6505 6506
f 6546 6506 6545
f 6545 6506 6507
f 6510 6511 6519
f 6519 6511 6518
f 6518 6511 6512
f 6518 6512 6526
f 6526 6512 6525
f 6525 6512 6513
f 6538 6514 6537
f 6537 6514 6515
f 6537 6515 6536
f 6536 6515 6516
f 6536 6516 6547
f 6520 6521 7460
f 6530 6531 6593
f 6593 6531 6592
f 6592 6531 6532
f 6592 6532 6591
f 6591 6532 6533
f 6591 6533 6590
f 6590 6533 6534
f 6590 6534 6583
f 6583 6534 6540
f 6583 6540 6541
f 6540 6534 6539
f 6539 6534 6535
f 6539 6535 6527
f 6538 6539 6527
f 6583 6541 6582
f 6582 6541 6542
f 6582 6542 6581
f 6581 6542 6543
f 6581 6543 6574
f 6574 6543 6549
f 6574 6549 6550
f 6549 6543 6548
f 6548 6543 6544
f 6548 6544 6536
f 6547 6548 6536
f 6574 6550 6573
f 6573 6550 6551
f 6573 6551 6572
f 6572 6551 6552
f 6558 6559 6565
f 6565 6559 6564
f 6564 6559 6560
f 6564 6560 6563
f 6563 6560 6561
f 6563 6561 6571
f 6571 6561 6562
f 6567 6568 6484
f 6574 6575 6581
f 6581 6575 6589
f 6589 6575 6588
f 6588 6575 6576
f 6588 6576 6619
f 6619 6576 6577
f 6619 6577 6618
f 6618 6577 6578
f 6618 6578 6617
f 6617 6578 6579
f 6583 6584 6590
f 6590 6584 6598
f 6598 6584 6597
f 6597 6584 6585
f 6610 6586 6609
f 6609 6586 6587
f 6609 6587 6608
f 6608 6587 6588
f 6608 6588 6619
f 6602 6603 7453
f 6604 6605 7451
f 7451 6605 6613
f 7451 6613 6614
f 6613 6605 6612
f 6612 6605 6606
f 6612 6606 6611
f 6611 6606 6607
f 6611 6607 6599
f 6610 6611 6599
f 6622 6614 6621
f 6621 6614 6615
f 6621 6615 6620
f 6620 6615 6616
f 6620 6616 6608
f 6619 6620 6608
f 7462 5571 7463
f 7463 5571 5612
f 7463 5612 5611
f 7462 7464 7465
f 7462 7465 5645
f 5645 7465 7466
f 5645 7466 7467
f 7467 7466 7468
f 7468 7466 7469
f 7470 5633 7467
f 7467 5633 5634
f 7467 5634 5642
f 7471 7472 7470
f 7470 7472 5652
f 7470 5652 5655
f 7471 7473 7474
f 7471 7474 7475
f 7471 7475 7472
f 7472 7475 7476
f 7477 5590 7472
f 7472 5590 5588
f 7472 5588 5587
f 5587 5588 5585
f 5585 5588 5586
f 5585 5586 5583
f 5583 5586 5584
f 5583 5584 5581
f 5581 5584 5582
f 5581 5582 5579
f 5579 5582 5580
f 5579 5580 5577
f 5577 5580 5578
f 5577 5578 5575
f 5575 5578 5576
f 5575 5576 5574
f 5574 5576 5573
f 5574 5573 7462
f 7462 5573 5571
f 7477 7478 7479
f 7477 7479 5632
f 5632 7479 5622
f 5622 7479 5613
f 5622 5613 5615
f 5613 7479 5594
f 5594 7479 7480
f 5594 7480 5595
f 5595 7480 5596
f 5596 7480 5600
f 5596 5600 5602
f 7481 7463 7480
f 7480 7463 5609
f 7480 5609 5600
f 5575 5643 5577
f 5577 5643 5642
f 5642 5643 7467
f 5643 5645 7467
f 5645 5574 7462
f 5580 5629 5630
f 5630 5629 5627
f 5630 5627 5628
f 5628 5627 5625
f 5628 5625 5626
f 5626 5625 5623
f 5626 5623 5624
f 5624 5623 5594
f 5624 5594 5595
f 5578 5607 5576
f 5576 5607 5608
f 5608 5607 5605
f 5608 5605 5606
f 5606 5605 5603
f 5606 5603 5604
f 5604 5603 5601
f 5604 5601 5602
f 5602 5601 5596
f 5605 5607 5628
f 5628 5607 5630
f 5612 5571 5606
f 5606 5571 5608
f 5579 5634 5581
f 5581 5634 5633
f 7470 5655 5656
f 5656 5655 5585
f 5656 5585 5583
f 5587 5652 7472
f 5582 5629 5580
f 5627 5629 5619
f 5619 5629 5621
f 5619 5621 5618
f 5618 5621 5620
f 5618 5620 5592
f 5592 5620 5590
f 5592 5590 7477
f 5621 5584 5620
f 5620 5584 5586
f 5656 5633 7470
f 5604 5602 5611
f 5611 5602 5610
f 5611 5610 7463
f 7463 5610 5609
f 5601 5603 5624
f 5624 5603 5626
f 5622 5615 5614
f 5614 5615 5617
f 5614 5617 5616
f 5616 5617 5619
f 5616 5619 5618
f 5632 5631 7477
f 7477 5631 5593
f 7477 5593 5592
f 5593 5631 5616
f 5616 5631 5614
f 5623 5625 5615
f 5615 5625 5617
f 5730 5575 5733
f 5733 5575 5574
f 5731 5643 5730
f 5730 5643 5575
f 5731 5732 5643
f 5643 5732 5645
f 5733 5574 5732
f 5732 5574 5645
f 5701 5698 5607
f 5607 5698 5630
f 5698 5699 5630
f 5630 5699 5580
f 5700 5578 5699
f 5699 5578 5580
f 5700 5701 5578
f 5578 5701 5607
f 5729 5726 5571
f 5571 5726 5608
f 5727 5576 5726
f 5726 5576 5608
f 5728 5573 5727
f 5727 5573 5576
f 5729 5571 5728
f 5728 5571 5573
f 5710 5579 5713
f 5713 5579 5577
f 5710 5711 5579
f 5579 5711 5634
f 5712 5642 5711
f 5711 5642 5634
f 5712 5713 5642
f 5642 5713 5577
f 5655 5652 5720
f 5720 5652 5719
f 5585 5655 5721
f 5721 5655 5720
f 5587 5585 5718
f 5718 5585 5721
f 5652 5587 5719
f 5719 5587 5718
f 5582 5584 5704
f 5704 5584 5703
f 5629 5582 5705
f 5705 5582 5704
f 5621 5629 5702
f 5702 5629 5705
f 5584 5621 5703
f 5703 5621 5702
f 5586 5588 5708
f 5708 5588 5707
f 5620 5586 5709
f 5709 5586 5708
f 5620 5709 5590
f 5590 5709 5706
f 5588 5590 5707
f 5707 5590 5706
f 5633 5656 5716
f 5716 5656 5715
f 5581 5633 5717
f 5717 5633 5716
f 5583 5581 5714
f 5714 5581 5717
f 5656 5583 5715
f 5715 5583 5714
f 5600 5609 5670
f 5670 5609 5673
f 5602 5600 5671
f 5671 5600 5670
f 5610 5602 5672
f 5672 5602 5671
f 5609 5610 5673
f 5673 5610 5672
f 5626 5603 5686
f 5686 5603 5689
f 5628 5626 5687
f 5687 5626 5686
f 5605 5628 5688
f 5688 5628 5687
f 5603 5605 5689
f 5689 5605 5688
f 5604 5611 5722
f 5722 5611 5725
f 5606 5604 5723
f 5723 5604 5722
f 5606 5723 5612
f 5612 5723 5724
f 5611 5612 5725
f 5725 5612 5724
f 5595 5596 5674
f 5674 5596 5677
f 5624 5595 5675
f 5675 5595 5674
f 5601 5624 5676
f 5676 5624 5675
f 5596 5601 5677
f 5677 5601 5676
f 5684 5614 5683
f 5683 5614 5631
f 5685 5622 5684
f 5684 5622 5614
f 5685 5682 5622
f 5622 5682 5632
f 5683 5631 5682
f 5682 5631 5632
f 5691 5692 5619
f 5619 5692 5627
f 5692 5693 5627
f 5627 5693 5625
f 5690 5617 5693
f 5693 5617 5625
f 5690 5691 5617
f 5617 5691 5619
f 5695 5696 5592
f 5592 5696 5618
f 5697 5616 5696
f 5696 5616 5618
f 5694 5593 5697
f 5697 5593 5616
f 5695 5592 5694
f 5694 5592 5593
f 5680 5623 5679
f 5679 5623 5615
f 5680 5681 5623
f 5623 5681 5594
f 5678 5613 5681
f 5681 5613 5594
f 5678 5679 5613
f 5613 5679 5615
f 7461 7460 7467
f 7467 7460 7470
f 7458 7471 7460
f 7460 7471 7470
f 5731 6196 5732
f 5732 6196 6198
f 5732 6198 6200
f 5730 6210 5731
f 5731 6210 6194
f 5731 6194 6196
f 5733 6204 5730
f 5730 6204 6206
f 5730 6206 6208
f 5732 6200 5733
f 5733 6200 6202
f 5733 6202 6204
f 6208 6210 5730
f 5699 6214 5700
f 5700 6214 6216
f 5700 6216 6218
f 5698 6228 5699
f 5699 6228 6212
f 5699 6212 6214
f 5701 6222 5698
f 5698 6222 6224
f 5698 6224 6226
f 5700 6218 5701
f 5701 6218 6220
f 5701 6220 6222
f 6226 6228 5698
f 5727 6232 5728
f 5728 6232 6234
f 5728 6234 6236
f 5726 6246 5727
f 5727 6246 6230
f 5727 6230 6232
f 5729 6240 5726
f 5726 6240 6242
f 5726 6242 6244
f 5728 6236 5729
f 5729 6236 6238
f 5729 6238 6240
f 6244 6246 5726
f 5711 6250 5712
f 5712 6250 6252
f 5712 6252 6254
f 5710 6264 5711
f 5711 6264 6248
f 5711 6248 6250
f 5713 6258 5710
f 5710 6258 6260
f 5710 6260 6262
f 5712 6254 5713
f 5713 6254 6256
f 5713 6256 6258
f 6262 6264 5710
f 5721 6276 5718
f 5718 6276 6278
f 5718 6278 6280
f 5720 6272 5721
f 5721 6272 6274
f 5721 6274 6276
f 5719 6268 5720
f 5720 6268 6270
f 5720 6270 6272
f 5718 6282 5719
f 5719 6282 6266
f 5719 6266 6268
f 6280 6282 5718
f 5705 6294 5702
f 5702 6294 6296
f 5702 6296 6298
f 5704 6290 5705
f 5705 6290 6292
f 5705 6292 6294
f 5703 6286 5704
f 5704 6286 6288
f 5704 6288 6290
f 5702 6300 5703
f 5703 6300 6284
f 5703 6284 6286
f 6298 6300 5702
f 5709 6312 5706
f 5706 6312 6314
f 5706 6314 6316
f 5708 6308 5709
f 5709 6308 6310
f 5709 6310 6312
f 5707 6304 5708
f 5708 6304 6306
f 5708 6306 6308
f 5706 6318 5707
f 5707 6318 6302
f 5707 6302 6304
f 6316 6318 5706
f 5717 6330 5714
f 5714 6330 6332
f 5714 6332 6334
f 5716 6326 5717
f 5717 6326 6328
f 5717 6328 6330
f 5715 6322 5716
f 5716 6322 6324
f 5716 6324 6326
f 5714 6336 5715
f 5715 6336 6320
f 5715 6320 6322
f 6334 6336 5714
f 5671 6340 5672
f 5672 6340 6342
f 5672 6342 6344
f 5670 6354 5671
f 5671 6354 6338
f 5671 6338 6340
f 5673 6348 5670
f 5670 6348 6350
f 5670 6350 6352
f 5672 6344 5673
f 5673 6344 6346
f 5673 6346 6348
f 6352 6354 5670
f 5687 6358 5688
f 5688 6358 6360
f 5688 6360 6362
f 5686 6372 5687
f 5687 6372 6356
f 5687 6356 6358
f 5689 6366 5686
f 5686 6366 6368
f 5686 6368 6370
f 5688 6362 5689
f 5689 6362 6364
f 5689 6364 6366
f 6370 6372 5686
f 5723 6376 5724
f 5724 6376 6378
f 5724 6378 6380
f 5722 6390 5723
f 5723 6390 6374
f 5723 6374 6376
f 5725 6384 5722
f 5722 6384 6386
f 5722 6386 6388
f 5724 6380 5725
f 5725 6380 6382
f 5725 6382 6384
f 6388 6390 5722
f 5675 6394 5676
f 5676 6394 6396
f 5676 6396 6398
f 5674 6408 5675
f 5675 6408 6392
f 5675 6392 6394
f 5677 6402 5674
f 5674 6402 6404
f 5674 6404 6406
f 5676 6398 5677
f 5677 6398 6400
f 5677 6400 6402
f 6406 6408 5674
f 5685 6420 5682
f 5682 6420 6422
f 5682 6422 6424
f 5684 6416 5685
f 5685 6416 6418
f 5685 6418 6420
f 5683 6412 5684
f 5684 6412 6414
f 5684 6414 6416
f 5682 6426 5683
f 5683 6426 6410
f 5683 6410 6412
f 6424 6426 5682
f 5693 6438 5690
f 5690 6438 6440
f 5690 6440 6442
f 5692 6434 5693
f 5693 6434 6436
f 5693 6436 6438
f 5691 6430 5692
f 5692 6430 6432
f 5692 6432 6434
f 5690 6444 5691
f 5691 6444 6428
f 5691 6428 6430
f 6442 6444 5690
f 5697 6456 5694
f 5694 6456 6458
f 5694 6458 6460
f 5696 6452 5697
f 5697 6452 6454
f 5697 6454 6456
f 5695 6448 5696
f 5696 6448 6450
f 5696 6450 6452
f 5694 6462 5695
f 5695 6462 6446
f 5695 6446 6448
f 6460 6462 5694
f 5681 6474 5678
f 5678 6474 6476
f 5678 6476 6478
f 5680 6470 5681
f 5681 6470 6472
f 5681 6472 6474
f 5679 6466 5680
f 5680 6466 6468
f 5680 6468 6470
f 5678 6480 5679
f 5679 6480 6464
f 5679 6464 6466
f 6478 6480 5678
f 6628 6631 6627
f 6627 6631 6632
f 6627 6632 6626
f 6626 6632 6633
f 6626 6633 6634
f 6629 6630 6628
f 6628 6630 6631
f 6637 6640 6636
f 6636 6640 6641
f 6636 6641 6635
f 6635 6641 6642
f 6635 6642 6643
f 6638 6639 6637
f 6637 6639 6640
f 6646 6649 6645
f 6645 6649 6650
f 6645 6650 6644
f 6644 6650 6651
f 6644 6651 6652
f 6647 6648 6646
f 6646 6648 6649
f 6655 6658 6654
f 6654 6658 6659
f 6654 6659 6653
f 6653 6659 6660
f 6653 6660 6661
f 6656 6657 6655
f 6655 6657 6658
f 6664 6667 6663
f 6663 6667 6668
f 6663 6668 6662
f 6662 6668 6669
f 6662 6669 6670
f 6665 6666 6664
f 6664 6666 6667
f 6673 6676 6672
f 6672 6676 6677
f 6672 6677 6671
f 6671 6677 6678
f 6671 6678 6679
f 6674 6675 6673
f 6673 6675 6676
f 6682 6685 6681
f 6681 6685 6686
f 6681 6686 6680
f 6680 6686 6687
f 6680 6687 6688
f 6683 6684 6682
f 6682 6684 6685
f 6691 6694 6690
f 6690 6694 6695
f 6690 6695 6689
f 6689 6695 6696
f 6689 6696 6697
f 6692 6693 6691
f 6691 6693 6694
f 6700 6703 6699
f 6699 6703 6704
f 6699 6704 6698
f 6698 6704 6705
f 6698 6705 6706
f 6701 6702 6700
f 6700 6702 6703
f 6709 6712 6708
f 6708 6712 6713
f 6708 6713 6707
f 6707 6713 6714
f 6707 6714 6715
f 6710 6711 6709
f 6709 6711 6712
f 6718 6721 6717
f 6717 6721 6722
f 6717 6722 6716
f 6716 6722 6723
f 6716 6723 6724
f 6719 6720 6718
f 6718 6720 6721
f 6727 6730 6726
f 6726 6730 6731
f 6726 6731 6725
f 6725 6731 6732
f 6725 6732 6733
f 6728 6729 6727
f 6727 6729 6730
f 6736 6739 6735
f 6735 6739 6740
f 6735 6740 6734
f 6734 6740 6741
f 6734 6741 6742
f 6737 6738 6736
f 6736 6738 6739
f 6745 6748 6744
f 6744 6748 6749
f 6744 6749 6743
f 6743 6749 6750
f 6743 6750 6751
f 6746 6747 6745
f 6745 6747 6748
f 6754 6757 6753
f 6753 6757 6758
f 6753 6758 6752
f 6752 6758 6759
f 6752 6759 6760
f 6755 6756 6754
f 6754 6756 6757
f 6763 6766 6762
f 6762 6766 6767
f 6762 6767 6761
f 6761 6767 6768
f 6761 6768 6769
f 6764 6765 6763
f 6763 6765 6766
f 7122 6915 6914
f 7122 6914 7120
f 7120 6914 6925
f 7120 6925 7119
f 7119 6925 6924
f 7119 6924 7117
f 7117 6924 7115
f 7115 6924 6923
f 7115 6923 7113
f 7113 6923 6922
f 7113 6922 6921
f 7113 6921 7111
f 7111 6921 6920
f 7111 6920 7107
f 7107 6920 7109
f 7109 6920 6919
f 7143 6927 6926
f 7143 6926 7141
f 7141 6926 6937
f 7141 6937 7140
f 7140 6937 6936
f 7140 6936 7138
f 7138 6936 7136
f 7136 6936 6935
f 7136 6935 7134
f 7134 6935 6934
f 7134 6934 6933
f 7134 6933 7132
f 7132 6933 6932
f 7132 6932 7128
f 7128 6932 7130
f 7130 6932 6931
f 7164 6939 6938
f 7164 6938 7162
f 7162 6938 6949
f 7162 6949 7161
f 7161 6949 6948
f 7161 6948 7159
f 7159 6948 7157
f 7157 6948 6947
f 7157 6947 7155
f 7155 6947 6946
f 7155 6946 6945
f 7155 6945 7153
f 7153 6945 6944
f 7153 6944 7149
f 7149 6944 7151
f 7151 6944 6943
f 7185 6951 6950
f 7185 6950 7183
f 7183 6950 6961
f 7183 6961 7182
f 7182 6961 6960
f 7182 6960 7180
f 7180 6960 7178
f 7178 6960 6959
f 7178 6959 7176
f 7176 6959 6958
f 7176 6958 6957
f 7176 6957 7174
f 7174 6957 6956
f 7174 6956 7170
f 7170 6956 7172
f 7172 6956 6955
f 7206 6963 6962
f 7206 6962 7204
f 7204 6962 6973
f 7204 6973 7203
f 7203 6973 6972
f 7203 6972 7201
f 7201 6972 7199
f 7199 6972 6971
f 7199 6971 7197
f 7197 6971 6970
f 7197 6970 6969
f 7197 6969 7195
f 7195 6969 6968
f 7195 6968 7191
f 7191 6968 7193
f 7193 6968 6967
f 7227 6975 6974
f 7227 6974 7225
f 7225 6974 6985
f 7225 6985 7224
f 7224 6985 6984
f 7224 6984 7222
f 7222 6984 7220
f 7220 6984 6983
f 7220 6983 7218
f 7218 6983 6982
f 7218 6982 6981
f 7218 6981 7216
f 7216 6981 6980
f 7216 6980 7212
f 7212 6980 7214
f 7214 6980 6979
f 7248 6987 6986
f 7248 6986 7246
f 7246 6986 6997
f 7246 6997 7245
f 7245 6997 6996
f 7245 6996 7243
f 7243 6996 7241
f 7241 6996 6995
f 7241 6995 7239
f 7239 6995 6994
f 7239 6994 6993
f 7239 6993 7237
f 7237 6993 6992
f 7237 6992 7233
f 7233 6992 7235
f 7235 6992 6991
f 7269 6999 6998
f 7269 6998 7267
f 7267 6998 7009
f 7267 7009 7266
f 7266 7009 7008
f 7266 7008 7264
f 7264 7008 7262
f 7262 7008 7007
f 7262 7007 7260
f 7260 7007 7006
f 7260 7006 7005
f 7260 7005 7258
f 7258 7005 7004
f 7258 7004 7254
f 7254 7004 7256
f 7256 7004 7003
f 7290 7011 7010
f 7290 7010 7288
f 7288 7010 7021
f 7288 7021 7287
f 7287 7021 7020
f 7287 7020 7285
f 7285 7020 7283
f 7283 7020 7019
f 7283 7019 7281
f 7281 7019 7018
f 7281 7018 7017
f 7281 7017 7279
f 7279 7017 7016
f 7279 7016 7275
f 7275 7016 7277
f 7277 7016 7015
f 7311 7023 7022
f 7311 7022 7309
f 7309 7022 7033
f 7309 7033 7308
f 7308 7033 7032
f 7308 7032 7306
f 7306 7032 7304
f 7304 7032 7031
f 7304 7031 7302
f 7302 7031 7030
f 7302 7030 7029
f 7302 7029 7300
f 7300 7029 7028
f 7300 7028 7296
f 7296 7028 7298
f 7298 7028 7027
f 7332 7035 7034
f 7332 7034 7330
f 7330 7034 7045
f 7330 7045 7329
f 7329 7045 7044
f 7329 7044 7327
f 7327 7044 7325
f 7325 7044 7043
f 7325 7043 7323
f 7323 7043 7042
f 7323 7042 7041
f 7323 7041 7321
f 7321 7041 7040
f 7321 7040 7317
f 7317 7040 7319
f 7319 7040 7039
f 7353 7047 7046
f 7353 7046 7351
f 7351 7046 7057
f 7351 7057 7350
f 7350 7057 7056
f 7350 7056 7348
f 7348 7056 7346
f 7346 7056 7055
f 7346 7055 7344
f 7344 7055 7054
f 7344 7054 7053
f 7344 7053 7342
f 7342 7053 7052
f 7342 7052 7338
f 7338 7052 7340
f 7340 7052 7051
f 7374 7059 7058
f 7374 7058 7372
f 7372 7058 7069
f 7372 7069 7371
f 7371 7069 7068
f 7371 7068 7369
f 7369 7068 7367
f 7367 7068 7067
f 7367 7067 7365
f 7365 7067 7066
f 7365 7066 7065
f 7365 7065 7363
f 7363 7065 7064
f 7363 7064 7359
f 7359 7064 7361
f 7361 7064 7063
f 7395 7071 7070
f 7395 7070 7393
f 7393 7070 7081
f 7393 7081 7392
f 7392 7081 7080
f 7392 7080 7390
f 7390 7080 7388
f 7388 7080 7079
f 7388 7079 7386
f 7386 7079 7078
f 7386 7078 7077
f 7386 7077 7384
f 7384 7077 7076
f 7384 7076 7380
f 7380 7076 7382
f 7382 7076 7075
f 7416 7083 7082
f 7416 7082 7414
f 7414 7082 7093
f 7414 7093 7413
f 7413 7093 7092
f 7413 7092 7411
f 7411 7092 7409
f 7409 7092 7091
f 7409 7091 7407
f 7407 7091 7090
f 7407 7090 7089
f 7407 7089 7405
f 7405 7089 7088
f 7405 7088 7401
f 7401 7088 7403
f 7403 7088 7087
f 7437 7095 7094
f 7437 7094 7435
f 7435 7094 7105
f 7435 7105 7434
f 7434 7105 7104
f 7434 7104 7432
f 7432 7104 7430
f 7430 7104 7103
f 7430 7103 7428
f 7428 7103 7102
f 7428 7102 7101
f 7428 7101 7426
f 7426 7101 7100
f 7426 7100 7422
f 7422 7100 7424
f 7424 7100 7099
f 7108 7125 7106
f 7106 7125 7112
f 7112 7125 7123
f 7112 7123 7114
f 7114 7123 7121
f 7114 7121 7116
f 7116 7121 7118
f 7129 7146 7127
f 7127 7146 7133
f 7133 7146 7144
f 7133 7144 7135
f 7135 7144 7142
f 7135 7142 7137
f 7137 7142 7139
f 7150 7167 7148
f 7148 7167 7154
f 7154 7167 7165
f 7154 7165 7156
f 7156 7165 7163
f 7156 7163 7158
f 7158 7163 7160
f 7171 7188 7169
f 7169 7188 7175
f 7175 7188 7186
f 7175 7186 7177
f 7177 7186 7184
f 7177 7184 7179
f 7179 7184 7181
f 7192 7209 7190
f 7190 7209 7196
f 7196 7209 7207
f 7196 7207 7198
f 7198 7207 7205
f 7198 7205 7200
f 7200 7205 7202
f 7213 7230 7211
f 7211 7230 7217
f 7217 7230 7228
f 7217 7228 7219
f 7219 7228 7226
f 7219 7226 7221
f 7221 7226 7223
f 7234 7251 7232
f 7232 7251 7238
f 7238 7251 7249
f 7238 7249 7240
f 7240 7249 7247
f 7240 7247 7242
f 7242 7247 7244
f 7255 7272 7253
f 7253 7272 7259
f 7259 7272 7270
f 7259 7270 7261
f 7261 7270 7268
f 7261 7268 7263
f 7263 7268 7265
f 7276 7293 7274
f 7274 7293 7280
f 7280 7293 7291
f 7280 7291 7282
f 7282 7291 7289
f 7282 7289 7284
f 7284 7289 7286
f 7297 7314 7295
f 7295 7314 7301
f 7301 7314 7312
f 7301 7312 7303
f 7303 7312 7310
f 7303 7310 7305
f 7305 7310 7307
f 7318 7335 7316
f 7316 7335 7322
f 7322 7335 7333
f 7322 7333 7324
f 7324 7333 7331
f 7324 7331 7326
f 7326 7331 7328
f 7339 7356 7337
f 7337 7356 7343
f 7343 7356 7354
f 7343 7354 7345
f 7345 7354 7352
f 7345 7352 7347
f 7347 7352 7349
f 7360 7377 7358
f 7358 7377 7364
f 7364 7377 7375
f 7364 7375 7366
f 7366 7375 7373
f 7366 7373 7368
f 7368 7373 7370
f 7381 7398 7379
f 7379 7398 7385
f 7385 7398 7396
f 7385 7396 7387
f 7387 7396 7394
f 7387 7394 7389
f 7389 7394 7391
f 7402 7419 7400
f 7400 7419 7406
f 7406 7419 7417
f 7406 7417 7408
f 7408 7417 7415
f 7408 7415 7410
f 7410 7415 7412
f 7423 7440 7421
f 7421 7440 7427
f 7427 7440 7438
f 7427 7438 7429
f 7429 7438 7436
f 7429 7436 7431
f 7431 7436 7433
f 7468 7444 7467
f 7467 7444 7461
f 7480 7479 7450
f 7450 7479 7451
f 7472 7454 7477
f 7477 7454 7453
f 7447 7462 7448
f 7448 7462 7463
f 7465 7442 7466
f 7466 7442 7443
f 7456 7475 7457
f 7457 7475 7474
f 7442 7465 7446
f 7446 7465 7464
f 7446 7464 7482
f 7446 7482 7483
f 7483 7482 7462
f 7483 7462 7447
f 7472 7484 7454
f 7454 7484 7485
f 7485 7484 7476
f 7485 7476 7455
f 7455 7476 7456
f 7456 7476 7475
f 7474 7473 7457
f 7457 7473 7459
f 7459 7473 7486
f 7486 7473 7487
f 7486 7487 7458
f 7458 7487 7471
f 7444 7468 7488
f 7488 7468 7489
f 7488 7489 7445
f 7445 7489 7469
f 7445 7469 7466
f 7466 7443 7445
f 7451 7479 7452
f 7452 7479 7478
f 7452 7478 7490
f 7452 7490 7491
f 7491 7490 7477
f 7491 7477 7453
f 7448 7463 7492
f 7492 7463 7493
f 7492 7493 7449
f 7449 7493 7481
f 7449 7481 7480
f 7480 7450 7449
f 7494 7495 7496
f 7496 7495 7497
f 7496 7497 7498
f 7498 7497 7499
f 7498 7499 7500
f 7498 7500 7501
f 7501 7500 7502
f 7501 7502 7503
f 7503 7502 7504
f 7503 7504 7505
f 7503 7505 7506
f 7506 7505 7507
f 7506 7507 7508
f 7506 7508 7509
f 7509 7508 7510
f 7509 7510 7511
f 7509 7511 7512
f 7512 7511 7513
f 7512 7513 7514
f 7512 7514 7515
f 7515 7514 7516
f 7515 7516 7517
f 7517 7516 7518
f 7517 7518 7494
f 7517 7494 7496
f 7519 7520 7521
f 7521 7520 7522
f 7521 7522 7523
f 7523 7522 7524
f 7523 7524 7525
f 7523 7525 7526
f 7526 7525 7527
f 7526 7527 7528
f 7528 7527 7529
f 7528 7529 7530
f 7528 7530 7531
f 7531 7530 7532
f 7531 7532 7533
f 7531 7533 7534
f 7534 7533 7535
f 7534 7535 7536
f 7534 7536 7537
f 7537 7536 7538
f 7537 7538 7539
f 7537 7539 7540
f 7540 7539 7541
f 7540 7541 7542
f 7542 7541 7543
f 7542 7543 7519
f 7542 7519 7521
f 7544 7545 7546
f 7546 7545 7547
f 7546 7547 7548
f 7548 7547 7549
f 7548 7549 7550
f 7548 7550 7551
f 7551 7550 7552
f 7551 7552 7553
f 7553 7552 7554
f 7553 7554 7555
f 7553 7555 7556
f 7556 7555 7557
f 7556 7557 7558
f 7556 7558 7559
f 7559 7558 7560
f 7559 7560 7561
f 7559 7561 7562
f 7562 7561 7563
f 7562 7563 7564
f 7562 7564 7565
f 7565 7564 7566
f 7565 7566 7567
f 7567 7566 7568
f 7567 7568 7544
f 7567 7544 7546
f 7569 7570 7571
f 7571 7570 7572
f 7571 7572 7573
f 7573 7572 7574
f 7573 7574 7575
f 7573 7575 7576
f 7576 7575 7577
f 7576 7577 7578
f 7578 7577 7579
f 7578 7579 7580
f 7578 7580 7581
f 7581 7580 7582
f 7581 7582 7583
f 7581 7583 7584
f 7584 7583 7585
f 7584 7585 7586
f 7584 7586 7587
f 7587 7586 7588
f 7587 7588 7589
f 7587 7589 7590
f 7590 7589 7591
f 7590 7591 7592
f 7592 7591 7593
f 7592 7593 7569
f 7592 7569 7571
f 7594 7595 7596
f 7596 7595 7597
f 7596 7597 7598
f 7598 7597 7599
f 7598 7599 7600
f 7598 7600 7601
f 7601 7600 7602
f 7601 7602 7603
f 7603 7602 7604
f 7603 7604 7605
f 7603 7605 7606
f 7606 7605 7607
f 7606 7607 7608
f 7606 7608 7609
f 7609 7608 7610
f 7609 7610 7611
f 7609 7611 7612
f 7612 7611 7613
f 7612 7613 7614
f 7612 7614 7615
f 7615 7614 7616
f 7615 7616 7617
f 7617 7616 7618
f 7617 7618 7594
f 7617 7594 7596
f 7619 7620 7621
f 7621 7620 7622
f 7621 7622 7623
f 7623 7622 7624
f 7623 7624 7625
f 7623 7625 7626
f 7626 7625 7627
f 7626 7627 7628
f 7628 7627 7629
f 7628 7629 7630
f 7628 7630 7631
f 7631 7630 7632
f 7631 7632 7633
f 7631 7633 7634
f 7634 7633 7635
f 7634 7635 7636
f 7634 7636 7637
f 7637 7636 7638
f 7637 7638 7639
f 7637 7639 7640
f 7640 7639 7641
f 7640 7641 7642
f 7642 7641 7643
f 7642 7643 7619
f 7642 7619 7621
f 7644 7645 7646
f 7646 7645 7647
f 7646 7647 7648
f 7648 7647 7649
f 7648 7649 7650
f 7648 7650 7651
f 7651 7650 7652
f 7651 7652 7653
f 7653 7652 7654
f 7653 7654 7655
f 7653 7655 7656
f 7656 7655 7657
f 7656 7657 7658
f 7656 7658 7659
f 7659 7658 7660
f 7659 7660 7661
f 7659 7661 7662
f 7662 7661 7663
f 7662 7663 7664
f 7662 7664 7665
f 7665 7664 7666
f 7665 7666 7667
f 7667 7666 7668
f 7667 7668 7644
f 7667 7644 7646
f 7669 7670 7671
f 7671 7670 7672
f 7671 7672 7673
f 7673 7672 7674
f 7673 7674 7675
f 7673 7675 7676
f 7676 7675 7677
f 7676 7677 7678
f 7678 7677 7679
f 7678 7679 7680
f 7678 7680 7681
f 7681 7680 7682
f 7681 7682 7683
f 7681 7683 7684
f 7684 7683 7685
f 7684 7685 7686
f 7684 7686 7687
f 7687 7686 7688
f 7687 7688 7689
f 7687 7689 7690
f 7690 7689 7691
f 7690 7691 7692
f 7692 7691 7693
f 7692 7693 7669
f 7692 7669 7671
f 7694 7695 7696
f 7696 7695 7697
f 7696 7697 7698
f 7698 7697 7699
f 7698 7699 7700
f 7698 7700 7701
f 7701 7700 7702
f 7701 7702 7703
f 7703 7702 7704
f 7703 7704 7705
f 7703 7705 7706
f 7706 7705 7707
f 7706 7707 7708
f 7706 7708 7709
f 7709 7708 7710
f 7709 7710 7711
f 7709 7711 7712
f 7712 7711 7713
f 7712 7713 7714
f 7712 7714 7715
f 7715 7714 7716
f 7715 7716 7717
f 7717 7716 7718
f 7717 7718 7694
f 7717 7694 7696
f 7719 7720 7721
f 7721 7720 7722
f 7721 7722 7723
f 7723 7722 7724
f 7723 7724 7725
f 7723 7725 7726
f 7726 7725 7727
f 7726 7727 7728
f 7728 7727 7729
f 7728 7729 7730
f 7728 7730 7731
f 7731 7730 7732
f 7731 7732 7733
f 7731 7733 7734
f 7734 7733 7735
f 7734 7735 7736
f 7734 7736 7737
f 7737 7736 7738
f 7737 7738 7739
f 7737 7739 7740
f 7740 7739 7741
f 7740 7741 7742
f 7742 7741 7743
f 7742 7743 7719
f 7742 7719 7721
f 7744 7745 7746
f 7746 7745 7747
f 7746 7747 7748
f 7748 7747 7749
f 7748 7749 7750
f 7748 7750 7751
f 7751 7750 7752
f 7751 7752 7753
f 7753 7752 7754
f 7753 7754 7755
f 7753 7755 7756
f 7756 7755 7757
f 7756 7757 7758
f 7756 7758 7759
f 7759 7758 7760
f 7759 7760 7761
f 7759 7761 7762
f 7762 7761 7763
f 7762 7763 7764
f 7762 7764 7765
f 7765 7764 7766
f 7765 7766 7767
f 7767 7766 7768
f 7767 7768 7744
f 7767 7744 7746
f 7769 7770 7771
f 7771 7770 7772
f 7771 7772 7773
f 7773 7772 7774
f 7773 7774 7775
f 7773 7775 7776
f 7776 7775 7777
f 7776 7777 7778
f 7778 7777 7779
f 7778 7779 7780
f 7778 7780 7781
f 7781 7780 7782
f 7781 7782 7783
f 7781 7783 7784
f 7784 7783 7785
f 7784 7785 7786
f 7784 7786 7787
f 7787 7786 7788
f 7787 7788 7789
f 7787 7789 7790
f 7790 7789 7791
f 7790 7791 7792
f 7792 7791 7793
f 7792 7793 7769
f 7792 7769 7771
f 7794 7795 7796
f 7796 7795 7797
f 7796 7797 7798
f 7798 7797 7799
f 7798 7799 7800
f 7798 7800 7801
f 7801 7800 7802
f 7801 7802 7803
f 7803 7802 7804
f 7803 7804 7805
f 7803 7805 7806
f 7806 7805 7807
f 7806 7807 7808
f 7806 7808 7809
f 7809 7808 7810
f 7809 7810 7811
f 7809 7811 7812
f 7812 7811 7813
f 7812 7813 7814
f 7812 7814 7815
f 7815 7814 7816
f 7815 7816 7817
f 7817 7816 7818
f 7817 7818 7794
f 7817 7794 7796
f 7819 7820 7821
f 7821 7820 7822
f 7821 7822 7823
f 7823 7822 7824
f 7823 7824 7825
f 7823 7825 7826
f 7826 7825 7827
f 7826 7827 7828
f 7828 7827 7829
f 7828 7829 7830
f 7828 7830 7831
f 7831 7830 7832
f 7831 7832 7833
f 7831 7833 7834
f 7834 7833 7835
f 7834 7835 7836
f 7834 7836 7837
f 7837 7836 7838
f 7837 7838 7839
f 7837 7839 7840
f 7840 7839 7841
f 7840 7841 7842
f 7842 7841 7843
f 7842 7843 7819
f 7842 7819 7821
f 7844 7845 7846
f 7846 7845 7847
f 7846 7847 7848
f 7848 7847 7849
f 7848 7849 7850
f 7848 7850 7851
f 7851 7850 7852
f 7851 7852 7853
f 7853 7852 7854
f 7853 7854 7855
f 7853 7855 7856
f 7856 7855 7857
f 7856 7857 7858
f 7856 7858 7859
f 7859 7858 7860
f 7859 7860 7861
f 7859 7861 7862
f 7862 7861 7863
f 7862 7863 7864
f 7862 7864 7865
f 7865 7864 7866
f 7865 7866 7867
f 7867 7866 7868
f 7867 7868 7844
f 7867 7844 7846
f 7869 7870 7871
f 7871 7870 7872
f 7871 7872 7873
f 7873 7872 7874
f 7873 7874 7875
f 7873 7875 7876
f 7876 7875 7877
f 7876 7877 7878
f 7878 7877 7879
f 7878 7879 7880
f 7878 7880 7881
f 7881 7880 7882
f 7881 7882 7883
f 7881 7883 7884
f 7884 7883 7885
f 7884 7885 7886
f 7884 7886 7887
f 7887 7886 7888
f 7887 7888 7889
f 7887 7889 7890
f 7890 7889 7891
f 7890 7891 7892
f 7892 7891 7893
f 7892 7893 7869
f 7892 7869 7871
f 7894 7895 7896
f 7896 7895 7897
f 7896 7897 7898
f 7899 7900 7894
f 7894 7900 7901
f 7894 7901 7895
f 7900 7899 7902
f 7902 7899 7903
f 7902 7903 7904
f 7904 7903 7905
f 7905 7903 7906
f 7905 7906 7907
f 7907 7906 7908
f 7908 7906 7909
f 7908 7909 7910
f 7910 7909 7911
f 7911 7909 7912
f 7911 7912 7913
f 7913 7912 7914
f 7914 7912 7915
f 7914 7915 7916
f 7916 7915 7917
f 7916 7917 7918
f 7918 7917 7898
f 7898 7917 7896
f 7919 7920 7921
f 7921 7920 7922
f 7921 7922 7923
f 7924 7925 7919
f 7919 7925 7926
f 7919 7926 7920
f 7925 7924 7927
f 7927 7924 7928
f 7927 7928 7929
f 7929 7928 7930
f 7930 7928 7931
f 7930 7931 7932
f 7932 7931 7933
f 7933 7931 7934
f 7933 7934 7935
f 7935 7934 7936
f 7936 7934 7937
f 7936 7937 7938
f 7938 7937 7939
f 7939 7937 7940
f 7939 7940 7941
f 7941 7940 7942
f 7941 7942 7943
f 7943 7942 7923
f 7923 7942 7921
f 7944 7945 7946
f 7946 7945 7947
f 7946 7947 7948
f 7949 7950 7944
f 7944 7950 7951
f 7944 7951 7945
f 7950 7949 7952
f 7952 7949 7953
f 7952 7953 7954
f 7954 7953 7955
f 7955 7953 7956
f 7955 7956 7957
f 7957 7956 7958
f 7958 7956 7959
f 7958 7959 7960
f 7960 7959 7961
f 7961 7959 7962
f 7961 7962 7963
f 7963 7962 7964
f 7964 7962 7965
f 7964 7965 7966
f 7966 7965 7967
f 7966 7967 7968
f 7968 7967 7948
f 7948 7967 7946
f 7969 7970 7971
f 7971 7970 7972
f 7971 7972 7973
f 7974 7975 7969
f 7969 7975 7976
f 7969 7976 7970
f 7975 7974 7977
f 7977 7974 7978
f 7977 7978 7979
f 7979 7978 7980
f 7980 7978 7981
f 7980 7981 7982
f 7982 7981 7983
f 7983 7981 7984
f 7983 7984 7985
f 7985 7984 7986
f 7986 7984 7987
f 7986 7987 7988
f 7988 7987 7989
f 7989 7987 7990
f 7989 7990 7991
f 7991 7990 7992
f 7991 7992 7993
f 7993 7992 7973
f 7973 7992 7971
f 7994 7995 7996
f 7996 7995 7997
f 7996 7997 7998
f 7999 8000 7994
f 7994 8000 8001
f 7994 8001 7995
f 8000 7999 8002
f 8002 7999 8003
f 8002 8003 8004
f 8004 8003 8005
f 8005 8003 8006
f 8005 8006 8007
f 8007 8006 8008
f 8008 8006 8009
f 8008 8009 8010
f 8010 8009 8011
f 8011 8009 8012
f 8011 8012 8013
f 8013 8012 8014
f 8014 8012 8015
f 8014 8015 8016
f 8016 8015 8017
f 8016 8017 8018
f 8018 8017 7998
f 7998 8017 7996
f 8019 8020 8021
f 8021 8020 8022
f 8021 8022 8023
f 8024 8025 8019
f 8019 8025 8026
f 8019 8026 8020
f 8025 8024 8027
f 8027 8024 8028
f 8027 8028 8029
f 8029 8028 8030
f 8030 8028 8031
f 8030 8031 8032
f 8032 8031 8033
f 8033 8031 8034
f 8033 8034 8035
f 8035 8034 8036
f 8036 8034 8037
f 8036 8037 8038
f 8038 8037 8039
f 8039 8037 8040
f 8039 8040 8041
f 8041 8040 8042
f 8041 8042 8043
f 8043 8042 8023
f 8023 8042 8021
f 8044 8045 8046
f 8046 8045 8047
f 8046 8047 8048
f 8049 8050 8044
f 8044 8050 8051
f 8044 8051 8045
f 8050 8049 8052
f 8052 8049 8053
f 8052 8053 8054
f 8054 8053 8055
f 8055 8053 8056
f 8055 8056 8057
f 8057 8056 8058
f 8058 8056 8059
f 8058 8059 8060
f 8060 8059 8061
f 8061 8059 8062
f 8061 8062 8063
f 8063 8062 8064
f 8064 8062 8065
f 8064 8065 8066
f 8066 8065 8067
f 8066 8067 8068
f 8068 8067 8048
f 8048 8067 8046
f 8069 8070 8071
f 8071 8070 8072
f 8071 8072 8073
f 8074 8075 8069
f 8069 8075 8076
f 8069 8076 8070
f 8075 8074 8077
f 8077 8074 8078
f 8077 8078 8079
f 8079 8078 8080
f 8080 8078 8081
f 8080 8081 8082
f 8082 8081 8083
f 8083 8081 8084
f 8083 8084 8085
f 8085 8084 8086
f 8086 8084 8087
f 8086 8087 8088
f 8088 8087 8089
f 8089 8087 8090
f 8089 8090 8091
f 8091 8090 8092
f 8091 8092 8093
f 8093 8092 8073
f 8073 8092 8071
f 8094 8095 8096
f 8096 8095 8097
f 8096 8097 8098
f 8099 8100 8094
f 8094 8100 8101
f 8094 8101 8095
f 8100 8099 8102
f 8102 8099 8103
f 8102 8103 8104
f 8104 8103 8105
f 8105 8103 8106
f 8105 8106 8107
f 8107 8106 8108
f 8108 8106 8109
f 8108 8109 8110
f 8110 8109 8111
f 8111 8109 8112
f 8111 8112 8113
f 8113 8112 8114
f 8114 8112 8115
f 8114 8115 8116
f 8116 8115 8117
f 8116 8117 8118
f 8118 8117 8098
f 8098 8117 8096
f 8119 8120 8121
f 8121 8120 8122
f 8121 8122 8123
f 8124 8125 8119
f 8119 8125 8126
f 8119 8126 8120
f 8125 8124 8127
f 8127 8124 8128
f 8127 8128 8129
f 8129 8128 8130
f 8130 8128 8131
f 8130 8131 8132
f 8132 8131 8133
f 8133 8131 8134
f 8133 8134 8135
f 8135 8134 8136
f 8136 8134 8137
f 8136 8137 8138
f 8138 8137 8139
f 8139 8137 8140
f 8139 8140 8141
f 8141 8140 8142
f 8141 8142 8143
f 8143 8142 8123
f 8123 8142 8121
f 8144 8145 8146
f 8146 8145 8147
f 8146 8147 8148
f 8149 8150 8144
f 8144 8150 8151
f 8144 8151 8145
f 8150 8149 8152
f 8152 8149 8153
f 8152 8153 8154
f 8154 8153 8155
f 8155 8153 8156
f 8155 8156 8157
f 8157 8156 8158
f 8158 8156 8159
f 8158 8159 8160
f 8160 8159 8161
f 8161 8159 8162
f 8161 8162 8163
f 8163 8162 8164
f 8164 8162 8165
f 8164 8165 8166
f 8166 8165 8167
f 8166 8167 8168
f 8168 8167 8148
f 8148 8167 8146
f 8169 8170 8171
f 8171 8170 8172
f 8171 8172 8173
f 8174 8175 8169
f 8169 8175 8176
f 8169 8176 8170
f 8175 8174 8177
f 8177 8174 8178
f 8177 8178 8179
f 8179 8178 8180
f 8180 8178 8181
f 8180 8181 8182
f 8182 8181 8183
f 8183 8181 8184
f 8183 8184 8185
f 8185 8184 8186
f 8186 8184 8187
f 8186 8187 8188
f 8188 8187 8189
f 8189 8187 8190
f 8189 8190 8191
f 8191 8190 8192
f 8191 8192 8193
f 8193 8192 8173
f 8173 8192 8171
f 8194 8195 8196
f 8196 8195 8197
f 8196 8197 8198
f 8199 8200 8194
f 8194 8200 8201
f 8194 8201 8195
f 8200 8199 8202
f 8202 8199 8203
f 8202 8203 8204
f 8204 8203 8205
f 8205 8203 8206
f 8205 8206 8207
f 8207 8206 8208
f 8208 8206 8209
f 8208 8209 8210
f 8210 8209 8211
f 8211 8209 8212
f 8211 8212 8213
f 8213 8212 8214
f 8214 8212 8215
f 8214 8215 8216
f 8216 8215 8217
f 8216 8217 8218
f 8218 8217 8198
f 8198 8217 8196
f 8219 8220 8221
f 8221 8220 8222
f 8221 8222 8223
f 8224 8225 8219
f 8219 8225 8226
f 8219 8226 8220
f 8225 8224 8227
f 8227 8224 8228
f 8227 8228 8229
f 8229 8228 8230
f 8230 8228 8231
f 8230 8231 8232
f 8232 8231 8233
f 8233 8231 8234
f 8233 8234 8235
f 8235 8234 8236
f 8236 8234 8237
f 8236 8237 8238
f 8238 8237 8239
f 8239 8237 8240
f 8239 8240 8241
f 8241 8240 8242
f 8241 8242 8243
f 8243 8242 8223
f 8223 8242 8221
f 8244 8245 8246
f 8246 8245 8247
f 8246 8247 8248
f 8249 8250 8244
f 8244 8250 8251
f 8244 8251 8245
f 8250 8249 8252
f 8252 8249 8253
f 8252 8253 8254
f 8254 8253 8255
f 8255 8253 8256
f 8255 8256 8257
f 8257 8256 8258
f 8258 8256 8259
f 8258 8259 8260
f 8260 8259 8261
f 8261 8259 8262
f 8261 8262 8263
f 8263 8262 8264
f 8264 8262 8265
f 8264 8265 8266
f 8266 8265 8267
f 8266 8267 8268
f 8268 8267 8248
f 8248 8267 8246
f 8269 8270 8271
f 8271 8270 8272
f 8271 8272 8273
f 8274 8275 8269
f 8269 8275 8276
f 8269 8276 8270
f 8275 8274 8277
f 8277 8274 8278
f 8277 8278 8279
f 8279 8278 8280
f 8280 8278 8281
f 8280 8281 8282
f 8282 8281 8283
f 8283 8281 8284
f 8283 8284 8285
f 8285 8284 8286
f 8286 8284 8287
f 8286 8287 8288
f 8288 8287 8289
f 8289 8287 8290
f 8289 8290 8291
f 8291 8290 8292
f 8291 8292 8293
f 8293 8292 8273
f 8273 8292 8271
f 8294 7896 8295
f 8295 7896 7917
f 8295 7917 8296
f 8296 7917 7915
f 8296 7915 8297
f 8297 7915 7912
f 8297 7912 8298
f 8298 7912 7909
f 8298 7909 8299
f 8299 7909 7906
f 8299 7906 8300
f 8300 7906 7903
f 8300 7903 8301
f 8301 7903 7899
f 8301 7899 8302
f 8302 7899 7894
f 8302 7894 8294
f 8294 7894 7896
f 8303 7921 8304
f 8304 7921 7942
f 8304 7942 8305
f 8305 7942 7940
f 8305 7940 8306
f 8306 7940 7937
f 8306 7937 8307
f 8307 7937 7934
f 8307 7934 8308
f 8308 7934 7931
f 8308 7931 8309
f 8309 7931 7928
f 8309 7928 8310
f 8310 7928 7924
f 8310 7924 8311
f 8311 7924 7919
f 8311 7919 8303
f 8303 7919 7921
f 8312 7946 8313
f 8313 7946 7967
f 8313 7967 8314
f 8314 7967 7965
f 8314 7965 8315
f 8315 7965 7962
f 8315 7962 8316
f 8316 7962 7959
f 8316 7959 8317
f 8317 7959 7956
f 8317 7956 8318
f 8318 7956 7953
f 8318 7953 8319
f 8319 7953 7949
f 8319 7949 8320
f 8320 7949 7944
f 8320 7944 8312
f 8312 7944 7946
f 8321 7971 8322
f 8322 7971 7992
f 8322 7992 8323
f 8323 7992 7990
f 8323 7990 8324
f 8324 7990 7987
f 8324 7987 8325
f 8325 7987 7984
f 8325 7984 8326
f 8326 7984 7981
f 8326 7981 8327
f 8327 7981 7978
f 8327 7978 8328
f 8328 7978 7974
f 8328 7974 8329
f 8329 7974 7969
f 8329 7969 8321
f 8321 7969 7971
f 8330 7996 8331
f 8331 7996 8017
f 8331 8017 8332
f 8332 8017 8015
f 8332 8015 8333
f 8333 8015 8012
f 8333 8012 8334
f 8334 8012 8009
f 8334 8009 8335
f 8335 8009 8006
f 8335 8006 8336
f 8336 8006 8003
f 8336 8003 8337
f 8337 8003 7999
f 8337 7999 8338
f 8338 7999 7994
f 8338 7994 8330
f 8330 7994 7996
f 8339 8021 8340
f 8340 8021 8042
f 8340 8042 8341
f 8341 8042 8040
f 8341 8040 8342
f 8342 8040 8037
f 8342 8037 8343
f 8343 8037 8034
f 8343 8034 8344
f 8344 8034 8031
f 8344 8031 8345
f 8345 8031 8028
f 8345 8028 8346
f 8346 8028 8024
f 8346 8024 8347
f 8347 8024 8019
f 8347 8019 8339
f 8339 8019 8021
f 8348 8046 8349
f 8349 8046 8067
f 8349 8067 8350
f 8350 8067 8065
f 8350 8065 8351
f 8351 8065 8062
f 8351 8062 8352
f 8352 8062 8059
f 8352 8059 8353
f 8353 8059 8056
f 8353 8056 8354
f 8354 8056 8053
f 8354 8053 8355
f 8355 8053 8049
f 8355 8049 8356
f 8356 8049 8044
f 8356 8044 8348
f 8348 8044 8046
f 8357 8071 8358
f 8358 8071 8092
f 8358 8092 8359
f 8359 8092 8090
f 8359 8090 8360
f 8360 8090 8087
f 8360 8087 8361
f 8361 8087 8084
f 8361 8084 8362
f 8362 8084 8081
f 8362 8081 8363
f 8363 8081 8078
f 8363 8078 8364
f 8364 8078 8074
f 8364 8074 8365
f 8365 8074 8069
f 8365 8069 8357
f 8357 8069 8071
f 8366 8096 8367
f 8367 8096 8117
f 8367 8117 8368
f 8368 8117 8115
f 8368 8115 8369
f 8369 8115 8112
f 8369 8112 8370
f 8370 8112 8109
f 8370 8109 8371
f 8371 8109 8106
f 8371 8106 8372
f 8372 8106 8103
f 8372 8103 8373
f 8373 8103 8099
f 8373 8099 8374
f 8374 8099 8094
f 8374 8094 8366
f 8366 8094 8096
f 8375 8121 8376
f 8376 8121 8142
f 8376 8142 8377
f 8377 8142 8140
f 8377 8140 8378
f 8378 8140 8137
f 8378 8137 8379
f 8379 8137 8134
f 8379 8134 8380
f 8380 8134 8131
f 8380 8131 8381
f 8381 8131 8128
f 8381 8128 8382
f 8382 8128 8124
f 8382 8124 8383
f 8383 8124 8119
f 8383 8119 8375
f 8375 8119 8121
f 8384 8146 8385
f 8385 8146 8167
f 8385 8167 8386
f 8386 8167 8165
f 8386 8165 8387
f 8387 8165 8162
f 8387 8162 8388
f 8388 8162 8159
f 8388 8159 8389
f 8389 8159 8156
f 8389 8156 8390
f 8390 8156 8153
f 8390 8153 8391
f 8391 8153 8149
f 8391 8149 8392
f 8392 8149 8144
f 8392 8144 8384
f 8384 8144 8146
f 8393 8171 8394
f 8394 8171 8192
f 8394 8192 8395
f 8395 8192 8190
f 8395 8190 8396
f 8396 8190 8187
f 8396 8187 8397
f 8397 8187 8184
f 8397 8184 8398
f 8398 8184 8181
f 8398 8181 8399
f 8399 8181 8178
f 8399 8178 8400
f 8400 8178 8174
f 8400 8174 8401
f 8401 8174 8169
f 8401 8169 8393
f 8393 8169 8171
f 8402 8196 8403
f 8403 8196 8217
f 8403 8217 8404
f 8404 8217 8215
f 8404 8215 8405
f 8405 8215 8212
f 8405 8212 8406
f 8406 8212 8209
f 8406 8209 8407
f 8407 8209 8206
f 8407 8206 8408
f 8408 8206 8203
f 8408 8203 8409
f 8409 8203 8199
f 8409 8199 8410
f 8410 8199 8194
f 8410 8194 8402
f 8402 8194 8196
f 8411 8221 8412
f 8412 8221 8242
f 8412 8242 8413
f 8413 8242 8240
f 8413 8240 8414
f 8414 8240 8237
f 8414 8237 8415
f 8415 8237 8234
f 8415 8234 8416
f 8416 8234 8231
f 8416 8231 8417
f 8417 8231 8228
f 8417 8228 8418
f 8418 8228 8224
f 8418 8224 8419
f 8419 8224 8219
f 8419 8219 8411
f 8411 8219 8221
f 8420 8246 8421
f 8421 8246 8267
f 8421 8267 8422
f 8422 8267 8265
f 8422 8265 8423
f 8423 8265 8262
f 8423 8262 8424
f 8424 8262 8259
f 8424 8259 8425
f 8425 8259 8256
f 8425 8256 8426
f 8426 8256 8253
f 8426 8253 8427
f 8427 8253 8249
f 8427 8249 8428
f 8428 8249 8244
f 8428 8244 8420
f 8420 8244 8246
f 8429 8271 8430
f 8430 8271 8292
f 8430 8292 8431
f 8431 8292 8290
f 8431 8290 8432
f 8432 8290 8287
f 8432 8287 8433
f 8433 8287 8284
f 8433 8284 8434
f 8434 8284 8281
f 8434 8281 8435
f 8435 8281 8278
f 8435 8278 8436
f 8436 8278 8274
f 8436 8274 8437
f 8437 8274 8269
f 8437 8269 8429
f 8429 8269 8271
f 8438 8439 8440
f 8440 8439 8441
f 8440 8441 8442
f 8442 8441 8443
f 8443 8441 8444
f 8443 8444 8445
f 8446 8447 8438
f 8438 8447 8439
f 8440 8442 8448
f 8448 8442 8449
f 8448 8449 8450
f 8450 8449 8451
f 8451 8449 8452
f 8451 8452 8453
f 8453 8452 8454
f 8448 8450 8455
f 8455 8450 8456
f 8455 8456 8457
f 8448 8458 8440
f 8440 8458 8459
f 8460 8439 8461
f 8461 8439 8447
f 8461 8447 8462
f 8462 8447 8463
f 8463 8447 8446
f 8463 8446 8464
f 8464 8446 8438
f 8464 8438 8465
f 8465 8438 8459
f 8459 8438 8440
f 8460 8466 8439
f 8439 8466 8441
f 8467 8442 8468
f 8468 8442 8443
f 8468 8443 8469
f 8469 8443 8445
f 8469 8445 8470
f 8470 8445 8444
f 8470 8444 8471
f 8471 8444 8472
f 8472 8444 8441
f 8472 8441 8466
f 8449 8442 8473
f 8473 8442 8467
f 8474 8451 8475
f 8475 8451 8453
f 8475 8453 8476
f 8476 8453 8477
f 8477 8453 8454
f 8477 8454 8478
f 8478 8454 8452
f 8478 8452 8479
f 8479 8452 8473
f 8473 8452 8449
f 8451 8474 8450
f 8450 8474 8480
f 8458 8448 8481
f 8481 8448 8455
f 8481 8455 8457
f 8456 8482 8457
f 8457 8482 8483
f 8457 8483 8481
f 8450 8484 8456
f 8456 8484 8485
f 8456 8485 8482
f 8450 8480 8484
f 8486 8487 8488
f 8488 8487 8481
f 8481 8487 8458
f 8458 8487 8489
f 8458 8489 8459
f 8459 8489 8465
f 8465 8489 8490
f 8490 8489 8491
f 8465 8490 8464
f 8464 8490 8492
f 8464 8492 8463
f 8463 8492 8493
f 8463 8493 8462
f 8462 8493 8494
f 8462 8494 8461
f 8472 8466 8495
f 8495 8466 8460
f 8495 8460 8494
f 8494 8460 8461
f 8472 8495 8471
f 8471 8495 8496
f 8471 8496 8470
f 8470 8496 8497
f 8470 8497 8469
f 8469 8497 8498
f 8469 8498 8468
f 8479 8473 8499
f 8499 8473 8467
f 8499 8467 8498
f 8498 8467 8468
f 8479 8499 8478
f 8478 8499 8500
f 8478 8500 8477
f 8477 8500 8501
f 8477 8501 8476
f 8476 8501 8502
f 8476 8502 8475
f 8474 8502 8480
f 8480 8502 8503
f 8480 8503 8484
f 8474 8475 8502
f 8484 8503 8485
f 8485 8503 8504
f 8485 8504 8482
f 8482 8504 8505
f 8482 8505 8483
f 8483 8505 8488
f 8483 8488 8481
f 8506 8489 8507
f 8507 8489 8487
f 8486 8508 8487
f 8487 8508 8507
f 8498 8509 8499
f 8499 8509 8510
f 8499 8510 8500
f 8500 8510 8501
f 8501 8510 8502
f 8502 8510 8511
f 8502 8511 8503
f 8503 8511 8504
f 8504 8511 8505
f 8505 8511 8488
f 8488 8511 8486
f 8486 8511 8508
f 8498 8497 8509
f 8509 8497 8496
f 8509 8496 8495
f 8495 8494 8509
f 8509 8494 8512
f 8512 8494 8493
f 8512 8493 8492
f 8492 8490 8512
f 8512 8490 8513
f 8513 8490 8491
f 8489 8506 8491
f 8491 8506 8513
f 8513 8506 8512
f 8512 8506 8514
f 8514 8506 8515
f 8515 8506 8516
f 8516 8506 8507
f 8516 8507 8517
f 8517 8507 8511
f 8511 8507 8508
f 8510 8518 8511
f 8511 8518 8517
f 8519 8518 8520
f 8520 8518 8510
f 8520 8510 8509
f 8520 8521 8519
f 8512 8514 8509
f 8509 8514 8520
f 8515 8516 8522
f 8522 8516 8523
f 8517 8518 8516
f 8516 8518 8519
f 8516 8519 8523
f 8523 8519 8524
f 8521 8525 8519
f 8519 8525 8524
f 8525 8521 8522
f 8522 8521 8515
f 8515 8521 8520
f 8515 8520 8514
f 8522 7551 8525
f 8525 7551 7601
f 8525 7601 7651
f 7651 7601 7603
f 7651 7603 7648
f 7648 7603 7606
f 7648 7606 7646
f 7646 7606 7609
f 7646 7609 7667
f 7667 7609 7612
f 7667 7612 7723
f 7723 7612 7778
f 7723 7778 7781
f 8523 7521 8522
f 8522 7521 7523
f 8522 7523 7892
f 7892 7523 7890
f 7890 7523 7526
f 7890 7526 7528
f 8524 7815 8523
f 8523 7815 7515
f 8523 7515 7517
f 8525 7734 8524
f 8524 7734 7681
f 8524 7681 7684
f 7517 7496 8523
f 8523 7496 7498
f 8523 7498 7867
f 7867 7498 7865
f 7865 7498 7501
f 7865 7501 7862
f 7862 7501 7503
f 7862 7503 7798
f 7798 7503 7506
f 7798 7506 7796
f 7796 7506 7509
f 7796 7509 7817
f 7817 7509 7512
f 7817 7512 7815
f 7815 7512 7515
f 7531 7823 7528
f 7528 7823 7887
f 7528 7887 7890
f 7823 7531 7821
f 7821 7531 7534
f 7821 7534 7842
f 7842 7534 7537
f 7842 7537 7573
f 7573 7537 7853
f 7573 7853 7856
f 7537 7540 7853
f 7853 7540 7851
f 7851 7540 7848
f 7848 7540 7542
f 7848 7542 7846
f 7846 7542 7521
f 7846 7521 8523
f 7548 7881 7546
f 7546 7881 7884
f 7546 7884 7567
f 7567 7884 7887
f 7567 7887 7823
f 7881 7548 7878
f 7878 7548 7551
f 7878 7551 7876
f 7876 7551 8522
f 7876 8522 7873
f 7873 8522 7871
f 7871 8522 7892
f 7551 7553 7601
f 7601 7553 7598
f 7598 7553 7556
f 7598 7556 7596
f 7596 7556 7559
f 7596 7559 7617
f 7617 7559 7562
f 7617 7562 7773
f 7773 7562 7828
f 7773 7828 7831
f 7562 7565 7828
f 7828 7565 7826
f 7826 7565 7823
f 7823 7565 7567
f 7573 7856 7571
f 7571 7856 7859
f 7571 7859 7592
f 7592 7859 7862
f 7592 7862 7798
f 7842 7573 7840
f 7840 7573 7576
f 7840 7576 7578
f 7581 7623 7578
f 7578 7623 7837
f 7578 7837 7840
f 7623 7581 7621
f 7621 7581 7584
f 7621 7584 7642
f 7642 7584 7587
f 7642 7587 7748
f 7748 7587 7803
f 7748 7803 7806
f 7587 7590 7803
f 7803 7590 7801
f 7801 7590 7592
f 7801 7592 7798
f 7612 7615 7778
f 7778 7615 7776
f 7776 7615 7773
f 7773 7615 7617
f 7626 7790 7623
f 7623 7790 7792
f 7623 7792 7837
f 7837 7792 7834
f 7834 7792 7771
f 7834 7771 7831
f 7831 7771 7773
f 7626 7628 7790
f 7790 7628 7787
f 7787 7628 7673
f 7787 7673 7742
f 7742 7673 7740
f 7740 7673 7676
f 7740 7676 7678
f 7628 7631 7673
f 7673 7631 7671
f 7671 7631 7634
f 7671 7634 7692
f 7692 7634 7637
f 7692 7637 7698
f 7698 7637 7753
f 7698 7753 7756
f 7637 7640 7753
f 7753 7640 7751
f 7751 7640 7748
f 7748 7640 7642
f 7651 7653 8525
f 8525 7653 7656
f 8525 7656 7659
f 8525 7659 7731
f 7731 7659 7662
f 7731 7662 7728
f 7728 7662 7665
f 7728 7665 7726
f 7726 7665 7723
f 7723 7665 7667
f 7740 7678 7737
f 7737 7678 7681
f 7737 7681 7734
f 8524 7684 7706
f 7706 7684 7687
f 7706 7687 7703
f 7703 7687 7690
f 7703 7690 7701
f 7701 7690 7698
f 7698 7690 7692
f 7698 7756 7696
f 7696 7756 7759
f 7696 7759 7717
f 7717 7759 7762
f 7717 7762 7715
f 7715 7762 7765
f 7715 7765 8524
f 8524 7765 7815
f 7706 7709 8524
f 8524 7709 7712
f 8524 7712 7715
f 7723 7781 7721
f 7721 7781 7784
f 7721 7784 7742
f 7742 7784 7787
f 7731 7734 8525
f 7748 7806 7746
f 7746 7806 7809
f 7746 7809 7767
f 7767 7809 7812
f 7767 7812 7765
f 7765 7812 7815
f 7867 7846 8523
f 7494 7907 7495
f 7495 7907 7908
f 7495 7908 7910
f 7907 7494 7905
f 7905 7494 7518
f 7905 7518 7904
f 7904 7518 7516
f 7904 7516 7902
f 7902 7516 7514
f 7902 7514 7513
f 7902 7513 7900
f 7900 7513 7511
f 7900 7511 7901
f 7901 7511 7510
f 7901 7510 7895
f 7895 7510 7508
f 7895 7508 7897
f 7897 7508 7898
f 7898 7508 7507
f 7898 7507 7918
f 7918 7507 7505
f 7918 7505 7916
f 7916 7505 7504
f 7916 7504 7914
f 7914 7504 7502
f 7914 7502 7500
f 7914 7500 7913
f 7913 7500 7499
f 7913 7499 7911
f 7911 7499 7497
f 7911 7497 7910
f 7910 7497 7495
f 7519 7932 7520
f 7520 7932 7933
f 7520 7933 7935
f 7932 7519 7930
f 7930 7519 7543
f 7930 7543 7929
f 7929 7543 7541
f 7929 7541 7927
f 7927 7541 7539
f 7927 7539 7538
f 7927 7538 7925
f 7925 7538 7536
f 7925 7536 7926
f 7926 7536 7535
f 7926 7535 7920
f 7920 7535 7533
f 7920 7533 7922
f 7922 7533 7923
f 7923 7533 7532
f 7923 7532 7943
f 7943 7532 7530
f 7943 7530 7941
f 7941 7530 7529
f 7941 7529 7939
f 7939 7529 7527
f 7939 7527 7525
f 7939 7525 7938
f 7938 7525 7524
f 7938 7524 7936
f 7936 7524 7522
f 7936 7522 7935
f 7935 7522 7520
f 7547 7545 7958
f 7958 7545 7544
f 7958 7544 7957
f 7957 7544 7568
f 7957 7568 7955
f 7955 7568 7566
f 7955 7566 7954
f 7954 7566 7564
f 7954 7564 7952
f 7952 7564 7950
f 7950 7564 7563
f 7950 7563 7951
f 7951 7563 7561
f 7951 7561 7945
f 7945 7561 7560
f 7945 7560 7947
f 7947 7560 7558
f 7947 7558 7557
f 7947 7557 7948
f 7948 7557 7555
f 7948 7555 7968
f 7968 7555 7554
f 7968 7554 7966
f 7966 7554 7552
f 7966 7552 7964
f 7964 7552 7963
f 7963 7552 7550
f 7963 7550 7961
f 7961 7550 7549
f 7961 7549 7960
f 7960 7549 7547
f 7960 7547 7958
f 7569 7982 7570
f 7570 7982 7983
f 7570 7983 7985
f 7982 7569 7980
f 7980 7569 7593
f 7980 7593 7979
f 7979 7593 7591
f 7979 7591 7977
f 7977 7591 7589
f 7977 7589 7588
f 7977 7588 7975
f 7975 7588 7586
f 7975 7586 7976
f 7976 7586 7585
f 7976 7585 7970
f 7970 7585 7583
f 7970 7583 7972
f 7972 7583 7973
f 7973 7583 7582
f 7973 7582 7993
f 7993 7582 7580
f 7993 7580 7991
f 7991 7580 7579
f 7991 7579 7989
f 7989 7579 7577
f 7989 7577 7575
f 7989 7575 7988
f 7988 7575 7574
f 7988 7574 7986
f 7986 7574 7572
f 7986 7572 7985
f 7985 7572 7570
f 7597 7595 8008
f 8008 7595 7594
f 8008 7594 8007
f 8007 7594 7618
f 8007 7618 8005
f 8005 7618 7616
f 8005 7616 8004
f 8004 7616 7614
f 8004 7614 8002
f 8002 7614 8000
f 8000 7614 7613
f 8000 7613 8001
f 8001 7613 7611
f 8001 7611 7995
f 7995 7611 7610
f 7995 7610 7997
f 7997 7610 7608
f 7997 7608 7607
f 7997 7607 7998
f 7998 7607 7605
f 7998 7605 8018
f 8018 7605 7604
f 8018 7604 8016
f 8016 7604 7602
f 8016 7602 8014
f 8014 7602 8013
f 8013 7602 7600
f 8013 7600 8011
f 8011 7600 7599
f 8011 7599 8010
f 8010 7599 7597
f 8010 7597 8008
f 7622 7620 8033
f 8033 7620 7619
f 8033 7619 8032
f 8032 7619 7643
f 8032 7643 8030
f 8030 7643 7641
f 8030 7641 8029
f 8029 7641 7639
f 8029 7639 8027
f 8027 7639 8025
f 8025 7639 7638
f 8025 7638 8026
f 8026 7638 7636
f 8026 7636 8020
f 8020 7636 7635
f 8020 7635 8022
f 8022 7635 7633
f 8022 7633 7632
f 8022 7632 8023
f 8023 7632 7630
f 8023 7630 8043
f 8043 7630 7629
f 8043 7629 8041
f 8041 7629 7627
f 8041 7627 8039
f 8039 7627 8038
f 8038 7627 7625
f 8038 7625 8036
f 8036 7625 7624
f 8036 7624 8035
f 8035 7624 7622
f 8035 7622 8033
f 7647 7645 8058
f 8058 7645 7644
f 8058 7644 8057
f 8057 7644 7668
f 8057 7668 8055
f 8055 7668 7666
f 8055 7666 8054
f 8054 7666 7664
f 8054 7664 8052
f 8052 7664 8050
f 8050 7664 7663
f 8050 7663 8051
f 8051 7663 7661
f 8051 7661 8045
f 8045 7661 7660
f 8045 7660 8047
f 8047 7660 7658
f 8047 7658 7657
f 8047 7657 8048
f 8048 7657 7655
f 8048 7655 8068
f 8068 7655 7654
f 8068 7654 8066
f 8066 7654 7652
f 8066 7652 8064
f 8064 7652 8063
f 8063 7652 7650
f 8063 7650 8061
f 8061 7650 7649
f 8061 7649 8060
f 8060 7649 7647
f 8060 7647 8058
f 7669 8082 7670
f 7670 8082 8083
f 7670 8083 8085
f 8082 7669 8080
f 8080 7669 7693
f 8080 7693 8079
f 8079 7693 7691
f 8079 7691 8077
f 8077 7691 7689
f 8077 7689 7688
f 8077 7688 8075
f 8075 7688 7686
f 8075 7686 8076
f 8076 7686 7685
f 8076 7685 8070
f 8070 7685 7683
f 8070 7683 8072
f 8072 7683 8073
f 8073 7683 7682
f 8073 7682 8093
f 8093 7682 7680
f 8093 7680 8091
f 8091 7680 7679
f 8091 7679 8089
f 8089 7679 7677
f 8089 7677 7675
f 8089 7675 8088
f 8088 7675 7674
f 8088 7674 8086
f 8086 7674 7672
f 8086 7672 8085
f 8085 7672 7670
f 7697 7695 8108
f 8108 7695 7694
f 8108 7694 8107
f 8107 7694 7718
f 8107 7718 8105
f 8105 7718 7716
f 8105 7716 8104
f 8104 7716 7714
f 8104 7714 8102
f 8102 7714 8100
f 8100 7714 7713
f 8100 7713 8101
f 8101 7713 7711
f 8101 7711 8095
f 8095 7711 7710
f 8095 7710 8097
f 8097 7710 7708
f 8097 7708 7707
f 8097 7707 8098
f 8098 7707 7705
f 8098 7705 8118
f 8118 7705 7704
f 8118 7704 8116
f 8116 7704 7702
f 8116 7702 8114
f 8114 7702 8113
f 8113 7702 7700
f 8113 7700 8111
f 8111 7700 7699
f 8111 7699 8110
f 8110 7699 7697
f 8110 7697 8108
f 7719 8132 7720
f 7720 8132 8133
f 7720 8133 8135
f 8132 7719 8130
f 8130 7719 7743
f 8130 7743 8129
f 8129 7743 7741
f 8129 7741 8127
f 8127 7741 7739
f 8127 7739 7738
f 8127 7738 8125
f 8125 7738 7736
f 8125 7736 8126
f 8126 7736 7735
f 8126 7735 8120
f 8120 7735 7733
f 8120 7733 8122
f 8122 7733 8123
f 8123 7733 7732
f 8123 7732 8143
f 8143 7732 7730
f 8143 7730 8141
f 8141 7730 7729
f 8141 7729 8139
f 8139 7729 7727
f 8139 7727 7725
f 8139 7725 8138
f 8138 7725 7724
f 8138 7724 8136
f 8136 7724 7722
f 8136 7722 8135
f 8135 7722 7720
f 7747 7745 8158
f 8158 7745 7744
f 8158 7744 8157
f 8157 7744 7768
f 8157 7768 8155
f 8155 7768 7766
f 8155 7766 8154
f 8154 7766 7764
f 8154 7764 8152
f 8152 7764 8150
f 8150 7764 7763
f 8150 7763 8151
f 8151 7763 7761
f 8151 7761 8145
f 8145 7761 7760
f 8145 7760 8147
f 8147 7760 7758
f 8147 7758 7757
f 8147 7757 8148
f 8148 7757 7755
f 8148 7755 8168
f 8168 7755 7754
f 8168 7754 8166
f 8166 7754 7752
f 8166 7752 8164
f 8164 7752 8163
f 8163 7752 7750
f 8163 7750 8161
f 8161 7750 7749
f 8161 7749 8160
f 8160 7749 7747
f 8160 7747 8158
f 7772 7770 8183
f 8183 7770 7769
f 8183 7769 8182
f 8182 7769 7793
f 8182 7793 8180
f 8180 7793 7791
f 8180 7791 8179
f 8179 7791 7789
f 8179 7789 8177
f 8177 7789 8175
f 8175 7789 7788
f 8175 7788 8176
f 8176 7788 7786
f 8176 7786 8170
f 8170 7786 7785
f 8170 7785 8172
f 8172 7785 7783
f 8172 7783 7782
f 8172 7782 8173
f 8173 7782 7780
f 8173 7780 8193
f 8193 7780 7779
f 8193 7779 8191
f 8191 7779 7777
f 8191 7777 8189
f 8189 7777 8188
f 8188 7777 7775
f 8188 7775 8186
f 8186 7775 7774
f 8186 7774 8185
f 8185 7774 7772
f 8185 7772 8183
f 7797 7795 8208
f 8208 7795 7794
f 8208 7794 8207
f 8207 7794 7818
f 8207 7818 8205
f 8205 7818 7816
f 8205 7816 8204
f 8204 7816 7814
f 8204 7814 8202
f 8202 7814 8200
f 8200 7814 7813
f 8200 7813 8201
f 8201 7813 7811
f 8201 7811 8195
f 8195 7811 7810
f 8195 7810 8197
f 8197 7810 7808
f 8197 7808 7807
f 8197 7807 8198
f 8198 7807 7805
f 8198 7805 8218
f 8218 7805 7804
f 8218 7804 8216
f 8216 7804 7802
f 8216 7802 8214
f 8214 7802 8213
f 8213 7802 7800
f 8213 7800 8211
f 8211 7800 7799
f 8211 7799 8210
f 8210 7799 7797
f 8210 7797 8208
f 7819 8232 7820
f 7820 8232 8233
f 7820 8233 8235
f 8232 7819 8230
f 8230 7819 7843
f 8230 7843 8229
f 8229 7843 7841
f 8229 7841 8227
f 8227 7841 7839
f 8227 7839 7838
f 8227 7838 8225
f 8225 7838 7836
f 8225 7836 8226
f 8226 7836 7835
f 8226 7835 8220
f 8220 7835 7833
f 8220 7833 8222
f 8222 7833 8223
f 8223 7833 7832
f 8223 7832 8243
f 8243 7832 7830
f 8243 7830 8241
f 8241 7830 7829
f 8241 7829 8239
f 8239 7829 7827
f 8239 7827 7825
f 8239 7825 8238
f 8238 7825 7824
f 8238 7824 8236
f 8236 7824 7822
f 8236 7822 8235
f 8235 7822 7820
f 7844 8257 7845
f 7845 8257 8258
f 7845 8258 8260
f 8257 7844 8255
f 8255 7844 7868
f 8255 7868 8254
f 8254 7868 7866
f 8254 7866 8252
f 8252 7866 7864
f 8252 7864 7863
f 8252 7863 8250
f 8250 7863 7861
f 8250 7861 8251
f 8251 7861 7860
f 8251 7860 8245
f 8245 7860 7858
f 8245 7858 8247
f 8247 7858 8248
f 8248 7858 7857
f 8248 7857 8268
f 8268 7857 7855
f 8268 7855 8266
f 8266 7855 7854
f 8266 7854 8264
f 8264 7854 7852
f 8264 7852 7850
f 8264 7850 8263
f 8263 7850 7849
f 8263 7849 8261
f 8261 7849 7847
f 8261 7847 8260
f 8260 7847 7845
f 7869 8282 7870
f 7870 8282 8283
f 7870 8283 8285
f 8282 7869 8280
f 8280 7869 7893
f 8280 7893 8279
f 8279 7893 7891
f 8279 7891 8277
f 8277 7891 7889
f 8277 7889 7888
f 8277 7888 8275
f 8275 7888 7886
f 8275 7886 8276
f 8276 7886 7885
f 8276 7885 8270
f 8270 7885 7883
f 8270 7883 8272
f 8272 7883 8273
f 8273 7883 7882
f 8273 7882 8293
f 8293 7882 7880
f 8293 7880 8291
f 8291 7880 7879
f 8291 7879 8289
f 8289 7879 7877
f 8289 7877 7875
f 8289 7875 8288
f 8288 7875 7874
f 8288 7874 8286
f 8286 7874 7872
f 8286 7872 8285
f 8285 7872 7870
f 8296 8299 8295
f 8295 8299 8300
f 8295 8300 8294
f 8294 8300 8301
f 8294 8301 8302
f 8297 8298 8296
f 8296 8298 8299
f 8305 8308 8304
f 8304 8308 8309
f 8304 8309 8303
f 8303 8309 8310
f 8303 8310 8311
f 8306 8307 8305
f 8305 8307 8308
f 8314 8317 8313
f 8313 8317 8318
f 8313 8318 8312
f 8312 8318 8319
f 8312 8319 8320
f 8315 8316 8314
f 8314 8316 8317
f 8323 8326 8322
f 8322 8326 8327
f 8322 8327 8321
f 8321 8327 8328
f 8321 8328 8329
f 8324 8325 8323
f 8323 8325 8326
f 8332 8335 8331
f 8331 8335 8336
f 8331 8336 8330
f 8330 8336 8337
f 8330 8337 8338
f 8333 8334 8332
f 8332 8334 8335
f 8340 8341 8339
f 8339 8341 8342
f 8339 8342 8347
f 8347 8342 8346
f 8346 8342 8343
f 8346 8343 8345
f 8345 8343 8344
f 8350 8353 8349
f 8349 8353 8354
f 8349 8354 8348
f 8348 8354 8355
f 8348 8355 8356
f 8351 8352 8350
f 8350 8352 8353
f 8358 8359 8357
f 8357 8359 8360
f 8357 8360 8365
f 8365 8360 8364
f 8364 8360 8361
f 8364 8361 8363
f 8363 8361 8362
f 8367 8368 8366
f 8366 8368 8369
f 8366 8369 8374
f 8374 8369 8373
f 8373 8369 8370
f 8373 8370 8372
f 8372 8370 8371
f 8376 8377 8375
f 8375 8377 8378
f 8375 8378 8383
f 8383 8378 8382
f 8382 8378 8379
f 8382 8379 8381
f 8381 8379 8380
f 8385 8386 8384
f 8384 8386 8387
f 8384 8387 8392
f 8392 8387 8391
f 8391 8387 8388
f 8391 8388 8390
f 8390 8388 8389
f 8395 8398 8394
f 8394 8398 8399
f 8394 8399 8393
f 8393 8399 8400
f 8393 8400 8401
f 8396 8397 8395
f 8395 8397 8398
f 8403 8404 8402
f 8402 8404 8405
f 8402 8405 8410
f 8410 8405 8409
f 8409 8405 8406
f 8409 8406 8408
f 8408 8406 8407
f 8413 8416 8412
f 8412 8416 8417
f 8412 8417 8411
f 8411 8417 8418
f 8411 8418 8419
f 8414 8415 8413
f 8413 8415 8416
f 8422 8425 8421
f 8421 8425 8426
f 8421 8426 8420
f 8420 8426 8427
f 8420 8427 8428
f 8423 8424 8422
f 8422 8424 8425
f 8431 8434 8430
f 8430 8434 8435
f 8430 8435 8429
f 8429 8435 8436
f 8429 8436 8437
f 8432 8433 8431
f 8431 8433 8434
f 8526 8527 8528
f 8528 8527 8529
f 8528 8530 8526
f 8526 8530 8531
f 8531 8530 8532
f 8531 8532 8533
f 8533 8532 8534
f 8533 8534 8535
f 8535 8534 8536
f 8535 8536 8537
f 8537 8536 8538
f 8537 8538 8539
f 8539 8538 8540
f 8539 8540 8541
f 8541 8540 8542
f 8541 8542 8543
f 8543 8542 8544
f 8543 8544 8545
f 8545 8544 8546
f 8545 8546 8547
f 8547 8546 8548
f 8547 8548 8549
f 8549 8548 8550
f 8549 8550 8551
f 8551 8550 8552
f 8552 8550 8553
f 8552 8553 8554
f 8554 8553 8555
f 8554 8555 8556
f 8556 8555 8557
f 8556 8557 8558
f 8556 8558 8559
f 8559 8558 8560
f 8559 8560 8561
f 8561 8560 8562
f 8561 8562 8563
f 8563 8562 8564
f 8563 8564 8565
f 8564 8566 8565
f 8565 8566 8567
f 8568 8569 8570
f 8570 8569 8571
f 8570 8571 8572
f 8570 8572 8573
f 8573 8572 8574
f 8573 8574 8575
f 8575 8574 8576
f 8575 8576 8577
f 8577 8576 8567
f 8577 8567 8566
f 8578 8579 8568
f 8568 8579 8569
f 8579 8578 8580
f 8580 8578 8581
f 8580 8581 8582
f 8580 8582 8583
f 8583 8582 8584
f 8583 8584 8585
f 8585 8584 8586
f 8585 8586 8587
f 8587 8586 8588
f 8587 8588 8589
f 8589 8588 8590
f 8589 8590 8591
f 8592 8591 8593
f 8593 8591 8590
f 8593 8594 8592
f 8592 8594 8595
f 8595 8594 8596
f 8595 8596 8597
f 8597 8596 8598
f 8597 8598 8599
f 8599 8598 8600
f 8599 8600 8601
f 8601 8600 8602
f 8601 8602 8603
f 8603 8602 8604
f 8604 8602 8605
f 8606 8607 8608
f 8608 8607 8609
f 8608 8610 8606
f 8606 8610 8611
f 8610 8612 8611
f 8611 8612 8613
f 8613 8612 8614
f 8613 8614 8615
f 8615 8614 8616
f 8615 8616 8617
f 8617 8616 8618
f 8618 8616 8619
f 8618 8619 8527
f 8527 8619 8529
f 8620 8621 8622
f 8622 8621 8623
f 8622 8623 8624
f 8624 8623 8625
f 8624 8625 8626
f 8626 8625 8627
f 8626 8627 8628
f 8628 8627 8629
f 8628 8629 8630
f 8630 8629 8631
f 8630 8631 8632
f 8632 8631 8633
f 8632 8633 8634
f 8634 8633 8635
f 8634 8635 8636
f 8636 8635 8637
f 8636 8637 8638
f 8638 8637 8639
f 8638 8639 8640
f 8640 8639 8641
f 8640 8641 8642
f 8642 8641 8643
f 8642 8643 8644
f 8644 8643 8645
f 8644 8645 8646
f 8646 8645 8647
f 8646 8647 8648
f 8648 8647 8649
f 8648 8649 8650
f 8650 8649 8651
f 8650 8651 8620
f 8620 8651 8621
f 8652 8653 8654
f 8654 8653 8655
f 8654 8655 8656
f 8656 8655 8657
f 8656 8657 8658
f 8658 8657 8659
f 8658 8659 8660
f 8660 8659 8661
f 8660 8661 8662
f 8662 8661 8663
f 8662 8663 8664
f 8664 8663 8665
f 8664 8665 8666
f 8666 8665 8667
f 8666 8667 8668
f 8668 8667 8669
f 8668 8669 8670
f 8670 8669 8671
f 8670 8671 8672
f 8672 8671 8673
f 8672 8673 8674
f 8674 8673 8675
f 8674 8675 8676
f 8676 8675 8677
f 8676 8677 8678
f 8678 8677 8679
f 8678 8679 8680
f 8680 8679 8681
f 8680 8681 8682
f 8682 8681 8683
f 8682 8683 8652
f 8652 8683 8653
f 8684 8685 8686
f 8686 8685 8687
f 8685 8688 8687
f 8687 8688 8689
f 8690 8691 8692
f 8692 8691 8693
f 8693 8691 8694
f 8693 8694 8695
f 8695 8694 8696
f 8695 8696 8697
f 8697 8696 8698
f 8697 8698 8699
f 8699 8698 8700
f 8699 8700 8701
f 8701 8700 8702
f 8702 8700 8703
f 8692 8704 8690
f 8690 8704 8705
f 8706 8707 8708
f 8708 8707 8709
f 8708 8709 8710
f 8708 8710 8711
f 8711 8710 8712
f 8711 8712 8713
f 8713 8712 8714
f 8713 8714 8715
f 8715 8714 8716
f 8715 8716 8717
f 8717 8716 8705
f 8717 8705 8704
f 8707 8706 8718
f 8718 8706 8719
f 8718 8719 8720
f 8720 8719 8721
f 8720 8721 8722
f 8720 8722 8723
f 8723 8722 8724
f 8723 8724 8725
f 8725 8724 8726
f 8725 8726 8727
f 8727 8726 8728
f 8727 8728 8729
f 8730 8729 8731
f 8731 8729 8728
f 8732 8733 8734
f 8734 8733 8735
f 8734 8735 8736
f 8734 8736 8737
f 8737 8736 8738
f 8737 8738 8739
f 8739 8738 8740
f 8739 8740 8741
f 8741 8740 8730
f 8741 8730 8731
f 8742 8743 8732
f 8732 8743 8733
f 8743 8742 8744
f 8744 8742 8745
f 8744 8745 8746
f 8744 8746 8747
f 8747 8746 8748
f 8747 8748 8749
f 8749 8748 8750
f 8749 8750 8751
f 8751 8750 8752
f 8751 8752 8753
f 8753 8752 8754
f 8753 8754 8755
f 8755 8754 8756
f 8755 8756 8757
f 8757 8756 8758
f 8757 8758 8759
f 8759 8758 8760
f 8759 8760 8761
f 8761 8760 8762
f 8761 8762 8763
f 8763 8762 8764
f 8763 8764 8765
f 8765 8764 8766
f 8765 8766 8767
f 8766 8768 8767
f 8767 8768 8769
f 8769 8768 8770
f 8770 8768 8771
f 8770 8771 8772
f 8772 8771 8773
f 8772 8773 8774
f 8772 8774 8775
f 8775 8774 8776
f 8775 8776 8777
f 8777 8776 8684
f 8777 8684 8686
f 8778 8779 8780
f 8780 8779 8781
f 8780 8781 8782
f 8782 8781 8783
f 8782 8783 8784
f 8784 8783 8785
f 8784 8785 8786
f 8786 8785 8787
f 8786 8787 8788
f 8788 8787 8789
f 8788 8789 8790
f 8790 8789 8791
f 8790 8791 8792
f 8792 8791 8793
f 8792 8793 8794
f 8794 8793 8795
f 8794 8795 8796
f 8796 8795 8797
f 8796 8797 8798
f 8798 8797 8799
f 8798 8799 8800
f 8800 8799 8801
f 8800 8801 8802
f 8802 8801 8803
f 8802 8803 8804
f 8804 8803 8805
f 8804 8805 8806
f 8806 8805 8807
f 8806 8807 8808
f 8808 8807 8809
f 8808 8809 8778
f 8778 8809 8779
f 8810 8811 8812
f 8812 8811 8813
f 8812 8813 8814
f 8814 8813 8815
f 8814 8815 8816
f 8816 8815 8817
f 8816 8817 8818
f 8818 8817 8819
f 8818 8819 8820
f 8820 8819 8821
f 8820 8821 8822
f 8822 8821 8823
f 8822 8823 8824
f 8824 8823 8825
f 8824 8825 8826
f 8826 8825 8827
f 8826 8827 8828
f 8828 8827 8829
f 8828 8829 8830
f 8830 8829 8831
f 8830 8831 8832
f 8832 8831 8833
f 8832 8833 8834
f 8834 8833 8835
f 8834 8835 8836
f 8836 8835 8837
f 8836 8837 8838
f 8838 8837 8839
f 8838 8839 8840
f 8840 8839 8841
f 8840 8841 8810
f 8810 8841 8811
f 8688 8685 8842
f 8842 8685 8684
f 8842 8684 8776
f 8776 8774 8842
f 8842 8774 8773
f 8842 8773 8843
f 8843 8773 8766
f 8843 8766 8764
f 8773 8771 8766
f 8766 8771 8768
f 8764 8762 8843
f 8843 8762 8702
f 8702 8762 8760
f 8702 8760 8701
f 8701 8760 8758
f 8701 8758 8699
f 8699 8758 8756
f 8699 8756 8697
f 8697 8756 8695
f 8695 8756 8754
f 8695 8754 8693
f 8693 8754 8752
f 8693 8752 8692
f 8692 8752 8784
f 8692 8784 8786
f 8752 8750 8784
f 8784 8750 8782
f 8782 8750 8780
f 8780 8750 8748
f 8780 8748 8778
f 8778 8748 8746
f 8778 8746 8808
f 8808 8746 8806
f 8806 8746 8745
f 8806 8745 8804
f 8804 8745 8742
f 8804 8742 8820
f 8820 8742 8818
f 8818 8742 8816
f 8816 8742 8814
f 8814 8742 8732
f 8814 8732 8812
f 8812 8732 8810
f 8810 8732 8840
f 8840 8732 8734
f 8840 8734 8737
f 8840 8737 8838
f 8838 8737 8739
f 8838 8739 8741
f 8741 8731 8838
f 8838 8731 8836
f 8836 8731 8728
f 8836 8728 8834
f 8834 8728 8726
f 8834 8726 8724
f 8724 8722 8834
f 8834 8722 8832
f 8832 8722 8721
f 8832 8721 8719
f 8706 8796 8719
f 8719 8796 8798
f 8719 8798 8826
f 8826 8798 8800
f 8826 8800 8824
f 8824 8800 8802
f 8824 8802 8822
f 8822 8802 8804
f 8822 8804 8820
f 8708 8711 8706
f 8706 8711 8713
f 8706 8713 8715
f 8715 8717 8706
f 8706 8717 8704
f 8706 8704 8788
f 8788 8704 8786
f 8786 8704 8692
f 8826 8828 8719
f 8719 8828 8830
f 8719 8830 8832
f 8788 8790 8706
f 8706 8790 8792
f 8706 8792 8794
f 8794 8796 8706
f 8842 8843 8844
f 8844 8843 8845
f 8529 8619 8528
f 8528 8619 8616
f 8528 8616 8845
f 8845 8616 8614
f 8845 8614 8844
f 8844 8614 8612
f 8844 8612 8610
f 8610 8608 8844
f 8844 8608 8609
f 8528 8845 8530
f 8530 8845 8605
f 8530 8605 8532
f 8532 8605 8602
f 8532 8602 8600
f 8532 8600 8534
f 8534 8600 8598
f 8534 8598 8536
f 8536 8598 8596
f 8536 8596 8594
f 8536 8594 8538
f 8538 8594 8593
f 8538 8593 8540
f 8540 8593 8578
f 8540 8578 8646
f 8646 8578 8644
f 8644 8578 8642
f 8642 8578 8640
f 8640 8578 8638
f 8638 8578 8568
f 8638 8568 8636
f 8636 8568 8672
f 8636 8672 8634
f 8634 8672 8674
f 8634 8674 8632
f 8632 8674 8676
f 8632 8676 8553
f 8553 8676 8678
f 8553 8678 8680
f 8590 8584 8593
f 8593 8584 8582
f 8593 8582 8581
f 8588 8586 8590
f 8590 8586 8584
f 8581 8578 8593
f 8570 8664 8568
f 8568 8664 8666
f 8568 8666 8668
f 8664 8570 8662
f 8662 8570 8573
f 8662 8573 8575
f 8577 8566 8575
f 8575 8566 8662
f 8566 8564 8662
f 8662 8564 8560
f 8662 8560 8558
f 8564 8562 8560
f 8558 8557 8662
f 8662 8557 8660
f 8660 8557 8555
f 8660 8555 8658
f 8658 8555 8656
f 8656 8555 8654
f 8654 8555 8652
f 8652 8555 8553
f 8652 8553 8682
f 8682 8553 8680
f 8553 8550 8632
f 8632 8550 8630
f 8630 8550 8548
f 8630 8548 8628
f 8628 8548 8626
f 8626 8548 8546
f 8626 8546 8624
f 8624 8546 8622
f 8622 8546 8544
f 8622 8544 8620
f 8620 8544 8650
f 8650 8544 8542
f 8650 8542 8648
f 8648 8542 8540
f 8648 8540 8646
f 8668 8670 8568
f 8568 8670 8672
f 8607 8606 8846
f 8846 8606 8611
f 8846 8611 8613
f 8613 8615 8846
f 8846 8615 8617
f 8846 8617 8847
f 8847 8617 8526
f 8847 8526 8531
f 8617 8618 8526
f 8526 8618 8527
f 8531 8533 8847
f 8847 8533 8604
f 8604 8533 8535
f 8604 8535 8603
f 8603 8535 8537
f 8603 8537 8601
f 8601 8537 8539
f 8601 8539 8599
f 8599 8539 8597
f 8597 8539 8541
f 8597 8541 8595
f 8595 8541 8543
f 8595 8543 8592
f 8592 8543 8651
f 8592 8651 8649
f 8543 8545 8651
f 8651 8545 8621
f 8621 8545 8623
f 8623 8545 8547
f 8623 8547 8625
f 8625 8547 8549
f 8625 8549 8627
f 8627 8549 8629
f 8629 8549 8551
f 8629 8551 8631
f 8631 8551 8552
f 8631 8552 8679
f 8679 8552 8681
f 8681 8552 8683
f 8683 8552 8653
f 8653 8552 8554
f 8653 8554 8655
f 8655 8554 8657
f 8657 8554 8659
f 8659 8554 8556
f 8659 8556 8559
f 8659 8559 8661
f 8661 8559 8561
f 8661 8561 8563
f 8563 8565 8661
f 8661 8565 8663
f 8663 8565 8567
f 8663 8567 8665
f 8665 8567 8576
f 8665 8576 8574
f 8574 8572 8665
f 8665 8572 8667
f 8667 8572 8571
f 8667 8571 8569
f 8579 8639 8569
f 8569 8639 8637
f 8569 8637 8673
f 8673 8637 8635
f 8673 8635 8675
f 8675 8635 8633
f 8675 8633 8677
f 8677 8633 8631
f 8677 8631 8679
f 8580 8583 8579
f 8579 8583 8585
f 8579 8585 8587
f 8587 8589 8579
f 8579 8589 8591
f 8579 8591 8647
f 8647 8591 8649
f 8649 8591 8592
f 8673 8671 8569
f 8569 8671 8669
f 8569 8669 8667
f 8647 8645 8579
f 8579 8645 8643
f 8579 8643 8641
f 8641 8639 8579
f 8769 8770 8767
f 8767 8770 8772
f 8767 8772 8848
f 8848 8772 8775
f 8848 8775 8849
f 8849 8775 8777
f 8849 8777 8686
f 8686 8687 8849
f 8849 8687 8689
f 8767 8848 8765
f 8765 8848 8703
f 8765 8703 8763
f 8763 8703 8700
f 8763 8700 8698
f 8763 8698 8761
f 8761 8698 8696
f 8761 8696 8759
f 8759 8696 8694
f 8759 8694 8691
f 8759 8691 8757
f 8757 8691 8690
f 8757 8690 8755
f 8755 8690 8707
f 8755 8707 8789
f 8789 8707 8791
f 8791 8707 8793
f 8793 8707 8795
f 8795 8707 8797
f 8797 8707 8718
f 8797 8718 8799
f 8799 8718 8827
f 8799 8827 8801
f 8801 8827 8825
f 8801 8825 8803
f 8803 8825 8823
f 8803 8823 8743
f 8743 8823 8821
f 8743 8821 8819
f 8705 8712 8690
f 8690 8712 8710
f 8690 8710 8709
f 8716 8714 8705
f 8705 8714 8712
f 8709 8707 8690
f 8720 8835 8718
f 8718 8835 8833
f 8718 8833 8831
f 8835 8720 8837
f 8837 8720 8723
f 8837 8723 8725
f 8727 8729 8725
f 8725 8729 8837
f 8729 8730 8837
f 8837 8730 8738
f 8837 8738 8736
f 8730 8740 8738
f 8736 8735 8837
f 8837 8735 8839
f 8839 8735 8733
f 8839 8733 8841
f 8841 8733 8811
f 8811 8733 8813
f 8813 8733 8815
f 8815 8733 8743
f 8815 8743 8817
f 8817 8743 8819
f 8743 8744 8803
f 8803 8744 8805
f 8805 8744 8747
f 8805 8747 8807
f 8807 8747 8809
f 8809 8747 8749
f 8809 8749 8779
f 8779 8749 8781
f 8781 8749 8751
f 8781 8751 8783
f 8783 8751 8785
f 8785 8751 8753
f 8785 8753 8787
f 8787 8753 8755
f 8787 8755 8789
f 8831 8829 8718
f 8718 8829 8827
f 8850 8851 8852
f 8852 8851 8853
f 8853 8851 8854
f 8853 8854 8855
f 8855 8854 8849
f 8849 8854 8848
f 8607 8846 8844
f 8844 8846 8856
f 8844 8856 8857
f 8857 8858 8844
f 8844 8858 8852
f 8844 8852 8842
f 8842 8852 8853
f 8842 8853 8855
f 8855 8849 8842
f 8842 8849 8688
f 8688 8849 8689
f 8844 8609 8607
f 8847 8859 8846
f 8846 8859 8856
f 8856 8859 8860
f 8856 8860 8857
f 8857 8860 8861
f 8857 8861 8858
f 8703 8848 8843
f 8843 8848 8854
f 8843 8854 8851
f 8851 8850 8843
f 8843 8850 8861
f 8843 8861 8845
f 8845 8861 8860
f 8845 8860 8859
f 8859 8847 8845
f 8845 8847 8605
f 8605 8847 8604
f 8843 8702 8703
f 8858 8861 8852
f 8852 8861 8850
f 8862 8863 8864
f 8864 8863 8865
f 8864 8865 8866
f 8866 8865 8867
f 8866 8867 8868
f 8868 8867 8869
f 8869 8867 8870
f 8869 8870 8871
f 8872 8873 8862
f 8862 8873 8874
f 8862 8874 8875
f 8875 8874 8876
f 8875 8876 8877
f 8877 8876 8878
f 8878 8876 8879
f 8878 8879 8880
f 8881 8882 8872
f 8872 8882 8883
f 8872 8883 8884
f 8884 8883 8885
f 8884 8885 8886
f 8886 8885 8887
f 8886 8887 8888
f 8888 8887 8889
f 8889 8887 8890
f 8889 8890 8891
f 8864 8892 8881
f 8881 8892 8893
f 8881 8893 8894
f 8895 8872 8896
f 8896 8872 8897
f 8896 8897 8898
f 8895 8899 8872
f 8872 8899 8900
f 8872 8900 8873
f 8878 8880 8898
f 8898 8880 8896
f 8875 8901 8862
f 8862 8901 8902
f 8862 8902 8903
f 8901 8904 8902
f 8902 8904 8905
f 8905 8904 8906
f 8906 8904 8907
f 8906 8907 8908
f 8906 8908 8909
f 8909 8908 8897
f 8909 8897 8884
f 8884 8897 8872
f 8862 8903 8891
f 8891 8903 8889
f 8891 8910 8862
f 8862 8910 8863
f 8910 8911 8863
f 8863 8911 8912
f 8912 8911 8913
f 8913 8911 8914
f 8913 8914 8915
f 8913 8915 8916
f 8916 8915 8883
f 8916 8883 8882
f 8869 8871 8917
f 8917 8871 8882
f 8917 8882 8918
f 8918 8882 8881
f 8918 8881 8919
f 8919 8881 8920
f 8919 8920 8921
f 8866 8922 8864
f 8864 8922 8923
f 8864 8923 8924
f 8922 8925 8923
f 8923 8925 8926
f 8926 8925 8927
f 8927 8925 8928
f 8927 8928 8929
f 8927 8929 8930
f 8930 8929 8918
f 8930 8918 8919
f 8864 8924 8931
f 8931 8924 8932
f 8931 8932 8933
f 8933 8932 8934
f 8934 8932 8935
f 8934 8935 8936
f 8934 8936 8921
f 8921 8936 8919
f 8931 8892 8864
f 8894 8937 8881
f 8881 8937 8920
f 8864 8938 8862
f 8862 8938 8939
f 8881 8940 8864
f 8864 8940 8938
f 8872 8941 8881
f 8881 8941 8940
f 8862 8939 8872
f 8872 8939 8941
f 8937 8942 8920
f 8920 8942 8943
f 8920 8943 8921
f 8921 8943 8944
f 8921 8944 8934
f 8934 8944 8945
f 8934 8945 8933
f 8933 8945 8946
f 8933 8946 8931
f 8931 8946 8947
f 8931 8947 8892
f 8892 8947 8948
f 8892 8948 8893
f 8893 8948 8949
f 8893 8949 8894
f 8894 8949 8950
f 8894 8950 8937
f 8937 8950 8942
f 8936 8951 8919
f 8919 8951 8952
f 8919 8952 8930
f 8930 8952 8953
f 8930 8953 8927
f 8927 8953 8954
f 8927 8954 8926
f 8926 8954 8955
f 8926 8955 8923
f 8923 8955 8956
f 8923 8956 8924
f 8924 8956 8957
f 8924 8957 8932
f 8932 8957 8958
f 8932 8958 8935
f 8935 8958 8959
f 8935 8959 8936
f 8936 8959 8951
f 8929 8960 8918
f 8918 8960 8961
f 8918 8961 8917
f 8917 8961 8962
f 8917 8962 8869
f 8869 8962 8963
f 8869 8963 8868
f 8868 8963 8964
f 8868 8964 8866
f 8866 8964 8965
f 8866 8965 8922
f 8922 8965 8966
f 8922 8966 8925
f 8925 8966 8967
f 8925 8967 8928
f 8928 8967 8968
f 8928 8968 8929
f 8929 8968 8960
f 8871 8969 8882
f 8882 8969 8970
f 8882 8970 8916
f 8916 8970 8971
f 8916 8971 8913
f 8913 8971 8972
f 8913 8972 8912
f 8912 8972 8973
f 8912 8973 8863
f 8863 8973 8974
f 8863 8974 8865
f 8865 8974 8975
f 8865 8975 8867
f 8867 8975 8976
f 8867 8976 8870
f 8870 8976 8977
f 8870 8977 8871
f 8871 8977 8969
f 8915 8978 8883
f 8883 8978 8979
f 8883 8979 8885
f 8885 8979 8980
f 8885 8980 8887
f 8887 8980 8981
f 8887 8981 8890
f 8890 8981 8982
f 8890 8982 8891
f 8891 8982 8983
f 8891 8983 8910
f 8910 8983 8984
f 8910 8984 8911
f 8911 8984 8985
f 8911 8985 8914
f 8914 8985 8986
f 8914 8986 8915
f 8915 8986 8978
f 8886 8987 8884
f 8884 8987 8988
f 8884 8988 8909
f 8909 8988 8989
f 8909 8989 8906
f 8906 8989 8990
f 8906 8990 8905
f 8905 8990 8991
f 8905 8991 8902
f 8902 8991 8992
f 8902 8992 8903
f 8903 8992 8993
f 8903 8993 8889
f 8889 8993 8994
f 8889 8994 8888
f 8888 8994 8995
f 8888 8995 8886
f 8886 8995 8987
f 8908 8996 8897
f 8897 8996 8997
f 8897 8997 8898
f 8898 8997 8998
f 8898 8998 8878
f 8878 8998 8999
f 8878 8999 8877
f 8877 8999 9000
f 8877 9000 8875
f 8875 9000 9001
f 8875 9001 8901
f 8901 9001 9002
f 8901 9002 8904
f 8904 9002 9003
f 8904 9003 8907
f 8907 9003 9004
f 8907 9004 8908
f 8908 9004 8996
f 8880 9005 8896
f 8896 9005 9006
f 8896 9006 8895
f 8895 9006 9007
f 8895 9007 8899
f 8899 9007 9008
f 8899 9008 8900
f 8900 9008 9009
f 8900 9009 8873
f 8873 9009 9010
f 8873 9010 8874
f 8874 9010 9011
f 8874 9011 8876
f 8876 9011 9012
f 8876 9012 8879
f 8879 9012 9013
f 8879 9013 8880
f 8880 9013 9005
f 8941 8969 8940
f 8940 8969 8960
f 8940 8960 8951
f 8951 8960 8952
f 8952 8960 8968
f 8952 8968 8953
f 8953 8968 8967
f 8953 8967 8966
f 8939 9009 8941
f 8941 9009 9008
f 8941 9008 9007
f 8938 8973 8939
f 8939 8973 8983
f 8939 8983 8982
f 8940 8947 8938
f 8938 8947 8946
f 8938 8946 8956
f 8956 8946 8957
f 8957 8946 8945
f 8957 8945 8944
f 9013 8997 9005
f 9005 8997 8996
f 9005 8996 8941
f 8941 8996 8987
f 8941 8987 8978
f 8978 8987 8979
f 8979 8987 8995
f 8979 8995 8980
f 8980 8995 8994
f 8980 8994 8993
f 8997 9013 8998
f 8998 9013 9012
f 8998 9012 9011
f 9010 9000 9011
f 9011 9000 8999
f 9011 8999 8998
f 9000 9010 8939
f 8939 9010 9009
f 9007 9006 8941
f 8941 9006 9005
f 8987 8996 8988
f 8988 8996 9004
f 8988 9004 8989
f 8989 9004 9003
f 8989 9003 9002
f 9001 8991 9002
f 9002 8991 8990
f 9002 8990 8989
f 8991 9001 8939
f 8939 9001 9000
f 8992 8982 8993
f 8993 8982 8981
f 8993 8981 8980
f 8982 8992 8939
f 8939 8992 8991
f 8986 8970 8978
f 8978 8970 8969
f 8978 8969 8941
f 8970 8986 8971
f 8971 8986 8985
f 8971 8985 8984
f 8983 8973 8984
f 8984 8973 8972
f 8984 8972 8971
f 8960 8969 8961
f 8961 8969 8977
f 8961 8977 8962
f 8962 8977 8976
f 8962 8976 8975
f 8974 8964 8975
f 8975 8964 8963
f 8975 8963 8962
f 8964 8974 8938
f 8938 8974 8973
f 8965 8955 8966
f 8966 8955 8954
f 8966 8954 8953
f 8955 8965 8938
f 8938 8965 8964
f 8959 8943 8951
f 8951 8943 8942
f 8951 8942 8940
f 8940 8942 8950
f 8940 8950 8949
f 8943 8959 8944
f 8944 8959 8958
f 8944 8958 8957
f 8956 8955 8938
f 8949 8948 8940
f 8940 8948 8947
f 9014 9015 9016
f 9016 9015 9017
f 9017 9015 9018
f 9017 9018 9019
f 9019 9018 9020
f 9015 9021 9018
f 9018 9021 9022
f 9018 9022 9023
f 9024 9025 9015
f 9015 9025 9021
f 9026 9018 2860
f 9027 9018 9026
f 9018 9027 9028
f 2860 9018 9028
f 2909 9015 9029
f 9030 9015 2909
f 9031 9015 9030
f 9015 9031 9029
f 9014 9024 2827
f 2827 9024 9032
f 9015 9014 9033
f 9033 9014 2827
f 9034 9015 9033
f 9015 9034 9024
f 9024 9034 9032
f 9016 9025 2830
f 2830 9025 9035
f 9036 9014 2830
f 2830 9014 9016
f 9037 9024 9036
f 9036 9024 9014
f 9025 9024 9035
f 9035 9024 9037
f 9017 9021 2838
f 2838 9021 9038
f 9039 9016 2838
f 2838 9016 9017
f 9040 9025 9039
f 9039 9025 9016
f 9021 9025 9038
f 9038 9025 9040
f 9019 9022 2841
f 2841 9022 9041
f 9042 9017 2841
f 2841 9017 9019
f 9043 9021 9042
f 9042 9021 9017
f 9022 9021 9041
f 9041 9021 9043
f 9020 9023 2849
f 2849 9023 9044
f 9045 9019 2849
f 2849 9019 9020
f 9046 9022 9045
f 9045 9022 9019
f 9023 9022 9044
f 9044 9022 9046
f 2852 9018 9047
f 9048 9020 2852
f 2852 9020 9018
f 9049 9023 9048
f 9048 9023 9020
f 9018 9023 9047
f 9047 9023 9049
f 9050 9018 9051
f 9051 9018 9015
f 9052 9018 9050
f 9050 9028 9052
f 9052 9028 9027
f 9052 9027 9047
f 9047 9027 9026
f 9047 9026 2852
f 2852 9026 9050
f 2852 9050 9048
f 9048 9050 2849
f 9048 2849 9044
f 9051 2838 9050
f 9050 2838 9042
f 9050 9042 2841
f 9053 9030 9051
f 9051 9030 2909
f 9051 2909 9033
f 9033 2909 9029
f 9033 9029 9034
f 9034 9029 9053
f 9034 9053 9032
f 9032 9053 9037
f 9032 9037 9036
f 9052 9038 9053
f 9053 9038 9040
f 9053 9040 9035
f 9035 9040 9039
f 9035 9039 2830
f 2830 9039 9051
f 2830 9051 9036
f 9036 9051 2827
f 9036 2827 9032
f 9048 9044 9049
f 9049 9044 9052
f 9049 9052 9047
f 9045 9041 9046
f 9046 9041 9052
f 9046 9052 9044
f 2849 9050 9045
f 9045 9050 2841
f 9045 2841 9041
f 9042 9038 9043
f 9043 9038 9052
f 9043 9052 9041
f 9039 2838 9051
f 2838 9038 9042
f 9035 9037 9053
f 9033 2827 9051
f 9029 9031 9053
f 9053 9031 9030
f 9026 2860 9050
f 9050 2860 9028
f 9051 9015 9053
f 9015 9018 9053
f 9053 9018 9052
f 9054 9055 9056
f 9056 9055 9057
f 9056 9057 9058
f 9059 9060 9058
f 9060 9061 9058
f 9062 9056 9058
f 9063 9064 9058
f 9057 9065 9058
f 9066 9067 9065
f 9065 9067 9062
f 9065 9062 9058
f 9068 9069 9070
f 9070 9069 9071
f 9071 9069 9072
f 9072 9069 9073
f 9072 9073 9074
f 9074 9073 9075
f 9075 9073 9076
f 9076 9073 9077
f 9078 9079 9074
f 9074 9079 9072
f 9080 9081 9082
f 9082 9081 9083
f 9082 9083 9084
f 9084 9083 9085
f 9085 9083 9086
f 9084 9087 9082
f 9084 9085 9088
f 9088 9085 9089
f 9088 9089 9090
f 9090 9089 9091
f 9091 9089 9092
f 9090 9093 9088
f 9094 9095 9096
f 9096 9095 9097
f 9097 9095 9098
f 9098 9095 9099
f 9098 9099 9100
f 9100 9099 9101
f 9100 9101 9102
f 9099 9103 9101
f 9101 9103 9104
f 9101 9104 9105
f 9105 9104 9106
f 9105 9106 9107
f 9103 9108 9104
f 9109 9110 9105
f 9105 9110 9111
f 9105 9111 9101
f 9110 9112 9111
f 9111 9112 9113
f 9111 9113 9114
f 9113 9112 9115
f 9115 9112 9116
f 9115 9116 9117
f 9117 9116 9118
f 9116 9119 9118
f 9090 9091 9120
f 9120 9091 9121
f 9120 9121 9122
f 9120 9122 9123
f 9123 9122 9124
f 9123 9124 9125
f 9125 9124 9126
f 9125 9126 9127
f 9127 9126 9128
f 9127 9128 9129
f 9130 9131 9128
f 9128 9131 9132
f 9128 9132 9129
f 9129 9132 9133
f 9129 9133 9134
f 9134 9133 9135
f 9130 9136 9131
f 9131 9137 9132
f 9138 9139 9134
f 9134 9139 9129
f 9140 9099 9141
f 9140 9141 9142
f 9142 9141 9143
f 9143 9141 9144
f 9099 9145 9095
f 9095 9145 9146
f 9147 9148 9149
f 9149 9148 9095
f 9150 9112 9151
f 9150 9151 9152
f 9152 9151 9153
f 9153 9151 9154
f 9112 9155 9116
f 9116 9155 9156
f 9157 9158 9159
f 9159 9158 9116
f 9160 9161 9078
f 9078 9161 9079
f 9150 9162 9152
f 9152 9162 9163
f 9142 9164 9140
f 9140 9164 9165
f 9132 9166 9133
f 9133 9166 9167
f 9167 9166 9168
f 9167 9168 9169
f 9169 9168 9170
f 9169 9170 9171
f 9171 9170 9172
f 9171 9172 9173
f 9075 9174 9076
f 9076 9174 9164
f 9164 9174 9175
f 9164 9175 9165
f 9165 9175 9176
f 9071 9177 9070
f 9070 9177 9163
f 9163 9177 9178
f 9163 9178 9162
f 9162 9178 9179
f 9069 9180 9073
f 9181 9182 9164
f 9181 9164 9077
f 9077 9164 9076
f 9182 9143 9164
f 9164 9143 9142
f 9152 9153 9163
f 9163 9153 9183
f 9163 9183 9068
f 9068 9183 9184
f 9068 9070 9163
f 9094 9095 9185
f 9185 9095 9148
f 9185 9148 9186
f 9186 9187 9185
f 9119 9116 9188
f 9188 9116 9158
f 9188 9158 9189
f 9189 9190 9188
f 9080 9191 9081
f 9081 9191 9192
f 9139 9193 9129
f 9129 9193 9093
f 9129 9093 9090
f 9130 9194 9128
f 9128 9194 9092
f 9128 9092 9091
f 9089 9092 9195
f 9195 9092 9194
f 9195 9194 9196
f 9196 9197 9195
f 9088 9093 9198
f 9198 9093 9193
f 9198 9193 9199
f 9199 9200 9198
f 9201 9202 9203
f 9201 9203 9086
f 9086 9203 9204
f 9096 9089 9205
f 9205 9089 9206
f 9089 9195 9206
f 9086 9207 9201
f 9201 9207 9208
f 9209 9210 9211
f 9209 9211 9087
f 9087 9211 9212
f 9118 9088 9213
f 9213 9088 9214
f 9088 9198 9214
f 9087 9215 9209
f 9209 9215 9216
f 9217 9218 9219
f 9219 9218 9220
f 9221 9222 9223
f 9224 9225 9226
f 9227 9228 9229
f 9229 9230 9231
f 9231 9230 9232
f 9233 9234 9235
f 9236 9237 9238
f 9239 9240 9241
f 9241 9242 9239
f 9243 9242 9244
f 9245 9246 9247
f 9248 9249 9250
f 9251 9252 9253
f 9253 9252 9254
f 9255 9254 9256
f 9257 9258 9259
f 9260 9261 9262
f 9263 9264 9265
f 9265 9266 9263
f 9267 9266 9268
f 9269 9270 9271
f 9272 9273 9274
f 9275 9276 9277
f 9277 9276 9278
f 9279 9278 9280
f 9281 9282 9283
f 9284 9285 9286
f 9287 9288 9289
f 9289 9290 9291
f 9291 9290 9292
f 9293 9294 9295
f 9296 9297 9298
f 9299 9300 9301
f 9301 9302 9299
f 9303 9302 9304
f 9305 9306 9307
f 9308 9309 9310
f 9311 9312 9313
f 9313 9314 9315
f 9315 9314 9316
f 9317 9318 9319
f 9320 9321 9322
f 9323 9324 9325
f 9325 9324 9326
f 9327 9326 9328
f 9329 9330 9331
f 9332 9333 9334
f 9335 9336 9337
f 9337 9338 9335
f 9339 9338 9340
f 9341 9342 9343
f 9344 9345 9346
f 9347 9348 9349
f 9349 9348 9350
f 9351 9350 9352
f 9353 9354 9355
f 9356 9357 9358
f 9359 9360 9361
f 9361 9360 9362
f 9363 9362 9364
f 9365 9366 9367
f 9368 9369 9370
f 9371 9372 9373
f 9373 9374 9371
f 9375 9374 9376
f 9377 9378 9379
f 9380 9381 9382
f 9383 9384 9385
f 9385 9386 9383
f 9387 9386 9388
f 9389 9390 9391
f 9392 9393 9394
f 9395 9396 9397
f 9397 9396 9398
f 9399 9398 9400
f 9401 9402 9403
f 9404 9405 9406
f 9407 9408 9409
f 9409 9410 9411
f 9411 9410 9412
f 9413 9414 9415
f 9416 9417 9418
f 9419 9420 9421
f 9421 9422 9423
f 9423 9422 9424
f 9425 9426 9427
f 9428 9429 9430
f 9431 9432 9433
f 9433 9434 9435
f 9435 9434 9436
f 9437 9438 9439
f 9440 9441 9442
f 9443 9444 9445
f 9445 9446 9447
f 9447 9446 9448
f 9449 9450 9451
f 9452 9453 9454
f 9455 9456 9457
f 9458 9456 9459
f 9458 9459 9460
f 9461 9462 9463
f 9464 9465 9466
f 9467 9468 9469
f 9470 9468 9471
f 9470 9471 9472
f 9473 9474 9475
f 9476 9477 9478
f 9479 9480 9481
f 9482 9480 9483
f 9482 9483 9484
f 9485 9486 9487
f 9488 9489 9490
f 9491 9492 9493
f 9494 9492 9495
f 9494 9495 9496
f 9497 9498 9499
f 9500 9501 9502
f 9503 9504 9505
f 9506 9504 9507
f 9506 9507 9508
f 9509 9510 9511
f 9512 9513 9514
f 9515 9516 9517
f 9518 9516 9519
f 9518 9519 9520
f 9521 9522 9523
f 9524 9525 9526
f 9527 9528 9529
f 9527 9530 9528
f 9529 9531 9532
f 9533 9534 9535
f 9536 9537 9538
f 9539 9540 9541
f 9542 9540 9543
f 9542 9543 9544
f 9545 9546 9547
f 9548 9549 9550
f 9551 9552 9553
f 9551 9554 9552
f 9553 9555 9556
f 9557 9558 9559
f 9560 9561 9562
f 9563 9564 9565
f 9566 9564 9567
f 9566 9567 9568
f 9569 9570 9571
f 9572 9573 9574
f 9575 9576 9577
f 9578 9576 9579
f 9578 9579 9580
f 9581 9582 9583
f 9584 9585 9586
f 9587 9588 9589
f 9590 9588 9591
f 9590 9591 9592
f 9593 9594 9595
f 9596 9597 9598
f 9599 9600 9601
f 9602 9600 9603
f 9602 9603 9604
f 9605 9606 9607
f 9608 9609 9610
f 9611 9612 9613
f 9614 9612 9615
f 9614 9615 9616
f 9617 9618 9619
f 9620 9621 9622
f 9623 9624 9625
f 9626 9624 9627
f 9626 9627 9628
f 9629 9630 9631
f 9632 9633 9634
f 9635 9636 9637
f 9638 9636 9639
f 9638 9639 9640
f 9641 9642 9643
f 9644 9645 9646
f 9647 9648 9649
f 9647 9650 9648
f 9649 9651 9652
f 9653 9654 9655
f 9656 9657 9658
f 9659 9660 9661
f 9659 9662 9660
f 9661 9663 9664
f 9665 9666 9667
f 9668 9669 9670
f 9671 9672 9673
f 9674 9672 9675
f 9674 9675 9676
f 9677 9678 9679
f 9680 9681 9682
f 9683 9684 9685
f 9686 9687 9688
f 9686 9688 9689
f 9690 9691 9692
f 9693 9694 9695
f 9695 9694 9696
f 9697 9698 9699
f 9699 9698 9700
f 9183 9701 9105
f 9105 9701 9107
f 9182 9702 9104
f 9104 9702 9106
f 9177 9071 9703
f 9703 9071 9072
f 9703 9072 9704
f 9177 9703 9705
f 9706 9707 9708
f 9708 9707 9709
f 9710 9711 9712
f 9712 9711 9713
f 9098 9202 9714
f 9714 9202 9203
f 9115 9210 9715
f 9715 9210 9211
f 9074 9075 9716
f 9716 9075 9717
f 9716 9717 9718
f 9075 9174 9717
f 9717 9174 9719
f 9134 9200 9138
f 9138 9200 9199
f 9131 9197 9136
f 9136 9197 9196
f 9720 9147 9721
f 9721 9147 9722
f 9723 9186 9720
f 9720 9186 9148
f 9720 9148 9147
f 9147 9175 9722
f 9178 9724 9157
f 9157 9724 9725
f 9157 9725 9726
f 9727 9189 9726
f 9726 9189 9158
f 9726 9158 9157
f 9097 9098 9728
f 9728 9098 9714
f 9117 9115 9729
f 9729 9115 9715
f 9184 9217 9068
f 9068 9217 9730
f 9687 9077 9688
f 9687 9181 9077
f 9731 9083 9732
f 9732 9083 9086
f 9733 9082 9734
f 9734 9082 9087
f 9735 9207 9736
f 9736 9207 9737
f 9736 9737 9732
f 9732 9186 9187
f 9732 9187 9736
f 9190 9734 9738
f 9738 9734 9739
f 9738 9739 9215
f 9190 9189 9734
f 9215 9740 9738
f 9724 9741 9742
f 9742 9741 9743
f 9742 9743 9705
f 9211 9715 9212
f 9212 9715 9729
f 9203 9714 9204
f 9204 9714 9728
f 9744 9745 9734
f 9734 9745 9733
f 9746 9747 9732
f 9732 9747 9731
f 9696 9748 9695
f 9695 9748 9749
f 9712 9713 9750
f 9750 9713 9751
f 9694 9752 9693
f 9693 9752 9753
f 9710 9711 9754
f 9754 9711 9755
f 9698 9756 9697
f 9697 9756 9757
f 9758 9706 9759
f 9759 9706 9707
f 9700 9760 9699
f 9699 9760 9761
f 9762 9708 9763
f 9763 9708 9709
f 9736 9185 9096
f 9096 9185 9094
f 9738 9188 9118
f 9118 9188 9119
f 9722 9764 9765
f 9765 9764 9766
f 9765 9766 9719
f 9767 9108 9768
f 9768 9108 9103
f 9768 9103 9769
f 9770 9110 9771
f 9771 9110 9109
f 9771 9109 9772
f 9674 9676 9263
f 9263 9676 9264
f 9566 9568 9239
f 9239 9568 9240
f 9626 9628 9434
f 9434 9628 9436
f 9470 9472 9446
f 9446 9472 9448
f 9458 9460 9410
f 9410 9460 9412
f 9614 9616 9397
f 9397 9616 9395
f 9660 9662 9349
f 9349 9662 9347
f 9590 9592 9371
f 9371 9592 9372
f 9648 9650 9383
f 9383 9650 9384
f 9528 9530 9314
f 9314 9530 9316
f 9638 9640 9253
f 9253 9640 9251
f 9518 9520 9361
f 9361 9520 9359
f 9578 9580 9325
f 9325 9580 9323
f 9602 9604 9290
f 9290 9604 9292
f 9552 9554 9277
f 9277 9554 9275
f 9494 9496 9335
f 9335 9496 9336
f 9506 9508 9299
f 9299 9508 9300
f 9686 9689 9230
f 9230 9689 9232
f 9542 9544 9218
f 9218 9544 9220
f 9482 9484 9422
f 9422 9484 9424
f 9192 9747 9731
f 9192 9731 9083
f 9191 9745 9733
f 9191 9733 9082
f 9711 9755 9713
f 9713 9755 9751
f 9707 9759 9709
f 9709 9759 9763
f 9160 9773 9078
f 9078 9773 9074
f 9774 9775 9776
f 9776 9775 9777
f 9778 9779 9780
f 9780 9779 9781
f 9782 9783 9784
f 9784 9783 9785
f 9786 9787 9788
f 9788 9787 9789
f 9790 9791 9792
f 9792 9791 9793
f 9794 9795 9796
f 9796 9795 9797
f 9798 9799 9800
f 9800 9799 9801
f 9802 9803 9804
f 9804 9803 9805
f 9806 9807 9808
f 9808 9807 9809
f 9810 9811 9812
f 9812 9811 9813
f 9814 9209 9815
f 9815 9209 9213
f 9816 9718 9817
f 9817 9718 9818
f 9819 9815 9820
f 9820 9815 9814
f 9821 9173 9135
f 9725 9822 9823
f 9823 9822 9824
f 9825 9826 9827
f 9827 9826 9828
f 9827 9828 9829
f 9830 9831 9829
f 9831 9832 9829
f 9833 9827 9829
f 9834 9835 9829
f 9828 9836 9829
f 9837 9838 9836
f 9836 9838 9833
f 9836 9833 9829
f 9839 9840 9841
f 9841 9840 9842
f 9841 9842 9843
f 9843 9842 9844
f 9841 9843 9845
f 9845 9843 9846
f 9845 9846 9847
f 9847 9846 9848
f 9848 9846 9849
f 9847 9850 9845
f 9847 9848 9851
f 9851 9848 9852
f 9851 9852 9853
f 9851 9853 9854
f 9854 9853 9855
f 9854 9855 9856
f 9857 9858 9855
f 9855 9858 9859
f 9855 9859 9856
f 9856 9859 9860
f 9856 9860 9861
f 9861 9860 9862
f 9857 9863 9858
f 9858 9864 9859
f 9865 9866 9861
f 9861 9866 9856
f 9861 9867 9865
f 9865 9867 9868
f 9869 9870 9862
f 9859 9871 9860
f 9860 9871 9872
f 9872 9871 9873
f 9872 9873 9874
f 9874 9873 9869
f 9869 9873 9875
f 9876 9875 9864
f 9877 9858 9863
f 9863 9878 9877
f 9846 9879 9849
f 9849 9879 9880
f 9880 9879 9878
f 9878 9879 9877
f 9857 9855 9880
f 9880 9855 9849
f 9849 9855 9848
f 9866 9881 9856
f 9856 9881 9850
f 9856 9850 9847
f 9845 9850 9882
f 9882 9850 9881
f 9882 9881 9868
f 9868 9867 9882
f 9839 9841 9883
f 9883 9841 9884
f 9884 9841 9845
f 9884 9845 9882
f 9882 9885 9884
f 9883 9886 9839
f 9839 9886 9887
f 9884 9886 9883
f 9884 9887 9886
f 9888 9889 9890
f 9891 9889 9892
f 9891 9892 9893
f 9894 9895 9896
f 9897 9888 9890
f 9889 9898 9899
f 9899 9898 9900
f 9888 9897 9889
f 9901 9902 9903
f 9904 9905 9906
f 9907 9905 9908
f 9907 9908 9909
f 9910 9911 9912
f 9913 9904 9906
f 9905 9914 9915
f 9915 9914 9916
f 9904 9913 9905
f 9917 9918 9919
f 9920 9921 9922
f 9922 9921 9923
f 9924 9923 9921
f 9924 9921 9925
f 9926 9927 9928
f 9928 9927 9929
f 9922 9930 9920
f 9920 9930 9931
f 9932 9933 9934
f 9934 9935 9932
f 9928 9929 9934
f 9934 9929 9935
f 9926 9928 9933
f 9933 9928 9934
f 9936 9923 9937
f 9938 9939 9940
f 9941 9939 9942
f 9942 9939 9943
f 9944 9939 9941
f 9944 9941 9945
f 9946 9947 9948
f 9948 9949 9946
f 9943 9950 9942
f 9942 9950 9951
f 9952 9953 9954
f 9954 9953 9955
f 9943 9939 9956
f 9949 9948 9955
f 9955 9948 9954
f 9946 9949 9953
f 9953 9949 9955
f 9957 9958 9959
f 9959 9960 9961
f 9958 9957 9962
f 9957 9959 9962
f 9963 9964 9965
f 9965 9966 9967
f 9964 9963 9968
f 9963 9965 9968
f 9969 9970 9971
f 9972 9970 9973
f 9972 9973 9974
f 9975 9976 9977
f 9978 9969 9971
f 9970 9979 9980
f 9980 9979 9981
f 9969 9978 9970
f 9982 9983 9984
f 9985 9986 9987
f 9988 9986 9989
f 9988 9989 9990
f 9991 9992 9993
f 9994 9985 9987
f 9986 9995 9996
f 9996 9995 9997
f 9985 9994 9986
f 9998 9999 10000
f 10001 10002 10003
f 10004 10005 10006
f 10003 10002 10007
f 10008 10009 10007
f 10010 10009 10008
f 10007 10011 10012
f 10012 10011 10013
f 10009 10010 10007
f 10014 10015 10016
f 10017 10018 10019
f 10019 10020 10021
f 10018 10017 10022
f 10017 10019 10022
f 10023 10024 10025
f 10025 10026 10027
f 10027 10026 10028
f 10029 10030 10031
f 10032 10033 10034
f 10035 10036 10026
f 10026 10036 10028
f 10037 10038 10039
f 10040 10041 10042
f 10043 10044 10035
f 10035 10044 10036
f 10043 10045 10044
f 10043 10046 10045
f 10046 10047 10045
f 10045 10047 10048
f 10045 10048 10049
f 10047 10050 10048
f 10048 10050 10051
f 10052 10053 10054
f 10052 10055 10053
f 10056 10057 10054
f 10058 10059 10060
f 10061 10062 10063
f 10053 10055 10064
f 10064 10055 10065
f 10065 10066 10064
f 10064 10066 10067
f 10068 10069 10070
f 10071 10072 10073
f 10074 10067 10075
f 10075 10067 10066
f 10076 10077 10078
f 10078 10077 10079
f 10078 10079 10074
f 10074 10075 10078
f 10078 10075 10080
f 10081 10082 10083
f 10083 10082 10084
f 10082 10085 10084
f 10084 10085 10086
f 10086 10087 10084
f 10084 10087 10083
f 10088 10089 9846
f 9846 10089 9879
f 10090 10091 10092
f 10092 10091 10086
f 10092 10086 10085
f 10091 9844 10086
f 10086 9844 10087
f 10088 9846 10093
f 9844 10094 10087
f 10087 10094 10095
f 10087 10095 10096
f 10097 10098 10099
f 10099 10098 10100
f 10099 10100 10101
f 10102 10103 10095
f 10095 10103 10096
f 10104 10105 10106
f 10102 10095 10106
f 10106 10095 10107
f 10107 10095 10094
f 10108 10109 10110
f 10096 10109 10111
f 10096 10111 10112
f 10113 10091 10112
f 10112 10091 10087
f 10112 10087 10096
f 10112 10114 10113
f 10113 10114 10115
f 10113 10115 10093
f 10098 10116 10117
f 10117 10118 10119
f 10119 10120 10117
f 10121 10100 10117
f 10117 10100 10098
f 10122 10116 10097
f 10097 10116 10098
f 10123 10124 10125
f 10099 10126 10097
f 10097 10126 10127
f 10097 10127 10125
f 10099 10128 10126
f 10126 10128 10129
f 10126 10129 10130
f 10130 10129 10131
f 10131 10129 10132
f 10133 10134 10135
f 10135 10134 10136
f 10137 10133 10138
f 10138 10133 10135
f 10139 10140 10141
f 10141 10140 10142
f 10141 10092 10139
f 10139 10092 10088
f 10143 10108 10144
f 10144 10108 10105
f 10144 10105 10104
f 10108 10110 10105
f 10105 10110 10145
f 10145 10110 10102
f 10102 10110 10103
f 10146 10147 10148
f 10148 10147 10149
f 10148 10149 10150
f 10143 10144 10150
f 10150 10144 10151
f 10150 10151 10148
f 10115 10114 10152
f 10152 10114 10153
f 10153 10114 10109
f 10109 10114 10111
f 10154 10119 10123
f 10154 10123 10155
f 10119 10118 10123
f 10123 10118 10124
f 10124 10118 10116
f 10124 10116 10122
f 10155 10156 10154
f 10154 10156 10157
f 10157 10156 10158
f 10158 10156 10159
f 10158 10159 10160
f 10160 10161 10158
f 10131 10162 10130
f 10130 10162 10163
f 10130 10163 10125
f 10125 10127 10130
f 10115 10152 10093
f 10093 10152 10081
f 10081 10152 10082
f 10082 10152 10164
f 10082 10164 10165
f 10165 10164 10166
f 10165 10166 10167
f 10164 9938 10166
f 10166 9938 10168
f 10166 10168 10169
f 10169 10168 10170
f 10169 10170 9936
f 9936 10170 9937
f 9938 9940 10168
f 10168 10171 10170
f 10170 10171 10172
f 9936 10173 10169
f 10169 10173 10174
f 10169 10174 10175
f 10174 10173 10176
f 10176 10173 10162
f 10176 10162 10177
f 10177 10162 10132
f 10162 10131 10132
f 10178 10179 10180
f 10180 10179 10181
f 10182 10152 10183
f 10183 10152 10153
f 10183 10153 10184
f 10182 10185 10152
f 10152 10185 10164
f 10164 10185 10186
f 10164 10186 10187
f 10164 10188 10189
f 10189 10188 10051
f 10189 10051 10050
f 10050 10190 10189
f 10191 10192 10193
f 10193 10192 10194
f 10195 10173 10196
f 10195 10196 10076
f 10076 10196 10077
f 10077 10196 10197
f 10198 10199 10173
f 10173 10199 10200
f 10173 10200 10162
f 10162 10200 10201
f 10162 10201 10202
f 10203 10163 10202
f 10202 10163 10162
f 10109 10108 10153
f 10153 10108 10181
f 10153 10181 10184
f 10184 10181 10179
f 10184 10179 10204
f 10205 10188 10206
f 10206 10188 10187
f 10206 10187 10186
f 10206 10186 10207
f 10207 10186 10185
f 10207 10185 10208
f 10208 10185 10182
f 10208 10182 10209
f 10209 10182 10183
f 10209 10183 10210
f 10048 10051 10205
f 10205 10051 10188
f 10179 10178 10211
f 10211 10178 10212
f 10211 10212 10213
f 10104 10106 10214
f 10117 10215 10216
f 10217 10218 10106
f 10219 10117 10120
f 10163 10203 10191
f 10191 10203 10220
f 10191 10123 10163
f 10163 10123 10125
f 10202 10201 10221
f 10221 10201 10222
f 10222 10201 10200
f 10222 10200 10223
f 10223 10200 10199
f 10223 10199 10224
f 10224 10199 10198
f 10224 10198 10225
f 10225 10198 10226
f 10226 10198 10195
f 10226 10195 10078
f 10078 10195 10076
f 10192 10227 10194
f 10194 10227 10228
f 10228 10227 10229
f 10230 10231 10232
f 10233 10049 10234
f 10234 10049 10048
f 10234 10048 10204
f 10204 10048 10205
f 10204 10205 10210
f 10235 10233 10214
f 10214 10233 10236
f 10214 10236 10104
f 10233 10234 10236
f 10236 10234 10213
f 10106 10237 10214
f 10214 10237 10235
f 10238 10239 10240
f 10238 10240 10237
f 10237 10240 10241
f 10241 10240 10242
f 10241 10242 10243
f 10243 10244 10241
f 10244 10215 10241
f 10241 10215 10117
f 10106 10218 10237
f 10237 10218 10245
f 10237 10245 10246
f 10246 10247 10237
f 10237 10247 10238
f 10117 10219 10241
f 10241 10219 10248
f 10248 10219 10249
f 10249 10219 10250
f 10249 10250 10251
f 10251 10250 10229
f 10219 10120 10250
f 10249 10251 10080
f 10080 10251 10078
f 10078 10251 10220
f 10078 10220 10226
f 10226 10220 10221
f 10075 10230 10080
f 10080 10230 10249
f 10249 10230 10248
f 10248 10230 10232
f 10248 10232 10235
f 10235 10232 10233
f 10233 10232 10049
f 10049 10232 10045
f 10237 10241 10235
f 10235 10241 10248
f 10252 10253 10254
f 10254 10253 10255
f 10256 10257 10258
f 10258 10257 10259
f 10260 10261 10262
f 10262 10261 10263
f 10264 10265 10266
f 10266 10265 10267
f 10268 10269 10270
f 10270 10269 10271
f 10270 10271 10272
f 10273 10274 10272
f 10274 10275 10272
f 10276 10270 10272
f 10277 10278 10272
f 10271 10279 10272
f 10280 10281 10279
f 10279 10281 10276
f 10279 10276 10272
f 10282 10283 10284
f 10284 10283 10285
f 10284 10285 10286
f 10287 10288 10286
f 10288 10289 10286
f 10290 10284 10286
f 10291 10292 10286
f 10285 10293 10286
f 10294 10295 10293
f 10293 10295 10290
f 10293 10290 10286
f 10296 10297 10298
f 10298 10297 10299
f 10298 10299 10300
f 10301 10302 10300
f 10302 10303 10300
f 10304 10298 10300
f 10305 10306 10300
f 10299 10307 10300
f 10308 10309 10307
f 10307 10309 10304
f 10307 10304 10300
f 10310 10311 10312
f 10312 10311 10313
f 10312 10313 10314
f 10315 10316 10314
f 10316 10317 10314
f 10318 10312 10314
f 10319 10320 10314
f 10313 10321 10314
f 10322 10323 10321
f 10321 10323 10318
f 10321 10318 10314
f 10324 10325 10326
f 10326 10325 10327
f 10326 10327 10328
f 10329 10330 10328
f 10330 10331 10328
f 10332 10326 10328
f 10333 10334 10328
f 10327 10335 10328
f 10336 10337 10335
f 10335 10337 10332
f 10335 10332 10328
f 10338 10339 10340
f 10340 10339 10341
f 10340 10341 10342
f 10343 10344 10342
f 10344 10345 10342
f 10346 10340 10342
f 10347 10348 10342
f 10341 10349 10342
f 10350 10351 10349
f 10349 10351 10346
f 10349 10346 10342
f 10352 10353 10354
f 10354 10353 10355
f 10354 10355 10356
f 10356 10355 10357
f 10356 10357 10358
f 10358 10357 10359
f 10358 10359 10360
f 10360 10359 10361
f 10360 10361 10362
f 10362 10361 10363
f 10362 10363 10364
f 10364 10363 10365
f 10364 10365 10366
f 10366 10365 10367
f 10367 10365 10368
f 10367 10368 10369
f 10369 10368 10370
f 10369 10370 10371
f 10371 10370 10372
f 10371 10372 10373
f 10373 10372 10374
f 10373 10374 10352
f 10352 10374 10353
f 10363 10375 10365
f 10365 10375 10376
f 10365 10376 10368
f 10368 10376 10377
f 10368 10377 10370
f 10370 10377 10378
f 10370 10378 10372
f 10372 10378 10379
f 10372 10379 10374
f 10374 10379 10380
f 10374 10380 10353
f 10353 10380 10381
f 10353 10381 10355
f 10355 10381 10382
f 10355 10382 10357
f 10357 10382 10383
f 10357 10383 10359
f 10359 10383 10384
f 10359 10384 10361
f 10361 10384 10385
f 10361 10385 10363
f 10363 10385 10375
f 10386 10352 10387
f 10387 10352 10354
f 10387 10354 10388
f 10388 10354 10356
f 10388 10356 10389
f 10389 10356 10358
f 10389 10358 10390
f 10390 10358 10360
f 10390 10360 10391
f 10391 10360 10362
f 10391 10362 10392
f 10392 10362 10364
f 10392 10364 10393
f 10393 10364 10366
f 10393 10366 10394
f 10394 10366 10367
f 10394 10367 10395
f 10395 10367 10369
f 10395 10369 10396
f 10396 10369 10371
f 10396 10371 10397
f 10397 10371 10373
f 10397 10373 10386
f 10386 10373 10352
f 10398 10381 10399
f 10399 10381 10380
f 10399 10380 10400
f 10400 10380 10379
f 10400 10379 10401
f 10401 10379 10378
f 10401 10378 10402
f 10402 10378 10377
f 10402 10377 10403
f 10403 10377 10376
f 10403 10376 10404
f 10404 10376 10375
f 10404 10375 10405
f 10405 10375 10406
f 10406 10375 10385
f 10406 10385 10407
f 10407 10385 10384
f 10407 10384 10408
f 10408 10384 10383
f 10408 10383 10409
f 10409 10383 10382
f 10409 10382 10398
f 10398 10382 10381
f 10410 10411 10387
f 10387 10411 10412
f 10387 10412 10386
f 10386 10412 10413
f 10386 10413 10397
f 10397 10413 10414
f 10397 10414 10396
f 10396 10414 10415
f 10396 10415 10395
f 10395 10415 10416
f 10395 10416 10394
f 10394 10416 10417
f 10394 10417 10393
f 10393 10417 10418
f 10393 10418 10419
f 10393 10419 10392
f 10392 10419 10420
f 10392 10420 10391
f 10391 10420 10421
f 10391 10421 10390
f 10390 10421 10422
f 10390 10422 10389
f 10389 10422 10423
f 10389 10423 10388
f 10388 10423 10410
f 10388 10410 10387
f 10424 10398 10425
f 10425 10398 10399
f 10425 10399 10426
f 10426 10399 10400
f 10426 10400 10427
f 10427 10400 10401
f 10427 10401 10428
f 10428 10401 10402
f 10428 10402 10429
f 10429 10402 10403
f 10429 10403 10430
f 10430 10403 10404
f 10430 10404 10431
f 10431 10404 10405
f 10431 10405 10432
f 10432 10405 10406
f 10432 10406 10433
f 10433 10406 10407
f 10433 10407 10434
f 10434 10407 10408
f 10434 10408 10435
f 10435 10408 10409
f 10435 10409 10424
f 10424 10409 10398
f 10410 10436 10411
f 10411 10436 10437
f 10411 10437 10412
f 10412 10437 10438
f 10412 10438 10413
f 10413 10438 10439
f 10413 10439 10414
f 10414 10439 10440
f 10414 10440 10415
f 10415 10440 10441
f 10415 10441 10416
f 10416 10441 10442
f 10416 10442 10417
f 10417 10442 10443
f 10417 10443 10418
f 10418 10443 10444
f 10418 10444 10419
f 10419 10444 10445
f 10419 10445 10420
f 10420 10445 10446
f 10420 10446 10421
f 10421 10446 10447
f 10421 10447 10422
f 10422 10447 10448
f 10422 10448 10423
f 10423 10448 10449
f 10423 10449 10410
f 10410 10449 10436
f 10450 10451 10425
f 10425 10451 10452
f 10425 10452 10424
f 10424 10452 10453
f 10424 10453 10435
f 10435 10453 10454
f 10435 10454 10434
f 10434 10454 10455
f 10434 10455 10433
f 10433 10455 10456
f 10433 10456 10432
f 10432 10456 10457
f 10432 10457 10431
f 10431 10457 10458
f 10431 10458 10459
f 10431 10459 10430
f 10430 10459 10460
f 10430 10460 10429
f 10429 10460 10461
f 10429 10461 10428
f 10428 10461 10462
f 10428 10462 10427
f 10427 10462 10463
f 10427 10463 10426
f 10426 10463 10450
f 10426 10450 10425
f 10464 10465 10444
f 10444 10465 10466
f 10444 10466 10445
f 10445 10466 10467
f 10445 10467 10446
f 10446 10467 10468
f 10446 10468 10447
f 10447 10468 10469
f 10447 10469 10448
f 10448 10469 10470
f 10448 10470 10449
f 10449 10470 10471
f 10449 10471 10436
f 10436 10471 10472
f 10436 10472 10437
f 10437 10472 10473
f 10437 10473 10438
f 10438 10473 10474
f 10438 10474 10439
f 10439 10474 10475
f 10439 10475 10440
f 10440 10475 10476
f 10440 10476 10441
f 10441 10476 10477
f 10441 10477 10442
f 10442 10477 10478
f 10442 10478 10443
f 10443 10478 10464
f 10443 10464 10444
f 10450 10479 10451
f 10451 10479 10480
f 10451 10480 10452
f 10452 10480 10481
f 10452 10481 10453
f 10453 10481 10482
f 10453 10482 10454
f 10454 10482 10483
f 10454 10483 10455
f 10455 10483 10484
f 10455 10484 10456
f 10456 10484 10485
f 10456 10485 10457
f 10457 10485 10486
f 10457 10486 10458
f 10458 10486 10487
f 10458 10487 10459
f 10459 10487 10488
f 10459 10488 10460
f 10460 10488 10489
f 10460 10489 10461
f 10461 10489 10490
f 10461 10490 10462
f 10462 10490 10491
f 10462 10491 10463
f 10463 10491 10492
f 10463 10492 10450
f 10450 10492 10479
f 10493 10465 10494
f 10494 10465 10464
f 10494 10464 10495
f 10495 10464 10478
f 10495 10478 10496
f 10496 10478 10477
f 10496 10477 10497
f 10497 10477 10476
f 10497 10476 10498
f 10498 10476 10475
f 10498 10475 10499
f 10499 10475 10474
f 10499 10474 10500
f 10500 10474 10473
f 10500 10473 10501
f 10501 10473 10472
f 10501 10472 10502
f 10502 10472 10471
f 10502 10471 10503
f 10503 10471 10470
f 10503 10470 10504
f 10504 10470 10469
f 10504 10469 10505
f 10505 10469 10468
f 10505 10468 10506
f 10506 10468 10467
f 10506 10467 10507
f 10507 10467 10466
f 10507 10466 10493
f 10493 10466 10465
f 10508 10488 10509
f 10509 10488 10487
f 10509 10487 10486
f 10488 10508 10489
f 10489 10508 10510
f 10489 10510 10490
f 10490 10510 10511
f 10490 10511 10512
f 10490 10512 10491
f 10491 10512 10513
f 10491 10513 10492
f 10492 10513 10514
f 10492 10514 10479
f 10479 10514 10515
f 10479 10515 10480
f 10480 10515 10481
f 10481 10515 10516
f 10481 10516 10482
f 10482 10516 10517
f 10482 10517 10483
f 10483 10517 10518
f 10483 10518 10519
f 10483 10519 10484
f 10484 10519 10520
f 10484 10520 10485
f 10485 10520 10521
f 10485 10521 10486
f 10486 10521 10509
f 10493 10494 4952
f 4952 10494 10495
f 4952 10495 10522
f 10522 10495 10496
f 10522 10496 5012
f 5012 10496 10497
f 5012 10497 10523
f 10523 10497 10498
f 10523 10498 5002
f 5002 10498 10499
f 5002 10499 10524
f 10524 10499 10500
f 10524 10500 4992
f 4992 10500 10501
f 4992 10501 10525
f 10525 10501 10502
f 10525 10502 4982
f 4982 10502 10503
f 4982 10503 10526
f 10526 10503 10504
f 10526 10504 4972
f 4972 10504 10505
f 4972 10505 10527
f 10527 10505 10506
f 10527 10506 4962
f 4962 10506 10507
f 4962 10507 10528
f 10528 10507 10493
f 10528 10493 4952
f 10521 10528 10509
f 10509 10528 4952
f 10509 4952 10508
f 10508 4952 10522
f 10508 10522 10510
f 10510 10522 5012
f 10510 5012 10511
f 10511 5012 10523
f 10511 10523 10512
f 10512 10523 5002
f 10512 5002 10513
f 10513 5002 10524
f 10513 10524 10514
f 10514 10524 4992
f 10514 4992 10515
f 10515 4992 10525
f 10515 10525 10516
f 10516 10525 4982
f 10516 4982 10517
f 10517 4982 10526
f 10517 10526 10518
f 10518 10526 4972
f 10518 4972 10519
f 10519 4972 10527
f 10519 10527 10520
f 10520 10527 4962
f 10520 4962 10521
f 10521 4962 10528
f 10529 10530 10531
f 10531 10530 10532
f 10531 10532 10533
f 10534 10535 10529
f 10529 10535 10536
f 10529 10536 10537
f 10537 10536 10538
f 10537 10538 10539
f 5109 10540 10534
f 10534 10540 10541
f 10534 10541 10535
f 5107 10542 5109
f 5109 10542 10543
f 5109 10543 10540
f 10531 10533 5107
f 5107 10533 10544
f 5107 10544 10545
f 10546 10547 10548
f 10548 10547 10549
f 10548 10549 10550
f 10550 10549 10551
f 10550 10551 10552
f 10542 10553 10546
f 10546 10553 10554
f 10546 10554 10547
f 10538 10536 10552
f 10552 10536 10550
f 5107 10545 10542
f 10542 10545 10555
f 10542 10555 10556
f 10556 10555 10557
f 10557 10555 10558
f 10557 10558 10559
f 10559 10558 10560
f 10559 10560 10539
f 10539 10560 10537
f 10537 10530 10529
f 10561 10562 10563
f 10563 10562 10564
f 10563 10564 10565
f 10565 10564 10566
f 10565 10566 10552
f 10552 10566 10538
f 10562 10561 10567
f 10567 10561 10553
f 10567 10553 10556
f 10556 10553 10542
f 10568 10569 10570
f 10570 10569 10571
f 10570 10571 10534
f 10534 10529 10570
f 10572 10573 10574
f 10574 10573 10531
f 10574 10531 5107
f 10574 5107 10568
f 10568 5107 5069
f 10568 5069 10569
f 10574 10575 10572
f 10571 5077 10534
f 10534 5077 5109
f 5077 5069 5109
f 5109 5069 5107
f 10575 10576 10572
f 10572 10576 10577
f 10577 10576 10578
f 10578 10576 10579
f 10578 10579 10580
f 10580 10579 10581
f 10570 10529 10582
f 10582 10529 10583
f 10582 10583 10584
f 10584 10583 10585
f 10584 10585 10586
f 10586 10585 10587
f 10569 10588 10571
f 10571 10588 10589
f 10571 10589 10590
f 10590 10589 10591
f 10590 10591 10592
f 10592 10591 10593
f 10592 10593 10594
f 10594 10593 10595
f 10594 10595 10596
f 10596 10595 10597
f 10596 10597 5077
f 5077 10597 10598
f 5077 10598 5069
f 5069 10598 10599
f 5069 10599 10600
f 10600 10599 10601
f 10601 10599 10602
f 10601 10602 4886
f 4886 10602 10603
f 4886 10603 10604
f 10604 10603 10605
f 10604 10605 10606
f 10606 10605 10569
f 10606 10569 10607
f 10607 10569 10608
f 10608 10569 10609
f 10609 10569 5069
f 10609 5069 10610
f 10610 5069 10600
f 10571 4918 5077
f 5077 4918 10611
f 5077 10611 10612
f 10612 10596 5077
f 10590 10613 10571
f 10571 10613 10614
f 10571 10614 4918
f 10597 10615 10598
f 10598 10615 10616
f 10616 10615 10617
f 10616 10617 10618
f 10618 10617 10619
f 10618 10619 10620
f 10620 10619 10621
f 10620 10621 10588
f 10588 10621 10589
f 10605 10588 10569
f 10573 10622 10587
f 10587 10622 10623
f 10587 10623 10624
f 10624 10623 10625
f 10624 10625 10626
f 10622 10573 10627
f 10627 10573 10572
f 10627 10572 10628
f 10628 10572 10580
f 10628 10580 10629
f 10577 10578 10572
f 10572 10578 10580
f 10628 10629 10630
f 10630 10629 10631
f 10630 10631 10632
f 10632 10631 10633
f 10632 10633 10634
f 10634 10633 10635
f 10634 10635 10626
f 10626 10635 10636
f 10626 10636 10637
f 10637 10624 10626
f 10573 10587 10531
f 10531 10587 10585
f 10531 10585 10583
f 10583 10529 10531
f 10581 10638 10580
f 10580 10638 10629
f 10638 10639 10629
f 10629 10639 10640
f 10629 10640 10641
f 10642 10643 10641
f 10641 10643 10631
f 10641 10631 10629
f 10643 10644 10631
f 10631 10644 10645
f 10631 10645 10646
f 10644 10647 10645
f 10631 10646 10633
f 10633 10646 10648
f 10633 10648 10635
f 10635 10648 10649
f 10635 10649 10650
f 10650 10651 10635
f 10647 10652 10645
f 10645 10652 10653
f 10653 10652 10654
f 10653 10654 10655
f 10655 10654 10656
f 10655 10656 10657
f 10657 10656 10658
f 10657 10658 10659
f 10659 10658 10660
f 10659 10660 10661
f 10661 10660 10662
f 10661 10662 10663
f 10663 10662 10664
f 10663 10664 10665
f 10665 10664 10666
f 10665 10666 10667
f 10667 10666 10668
f 10667 10668 10649
f 10648 10669 10649
f 10649 10669 10670
f 10649 10670 10667
f 10667 10670 10671
f 10667 10671 10665
f 10665 10671 10663
f 10663 10671 10672
f 10663 10672 10661
f 10661 10672 10673
f 10661 10673 10659
f 10659 10673 10674
f 10659 10674 10657
f 10657 10674 10675
f 10657 10675 10655
f 10655 10675 10676
f 10655 10676 10653
f 10653 10676 10645
f 10645 10676 10677
f 10645 10677 10646
f 10646 10677 10648
f 10648 10677 10669
f 10669 10678 10670
f 10670 10678 10679
f 10670 10679 10671
f 10671 10679 10680
f 10671 10680 10672
f 10672 10680 10681
f 10672 10681 10673
f 10673 10681 10682
f 10673 10682 10674
f 10674 10682 10683
f 10674 10683 10675
f 10675 10683 10684
f 10675 10684 10676
f 10676 10684 10685
f 10676 10685 10677
f 10677 10685 10686
f 10677 10686 10669
f 10669 10686 10678
f 10687 10688 10689
f 10689 10688 10690
f 10689 10690 10691
f 10691 10690 10692
f 10691 10692 10693
f 10693 10692 10694
f 10693 10694 10695
f 10695 10694 10696
f 10695 10696 10697
f 10697 10696 10698
f 10697 10698 10699
f 10699 10698 10700
f 10699 10700 10701
f 10701 10700 10702
f 10701 10702 10703
f 10703 10702 10704
f 10703 10704 10687
f 10687 10704 10688
f 10705 10689 10706
f 10706 10689 10691
f 10706 10691 10707
f 10707 10691 10693
f 10707 10693 10708
f 10708 10693 10695
f 10708 10695 10709
f 10709 10695 10697
f 10709 10697 10710
f 10710 10697 10699
f 10710 10699 10711
f 10711 10699 10701
f 10711 10701 10712
f 10712 10701 10703
f 10712 10703 10713
f 10713 10703 10687
f 10713 10687 10705
f 10705 10687 10689
f 10679 10678 10706
f 10706 10678 10686
f 10706 10686 10705
f 10705 10686 10685
f 10705 10685 10713
f 10713 10685 10712
f 10712 10685 10684
f 10712 10684 10711
f 10711 10684 10683
f 10711 10683 10682
f 10711 10682 10710
f 10710 10682 10681
f 10710 10681 10709
f 10709 10681 10680
f 10709 10680 10708
f 10708 10680 10707
f 10707 10680 10679
f 10707 10679 10706
f 10620 10564 10618
f 10618 10564 10562
f 10618 10562 10616
f 10616 10562 10567
f 10616 10567 10598
f 10598 10567 10556
f 10598 10556 10599
f 10599 10556 10557
f 10599 10557 10602
f 10602 10557 10559
f 10602 10559 10603
f 10603 10559 10539
f 10603 10539 10605
f 10605 10539 10538
f 10605 10538 10588
f 10588 10538 10566
f 10588 10566 10620
f 10620 10566 10564
f 10591 10549 10593
f 10593 10549 10547
f 10593 10547 10595
f 10595 10547 10554
f 10595 10554 10597
f 10597 10554 10553
f 10597 10553 10615
f 10615 10553 10561
f 10615 10561 10617
f 10617 10561 10563
f 10617 10563 10619
f 10619 10563 10565
f 10619 10565 10621
f 10621 10565 10552
f 10621 10552 10589
f 10589 10552 10551
f 10589 10551 10591
f 10591 10551 10549
f 10634 10704 10632
f 10632 10704 10702
f 10632 10702 10630
f 10630 10702 10700
f 10630 10700 10628
f 10628 10700 10698
f 10628 10698 10627
f 10627 10698 10696
f 10627 10696 10622
f 10622 10696 10694
f 10622 10694 10623
f 10623 10694 10692
f 10623 10692 10690
f 10704 10634 10688
f 10688 10634 10626
f 10688 10626 10625
f 10688 10625 10690
f 10690 10625 10623
f 10604 10714 4886
f 4886 10714 10715
f 4886 10715 10601
f 10601 10715 10716
f 10601 10716 10600
f 10600 10716 10717
f 10600 10717 10610
f 10610 10717 10718
f 10610 10718 10609
f 10609 10718 10719
f 10609 10719 10608
f 10608 10719 10720
f 10608 10720 10607
f 10607 10720 10721
f 10607 10721 10606
f 10606 10721 10722
f 10606 10722 10604
f 10604 10722 10714
f 10723 10724 10719
f 10719 10724 10725
f 10719 10725 10720
f 10720 10725 10726
f 10720 10726 10721
f 10721 10726 10722
f 10722 10726 10727
f 10722 10727 10714
f 10714 10727 10728
f 10714 10728 10729
f 10714 10729 10715
f 10715 10729 10730
f 10715 10730 10716
f 10716 10730 10731
f 10716 10731 10717
f 10717 10731 10718
f 10718 10731 10723
f 10718 10723 10719
f 10723 10533 10724
f 10724 10533 10532
f 10724 10532 10725
f 10725 10532 10530
f 10725 10530 10726
f 10726 10530 10537
f 10726 10537 10727
f 10727 10537 10560
f 10727 10560 10728
f 10728 10560 10558
f 10728 10558 10729
f 10729 10558 10555
f 10729 10555 10730
f 10730 10555 10545
f 10730 10545 10731
f 10731 10545 10544
f 10731 10544 10723
f 10723 10544 10533
f 10614 10732 4918
f 4918 10732 10733
f 4918 10733 10611
f 10611 10733 10734
f 10611 10734 10612
f 10612 10734 10735
f 10612 10735 10596
f 10596 10735 10736
f 10596 10736 10594
f 10594 10736 10737
f 10594 10737 10592
f 10592 10737 10738
f 10592 10738 10590
f 10590 10738 10739
f 10590 10739 10613
f 10613 10739 10740
f 10613 10740 10614
f 10614 10740 10732
f 10741 10742 10737
f 10737 10742 10743
f 10737 10743 10738
f 10738 10743 10744
f 10738 10744 10739
f 10739 10744 10740
f 10740 10744 10745
f 10740 10745 10732
f 10732 10745 10746
f 10732 10746 10747
f 10732 10747 10733
f 10733 10747 10748
f 10733 10748 10734
f 10734 10748 10749
f 10734 10749 10735
f 10735 10749 10736
f 10736 10749 10741
f 10736 10741 10737
f 10741 10548 10742
f 10742 10548 10550
f 10742 10550 10743
f 10743 10550 10536
f 10743 10536 10744
f 10744 10536 10535
f 10744 10535 10745
f 10745 10535 10541
f 10745 10541 10746
f 10746 10541 10540
f 10746 10540 10747
f 10747 10540 10543
f 10747 10543 10748
f 10748 10543 10542
f 10748 10542 10749
f 10749 10542 10546
f 10749 10546 10741
f 10741 10546 10548
f 10643 10642 10652
f 10652 10642 10750
f 10652 10750 10654
f 10654 10750 10751
f 10654 10751 10656
f 10656 10751 10752
f 10656 10752 10658
f 10658 10752 10753
f 10658 10753 10660
f 10660 10753 10754
f 10660 10754 10662
f 10662 10754 10755
f 10662 10755 10664
f 10664 10755 10756
f 10664 10756 10666
f 10666 10756 10757
f 10666 10757 10758
f 10758 10759 10666
f 10666 10759 10651
f 10666 10651 10650
f 10650 10760 10666
f 10666 10760 10668
f 10647 10644 10652
f 10652 10644 10643
f 10757 10761 10758
f 10758 10761 10637
f 10758 10637 10636
f 10637 10761 10624
f 10624 10761 10762
f 10624 10762 10763
f 10763 10764 10624
f 10758 10636 10759
f 10759 10636 10635
f 10759 10635 10651
f 10764 10586 10624
f 10624 10586 10587
f 10757 10756 10761
f 10761 10756 10765
f 10765 10756 10755
f 10765 10755 10766
f 10766 10755 10754
f 10766 10754 10767
f 10767 10754 10753
f 10767 10753 10768
f 10768 10753 10752
f 10768 10752 10769
f 10769 10752 10751
f 10769 10751 10770
f 10770 10751 10750
f 10770 10750 10771
f 10771 10750 10642
f 10771 10642 10641
f 10586 10767 10574
f 10574 10767 10768
f 10574 10768 10769
f 10764 10765 10586
f 10586 10765 10766
f 10586 10766 10767
f 10764 10763 10765
f 10765 10763 10762
f 10765 10762 10761
f 10574 10769 10575
f 10575 10769 10770
f 10575 10770 10771
f 10641 10640 10771
f 10771 10640 10639
f 10771 10639 10638
f 10638 10581 10771
f 10771 10581 10579
f 10771 10579 10576
f 10576 10575 10771
f 10570 10582 10568
f 10568 10582 10584
f 10568 10584 10586
f 10586 10574 10568
f 10772 10773 10774
f 10774 10773 10775
f 10774 10775 10776
f 10776 10775 10777
f 10772 10774 10778
f 10778 10774 10779
f 10774 10776 10779
f 10779 10776 10780
f 10776 10777 10780
f 10780 10777 10781
f 10777 10775 10781
f 10781 10775 10782
f 10775 10773 10782
f 10782 10773 10783
f 10773 10772 10783
f 10783 10772 10778
f 10784 10785 10779
f 10779 10785 10786
f 10779 10786 10778
f 10778 10786 10787
f 10778 10787 10783
f 10783 10787 10788
f 10783 10788 10789
f 10783 10789 10782
f 10782 10789 10790
f 10782 10790 10781
f 10781 10790 10791
f 10781 10791 10792
f 10781 10792 10780
f 10780 10792 10784
f 10780 10784 10779
f 10784 10793 10785
f 10785 10793 10794
f 10785 10794 10795
f 10793 10784 10796
f 10796 10784 10792
f 10796 10792 10797
f 10797 10792 10791
f 10797 10791 10798
f 10798 10791 10790
f 10798 10790 10799
f 10799 10790 10789
f 10799 10789 10800
f 10800 10789 10788
f 10800 10788 10801
f 10801 10788 10787
f 10801 10787 10802
f 10802 10787 10786
f 10802 10786 10795
f 10795 10786 10785
f 10800 10803 10799
f 10799 10803 10804
f 10799 10804 10798
f 10798 10804 10805
f 10798 10805 10797
f 10797 10805 10806
f 10797 10806 10796
f 10796 10806 10807
f 10796 10807 10793
f 10793 10807 10808
f 10793 10808 10794
f 10794 10808 10809
f 10794 10809 10795
f 10795 10809 10810
f 10795 10810 10802
f 10802 10810 10811
f 10802 10811 10801
f 10801 10811 10812
f 10801 10812 10800
f 10800 10812 10803
f 10813 10814 10815
f 10815 10814 10816
f 10815 10816 10817
f 10817 10816 10818
f 10817 10818 10819
f 10819 10818 10820
f 10819 10820 10821
f 10805 10804 10822
f 10822 10804 10803
f 10822 10803 10823
f 10823 10803 10812
f 10823 10812 10824
f 10824 10812 10811
f 10824 10811 10825
f 10825 10811 10810
f 10825 10810 10826
f 10826 10810 10809
f 10826 10809 10827
f 10827 10809 10808
f 10827 10808 10828
f 10828 10808 10807
f 10828 10807 10829
f 10829 10807 10806
f 10829 10806 10830
f 10830 10806 10805
f 10830 10805 10822
f 10815 10822 10813
f 10813 10822 10823
f 10813 10823 10814
f 10814 10823 10824
f 10814 10824 10816
f 10816 10824 10825
f 10816 10825 10818
f 10818 10825 10826
f 10818 10826 10820
f 10820 10826 10827
f 10820 10827 10821
f 10821 10827 10828
f 10821 10828 10819
f 10819 10828 10829
f 10819 10829 10817
f 10817 10829 10830
f 10817 10830 10815
f 10815 10830 10822
f 10831 10832 10833
f 10833 10832 10834
f 10833 10834 10835
f 10835 10834 10836
f 10831 10833 10837
f 10837 10833 10838
f 10833 10835 10838
f 10838 10835 10839
f 10835 10836 10839
f 10839 10836 10840
f 10836 10834 10840
f 10840 10834 10841
f 10834 10832 10841
f 10841 10832 10842
f 10832 10831 10842
f 10842 10831 10837
f 10843 10844 10838
f 10838 10844 10845
f 10838 10845 10837
f 10837 10845 10846
f 10837 10846 10842
f 10842 10846 10847
f 10842 10847 10848
f 10842 10848 10841
f 10841 10848 10849
f 10841 10849 10840
f 10840 10849 10850
f 10840 10850 10851
f 10840 10851 10839
f 10839 10851 10843
f 10839 10843 10838
f 10843 10852 10844
f 10844 10852 10853
f 10844 10853 10854
f 10852 10843 10855
f 10855 10843 10851
f 10855 10851 10856
f 10856 10851 10850
f 10856 10850 10857
f 10857 10850 10849
f 10857 10849 10858
f 10858 10849 10848
f 10858 10848 10859
f 10859 10848 10847
f 10859 10847 10860
f 10860 10847 10846
f 10860 10846 10861
f 10861 10846 10845
f 10861 10845 10854
f 10854 10845 10844
f 10859 10862 10858
f 10858 10862 10863
f 10858 10863 10857
f 10857 10863 10864
f 10857 10864 10856
f 10856 10864 10865
f 10856 10865 10855
f 10855 10865 10866
f 10855 10866 10852
f 10852 10866 10867
f 10852 10867 10853
f 10853 10867 10868
f 10853 10868 10854
f 10854 10868 10869
f 10854 10869 10861
f 10861 10869 10870
f 10861 10870 10860
f 10860 10870 10871
f 10860 10871 10859
f 10859 10871 10862
f 10872 10873 10874
f 10874 10873 10875
f 10874 10875 10876
f 10876 10875 10877
f 10876 10877 10878
f 10878 10877 10879
f 10878 10879 10880
f 10864 10863 10881
f 10881 10863 10862
f 10881 10862 10882
f 10882 10862 10871
f 10882 10871 10883
f 10883 10871 10870
f 10883 10870 10884
f 10884 10870 10869
f 10884 10869 10885
f 10885 10869 10868
f 10885 10868 10886
f 10886 10868 10867
f 10886 10867 10887
f 10887 10867 10866
f 10887 10866 10888
f 10888 10866 10865
f 10888 10865 10889
f 10889 10865 10864
f 10889 10864 10881
f 10874 10881 10872
f 10872 10881 10882
f 10872 10882 10873
f 10873 10882 10883
f 10873 10883 10875
f 10875 10883 10884
f 10875 10884 10877
f 10877 10884 10885
f 10877 10885 10879
f 10879 10885 10886
f 10879 10886 10880
f 10880 10886 10887
f 10880 10887 10878
f 10878 10887 10888
f 10878 10888 10876
f 10876 10888 10889
f 10876 10889 10874
f 10874 10889 10881
f 10890 10891 10892
f 10892 10891 10893
f 10892 10893 10894
f 10894 10893 10895
f 10896 10895 10897
f 10897 10895 10893
f 10897 10893 10898
f 10898 10893 10899
f 10899 10893 10900
f 10900 10893 10891
f 10900 10891 10901
f 10901 10891 10902
f 10903 10904 10892
f 10892 10904 10905
f 10892 10905 10890
f 10890 10905 10906
f 10903 10892 10907
f 10907 10892 10894
f 10907 10894 10908
f 10908 10894 10909
f 10896 10910 10895
f 10895 10910 10911
f 10895 10911 10894
f 10894 10911 10909
f 10906 10912 10890
f 10890 10912 10913
f 10890 10913 10891
f 10891 10913 10902
f 10914 10915 10916
f 10916 10915 10917
f 10916 10917 10918
f 10918 10917 10919
f 10918 10919 10920
f 10920 10919 10921
f 10920 10921 10922
f 10920 10922 10923
f 10923 10922 10924
f 10923 10924 10925
f 10925 10924 10926
f 10925 10926 10927
f 10927 10926 10928
f 10927 10928 10929
f 10927 10929 10930
f 10930 10929 10931
f 10930 10931 10932
f 10932 10931 10933
f 10932 10933 10934
f 10934 10933 10935
f 10934 10935 10913
f 10900 10935 10936
f 10900 10936 10916
f 10916 10936 10914
f 10931 10937 10933
f 10933 10937 10938
f 10933 10938 10939
f 10939 10938 10940
f 10939 10940 10936
f 10936 10940 10914
f 10941 10910 10942
f 10942 10898 10918
f 10942 10918 10920
f 10918 10898 10916
f 10916 10898 10899
f 10916 10899 10900
f 10934 10905 10932
f 10932 10905 10904
f 10932 10904 10927
f 10927 10904 10903
f 10927 10903 10907
f 10927 10907 10925
f 10925 10907 10908
f 10925 10908 10941
f 10930 10932 10927
f 10935 10933 10939
f 10941 10942 10920
f 10935 10939 10936
f 10920 10923 10941
f 10941 10923 10925
f 10914 10943 10915
f 10915 10943 10944
f 10915 10944 10917
f 10917 10944 10945
f 10917 10945 10919
f 10919 10945 10946
f 10919 10946 10921
f 10921 10946 10947
f 10921 10947 10922
f 10922 10947 10948
f 10922 10948 10924
f 10924 10948 10949
f 10924 10949 10926
f 10926 10949 10950
f 10926 10950 10928
f 10928 10950 10951
f 10928 10951 10929
f 10929 10951 10952
f 10929 10952 10931
f 10931 10952 10953
f 10931 10953 10937
f 10937 10953 10954
f 10937 10954 10938
f 10938 10954 10955
f 10938 10955 10940
f 10940 10955 10956
f 10940 10956 10914
f 10914 10956 10943
f 10957 10958 10959
f 10959 10958 10960
f 10959 10960 10961
f 10961 10960 10962
f 10961 10962 10963
f 10963 10962 10964
f 10965 10966 10957
f 10957 10966 10958
f 10945 10944 10967
f 10967 10944 10943
f 10967 10943 10968
f 10968 10943 10956
f 10968 10956 10969
f 10969 10956 10955
f 10969 10955 10954
f 10969 10954 10970
f 10970 10954 10953
f 10970 10953 10971
f 10971 10953 10952
f 10971 10952 10972
f 10972 10952 10951
f 10972 10951 10950
f 10972 10950 10973
f 10973 10950 10949
f 10973 10949 10974
f 10974 10949 10948
f 10974 10948 10947
f 10974 10947 10975
f 10975 10947 10946
f 10975 10946 10976
f 10976 10946 10945
f 10976 10945 10967
f 10961 10976 10959
f 10959 10976 10967
f 10959 10967 10957
f 10957 10967 10968
f 10957 10968 10965
f 10965 10968 10969
f 10965 10969 10966
f 10966 10969 10970
f 10966 10970 10958
f 10958 10970 10971
f 10958 10971 10960
f 10960 10971 10972
f 10960 10972 10962
f 10962 10972 10973
f 10962 10973 10964
f 10964 10973 10974
f 10964 10974 10963
f 10963 10974 10975
f 10963 10975 10961
f 10961 10975 10976
f 10977 10978 10979
f 10979 10978 10980
f 10979 10980 10981
f 10981 10980 10982
f 10983 10982 10984
f 10984 10982 10980
f 10984 10980 10985
f 10985 10980 10986
f 10986 10980 10987
f 10987 10980 10978
f 10987 10978 10988
f 10988 10978 10989
f 10990 10991 10979
f 10979 10991 10992
f 10979 10992 10977
f 10977 10992 10993
f 10990 10979 10994
f 10994 10979 10981
f 10994 10981 10995
f 10995 10981 10996
f 10983 10997 10982
f 10982 10997 10998
f 10982 10998 10981
f 10981 10998 10996
f 10993 10999 10977
f 10977 10999 11000
f 10977 11000 10978
f 10978 11000 10989
f 11001 11002 11003
f 11003 11002 11004
f 11003 11004 11005
f 11005 11004 11006
f 11005 11006 11007
f 11007 11006 11008
f 11007 11008 11009
f 11007 11009 11010
f 11010 11009 11011
f 11010 11011 11012
f 11012 11011 11013
f 11012 11013 11014
f 11014 11013 11015
f 11014 11015 11016
f 11014 11016 11017
f 11017 11016 11018
f 11017 11018 11019
f 11019 11018 11020
f 11019 11020 11021
f 11021 11020 11022
f 11021 11022 11000
f 10987 11022 11023
f 10987 11023 11003
f 11003 11023 11001
f 11018 11024 11020
f 11020 11024 11025
f 11020 11025 11026
f 11026 11025 11027
f 11026 11027 11023
f 11023 11027 11001
f 11028 10997 11029
f 11029 10985 11005
f 11029 11005 11007
f 11005 10985 11003
f 11003 10985 10986
f 11003 10986 10987
f 11021 10992 11019
f 11019 10992 10991
f 11019 10991 11014
f 11014 10991 10990
f 11014 10990 10994
f 11014 10994 11012
f 11012 10994 10995
f 11012 10995 11028
f 11017 11019 11014
f 11022 11020 11026
f 11028 11029 11007
f 11022 11026 11023
f 11007 11010 11028
f 11028 11010 11012
f 11001 11030 11002
f 11002 11030 11031
f 11002 11031 11004
f 11004 11031 11032
f 11004 11032 11006
f 11006 11032 11033
f 11006 11033 11008
f 11008 11033 11034
f 11008 11034 11009
f 11009 11034 11035
f 11009 11035 11011
f 11011 11035 11036
f 11011 11036 11013
f 11013 11036 11037
f 11013 11037 11015
f 11015 11037 11038
f 11015 11038 11016
f 11016 11038 11039
f 11016 11039 11018
f 11018 11039 11040
f 11018 11040 11024
f 11024 11040 11041
f 11024 11041 11025
f 11025 11041 11042
f 11025 11042 11027
f 11027 11042 11043
f 11027 11043 11001
f 11001 11043 11030
f 11044 11045 11046
f 11046 11045 11047
f 11046 11047 11048
f 11048 11047 11049
f 11048 11049 11050
f 11050 11049 11051
f 11052 11053 11044
f 11044 11053 11045
f 11032 11031 11054
f 11054 11031 11030
f 11054 11030 11055
f 11055 11030 11043
f 11055 11043 11056
f 11056 11043 11042
f 11056 11042 11041
f 11056 11041 11057
f 11057 11041 11040
f 11057 11040 11058
f 11058 11040 11039
f 11058 11039 11059
f 11059 11039 11038
f 11059 11038 11037
f 11059 11037 11060
f 11060 11037 11036
f 11060 11036 11061
f 11061 11036 11035
f 11061 11035 11034
f 11061 11034 11062
f 11062 11034 11033
f 11062 11033 11063
f 11063 11033 11032
f 11063 11032 11054
f 11048 11063 11046
f 11046 11063 11054
f 11046 11054 11044
f 11044 11054 11055
f 11044 11055 11052
f 11052 11055 11056
f 11052 11056 11053
f 11053 11056 11057
f 11053 11057 11045
f 11045 11057 11058
f 11045 11058 11047
f 11047 11058 11059
f 11047 11059 11049
f 11049 11059 11060
f 11049 11060 11051
f 11051 11060 11061
f 11051 11061 11050
f 11050 11061 11062
f 11050 11062 11048
f 11048 11062 11063
f 11064 11065 11066
f 11066 11065 11067
f 11066 11067 11068
f 11068 11067 11069
f 11064 11066 11070
f 11070 11066 11071
f 11066 11068 11071
f 11071 11068 11072
f 11068 11069 11072
f 11072 11069 11073
f 11069 11067 11073
f 11073 11067 11074
f 11067 11065 11074
f 11074 11065 11075
f 11065 11064 11075
f 11075 11064 11070
f 11076 11077 11071
f 11071 11077 11078
f 11071 11078 11070
f 11070 11078 11079
f 11070 11079 11075
f 11075 11079 11080
f 11075 11080 11081
f 11075 11081 11074
f 11074 11081 11082
f 11074 11082 11073
f 11073 11082 11083
f 11073 11083 11084
f 11073 11084 11072
f 11072 11084 11076
f 11072 11076 11071
f 11076 11085 11077
f 11077 11085 11086
f 11077 11086 11087
f 11085 11076 11088
f 11088 11076 11084
f 11088 11084 11089
f 11089 11084 11083
f 11089 11083 11090
f 11090 11083 11082
f 11090 11082 11091
f 11091 11082 11081
f 11091 11081 11092
f 11092 11081 11080
f 11092 11080 11093
f 11093 11080 11079
f 11093 11079 11094
f 11094 11079 11078
f 11094 11078 11087
f 11087 11078 11077
f 11092 11095 11091
f 11091 11095 11096
f 11091 11096 11090
f 11090 11096 11097
f 11090 11097 11089
f 11089 11097 11098
f 11089 11098 11088
f 11088 11098 11099
f 11088 11099 11085
f 11085 11099 11100
f 11085 11100 11086
f 11086 11100 11101
f 11086 11101 11087
f 11087 11101 11102
f 11087 11102 11094
f 11094 11102 11103
f 11094 11103 11093
f 11093 11103 11104
f 11093 11104 11092
f 11092 11104 11095
f 11105 11106 11107
f 11107 11106 11108
f 11107 11108 11109
f 11109 11108 11110
f 11109 11110 11111
f 11111 11110 11112
f 11111 11112 11113
f 11097 11096 11114
f 11114 11096 11095
f 11114 11095 11115
f 11115 11095 11104
f 11115 11104 11116
f 11116 11104 11103
f 11116 11103 11117
f 11117 11103 11102
f 11117 11102 11118
f 11118 11102 11101
f 11118 11101 11119
f 11119 11101 11100
f 11119 11100 11120
f 11120 11100 11099
f 11120 11099 11121
f 11121 11099 11098
f 11121 11098 11122
f 11122 11098 11097
f 11122 11097 11114
f 11107 11114 11105
f 11105 11114 11115
f 11105 11115 11106
f 11106 11115 11116
f 11106 11116 11108
f 11108 11116 11117
f 11108 11117 11110
f 11110 11117 11118
f 11110 11118 11112
f 11112 11118 11119
f 11112 11119 11113
f 11113 11119 11120
f 11113 11120 11111
f 11111 11120 11121
f 11111 11121 11109
f 11109 11121 11122
f 11109 11122 11107
f 11107 11122 11114
f 11123 11124 11125
f 11125 11124 11126
f 11125 11126 11127
f 11127 11126 11128
f 11123 11125 11129
f 11129 11125 11130
f 11125 11127 11130
f 11130 11127 11131
f 11127 11128 11131
f 11131 11128 11132
f 11128 11126 11132
f 11132 11126 11133
f 11126 11124 11133
f 11133 11124 11134
f 11124 11123 11134
f 11134 11123 11129
f 11135 11136 11130
f 11130 11136 11137
f 11130 11137 11129
f 11129 11137 11138
f 11129 11138 11134
f 11134 11138 11139
f 11134 11139 11140
f 11134 11140 11133
f 11133 11140 11141
f 11133 11141 11132
f 11132 11141 11142
f 11132 11142 11143
f 11132 11143 11131
f 11131 11143 11135
f 11131 11135 11130
f 11135 11144 11136
f 11136 11144 11145
f 11136 11145 11146
f 11144 11135 11147
f 11147 11135 11143
f 11147 11143 11148
f 11148 11143 11142
f 11148 11142 11149
f 11149 11142 11141
f 11149 11141 11150
f 11150 11141 11140
f 11150 11140 11151
f 11151 11140 11139
f 11151 11139 11152
f 11152 11139 11138
f 11152 11138 11153
f 11153 11138 11137
f 11153 11137 11146
f 11146 11137 11136
f 11151 11154 11150
f 11150 11154 11155
f 11150 11155 11149
f 11149 11155 11156
f 11149 11156 11148
f 11148 11156 11157
f 11148 11157 11147
f 11147 11157 11158
f 11147 11158 11144
f 11144 11158 11159
f 11144 11159 11145
f 11145 11159 11160
f 11145 11160 11146
f 11146 11160 11161
f 11146 11161 11153
f 11153 11161 11162
f 11153 11162 11152
f 11152 11162 11163
f 11152 11163 11151
f 11151 11163 11154
f 11164 11165 11166
f 11166 11165 11167
f 11166 11167 11168
f 11168 11167 11169
f 11168 11169 11170
f 11170 11169 11171
f 11170 11171 11172
f 11156 11155 11173
f 11173 11155 11154
f 11173 11154 11174
f 11174 11154 11163
f 11174 11163 11175
f 11175 11163 11162
f 11175 11162 11176
f 11176 11162 11161
f 11176 11161 11177
f 11177 11161 11160
f 11177 11160 11178
f 11178 11160 11159
f 11178 11159 11179
f 11179 11159 11158
f 11179 11158 11180
f 11180 11158 11157
f 11180 11157 11181
f 11181 11157 11156
f 11181 11156 11173
f 11166 11173 11164
f 11164 11173 11174
f 11164 11174 11165
f 11165 11174 11175
f 11165 11175 11167
f 11167 11175 11176
f 11167 11176 11169
f 11169 11176 11177
f 11169 11177 11171
f 11171 11177 11178
f 11171 11178 11172
f 11172 11178 11179
f 11172 11179 11170
f 11170 11179 11180
f 11170 11180 11168
f 11168 11180 11181
f 11168 11181 11166
f 11166 11181 11173
f 11182 11183 11184
f 11184 11183 11185
f 11184 11185 11186
f 11186 11185 11187
f 11188 11187 11189
f 11189 11187 11185
f 11189 11185 11190
f 11190 11185 11191
f 11191 11185 11192
f 11192 11185 11183
f 11192 11183 11193
f 11193 11183 11194
f 11195 11196 11184
f 11184 11196 11197
f 11184 11197 11182
f 11182 11197 11198
f 11195 11184 11199
f 11199 11184 11186
f 11199 11186 11200
f 11200 11186 11201
f 11188 11202 11187
f 11187 11202 11203
f 11187 11203 11186
f 11186 11203 11201
f 11198 11204 11182
f 11182 11204 11205
f 11182 11205 11183
f 11183 11205 11194
f 11206 11207 11208
f 11208 11207 11209
f 11208 11209 11210
f 11210 11209 11211
f 11210 11211 11212
f 11212 11211 11213
f 11212 11213 11214
f 11212 11214 11215
f 11215 11214 11216
f 11215 11216 11217
f 11217 11216 11218
f 11217 11218 11219
f 11219 11218 11220
f 11219 11220 11221
f 11219 11221 11222
f 11222 11221 11223
f 11222 11223 11224
f 11224 11223 11225
f 11224 11225 11226
f 11226 11225 11227
f 11226 11227 11205
f 11192 11227 11228
f 11192 11228 11208
f 11208 11228 11206
f 11223 11229 11225
f 11225 11229 11230
f 11225 11230 11231
f 11231 11230 11232
f 11231 11232 11228
f 11228 11232 11206
f 11233 11202 11234
f 11234 11190 11210
f 11234 11210 11212
f 11210 11190 11208
f 11208 11190 11191
f 11208 11191 11192
f 11226 11197 11224
f 11224 11197 11196
f 11224 11196 11219
f 11219 11196 11195
f 11219 11195 11199
f 11219 11199 11217
f 11217 11199 11200
f 11217 11200 11233
f 11222 11224 11219
f 11227 11225 11231
f 11233 11234 11212
f 11227 11231 11228
f 11212 11215 11233
f 11233 11215 11217
f 11206 11235 11207
f 11207 11235 11236
f 11207 11236 11209
f 11209 11236 11237
f 11209 11237 11211
f 11211 11237 11238
f 11211 11238 11213
f 11213 11238 11239
f 11213 11239 11214
f 11214 11239 11240
f 11214 11240 11216
f 11216 11240 11241
f 11216 11241 11218
f 11218 11241 11242
f 11218 11242 11220
f 11220 11242 11243
f 11220 11243 11221
f 11221 11243 11244
f 11221 11244 11223
f 11223 11244 11245
f 11223 11245 11229
f 11229 11245 11246
f 11229 11246 11230
f 11230 11246 11247
f 11230 11247 11232
f 11232 11247 11248
f 11232 11248 11206
f 11206 11248 11235
f 11249 11250 11251
f 11251 11250 11252
f 11251 11252 11253
f 11253 11252 11254
f 11253 11254 11255
f 11255 11254 11256
f 11257 11258 11249
f 11249 11258 11250
f 11237 11236 11259
f 11259 11236 11235
f 11259 11235 11260
f 11260 11235 11248
f 11260 11248 11261
f 11261 11248 11247
f 11261 11247 11246
f 11261 11246 11262
f 11262 11246 11245
f 11262 11245 11263
f 11263 11245 11244
f 11263 11244 11264
f 11264 11244 11243
f 11264 11243 11242
f 11264 11242 11265
f 11265 11242 11241
f 11265 11241 11266
f 11266 11241 11240
f 11266 11240 11239
f 11266 11239 11267
f 11267 11239 11238
f 11267 11238 11268
f 11268 11238 11237
f 11268 11237 11259
f 11253 11268 11251
f 11251 11268 11259
f 11251 11259 11249
f 11249 11259 11260
f 11249 11260 11257
f 11257 11260 11261
f 11257 11261 11258
f 11258 11261 11262
f 11258 11262 11250
f 11250 11262 11263
f 11250 11263 11252
f 11252 11263 11264
f 11252 11264 11254
f 11254 11264 11265
f 11254 11265 11256
f 11256 11265 11266
f 11256 11266 11255
f 11255 11266 11267
f 11255 11267 11253
f 11253 11267 11268
f 11269 11270 11271
f 11271 11270 11272
f 11271 11272 11273
f 11273 11272 11274
f 11275 11274 11276
f 11276 11274 11272
f 11276 11272 11277
f 11277 11272 11278
f 11278 11272 11279
f 11279 11272 11270
f 11279 11270 11280
f 11280 11270 11281
f 11282 11283 11271
f 11271 11283 11284
f 11271 11284 11269
f 11269 11284 11285
f 11282 11271 11286
f 11286 11271 11273
f 11286 11273 11287
f 11287 11273 11288
f 11275 11289 11274
f 11274 11289 11290
f 11274 11290 11273
f 11273 11290 11288
f 11285 11291 11269
f 11269 11291 11292
f 11269 11292 11270
f 11270 11292 11281
f 11293 11294 11295
f 11295 11294 11296
f 11295 11296 11297
f 11297 11296 11298
f 11297 11298 11299
f 11299 11298 11300
f 11299 11300 11301
f 11299 11301 11302
f 11302 11301 11303
f 11302 11303 11304
f 11304 11303 11305
f 11304 11305 11306
f 11306 11305 11307
f 11306 11307 11308
f 11306 11308 11309
f 11309 11308 11310
f 11309 11310 11311
f 11311 11310 11312
f 11311 11312 11313
f 11313 11312 11314
f 11313 11314 11292
f 11279 11314 11315
f 11279 11315 11295
f 11295 11315 11293
f 11310 11316 11312
f 11312 11316 11317
f 11312 11317 11318
f 11318 11317 11319
f 11318 11319 11315
f 11315 11319 11293
f 11320 11289 11321
f 11321 11277 11297
f 11321 11297 11299
f 11297 11277 11295
f 11295 11277 11278
f 11295 11278 11279
f 11313 11284 11311
f 11311 11284 11283
f 11311 11283 11306
f 11306 11283 11282
f 11306 11282 11286
f 11306 11286 11304
f 11304 11286 11287
f 11304 11287 11320
f 11309 11311 11306
f 11314 11312 11318
f 11320 11321 11299
f 11314 11318 11315
f 11299 11302 11320
f 11320 11302 11304
f 11293 11322 11294
f 11294 11322 11323
f 11294 11323 11296
f 11296 11323 11324
f 11296 11324 11298
f 11298 11324 11325
f 11298 11325 11300
f 11300 11325 11326
f 11300 11326 11301
f 11301 11326 11327
f 11301 11327 11303
f 11303 11327 11328
f 11303 11328 11305
f 11305 11328 11329
f 11305 11329 11307
f 11307 11329 11330
f 11307 11330 11308
f 11308 11330 11331
f 11308 11331 11310
f 11310 11331 11332
f 11310 11332 11316
f 11316 11332 11333
f 11316 11333 11317
f 11317 11333 11334
f 11317 11334 11319
f 11319 11334 11335
f 11319 11335 11293
f 11293 11335 11322
f 11336 11337 11338
f 11338 11337 11339
f 11338 11339 11340
f 11340 11339 11341
f 11340 11341 11342
f 11342 11341 11343
f 11344 11345 11336
f 11336 11345 11337
f 11324 11323 11346
f 11346 11323 11322
f 11346 11322 11347
f 11347 11322 11335
f 11347 11335 11348
f 11348 11335 11334
f 11348 11334 11333
f 11348 11333 11349
f 11349 11333 11332
f 11349 11332 11350
f 11350 11332 11331
f 11350 11331 11351
f 11351 11331 11330
f 11351 11330 11329
f 11351 11329 11352
f 11352 11329 11328
f 11352 11328 11353
f 11353 11328 11327
f 11353 11327 11326
f 11353 11326 11354
f 11354 11326 11325
f 11354 11325 11355
f 11355 11325 11324
f 11355 11324 11346
f 11340 11355 11338
f 11338 11355 11346
f 11338 11346 11336
f 11336 11346 11347
f 11336 11347 11344
f 11344 11347 11348
f 11344 11348 11345
f 11345 11348 11349
f 11345 11349 11337
f 11337 11349 11350
f 11337 11350 11339
f 11339 11350 11351
f 11339 11351 11341
f 11341 11351 11352
f 11341 11352 11343
f 11343 11352 11353
f 11343 11353 11342
f 11342 11353 11354
f 11342 11354 11340
f 11340 11354 11355

