# https://github.com/mikedh/trimesh
v -0.00379500 0.01140000 0.01604600
v -0.00379500 0.01140000 0.01658600
v -0.00358200 0.01140000 0.01586100
v -0.00358200 0.01140000 0.01677100
v -0.00330300 0.01140000 0.01582100
v -0.00330300 0.01140000 0.01681100
v -0.00304700 0.01140000 0.01669400
v -0.00304700 0.01140000 0.01593800
v -0.00289400 0.01140000 0.01645700
v 0.00221500 0.01140000 0.01841900
v 0.00221500 0.01140000 0.01895900
v 0.00242800 0.01140000 0.01823400
v 0.00242800 0.01140000 0.01914400
v 0.00270700 0.01140000 0.01819400
v 0.00270700 0.01140000 0.01918400
v 0.00296300 0.01140000 0.01906700
v 0.00296300 0.01140000 0.01831100
v 0.00311600 0.01140000 0.01883000
v -0.00386400 0.01110000 0.00985600
v -0.00386400 0.01110000 0.01048000
v -0.00363600 0.01110000 0.00962700
v -0.00363600 0.01110000 0.01070900
v -0.00332300 0.01110000 0.00954300
v -0.00332300 0.01110000 0.01079300
v -0.00301000 0.01110000 0.01070900
v -0.00301000 0.01110000 0.00962700
v -0.00278200 0.01110000 0.01048000
v -0.00278200 0.01110000 0.00985600
v -0.00008900 0.00560000 0.02079000
v 0.00000000 0.00560000 0.02020000
v -0.00050000 0.00560000 0.02020000
v -0.00008900 0.00560000 0.01961000
v -0.00058100 0.00560000 0.01971300
v -0.00034800 0.00560000 0.01907300
v -0.00081600 0.00560000 0.01927900
v -0.00075300 0.00560000 0.01863600
v -0.00118000 0.00560000 0.01894400
v -0.00126900 0.00560000 0.01833800
v -0.00163200 0.00560000 0.01874600
v -0.00185100 0.00560000 0.01820600
v -0.00212400 0.00560000 0.01870500
v -0.00244500 0.00560000 0.01825000
v -0.00260300 0.00560000 0.01882600
v -0.00300000 0.00560000 0.01846800
v -0.00301600 0.00560000 0.01909600
v -0.00346600 0.00560000 0.01884000
v -0.00331900 0.00560000 0.01948600
v -0.00380200 0.00560000 0.01933200
v -0.00348000 0.00560000 0.01995300
v -0.00397800 0.00560000 0.01990200
v -0.00397800 0.00560000 0.02049800
v -0.00348000 0.00560000 0.02044700
v -0.00380200 0.00560000 0.02106800
v -0.00331900 0.00560000 0.02091400
v -0.00346600 0.00560000 0.02156000
v -0.00301600 0.00560000 0.02130400
v -0.00300000 0.00560000 0.02193200
v -0.00260300 0.00560000 0.02157400
v -0.00244500 0.00560000 0.02215000
v -0.00212400 0.00560000 0.02169500
v -0.00185100 0.00560000 0.02219400
v -0.00163200 0.00560000 0.02165400
v -0.00126900 0.00560000 0.02206200
v -0.00118000 0.00560000 0.02145600
v -0.00075300 0.00560000 0.02176400
v -0.00081600 0.00560000 0.02112100
v -0.00034800 0.00560000 0.02132700
v -0.00058100 0.00560000 0.02068700
v -0.00058100 0.00530000 0.02068700
v -0.00050000 0.00530000 0.02020000
v -0.00058100 0.00530000 0.01971300
v -0.00081600 0.00530000 0.01927900
v -0.00118000 0.00530000 0.01894400
v -0.00163200 0.00530000 0.01874600
v -0.00212400 0.00530000 0.01870500
v -0.00260300 0.00530000 0.01882600
v -0.00301600 0.00530000 0.01909600
v -0.00331900 0.00530000 0.01948600
v -0.00348000 0.00530000 0.01995300
v -0.00348000 0.00530000 0.02044700
v -0.00331900 0.00530000 0.02091400
v -0.00301600 0.00530000 0.02130400
v -0.00260300 0.00530000 0.02157400
v -0.00212400 0.00530000 0.02169500
v -0.00163200 0.00530000 0.02165400
v -0.00118000 0.00530000 0.02145600
v -0.00081600 0.00530000 0.02112100
v -0.00840000 -0.00700000 0.02234500
v -0.00840000 -0.00320000 0.02234500
v -0.00840000 -0.00620000 0.02330000
v -0.00840000 -0.00320000 0.02400000
v -0.00840000 -0.00620000 0.02400000
v -0.00840000 -0.00700000 0.02330000
v -0.00680000 -0.00320000 0.02560000
v -0.00680000 -0.00620000 0.02560000
v -0.00685900 -0.00320000 0.02559900
v -0.00685900 -0.00620000 0.02559900
v -0.00691800 -0.00320000 0.02559600
v -0.00691800 -0.00620000 0.02559600
v -0.00697600 -0.00620000 0.02559000
v -0.00697600 -0.00320000 0.02559000
v 0.00252000 0.01110000 0.00893100
v 0.00252000 0.01110000 0.00966300
v 0.00274000 0.01110000 0.00862800
v 0.00274000 0.01110000 0.00996600
v 0.00306400 0.01110000 0.00844100
v 0.00306400 0.01110000 0.01015300
v 0.00343600 0.01110000 0.00840200
v 0.00343600 0.01110000 0.01019200
v 0.00379200 0.01110000 0.01007600
v 0.00379200 0.01110000 0.00851800
v 0.00407000 0.01110000 0.00982600
v 0.00407000 0.01110000 0.00876800
v 0.00422200 0.01110000 0.00948400
v 0.00910000 0.00700000 0.01129400
v 0.00859300 0.00700000 0.01198800
v 0.00910000 0.00700000 0.02330000
v 0.00840000 0.00700000 0.01233400
v 0.00840000 0.00700000 0.02330000
v 0.00890600 0.00700000 0.01126000
v 0.00876100 0.00700000 0.01163000
v -0.00285400 0.00620000 0.01601600
v -0.00285400 0.01130000 0.01601600
v -0.00277400 0.00620000 0.01631600
v -0.00277400 0.01130000 0.01631600
v -0.00285400 0.00620000 0.01661600
v -0.00285400 0.01130000 0.01661600
v -0.00307400 0.00620000 0.01683600
v -0.00307400 0.01130000 0.01683600
v -0.00337400 0.00620000 0.01691600
v -0.00337400 0.01130000 0.01691600
v -0.00367400 0.00620000 0.01683600
v -0.00367400 0.01130000 0.01683600
v -0.00389400 0.00620000 0.01661600
v -0.00389400 0.01130000 0.01661600
v -0.00397400 0.00620000 0.01631600
v -0.00397400 0.01130000 0.01631600
v -0.00389400 0.00620000 0.01601600
v -0.00389400 0.01130000 0.01601600
v -0.00367400 0.00620000 0.01579600
v -0.00367400 0.01130000 0.01579600
v -0.00337400 0.00620000 0.01571600
v -0.00337400 0.01130000 0.01571600
v -0.00307400 0.00620000 0.01579600
v -0.00307400 0.01130000 0.01579600
v 0.00315600 0.00620000 0.01838900
v 0.00315600 0.01130000 0.01838900
v 0.00323600 0.00620000 0.01868900
v 0.00323600 0.01130000 0.01868900
v 0.00315600 0.00620000 0.01898900
v 0.00315600 0.01130000 0.01898900
v 0.00293600 0.00620000 0.01920900
v 0.00293600 0.01130000 0.01920900
v 0.00263600 0.00620000 0.01928900
v 0.00263600 0.01130000 0.01928900
v 0.00233600 0.00620000 0.01920900
v 0.00233600 0.01130000 0.01920900
v 0.00211600 0.00620000 0.01898900
v 0.00211600 0.01130000 0.01898900
v 0.00203600 0.00620000 0.01868900
v 0.00203600 0.01130000 0.01868900
v 0.00211600 0.00620000 0.01838900
v 0.00211600 0.01130000 0.01838900
v 0.00233600 0.00620000 0.01816900
v 0.00233600 0.01130000 0.01816900
v 0.00263600 0.00620000 0.01808900
v 0.00263600 0.01130000 0.01808900
v 0.00293600 0.00620000 0.01816900
v 0.00293600 0.01130000 0.01816900
v 0.00890600 0.00620000 0.01126000
v 0.00910000 0.00620000 0.01129400
v 0.00910000 0.00620000 0.02330000
v 0.00840000 0.00620000 0.02330000
v -0.00610000 0.00620000 0.02630000
v 0.00610000 0.00620000 0.02630000
v -0.00610000 0.00700000 0.02630000
v 0.00610000 0.00700000 0.02630000
v -0.00910000 0.00620000 -0.00380000
v -0.00910000 0.00620000 0.02330000
v -0.00910000 0.00700000 -0.00380000
v -0.00910000 0.00700000 0.02330000
v 0.00480000 0.00620000 -0.00810000
v -0.00480000 0.00620000 -0.00810000
v 0.00480000 0.00700000 -0.00810000
v -0.00480000 0.00700000 -0.00810000
v 0.00910000 0.00700000 -0.00380000
v 0.00910000 0.00700000 0.00730000
v 0.00910000 0.00620000 -0.00380000
v 0.00910000 0.00620000 0.00730000
v 0.00890600 0.00700000 0.00733400
v 0.00890600 0.00620000 0.00733400
v 0.00000000 0.00620000 0.02020000
v -0.00008900 0.00620000 0.01961000
v -0.00034800 0.00620000 0.01907300
v -0.00075300 0.00620000 0.01863600
v -0.00126900 0.00620000 0.01833800
v -0.00185100 0.00620000 0.01820600
v -0.00244500 0.00620000 0.01825000
v -0.00300000 0.00620000 0.01846800
v -0.00346600 0.00620000 0.01884000
v -0.00380200 0.00620000 0.01933200
v -0.00397800 0.00620000 0.01990200
v -0.00397800 0.00620000 0.02049800
v -0.00380200 0.00620000 0.02106800
v -0.00346600 0.00620000 0.02156000
v -0.00300000 0.00620000 0.02193200
v -0.00244500 0.00620000 0.02215000
v -0.00185100 0.00620000 0.02219400
v -0.00126900 0.00620000 0.02206200
v -0.00075300 0.00620000 0.02176400
v -0.00034800 0.00620000 0.02132700
v -0.00008900 0.00620000 0.02079000
v -0.00610000 0.00620000 0.02560000
v -0.00610000 0.00700000 0.02560000
v 0.00610000 0.00700000 0.02560000
v 0.00610000 0.00620000 0.02560000
v -0.00749600 -0.00320000 0.02234500
v -0.00749600 -0.00770000 0.02234500
v -0.00840000 -0.00770000 0.02234500
v -0.00806600 -0.00320000 0.02397000
v -0.00768800 -0.00320000 0.02390000
v -0.00731200 -0.00320000 0.02397800
v -0.00709400 -0.00320000 0.02317700
v -0.00699300 -0.00320000 0.02419300
v -0.00656600 -0.00320000 0.02393600
v -0.00677800 -0.00320000 0.02451200
v -0.00670000 -0.00320000 0.02488800
v -0.00592700 -0.00320000 0.02460300
v -0.00677000 -0.00320000 0.02526600
v -0.00519100 -0.00320000 0.02516300
v -0.00437700 -0.00320000 0.02560000
v -0.00610000 -0.00700000 0.02560000
v -0.00610000 -0.00620000 0.02560000
v -0.00437700 -0.00700000 0.02560000
v -0.00790000 0.00530000 0.02020000
v -0.00781000 0.00530000 0.01917600
v -0.00781000 0.00530000 0.02122400
v -0.00754400 0.00530000 0.01818200
v -0.00754400 0.00530000 0.02221800
v -0.00711000 0.00530000 0.01725000
v -0.00652000 0.00530000 0.01640800
v -0.00579200 0.00530000 0.01568000
v -0.00495000 0.00530000 0.01509000
v -0.00401800 0.00530000 0.01465600
v -0.00302500 0.00530000 0.01439000
v -0.00200000 0.00530000 0.01430000
v -0.00097500 0.00530000 0.01439000
v 0.00001800 0.00530000 0.01465600
v 0.00095000 0.00530000 0.01509000
v 0.00179200 0.00530000 0.01568000
v 0.00179200 0.00530000 0.02472000
v 0.00252000 0.00530000 0.02399200
v 0.00252000 0.00530000 0.01640800
v 0.00311000 0.00530000 0.02315000
v 0.00311000 0.00530000 0.01725000
v 0.00354400 0.00530000 0.02221800
v 0.00354400 0.00530000 0.01818200
v 0.00381000 0.00530000 0.02122400
v 0.00381000 0.00530000 0.01917600
v 0.00390000 0.00530000 0.02020000
v 0.00095000 0.00530000 0.02531000
v 0.00001800 0.00530000 0.02574400
v -0.00097500 0.00530000 0.02601000
v -0.00200000 0.00530000 0.02610000
v -0.00302500 0.00530000 0.02601000
v -0.00401800 0.00530000 0.02574400
v -0.00495000 0.00530000 0.02531000
v -0.00579200 0.00530000 0.02472000
v -0.00652000 0.00530000 0.02399200
v -0.00711000 0.00530000 0.02315000
v -0.00839900 -0.00620000 0.02405900
v -0.00839900 -0.00320000 0.02405900
v -0.00839600 -0.00620000 0.02411800
v -0.00839600 -0.00320000 0.02411800
v -0.00839000 -0.00620000 0.02417600
v -0.00839000 -0.00320000 0.02417600
v -0.00840000 0.00620000 -0.00380000
v -0.00840000 0.00700000 -0.00380000
v -0.00840000 0.00700000 0.02330000
v -0.00840000 0.00620000 0.02330000
v 0.00840000 0.00700000 0.00625900
v 0.00840000 0.00700000 -0.00380000
v 0.00876100 0.00700000 0.00696400
v 0.00840000 0.00620000 -0.00380000
v 0.00727300 0.00260000 0.00951400
v 0.00840000 0.00260000 0.00951400
v 0.00727300 -0.00190000 0.00951400
v 0.00840000 -0.00190000 0.00951400
v 0.00480000 0.00620000 -0.00740000
v 0.00480000 0.00700000 -0.00740000
v -0.00480000 0.00700000 -0.00740000
v -0.00230300 0.00700000 -0.00740000
v -0.00116500 0.00700000 -0.00766200
v 0.00000000 0.00700000 -0.00775000
v 0.00116500 0.00700000 -0.00766200
v 0.00230300 0.00700000 -0.00740000
v -0.00480000 0.00620000 -0.00740000
v 0.00840000 0.00260000 0.01233400
v 0.00840000 0.00260000 0.02400000
v 0.00840000 0.00620000 0.02400000
v 0.00880700 0.00260000 0.00707400
v 0.00908400 0.00260000 0.00794200
v 0.00859300 0.00700000 0.00660600
v 0.00840000 0.00260000 0.00625900
v 0.00915700 0.00620000 0.00830100
v 0.00922400 0.00260000 0.00884200
v 0.00924200 0.00620000 0.00929700
v 0.00922400 0.00260000 0.00975200
v 0.00915700 0.00620000 0.01029300
v 0.00908400 0.00260000 0.01065200
v 0.00880700 0.00260000 0.01152000
v -0.00840000 0.00620000 0.01736400
v -0.00792800 0.00620000 0.01647700
v -0.00840000 0.00260000 0.01736400
v -0.00792800 0.00260000 0.01647700
v -0.00733300 0.00620000 0.01566600
v -0.00733300 0.00260000 0.01566600
v -0.00662800 0.00620000 0.01494800
v -0.00662800 0.00260000 0.01494800
v -0.00582800 0.00620000 0.01433900
v -0.00582800 0.00260000 0.01433900
v -0.00494900 0.00620000 0.01385100
v -0.00494900 0.00260000 0.01385100
v -0.00400900 0.00620000 0.01349400
v -0.00400900 0.00260000 0.01349400
v -0.00302700 0.00620000 0.01327600
v -0.00302700 0.00260000 0.01327600
v -0.00202400 0.00260000 0.01320000
v -0.00202400 0.00620000 0.01320000
v -0.00102100 0.00620000 0.01326900
v -0.00102100 0.00260000 0.01326900
v 0.00287700 0.00260000 0.01517900
v 0.00199900 0.00260000 0.01504200
v 0.00287700 0.00620000 0.01517900
v 0.00199900 0.00620000 0.01504200
v 0.00115200 0.00260000 0.01477600
v 0.00115200 0.00620000 0.01477600
v 0.00035500 0.00260000 0.01438500
v 0.00035500 0.00620000 0.01438500
v -0.00037500 0.00620000 0.01387900
v -0.00037500 0.00260000 0.01387900
v 0.00245400 0.00260000 0.02560000
v 0.00322400 0.00260000 0.02485900
v 0.00245400 0.00620000 0.02560000
v 0.00322400 0.00620000 0.02485900
v 0.00387300 0.00260000 0.02400900
v 0.00387300 0.00620000 0.02400900
v 0.00438400 0.00260000 0.02307100
v 0.00438400 0.00620000 0.02307100
v 0.00474700 0.00260000 0.02206600
v 0.00474700 0.00620000 0.02206600
v 0.00495200 0.00260000 0.02101700
v 0.00495200 0.00620000 0.02101700
v 0.00499600 0.00260000 0.01994900
v 0.00499600 0.00620000 0.01994900
v 0.00487600 0.00260000 0.01888700
v 0.00487600 0.00620000 0.01888700
v 0.00459600 0.00260000 0.01785600
v 0.00459600 0.00620000 0.01785600
v 0.00416200 0.00260000 0.01687900
v 0.00416200 0.00620000 0.01687900
v 0.00358500 0.00260000 0.01598000
v 0.00358500 0.00620000 0.01598000
v -0.00268100 0.00260000 0.00983100
v -0.00259800 0.01100000 0.01016800
v -0.00259800 0.00260000 0.01016800
v -0.00268100 0.01100000 0.01050500
v -0.00268100 0.00260000 0.01050500
v -0.00291100 0.01100000 0.01076500
v -0.00291100 0.00260000 0.01076500
v -0.00323600 0.01100000 0.01088800
v -0.00323600 0.00260000 0.01088800
v -0.00358000 0.01100000 0.01084600
v -0.00358000 0.00260000 0.01084600
v -0.00386600 0.01100000 0.01064900
v -0.00386600 0.00260000 0.01064900
v -0.00402700 0.01100000 0.01034200
v -0.00402700 0.00260000 0.01034200
v -0.00402700 0.01100000 0.00999400
v -0.00402700 0.00260000 0.00999400
v -0.00386600 0.01100000 0.00968700
v -0.00386600 0.00260000 0.00968700
v -0.00358000 0.01100000 0.00949000
v -0.00358000 0.00260000 0.00949000
v -0.00323600 0.01100000 0.00944800
v -0.00323600 0.00260000 0.00944800
v -0.00291100 0.01100000 0.00957100
v -0.00291100 0.00260000 0.00957100
v -0.00268100 0.01100000 0.00983100
v 0.00839000 0.00260000 0.02417600
v 0.00839000 0.00620000 0.02417600
v 0.00839600 0.00260000 0.02411800
v 0.00839600 0.00620000 0.02411800
v 0.00839900 0.00260000 0.02405900
v 0.00839900 0.00620000 0.02405900
v 0.00980000 0.00620000 -0.00380000
v 0.00980000 0.00620000 0.02400000
v 0.00972400 0.00620000 -0.00466800
v 0.00949800 0.00620000 -0.00551000
v 0.00834900 0.00620000 -0.00440300
v 0.00913000 0.00620000 -0.00630000
v 0.00819800 0.00620000 -0.00498800
v 0.00814100 0.00620000 -0.00586300
v 0.00795100 0.00620000 -0.00554000
v 0.00819900 0.00620000 -0.00623200
v 0.00863000 0.00620000 -0.00701400
v 0.00811800 0.00620000 -0.00659800
v 0.00801400 0.00620000 -0.00763000
v 0.00790700 0.00620000 -0.00690700
v 0.00759800 0.00620000 -0.00711800
v 0.00730000 0.00620000 -0.00813000
v 0.00723200 0.00620000 -0.00719900
v 0.00686300 0.00620000 -0.00714100
v 0.00651000 0.00620000 -0.00849800
v 0.00654000 0.00620000 -0.00695100
v 0.00598800 0.00620000 -0.00719800
v 0.00566800 0.00620000 -0.00872400
v 0.00540300 0.00620000 -0.00734900
v 0.00480000 0.00620000 -0.00880000
v -0.00480000 0.00620000 -0.00880000
v -0.00566800 0.00620000 -0.00872400
v -0.00540300 0.00620000 -0.00734900
v -0.00598800 0.00620000 -0.00719800
v -0.00651000 0.00620000 -0.00849800
v -0.00654000 0.00620000 -0.00695100
v -0.00686300 0.00620000 -0.00714100
v -0.00730000 0.00620000 -0.00813000
v -0.00723200 0.00620000 -0.00719900
v -0.00759800 0.00620000 -0.00711800
v -0.00801400 0.00620000 -0.00763000
v -0.00790700 0.00620000 -0.00690700
v -0.00811800 0.00620000 -0.00659800
v -0.00863000 0.00620000 -0.00701400
v -0.00819900 0.00620000 -0.00623200
v -0.00913000 0.00620000 -0.00630000
v -0.00814100 0.00620000 -0.00586300
v -0.00819800 0.00620000 -0.00498800
v -0.00795100 0.00620000 -0.00554000
v -0.00834900 0.00620000 -0.00440300
v -0.00949800 0.00620000 -0.00551000
v -0.00972400 0.00620000 -0.00466800
v -0.00980000 0.00620000 -0.00380000
v -0.00980000 0.00620000 0.02400000
v -0.00972500 0.00620000 0.02466800
v -0.00867800 0.00620000 0.02469200
v -0.00950300 0.00620000 0.02530200
v -0.00867800 0.00620000 0.02510800
v -0.00914500 0.00620000 0.02587000
v -0.00850900 0.00620000 0.02548800
v -0.00867000 0.00620000 0.02634600
v -0.00820000 0.00620000 0.02576600
v -0.00810200 0.00620000 0.02670300
v -0.00780500 0.00620000 0.02589400
v -0.00746800 0.00620000 0.02692500
v -0.00739100 0.00620000 0.02585100
v -0.00680000 0.00620000 0.02700000
v -0.00703100 0.00620000 0.02564300
v -0.00678600 0.00620000 0.02530700
v 0.00680000 0.00620000 0.02700000
v 0.00680000 0.00620000 0.02560000
v 0.00746800 0.00620000 0.02692500
v 0.00730100 0.00620000 0.02581700
v 0.00697600 0.00620000 0.02559000
v 0.00691800 0.00620000 0.02559600
v 0.00768800 0.00620000 0.02590000
v 0.00810200 0.00620000 0.02670300
v 0.00807700 0.00620000 0.02582600
v 0.00867000 0.00620000 0.02634600
v 0.00840700 0.00620000 0.02560700
v 0.00862600 0.00620000 0.02527700
v 0.00914500 0.00620000 0.02587000
v 0.00870000 0.00620000 0.02488800
v 0.00950300 0.00620000 0.02530200
v 0.00972500 0.00620000 0.02466800
v -0.00678600 0.00620000 0.02449300
v -0.00670000 0.00620000 0.02490000
v -0.00850900 0.00620000 0.02431200
v -0.00820000 0.00620000 0.02403400
v -0.00780500 0.00620000 0.02390600
v -0.00739100 0.00620000 0.02394900
v -0.00703100 0.00620000 0.02415700
v 0.00861700 0.00620000 0.02450100
v 0.00685900 0.00620000 0.02559900
v 0.00680000 0.00260000 0.02560000
v 0.00205000 -0.00700000 0.02560000
v 0.00037700 -0.00700000 0.02560000
v 0.00205000 -0.00770000 0.02560000
v 0.00037700 -0.00770000 0.02560000
v -0.00789800 -0.00770000 0.02035500
v -0.00783700 -0.00770000 0.01933700
v -0.00760100 -0.00770000 0.01834600
v -0.00719800 -0.00770000 0.01741000
v -0.00664100 -0.00770000 0.01655700
v -0.00594400 -0.00770000 0.01581200
v -0.00513000 -0.00770000 0.01519900
v -0.00422300 -0.00770000 0.01473500
v -0.00324900 -0.00770000 0.01443400
v -0.00223800 -0.00770000 0.01430500
v -0.00122000 -0.00770000 0.01435200
v -0.00022500 -0.00770000 0.01457300
v 0.00071700 -0.00770000 0.01496300
v 0.00157700 -0.00770000 0.01550800
v 0.00233100 -0.00770000 0.01619400
v 0.00295600 -0.00770000 0.01699900
v 0.00343300 -0.00770000 0.01790000
v 0.00374800 -0.00770000 0.01886900
v 0.00389100 -0.00770000 0.01987800
v 0.00385900 -0.00770000 0.02089700
v 0.00365100 -0.00770000 0.02189500
v 0.00327500 -0.00770000 0.02284200
v 0.00274200 -0.00770000 0.02371000
v 0.00206700 -0.00770000 0.02447400
v 0.00127100 -0.00770000 0.02511000
v -0.00778300 -0.00770000 0.02136800
v -0.00345300 -0.00700000 0.02591800
v -0.00248900 -0.00700000 0.02608000
v -0.00151100 -0.00700000 0.02608000
v -0.00054700 -0.00700000 0.02591800
v -0.00840000 -0.00770000 0.01805500
v -0.00840000 -0.00700000 0.01805500
v -0.00512600 -0.00700000 -0.00479200
v -0.00512600 -0.00320000 -0.00479200
v -0.00531900 -0.00700000 -0.00454200
v -0.00531900 -0.00320000 -0.00454200
v -0.00554200 -0.00320000 -0.00431900
v -0.00579200 -0.00320000 -0.00412600
v -0.00579200 -0.00700000 -0.00412600
v -0.00554200 -0.00700000 -0.00431900
v -0.00601900 -0.00700000 -0.00486000
v -0.00586000 -0.00700000 -0.00501900
v -0.00572200 -0.00700000 -0.00519700
v -0.00619700 -0.00700000 -0.00472200
v 0.00579200 -0.00700000 -0.00412600
v 0.00579200 -0.00320000 -0.00412600
v 0.00554200 -0.00700000 -0.00431900
v 0.00554200 -0.00320000 -0.00431900
v 0.00531900 -0.00320000 -0.00454200
v 0.00512600 -0.00320000 -0.00479200
v 0.00512600 -0.00700000 -0.00479200
v 0.00531900 -0.00700000 -0.00454200
v 0.00572200 -0.00700000 -0.00519700
v 0.00586000 -0.00700000 -0.00501900
v 0.00601900 -0.00700000 -0.00486000
v 0.00619700 -0.00700000 -0.00472200
v 0.00980000 -0.00620000 -0.00380000
v 0.00972400 -0.00620000 -0.00466800
v 0.00949800 -0.00620000 -0.00551000
v 0.00913000 -0.00620000 -0.00630000
v 0.00863000 -0.00620000 -0.00701400
v 0.00801400 -0.00620000 -0.00763000
v 0.00730000 -0.00620000 -0.00813000
v 0.00651000 -0.00620000 -0.00849800
v 0.00566800 -0.00620000 -0.00872400
v 0.00480000 -0.00620000 -0.00880000
v -0.00480000 -0.00620000 -0.00880000
v -0.00566800 -0.00620000 -0.00872400
v -0.00651000 -0.00620000 -0.00849800
v -0.00730000 -0.00620000 -0.00813000
v -0.00801400 -0.00620000 -0.00763000
v -0.00863000 -0.00620000 -0.00701400
v -0.00913000 -0.00620000 -0.00630000
v -0.00949800 -0.00620000 -0.00551000
v -0.00972400 -0.00620000 -0.00466800
v -0.00980000 -0.00620000 -0.00380000
v -0.00980000 -0.00620000 0.02400000
v -0.00972500 -0.00620000 0.02466800
v -0.00950300 -0.00620000 0.02530200
v -0.00914500 -0.00620000 0.02587000
v -0.00867000 -0.00620000 0.02634600
v -0.00810200 -0.00620000 0.02670300
v -0.00746800 -0.00620000 0.02692500
v -0.00680000 -0.00620000 0.02700000
v 0.00680000 -0.00620000 0.02700000
v 0.00746800 -0.00620000 0.02692500
v 0.00810200 -0.00620000 0.02670300
v 0.00867000 -0.00620000 0.02634600
v 0.00914500 -0.00620000 0.02587000
v 0.00950300 -0.00620000 0.02530200
v 0.00972500 -0.00620000 0.02466800
v 0.00980000 -0.00620000 0.02400000
v -0.00572200 -0.00620000 -0.00519700
v -0.00586000 -0.00620000 -0.00501900
v -0.00601900 -0.00620000 -0.00486000
v -0.00619700 -0.00620000 -0.00472200
v 0.00480000 -0.00700000 -0.00810000
v -0.00480000 -0.00700000 -0.00810000
v 0.00480000 -0.00620000 -0.00810000
v -0.00480000 -0.00620000 -0.00810000
v 0.00619700 -0.00620000 -0.00472200
v 0.00601900 -0.00620000 -0.00486000
v 0.00586000 -0.00620000 -0.00501900
v 0.00572200 -0.00620000 -0.00519700
v 0.00910000 -0.00700000 0.02330000
v 0.00910000 -0.00700000 -0.00380000
v 0.00910000 -0.00620000 0.02330000
v 0.00910000 -0.00620000 -0.00380000
v 0.00610000 -0.00620000 0.02630000
v 0.00089000 -0.00620000 0.02630000
v 0.00610000 -0.00700000 0.02630000
v 0.00089000 -0.00700000 0.02630000
v 0.00089000 -0.00620000 0.02579800
v 0.00089000 -0.00700000 0.02579800
v -0.00489000 -0.00700000 0.02579800
v -0.00396800 -0.00700000 0.02618500
v -0.00489000 -0.00620000 0.02579800
v -0.00396800 -0.00620000 0.02618500
v -0.00299700 -0.00700000 0.02642100
v -0.00299700 -0.00620000 0.02642100
v -0.00200000 -0.00700000 0.02650000
v -0.00200000 -0.00620000 0.02650000
v -0.00100300 -0.00700000 0.02642100
v -0.00100300 -0.00620000 0.02642100
v -0.00003200 -0.00700000 0.02618500
v -0.00003200 -0.00620000 0.02618500
v -0.00489000 -0.00700000 0.02630000
v -0.00489000 -0.00620000 0.02630000
v -0.00610000 -0.00700000 0.02630000
v -0.00610000 -0.00620000 0.02630000
v -0.00861700 -0.00620000 0.02450100
v -0.00730100 -0.00620000 0.02581700
v -0.00768800 -0.00620000 0.02590000
v -0.00807700 -0.00620000 0.02582600
v -0.00840700 -0.00620000 0.02560700
v -0.00862600 -0.00620000 0.02527700
v -0.00870000 -0.00620000 0.02488800
v -0.00910000 -0.00700000 0.02330000
v -0.00910000 -0.00620000 0.02330000
v -0.00910000 -0.00700000 -0.00380000
v -0.00910000 -0.00620000 -0.00380000
v -0.00480000 -0.00190000 -0.00740000
v -0.00540300 -0.00190000 -0.00734900
v -0.00598800 -0.00190000 -0.00719800
v -0.00654000 -0.00190000 -0.00695100
v -0.00628600 -0.00620000 -0.00579300
v -0.00627000 -0.00190000 -0.00583200
v -0.00620000 -0.00620000 -0.00620000
v -0.00620100 -0.00190000 -0.00623200
v -0.00628600 -0.00620000 -0.00660700
v -0.00629600 -0.00190000 -0.00662700
v -0.00653100 -0.00620000 -0.00694300
v -0.00689100 -0.00620000 -0.00715100
v -0.00649300 -0.00190000 -0.00549300
v -0.00653100 -0.00620000 -0.00545700
v -0.00683200 -0.00190000 -0.00527000
v -0.00689100 -0.00620000 -0.00524900
v -0.00723200 -0.00190000 -0.00520100
v -0.00730500 -0.00620000 -0.00520500
v -0.00762700 -0.00190000 -0.00529600
v -0.00770000 -0.00620000 -0.00533400
v -0.00795100 -0.00190000 -0.00554000
v -0.00800900 -0.00620000 -0.00561200
v -0.00817800 -0.00620000 -0.00599200
v -0.00817800 -0.00620000 -0.00640800
v -0.00800900 -0.00620000 -0.00678800
v -0.00770000 -0.00620000 -0.00706600
v -0.00730500 -0.00620000 -0.00719500
v -0.00840000 -0.00190000 -0.00380000
v -0.00834900 -0.00190000 -0.00440300
v -0.00819800 -0.00190000 -0.00498800
v -0.00840000 0.00260000 0.00820300
v -0.00840000 -0.00190000 0.00820300
v -0.00044000 -0.00190000 0.00820300
v -0.00044000 0.00260000 0.00820300
v -0.00058500 0.00260000 0.00901800
v -0.00058500 -0.00190000 0.00901800
v -0.00055700 0.00260000 0.00984400
v -0.00055700 -0.00190000 0.00984400
v -0.00035600 0.00260000 0.01064700
v -0.00035600 -0.00190000 0.01064700
v 0.00000700 0.00260000 0.01139000
v 0.00000700 -0.00190000 0.01139000
v 0.00051800 0.00260000 0.01204000
v 0.00051800 -0.00190000 0.01204000
v 0.00115400 0.00260000 0.01257000
v 0.00115400 -0.00190000 0.01257000
v 0.00188600 0.00260000 0.01295500
v 0.00188600 -0.00190000 0.01295500
v 0.00268200 0.00260000 0.01317800
v 0.00268200 -0.00190000 0.01317800
v 0.00350800 0.00260000 0.01323000
v 0.00350800 -0.00190000 0.01323000
v 0.00432600 0.00260000 0.01310900
v 0.00432600 -0.00190000 0.01310900
v 0.00510100 0.00260000 0.01281900
v 0.00510100 -0.00190000 0.01281900
v 0.00579800 0.00260000 0.01237400
v 0.00579800 -0.00190000 0.01237400
v 0.00638700 0.00260000 0.01179300
v 0.00638700 -0.00190000 0.01179300
v 0.00684100 0.00260000 0.01110200
v 0.00684100 -0.00190000 0.01110200
v 0.00714100 0.00260000 0.01033100
v 0.00714100 -0.00190000 0.01033100
v 0.00840000 -0.00190000 -0.00380000
v 0.00834900 -0.00190000 -0.00440300
v 0.00819800 -0.00190000 -0.00498800
v 0.00795100 -0.00190000 -0.00554000
v 0.00629600 -0.00190000 -0.00662700
v 0.00639100 -0.00620000 -0.00678800
v 0.00654000 -0.00190000 -0.00695100
v 0.00670000 -0.00620000 -0.00706600
v 0.00709500 -0.00620000 -0.00719500
v 0.00750900 -0.00620000 -0.00715100
v 0.00786900 -0.00620000 -0.00694300
v 0.00811400 -0.00620000 -0.00660700
v 0.00820000 -0.00620000 -0.00620000
v 0.00811400 -0.00620000 -0.00579300
v 0.00786900 -0.00620000 -0.00545700
v 0.00762700 -0.00190000 -0.00529600
v 0.00750900 -0.00620000 -0.00524900
v 0.00723200 -0.00190000 -0.00520100
v 0.00709500 -0.00620000 -0.00520500
v 0.00683200 -0.00190000 -0.00527000
v 0.00670000 -0.00620000 -0.00533400
v 0.00649300 -0.00190000 -0.00549300
v 0.00639100 -0.00620000 -0.00561200
v 0.00627000 -0.00190000 -0.00583200
v 0.00622200 -0.00620000 -0.00599200
v 0.00620100 -0.00190000 -0.00623200
v 0.00622200 -0.00620000 -0.00640800
v 0.00480000 -0.00190000 -0.00740000
v 0.00540300 -0.00190000 -0.00734900
v 0.00598800 -0.00190000 -0.00719800
v 0.00230300 -0.00190000 -0.00740000
v -0.00230300 -0.00190000 -0.00740000
v -0.00116500 -0.00190000 -0.00766200
v 0.00000000 -0.00190000 -0.00775000
v 0.00116500 -0.00190000 -0.00766200
v 0.00425600 -0.00190000 0.00889000
v 0.00434200 0.01100000 0.00929700
v 0.00434200 -0.00190000 0.00929700
v 0.00425600 0.01100000 0.00970400
v 0.00425600 -0.00190000 0.00970400
v 0.00401100 0.01100000 0.01004000
v 0.00401100 -0.00190000 0.01004000
v 0.00365100 0.01100000 0.01024800
v 0.00365100 -0.00190000 0.01024800
v 0.00323700 0.01100000 0.01029200
v 0.00323700 -0.00190000 0.01029200
v 0.00284200 0.01100000 0.01016300
v 0.00284200 -0.00190000 0.01016300
v 0.00253300 0.01100000 0.00988500
v 0.00253300 -0.00190000 0.00988500
v 0.00236400 0.01100000 0.00950500
v 0.00236400 -0.00190000 0.00950500
v 0.00236400 0.01100000 0.00908900
v 0.00236400 -0.00190000 0.00908900
v 0.00253300 0.01100000 0.00870900
v 0.00253300 -0.00190000 0.00870900
v 0.00284200 0.01100000 0.00843100
v 0.00284200 -0.00190000 0.00843100
v 0.00323700 0.01100000 0.00830200
v 0.00323700 -0.00190000 0.00830200
v 0.00365100 0.01100000 0.00834600
v 0.00365100 -0.00190000 0.00834600
v 0.00401100 0.01100000 0.00855400
v 0.00401100 -0.00190000 0.00855400
v 0.00425600 0.01100000 0.00889000
v 0.00840000 -0.00700000 -0.00380000
v 0.00840000 -0.00620000 -0.00380000
v 0.00840000 -0.00320000 0.02400000
v 0.00840000 -0.00620000 0.02400000
v 0.00839900 -0.00320000 0.02405900
v 0.00839900 -0.00620000 0.02405900
v 0.00839600 -0.00320000 0.02411800
v 0.00839600 -0.00620000 0.02411800
v 0.00839000 -0.00320000 0.02417600
v 0.00839000 -0.00620000 0.02417600
v 0.00840000 -0.00700000 0.02330000
v 0.00840000 -0.00620000 0.02330000
v 0.00670000 0.00260000 0.02488800
v 0.00677800 0.00260000 0.02451200
v 0.00699300 0.00260000 0.02419300
v 0.00731200 0.00260000 0.02397800
v 0.00768800 0.00260000 0.02390000
v 0.00806600 0.00260000 0.02397000
v 0.00685900 0.00260000 0.02559900
v 0.00691800 0.00260000 0.02559600
v 0.00697600 0.00260000 0.02559000
v 0.00610000 -0.00700000 0.02560000
v 0.00610000 -0.00620000 0.02560000
v 0.00680000 -0.00620000 0.02560000
v 0.00680000 -0.00320000 0.02560000
v 0.00685900 -0.00620000 0.02559900
v 0.00685900 -0.00320000 0.02559900
v 0.00691800 -0.00620000 0.02559600
v 0.00691800 -0.00320000 0.02559600
v 0.00697600 -0.00620000 0.02559000
v 0.00697600 -0.00320000 0.02559000
v 0.00287200 -0.00770000 0.02487200
v 0.00356500 -0.00770000 0.02402000
v 0.00411100 -0.00770000 0.02306800
v 0.00449500 -0.00770000 0.02203900
v 0.00470700 -0.00770000 0.02096200
v 0.00474200 -0.00770000 0.01986400
v 0.00459800 -0.00770000 0.01877600
v 0.00428000 -0.00770000 0.01772500
v 0.00379500 -0.00770000 0.01673900
v 0.00315800 -0.00770000 0.01584600
v 0.00238300 -0.00770000 0.01506700
v 0.00149300 -0.00770000 0.01442400
v 0.00051100 -0.00770000 0.01393400
v -0.00053800 -0.00770000 0.01361000
v -0.00162600 -0.00770000 0.01346000
v -0.00272400 -0.00770000 0.01348900
v -0.00380200 -0.00770000 0.01369500
v -0.00483300 -0.00770000 0.01407300
v -0.00578900 -0.00770000 0.01461400
v -0.00664400 -0.00770000 0.01530200
v -0.00737700 -0.00770000 0.01612000
v -0.00796800 -0.00770000 0.01704500
v -0.00840000 -0.00700000 -0.00380000
v -0.00840000 -0.00620000 -0.00380000
v -0.00840000 -0.00320000 -0.00380000
v -0.00838500 -0.00320000 -0.00412600
v -0.00838500 -0.00620000 -0.00412600
v -0.00834100 -0.00320000 -0.00445000
v -0.00834100 -0.00620000 -0.00445000
v -0.00826700 -0.00620000 -0.00476800
v -0.00826700 -0.00320000 -0.00476800
v -0.00619700 -0.00320000 -0.00472200
v -0.00572200 -0.00320000 -0.00519700
v -0.00480000 -0.00700000 -0.00740000
v -0.00480000 -0.00620000 -0.00740000
v -0.00480000 -0.00320000 -0.00740000
v -0.00512600 -0.00620000 -0.00738500
v -0.00512600 -0.00320000 -0.00738500
v -0.00545000 -0.00620000 -0.00734100
v -0.00545000 -0.00320000 -0.00734100
v -0.00576800 -0.00320000 -0.00726700
v -0.00576800 -0.00620000 -0.00726700
v 0.00480000 -0.00700000 -0.00740000
v 0.00480000 -0.00620000 -0.00740000
v 0.00480000 -0.00320000 -0.00740000
v 0.00512600 -0.00320000 -0.00738500
v 0.00512600 -0.00620000 -0.00738500
v 0.00545000 -0.00320000 -0.00734100
v 0.00545000 -0.00620000 -0.00734100
v 0.00576800 -0.00620000 -0.00726700
v 0.00576800 -0.00320000 -0.00726700
v 0.00572200 -0.00320000 -0.00519700
v 0.00619700 -0.00320000 -0.00472200
v 0.00870000 -0.00620000 0.02488800
v 0.00862600 -0.00620000 0.02527700
v 0.00840700 -0.00620000 0.02560700
v 0.00807700 -0.00620000 0.02582600
v 0.00768800 -0.00620000 0.02590000
v 0.00730100 -0.00620000 0.02581700
v -0.00551100 -0.00620000 -0.00678100
v -0.00541400 -0.00620000 -0.00623900
v 0.00826700 -0.00620000 -0.00476800
v 0.00778100 -0.00620000 -0.00451100
v 0.00723900 -0.00620000 -0.00441400
v 0.00669400 -0.00620000 -0.00448700
v 0.00834100 -0.00620000 -0.00445000
v 0.00838500 -0.00620000 -0.00412600
v 0.00861700 -0.00620000 0.02450100
v 0.00548700 -0.00620000 -0.00569400
v 0.00541400 -0.00620000 -0.00623900
v 0.00551100 -0.00620000 -0.00678100
v -0.00548700 -0.00620000 -0.00569400
v -0.00669400 -0.00620000 -0.00448700
v -0.00723900 -0.00620000 -0.00441400
v -0.00778100 -0.00620000 -0.00451100
v 0.00840000 -0.00320000 -0.00380000
v 0.00838500 -0.00320000 -0.00412600
v 0.00834100 -0.00320000 -0.00445000
v 0.00826700 -0.00320000 -0.00476800
v 0.00077900 -0.00190000 -0.00341200
v 0.00151900 -0.00190000 -0.00315300
v 0.00218200 -0.00190000 -0.00273600
v 0.00000000 -0.00190000 -0.00350000
v -0.00077900 -0.00190000 -0.00341200
v -0.00151900 -0.00190000 -0.00315300
v -0.00218200 -0.00190000 -0.00273600
v -0.00273600 -0.00190000 -0.00218200
v -0.00315300 -0.00190000 -0.00151900
v -0.00341200 -0.00190000 -0.00077900
v -0.00350000 -0.00190000 0.00000000
v -0.00341200 -0.00190000 0.00077900
v -0.00315300 -0.00190000 0.00151900
v -0.00273600 -0.00190000 0.00218200
v -0.00218200 -0.00190000 0.00273600
v -0.00151900 -0.00190000 0.00315300
v -0.00077900 -0.00190000 0.00341200
v 0.00000000 -0.00190000 0.00350000
v 0.00077900 -0.00190000 0.00341200
v 0.00341200 -0.00190000 0.00077900
v 0.00315300 -0.00190000 0.00151900
v 0.00273600 -0.00190000 0.00218200
v 0.00218200 -0.00190000 0.00273600
v 0.00151900 -0.00190000 0.00315300
v 0.00350000 -0.00190000 0.00000000
v 0.00341200 -0.00190000 -0.00077900
v 0.00315300 -0.00190000 -0.00151900
v 0.00273600 -0.00190000 -0.00218200
v 0.00677000 -0.00320000 0.02526600
v 0.00677000 0.00260000 0.02526600
v 0.00670000 -0.00320000 0.02488800
v 0.00677800 -0.00320000 0.02451200
v 0.00699300 -0.00320000 0.02419300
v 0.00731200 -0.00320000 0.02397800
v 0.00768800 -0.00320000 0.02390000
v 0.00806600 -0.00320000 0.02397000
v 0.00205000 -0.00320000 0.02560000
v 0.00287200 -0.00320000 0.02487200
v 0.00356500 -0.00320000 0.02402000
v 0.00411100 -0.00320000 0.02306800
v 0.00449500 -0.00320000 0.02203900
v 0.00470700 -0.00320000 0.02096200
v 0.00474200 -0.00320000 0.01986400
v 0.00459800 -0.00320000 0.01877600
v 0.00428000 -0.00320000 0.01772500
v 0.00379500 -0.00320000 0.01673900
v 0.00315800 -0.00320000 0.01584600
v 0.00238300 -0.00320000 0.01506700
v 0.00149300 -0.00320000 0.01442400
v 0.00051100 -0.00320000 0.01393400
v -0.00053800 -0.00320000 0.01361000
v -0.00162600 -0.00320000 0.01346000
v -0.00272400 -0.00320000 0.01348900
v -0.00380200 -0.00320000 0.01369500
v -0.00483300 -0.00320000 0.01407300
v -0.00578900 -0.00320000 0.01461400
v -0.00664400 -0.00320000 0.01530200
v -0.00737700 -0.00320000 0.01612000
v -0.00796800 -0.00320000 0.01704500
v -0.00840000 -0.00320000 0.01805500
v -0.00669400 -0.00320000 -0.00448700
v -0.00723900 -0.00320000 -0.00441400
v -0.00778100 -0.00320000 -0.00451100
v -0.00551100 -0.00320000 -0.00678100
v -0.00541400 -0.00320000 -0.00623900
v -0.00548700 -0.00320000 -0.00569400
v 0.00548700 -0.00320000 -0.00569400
v 0.00541400 -0.00320000 -0.00623900
v 0.00551100 -0.00320000 -0.00678100
v 0.00778100 -0.00320000 -0.00451100
v 0.00723900 -0.00320000 -0.00441400
v 0.00669400 -0.00320000 -0.00448700
v 0.00341200 -0.00320000 -0.00077900
v 0.00350000 -0.00320000 0.00000000
v 0.00341200 -0.00320000 0.00077900
v 0.00315300 -0.00320000 0.00151900
v 0.00273600 -0.00320000 0.00218200
v 0.00218200 -0.00320000 0.00273600
v 0.00151900 -0.00320000 0.00315300
v 0.00077900 -0.00320000 0.00341200
v 0.00000000 -0.00320000 0.00350000
v -0.00077900 -0.00320000 0.00341200
v -0.00151900 -0.00320000 0.00315300
v -0.00218200 -0.00320000 0.00273600
v -0.00273600 -0.00320000 0.00218200
v -0.00315300 -0.00320000 0.00151900
v -0.00341200 -0.00320000 0.00077900
v -0.00350000 -0.00320000 0.00000000
v -0.00341200 -0.00320000 -0.00077900
v -0.00315300 -0.00320000 -0.00151900
v -0.00273600 -0.00320000 -0.00218200
v -0.00218200 -0.00320000 -0.00273600
v -0.00151900 -0.00320000 -0.00315300
v -0.00077900 -0.00320000 -0.00341200
v 0.00000000 -0.00320000 -0.00350000
v 0.00077900 -0.00320000 -0.00341200
v 0.00151900 -0.00320000 -0.00315300
v 0.00218200 -0.00320000 -0.00273600
v 0.00273600 -0.00320000 -0.00218200
v 0.00315300 -0.00320000 -0.00151900
v -0.00195700 0.00830000 0.02044600
v -0.00180800 0.00830000 0.02003900
v -0.00195700 0.00830000 0.01995400
v -0.00212500 0.00830000 0.02041600
v -0.00212500 0.00830000 0.01998400
v -0.00180800 0.00830000 0.02036100
v -0.00175000 0.00530000 0.02020000
v -0.00175000 0.00830000 0.02020000
v -0.00180800 0.00530000 0.02003900
v -0.00195700 0.00530000 0.01995400
v -0.00212500 0.00530000 0.01998400
v -0.00223500 0.00530000 0.02011400
v -0.00223500 0.00830000 0.02011400
v -0.00223500 0.00530000 0.02028600
v -0.00223500 0.00830000 0.02028600
v -0.00212500 0.00530000 0.02041600
v -0.00195700 0.00530000 0.02044600
v -0.00180800 0.00530000 0.02036100
v 0.00322400 0.00530000 0.02294200
v 0.00322400 0.00530000 0.01745800
v 0.00135200 0.00530000 0.01534400
v -0.00128900 0.00530000 0.01434300
v -0.00409200 0.00530000 0.01468300
v -0.00641600 0.00530000 0.01628800
v -0.00772900 0.00530000 0.01878800
v -0.00772900 0.00530000 0.02161200
v -0.00641600 0.00530000 0.02411200
v -0.00409200 0.00530000 0.02571700
v -0.00128900 0.00530000 0.02605700
v 0.00135200 0.00530000 0.02505600
v 0.00390000 -0.00970000 0.02020000
v 0.00322400 -0.00970000 0.02294200
v 0.00322400 -0.00970000 0.01745800
v 0.00135200 -0.00970000 0.02505600
v 0.00135200 -0.00970000 0.01534400
v -0.00128900 -0.00970000 0.02605700
v -0.00128900 -0.00970000 0.01434300
v -0.00409200 -0.00970000 0.02571700
v -0.00409200 -0.00970000 0.01468300
v -0.00641600 -0.00970000 0.02411200
v -0.00641600 -0.00970000 0.01628800
v -0.00772900 -0.00970000 0.02161200
v -0.00772900 -0.00970000 0.01878800
v 0.00100000 0.00860000 0.00000000
v 0.00076600 0.00860000 -0.00064300
v 0.00076600 0.00860000 0.00064300
v 0.00017400 0.00860000 0.00098500
v 0.00017400 0.00860000 -0.00098500
v -0.00050000 0.00860000 0.00086600
v -0.00050000 0.00860000 -0.00086600
v -0.00094000 0.00860000 0.00034200
v -0.00094000 0.00860000 -0.00034200
v 0.00100000 0.01240000 0.00000000
v 0.00076600 0.01240000 -0.00064300
v 0.00017400 0.01240000 -0.00098500
v -0.00050000 0.01240000 -0.00086600
v -0.00094000 0.01240000 -0.00034200
v -0.00094000 0.01240000 0.00034200
v -0.00050000 0.01240000 0.00086600
v 0.00017400 0.01240000 0.00098500
v 0.00076600 0.01240000 0.00064300
v 0.00225000 0.01240000 -0.00175000
v 0.00225000 0.01240000 0.00175000
v 0.00175000 0.01240000 0.00225000
v -0.00175000 0.01240000 0.00225000
v -0.00225000 0.01240000 0.00175000
v 0.00175000 0.01240000 -0.00225000
v -0.00175000 0.01240000 -0.00225000
v -0.00225000 0.01240000 -0.00175000
v -0.00225000 0.01110000 0.00175000
v -0.00175000 0.01110000 0.00225000
v -0.00175000 0.01110000 -0.00225000
v -0.00225000 0.01110000 -0.00175000
v -0.00225000 0.01110000 0.00000000
v 0.00175000 0.01110000 0.00225000
v 0.00225000 0.01110000 0.00175000
v 0.00000000 0.01110000 0.00225000
v 0.00225000 0.01110000 -0.00175000
v 0.00175000 0.01110000 -0.00225000
v 0.00000000 0.01110000 -0.00225000
v 0.00225000 0.01110000 0.00000000
v -0.00161600 -0.00740000 -0.00100000
v -0.00010000 -0.00740000 -0.00100000
v -0.00188200 -0.00740000 0.00025900
v -0.00128600 -0.00740000 0.00139900
v -0.00010000 -0.00740000 0.00189700
v 0.00161600 -0.00740000 -0.00100000
v 0.00188200 -0.00740000 0.00025900
v 0.00010000 -0.00740000 -0.00100000
v 0.00128600 -0.00740000 0.00139900
v 0.00010000 -0.00740000 0.00189700
v -0.00010000 -0.00210000 -0.00199800
v -0.00003300 -0.00210000 -0.00200000
v -0.00010000 -0.00210000 0.00199800
v -0.00003300 -0.00210000 0.00200000
v 0.00003300 -0.00210000 -0.00200000
v 0.00003300 -0.00210000 0.00200000
v 0.00010000 -0.00210000 0.00199800
v 0.00010000 -0.00210000 -0.00199800
v -0.00194900 0.01110000 0.00112500
v -0.00112500 0.01110000 0.00194900
v -0.00112500 0.01110000 -0.00194900
v -0.00194900 0.01110000 -0.00112500
v 0.00112500 0.01110000 0.00194900
v 0.00194900 0.01110000 0.00112500
v 0.00194900 0.01110000 -0.00112500
v 0.00112500 0.01110000 -0.00194900
v -0.00173200 -0.00460000 -0.00100000
v -0.00131100 -0.00460000 -0.00151000
v -0.00010000 -0.00460000 -0.00100000
v -0.00074600 -0.00460000 -0.00185600
v -0.00010000 -0.00460000 -0.00199800
v -0.00173200 -0.00730000 -0.00100000
v -0.00197500 -0.00730000 0.00031400
v -0.00133600 -0.00730000 0.00148800
v -0.00010000 -0.00730000 0.00199800
v 0.00173200 -0.00730000 -0.00100000
v 0.00197500 -0.00730000 0.00031400
v 0.00133600 -0.00730000 0.00148800
v 0.00010000 -0.00730000 0.00199800
v 0.00173200 -0.00460000 -0.00100000
v 0.00010000 -0.00460000 -0.00100000
v 0.00131100 -0.00460000 -0.00151000
v 0.00074600 -0.00460000 -0.00185600
v 0.00010000 -0.00460000 -0.00199800
v 0.00172400 0.01060000 -0.00144600
v 0.00225000 0.01060000 0.00000000
v 0.00039100 0.01060000 -0.00221600
v -0.00112500 0.01060000 -0.00194900
v -0.00211400 0.01060000 -0.00077000
v -0.00211400 0.01060000 0.00077000
v -0.00112500 0.01060000 0.00194900
v 0.00039100 0.01060000 0.00221600
v 0.00172400 0.01060000 0.00144600
v 0.00185700 -0.00190000 0.00074200
v 0.00200000 -0.00190000 0.00000000
v 0.00185700 -0.00190000 -0.00074200
v 0.00144900 -0.00190000 -0.00137800
v 0.00083400 -0.00190000 -0.00181800
v 0.00010000 -0.00190000 -0.00199800
v 0.00144900 -0.00190000 0.00137800
v 0.00083400 -0.00190000 0.00181800
v 0.00010000 -0.00190000 0.00199800
v -0.00010000 -0.00190000 0.00199800
v -0.00083400 -0.00190000 0.00181800
v -0.00144900 -0.00190000 0.00137800
v -0.00185700 -0.00190000 0.00074200
v -0.00200000 -0.00190000 0.00000000
v -0.00185700 -0.00190000 -0.00074200
v -0.00144900 -0.00190000 -0.00137800
v -0.00083400 -0.00190000 -0.00181800
v -0.00010000 -0.00190000 -0.00199800
v -0.00206800 0.01060000 0.00173600
v -0.00270000 0.01060000 0.00000000
v -0.00206800 0.01060000 -0.00173600
v -0.00046900 0.01060000 -0.00265900
v 0.00135000 0.01060000 -0.00233800
v 0.00253700 0.01060000 -0.00092300
v 0.00253700 0.01060000 0.00092300
v 0.00135000 0.01060000 0.00233800
v -0.00046900 0.01060000 0.00265900
v -0.00229800 -0.00190000 -0.00192800
v -0.00300000 -0.00190000 0.00000000
v -0.00052100 -0.00190000 -0.00295400
v 0.00150000 -0.00190000 -0.00259800
v 0.00000000 -0.00190000 -0.00200000
v 0.00281900 -0.00190000 -0.00102600
v 0.00281900 -0.00190000 0.00102600
v 0.00150000 -0.00190000 0.00259800
v -0.00052100 -0.00190000 0.00295400
v -0.00229800 -0.00190000 0.00192800
v 0.00000000 -0.00190000 0.00200000
v -0.00281900 0.01030000 -0.00102600
v -0.00281900 0.01030000 0.00102600
v -0.00150000 0.01030000 0.00259800
v 0.00052100 0.01030000 0.00295400
v 0.00229800 0.01030000 0.00192800
v 0.00300000 0.01030000 0.00000000
v 0.00229800 0.01030000 -0.00192800
v 0.00052100 0.01030000 -0.00295400
v -0.00150000 0.01030000 -0.00259800
v -0.00229800 0.00010000 -0.00192800
v -0.00300000 0.00010000 0.00000000
v -0.00229800 0.00010000 0.00192800
v -0.00052100 0.00010000 0.00295400
v 0.00150000 0.00010000 0.00259800
v 0.00281900 0.00010000 0.00102600
v 0.00281900 0.00010000 -0.00102600
v 0.00150000 0.00010000 -0.00259800
v -0.00052100 0.00010000 -0.00295400
v 0.00229800 0.00960000 -0.00192800
v 0.00300000 0.00960000 0.00000000
v 0.00229800 0.00960000 0.00192800
v 0.00052100 0.00960000 0.00295400
v -0.00150000 0.00960000 0.00259800
v -0.00281900 0.00960000 0.00102600
v -0.00281900 0.00960000 -0.00102600
v -0.00150000 0.00960000 -0.00259800
v 0.00052100 0.00960000 -0.00295400
v -0.00541300 0.00010000 0.00312500
v -0.00625000 0.00010000 0.00000000
v -0.00541300 0.00010000 -0.00312500
v -0.00312500 0.00010000 -0.00541300
v 0.00000000 0.00010000 -0.00625000
v 0.00312500 0.00010000 -0.00541300
v 0.00541300 0.00010000 -0.00312500
v 0.00625000 0.00010000 0.00000000
v 0.00541300 0.00010000 0.00312500
v 0.00312500 0.00010000 0.00541300
v 0.00000000 0.00010000 0.00625000
v -0.00312500 0.00010000 0.00541300
v 0.00420600 0.00960000 0.00270300
v 0.00500000 0.00960000 0.00000000
v 0.00420600 0.00960000 -0.00270300
v 0.00207700 0.00960000 -0.00454800
v -0.00071200 0.00960000 -0.00494900
v -0.00327400 0.00960000 -0.00377900
v -0.00479700 0.00960000 -0.00140900
v -0.00479700 0.00960000 0.00140900
v -0.00327400 0.00960000 0.00377900
v -0.00071200 0.00960000 0.00494900
v 0.00207700 0.00960000 0.00454800
v -0.00541300 -0.00190000 0.00312500
v -0.00625000 -0.00190000 0.00000000
v -0.00541300 -0.00190000 -0.00312500
v -0.00312500 -0.00190000 -0.00541300
v 0.00000000 -0.00190000 -0.00625000
v 0.00312500 -0.00190000 -0.00541300
v 0.00541300 -0.00190000 -0.00312500
v 0.00625000 -0.00190000 0.00000000
v 0.00541300 -0.00190000 0.00312500
v 0.00312500 -0.00190000 0.00541300
v 0.00000000 -0.00190000 0.00625000
v -0.00312500 -0.00190000 0.00541300
v 0.00500000 0.00710000 0.00000000
v 0.00420600 0.00710000 -0.00270300
v 0.00207700 0.00710000 -0.00454800
v -0.00071200 0.00710000 -0.00494900
v -0.00327400 0.00710000 -0.00377900
v -0.00479700 0.00710000 -0.00140900
v -0.00479700 0.00710000 0.00140900
v -0.00327400 0.00710000 0.00377900
v -0.00071200 0.00710000 0.00494900
v 0.00207700 0.00710000 0.00454800
v 0.00420600 0.00710000 0.00270300
v 0.00681800 -0.00190000 -0.00357800
v 0.00770000 -0.00190000 0.00000000
v 0.00681800 -0.00190000 0.00357800
v 0.00437400 -0.00190000 0.00633700
v 0.00092800 -0.00190000 0.00764400
v -0.00273000 -0.00190000 0.00720000
v -0.00576400 -0.00190000 0.00510600
v -0.00747600 -0.00190000 0.00184300
v -0.00747600 -0.00190000 -0.00184300
v -0.00576400 -0.00190000 -0.00510600
v -0.00273000 -0.00190000 -0.00720000
v 0.00092800 -0.00190000 -0.00764400
v 0.00437400 -0.00190000 -0.00633700
v 0.00330000 0.00710000 0.00000000
v 0.00252800 0.00710000 0.00212100
v 0.00057300 0.00710000 0.00325000
v -0.00165000 0.00710000 0.00285800
v -0.00310100 0.00710000 0.00112900
v -0.00310100 0.00710000 -0.00112900
v -0.00165000 0.00710000 -0.00285800
v 0.00057300 0.00710000 -0.00325000
v 0.00252800 0.00710000 -0.00212100
v 0.00681800 0.00310000 0.00357800
v 0.00770000 0.00310000 0.00000000
v 0.00681800 0.00310000 -0.00357800
v 0.00437400 0.00310000 -0.00633700
v 0.00092800 0.00310000 -0.00764400
v -0.00273000 0.00310000 -0.00720000
v -0.00576400 0.00310000 -0.00510600
v -0.00747600 0.00310000 -0.00184300
v -0.00747600 0.00310000 0.00184300
v -0.00576400 0.00310000 0.00510600
v -0.00273000 0.00310000 0.00720000
v 0.00092800 0.00310000 0.00764400
v 0.00437400 0.00310000 0.00633700
v 0.00252800 0.00310000 -0.00212100
v 0.00330000 0.00310000 0.00000000
v 0.00252800 0.00310000 0.00212100
v 0.00057300 0.00310000 0.00325000
v -0.00165000 0.00310000 0.00285800
v -0.00310100 0.00310000 0.00112900
v -0.00310100 0.00310000 -0.00112900
v -0.00165000 0.00310000 -0.00285800
v 0.00057300 0.00310000 -0.00325000
v -0.00070300 -0.00210000 -0.00766800
v -0.00057100 -0.00210000 -0.00622400
v 0.00000000 -0.00210000 -0.00770000
v 0.00000000 -0.00210000 -0.00625000
v 0.00057100 -0.00210000 -0.00622400
v -0.00140100 -0.00210000 -0.00757100
v -0.00113700 -0.00210000 -0.00614600
v -0.00212700 -0.00210000 -0.00740000
v -0.00172700 -0.00210000 -0.00600700
v -0.00283400 -0.00210000 -0.00715900
v -0.00230100 -0.00210000 -0.00581100
v -0.00354200 -0.00210000 -0.00683700
v -0.00287500 -0.00210000 -0.00554900
v -0.00421400 -0.00210000 -0.00644500
v -0.00342000 -0.00210000 -0.00523100
v -0.00485500 -0.00210000 -0.00597700
v -0.00394100 -0.00210000 -0.00485100
v -0.00544500 -0.00210000 -0.00544500
v -0.00441900 -0.00210000 -0.00441900
v -0.00597600 -0.00210000 -0.00485500
v -0.00485100 -0.00210000 -0.00394100
v -0.00644500 -0.00210000 -0.00421400
v -0.00523100 -0.00210000 -0.00342000
v -0.00683700 -0.00210000 -0.00354200
v -0.00555000 -0.00210000 -0.00287500
v -0.00715900 -0.00210000 -0.00283400
v -0.00581100 -0.00210000 -0.00230100
v -0.00740000 -0.00210000 -0.00212800
v -0.00600700 -0.00210000 -0.00172700
v -0.00757100 -0.00210000 -0.00140100
v -0.00614600 -0.00210000 -0.00113700
v -0.00766800 -0.00210000 -0.00070400
v -0.00622400 -0.00210000 -0.00057100
v -0.00770000 -0.00210000 0.00000000
v -0.00625000 -0.00210000 0.00000000
v -0.00766800 -0.00210000 0.00070300
v -0.00622400 -0.00210000 0.00057100
v -0.00757100 -0.00210000 0.00140100
v -0.00614600 -0.00210000 0.00113700
v -0.00740000 -0.00210000 0.00212700
v -0.00600700 -0.00210000 0.00172700
v -0.00715900 -0.00210000 0.00283400
v -0.00581100 -0.00210000 0.00230100
v -0.00683700 -0.00210000 0.00354200
v -0.00554900 -0.00210000 0.00287500
v -0.00644500 -0.00210000 0.00421400
v -0.00523100 -0.00210000 0.00342000
v -0.00597700 -0.00210000 0.00485500
v -0.00485100 -0.00210000 0.00394100
v -0.00544500 -0.00210000 0.00544500
v -0.00441900 -0.00210000 0.00441900
v -0.00485500 -0.00210000 0.00597600
v -0.00394100 -0.00210000 0.00485100
v -0.00421400 -0.00210000 0.00644500
v -0.00342000 -0.00210000 0.00523100
v -0.00354200 -0.00210000 0.00683700
v -0.00287500 -0.00210000 0.00555000
v -0.00283400 -0.00210000 0.00715900
v -0.00230100 -0.00210000 0.00581100
v -0.00212800 -0.00210000 0.00740000
v -0.00172700 -0.00210000 0.00600700
v -0.00140100 -0.00210000 0.00757100
v -0.00113700 -0.00210000 0.00614600
v -0.00070400 -0.00210000 0.00766800
v -0.00057100 -0.00210000 0.00622400
v 0.00000000 -0.00210000 0.00770000
v 0.00000000 -0.00210000 0.00625000
v 0.00057100 -0.00210000 0.00622400
v 0.00070300 -0.00210000 0.00766800
v 0.00140100 -0.00210000 0.00757100
v 0.00113700 -0.00210000 0.00614600
v 0.00212700 -0.00210000 0.00740000
v 0.00172700 -0.00210000 0.00600700
v 0.00283400 -0.00210000 0.00715900
v 0.00230100 -0.00210000 0.00581100
v 0.00354200 -0.00210000 0.00683700
v 0.00287500 -0.00210000 0.00554900
v 0.00421400 -0.00210000 0.00644500
v 0.00342000 -0.00210000 0.00523100
v 0.00485500 -0.00210000 0.00597700
v 0.00394100 -0.00210000 0.00485100
v 0.00544500 -0.00210000 0.00544500
v 0.00441900 -0.00210000 0.00441900
v 0.00597600 -0.00210000 0.00485500
v 0.00485100 -0.00210000 0.00394100
v 0.00644500 -0.00210000 0.00421400
v 0.00523100 -0.00210000 0.00342000
v 0.00683700 -0.00210000 0.00354200
v 0.00555000 -0.00210000 0.00287500
v 0.00715900 -0.00210000 0.00283400
v 0.00581100 -0.00210000 0.00230100
v 0.00740000 -0.00210000 0.00212800
v 0.00600700 -0.00210000 0.00172700
v 0.00757100 -0.00210000 0.00140100
v 0.00614600 -0.00210000 0.00113700
v 0.00766800 -0.00210000 0.00070400
v 0.00622400 -0.00210000 0.00057100
v 0.00770000 -0.00210000 0.00000000
v 0.00625000 -0.00210000 0.00000000
v 0.00766800 -0.00210000 -0.00070300
v 0.00622400 -0.00210000 -0.00057100
v 0.00757100 -0.00210000 -0.00140100
v 0.00614600 -0.00210000 -0.00113700
v 0.00740000 -0.00210000 -0.00212700
v 0.00600700 -0.00210000 -0.00172700
v 0.00715900 -0.00210000 -0.00283400
v 0.00581100 -0.00210000 -0.00230100
v 0.00683700 -0.00210000 -0.00354200
v 0.00554900 -0.00210000 -0.00287500
v 0.00644500 -0.00210000 -0.00421400
v 0.00523100 -0.00210000 -0.00342000
v 0.00597700 -0.00210000 -0.00485500
v 0.00485100 -0.00210000 -0.00394100
v 0.00544500 -0.00210000 -0.00544500
v 0.00441900 -0.00210000 -0.00441900
v 0.00485500 -0.00210000 -0.00597600
v 0.00394100 -0.00210000 -0.00485100
v 0.00421400 -0.00210000 -0.00644500
v 0.00342000 -0.00210000 -0.00523100
v 0.00354200 -0.00210000 -0.00683700
v 0.00287500 -0.00210000 -0.00555000
v 0.00283400 -0.00210000 -0.00715900
v 0.00230100 -0.00210000 -0.00581100
v 0.00212800 -0.00210000 -0.00740000
v 0.00172700 -0.00210000 -0.00600700
v 0.00140100 -0.00210000 -0.00757100
v 0.00113700 -0.00210000 -0.00614600
v 0.00070400 -0.00210000 -0.00766800
v -0.00028400 -0.00210000 -0.00298700
v -0.00018900 -0.00210000 -0.00199100
v 0.00000000 -0.00210000 -0.00300000
v 0.00000000 -0.00210000 -0.00200000
v 0.00018900 -0.00210000 -0.00199100
v -0.00037500 -0.00210000 -0.00196500
v -0.00056200 -0.00210000 -0.00294700
v -0.00083600 -0.00210000 -0.00288200
v -0.00055700 -0.00210000 -0.00192100
v -0.00110400 -0.00210000 -0.00278900
v -0.00073600 -0.00210000 -0.00186000
v -0.00092300 -0.00210000 -0.00177400
v -0.00138400 -0.00210000 -0.00266200
v -0.00109800 -0.00210000 -0.00167200
v -0.00164700 -0.00210000 -0.00250800
v -0.00189300 -0.00210000 -0.00232800
v -0.00126200 -0.00210000 -0.00155200
v -0.00212100 -0.00210000 -0.00212100
v -0.00141400 -0.00210000 -0.00141400
v -0.00155200 -0.00210000 -0.00126200
v -0.00232800 -0.00210000 -0.00189300
v -0.00167200 -0.00210000 -0.00109800
v -0.00250800 -0.00210000 -0.00164800
v -0.00266200 -0.00210000 -0.00138500
v -0.00177500 -0.00210000 -0.00092300
v -0.00278900 -0.00210000 -0.00110400
v -0.00186000 -0.00210000 -0.00073600
v -0.00192100 -0.00210000 -0.00055700
v -0.00288100 -0.00210000 -0.00083600
v -0.00196500 -0.00210000 -0.00037500
v -0.00294700 -0.00210000 -0.00056200
v -0.00298700 -0.00210000 -0.00028400
v -0.00199100 -0.00210000 -0.00018900
v -0.00300000 -0.00210000 0.00000000
v -0.00200000 -0.00210000 0.00000000
v -0.00199100 -0.00210000 0.00018900
v -0.00298700 -0.00210000 0.00028300
v -0.00196500 -0.00210000 0.00037500
v -0.00294700 -0.00210000 0.00056200
v -0.00288200 -0.00210000 0.00083600
v -0.00192100 -0.00210000 0.00055700
v -0.00278900 -0.00210000 0.00110400
v -0.00186000 -0.00210000 0.00073600
v -0.00177400 -0.00210000 0.00092300
v -0.00266200 -0.00210000 0.00138400
v -0.00167200 -0.00210000 0.00109800
v -0.00250800 -0.00210000 0.00164700
v -0.00232800 -0.00210000 0.00189300
v -0.00155200 -0.00210000 0.00126200
v -0.00212100 -0.00210000 0.00212100
v -0.00141400 -0.00210000 0.00141400
v -0.00126200 -0.00210000 0.00155200
v -0.00189300 -0.00210000 0.00232800
v -0.00109800 -0.00210000 0.00167200
v -0.00164800 -0.00210000 0.00250800
v -0.00138500 -0.00210000 0.00266200
v -0.00092300 -0.00210000 0.00177500
v -0.00110400 -0.00210000 0.00278900
v -0.00073600 -0.00210000 0.00186000
v -0.00055700 -0.00210000 0.00192100
v -0.00083600 -0.00210000 0.00288200
v -0.00037500 -0.00210000 0.00196500
v -0.00056200 -0.00210000 0.00294700
v -0.00028400 -0.00210000 0.00298700
v -0.00018900 -0.00210000 0.00199100
v 0.00000000 -0.00210000 0.00300000
v 0.00000000 -0.00210000 0.00200000
v 0.00018900 -0.00210000 0.00199100
v 0.00028400 -0.00210000 0.00298700
v 0.00037500 -0.00210000 0.00196500
v 0.00056200 -0.00210000 0.00294700
v 0.00083600 -0.00210000 0.00288200
v 0.00055700 -0.00210000 0.00192100
v 0.00110400 -0.00210000 0.00278900
v 0.00073600 -0.00210000 0.00186000
v 0.00092300 -0.00210000 0.00177400
v 0.00138400 -0.00210000 0.00266200
v 0.00109800 -0.00210000 0.00167200
v 0.00164700 -0.00210000 0.00250800
v 0.00189300 -0.00210000 0.00232800
v 0.00126200 -0.00210000 0.00155200
v 0.00212100 -0.00210000 0.00212100
v 0.00141400 -0.00210000 0.00141400
v 0.00155200 -0.00210000 0.00126200
v 0.00232800 -0.00210000 0.00189300
v 0.00167200 -0.00210000 0.00109800
v 0.00250800 -0.00210000 0.00164800
v 0.00266200 -0.00210000 0.00138500
v 0.00177500 -0.00210000 0.00092300
v 0.00278900 -0.00210000 0.00110400
v 0.00186000 -0.00210000 0.00073600
v 0.00192100 -0.00210000 0.00055700
v 0.00288100 -0.00210000 0.00083600
v 0.00196500 -0.00210000 0.00037500
v 0.00294700 -0.00210000 0.00056200
v 0.00298700 -0.00210000 0.00028400
v 0.00199100 -0.00210000 0.00018900
v 0.00300000 -0.00210000 0.00000000
v 0.00200000 -0.00210000 0.00000000
v 0.00199100 -0.00210000 -0.00018900
v 0.00298700 -0.00210000 -0.00028300
v 0.00196500 -0.00210000 -0.00037500
v 0.00294700 -0.00210000 -0.00056200
v 0.00288200 -0.00210000 -0.00083600
v 0.00192100 -0.00210000 -0.00055700
v 0.00278900 -0.00210000 -0.00110400
v 0.00186000 -0.00210000 -0.00073600
v 0.00177400 -0.00210000 -0.00092300
v 0.00266200 -0.00210000 -0.00138400
v 0.00167200 -0.00210000 -0.00109800
v 0.00250800 -0.00210000 -0.00164700
v 0.00232800 -0.00210000 -0.00189300
v 0.00155200 -0.00210000 -0.00126200
v 0.00212100 -0.00210000 -0.00212100
v 0.00141400 -0.00210000 -0.00141400
v 0.00126200 -0.00210000 -0.00155200
v 0.00189300 -0.00210000 -0.00232800
v 0.00109800 -0.00210000 -0.00167200
v 0.00164800 -0.00210000 -0.00250800
v 0.00138500 -0.00210000 -0.00266200
v 0.00092300 -0.00210000 -0.00177500
v 0.00110400 -0.00210000 -0.00278900
v 0.00073600 -0.00210000 -0.00186000
v 0.00055700 -0.00210000 -0.00192100
v 0.00083600 -0.00210000 -0.00288200
v 0.00037500 -0.00210000 -0.00196500
v 0.00056200 -0.00210000 -0.00294700
v 0.00028400 -0.00210000 -0.00298700
v -0.00161700 0.00560000 0.01987900
v -0.00150000 0.00560000 0.02020000
v -0.00175000 0.00560000 0.02020000
v -0.00161700 0.00560000 0.02052100
v -0.00180800 0.00560000 0.02036100
v -0.00191300 0.00560000 0.02069200
v -0.00212500 0.00560000 0.02041600
v -0.00225000 0.00560000 0.02063300
v -0.00223500 0.00560000 0.02028600
v -0.00247000 0.00560000 0.02037100
v -0.00223500 0.00560000 0.02011400
v -0.00247000 0.00560000 0.02002900
v -0.00225000 0.00560000 0.01976700
v -0.00212500 0.00560000 0.01998400
v -0.00191300 0.00560000 0.01970800
v -0.00180800 0.00560000 0.02003900
v -0.00150000 0.00680000 0.02020000
v -0.00161700 0.00680000 0.02052100
v -0.00191300 0.00680000 0.02069200
v -0.00225000 0.00680000 0.02063300
v -0.00247000 0.00680000 0.02037100
v -0.00247000 0.00680000 0.02002900
v -0.00225000 0.00680000 0.01976700
v -0.00191300 0.00680000 0.01970800
v -0.00161700 0.00680000 0.01987900
v -0.00195700 0.00560000 0.02044600
v -0.00195700 0.00560000 0.01995400
v -0.00102600 0.00680000 0.01968900
v -0.00090000 0.00680000 0.02020000
v -0.00102600 0.00680000 0.02071100
v -0.00137500 0.00680000 0.02110500
v -0.00186700 0.00680000 0.02129200
v -0.00239000 0.00680000 0.02122800
v -0.00282300 0.00680000 0.02092900
v -0.00306800 0.00680000 0.02046300
v -0.00306800 0.00680000 0.01993700
v -0.00282300 0.00680000 0.01947100
v -0.00239000 0.00680000 0.01917200
v -0.00186700 0.00680000 0.01910800
v -0.00137500 0.00680000 0.01929500
v -0.00102600 0.00830000 0.02071100
v -0.00090000 0.00830000 0.02020000
v -0.00102600 0.00830000 0.01968900
v -0.00137500 0.00830000 0.01929500
v -0.00186700 0.00830000 0.01910800
v -0.00239000 0.00830000 0.01917200
v -0.00282300 0.00830000 0.01947100
v -0.00306800 0.00830000 0.01993700
v -0.00306800 0.00830000 0.02046300
v -0.00282300 0.00830000 0.02092900
v -0.00239000 0.00830000 0.02122800
v -0.00186700 0.00830000 0.02129200
v -0.00137500 0.00830000 0.02110500
v 0.00380900 0.00830000 0.01783700
v 0.00380900 0.01030000 0.01783700
v 0.00408600 0.00830000 0.01868900
v 0.00408600 0.01030000 0.01868900
v 0.00380900 0.00830000 0.01954100
v 0.00380900 0.01030000 0.01954100
v 0.00308400 0.00830000 0.02006800
v 0.00308400 0.01030000 0.02006800
v 0.00218800 0.00830000 0.02006800
v 0.00218800 0.01030000 0.02006800
v 0.00146300 0.00830000 0.01954100
v 0.00146300 0.01030000 0.01954100
v 0.00118600 0.00830000 0.01868900
v 0.00118600 0.01030000 0.01868900
v 0.00146300 0.00830000 0.01783700
v 0.00146300 0.01030000 0.01783700
v 0.00218800 0.00830000 0.01731000
v 0.00218800 0.01030000 0.01731000
v 0.00308400 0.00830000 0.01731000
v 0.00308400 0.01030000 0.01731000
v 0.00587900 0.00830000 0.02013300
v 0.00618600 0.00830000 0.01868900
v 0.00587900 0.00830000 0.01724500
v 0.00501100 0.00830000 0.01605100
v 0.00373300 0.00830000 0.01531300
v 0.00226500 0.00830000 0.01515800
v 0.00086100 0.00830000 0.01561500
v -0.00023600 0.00830000 0.01660200
v -0.00083600 0.00830000 0.01795100
v -0.00083600 0.00830000 0.01942700
v -0.00023600 0.00830000 0.02077600
v 0.00086100 0.00830000 0.02176300
v 0.00226500 0.00830000 0.02222000
v 0.00373300 0.00830000 0.02206500
v 0.00501100 0.00830000 0.02132700
v 0.00323600 0.01030000 0.01868900
v 0.00309600 0.01030000 0.01830300
v 0.00274000 0.01030000 0.01809800
v 0.00233600 0.01030000 0.01816900
v 0.00207200 0.01030000 0.01848400
v 0.00207200 0.01030000 0.01889400
v 0.00233600 0.01030000 0.01920900
v 0.00274000 0.01030000 0.01928000
v 0.00309600 0.01030000 0.01907500
v 0.00587900 0.00730000 0.01724500
v 0.00618600 0.00730000 0.01868900
v 0.00587900 0.00730000 0.02013300
v 0.00501100 0.00730000 0.02132700
v 0.00373300 0.00730000 0.02206500
v 0.00226500 0.00730000 0.02222000
v 0.00086100 0.00730000 0.02176300
v -0.00023600 0.00730000 0.02077600
v -0.00083600 0.00730000 0.01942700
v -0.00083600 0.00730000 0.01795100
v -0.00023600 0.00730000 0.01660200
v 0.00086100 0.00730000 0.01561500
v 0.00226500 0.00730000 0.01515800
v 0.00373300 0.00730000 0.01531300
v 0.00501100 0.00730000 0.01605100
v 0.00309600 0.00730000 0.01907500
v 0.00323600 0.00730000 0.01868900
v 0.00309600 0.00730000 0.01830300
v 0.00274000 0.00730000 0.01809800
v 0.00233600 0.00730000 0.01816900
v 0.00207200 0.00730000 0.01848400
v 0.00207200 0.00730000 0.01889400
v 0.00233600 0.00730000 0.01920900
v 0.00274000 0.00730000 0.01928000
v 0.00495100 0.00360000 0.01064700
v 0.00544200 -0.00190000 0.00929700
v 0.00544200 0.00360000 0.00929700
v 0.00495100 -0.00190000 0.00794700
v 0.00495100 0.00360000 0.00794700
v 0.00370700 -0.00190000 0.00722900
v 0.00370700 0.00360000 0.00722900
v 0.00229200 -0.00190000 0.00747800
v 0.00229200 0.00360000 0.00747800
v 0.00136900 -0.00190000 0.00857900
v 0.00136900 0.00360000 0.00857900
v 0.00136900 -0.00190000 0.01001500
v 0.00136900 0.00360000 0.01001500
v 0.00229200 -0.00190000 0.01111600
v 0.00229200 0.00360000 0.01111600
v 0.00370700 -0.00190000 0.01136500
v 0.00370700 0.00360000 0.01136500
v 0.00495100 -0.00190000 0.01064700
v 0.00784700 0.00360000 0.00712800
v 0.00834200 0.00360000 0.00929700
v 0.00784700 0.00360000 0.01146600
v 0.00645900 0.00360000 0.01320600
v 0.00445500 0.00360000 0.01417200
v 0.00222900 0.00360000 0.01417200
v 0.00022500 0.00360000 0.01320600
v -0.00116300 0.00360000 0.01146600
v -0.00165800 0.00360000 0.00929700
v -0.00116300 0.00360000 0.00712800
v 0.00022500 0.00360000 0.00538800
v 0.00222900 0.00360000 0.00442200
v 0.00445500 0.00360000 0.00442200
v 0.00645900 0.00360000 0.00538800
v 0.00410800 -0.00190000 0.00994000
v 0.00351600 -0.00190000 0.01028200
v 0.00240200 -0.00190000 0.00963900
v 0.00240200 -0.00190000 0.00895500
v 0.00351600 -0.00190000 0.00831200
v 0.00410800 -0.00190000 0.00865400
v 0.00784700 0.00710000 0.01146600
v 0.00834200 0.00710000 0.00929700
v 0.00784700 0.00710000 0.00712800
v 0.00645900 0.00710000 0.00538800
v 0.00445500 0.00710000 0.00442200
v 0.00222900 0.00710000 0.00442200
v 0.00022500 0.00710000 0.00538800
v -0.00116300 0.00710000 0.00712800
v -0.00165800 0.00710000 0.00929700
v -0.00116300 0.00710000 0.01146600
v 0.00022500 0.00710000 0.01320600
v 0.00222900 0.00710000 0.01417200
v 0.00445500 0.00710000 0.01417200
v 0.00645900 0.00710000 0.01320600
v 0.00410800 0.00710000 0.00865400
v 0.00434200 0.00710000 0.00929700
v 0.00410800 0.00710000 0.00994000
v 0.00351600 0.00710000 0.01028200
v 0.00284200 0.00710000 0.01016300
v 0.00240200 0.00710000 0.00963900
v 0.00240200 0.00710000 0.00895500
v 0.00284200 0.00710000 0.00843100
v 0.00351600 0.00710000 0.00831200
v -0.00202100 0.00740000 0.01126100
v -0.00162300 0.00340000 0.01016800
v -0.00162300 0.00740000 0.01016800
v -0.00202100 0.00340000 0.00907500
v -0.00202100 0.00740000 0.00907500
v -0.00302800 0.00340000 0.00849400
v -0.00302800 0.00740000 0.00849400
v -0.00417300 0.00340000 0.00869600
v -0.00417300 0.00740000 0.00869600
v -0.00492000 0.00340000 0.00958700
v -0.00492000 0.00740000 0.00958700
v -0.00492000 0.00340000 0.01074900
v -0.00492000 0.00740000 0.01074900
v -0.00417300 0.00340000 0.01164000
v -0.00417300 0.00740000 0.01164000
v -0.00302800 0.00340000 0.01184200
v -0.00302800 0.00740000 0.01184200
v -0.00202100 0.00340000 0.01126100
v 0.00069700 0.00740000 0.00837800
v 0.00107700 0.00740000 0.01016800
v 0.00069700 0.00740000 0.01195800
v -0.00037900 0.00740000 0.01343800
v -0.00196300 0.00740000 0.01435300
v -0.00378300 0.00740000 0.01454400
v -0.00552300 0.00740000 0.01397800
v -0.00688300 0.00740000 0.01275400
v -0.00762700 0.00740000 0.01108300
v -0.00762700 0.00740000 0.00925300
v -0.00688300 0.00740000 0.00758200
v -0.00552300 0.00740000 0.00635700
v -0.00378300 0.00740000 0.00579200
v -0.00196300 0.00740000 0.00598300
v -0.00037900 0.00740000 0.00689800
v -0.00259800 0.00340000 0.01016800
v -0.00276800 0.00340000 0.01063400
v -0.00319700 0.00340000 0.01088200
v -0.00368600 0.00340000 0.01079600
v -0.00400400 0.00340000 0.01041600
v -0.00400400 0.00340000 0.00992000
v -0.00368600 0.00340000 0.00954000
v -0.00319700 0.00340000 0.00945400
v -0.00276800 0.00340000 0.00970200
v 0.00069700 0.00880000 0.01195800
v 0.00107700 0.00880000 0.01016800
v 0.00069700 0.00880000 0.00837800
v -0.00037900 0.00880000 0.00689800
v -0.00196300 0.00880000 0.00598300
v -0.00378300 0.00880000 0.00579200
v -0.00552300 0.00880000 0.00635700
v -0.00688300 0.00880000 0.00758200
v -0.00762700 0.00880000 0.00925300
v -0.00762700 0.00880000 0.01108300
v -0.00688300 0.00880000 0.01275400
v -0.00552300 0.00880000 0.01397800
v -0.00378300 0.00880000 0.01454400
v -0.00196300 0.00880000 0.01435300
v -0.00037900 0.00880000 0.01343800
v -0.00276800 0.00880000 0.00970200
v -0.00259800 0.00880000 0.01016800
v -0.00276800 0.00880000 0.01063400
v -0.00319700 0.00880000 0.01088200
v -0.00368600 0.00880000 0.01079600
v -0.00400400 0.00880000 0.01041600
v -0.00400400 0.00880000 0.00992000
v -0.00368600 0.00880000 0.00954000
v -0.00319700 0.00880000 0.00945400
v 0.00097100 0.00880000 0.01208000
v 0.00137700 0.00740000 0.01016800
v 0.00137700 0.00880000 0.01016800
v 0.00097100 0.00740000 0.00825600
v 0.00097100 0.00880000 0.00825600
v -0.00017800 0.00740000 0.00667500
v -0.00017800 0.00880000 0.00667500
v -0.00187100 0.00740000 0.00569800
v -0.00187100 0.00880000 0.00569800
v -0.00381400 0.00740000 0.00549400
v -0.00381400 0.00880000 0.00549400
v -0.00567300 0.00740000 0.00609800
v -0.00567300 0.00880000 0.00609800
v -0.00712500 0.00740000 0.00740500
v -0.00712500 0.00880000 0.00740500
v -0.00792000 0.00740000 0.00919100
v -0.00792000 0.00880000 0.00919100
v -0.00792000 0.00740000 0.01114500
v -0.00792000 0.00880000 0.01114500
v -0.00712500 0.00740000 0.01293100
v -0.00712500 0.00880000 0.01293100
v -0.00567300 0.00740000 0.01423800
v -0.00567300 0.00880000 0.01423800
v -0.00381400 0.00740000 0.01484200
v -0.00381400 0.00880000 0.01484200
v -0.00187100 0.00740000 0.01463800
v -0.00187100 0.00880000 0.01463800
v -0.00017800 0.00740000 0.01366100
v -0.00017800 0.00880000 0.01366100
v 0.00097100 0.00740000 0.01208000
v 0.00018500 0.01010000 0.01803000
v 0.00057600 0.01010000 0.01631600
v -0.00277400 0.01010000 0.01631600
v 0.00018500 0.01010000 0.01460200
v -0.00291400 0.01010000 0.01593000
v -0.00091100 0.01010000 0.01322800
v -0.00327000 0.01010000 0.01572500
v -0.00249500 0.01010000 0.01246500
v -0.00425300 0.01010000 0.01246500
v -0.00367400 0.01010000 0.01579600
v -0.00583700 0.01010000 0.01322800
v -0.00393800 0.01010000 0.01611100
v -0.00693300 0.01010000 0.01460200
v -0.00732400 0.01010000 0.01631600
v -0.00393800 0.01010000 0.01652100
v -0.00693300 0.01010000 0.01803000
v -0.00583700 0.01010000 0.01940400
v -0.00367400 0.01010000 0.01683600
v -0.00425300 0.01010000 0.02016700
v -0.00327000 0.01010000 0.01690700
v -0.00249500 0.01010000 0.02016700
v -0.00091100 0.01010000 0.01940400
v -0.00291400 0.01010000 0.01670200
v 0.00057600 0.01030000 0.01631600
v 0.00018500 0.01030000 0.01460200
v -0.00091100 0.01030000 0.01322800
v -0.00249500 0.01030000 0.01246500
v -0.00425300 0.01030000 0.01246500
v -0.00583700 0.01030000 0.01322800
v -0.00693300 0.01030000 0.01460200
v -0.00732400 0.01030000 0.01631600
v -0.00693300 0.01030000 0.01803000
v -0.00583700 0.01030000 0.01940400
v 0.00018500 0.01030000 0.01803000
v -0.00091100 0.01030000 0.01940400
v -0.00249500 0.01030000 0.02016700
v -0.00425300 0.01030000 0.02016700
v -0.00291400 0.00715000 0.01670200
v -0.00277400 0.00715000 0.01631600
v -0.00291400 0.00715000 0.01593000
v -0.00327000 0.00715000 0.01572500
v -0.00367400 0.00715000 0.01579600
v -0.00393800 0.00715000 0.01611100
v -0.00393800 0.00715000 0.01652100
v -0.00367400 0.00715000 0.01683600
v -0.00327000 0.00715000 0.01690700
v 0.00114800 0.01030000 0.01832900
v 0.00157600 0.01030000 0.01631600
v 0.00114800 0.01030000 0.01430300
v -0.00006200 0.01030000 0.01263700
v -0.00184400 0.01030000 0.01160800
v -0.00389100 0.01030000 0.01139300
v -0.00584900 0.01030000 0.01202900
v -0.00737900 0.01030000 0.01340600
v -0.00821600 0.01030000 0.01528700
v -0.00821600 0.01030000 0.01734500
v -0.00737900 0.01030000 0.01922600
v -0.00584900 0.01030000 0.02060300
v -0.00389100 0.01030000 0.02123900
v -0.00184400 0.01030000 0.02102400
v -0.00006200 0.01030000 0.01999500
v -0.00207200 0.00715000 0.01522300
v -0.00167400 0.00715000 0.01631600
v -0.00207200 0.00715000 0.01740900
v -0.00307900 0.00715000 0.01799000
v -0.00422400 0.00715000 0.01778800
v -0.00497100 0.00715000 0.01689700
v -0.00497100 0.00715000 0.01573500
v -0.00422400 0.00715000 0.01484400
v -0.00307900 0.00715000 0.01464200
v 0.00157600 0.00910000 0.01631600
v 0.00114800 0.00910000 0.01430300
v -0.00006200 0.00910000 0.01263700
v -0.00184400 0.00910000 0.01160800
v -0.00389100 0.00910000 0.01139300
v -0.00584900 0.00910000 0.01202900
v -0.00737900 0.00910000 0.01340600
v -0.00821600 0.00910000 0.01528700
v -0.00821600 0.00910000 0.01734500
v -0.00737900 0.00910000 0.01922600
v -0.00584900 0.00910000 0.02060300
v -0.00389100 0.00910000 0.02123900
v -0.00184400 0.00910000 0.02102400
v -0.00006200 0.00910000 0.01999500
v 0.00114800 0.00910000 0.01832900
v -0.00167400 0.00910000 0.01631600
v -0.00207200 0.00910000 0.01740900
v -0.00307900 0.00910000 0.01799000
v -0.00422400 0.00910000 0.01778800
v -0.00497100 0.00910000 0.01689700
v -0.00497100 0.00910000 0.01573500
v -0.00422400 0.00910000 0.01484400
v -0.00307900 0.00910000 0.01464200
v -0.00207200 0.00910000 0.01522300
v 0.00137600 0.01030000 0.01843100
v 0.00182600 0.00910000 0.01631600
v 0.00182600 0.01030000 0.01631600
v 0.00137600 0.00910000 0.01420100
v 0.00137600 0.01030000 0.01420100
v 0.00010500 0.00910000 0.01245200
v 0.00010500 0.01030000 0.01245200
v -0.00176700 0.00910000 0.01137000
v -0.00176700 0.01030000 0.01137000
v -0.00391800 0.00910000 0.01114400
v -0.00391800 0.01030000 0.01114400
v -0.00597400 0.00910000 0.01181300
v -0.00597400 0.01030000 0.01181300
v -0.00758100 0.00910000 0.01326000
v -0.00758100 0.01030000 0.01326000
v -0.00846000 0.00910000 0.01523500
v -0.00846000 0.01030000 0.01523500
v -0.00846000 0.00910000 0.01739700
v -0.00846000 0.01030000 0.01739700
v -0.00758100 0.00910000 0.01937200
v -0.00758100 0.01030000 0.01937200
v -0.00597400 0.00910000 0.02081900
v -0.00597400 0.01030000 0.02081900
v -0.00391800 0.00910000 0.02148800
v -0.00391800 0.01030000 0.02148800
v -0.00176700 0.00910000 0.02126200
v -0.00176700 0.01030000 0.02126200
v 0.00010500 0.00910000 0.02018000
v 0.00010500 0.01030000 0.02018000
v 0.00137600 0.00910000 0.01843100
v -0.00910000 -0.00898500 0.00395300
v -0.00910000 -0.00910700 0.00452800
v -0.00910000 -0.00898500 0.00469700
v -0.00910000 -0.00880500 0.00384900
v -0.00910000 -0.00880500 0.00480100
v -0.00910000 -0.00859800 0.00382800
v -0.00910000 -0.00859800 0.00482200
v -0.00910000 -0.00840000 0.00475800
v -0.00910000 -0.00840000 0.00389200
v -0.00910000 -0.00824500 0.00461900
v -0.00910000 -0.00824500 0.00403100
v -0.00850000 -0.00910700 0.00452800
v -0.00850000 -0.00898500 0.00395300
v -0.00850000 -0.00898500 0.00469700
v -0.00850000 -0.00880500 0.00384900
v -0.00850000 -0.00880500 0.00480100
v -0.00850000 -0.00859800 0.00382800
v -0.00850000 -0.00859800 0.00482200
v -0.00850000 -0.00840000 0.00475800
v -0.00850000 -0.00840000 0.00389200
v -0.00850000 -0.00824500 0.00461900
v -0.00850000 -0.00824500 0.00403100
v -0.00910000 -0.00910700 0.00412200
v -0.00850000 -0.00915000 0.00432500
v -0.00910000 -0.00915000 0.00432500
v -0.00850000 -0.00816100 0.00442900
v -0.00910000 -0.00816100 0.00442900
v -0.00850000 -0.00816100 0.00422100
v -0.00910000 -0.00816100 0.00422100
v -0.00850000 -0.00910700 0.00412200
v -0.00910000 -0.00898500 0.01284300
v -0.00910000 -0.00910700 0.01341800
v -0.00910000 -0.00898500 0.01358700
v -0.00910000 -0.00880500 0.01274000
v -0.00910000 -0.00880500 0.01369000
v -0.00910000 -0.00859800 0.01271800
v -0.00910000 -0.00859800 0.01371200
v -0.00910000 -0.00840000 0.01364800
v -0.00910000 -0.00840000 0.01278200
v -0.00910000 -0.00824500 0.01350900
v -0.00910000 -0.00824500 0.01292100
v -0.00850000 -0.00910700 0.01341800
v -0.00850000 -0.00898500 0.01284300
v -0.00850000 -0.00898500 0.01358700
v -0.00850000 -0.00880500 0.01274000
v -0.00850000 -0.00880500 0.01369000
v -0.00850000 -0.00859800 0.01271800
v -0.00850000 -0.00859800 0.01371200
v -0.00850000 -0.00840000 0.01364800
v -0.00850000 -0.00840000 0.01278200
v -0.00850000 -0.00824500 0.01350900
v -0.00850000 -0.00824500 0.01292100
v -0.00910000 -0.00910700 0.01301200
v -0.00850000 -0.00915000 0.01321500
v -0.00910000 -0.00915000 0.01321500
v -0.00850000 -0.00816100 0.01331900
v -0.00910000 -0.00816100 0.01331900
v -0.00850000 -0.00816100 0.01311100
v -0.00910000 -0.00816100 0.01311100
v -0.00850000 -0.00910700 0.01301200
v 0.00340000 -0.00670000 0.00670000
v 0.00160000 -0.00670000 0.00670000
v 0.00340000 -0.00670000 0.00870000
v 0.00160000 -0.00670000 0.00870000
v -0.00090000 -0.00665000 0.00870000
v 0.00090000 -0.00665000 0.00870000
v -0.00090000 -0.00670000 0.00670000
v 0.00090000 -0.00670000 0.00670000
v -0.00090000 -0.00670000 -0.00520000
v 0.00090000 -0.00670000 -0.00520000
v -0.00090000 -0.00665000 -0.00720000
v 0.00090000 -0.00665000 -0.00720000
v -0.00340000 -0.00670000 0.00870000
v -0.00160000 -0.00670000 0.00870000
v -0.00340000 -0.00670000 0.00670000
v -0.00160000 -0.00670000 0.00670000
v 0.00090000 -0.00670000 0.00870000
v -0.00090000 -0.00670000 0.00870000
v 0.00090000 -0.00670000 -0.00720000
v -0.00090000 -0.00670000 -0.00720000
v -0.00450000 -0.00670000 -0.00650000
v -0.00450000 -0.00670000 -0.00730000
v 0.00450000 -0.00670000 -0.00730000
v 0.00450000 -0.00670000 -0.00650000
v 0.00490200 -0.00670000 -0.00500000
v 0.00127500 -0.00670000 -0.00220800
v 0.00239600 -0.00670000 -0.00087200
v -0.00490200 -0.00670000 -0.00500000
v -0.00195300 -0.00670000 -0.00163900
v -0.00255000 -0.00670000 -0.00000000
v -0.00600000 -0.00670000 -0.00390200
v -0.00600000 -0.00670000 0.00397900
v -0.00626900 -0.00670000 0.00393100
v -0.00750000 -0.00670000 -0.00350000
v -0.00650600 -0.00670000 0.00406800
v -0.00830000 -0.00670000 -0.00350000
v -0.00660000 -0.00670000 0.00432500
v -0.00660000 -0.00670000 0.00559500
v -0.00650600 -0.00670000 0.00458200
v -0.00650600 -0.00670000 0.00533800
v -0.00626900 -0.00670000 0.00471900
v -0.00626900 -0.00670000 0.00520100
v -0.00600000 -0.00670000 0.00524900
v -0.00830000 -0.00670000 0.01415000
v -0.00660000 -0.00670000 0.00686500
v -0.00650600 -0.00670000 0.00585200
v -0.00650600 -0.00670000 0.00660800
v -0.00626900 -0.00670000 0.00598900
v -0.00626900 -0.00670000 0.00647100
v -0.00600000 -0.00670000 0.00594100
v -0.00600000 -0.00670000 0.00651900
v -0.00582400 -0.00670000 0.00573200
v -0.00582400 -0.00670000 0.00672800
v -0.00471000 -0.00670000 0.00588600
v -0.00582400 -0.00670000 0.00700200
v -0.00435400 -0.00670000 0.00609100
v -0.00582400 -0.00670000 0.00799800
v -0.00582400 -0.00670000 0.00827200
v -0.00582400 -0.00670000 0.00926800
v -0.00600000 -0.00670000 0.00905900
v -0.00600000 -0.00670000 0.00848100
v -0.00626900 -0.00670000 0.00901100
v -0.00626900 -0.00670000 0.00852900
v -0.00650600 -0.00670000 0.00914800
v -0.00650600 -0.00670000 0.00839200
v -0.00660000 -0.00670000 0.00940500
v -0.00660000 -0.00670000 0.00813500
v -0.00598000 -0.00670000 0.01415000
v -0.00650600 -0.00670000 0.01347200
v -0.00660000 -0.00670000 0.01321500
v -0.00660000 -0.00670000 0.01194500
v -0.00650600 -0.00670000 0.01295800
v -0.00650600 -0.00670000 0.01220200
v -0.00626900 -0.00670000 0.01233900
v -0.00626900 -0.00670000 0.01282100
v -0.00600000 -0.00670000 0.01229100
v -0.00600000 -0.00670000 0.01286900
v -0.00582400 -0.00670000 0.01208200
v -0.00582400 -0.00670000 0.01307800
v -0.00233500 -0.00670000 0.01295800
v -0.00582400 -0.00670000 0.01335200
v -0.00600000 -0.00670000 0.01356100
v -0.00626900 -0.00670000 0.01360900
v 0.00140500 -0.00670000 0.01380600
v 0.00417900 -0.00670000 0.01645400
v 0.00127500 -0.00670000 0.00220800
v 0.00365000 -0.00670000 0.00550000
v 0.00379000 -0.00670000 0.00511400
v 0.00520000 -0.00670000 0.02015000
v 0.00830000 -0.00670000 0.02270000
v 0.00481400 -0.00670000 0.00570500
v 0.00455000 -0.00670000 0.00602000
v 0.00414600 -0.00670000 0.00609100
v 0.00520000 -0.00670000 0.02270000
v 0.00830000 -0.00670000 -0.00350000
v 0.00481400 -0.00670000 0.00529500
v 0.00750000 -0.00670000 -0.00350000
v 0.00455000 -0.00670000 0.00498000
v 0.00600000 -0.00670000 -0.00390200
v 0.00239600 -0.00670000 0.00087200
v -0.00395000 -0.00670000 0.00602000
v -0.00368600 -0.00670000 0.00570500
v -0.00368600 -0.00670000 0.00529500
v -0.00195300 -0.00670000 0.00163900
v -0.00395000 -0.00670000 0.00498000
v -0.00435400 -0.00670000 0.00490900
v -0.00582400 -0.00670000 0.00418800
v -0.00471000 -0.00670000 0.00511400
v -0.00582400 -0.00670000 0.00446200
v -0.00485000 -0.00670000 0.00550000
v -0.00582400 -0.00670000 0.00545800
v -0.00044300 -0.00670000 0.00251100
v -0.00044300 -0.00670000 -0.00251100
v -0.00660000 -0.00670000 0.01067500
v -0.00650600 -0.00670000 0.01168800
v -0.00650600 -0.00670000 0.01093200
v -0.00626900 -0.00670000 0.01106900
v -0.00626900 -0.00670000 0.01155100
v -0.00600000 -0.00670000 0.01159900
v -0.00582400 -0.00670000 0.01180800
v -0.00582400 -0.00670000 0.01081200
v -0.00600000 -0.00670000 0.01102100
v -0.00582400 -0.00670000 0.01053800
v -0.00582400 -0.00670000 0.00954200
v -0.00600000 -0.00670000 0.01032900
v -0.00600000 -0.00670000 0.00975100
v -0.00626900 -0.00670000 0.00979900
v -0.00650600 -0.00670000 0.01041800
v -0.00650600 -0.00670000 0.00966200
v -0.00626900 -0.00670000 0.01028100
v -0.00650600 -0.00670000 0.00712200
v -0.00650600 -0.00670000 0.00787800
v -0.00626900 -0.00670000 0.00725900
v -0.00626900 -0.00670000 0.00774100
v -0.00600000 -0.00670000 0.00778900
v -0.00600000 -0.00670000 0.00721100
v -0.00600000 -0.00670000 0.00467100
v 0.00414600 -0.00670000 0.00490900
v 0.00379000 -0.00670000 0.00588600
v -0.00598000 -0.00770000 0.01415000
v -0.00233500 -0.00770000 0.01295800
v 0.00140500 -0.00770000 0.01380600
v 0.00417900 -0.00770000 0.01645400
v 0.00520000 -0.00770000 0.02015000
v 0.00520000 -0.00770000 0.02270000
v 0.00830000 -0.00770000 0.02270000
v 0.00830000 -0.00770000 -0.00350000
v 0.00750000 -0.00770000 -0.00350000
v 0.00600000 -0.00770000 -0.00390200
v 0.00490200 -0.00770000 -0.00500000
v 0.00450000 -0.00770000 -0.00650000
v 0.00450000 -0.00770000 -0.00730000
v -0.00450000 -0.00770000 -0.00730000
v -0.00450000 -0.00770000 -0.00650000
v -0.00490200 -0.00770000 -0.00500000
v -0.00600000 -0.00770000 -0.00390200
v -0.00750000 -0.00770000 -0.00350000
v -0.00830000 -0.00770000 -0.00350000
v -0.00830000 -0.00770000 0.01415000
v -0.00195300 -0.00770000 -0.00163900
v -0.00255000 -0.00770000 -0.00000000
v -0.00195300 -0.00770000 0.00163900
v -0.00044300 -0.00770000 0.00251100
v 0.00127500 -0.00770000 0.00220800
v 0.00239600 -0.00770000 0.00087200
v 0.00239600 -0.00770000 -0.00087200
v 0.00127500 -0.00770000 -0.00220800
v -0.00044300 -0.00770000 -0.00251100
v -0.00471000 -0.00770000 0.00511400
v -0.00485000 -0.00770000 0.00550000
v -0.00471000 -0.00770000 0.00588600
v -0.00435400 -0.00770000 0.00609100
v -0.00395000 -0.00770000 0.00602000
v -0.00368600 -0.00770000 0.00570500
v -0.00368600 -0.00770000 0.00529500
v -0.00395000 -0.00770000 0.00498000
v -0.00435400 -0.00770000 0.00490900
v 0.00379000 -0.00770000 0.00511400
v 0.00365000 -0.00770000 0.00550000
v 0.00379000 -0.00770000 0.00588600
v 0.00414600 -0.00770000 0.00609100
v 0.00455000 -0.00770000 0.00602000
v 0.00481400 -0.00770000 0.00570500
v 0.00481400 -0.00770000 0.00529500
v 0.00455000 -0.00770000 0.00498000
v 0.00414600 -0.00770000 0.00490900
v -0.00650600 -0.00770000 0.00406800
v -0.00660000 -0.00770000 0.00432500
v -0.00650600 -0.00770000 0.00458200
v -0.00626900 -0.00770000 0.00471900
v -0.00600000 -0.00770000 0.00467100
v -0.00582400 -0.00770000 0.00446200
v -0.00582400 -0.00770000 0.00418800
v -0.00600000 -0.00770000 0.00397900
v -0.00626900 -0.00770000 0.00393100
v -0.00650600 -0.00770000 0.00533800
v -0.00660000 -0.00770000 0.00559500
v -0.00650600 -0.00770000 0.00585200
v -0.00626900 -0.00770000 0.00598900
v -0.00600000 -0.00770000 0.00594100
v -0.00582400 -0.00770000 0.00573200
v -0.00582400 -0.00770000 0.00545800
v -0.00600000 -0.00770000 0.00524900
v -0.00626900 -0.00770000 0.00520100
v -0.00650600 -0.00770000 0.00660800
v -0.00660000 -0.00770000 0.00686500
v -0.00650600 -0.00770000 0.00712200
v -0.00626900 -0.00770000 0.00725900
v -0.00600000 -0.00770000 0.00721100
v -0.00582400 -0.00770000 0.00700200
v -0.00582400 -0.00770000 0.00672800
v -0.00600000 -0.00770000 0.00651900
v -0.00626900 -0.00770000 0.00647100
v -0.00650600 -0.00770000 0.00787800
v -0.00660000 -0.00770000 0.00813500
v -0.00650600 -0.00770000 0.00839200
v -0.00626900 -0.00770000 0.00852900
v -0.00600000 -0.00770000 0.00848100
v -0.00582400 -0.00770000 0.00827200
v -0.00582400 -0.00770000 0.00799800
v -0.00600000 -0.00770000 0.00778900
v -0.00626900 -0.00770000 0.00774100
v -0.00650600 -0.00770000 0.00914800
v -0.00660000 -0.00770000 0.00940500
v -0.00650600 -0.00770000 0.00966200
v -0.00626900 -0.00770000 0.00979900
v -0.00600000 -0.00770000 0.00975100
v -0.00582400 -0.00770000 0.00954200
v -0.00582400 -0.00770000 0.00926800
v -0.00600000 -0.00770000 0.00905900
v -0.00626900 -0.00770000 0.00901100
v -0.00650600 -0.00770000 0.01041800
v -0.00660000 -0.00770000 0.01067500
v -0.00650600 -0.00770000 0.01093200
v -0.00626900 -0.00770000 0.01106900
v -0.00600000 -0.00770000 0.01102100
v -0.00582400 -0.00770000 0.01081200
v -0.00582400 -0.00770000 0.01053800
v -0.00600000 -0.00770000 0.01032900
v -0.00626900 -0.00770000 0.01028100
v -0.00650600 -0.00770000 0.01168800
v -0.00660000 -0.00770000 0.01194500
v -0.00650600 -0.00770000 0.01220200
v -0.00626900 -0.00770000 0.01233900
v -0.00600000 -0.00770000 0.01229100
v -0.00582400 -0.00770000 0.01208200
v -0.00582400 -0.00770000 0.01180800
v -0.00600000 -0.00770000 0.01159900
v -0.00626900 -0.00770000 0.01155100
v -0.00650600 -0.00770000 0.01295800
v -0.00660000 -0.00770000 0.01321500
v -0.00650600 -0.00770000 0.01347200
v -0.00626900 -0.00770000 0.01360900
v -0.00600000 -0.00770000 0.01356100
v -0.00582400 -0.00770000 0.01335200
v -0.00582400 -0.00770000 0.01307800
v -0.00600000 -0.00770000 0.01286900
v -0.00626900 -0.00770000 0.01282100
v -0.00850000 -0.00770000 0.01164500
v -0.00850000 -0.00770000 0.01224500
v -0.00850000 -0.00815000 0.01151000
v -0.00850000 -0.00815000 0.01238000
v -0.00850000 -0.00845000 0.01174500
v -0.00850000 -0.00845000 0.01214500
v -0.00850000 -0.00845000 0.01301500
v -0.00850000 -0.00885000 0.01301500
v -0.00850000 -0.00815000 0.01278000
v -0.00850000 -0.00815000 0.01365000
v -0.00850000 -0.00845000 0.01341500
v -0.00850000 -0.00815000 0.01385000
v -0.00850000 -0.00915000 0.01385000
v -0.00850000 -0.00770000 0.01291500
v -0.00850000 -0.00770000 0.01351500
v -0.00850000 -0.00885000 0.01341500
v -0.00850000 -0.00915000 0.01365000
v -0.00850000 -0.00915000 0.01278000
v -0.00850000 -0.00885000 0.01214500
v -0.00850000 -0.00915000 0.01238000
v -0.00850000 -0.00885000 0.01174500
v -0.00850000 -0.00915000 0.01151000
v -0.00850000 -0.00885000 0.01087500
v -0.00850000 -0.00915000 0.01111000
v -0.00850000 -0.00885000 0.01047500
v -0.00850000 -0.00915000 0.01024000
v -0.00850000 -0.00885000 0.00960500
v -0.00850000 -0.00915000 0.00984000
v -0.00850000 -0.00885000 0.00920500
v -0.00850000 -0.00915000 0.00897000
v -0.00850000 -0.00885000 0.00833500
v -0.00850000 -0.00915000 0.00857000
v -0.00850000 -0.00885000 0.00793500
v -0.00850000 -0.00915000 0.00770000
v -0.00850000 -0.00885000 0.00706500
v -0.00850000 -0.00915000 0.00730000
v -0.00850000 -0.00885000 0.00666500
v -0.00850000 -0.00915000 0.00643000
v -0.00850000 -0.00885000 0.00579500
v -0.00850000 -0.00915000 0.00603000
v -0.00850000 -0.00885000 0.00539500
v -0.00850000 -0.00915000 0.00516000
v -0.00850000 -0.00885000 0.00452500
v -0.00850000 -0.00915000 0.00476000
v -0.00850000 -0.00885000 0.00412500
v -0.00850000 -0.00915000 0.00389000
v -0.00850000 -0.00960000 0.01351500
v -0.00850000 -0.00960000 0.01291500
v -0.00850000 -0.00960000 0.01224500
v -0.00850000 -0.00960000 0.01164500
v -0.00850000 -0.00960000 0.01097500
v -0.00850000 -0.00960000 0.01037500
v -0.00850000 -0.00960000 0.00970500
v -0.00850000 -0.00960000 0.00910500
v -0.00850000 -0.00960000 0.00843500
v -0.00850000 -0.00960000 0.00783500
v -0.00850000 -0.00960000 0.00716500
v -0.00850000 -0.00960000 0.00656500
v -0.00850000 -0.00960000 0.00589500
v -0.00850000 -0.00960000 0.00529500
v -0.00850000 -0.00960000 0.00462500
v -0.00850000 -0.00960000 0.00402500
v -0.00850000 -0.00915000 0.00369000
v -0.00850000 -0.00815000 0.00369000
v -0.00850000 -0.00845000 0.00412500
v -0.00850000 -0.00815000 0.00389000
v -0.00850000 -0.00815000 0.00476000
v -0.00850000 -0.00770000 0.00462500
v -0.00850000 -0.00770000 0.00402500
v -0.00850000 -0.00815000 0.00516000
v -0.00850000 -0.00845000 0.00539500
v -0.00850000 -0.00845000 0.00452500
v -0.00850000 -0.00770000 0.00529500
v -0.00850000 -0.00770000 0.00589500
v -0.00850000 -0.00815000 0.00603000
v -0.00850000 -0.00845000 0.00579500
v -0.00850000 -0.00845000 0.00666500
v -0.00850000 -0.00815000 0.00643000
v -0.00850000 -0.00815000 0.00730000
v -0.00850000 -0.00845000 0.00706500
v -0.00850000 -0.00845000 0.00793500
v -0.00850000 -0.00770000 0.00656500
v -0.00850000 -0.00770000 0.00716500
v -0.00850000 -0.00815000 0.00770000
v -0.00850000 -0.00815000 0.00857000
v -0.00850000 -0.00845000 0.00833500
v -0.00850000 -0.00845000 0.00920500
v -0.00850000 -0.00770000 0.00783500
v -0.00850000 -0.00770000 0.00843500
v -0.00850000 -0.00815000 0.00897000
v -0.00850000 -0.00815000 0.00984000
v -0.00850000 -0.00845000 0.00960500
v -0.00850000 -0.00845000 0.01047500
v -0.00850000 -0.00770000 0.00910500
v -0.00850000 -0.00770000 0.00970500
v -0.00850000 -0.00815000 0.01024000
v -0.00850000 -0.00815000 0.01111000
v -0.00850000 -0.00845000 0.01087500
v -0.00850000 -0.00770000 0.01037500
v -0.00850000 -0.00770000 0.01097500
v -0.01070000 -0.00885000 0.00539500
v -0.01070000 -0.00885000 0.00579500
v -0.01070000 -0.00885000 0.00793500
v -0.01070000 -0.00885000 0.00833500
v -0.01070000 -0.00885000 0.01047500
v -0.01070000 -0.00885000 0.01087500
v -0.01070000 -0.00885000 0.01301500
v -0.01070000 -0.00885000 0.01341500
v -0.01070000 -0.00885000 0.01174500
v -0.01070000 -0.00885000 0.01214500
v -0.01070000 -0.00885000 0.00920500
v -0.01070000 -0.00885000 0.00960500
v -0.01070000 -0.00885000 0.00666500
v -0.01070000 -0.00885000 0.00706500
v -0.01070000 -0.00885000 0.00412500
v -0.01070000 -0.00885000 0.00452500
v -0.00700000 -0.00815000 0.01238000
v -0.00700000 -0.00770000 0.01224500
v -0.00700000 -0.00815000 0.00369000
v -0.00700000 -0.00915000 0.00369000
v -0.00700000 -0.00915000 0.01385000
v -0.00700000 -0.00815000 0.01385000
v -0.01100000 -0.00871000 0.00553500
v -0.01070000 -0.00845000 0.00539500
v -0.01070000 -0.00845000 0.00579500
v -0.01100000 -0.00871000 0.00807500
v -0.01070000 -0.00845000 0.00793500
v -0.01070000 -0.00845000 0.00833500
v -0.01100000 -0.00871000 0.01061500
v -0.01070000 -0.00845000 0.01047500
v -0.01070000 -0.00845000 0.01087500
v -0.01100000 -0.00871000 0.01315500
v -0.01070000 -0.00845000 0.01301500
v -0.01070000 -0.00845000 0.01341500
v -0.01100000 -0.00871000 0.01188500
v -0.01070000 -0.00845000 0.01174500
v -0.01070000 -0.00845000 0.01214500
v -0.01100000 -0.00871000 0.00934500
v -0.01070000 -0.00845000 0.00920500
v -0.01070000 -0.00845000 0.00960500
v -0.01100000 -0.00871000 0.00680500
v -0.01070000 -0.00845000 0.00666500
v -0.01070000 -0.00845000 0.00706500
v -0.01100000 -0.00871000 0.00426500
v -0.01070000 -0.00845000 0.00412500
v -0.01070000 -0.00845000 0.00452500
v -0.00700000 -0.00770000 0.01164500
v -0.00700000 -0.00815000 0.01278000
v -0.00700000 -0.00915000 0.01365000
v -0.00700000 -0.00885000 0.01341500
v -0.00700000 -0.00885000 0.01301500
v -0.00700000 -0.00915000 0.01278000
v -0.00700000 -0.00915000 0.01238000
v -0.00700000 -0.00885000 0.01214500
v -0.00700000 -0.00885000 0.01174500
v -0.00700000 -0.00845000 0.01341500
v -0.00700000 -0.00815000 0.01365000
v -0.00700000 -0.00845000 0.01301500
v -0.00700000 -0.00845000 0.01214500
v -0.00700000 -0.00845000 0.01174500
v -0.00700000 -0.00815000 0.01151000
v -0.00700000 -0.00845000 0.01087500
v -0.00700000 -0.00815000 0.01111000
v -0.00700000 -0.00845000 0.01047500
v -0.00700000 -0.00815000 0.01024000
v -0.00700000 -0.00845000 0.00960500
v -0.00700000 -0.00815000 0.00984000
v -0.00700000 -0.00845000 0.00920500
v -0.00700000 -0.00815000 0.00897000
v -0.00700000 -0.00845000 0.00833500
v -0.00700000 -0.00815000 0.00857000
v -0.00700000 -0.00845000 0.00793500
v -0.00700000 -0.00815000 0.00770000
v -0.00700000 -0.00845000 0.00706500
v -0.00700000 -0.00815000 0.00730000
v -0.00700000 -0.00845000 0.00666500
v -0.00700000 -0.00815000 0.00643000
v -0.00700000 -0.00845000 0.00579500
v -0.00700000 -0.00815000 0.00603000
v -0.00700000 -0.00845000 0.00539500
v -0.00700000 -0.00815000 0.00516000
v -0.00700000 -0.00845000 0.00452500
v -0.00700000 -0.00815000 0.00476000
v -0.00700000 -0.00845000 0.00412500
v -0.00700000 -0.00815000 0.00389000
v -0.00700000 -0.00770000 0.01351500
v -0.00700000 -0.00770000 0.01291500
v -0.00700000 -0.00770000 0.01097500
v -0.00700000 -0.00770000 0.01037500
v -0.00700000 -0.00770000 0.00970500
v -0.00700000 -0.00770000 0.00910500
v -0.00700000 -0.00770000 0.00843500
v -0.00700000 -0.00770000 0.00783500
v -0.00700000 -0.00770000 0.00716500
v -0.00700000 -0.00770000 0.00656500
v -0.00700000 -0.00770000 0.00589500
v -0.00700000 -0.00770000 0.00529500
v -0.00700000 -0.00770000 0.00462500
v -0.00700000 -0.00770000 0.00402500
v -0.00700000 -0.00885000 0.00412500
v -0.00700000 -0.00915000 0.00389000
v -0.00700000 -0.00915000 0.00476000
v -0.00700000 -0.00960000 0.00462500
v -0.00700000 -0.00960000 0.00402500
v -0.00700000 -0.00915000 0.00516000
v -0.00700000 -0.00885000 0.00539500
v -0.00700000 -0.00885000 0.00452500
v -0.00700000 -0.00960000 0.00529500
v -0.00700000 -0.00960000 0.00589500
v -0.00700000 -0.00915000 0.00603000
v -0.00700000 -0.00885000 0.00579500
v -0.00700000 -0.00885000 0.00666500
v -0.00700000 -0.00915000 0.00643000
v -0.00700000 -0.00915000 0.00730000
v -0.00700000 -0.00885000 0.00706500
v -0.00700000 -0.00885000 0.00793500
v -0.00700000 -0.00960000 0.00656500
v -0.00700000 -0.00960000 0.00716500
v -0.00700000 -0.00915000 0.00770000
v -0.00700000 -0.00915000 0.00857000
v -0.00700000 -0.00885000 0.00833500
v -0.00700000 -0.00885000 0.00920500
v -0.00700000 -0.00960000 0.00783500
v -0.00700000 -0.00960000 0.00843500
v -0.00700000 -0.00915000 0.00897000
v -0.00700000 -0.00915000 0.00984000
v -0.00700000 -0.00885000 0.00960500
v -0.00700000 -0.00885000 0.01047500
v -0.00700000 -0.00960000 0.00910500
v -0.00700000 -0.00960000 0.00970500
v -0.00700000 -0.00915000 0.01024000
v -0.00700000 -0.00915000 0.01111000
v -0.00700000 -0.00885000 0.01087500
v -0.00700000 -0.00960000 0.01037500
v -0.00700000 -0.00960000 0.01097500
v -0.00700000 -0.00915000 0.01151000
v -0.00700000 -0.00960000 0.01164500
v -0.00700000 -0.00960000 0.01224500
v -0.00700000 -0.00960000 0.01291500
v -0.00700000 -0.00960000 0.01351500
v -0.01100000 -0.00859000 0.00565500
v -0.01100000 -0.00859000 0.00819500
v -0.01100000 -0.00859000 0.01073500
v -0.01100000 -0.00859000 0.01327500
v -0.01100000 -0.00859000 0.01200500
v -0.01100000 -0.00859000 0.00946500
v -0.01100000 -0.00859000 0.00692500
v -0.01100000 -0.00859000 0.00438500
v -0.00640000 -0.00885000 0.00452500
v -0.00640000 -0.00845000 0.00452500
v -0.00600000 -0.00845000 0.00452500
v -0.00600000 -0.00650000 0.00432500
v -0.00640000 -0.00650000 0.00452500
v -0.00640000 -0.00885000 0.00412500
v -0.00640000 -0.00885000 0.00579500
v -0.00640000 -0.00845000 0.00579500
v -0.00600000 -0.00845000 0.00579500
v -0.00600000 -0.00650000 0.00579500
v -0.00640000 -0.00650000 0.00579500
v -0.00640000 -0.00885000 0.00539500
v -0.00640000 -0.00885000 0.00706500
v -0.00640000 -0.00845000 0.00706500
v -0.00600000 -0.00845000 0.00706500
v -0.00600000 -0.00650000 0.00706500
v -0.00640000 -0.00650000 0.00706500
v -0.00640000 -0.00885000 0.00666500
v -0.00640000 -0.00885000 0.00833500
v -0.00640000 -0.00845000 0.00833500
v -0.00600000 -0.00845000 0.00833500
v -0.00600000 -0.00650000 0.00833500
v -0.00640000 -0.00650000 0.00833500
v -0.00640000 -0.00885000 0.00793500
v -0.00640000 -0.00885000 0.00960500
v -0.00640000 -0.00845000 0.00960500
v -0.00600000 -0.00845000 0.00960500
v -0.00600000 -0.00650000 0.00960500
v -0.00640000 -0.00650000 0.00960500
v -0.00640000 -0.00885000 0.00920500
v -0.00640000 -0.00885000 0.01087500
v -0.00640000 -0.00845000 0.01087500
v -0.00600000 -0.00845000 0.01087500
v -0.00600000 -0.00650000 0.01087500
v -0.00640000 -0.00650000 0.01087500
v -0.00640000 -0.00885000 0.01047500
v -0.00640000 -0.00885000 0.01214500
v -0.00640000 -0.00845000 0.01214500
v -0.00600000 -0.00845000 0.01214500
v -0.00600000 -0.00650000 0.01214500
v -0.00640000 -0.00650000 0.01214500
v -0.00640000 -0.00885000 0.01174500
v -0.00640000 -0.00845000 0.01341500
v -0.00640000 -0.00845000 0.01301500
v -0.00640000 -0.00885000 0.01341500
v -0.00600000 -0.00845000 0.01341500
v -0.00600000 -0.00650000 0.01341500
v -0.00640000 -0.00650000 0.01341500
v -0.00640000 -0.00885000 0.01301500
v -0.01100000 -0.00859000 0.00553500
v -0.01100000 -0.00859000 0.00807500
v -0.01100000 -0.00859000 0.01061500
v -0.01100000 -0.00859000 0.01315500
v -0.01100000 -0.00859000 0.01188500
v -0.01100000 -0.00859000 0.00934500
v -0.01100000 -0.00859000 0.00680500
v -0.01100000 -0.00859000 0.00426500
v -0.00640000 -0.00845000 0.00412500
v -0.00640000 -0.00650000 0.00412500
v -0.00626000 -0.00620000 0.00438500
v -0.00600000 -0.00845000 0.00412500
v -0.00640000 -0.00845000 0.00539500
v -0.00640000 -0.00650000 0.00539500
v -0.00626000 -0.00620000 0.00565500
v -0.00600000 -0.00845000 0.00539500
v -0.00600000 -0.00650000 0.00539500
v -0.00640000 -0.00845000 0.00666500
v -0.00640000 -0.00650000 0.00666500
v -0.00626000 -0.00620000 0.00692500
v -0.00600000 -0.00845000 0.00666500
v -0.00600000 -0.00650000 0.00666500
v -0.00640000 -0.00845000 0.00793500
v -0.00640000 -0.00650000 0.00793500
v -0.00626000 -0.00620000 0.00819500
v -0.00600000 -0.00845000 0.00793500
v -0.00600000 -0.00650000 0.00793500
v -0.00640000 -0.00845000 0.00920500
v -0.00640000 -0.00650000 0.00920500
v -0.00626000 -0.00620000 0.00946500
v -0.00600000 -0.00845000 0.00920500
v -0.00600000 -0.00650000 0.00920500
v -0.00640000 -0.00845000 0.01047500
v -0.00640000 -0.00650000 0.01047500
v -0.00626000 -0.00620000 0.01073500
v -0.00600000 -0.00845000 0.01047500
v -0.00600000 -0.00650000 0.01047500
v -0.00640000 -0.00845000 0.01174500
v -0.00640000 -0.00650000 0.01174500
v -0.00626000 -0.00620000 0.01200500
v -0.00600000 -0.00845000 0.01174500
v -0.00600000 -0.00650000 0.01174500
v -0.00640000 -0.00650000 0.01301500
v -0.00626000 -0.00620000 0.01327500
v -0.00600000 -0.00845000 0.01301500
v -0.00600000 -0.00650000 0.01301500
v -0.00626000 -0.00620000 0.00426500
v -0.00626000 -0.00620000 0.00553500
v -0.00614000 -0.00620000 0.00553500
v -0.00626000 -0.00620000 0.00680500
v -0.00614000 -0.00620000 0.00680500
v -0.00626000 -0.00620000 0.00807500
v -0.00614000 -0.00620000 0.00807500
v -0.00626000 -0.00620000 0.00934500
v -0.00614000 -0.00620000 0.00934500
v -0.00626000 -0.00620000 0.01061500
v -0.00614000 -0.00620000 0.01061500
v -0.00626000 -0.00620000 0.01188500
v -0.00614000 -0.00620000 0.01188500
v -0.00626000 -0.00620000 0.01315500
v -0.00614000 -0.00620000 0.01315500
v 0.00570000 -0.00775000 0.01820000
v 0.00770000 -0.00775000 0.01820000
v 0.00570000 -0.00775000 0.01670000
v 0.00770000 -0.00775000 0.01670000
v 0.00770000 -0.00770000 0.01820000
v 0.00570000 -0.00770000 0.01820000
v 0.00570000 -0.00770000 0.01670000
v 0.00770000 -0.00770000 0.01670000
v 0.00124600 -0.00860000 0.01227200
v 0.00459300 -0.00860000 0.00890100
v 0.00124600 -0.00860000 0.00827200
v 0.00454600 -0.00860000 0.00877200
v 0.00459300 -0.00860000 0.00864300
v 0.00524600 -0.00860000 0.01227200
v 0.00471200 -0.00860000 0.00896900
v 0.00484600 -0.00860000 0.00894500
v 0.00493400 -0.00860000 0.00884000
v 0.00524600 -0.00860000 0.00827200
v 0.00493400 -0.00860000 0.00870400
v 0.00484600 -0.00860000 0.00859900
v 0.00471200 -0.00860000 0.00857500
v 0.00239600 -0.00790000 0.01227200
v 0.00214600 -0.00790000 0.01227200
v 0.00124600 -0.00775000 0.01227200
v 0.00214600 -0.00775000 0.01227200
v 0.00279600 -0.00790000 0.01227200
v 0.00304600 -0.00790000 0.01227200
v 0.00344600 -0.00790000 0.01227200
v 0.00369600 -0.00790000 0.01227200
v 0.00409600 -0.00790000 0.01227200
v 0.00434600 -0.00790000 0.01227200
v 0.00524600 -0.00775000 0.01227200
v 0.00434600 -0.00775000 0.01227200
v 0.00124600 -0.00790000 0.00942200
v 0.00124600 -0.00790000 0.00917200
v 0.00124600 -0.00775000 0.00827200
v 0.00124600 -0.00775000 0.00917200
v 0.00124600 -0.00790000 0.00982200
v 0.00124600 -0.00790000 0.01007200
v 0.00124600 -0.00790000 0.01047200
v 0.00124600 -0.00790000 0.01072200
v 0.00124600 -0.00790000 0.01112200
v 0.00124600 -0.00790000 0.01137200
v 0.00124600 -0.00775000 0.01137200
v 0.00434600 -0.00775000 0.00827200
v 0.00434600 -0.00790000 0.00827200
v 0.00524600 -0.00775000 0.00827200
v 0.00409600 -0.00790000 0.00827200
v 0.00369600 -0.00790000 0.00827200
v 0.00344600 -0.00790000 0.00827200
v 0.00304600 -0.00790000 0.00827200
v 0.00279600 -0.00790000 0.00827200
v 0.00239600 -0.00790000 0.00827200
v 0.00214600 -0.00790000 0.00827200
v 0.00214600 -0.00775000 0.00827200
v 0.00524600 -0.00790000 0.01112200
v 0.00524600 -0.00790000 0.01137200
v 0.00524600 -0.00775000 0.01137200
v 0.00524600 -0.00790000 0.01072200
v 0.00524600 -0.00790000 0.01047200
v 0.00524600 -0.00790000 0.01007200
v 0.00524600 -0.00790000 0.00982200
v 0.00524600 -0.00790000 0.00942200
v 0.00524600 -0.00790000 0.00917200
v 0.00524600 -0.00775000 0.00917200
v -0.00380000 -0.00670000 0.00571700
v -0.00380000 -0.00770000 0.00571700
v -0.00375000 -0.00670000 0.00550000
v -0.00375000 -0.00770000 0.00550000
v -0.00380000 -0.00670000 0.00528300
v -0.00380000 -0.00770000 0.00528300
v -0.00393800 -0.00670000 0.00510900
v -0.00393800 -0.00770000 0.00510900
v -0.00413900 -0.00670000 0.00501300
v -0.00413900 -0.00770000 0.00501300
v -0.00436100 -0.00670000 0.00501300
v -0.00436100 -0.00770000 0.00501300
v -0.00456200 -0.00670000 0.00510900
v -0.00456200 -0.00770000 0.00510900
v -0.00470000 -0.00670000 0.00528300
v -0.00470000 -0.00770000 0.00528300
v -0.00475000 -0.00670000 0.00550000
v -0.00475000 -0.00770000 0.00550000
v -0.00470000 -0.00670000 0.00571700
v -0.00470000 -0.00770000 0.00571700
v -0.00456200 -0.00670000 0.00589100
v -0.00456200 -0.00770000 0.00589100
v -0.00436100 -0.00670000 0.00598700
v -0.00436100 -0.00770000 0.00598700
v -0.00413900 -0.00670000 0.00598700
v -0.00413900 -0.00770000 0.00598700
v -0.00393800 -0.00670000 0.00589100
v -0.00393800 -0.00770000 0.00589100
v -0.00180200 -0.00730000 0.00086800
v -0.00200000 -0.00560000 -0.00000000
v -0.00200000 -0.00730000 -0.00000000
v -0.00180200 -0.00560000 -0.00086800
v -0.00180200 -0.00730000 -0.00086800
v -0.00124700 -0.00560000 -0.00156400
v -0.00124700 -0.00730000 -0.00156400
v -0.00044500 -0.00560000 -0.00195000
v -0.00044500 -0.00730000 -0.00195000
v 0.00044500 -0.00560000 -0.00195000
v 0.00044500 -0.00730000 -0.00195000
v 0.00124700 -0.00560000 -0.00156400
v 0.00124700 -0.00730000 -0.00156400
v 0.00180200 -0.00560000 -0.00086800
v 0.00180200 -0.00730000 -0.00086800
v 0.00200000 -0.00730000 -0.00000000
v 0.00200000 -0.00560000 -0.00000000
v 0.00180200 -0.00730000 0.00086800
v 0.00180200 -0.00560000 0.00086800
v 0.00124700 -0.00560000 0.00156400
v -0.00180200 -0.00560000 0.00086800
v -0.00124700 -0.00730000 0.00156400
v -0.00124700 -0.00560000 0.00156400
v -0.00044500 -0.00730000 0.00195000
v -0.00044500 -0.00560000 0.00195000
v 0.00044500 -0.00730000 0.00195000
v 0.00044500 -0.00560000 0.00195000
v 0.00124700 -0.00730000 0.00156400
v 0.00230900 -0.00730000 0.00095800
v 0.00250000 -0.00730000 -0.00000000
v 0.00230700 -0.00730000 -0.00096200
v 0.00176300 -0.00730000 -0.00177200
v 0.00095200 -0.00730000 -0.00231100
v -0.00000100 -0.00730000 -0.00250000
v -0.00095700 -0.00730000 -0.00231000
v -0.00176900 -0.00730000 -0.00176700
v -0.00230900 -0.00730000 -0.00095800
v -0.00250000 -0.00730000 -0.00000000
v -0.00230700 -0.00730000 0.00096200
v -0.00176300 -0.00730000 0.00177200
v -0.00095200 -0.00730000 0.00231100
v 0.00000100 -0.00730000 0.00250000
v 0.00095700 -0.00730000 0.00231000
v 0.00176900 -0.00730000 0.00176700
v 0.00207800 -0.00560000 -0.00086200
v 0.00225000 -0.00560000 -0.00000000
v 0.00207700 -0.00560000 0.00086600
v 0.00158600 -0.00560000 0.00159600
v 0.00085600 -0.00560000 0.00208100
v -0.00000200 -0.00560000 0.00225000
v -0.00086200 -0.00560000 0.00207900
v -0.00159200 -0.00560000 0.00159000
v -0.00207800 -0.00560000 0.00086200
v -0.00225000 -0.00560000 -0.00000000
v -0.00207700 -0.00560000 -0.00086600
v -0.00158600 -0.00560000 -0.00159600
v -0.00085600 -0.00560000 -0.00208100
v 0.00000200 -0.00560000 -0.00225000
v 0.00086200 -0.00560000 -0.00207900
v 0.00159200 -0.00560000 -0.00159000
v 0.00254300 -0.00775000 -0.00509700
v 0.00266500 -0.00775000 -0.00567200
v 0.00266500 -0.00775000 -0.00492800
v 0.00284500 -0.00775000 -0.00577600
v 0.00284500 -0.00775000 -0.00482400
v 0.00305200 -0.00775000 -0.00579700
v 0.00305200 -0.00775000 -0.00480300
v 0.00325000 -0.00775000 -0.00573300
v 0.00325000 -0.00775000 -0.00486700
v 0.00340500 -0.00775000 -0.00559400
v 0.00340500 -0.00775000 -0.00500600
v 0.00450000 -0.00460000 0.00675000
v -0.00386700 -0.00460000 0.00582100
v -0.00450000 -0.00460000 0.00675000
v -0.00400000 -0.00460000 0.00593300
v -0.00416300 -0.00460000 0.00599200
v 0.00550000 -0.00460000 0.00575000
v 0.00142700 -0.00460000 0.00174000
v 0.00125100 -0.00460000 0.00187100
v 0.00106200 -0.00460000 0.00198400
v 0.00550000 -0.00460000 -0.00175000
v 0.00215300 -0.00460000 0.00065300
v 0.00207800 -0.00460000 0.00086200
v 0.00198400 -0.00460000 0.00106200
v 0.00250000 -0.00460000 -0.00525000
v 0.00173600 -0.00460000 -0.00143200
v 0.00186800 -0.00460000 -0.00125600
v 0.00198100 -0.00460000 -0.00106700
v -0.00250000 -0.00460000 -0.00525000
v -0.00000200 -0.00460000 -0.00225000
v 0.00021900 -0.00460000 -0.00224000
v 0.00043500 -0.00460000 -0.00220800
v -0.00550000 -0.00460000 -0.00175000
v -0.00174100 -0.00460000 -0.00142600
v -0.00159200 -0.00460000 -0.00159000
v -0.00142700 -0.00460000 -0.00174000
v -0.00550000 -0.00460000 0.00575000
v -0.00463300 -0.00460000 0.00517900
v -0.00450000 -0.00460000 0.00506700
v -0.00433700 -0.00460000 0.00500800
v -0.00463300 -0.00460000 0.00582100
v -0.00472000 -0.00460000 0.00567100
v -0.00475000 -0.00460000 0.00550000
v -0.00378000 -0.00460000 0.00567100
v 0.00000200 -0.00460000 0.00225000
v -0.00375000 -0.00460000 0.00550000
v -0.00021900 -0.00460000 0.00224000
v -0.00043500 -0.00460000 0.00220800
v -0.00433700 -0.00460000 0.00599200
v -0.00450000 -0.00460000 0.00593300
v -0.00472000 -0.00460000 0.00532900
v -0.00416300 -0.00460000 0.00500800
v -0.00198100 -0.00460000 0.00106700
v -0.00207700 -0.00460000 0.00086600
v -0.00215200 -0.00460000 0.00065700
v -0.00400000 -0.00460000 0.00506700
v -0.00173600 -0.00460000 0.00143200
v -0.00186800 -0.00460000 0.00125600
v -0.00386700 -0.00460000 0.00517900
v -0.00142200 -0.00460000 0.00174400
v -0.00158600 -0.00460000 0.00159600
v -0.00378000 -0.00460000 0.00532900
v -0.00105600 -0.00460000 0.00198700
v -0.00124500 -0.00460000 0.00187500
v -0.00064800 -0.00460000 0.00215500
v -0.00085600 -0.00460000 0.00208100
v -0.00223900 -0.00460000 0.00022400
v -0.00225000 -0.00460000 -0.00000000
v -0.00223900 -0.00460000 -0.00022200
v -0.00220700 -0.00460000 -0.00044000
v -0.00215300 -0.00460000 -0.00065300
v -0.00207800 -0.00460000 -0.00086200
v -0.00198400 -0.00460000 -0.00106200
v -0.00187100 -0.00460000 -0.00125000
v -0.00125100 -0.00460000 -0.00187100
v -0.00106200 -0.00460000 -0.00198400
v -0.00086200 -0.00460000 -0.00207900
v -0.00065300 -0.00460000 -0.00215300
v -0.00044000 -0.00460000 -0.00220700
v -0.00022300 -0.00460000 -0.00223900
v 0.00064800 -0.00460000 -0.00215500
v 0.00085600 -0.00460000 -0.00208100
v 0.00105600 -0.00460000 -0.00198700
v 0.00124500 -0.00460000 -0.00187500
v 0.00142200 -0.00460000 -0.00174400
v 0.00158600 -0.00460000 -0.00159600
v 0.00207700 -0.00460000 -0.00086600
v 0.00215200 -0.00460000 -0.00065700
v 0.00220600 -0.00460000 -0.00044300
v 0.00223900 -0.00460000 -0.00022400
v 0.00225000 -0.00460000 -0.00000000
v 0.00223900 -0.00460000 0.00022200
v 0.00220700 -0.00460000 0.00044000
v 0.00187100 -0.00460000 0.00125000
v 0.00174100 -0.00460000 0.00142600
v 0.00159200 -0.00460000 0.00159000
v 0.00086200 -0.00460000 0.00207900
v 0.00065300 -0.00460000 0.00215300
v 0.00044000 -0.00460000 0.00220700
v 0.00022300 -0.00460000 0.00223900
v -0.00220600 -0.00460000 0.00044300
v -0.00450000 -0.00670000 0.00675000
v 0.00450000 -0.00670000 0.00675000
v -0.00550000 -0.00670000 -0.00175000
v -0.00550000 -0.00670000 0.00575000
v -0.00250000 -0.00670000 -0.00525000
v 0.00250000 -0.00670000 -0.00525000
v 0.00550000 -0.00670000 -0.00175000
v 0.00550000 -0.00670000 0.00575000
v -0.00378000 -0.00485000 0.00532900
v -0.00472000 -0.00485000 0.00532900
v -0.00375000 -0.00485000 0.00550000
v -0.00475000 -0.00485000 0.00550000
v -0.00378000 -0.00485000 0.00567100
v -0.00472000 -0.00485000 0.00567100
v -0.00386700 -0.00485000 0.00582100
v -0.00463300 -0.00485000 0.00582100
v -0.00400000 -0.00485000 0.00593300
v -0.00463300 -0.00485000 0.00517900
v -0.00386700 -0.00485000 0.00517900
v -0.00450000 -0.00485000 0.00506700
v -0.00145700 -0.00775000 -0.00509700
v -0.00133500 -0.00775000 -0.00567200
v -0.00133500 -0.00775000 -0.00492800
v -0.00115500 -0.00775000 -0.00577600
v -0.00115500 -0.00775000 -0.00482400
v -0.00094800 -0.00775000 -0.00579700
v -0.00094800 -0.00775000 -0.00480300
v -0.00075000 -0.00775000 -0.00573300
v -0.00075000 -0.00775000 -0.00486700
v -0.00059500 -0.00775000 -0.00559400
v -0.00059500 -0.00775000 -0.00500600
v -0.00345700 -0.00775000 -0.00509700
v -0.00333500 -0.00775000 -0.00567200
v -0.00333500 -0.00775000 -0.00492800
v -0.00315500 -0.00775000 -0.00577600
v -0.00315500 -0.00775000 -0.00482400
v -0.00294800 -0.00775000 -0.00579700
v -0.00294800 -0.00775000 -0.00480300
v -0.00275000 -0.00775000 -0.00573300
v -0.00275000 -0.00775000 -0.00486700
v -0.00259500 -0.00775000 -0.00559400
v -0.00259500 -0.00775000 -0.00500600
v -0.00105900 -0.00842000 0.00957700
v -0.00199900 -0.00842000 0.00957700
v -0.00105900 -0.00842000 0.01037700
v -0.00199900 -0.00842000 0.01037700
v -0.00105900 -0.00772000 0.00957700
v -0.00199900 -0.00771000 0.00956700
v -0.00105900 -0.00771000 0.01038700
v -0.00199900 -0.00772000 0.01037700
v -0.00070900 -0.00770000 0.01039700
v -0.00070900 -0.00844000 0.01039700
v -0.00105900 -0.00844000 0.01039700
v -0.00105900 -0.00770000 0.00955700
v -0.00105900 -0.00844000 0.00955700
v -0.00070900 -0.00770000 0.00955700
v -0.00070900 -0.00844000 0.00955700
v -0.00234900 -0.00770000 0.00955700
v -0.00234900 -0.00844000 0.00955700
v -0.00199900 -0.00844000 0.00955700
v -0.00199900 -0.00770000 0.01039700
v -0.00199900 -0.00844000 0.01039700
v -0.00234900 -0.00770000 0.01039700
v -0.00234900 -0.00844000 0.01039700
v -0.00200300 -0.00669500 0.01081200
v -0.00367300 -0.00669600 0.01081200
v -0.00217800 -0.00549000 0.01080600
v -0.00349800 -0.00549000 0.01080600
v -0.00349800 -0.00549000 0.00960700
v -0.00217800 -0.00549000 0.00960700
v -0.00200300 -0.00669600 0.00960200
v -0.00367300 -0.00669500 0.00960200
v -0.00217800 -0.00548000 0.01081600
v -0.00182800 -0.00548000 0.01081600
v -0.00217800 -0.00548000 0.00959700
v -0.00182800 -0.00548000 0.00959700
v -0.00349800 -0.00548000 0.00959700
v -0.00384800 -0.00548000 0.00959700
v -0.00384800 -0.00548000 0.01081600
v -0.00349800 -0.00548000 0.01081600
v 0.00054300 -0.00775000 -0.00509700
v 0.00066500 -0.00775000 -0.00567200
v 0.00066500 -0.00775000 -0.00492800
v 0.00084500 -0.00775000 -0.00577600
v 0.00084500 -0.00775000 -0.00482400
v 0.00105200 -0.00775000 -0.00579700
v 0.00105200 -0.00775000 -0.00480300
v 0.00125000 -0.00775000 -0.00573300
v 0.00125000 -0.00775000 -0.00486700
v 0.00140500 -0.00775000 -0.00559400
v 0.00140500 -0.00775000 -0.00500600
v 0.00570000 -0.00775000 0.02120000
v 0.00770000 -0.00775000 0.02120000
v 0.00570000 -0.00775000 0.01970000
v 0.00770000 -0.00775000 0.01970000
v 0.00770000 -0.00770000 0.02120000
v 0.00570000 -0.00770000 0.02120000
v 0.00570000 -0.00770000 0.01970000
v 0.00770000 -0.00770000 0.01970000
v 0.00373300 -0.00825000 -0.00265300
v 0.00373300 -0.00825000 0.00134700
v 0.00724300 -0.00825000 -0.00221000
v 0.00773300 -0.00825000 0.00134700
v 0.00727100 -0.00825000 -0.00217500
v 0.00731100 -0.00825000 -0.00215600
v 0.00735600 -0.00825000 -0.00215600
v 0.00739600 -0.00825000 -0.00217500
v 0.00742400 -0.00825000 -0.00221000
v 0.00773300 -0.00825000 -0.00265300
v 0.00727100 -0.00825000 -0.00233200
v 0.00724300 -0.00825000 -0.00229700
v 0.00723300 -0.00825000 -0.00225300
v 0.00773300 -0.00775000 -0.00265300
v 0.00773300 -0.00775000 0.00134700
v 0.00373300 -0.00775000 0.00134700
v 0.00373300 -0.00775000 -0.00265300
v 0.00083100 -0.00710000 0.00181900
v 0.00083100 -0.00560000 0.00181900
v 0.00116000 -0.00710000 -0.00163000
v 0.00116000 -0.00560000 -0.00163000
v 0.00083100 -0.00460000 0.00181900
v 0.00116000 -0.00460000 -0.00163000
v 0.00154300 -0.00710000 -0.00127200
v 0.00182000 -0.00710000 -0.00082900
v 0.00197200 -0.00710000 -0.00033100
v 0.00199100 -0.00710000 0.00018900
v 0.00187500 -0.00710000 0.00069700
v 0.00140500 -0.00710000 0.00142300
v -0.00007300 -0.00560000 0.00199900
v -0.00007300 -0.00460000 0.00199900
v -0.00096300 -0.00560000 0.00175300
v -0.00096300 -0.00460000 0.00175300
v -0.00164700 -0.00560000 0.00113500
v -0.00164700 -0.00460000 0.00113500
v -0.00198100 -0.00560000 0.00027500
v -0.00198100 -0.00460000 0.00027500
v -0.00189400 -0.00560000 -0.00064300
v -0.00189400 -0.00460000 -0.00064300
v -0.00140300 -0.00560000 -0.00142500
v -0.00140300 -0.00460000 -0.00142500
v -0.00061500 -0.00560000 -0.00190300
v -0.00061500 -0.00460000 -0.00190300
v 0.00030500 -0.00560000 -0.00197700
v 0.00030500 -0.00460000 -0.00197700
v -0.00066100 -0.00460000 -0.00215100
v 0.00021300 -0.00460000 -0.00224000
v 0.00105900 -0.00460000 -0.00198500
v 0.00173900 -0.00460000 -0.00142800
v 0.00215200 -0.00460000 -0.00065500
v 0.00224000 -0.00460000 0.00021500
v 0.00198800 -0.00460000 0.00105500
v 0.00143200 -0.00460000 0.00173500
v 0.00066100 -0.00460000 0.00215100
v -0.00021300 -0.00460000 0.00224000
v -0.00105900 -0.00460000 0.00198500
v -0.00173900 -0.00460000 0.00142800
v -0.00215200 -0.00460000 0.00065500
v -0.00224000 -0.00460000 -0.00021500
v -0.00198800 -0.00460000 -0.00105500
v -0.00143200 -0.00460000 -0.00173500
v 0.00290000 -0.00645000 0.00825000
v 0.00210000 -0.00645000 0.00825000
v 0.00290000 -0.00645000 0.00675000
v 0.00210000 -0.00645000 0.00675000
v 0.00210000 -0.00670000 0.00825000
v 0.00210000 -0.00670000 0.00675000
v 0.00290000 -0.00670000 0.00825000
v 0.00290000 -0.00670000 0.00675000
v 0.00040000 -0.00645000 0.00825000
v -0.00040000 -0.00645000 0.00825000
v 0.00040000 -0.00645000 0.00675000
v -0.00040000 -0.00645000 0.00675000
v -0.00040000 -0.00670000 0.00825000
v -0.00040000 -0.00670000 0.00675000
v 0.00040000 -0.00670000 0.00825000
v 0.00040000 -0.00670000 0.00675000
v 0.00470000 -0.00670000 0.00571700
v 0.00470000 -0.00770000 0.00571700
v 0.00475000 -0.00670000 0.00550000
v 0.00475000 -0.00770000 0.00550000
v 0.00470000 -0.00670000 0.00528300
v 0.00470000 -0.00770000 0.00528300
v 0.00456200 -0.00670000 0.00510900
v 0.00456200 -0.00770000 0.00510900
v 0.00436100 -0.00670000 0.00501300
v 0.00436100 -0.00770000 0.00501300
v 0.00413900 -0.00670000 0.00501300
v 0.00413900 -0.00770000 0.00501300
v 0.00393800 -0.00670000 0.00510900
v 0.00393800 -0.00770000 0.00510900
v 0.00380000 -0.00670000 0.00528300
v 0.00380000 -0.00770000 0.00528300
v 0.00375000 -0.00670000 0.00550000
v 0.00375000 -0.00770000 0.00550000
v 0.00380000 -0.00670000 0.00571700
v 0.00380000 -0.00770000 0.00571700
v 0.00393800 -0.00670000 0.00589100
v 0.00393800 -0.00770000 0.00589100
v 0.00413900 -0.00670000 0.00598700
v 0.00413900 -0.00770000 0.00598700
v 0.00436100 -0.00670000 0.00598700
v 0.00436100 -0.00770000 0.00598700
v 0.00456200 -0.00670000 0.00589100
v 0.00456200 -0.00770000 0.00589100
v -0.00075000 -0.00595000 -0.00675000
v 0.00075000 -0.00595000 -0.00675000
v -0.00075000 -0.00595000 -0.00525000
v 0.00075000 -0.00595000 -0.00525000
v 0.00075000 -0.00670000 -0.00675000
v 0.00075000 -0.00670000 -0.00525000
v -0.00075000 -0.00670000 -0.00675000
v -0.00075000 -0.00670000 -0.00525000
v -0.00210000 -0.00645000 0.00825000
v -0.00290000 -0.00645000 0.00825000
v -0.00210000 -0.00645000 0.00675000
v -0.00290000 -0.00645000 0.00675000
v -0.00290000 -0.00670000 0.00825000
v -0.00290000 -0.00670000 0.00675000
v -0.00210000 -0.00670000 0.00825000
v -0.00210000 -0.00670000 0.00675000
v -0.00395000 0.01140000 0.01661800
v -0.00395000 0.01140000 0.01601400
v -0.00374300 0.01140000 0.01578100
v -0.00374300 0.01140000 0.01685100
v -0.00345200 0.01140000 0.01567100
v -0.00345200 0.01140000 0.01696100
v -0.00314400 0.01140000 0.01692400
v -0.00314400 0.01140000 0.01570800
v -0.00288700 0.01140000 0.01674700
v -0.00288700 0.01140000 0.01588500
v -0.00274300 0.01140000 0.01647200
v 0.00206000 0.01140000 0.01899100
v 0.00206000 0.01140000 0.01838700
v 0.00226700 0.01140000 0.01815400
v 0.00226700 0.01140000 0.01922400
v 0.00255800 0.01140000 0.01804400
v 0.00255800 0.01140000 0.01933400
v 0.00286600 0.01140000 0.01929700
v 0.00286600 0.01140000 0.01808100
v 0.00312300 0.01140000 0.01912000
v 0.00312300 0.01140000 0.01825800
v 0.00326700 0.01140000 0.01884500
v 0.00237200 0.01140000 0.00969900
v 0.00237200 0.01140000 0.00889500
v 0.00260000 0.01140000 0.00855500
v 0.00260000 0.01140000 0.01004000
v 0.00294000 0.01140000 0.00832700
v 0.00294000 0.01140000 0.01026700
v 0.00334200 0.01140000 0.00824700
v 0.00334200 0.01140000 0.01034700
v 0.00374400 0.01140000 0.01026700
v 0.00374400 0.01140000 0.00832700
v 0.00408400 0.01140000 0.01004000
v 0.00408400 0.01140000 0.00855500
v 0.00431200 0.01140000 0.00969900
v 0.00431200 0.01140000 0.00889500
v -0.00404400 0.01140000 0.01051500
v -0.00404400 0.01140000 0.00982100
v -0.00382200 0.01140000 0.00954300
v -0.00382200 0.01140000 0.01079400
v -0.00350100 0.01140000 0.00938800
v -0.00350100 0.01140000 0.01094800
v -0.00314500 0.01140000 0.00938800
v -0.00314500 0.01140000 0.01094800
v -0.00282400 0.01140000 0.01079400
v -0.00282400 0.01140000 0.00954300
v -0.00260200 0.01140000 0.01051500
v -0.00260200 0.01140000 0.00982100
v -0.00402400 0.01010000 0.01631600
v -0.00402400 0.01140000 0.01631600
v -0.00395000 0.01010000 0.01601400
v -0.00374300 0.01010000 0.01578100
v -0.00345200 0.01010000 0.01567100
v -0.00314400 0.01010000 0.01570800
v -0.00288700 0.01010000 0.01588500
v -0.00274300 0.01010000 0.01616000
v -0.00274300 0.01140000 0.01616000
v -0.00274300 0.01010000 0.01647200
v -0.00288700 0.01010000 0.01674700
v -0.00314400 0.01010000 0.01692400
v -0.00345200 0.01010000 0.01696100
v -0.00374300 0.01010000 0.01685100
v -0.00395000 0.01010000 0.01661800
v 0.00198600 0.01040000 0.01868900
v 0.00198600 0.01140000 0.01868900
v 0.00206000 0.01040000 0.01838700
v 0.00226700 0.01040000 0.01815400
v 0.00255800 0.01040000 0.01804400
v 0.00286600 0.01040000 0.01808100
v 0.00312300 0.01040000 0.01825800
v 0.00326700 0.01040000 0.01853300
v 0.00326700 0.01140000 0.01853300
v 0.00326700 0.01040000 0.01884500
v 0.00312300 0.01040000 0.01912000
v 0.00286600 0.01040000 0.01929700
v 0.00255800 0.01040000 0.01933400
v 0.00226700 0.01040000 0.01922400
v 0.00206000 0.01040000 0.01899100
v 0.00160300 0.00710000 0.01102300
v 0.00160300 0.00880000 0.01102300
v 0.00167600 0.00710000 0.01027300
v 0.00167600 0.00880000 0.01027300
v 0.00163500 0.00880000 0.00952000
v 0.00163500 0.00710000 0.00952000
v 0.00148100 0.00880000 0.00878200
v 0.00148100 0.00710000 0.00878200
v 0.00121800 0.00880000 0.00807600
v 0.00121800 0.00710000 0.00807600
v 0.00237200 0.00710000 0.00969900
v 0.00229200 0.01140000 0.00929700
v 0.00229200 0.00710000 0.00929700
v 0.00237200 0.00710000 0.00889500
v 0.00260000 0.00710000 0.00855500
v 0.00294000 0.00710000 0.00832700
v 0.00334200 0.00710000 0.00824700
v 0.00374400 0.00710000 0.00832700
v 0.00408400 0.00710000 0.00855500
v 0.00431200 0.00710000 0.00889500
v 0.00439200 0.01140000 0.00929700
v 0.00439200 0.00710000 0.00929700
v 0.00431200 0.00710000 0.00969900
v 0.00408400 0.00710000 0.01004000
v 0.00374400 0.00710000 0.01026700
v 0.00334200 0.00710000 0.01034700
v 0.00294000 0.00710000 0.01026700
v 0.00260000 0.00710000 0.01004000
v -0.00407100 0.00880000 0.01045100
v -0.00412300 0.01140000 0.01016800
v -0.00412100 0.00880000 0.01011200
v -0.00402500 0.00880000 0.00978400
v -0.00380000 0.00880000 0.00952600
v -0.00348800 0.00880000 0.00938500
v -0.00314500 0.00880000 0.00938800
v -0.00283600 0.00880000 0.00953400
v -0.00388400 0.00880000 0.01073800
v -0.00359500 0.00880000 0.01092000
v -0.00359500 0.01030000 0.01092000
v -0.00342000 0.01030000 0.01096200
v -0.00324000 0.01030000 0.01096400
v -0.00306400 0.01030000 0.01092500
v -0.00306400 0.00880000 0.01092500
v -0.00277100 0.00880000 0.01074700
v -0.00258000 0.00880000 0.01046400
v -0.00252300 0.01140000 0.01016800
v -0.00252400 0.00880000 0.01012600
v -0.00261500 0.00880000 0.00979600
v -0.00303400 0.00740000 0.00517600
v -0.00218400 0.00740000 0.00530000
v -0.00303400 0.00880000 0.00517600
v -0.00218400 0.00880000 0.00530000
v -0.00136700 0.00740000 0.00556600
v -0.00136700 0.00880000 0.00556600
v -0.00060800 0.00740000 0.00596900
v -0.00060800 0.00880000 0.00596900
v -0.00477400 0.01010000 0.01631600
v -0.00469800 0.01010000 0.01586100
v -0.00469800 0.01010000 0.01677100
v -0.00447900 0.01010000 0.01545600
v -0.00447900 0.01010000 0.01717600
v -0.00414000 0.01010000 0.01748800
v -0.00414000 0.01010000 0.01514400
v -0.00371800 0.01010000 0.01495900
v -0.00325800 0.01010000 0.01492100
v -0.00281200 0.01010000 0.01503400
v -0.00242600 0.01010000 0.01528600
v -0.00214300 0.01010000 0.01565000
v -0.00199300 0.01010000 0.01608600
v -0.00199300 0.01010000 0.01654600
v -0.00214300 0.01010000 0.01698200
v -0.00242600 0.01010000 0.01734600
v -0.00281200 0.01010000 0.01759800
v -0.00325800 0.01010000 0.01771100
v -0.00371800 0.01010000 0.01767300
v 0.00131200 0.01040000 0.01914400
v 0.00123600 0.01040000 0.01868900
v 0.00131200 0.01040000 0.01823400
v 0.00153100 0.01040000 0.01782900
v 0.00187000 0.01040000 0.01751700
v 0.00229200 0.01040000 0.01733200
v 0.00275200 0.01040000 0.01729400
v 0.00319800 0.01040000 0.01740700
v 0.00358400 0.01040000 0.01765900
v 0.00386700 0.01040000 0.01802300
v 0.00401700 0.01040000 0.01845900
v 0.00401700 0.01040000 0.01891900
v 0.00386700 0.01040000 0.01935500
v 0.00358400 0.01040000 0.01971900
v 0.00319800 0.01040000 0.01997100
v 0.00275200 0.01040000 0.02008400
v 0.00229200 0.01040000 0.02004600
v 0.00187000 0.01040000 0.01986100
v 0.00153100 0.01040000 0.01954900
v -0.00396600 0.00880000 0.01094800
v -0.00396600 0.01030000 0.01094800
v -0.00433400 0.01030000 0.01100200
v -0.00469800 0.01030000 0.01108100
v -0.00469800 0.00880000 0.01108100
v -0.00433400 0.00880000 0.01100200
v 0.00100500 0.00880000 0.00856200
v 0.00090100 0.00880000 0.00908300
v 0.00091300 0.00880000 0.00961400
v 0.00103800 0.00880000 0.01013100
v 0.00127200 0.00880000 0.01060800
v 0.00158500 0.00710000 0.00759000
v 0.00205900 0.00710000 0.00721000
v 0.00261300 0.00710000 0.00695800
v 0.00321200 0.00710000 0.00685000
v 0.00381900 0.00710000 0.00689400
v 0.00439600 0.00710000 0.00708600
v 0.00490900 0.00710000 0.00741400
v 0.00532500 0.00710000 0.00785800
v 0.00561800 0.00710000 0.00839100
v 0.00577100 0.00710000 0.00898000
v 0.00577500 0.00710000 0.00958800
v 0.00562800 0.00710000 0.01017800
v 0.00534000 0.00710000 0.01071400
v 0.00492900 0.00710000 0.01116300
v 0.00442100 0.00710000 0.01149700
v 0.00384500 0.00710000 0.01169500
v 0.00323900 0.00710000 0.01174500
v 0.00263900 0.00710000 0.01164400
v 0.00208200 0.00710000 0.01139800
v -0.00009000 0.01140000 0.00865000
v -0.00072400 0.01140000 0.00865000
v -0.00009000 0.00990000 0.00865000
v -0.00072400 0.00990000 0.00865000
v -0.00196400 0.01030000 0.01110300
v -0.00227400 0.01030000 0.01144200
v -0.00232600 0.01030000 0.01101900
v -0.00266500 0.01030000 0.01168100
v -0.00269300 0.01030000 0.01095900
v -0.00310700 0.01030000 0.01180400
v -0.00356600 0.01030000 0.01180000
v -0.00400600 0.01030000 0.01167000
v -0.00439300 0.01030000 0.01142400
v -0.00196400 0.00880000 0.01110300
v -0.00232600 0.00880000 0.01101900
v -0.00269300 0.00880000 0.01095900
v -0.00174400 0.00880000 0.01064500
v -0.00167300 0.00880000 0.01014200
v -0.00175900 0.00880000 0.00964100
v -0.00199400 0.00880000 0.00919000
v -0.00235500 0.00880000 0.00883200
v -0.00280800 0.00880000 0.00860100
v -0.00330900 0.00880000 0.00851800
v -0.00381200 0.00880000 0.00859200
v -0.00426900 0.00880000 0.00881600
v -0.00463500 0.00880000 0.00916800
v -0.00487800 0.00880000 0.00961500
v -0.00497200 0.00880000 0.01011400
v -0.00491000 0.00880000 0.01061900
v -0.00226600 0.00880000 0.00555600
v -0.00145200 0.00880000 0.00582200
v -0.00383200 0.00740000 0.00461700
v -0.00311700 0.00740000 0.00390900
v -0.00236900 0.00740000 0.00440300
v -0.00154500 0.00740000 0.00475500
v -0.00067100 0.00740000 0.00495500
v 0.00022400 0.00740000 0.00499500
v 0.00036600 0.00740000 0.00598900
v 0.00111300 0.00740000 0.00487500
v 0.00133100 0.00740000 0.00585100
v 0.00226100 0.00740000 0.00555800
v 0.00196500 0.00740000 0.00459800
v 0.00313100 0.00740000 0.00511800
v 0.00275400 0.00740000 0.00417300
v 0.00391800 0.00740000 0.00454400
v 0.00345500 0.00740000 0.00361400
v 0.00460200 0.00740000 0.00385000
v 0.00404500 0.00740000 0.00293900
v 0.00516500 0.00740000 0.00305400
v 0.00450500 0.00740000 0.00216900
v 0.00559100 0.00740000 0.00217700
v 0.00482000 0.00740000 0.00133000
v 0.00587000 0.00740000 0.00124300
v 0.00498000 0.00740000 0.00044800
v 0.00599400 0.00740000 0.00027600
v 0.00498000 0.00740000 -0.00044800
v 0.00595900 0.00740000 -0.00069800
v 0.00482000 0.00740000 -0.00133000
v 0.00576800 0.00740000 -0.00165300
v 0.00450500 0.00740000 -0.00216900
v 0.00542400 0.00740000 -0.00256500
v 0.00493700 0.00740000 -0.00341000
v 0.00404500 0.00740000 -0.00293900
v 0.00432000 0.00740000 -0.00416400
v 0.00345500 0.00740000 -0.00361400
v 0.00358900 0.00740000 -0.00480900
v 0.00275400 0.00740000 -0.00417300
v 0.00276300 0.00740000 -0.00532600
v 0.00196500 0.00740000 -0.00459800
v 0.00186400 0.00740000 -0.00570300
v 0.00111300 0.00740000 -0.00487500
v 0.00091600 0.00740000 -0.00593000
v 0.00022400 0.00740000 -0.00499500
v -0.00005600 0.00740000 -0.00600000
v -0.00067100 0.00740000 -0.00495500
v -0.00102700 0.00740000 -0.00591100
v -0.00154500 0.00740000 -0.00475500
v -0.00197100 0.00740000 -0.00566700
v -0.00236900 0.00740000 -0.00440300
v -0.00286200 0.00740000 -0.00527300
v -0.00367800 0.00740000 -0.00474000
v -0.00311700 0.00740000 -0.00390900
v -0.00439700 0.00740000 -0.00408200
v -0.00376500 0.00740000 -0.00329000
v -0.00500000 0.00740000 -0.00331600
v -0.00429200 0.00740000 -0.00256400
v -0.00547100 0.00740000 -0.00246300
v -0.00468100 0.00740000 -0.00175700
v -0.00579800 0.00740000 -0.00154500
v -0.00492000 0.00740000 -0.00089300
v -0.00597100 0.00740000 -0.00058600
v -0.00500000 0.00740000 0.00000000
v -0.00598700 0.00740000 0.00038900
v -0.00492000 0.00740000 0.00089300
v -0.00584500 0.00740000 0.00135300
v -0.00468100 0.00740000 0.00175700
v -0.00554900 0.00740000 0.00228200
v -0.00429200 0.00740000 0.00256400
v -0.00510600 0.00740000 0.00315000
v -0.00376500 0.00740000 0.00329000
v -0.00452900 0.00740000 0.00393500
v 0.00800000 0.00770000 0.02292300
v 0.00746700 0.00770000 0.02291400
v 0.00800000 0.00870000 0.02292300
v 0.00746700 0.00870000 0.02291400
v 0.00695000 0.00770000 0.02304600
v 0.00695000 0.00870000 0.02304600
v 0.00648700 0.00770000 0.02331000
v 0.00648700 0.00870000 0.02331000
v 0.00611000 0.00770000 0.02368700
v 0.00611000 0.00870000 0.02368700
v 0.00584600 0.00770000 0.02415000
v 0.00584600 0.00870000 0.02415000
v 0.00571400 0.00770000 0.02466700
v 0.00571400 0.00870000 0.02466700
v 0.00572300 0.00770000 0.02520000
v 0.00572300 0.00870000 0.02520000
v -0.00572300 0.00770000 0.02520000
v -0.00571400 0.00770000 0.02466700
v -0.00572300 0.00870000 0.02520000
v -0.00571400 0.00870000 0.02466700
v -0.00584600 0.00770000 0.02415000
v -0.00584600 0.00870000 0.02415000
v -0.00611000 0.00770000 0.02368700
v -0.00611000 0.00870000 0.02368700
v -0.00648700 0.00770000 0.02331000
v -0.00648700 0.00870000 0.02331000
v -0.00695000 0.00770000 0.02304600
v -0.00695000 0.00870000 0.02304600
v -0.00746700 0.00770000 0.02291400
v -0.00746700 0.00870000 0.02291400
v -0.00800000 0.00770000 0.02292300
v -0.00800000 0.00870000 0.02292300
v -0.00815000 0.01140000 0.02205000
v 0.00815000 0.01140000 0.02205000
v -0.00815000 0.00870000 0.02205000
v 0.00815000 0.00870000 0.02205000
v -0.00469800 0.01140000 0.01586100
v -0.00477400 0.01140000 0.01631600
v -0.00469800 0.01140000 0.01677100
v -0.00447900 0.01140000 0.01717600
v -0.00414000 0.01140000 0.01748800
v -0.00371800 0.01140000 0.01767300
v -0.00325800 0.01140000 0.01771100
v -0.00281200 0.01140000 0.01759800
v -0.00242600 0.01140000 0.01734600
v -0.00214300 0.01140000 0.01698200
v -0.00199300 0.01140000 0.01654600
v -0.00199300 0.01140000 0.01608600
v -0.00214300 0.01140000 0.01565000
v -0.00242600 0.01140000 0.01528600
v -0.00281200 0.01140000 0.01503400
v -0.00325800 0.01140000 0.01492100
v -0.00371800 0.01140000 0.01495900
v -0.00414000 0.01140000 0.01514400
v -0.00447900 0.01140000 0.01545600
v 0.00131200 0.01140000 0.01823400
v 0.00123600 0.01140000 0.01868900
v 0.00131200 0.01140000 0.01914400
v 0.00153100 0.01140000 0.01954900
v 0.00187000 0.01140000 0.01986100
v 0.00229200 0.01140000 0.02004600
v 0.00275200 0.01140000 0.02008400
v 0.00319800 0.01140000 0.01997100
v 0.00358400 0.01140000 0.01971900
v 0.00386700 0.01140000 0.01935500
v 0.00401700 0.01140000 0.01891900
v 0.00401700 0.01140000 0.01845900
v 0.00386700 0.01140000 0.01802300
v 0.00358400 0.01140000 0.01765900
v 0.00319800 0.01140000 0.01740700
v 0.00275200 0.01140000 0.01729400
v 0.00229200 0.01140000 0.01733200
v 0.00187000 0.01140000 0.01751700
v 0.00153100 0.01140000 0.01782900
v -0.00496100 0.01140000 0.00997300
v -0.00497900 0.01140000 0.00963500
v -0.00496100 0.00990000 0.00997300
v -0.00497900 0.00990000 0.00963500
v -0.00510800 0.01140000 0.00932200
v -0.00510800 0.00990000 0.00932200
v -0.00533500 0.01140000 0.00907100
v -0.00533500 0.00990000 0.00907100
v -0.00563200 0.01140000 0.00890900
v -0.00563200 0.00990000 0.00890900
v -0.00596600 0.01140000 0.00885500
v -0.00596600 0.00990000 0.00885500
v -0.00629900 0.00990000 0.00891600
v -0.00629900 0.01140000 0.00891600
v -0.00915000 0.00990000 0.01300000
v -0.00908400 0.00990000 0.01224600
v -0.00915000 0.01140000 0.01300000
v -0.00908400 0.01140000 0.01224600
v -0.00888900 0.00990000 0.01151500
v -0.00888900 0.01140000 0.01151500
v -0.00857000 0.00990000 0.01083000
v -0.00857000 0.01140000 0.01083000
v -0.00813700 0.00990000 0.01020900
v -0.00813700 0.01140000 0.01020900
v -0.00760300 0.00990000 0.00967300
v -0.00760300 0.01140000 0.00967300
v -0.00698400 0.01140000 0.00923800
v -0.00698400 0.00990000 0.00923800
v 0.00504800 0.00770000 -0.00685800
v 0.00495100 0.00770000 -0.00625900
v 0.00504800 0.00990000 -0.00685800
v 0.00495100 0.00990000 -0.00625900
v 0.00501700 0.00770000 -0.00565600
v 0.00501700 0.00990000 -0.00565600
v 0.00524200 0.00770000 -0.00509200
v 0.00524200 0.00990000 -0.00509200
v 0.00560900 0.00770000 -0.00460900
v 0.00560900 0.00990000 -0.00460900
v 0.00609200 0.00770000 -0.00424200
v 0.00609200 0.00990000 -0.00424200
v 0.00665600 0.00770000 -0.00401700
v 0.00665600 0.00990000 -0.00401700
v 0.00725900 0.00770000 -0.00395100
v 0.00725900 0.00990000 -0.00395100
v 0.00785800 0.00770000 -0.00404800
v 0.00785800 0.00990000 -0.00404800
v 0.00915000 0.00990000 0.01300000
v 0.00915000 0.01140000 0.01300000
v 0.00909200 0.00990000 0.01229300
v 0.00909200 0.01140000 0.01229300
v 0.00892000 0.01140000 0.01160400
v 0.00892000 0.00990000 0.01160400
v 0.00863800 0.01140000 0.01095300
v 0.00863800 0.00990000 0.01095300
v 0.00825500 0.01140000 0.01035600
v 0.00825500 0.00990000 0.01035600
v 0.00777900 0.01140000 0.00983000
v 0.00777900 0.00990000 0.00983000
v 0.00722400 0.01140000 0.00938800
v 0.00722400 0.00990000 0.00938800
v 0.00570300 0.00990000 0.00995100
v 0.00587000 0.00990000 0.00961400
v 0.00570300 0.01140000 0.00995100
v 0.00587000 0.01140000 0.00961400
v 0.00614900 0.00990000 0.00936300
v 0.00614900 0.01140000 0.00936300
v 0.00650200 0.00990000 0.00923200
v 0.00650200 0.01140000 0.00923200
v 0.00687800 0.00990000 0.00924100
v 0.00687800 0.01140000 0.00924100
v 0.00173900 0.01140000 0.01115000
v 0.00225100 0.01140000 0.01149100
v 0.00283200 0.01140000 0.01169300
v 0.00344500 0.01140000 0.01174500
v 0.00405100 0.01140000 0.01164200
v 0.00461300 0.01140000 0.01139200
v 0.00509400 0.01140000 0.01100900
v 0.00546600 0.01140000 0.01051900
v 0.00579200 0.00990000 0.00934400
v 0.00572700 0.00990000 0.00873400
v 0.00551200 0.00990000 0.00816000
v 0.00516100 0.00990000 0.00765600
v 0.00469700 0.00990000 0.00725600
v 0.00414700 0.00990000 0.00698300
v 0.00354700 0.00990000 0.00685600
v 0.00293400 0.00990000 0.00688100
v 0.00234700 0.00990000 0.00705800
v 0.00182200 0.00990000 0.00737500
v 0.00139200 0.00990000 0.00781300
v 0.00108500 0.00990000 0.00834400
v 0.00091900 0.00990000 0.00893400
v 0.00090500 0.00990000 0.00954800
v 0.00090500 0.01140000 0.00954800
v 0.00104400 0.01140000 0.01014700
v 0.00132800 0.01140000 0.01069200
v 0.00080200 0.01140000 0.00919700
v 0.00080200 0.00990000 0.00919700
v 0.00058000 0.01140000 0.00890800
v 0.00058000 0.00990000 0.00890800
v 0.00026900 0.01140000 0.00871700
v 0.00026900 0.00990000 0.00871700
v -0.00170500 0.00990000 0.00984500
v -0.00171200 0.00990000 0.00949400
v -0.00170500 0.01140000 0.00984500
v -0.00171200 0.01140000 0.00949400
v -0.00159700 0.00990000 0.00916200
v -0.00159700 0.01140000 0.00916200
v -0.00137400 0.00990000 0.00889000
v -0.00137400 0.01140000 0.00889000
v -0.00107000 0.00990000 0.00871200
v -0.00107000 0.01140000 0.00871200
v -0.00476300 0.01140000 0.01097400
v -0.00444300 0.01140000 0.01137900
v -0.00401400 0.01140000 0.01166600
v -0.00351700 0.01140000 0.01180600
v -0.00300100 0.01140000 0.01178600
v -0.00251700 0.01140000 0.01160800
v -0.00211100 0.01140000 0.01128800
v -0.00182400 0.01140000 0.01085800
v -0.00168400 0.01140000 0.01036100
v -0.00188400 0.00990000 0.00936100
v -0.00220300 0.00990000 0.00895600
v -0.00263200 0.00990000 0.00867000
v -0.00312900 0.00990000 0.00852900
v -0.00364500 0.00990000 0.00855000
v -0.00412900 0.00990000 0.00872800
v -0.00453400 0.00990000 0.00904800
v -0.00482100 0.00990000 0.00947700
v -0.00494100 0.01140000 0.01048900
v -0.00591800 0.00990000 -0.00098800
v -0.00600000 0.00990000 0.00000000
v -0.00591800 0.00990000 0.00098800
v -0.00567500 0.00990000 0.00194800
v -0.00527700 0.00990000 0.00285600
v -0.00473500 0.00990000 0.00368500
v -0.00406400 0.00990000 0.00441400
v -0.00328200 0.00990000 0.00502300
v -0.00567500 0.00990000 -0.00194800
v -0.00527700 0.00990000 -0.00285600
v -0.00473500 0.00990000 -0.00368500
v -0.00406400 0.00990000 -0.00441400
v -0.00328200 0.00990000 -0.00502300
v -0.00241000 0.00990000 -0.00549500
v -0.00147300 0.00990000 -0.00581600
v -0.00049500 0.00990000 -0.00598000
v 0.00049500 0.00990000 -0.00598000
v 0.00147300 0.00990000 -0.00581600
v 0.00241000 0.00990000 -0.00549500
v 0.00328200 0.00990000 -0.00502300
v 0.00406400 0.00990000 -0.00441400
v 0.00473500 0.00990000 -0.00368500
v 0.00527700 0.00990000 -0.00285600
v 0.00567500 0.00990000 -0.00194800
v 0.00591800 0.00990000 -0.00098800
v 0.00600000 0.00990000 0.00000000
v 0.00591800 0.00990000 0.00098800
v 0.00567500 0.00990000 0.00194800
v 0.00527700 0.00990000 0.00285600
v 0.00473500 0.00990000 0.00368500
v 0.00406400 0.00990000 0.00441400
v 0.00328200 0.00990000 0.00502300
v 0.00241000 0.00990000 0.00549500
v 0.00147300 0.00990000 0.00581600
v 0.00049500 0.00990000 0.00598000
v -0.00049500 0.00990000 0.00598000
v -0.00147300 0.00990000 0.00581600
v -0.00241000 0.00990000 0.00549500
v -0.00785800 0.00770000 -0.00404800
v -0.00725900 0.00770000 -0.00395100
v -0.00785800 0.00990000 -0.00404800
v -0.00725900 0.00990000 -0.00395100
v -0.00665600 0.00770000 -0.00401700
v -0.00665600 0.00990000 -0.00401700
v -0.00609200 0.00770000 -0.00424200
v -0.00609200 0.00990000 -0.00424200
v -0.00560900 0.00770000 -0.00460900
v -0.00560900 0.00990000 -0.00460900
v -0.00524200 0.00770000 -0.00509200
v -0.00524200 0.00990000 -0.00509200
v -0.00501700 0.00770000 -0.00565600
v -0.00501700 0.00990000 -0.00565600
v -0.00495100 0.00770000 -0.00625900
v -0.00495100 0.00990000 -0.00625900
v -0.00504800 0.00770000 -0.00685800
v -0.00504800 0.00990000 -0.00685800
v -0.00492000 0.00980000 0.00089300
v -0.00500000 0.00980000 0.00000000
v -0.00492000 0.00980000 -0.00089300
v -0.00468100 0.00980000 -0.00175700
v -0.00429200 0.00980000 -0.00256400
v -0.00376500 0.00980000 -0.00329000
v -0.00311700 0.00980000 -0.00390900
v -0.00236900 0.00980000 -0.00440300
v -0.00154500 0.00980000 -0.00475500
v -0.00067100 0.00980000 -0.00495500
v 0.00022400 0.00980000 -0.00499500
v 0.00111300 0.00980000 -0.00487500
v 0.00196500 0.00980000 -0.00459800
v 0.00275400 0.00980000 -0.00417300
v 0.00345500 0.00980000 -0.00361400
v 0.00404500 0.00980000 -0.00293900
v 0.00450500 0.00980000 -0.00216900
v 0.00482000 0.00980000 -0.00133000
v 0.00498000 0.00980000 -0.00044800
v 0.00498000 0.00980000 0.00044800
v 0.00482000 0.00980000 0.00133000
v 0.00450500 0.00980000 0.00216900
v 0.00404500 0.00980000 0.00293900
v 0.00345500 0.00980000 0.00361400
v 0.00275400 0.00980000 0.00417300
v 0.00196500 0.00980000 0.00459800
v 0.00111300 0.00980000 0.00487500
v 0.00022400 0.00980000 0.00499500
v -0.00067100 0.00980000 0.00495500
v -0.00154500 0.00980000 0.00475500
v -0.00236900 0.00980000 0.00440300
v -0.00311700 0.00980000 0.00390900
v -0.00376500 0.00980000 0.00329000
v -0.00429200 0.00980000 0.00256400
v -0.00468100 0.00980000 0.00175700
v -0.00409200 0.00770000 -0.00815000
v -0.00409200 0.00990000 -0.00815000
v -0.00445700 0.00770000 -0.00808100
v -0.00445700 0.00990000 -0.00808100
v -0.00477100 0.00990000 -0.00788400
v -0.00477100 0.00770000 -0.00788400
v -0.00499200 0.00990000 -0.00758500
v -0.00499200 0.00770000 -0.00758500
v -0.00508900 0.00990000 -0.00722700
v -0.00508900 0.00770000 -0.00722700
v 0.00409200 0.00990000 -0.00815000
v 0.00409200 0.00770000 -0.00815000
v 0.00445700 0.00990000 -0.00808100
v 0.00445700 0.00770000 -0.00808100
v 0.00477100 0.00770000 -0.00788400
v 0.00477100 0.00990000 -0.00788400
v 0.00499200 0.00770000 -0.00758500
v 0.00499200 0.00990000 -0.00758500
v 0.00508900 0.00770000 -0.00722700
v 0.00508900 0.00990000 -0.00722700
v 0.00528900 0.00770000 -0.00815000
v 0.00532400 0.00770000 -0.00815200
v 0.00626100 0.00770000 -0.00789900
v 0.00535900 0.00770000 -0.00815800
v 0.00602100 0.00770000 -0.00811600
v 0.00638700 0.00770000 -0.00760100
v 0.00637700 0.00770000 -0.00727900
v 0.00623100 0.00770000 -0.00699000
v 0.00602800 0.00770000 -0.00663400
v 0.00595000 0.00770000 -0.00623200
v 0.00600700 0.00770000 -0.00582700
v 0.00619200 0.00770000 -0.00546100
v 0.00648500 0.00770000 -0.00517500
v 0.00685500 0.00770000 -0.00499900
v 0.00726200 0.00770000 -0.00495200
v 0.00766200 0.00770000 -0.00503800
v 0.00822700 0.00770000 -0.00408900
v 0.00917900 0.00770000 -0.00436100
v 0.00801200 0.00770000 -0.00525000
v 0.00917000 0.00770000 -0.00501700
v 0.00925000 0.00770000 -0.00469000
v 0.00895500 0.00770000 -0.00527600
v 0.00831100 0.00770000 -0.00540600
v 0.00915000 0.00770000 -0.00423300
v 0.00858500 0.00770000 -0.00399200
v 0.00888400 0.00770000 -0.00377100
v 0.00908100 0.00770000 -0.00345700
v 0.00915000 0.00770000 -0.00309200
v 0.00917900 0.00620000 -0.00436100
v 0.00916300 0.00620000 -0.00432000
v 0.00916300 0.00770000 -0.00432000
v 0.00915300 0.00770000 -0.00427700
v 0.00915300 0.00620000 -0.00427700
v 0.00915000 0.00620000 -0.00423300
v 0.00915000 0.00990000 -0.00309200
v 0.00908100 0.00990000 -0.00345700
v 0.00888400 0.00990000 -0.00377100
v 0.00858500 0.00990000 -0.00399200
v 0.00822700 0.00990000 -0.00408900
v 0.00915000 0.01140000 0.02105000
v 0.00915000 0.00870000 0.02105000
v 0.00907400 0.01140000 0.02143300
v 0.00907400 0.00870000 0.02143300
v 0.00885700 0.01140000 0.02175700
v 0.00885700 0.00870000 0.02175700
v 0.00853300 0.01140000 0.02197400
v 0.00853300 0.00870000 0.02197400
v 0.00834200 0.00870000 0.02291500
v 0.00834200 0.00770000 0.02291500
v 0.00866200 0.00870000 0.02279300
v 0.00866200 0.00770000 0.02279300
v 0.00892200 0.00870000 0.02256900
v 0.00892200 0.00770000 0.02256900
v 0.00909100 0.00870000 0.02227200
v 0.00909100 0.00770000 0.02227200
v 0.00915000 0.00770000 0.02193400
v 0.00915000 0.00870000 0.02193400
v 0.00915000 0.00770000 0.02254900
v 0.00915000 0.00620000 0.02254900
v 0.00915500 0.00770000 0.02260300
v 0.00915500 0.00620000 0.02260300
v 0.00916900 0.00770000 0.02265500
v 0.00916900 0.00620000 0.02265500
v 0.00919300 0.00770000 0.02270300
v 0.00919300 0.00620000 0.02270300
v 0.00926400 0.00770000 0.02331800
v 0.00910700 0.00770000 0.02359200
v 0.00885000 0.00770000 0.02377700
v 0.00854000 0.00770000 0.02384000
v 0.00823100 0.00770000 0.02376800
v 0.00780900 0.00770000 0.02365500
v 0.00737400 0.00770000 0.02369300
v 0.00697800 0.00770000 0.02388000
v 0.00667100 0.00770000 0.02419000
v 0.00649000 0.00770000 0.02458800
v 0.00645600 0.00770000 0.02502400
v 0.00571500 0.00770000 0.02554200
v 0.00657500 0.00770000 0.02544500
v 0.00639500 0.00770000 0.02633500
v 0.00658600 0.00770000 0.02607500
v 0.00611200 0.00770000 0.02649100
v 0.00579100 0.00770000 0.02651400
v 0.00559300 0.00770000 0.02586200
v 0.00548900 0.00770000 0.02639900
v 0.00536900 0.00770000 0.02612200
v 0.00548900 0.00620000 0.02639900
v 0.00543800 0.00770000 0.02637200
v 0.00543800 0.00620000 0.02637200
v 0.00538200 0.00770000 0.02635600
v 0.00538200 0.00620000 0.02635600
v 0.00532400 0.00620000 0.02635000
v 0.00532400 0.00770000 0.02635000
v 0.00473400 0.00770000 0.02635000
v 0.00473400 0.00870000 0.02635000
v 0.00507100 0.00770000 0.02629100
v 0.00507100 0.00870000 0.02629100
v 0.00536900 0.00870000 0.02612200
v 0.00559300 0.00870000 0.02586200
v 0.00571500 0.00870000 0.02554200
v -0.00473400 0.00870000 0.02635000
v -0.00507100 0.00870000 0.02629100
v -0.00536900 0.00870000 0.02612200
v -0.00559300 0.00870000 0.02586200
v -0.00834200 0.00870000 0.02291500
v -0.00853300 0.00870000 0.02197400
v -0.00866200 0.00870000 0.02279300
v -0.00892200 0.00870000 0.02256900
v -0.00885700 0.00870000 0.02175700
v -0.00909100 0.00870000 0.02227200
v -0.00915000 0.00870000 0.02193400
v -0.00915000 0.00870000 0.02105000
v -0.00907400 0.00870000 0.02143300
v -0.00473400 0.00770000 0.02635000
v -0.00507100 0.00770000 0.02629100
v -0.00536900 0.00770000 0.02612200
v -0.00559300 0.00770000 0.02586200
v -0.00571500 0.00770000 0.02554200
v -0.00571500 0.00870000 0.02554200
v -0.00532400 0.00620000 0.02635000
v -0.00538200 0.00620000 0.02635600
v -0.00532400 0.00770000 0.02635000
v -0.00538200 0.00770000 0.02635600
v -0.00543800 0.00770000 0.02637200
v -0.00543800 0.00620000 0.02637200
v -0.00548900 0.00770000 0.02639900
v -0.00548900 0.00620000 0.02639900
v -0.00579100 0.00770000 0.02651400
v -0.00611200 0.00770000 0.02649100
v -0.00645600 0.00770000 0.02502400
v -0.00649000 0.00770000 0.02458800
v -0.00667100 0.00770000 0.02419000
v -0.00697800 0.00770000 0.02388000
v -0.00737400 0.00770000 0.02369300
v -0.00639500 0.00770000 0.02633500
v -0.00657500 0.00770000 0.02544500
v -0.00658600 0.00770000 0.02607500
v -0.00780900 0.00770000 0.02365500
v -0.00823100 0.00770000 0.02376800
v -0.00834200 0.00770000 0.02291500
v -0.00854000 0.00770000 0.02384000
v -0.00866200 0.00770000 0.02279300
v -0.00885000 0.00770000 0.02377700
v -0.00892200 0.00770000 0.02256900
v -0.00910700 0.00770000 0.02359200
v -0.00915500 0.00770000 0.02260300
v -0.00919300 0.00770000 0.02270300
v -0.00926400 0.00770000 0.02331800
v -0.00919300 0.00620000 0.02270300
v -0.00916900 0.00770000 0.02265500
v -0.00916900 0.00620000 0.02265500
v -0.00915500 0.00620000 0.02260300
v -0.00915000 0.00770000 0.02254900
v -0.00915000 0.00620000 0.02254900
v -0.00915000 0.00770000 0.02193400
v -0.00909100 0.00770000 0.02227200
v -0.00853300 0.01140000 0.02197400
v -0.00885700 0.01140000 0.02175700
v -0.00907400 0.01140000 0.02143300
v -0.00915000 0.01140000 0.02105000
v -0.00915000 0.00990000 -0.00309200
v -0.00888400 0.00990000 -0.00377100
v -0.00858500 0.00990000 -0.00399200
v -0.00822700 0.00990000 -0.00408900
v -0.00915000 0.00770000 -0.00309200
v -0.00908100 0.00990000 -0.00345700
v -0.00908100 0.00770000 -0.00345700
v -0.00888400 0.00770000 -0.00377100
v -0.00858500 0.00770000 -0.00399200
v -0.00822700 0.00770000 -0.00408900
v -0.00915000 0.00770000 -0.00423300
v -0.00915000 0.00620000 -0.00423300
v -0.00915300 0.00770000 -0.00427700
v -0.00915300 0.00620000 -0.00427700
v -0.00916300 0.00770000 -0.00432000
v -0.00916300 0.00620000 -0.00432000
v -0.00917900 0.00770000 -0.00436100
v -0.00917900 0.00620000 -0.00436100
v -0.00925000 0.00770000 -0.00469000
v -0.00917000 0.00770000 -0.00501700
v -0.00895500 0.00770000 -0.00527600
v -0.00864800 0.00770000 -0.00541500
v -0.00831100 0.00770000 -0.00540600
v -0.00801200 0.00770000 -0.00525000
v -0.00766200 0.00770000 -0.00503800
v -0.00726200 0.00770000 -0.00495200
v -0.00685500 0.00770000 -0.00499900
v -0.00648500 0.00770000 -0.00517500
v -0.00619200 0.00770000 -0.00546100
v -0.00600700 0.00770000 -0.00582700
v -0.00595000 0.00770000 -0.00623200
v -0.00602800 0.00770000 -0.00663400
v -0.00623100 0.00770000 -0.00699000
v -0.00637700 0.00770000 -0.00727900
v -0.00638700 0.00770000 -0.00760100
v -0.00626100 0.00770000 -0.00789900
v -0.00602100 0.00770000 -0.00811600
v -0.00571300 0.00770000 -0.00821100
v -0.00539200 0.00770000 -0.00816800
v -0.00528900 0.00770000 -0.00815000
v -0.00400000 0.00980000 0.00000000
v -0.00391800 0.00980000 -0.00080500
v -0.00367600 0.00980000 -0.00157700
v -0.00328300 0.00980000 -0.00228500
v -0.00275600 0.00980000 -0.00289900
v -0.00211600 0.00980000 -0.00339500
v -0.00138900 0.00980000 -0.00375100
v -0.00060600 0.00980000 -0.00395400
v 0.00020300 0.00980000 -0.00399500
v 0.00100300 0.00980000 -0.00387200
v 0.00176200 0.00980000 -0.00359100
v 0.00244800 0.00980000 -0.00316300
v 0.00303500 0.00980000 -0.00260500
v 0.00349700 0.00980000 -0.00194100
v 0.00381700 0.00980000 -0.00119700
v 0.00397900 0.00980000 -0.00040500
v 0.00397900 0.00980000 0.00040500
v 0.00381700 0.00980000 0.00119700
v 0.00349700 0.00980000 0.00194100
v 0.00303500 0.00980000 0.00260500
v 0.00244800 0.00980000 0.00316300
v 0.00176200 0.00980000 0.00359100
v 0.00100300 0.00980000 0.00387200
v 0.00020300 0.00980000 0.00399500
v -0.00060600 0.00980000 0.00395400
v -0.00138900 0.00980000 0.00375100
v -0.00211600 0.00980000 0.00339500
v -0.00275600 0.00980000 0.00289900
v -0.00328300 0.00980000 0.00228500
v -0.00367600 0.00980000 0.00157700
v -0.00391800 0.00980000 0.00080500
v -0.00911800 0.00890000 -0.00563200
v -0.00817000 0.00890000 -0.00579800
v -0.00920000 0.00890000 -0.00617500
v -0.00825000 0.00890000 -0.00620000
v -0.00817000 0.00890000 -0.00660200
v -0.00794200 0.00890000 -0.00545800
v -0.00889000 0.00890000 -0.00513100
v -0.00760200 0.00890000 -0.00523000
v -0.00853500 0.00890000 -0.00471100
v -0.00808000 0.00890000 -0.00440400
v -0.00720000 0.00890000 -0.00515000
v -0.00755700 0.00890000 -0.00423200
v -0.00700800 0.00890000 -0.00420900
v -0.00647300 0.00890000 -0.00433700
v -0.00599400 0.00890000 -0.00460500
v -0.00679800 0.00890000 -0.00523000
v -0.00560500 0.00890000 -0.00499400
v -0.00645800 0.00890000 -0.00545800
v -0.00533700 0.00890000 -0.00547300
v -0.00623000 0.00890000 -0.00579800
v -0.00520900 0.00890000 -0.00600800
v -0.00615000 0.00890000 -0.00620000
v -0.00523200 0.00890000 -0.00655700
v -0.00623000 0.00890000 -0.00660200
v -0.00540400 0.00890000 -0.00708000
v -0.00645800 0.00890000 -0.00694200
v -0.00571100 0.00890000 -0.00753500
v -0.00679800 0.00890000 -0.00717000
v -0.00613100 0.00890000 -0.00789000
v -0.00720000 0.00890000 -0.00725000
v -0.00663200 0.00890000 -0.00811800
v -0.00778700 0.00890000 -0.00781000
v -0.00717500 0.00890000 -0.00820000
v -0.00760200 0.00890000 -0.00717000
v -0.00833600 0.00890000 -0.00733600
v -0.00794200 0.00890000 -0.00694200
v -0.00881000 0.00890000 -0.00678700
v -0.00680000 0.00940000 0.02700000
v 0.00680000 0.00940000 0.02700000
v -0.00867000 0.00620000 0.02449800
v -0.00867000 0.00940000 0.02449800
v -0.00875000 0.00620000 0.02490000
v -0.00875000 0.00940000 0.02490000
v -0.00867000 0.00620000 0.02530200
v -0.00867000 0.00940000 0.02530200
v -0.00844200 0.00620000 0.02564200
v -0.00844200 0.00940000 0.02564200
v -0.00810200 0.00620000 0.02587000
v -0.00810200 0.00940000 0.02587000
v -0.00770000 0.00620000 0.02595000
v -0.00770000 0.00940000 0.02595000
v -0.00729800 0.00620000 0.02587000
v -0.00729800 0.00940000 0.02587000
v -0.00695800 0.00620000 0.02564200
v -0.00695800 0.00940000 0.02564200
v -0.00673000 0.00620000 0.02530200
v -0.00673000 0.00940000 0.02530200
v -0.00665000 0.00620000 0.02490000
v -0.00665000 0.00940000 0.02490000
v -0.00673000 0.00620000 0.02449800
v -0.00673000 0.00940000 0.02449800
v -0.00695800 0.00620000 0.02415800
v -0.00695800 0.00940000 0.02415800
v -0.00729800 0.00620000 0.02393000
v -0.00729800 0.00940000 0.02393000
v -0.00770000 0.00620000 0.02385000
v -0.00770000 0.00940000 0.02385000
v -0.00810200 0.00620000 0.02393000
v -0.00810200 0.00940000 0.02393000
v -0.00844200 0.00620000 0.02415800
v -0.00844200 0.00940000 0.02415800
v -0.00817000 0.00620000 -0.00660200
v -0.00825000 0.00620000 -0.00620000
v -0.00817000 0.00620000 -0.00579800
v -0.00794200 0.00620000 -0.00545800
v -0.00760200 0.00620000 -0.00523000
v -0.00720000 0.00620000 -0.00515000
v -0.00679800 0.00620000 -0.00523000
v -0.00645800 0.00620000 -0.00545800
v -0.00623000 0.00620000 -0.00579800
v -0.00615000 0.00620000 -0.00620000
v -0.00623000 0.00620000 -0.00660200
v -0.00645800 0.00620000 -0.00694200
v -0.00679800 0.00620000 -0.00717000
v -0.00720000 0.00620000 -0.00725000
v -0.00760200 0.00620000 -0.00717000
v -0.00794200 0.00620000 -0.00694200
v 0.00673000 0.00620000 0.02449800
v 0.00673000 0.00940000 0.02449800
v 0.00665000 0.00620000 0.02490000
v 0.00665000 0.00940000 0.02490000
v 0.00673000 0.00620000 0.02530200
v 0.00673000 0.00940000 0.02530200
v 0.00695800 0.00620000 0.02564200
v 0.00695800 0.00940000 0.02564200
v 0.00729800 0.00620000 0.02587000
v 0.00729800 0.00940000 0.02587000
v 0.00770000 0.00620000 0.02595000
v 0.00770000 0.00940000 0.02595000
v 0.00810200 0.00620000 0.02587000
v 0.00810200 0.00940000 0.02587000
v 0.00844200 0.00620000 0.02564200
v 0.00844200 0.00940000 0.02564200
v 0.00867000 0.00620000 0.02530200
v 0.00867000 0.00940000 0.02530200
v 0.00875000 0.00620000 0.02490000
v 0.00875000 0.00940000 0.02490000
v 0.00867000 0.00620000 0.02449800
v 0.00867000 0.00940000 0.02449800
v 0.00844200 0.00620000 0.02415800
v 0.00844200 0.00940000 0.02415800
v 0.00810200 0.00620000 0.02393000
v 0.00810200 0.00940000 0.02393000
v 0.00770000 0.00620000 0.02385000
v 0.00770000 0.00940000 0.02385000
v 0.00729800 0.00620000 0.02393000
v 0.00729800 0.00940000 0.02393000
v 0.00695800 0.00620000 0.02415800
v 0.00695800 0.00940000 0.02415800
v 0.00528900 0.00620000 -0.00815000
v -0.00528900 0.00620000 -0.00815000
v 0.00623100 0.00620000 -0.00699000
v 0.00637700 0.00620000 -0.00727900
v 0.00638700 0.00620000 -0.00760100
v 0.00626100 0.00620000 -0.00789900
v 0.00602100 0.00620000 -0.00811600
v 0.00571300 0.00770000 -0.00821100
v 0.00571300 0.00620000 -0.00821100
v 0.00539200 0.00770000 -0.00816800
v 0.00539200 0.00620000 -0.00816800
v 0.00602800 0.00620000 -0.00663400
v 0.00595000 0.00620000 -0.00623200
v 0.00600700 0.00620000 -0.00582700
v 0.00619200 0.00620000 -0.00546100
v 0.00648500 0.00620000 -0.00517500
v 0.00685500 0.00620000 -0.00499900
v 0.00726200 0.00620000 -0.00495200
v 0.00766200 0.00620000 -0.00503800
v 0.00801200 0.00620000 -0.00525000
v 0.00831100 0.00620000 -0.00540600
v 0.00864800 0.00620000 -0.00541500
v 0.00864800 0.00770000 -0.00541500
v 0.00895500 0.00620000 -0.00527600
v 0.00917000 0.00620000 -0.00501700
v 0.00925000 0.00620000 -0.00469000
v 0.00823100 0.00620000 0.02376800
v 0.00854000 0.00620000 0.02384000
v 0.00885000 0.00620000 0.02377700
v 0.00910700 0.00620000 0.02359200
v 0.00926400 0.00620000 0.02331800
v 0.00929500 0.00770000 0.02300300
v 0.00929500 0.00620000 0.02300300
v 0.00780900 0.00620000 0.02365500
v 0.00737400 0.00620000 0.02369300
v 0.00697800 0.00620000 0.02388000
v 0.00667100 0.00620000 0.02419000
v 0.00649000 0.00620000 0.02458800
v 0.00645600 0.00620000 0.02502400
v 0.00657500 0.00620000 0.02544500
v 0.00665000 0.00770000 0.02575900
v 0.00665000 0.00620000 0.02575900
v 0.00658600 0.00620000 0.02607500
v 0.00639500 0.00620000 0.02633500
v 0.00611200 0.00620000 0.02649100
v 0.00579100 0.00620000 0.02651400
v -0.00657500 0.00620000 0.02544500
v -0.00665000 0.00620000 0.02575900
v -0.00665000 0.00770000 0.02575900
v -0.00658600 0.00620000 0.02607500
v -0.00639500 0.00620000 0.02633500
v -0.00611200 0.00620000 0.02649100
v -0.00579100 0.00620000 0.02651400
v -0.00645600 0.00620000 0.02502400
v -0.00649000 0.00620000 0.02458800
v -0.00667100 0.00620000 0.02419000
v -0.00697800 0.00620000 0.02388000
v -0.00737400 0.00620000 0.02369300
v -0.00780900 0.00620000 0.02365500
v -0.00823100 0.00620000 0.02376800
v -0.00854000 0.00620000 0.02384000
v -0.00885000 0.00620000 0.02377700
v -0.00910700 0.00620000 0.02359200
v -0.00926400 0.00620000 0.02331800
v -0.00929500 0.00620000 0.02300300
v -0.00929500 0.00770000 0.02300300
v -0.00801200 0.00620000 -0.00525000
v -0.00831100 0.00620000 -0.00540600
v -0.00864800 0.00620000 -0.00541500
v -0.00895500 0.00620000 -0.00527600
v -0.00917000 0.00620000 -0.00501700
v -0.00925000 0.00620000 -0.00469000
v -0.00766200 0.00620000 -0.00503800
v -0.00726200 0.00620000 -0.00495200
v -0.00685500 0.00620000 -0.00499900
v -0.00648500 0.00620000 -0.00517500
v -0.00619200 0.00620000 -0.00546100
v -0.00600700 0.00620000 -0.00582700
v -0.00595000 0.00620000 -0.00623200
v -0.00602800 0.00620000 -0.00663400
v -0.00623100 0.00620000 -0.00699000
v -0.00637700 0.00620000 -0.00727900
v -0.00638700 0.00620000 -0.00760100
v -0.00626100 0.00620000 -0.00789900
v -0.00602100 0.00620000 -0.00811600
v -0.00571300 0.00620000 -0.00821100
v -0.00539200 0.00620000 -0.00816800
v -0.00480000 0.01090000 -0.00880000
v 0.00480000 0.01090000 -0.00880000
v -0.00717500 0.01090000 -0.00820000
v -0.00663200 0.01090000 -0.00811800
v -0.00613100 0.01090000 -0.00789000
v -0.00571100 0.01090000 -0.00753500
v -0.00540400 0.01090000 -0.00708000
v -0.00523200 0.01090000 -0.00655700
v -0.00520900 0.01090000 -0.00600800
v -0.00533700 0.01090000 -0.00547300
v -0.00560500 0.01090000 -0.00499400
v -0.00599400 0.01090000 -0.00460500
v -0.00647300 0.01090000 -0.00433700
v -0.00700800 0.01090000 -0.00420900
v -0.00755700 0.01090000 -0.00423200
v -0.00808000 0.01090000 -0.00440400
v -0.00853500 0.01090000 -0.00471100
v -0.00889000 0.01090000 -0.00513100
v -0.00911800 0.01090000 -0.00563200
v -0.00920000 0.01090000 -0.00617500
v -0.00391800 0.01090000 0.00080500
v -0.00400000 0.01090000 0.00000000
v -0.00391800 0.01090000 -0.00080500
v -0.00367600 0.01090000 -0.00157700
v -0.00328300 0.01090000 -0.00228500
v -0.00275600 0.01090000 -0.00289900
v -0.00211600 0.01090000 -0.00339500
v -0.00138900 0.01090000 -0.00375100
v -0.00060600 0.01090000 -0.00395400
v 0.00020300 0.01090000 -0.00399500
v 0.00100300 0.01090000 -0.00387200
v 0.00176200 0.01090000 -0.00359100
v 0.00244800 0.01090000 -0.00316300
v 0.00303500 0.01090000 -0.00260500
v 0.00349700 0.01090000 -0.00194100
v 0.00381700 0.01090000 -0.00119700
v 0.00397900 0.01090000 -0.00040500
v 0.00397900 0.01090000 0.00040500
v 0.00381700 0.01090000 0.00119700
v 0.00349700 0.01090000 0.00194100
v 0.00303500 0.01090000 0.00260500
v 0.00244800 0.01090000 0.00316300
v 0.00176200 0.01090000 0.00359100
v 0.00100300 0.01090000 0.00387200
v 0.00020300 0.01090000 0.00399500
v -0.00060600 0.01090000 0.00395400
v -0.00138900 0.01090000 0.00375100
v -0.00211600 0.01090000 0.00339500
v -0.00275600 0.01090000 0.00289900
v -0.00328300 0.01090000 0.00228500
v -0.00367600 0.01090000 0.00157700
v 0.00623000 0.00620000 -0.00660200
v 0.00623000 0.01090000 -0.00660200
v 0.00615000 0.00620000 -0.00620000
v 0.00615000 0.01090000 -0.00620000
v 0.00623000 0.00620000 -0.00579800
v 0.00623000 0.01090000 -0.00579800
v 0.00645800 0.00620000 -0.00545800
v 0.00645800 0.01090000 -0.00545800
v 0.00679800 0.00620000 -0.00523000
v 0.00679800 0.01090000 -0.00523000
v 0.00720000 0.00620000 -0.00515000
v 0.00720000 0.01090000 -0.00515000
v 0.00760200 0.00620000 -0.00523000
v 0.00760200 0.01090000 -0.00523000
v 0.00794200 0.00620000 -0.00545800
v 0.00794200 0.01090000 -0.00545800
v 0.00817000 0.00620000 -0.00579800
v 0.00817000 0.01090000 -0.00579800
v 0.00825000 0.00620000 -0.00620000
v 0.00825000 0.01090000 -0.00620000
v 0.00817000 0.00620000 -0.00660200
v 0.00817000 0.01090000 -0.00660200
v 0.00794200 0.00620000 -0.00694200
v 0.00794200 0.01090000 -0.00694200
v 0.00760200 0.00620000 -0.00717000
v 0.00760200 0.01090000 -0.00717000
v 0.00720000 0.00620000 -0.00725000
v 0.00720000 0.01090000 -0.00725000
v 0.00679800 0.00620000 -0.00717000
v 0.00679800 0.01090000 -0.00717000
v 0.00645800 0.00620000 -0.00694200
v 0.00645800 0.01090000 -0.00694200
v -0.00953000 0.01090000 -0.00542000
v -0.00642000 0.01090000 -0.00853000
v -0.00562100 0.01090000 -0.00873200
v -0.00973200 0.01090000 -0.00462100
v -0.00980000 0.01090000 -0.00380000
v -0.00746800 0.00940000 0.02692500
v -0.00810200 0.00940000 0.02670300
v -0.00867000 0.00940000 0.02634600
v -0.00914500 0.00940000 0.02587000
v -0.00950300 0.00940000 0.02530200
v -0.00972500 0.00940000 0.02466800
v -0.00980000 0.00940000 0.02400000
v -0.00980000 0.00940000 0.02270000
v 0.00746800 0.00940000 0.02692500
v 0.00810200 0.00940000 0.02670300
v 0.00867000 0.00940000 0.02634600
v 0.00914500 0.00940000 0.02587000
v 0.00950300 0.00940000 0.02530200
v 0.00972500 0.00940000 0.02466800
v 0.00980000 0.00940000 0.02400000
v 0.00980000 0.00940000 0.02270000
v 0.00566800 0.01090000 -0.00872400
v 0.00651000 0.01090000 -0.00849800
v 0.00730000 0.01090000 -0.00813000
v 0.00801400 0.01090000 -0.00763000
v 0.00863000 0.01090000 -0.00701400
v 0.00913000 0.01090000 -0.00630000
v 0.00949800 0.01090000 -0.00551000
v 0.00972400 0.01090000 -0.00466800
v 0.00980000 0.01090000 -0.00380000
v -0.00980000 0.01090000 0.01300000
v -0.00972400 0.01090000 0.01213200
v -0.00949800 0.01090000 0.01129000
v -0.00913000 0.01090000 0.01050000
v -0.00863000 0.01090000 0.00978600
v -0.00801400 0.01090000 0.00917000
v -0.00730000 0.01090000 0.00867000
v -0.00651000 0.01090000 0.00830200
v -0.00566800 0.01090000 0.00807600
v -0.00480000 0.01090000 0.00800000
v 0.00480000 0.01090000 0.00800000
v 0.00566800 0.01090000 0.00807600
v 0.00651000 0.01090000 0.00830200
v 0.00730000 0.01090000 0.00867000
v 0.00801400 0.01090000 0.00917000
v 0.00863000 0.01090000 0.00978600
v 0.00913000 0.01090000 0.01050000
v 0.00949800 0.01090000 0.01129000
v 0.00972400 0.01090000 0.01213200
v 0.00980000 0.01090000 0.01300000
v -0.00980000 0.01340000 0.01300000
v -0.00980000 0.01340000 0.02270000
v 0.00980000 0.01340000 0.02270000
v 0.00980000 0.01340000 0.01300000
v 0.00480000 0.01340000 0.00800000
v 0.00566800 0.01340000 0.00807600
v 0.00651000 0.01340000 0.00830200
v 0.00730000 0.01340000 0.00867000
v 0.00801400 0.01340000 0.00917000
v 0.00863000 0.01340000 0.00978600
v 0.00913000 0.01340000 0.01050000
v 0.00949800 0.01340000 0.01129000
v 0.00972400 0.01340000 0.01213200
v -0.00480000 0.01340000 0.00800000
v -0.00972400 0.01340000 0.01213200
v -0.00949800 0.01340000 0.01129000
v -0.00913000 0.01340000 0.01050000
v -0.00863000 0.01340000 0.00978600
v -0.00801400 0.01340000 0.00917000
v -0.00730000 0.01340000 0.00867000
v -0.00651000 0.01340000 0.00830200
v -0.00566800 0.01340000 0.00807600
v 0.00765000 -0.00990000 0.00200000
v 0.00765000 -0.00990000 0.00300000
v 0.00765000 -0.00770000 0.00200000
v 0.00765000 -0.00770000 0.00300000
v -0.00050000 -0.00990000 -0.00665000
v 0.00050000 -0.00990000 -0.00665000
v -0.00050000 -0.00770000 -0.00665000
v 0.00050000 -0.00770000 -0.00665000
v 0.00627500 -0.00870000 0.02516600
v 0.00626400 -0.00870000 0.02470000
v 0.00627500 -0.01050000 0.02516600
v 0.00626400 -0.01050000 0.02470000
v 0.00640200 -0.00870000 0.02425400
v 0.00640200 -0.01050000 0.02425400
v 0.00667500 -0.00870000 0.02387500
v 0.00667500 -0.01050000 0.02387500
v 0.00705400 -0.00870000 0.02360200
v 0.00705400 -0.01050000 0.02360200
v 0.00750000 -0.00870000 0.02346400
v 0.00750000 -0.01050000 0.02346400
v 0.00796600 -0.00870000 0.02347500
v 0.00796600 -0.01050000 0.02347500
v 0.00815000 -0.00990000 0.00300000
v 0.00815000 -0.00770000 0.00300000
v 0.00815000 -0.00770000 0.00200000
v 0.00815000 -0.00990000 0.00200000
v 0.00050000 -0.00990000 -0.00715000
v 0.00050000 -0.00770000 -0.00715000
v -0.00050000 -0.00770000 -0.00715000
v -0.00050000 -0.00990000 -0.00715000
v -0.00796600 -0.00870000 0.02347500
v -0.00750000 -0.00870000 0.02346400
v -0.00796600 -0.01050000 0.02347500
v -0.00750000 -0.01050000 0.02346400
v -0.00705400 -0.00870000 0.02360200
v -0.00705400 -0.01050000 0.02360200
v -0.00667500 -0.00870000 0.02387500
v -0.00667500 -0.01050000 0.02387500
v -0.00640200 -0.00870000 0.02425400
v -0.00640200 -0.01050000 0.02425400
v -0.00626400 -0.00870000 0.02470000
v -0.00626400 -0.01050000 0.02470000
v -0.00627500 -0.00870000 0.02516600
v -0.00627500 -0.01050000 0.02516600
v 0.00815000 -0.01160000 0.02205000
v -0.00815000 -0.01160000 0.02205000
v 0.00815000 -0.01050000 0.02205000
v -0.00815000 -0.01050000 0.02205000
v -0.00566000 -0.00870000 0.02628000
v -0.00595200 -0.00870000 0.02610100
v -0.00579100 -0.00870000 0.02651400
v -0.00611200 -0.00870000 0.02649100
v -0.00616700 -0.00870000 0.02583300
v -0.00639500 -0.00870000 0.02633500
v -0.00658600 -0.00870000 0.02607500
v -0.00627900 -0.00870000 0.02550900
v -0.00665000 -0.00870000 0.02575900
v -0.00657500 -0.00870000 0.02544500
v -0.00645600 -0.00870000 0.02502400
v -0.00649000 -0.00870000 0.02458800
v -0.00667100 -0.00870000 0.02419000
v -0.00697800 -0.00870000 0.02388000
v -0.00737400 -0.00870000 0.02369300
v -0.00780900 -0.00870000 0.02365500
v -0.00823100 -0.00870000 0.02376800
v -0.00838800 -0.00870000 0.02346300
v -0.00854000 -0.00870000 0.02384000
v -0.00858700 -0.00870000 0.02339100
v -0.00885000 -0.00870000 0.02377700
v -0.00876700 -0.00870000 0.02327900
v -0.00891900 -0.00870000 0.02313100
v -0.00910700 -0.00870000 0.02359200
v -0.00903600 -0.00870000 0.02295500
v -0.00926400 -0.00870000 0.02331800
v -0.00929500 -0.00870000 0.02300300
v -0.00548900 -0.00620000 0.02639900
v -0.00543800 -0.00620000 0.02637200
v -0.00548900 -0.00870000 0.02639900
v -0.00543800 -0.00870000 0.02637200
v -0.00538200 -0.00620000 0.02635600
v -0.00538200 -0.00870000 0.02635600
v -0.00532400 -0.00620000 0.02635000
v -0.00532400 -0.00870000 0.02635000
v -0.00563600 -0.01050000 0.02628900
v -0.00529200 -0.01050000 0.02635000
v -0.00593800 -0.01050000 0.02611300
v -0.00616100 -0.01050000 0.02584500
v -0.00627800 -0.01050000 0.02551600
v -0.00266600 -0.01050000 0.02653700
v -0.00351400 -0.01050000 0.02635000
v -0.00180000 -0.01050000 0.02660000
v -0.00093400 -0.01050000 0.02653700
v -0.00008600 -0.01050000 0.02635000
v 0.00529200 -0.01050000 0.02635000
v 0.00563600 -0.01050000 0.02628900
v 0.00593800 -0.01050000 0.02611300
v 0.00616100 -0.01050000 0.02584500
v 0.00831600 -0.01050000 0.02347800
v 0.00853300 -0.01050000 0.02197400
v 0.00864500 -0.01050000 0.02336100
v 0.00891300 -0.01050000 0.02313800
v 0.00908900 -0.01050000 0.02283600
v 0.00915000 -0.01050000 0.02249200
v 0.00885700 -0.01050000 0.02175700
v 0.00907400 -0.01050000 0.02143300
v 0.00915000 -0.01050000 0.02105000
v -0.00853300 -0.01050000 0.02197400
v -0.00831600 -0.01050000 0.02347800
v -0.00885700 -0.01050000 0.02175700
v -0.00915000 -0.01050000 0.02249200
v -0.00908900 -0.01050000 0.02283600
v -0.00891300 -0.01050000 0.02313800
v -0.00907400 -0.01050000 0.02143300
v -0.00915000 -0.01050000 0.02105000
v -0.00864500 -0.01050000 0.02336100
v 0.00627900 -0.00870000 0.02550900
v 0.00627800 -0.01050000 0.02551600
v 0.00616700 -0.00870000 0.02583300
v 0.00595200 -0.00870000 0.02610100
v 0.00566000 -0.00870000 0.02628000
v 0.00532400 -0.00870000 0.02635000
v 0.00532400 -0.00620000 0.02635000
v 0.00538200 -0.00870000 0.02635600
v 0.00538200 -0.00620000 0.02635600
v 0.00543800 -0.00870000 0.02637200
v 0.00543800 -0.00620000 0.02637200
v 0.00548900 -0.00870000 0.02639900
v 0.00548900 -0.00620000 0.02639900
v 0.00579100 -0.00870000 0.02651400
v 0.00611200 -0.00870000 0.02649100
v 0.00639500 -0.00870000 0.02633500
v 0.00658600 -0.00870000 0.02607500
v 0.00657500 -0.00870000 0.02544500
v 0.00645600 -0.00870000 0.02502400
v 0.00649000 -0.00870000 0.02458800
v 0.00667100 -0.00870000 0.02419000
v 0.00697800 -0.00870000 0.02388000
v 0.00737400 -0.00870000 0.02369300
v 0.00780900 -0.00870000 0.02365500
v 0.00823100 -0.00870000 0.02376800
v 0.00838800 -0.00870000 0.02346300
v 0.00854000 -0.00870000 0.02384000
v 0.00858700 -0.00870000 0.02339100
v 0.00885000 -0.00870000 0.02377700
v 0.00876700 -0.00870000 0.02327900
v 0.00891900 -0.00870000 0.02313100
v 0.00910700 -0.00870000 0.02359200
v 0.00903600 -0.00870000 0.02295500
v 0.00911400 -0.00870000 0.02275800
v 0.00926400 -0.00870000 0.02331800
v 0.00915000 -0.00770000 -0.00423300
v 0.00915000 -0.00620000 -0.00423300
v 0.00915300 -0.00770000 -0.00427700
v 0.00915300 -0.00620000 -0.00427700
v 0.00916300 -0.00770000 -0.00432000
v 0.00916300 -0.00620000 -0.00432000
v 0.00917900 -0.00770000 -0.00436100
v 0.00917900 -0.00620000 -0.00436100
v 0.00919300 -0.00870000 0.02270300
v 0.00919300 -0.00620000 0.02270300
v 0.00916900 -0.00870000 0.02265500
v 0.00916900 -0.00620000 0.02265500
v 0.00915500 -0.00870000 0.02260300
v 0.00915500 -0.00620000 0.02260300
v 0.00915000 -0.00870000 0.02254900
v 0.00915000 -0.00620000 0.02254900
v 0.00914800 -0.00870000 0.02254900
v 0.00915000 -0.00870000 0.02249200
v 0.00817800 -0.00870000 0.02349100
v 0.00853300 -0.01160000 0.02197400
v 0.00885700 -0.01160000 0.02175700
v 0.00907400 -0.01160000 0.02143300
v 0.00915000 -0.01160000 0.02105000
v 0.00853300 -0.00770000 0.00307600
v 0.00853300 -0.00990000 0.00307600
v 0.00885700 -0.00770000 0.00329300
v 0.00885700 -0.00990000 0.00329300
v 0.00907400 -0.00770000 0.00361700
v 0.00907400 -0.00990000 0.00361700
v 0.00915000 -0.00770000 0.00400000
v 0.00915000 -0.00990000 0.00400000
v 0.00915000 -0.00770000 0.00100000
v 0.00907400 -0.00770000 0.00138300
v 0.00885700 -0.00770000 0.00170700
v 0.00853300 -0.00770000 0.00192400
v 0.00853300 -0.00990000 0.00192400
v 0.00885700 -0.00990000 0.00170700
v 0.00907400 -0.00990000 0.00138300
v 0.00915000 -0.00990000 0.00100000
v 0.00539200 -0.00770000 -0.00816800
v 0.00499200 -0.00770000 -0.00758500
v 0.00508900 -0.00770000 -0.00722700
v 0.00571300 -0.00770000 -0.00821100
v 0.00602100 -0.00770000 -0.00811600
v 0.00626100 -0.00770000 -0.00789900
v 0.00638700 -0.00770000 -0.00760100
v 0.00637700 -0.00770000 -0.00727900
v 0.00623100 -0.00770000 -0.00699000
v 0.00602800 -0.00770000 -0.00663400
v 0.00504800 -0.00770000 -0.00685800
v 0.00595000 -0.00770000 -0.00623200
v 0.00495100 -0.00770000 -0.00625900
v 0.00501700 -0.00770000 -0.00565600
v 0.00528900 -0.00770000 -0.00815000
v 0.00477100 -0.00770000 -0.00788400
v 0.00445700 -0.00770000 -0.00808100
v 0.00409200 -0.00770000 -0.00815000
v 0.00600700 -0.00770000 -0.00582700
v 0.00524200 -0.00770000 -0.00509200
v 0.00619200 -0.00770000 -0.00546100
v 0.00560900 -0.00770000 -0.00460900
v 0.00648500 -0.00770000 -0.00517500
v 0.00609200 -0.00770000 -0.00424200
v 0.00685500 -0.00770000 -0.00499900
v 0.00665600 -0.00770000 -0.00401700
v 0.00726200 -0.00770000 -0.00495200
v 0.00725900 -0.00770000 -0.00395100
v 0.00785800 -0.00770000 -0.00404800
v 0.00766200 -0.00770000 -0.00503800
v 0.00822700 -0.00770000 -0.00408900
v 0.00801200 -0.00770000 -0.00525000
v 0.00831100 -0.00770000 -0.00540600
v 0.00864800 -0.00770000 -0.00541500
v 0.00895500 -0.00770000 -0.00527600
v 0.00917000 -0.00770000 -0.00501700
v 0.00925000 -0.00770000 -0.00469000
v 0.00858500 -0.00770000 -0.00399200
v 0.00888400 -0.00770000 -0.00377100
v 0.00908100 -0.00770000 -0.00345700
v 0.00915000 -0.00770000 -0.00309200
v 0.00057600 -0.00770000 -0.00753300
v 0.00057600 -0.00990000 -0.00753300
v 0.00079300 -0.00770000 -0.00785700
v 0.00079300 -0.00990000 -0.00785700
v 0.00111700 -0.00770000 -0.00807400
v 0.00111700 -0.00990000 -0.00807400
v 0.00150000 -0.00770000 -0.00815000
v 0.00150000 -0.00990000 -0.00815000
v -0.00057600 -0.00770000 -0.00753300
v -0.00079300 -0.00770000 -0.00785700
v -0.00111700 -0.00770000 -0.00807400
v -0.00150000 -0.00770000 -0.00815000
v -0.00057600 -0.00990000 -0.00753300
v -0.00079300 -0.00990000 -0.00785700
v -0.00111700 -0.00990000 -0.00807400
v -0.00150000 -0.00990000 -0.00815000
v -0.00528900 -0.00770000 -0.00815000
v -0.00477100 -0.00770000 -0.00788400
v -0.00445700 -0.00770000 -0.00808100
v -0.00409200 -0.00770000 -0.00815000
v -0.00532400 -0.00770000 -0.00815200
v -0.00626100 -0.00770000 -0.00789900
v -0.00499200 -0.00770000 -0.00758500
v -0.00535900 -0.00770000 -0.00815800
v -0.00602100 -0.00770000 -0.00811600
v -0.00638700 -0.00770000 -0.00760100
v -0.00637700 -0.00770000 -0.00727900
v -0.00508900 -0.00770000 -0.00722700
v -0.00623100 -0.00770000 -0.00699000
v -0.00504800 -0.00770000 -0.00685800
v -0.00602800 -0.00770000 -0.00663400
v -0.00495100 -0.00770000 -0.00625900
v -0.00595000 -0.00770000 -0.00623200
v -0.00600700 -0.00770000 -0.00582700
v -0.00501700 -0.00770000 -0.00565600
v -0.00619200 -0.00770000 -0.00546100
v -0.00524200 -0.00770000 -0.00509200
v -0.00648500 -0.00770000 -0.00517500
v -0.00560900 -0.00770000 -0.00460900
v -0.00685500 -0.00770000 -0.00499900
v -0.00609200 -0.00770000 -0.00424200
v -0.00726200 -0.00770000 -0.00495200
v -0.00665600 -0.00770000 -0.00401700
v -0.00725900 -0.00770000 -0.00395100
v -0.00785800 -0.00770000 -0.00404800
v -0.00766200 -0.00770000 -0.00503800
v -0.00822700 -0.00770000 -0.00408900
v -0.00917900 -0.00770000 -0.00436100
v -0.00801200 -0.00770000 -0.00525000
v -0.00917000 -0.00770000 -0.00501700
v -0.00925000 -0.00770000 -0.00469000
v -0.00895500 -0.00770000 -0.00527600
v -0.00831100 -0.00770000 -0.00540600
v -0.00915000 -0.00770000 -0.00423300
v -0.00858500 -0.00770000 -0.00399200
v -0.00888400 -0.00770000 -0.00377100
v -0.00908100 -0.00770000 -0.00345700
v -0.00915000 -0.00770000 -0.00309200
v -0.00917900 -0.00620000 -0.00436100
v -0.00916300 -0.00620000 -0.00432000
v -0.00916300 -0.00770000 -0.00432000
v -0.00915300 -0.00770000 -0.00427700
v -0.00915300 -0.00620000 -0.00427700
v -0.00915000 -0.00620000 -0.00423300
v -0.00815000 -0.00770000 0.00200000
v -0.00815000 -0.00990000 0.00200000
v -0.00853300 -0.00770000 0.00192400
v -0.00853300 -0.00990000 0.00192400
v -0.00885700 -0.00770000 0.00170700
v -0.00885700 -0.00990000 0.00170700
v -0.00907400 -0.00770000 0.00138300
v -0.00907400 -0.00990000 0.00138300
v -0.00915000 -0.00770000 0.00100000
v -0.00915000 -0.00990000 0.00100000
v -0.00915000 -0.00770000 0.00300000
v -0.00765000 -0.00770000 0.00300000
v -0.00765000 -0.00770000 0.00200000
v -0.00915000 -0.01160000 0.02105000
v -0.00907400 -0.01160000 0.02143300
v -0.00885700 -0.01160000 0.02175700
v -0.00853300 -0.01160000 0.02197400
v -0.00817800 -0.00870000 0.02349100
v -0.00911400 -0.00870000 0.02275800
v -0.00914800 -0.00870000 0.02254900
v -0.00915000 -0.00870000 0.02249200
v -0.00915000 -0.00870000 0.02254900
v -0.00915000 -0.00620000 0.02254900
v -0.00915500 -0.00870000 0.02260300
v -0.00915500 -0.00620000 0.02260300
v -0.00916900 -0.00870000 0.02265500
v -0.00916900 -0.00620000 0.02265500
v -0.00919300 -0.00870000 0.02270300
v -0.00919300 -0.00620000 0.02270300
v -0.00555500 -0.01160000 0.00871600
v -0.00915000 -0.01160000 0.01300000
v -0.00480000 -0.01160000 0.00865000
v -0.00628800 -0.01160000 0.00891200
v -0.00697500 -0.01160000 0.00923300
v -0.00759600 -0.01160000 0.00966800
v -0.00813200 -0.01160000 0.01020400
v -0.00856700 -0.01160000 0.01082500
v -0.00888800 -0.01160000 0.01151200
v -0.00908400 -0.01160000 0.01224500
v 0.00480000 -0.01160000 0.00865000
v 0.00555500 -0.01160000 0.00871600
v 0.00915000 -0.01160000 0.01300000
v 0.00628800 -0.01160000 0.00891200
v 0.00697500 -0.01160000 0.00923300
v 0.00759600 -0.01160000 0.00966800
v 0.00813200 -0.01160000 0.01020400
v 0.00856700 -0.01160000 0.01082500
v 0.00888800 -0.01160000 0.01151200
v 0.00908400 -0.01160000 0.01224500
v -0.00765000 -0.00990000 0.00200000
v -0.00778700 -0.00890000 -0.00781000
v -0.00717500 -0.00890000 -0.00820000
v -0.00720000 -0.00890000 -0.00725000
v -0.00663200 -0.00890000 -0.00811800
v -0.00679800 -0.00890000 -0.00717000
v -0.00613100 -0.00890000 -0.00789000
v -0.00645800 -0.00890000 -0.00694200
v -0.00571100 -0.00890000 -0.00753500
v -0.00540400 -0.00890000 -0.00708000
v -0.00623000 -0.00890000 -0.00660200
v -0.00523200 -0.00890000 -0.00655700
v -0.00615000 -0.00890000 -0.00620000
v -0.00520900 -0.00890000 -0.00600800
v -0.00623000 -0.00890000 -0.00579800
v -0.00533700 -0.00890000 -0.00547300
v -0.00560500 -0.00890000 -0.00499400
v -0.00645800 -0.00890000 -0.00545800
v -0.00599400 -0.00890000 -0.00460500
v -0.00679800 -0.00890000 -0.00523000
v -0.00647300 -0.00890000 -0.00433700
v -0.00700800 -0.00890000 -0.00420900
v -0.00720000 -0.00890000 -0.00515000
v -0.00755700 -0.00890000 -0.00423200
v -0.00760200 -0.00890000 -0.00523000
v -0.00808000 -0.00890000 -0.00440400
v -0.00794200 -0.00890000 -0.00545800
v -0.00853500 -0.00890000 -0.00471100
v -0.00889000 -0.00890000 -0.00513100
v -0.00817000 -0.00890000 -0.00579800
v -0.00911800 -0.00890000 -0.00563200
v -0.00825000 -0.00890000 -0.00620000
v -0.00920000 -0.00890000 -0.00617500
v -0.00881000 -0.00890000 -0.00678700
v -0.00817000 -0.00890000 -0.00660200
v -0.00833600 -0.00890000 -0.00733600
v -0.00794200 -0.00890000 -0.00694200
v -0.00760200 -0.00890000 -0.00717000
v 0.00680000 -0.01120000 0.02700000
v -0.00680000 -0.01120000 0.02700000
v -0.00823100 -0.00620000 0.02376800
v -0.00854000 -0.00620000 0.02384000
v -0.00885000 -0.00620000 0.02377700
v -0.00910700 -0.00620000 0.02359200
v -0.00926400 -0.00620000 0.02331800
v -0.00929500 -0.00620000 0.02300300
v -0.00657500 -0.00620000 0.02544500
v -0.00645600 -0.00620000 0.02502400
v -0.00649000 -0.00620000 0.02458800
v -0.00667100 -0.00620000 0.02419000
v -0.00697800 -0.00620000 0.02388000
v -0.00737400 -0.00620000 0.02369300
v -0.00780900 -0.00620000 0.02365500
v -0.00579100 -0.00620000 0.02651400
v -0.00611200 -0.00620000 0.02649100
v -0.00639500 -0.00620000 0.02633500
v -0.00658600 -0.00620000 0.02607500
v -0.00665000 -0.00620000 0.02575900
v -0.00351400 -0.00620000 0.02635000
v -0.00529200 -0.00870000 0.02635000
v -0.00008600 -0.00620000 0.02635000
v -0.00093400 -0.00620000 0.02653700
v -0.00180000 -0.00620000 0.02660000
v -0.00266600 -0.00620000 0.02653700
v 0.00529200 -0.00870000 0.02635000
v 0.00657500 -0.00620000 0.02544500
v 0.00665000 -0.00620000 0.02575900
v 0.00665000 -0.00870000 0.02575900
v 0.00658600 -0.00620000 0.02607500
v 0.00639500 -0.00620000 0.02633500
v 0.00611200 -0.00620000 0.02649100
v 0.00579100 -0.00620000 0.02651400
v 0.00823100 -0.00620000 0.02376800
v 0.00780900 -0.00620000 0.02365500
v 0.00737400 -0.00620000 0.02369300
v 0.00697800 -0.00620000 0.02388000
v 0.00667100 -0.00620000 0.02419000
v 0.00649000 -0.00620000 0.02458800
v 0.00645600 -0.00620000 0.02502400
v 0.00854000 -0.00620000 0.02384000
v 0.00885000 -0.00620000 0.02377700
v 0.00910700 -0.00620000 0.02359200
v 0.00926400 -0.00620000 0.02331800
v 0.00929500 -0.00620000 0.02300300
v 0.00929500 -0.00870000 0.02300300
v 0.00801200 -0.00620000 -0.00525000
v 0.00831100 -0.00620000 -0.00540600
v 0.00864800 -0.00620000 -0.00541500
v 0.00895500 -0.00620000 -0.00527600
v 0.00917000 -0.00620000 -0.00501700
v 0.00925000 -0.00620000 -0.00469000
v 0.00766200 -0.00620000 -0.00503800
v 0.00726200 -0.00620000 -0.00495200
v 0.00685500 -0.00620000 -0.00499900
v 0.00648500 -0.00620000 -0.00517500
v 0.00619200 -0.00620000 -0.00546100
v 0.00600700 -0.00620000 -0.00582700
v 0.00595000 -0.00620000 -0.00623200
v 0.00602800 -0.00620000 -0.00663400
v 0.00623100 -0.00620000 -0.00699000
v 0.00637700 -0.00620000 -0.00727900
v 0.00638700 -0.00620000 -0.00760100
v 0.00626100 -0.00620000 -0.00789900
v 0.00602100 -0.00620000 -0.00811600
v 0.00571300 -0.00620000 -0.00821100
v 0.00539200 -0.00620000 -0.00816800
v -0.00623100 -0.00620000 -0.00699000
v -0.00637700 -0.00620000 -0.00727900
v -0.00638700 -0.00620000 -0.00760100
v -0.00626100 -0.00620000 -0.00789900
v -0.00602100 -0.00620000 -0.00811600
v -0.00571300 -0.00770000 -0.00821100
v -0.00571300 -0.00620000 -0.00821100
v -0.00539200 -0.00770000 -0.00816800
v -0.00539200 -0.00620000 -0.00816800
v -0.00602800 -0.00620000 -0.00663400
v -0.00595000 -0.00620000 -0.00623200
v -0.00600700 -0.00620000 -0.00582700
v -0.00619200 -0.00620000 -0.00546100
v -0.00648500 -0.00620000 -0.00517500
v -0.00685500 -0.00620000 -0.00499900
v -0.00726200 -0.00620000 -0.00495200
v -0.00766200 -0.00620000 -0.00503800
v -0.00801200 -0.00620000 -0.00525000
v -0.00831100 -0.00620000 -0.00540600
v -0.00864800 -0.00620000 -0.00541500
v -0.00864800 -0.00770000 -0.00541500
v -0.00895500 -0.00620000 -0.00527600
v -0.00917000 -0.00620000 -0.00501700
v -0.00925000 -0.00620000 -0.00469000
v 0.00867000 -0.00620000 0.02449800
v 0.00867000 -0.01120000 0.02449800
v 0.00875000 -0.00620000 0.02490000
v 0.00875000 -0.01120000 0.02490000
v 0.00867000 -0.00620000 0.02530200
v 0.00867000 -0.01120000 0.02530200
v 0.00844200 -0.00620000 0.02564200
v 0.00844200 -0.01120000 0.02564200
v 0.00810200 -0.00620000 0.02587000
v 0.00810200 -0.01120000 0.02587000
v 0.00770000 -0.00620000 0.02595000
v 0.00770000 -0.01120000 0.02595000
v 0.00729800 -0.00620000 0.02587000
v 0.00729800 -0.01120000 0.02587000
v 0.00695800 -0.00620000 0.02564200
v 0.00695800 -0.01120000 0.02564200
v 0.00673000 -0.00620000 0.02530200
v 0.00673000 -0.01120000 0.02530200
v 0.00665000 -0.00620000 0.02490000
v 0.00665000 -0.01120000 0.02490000
v 0.00673000 -0.00620000 0.02449800
v 0.00673000 -0.01120000 0.02449800
v 0.00695800 -0.00620000 0.02415800
v 0.00695800 -0.01120000 0.02415800
v 0.00729800 -0.00620000 0.02393000
v 0.00729800 -0.01120000 0.02393000
v 0.00770000 -0.00620000 0.02385000
v 0.00770000 -0.01120000 0.02385000
v 0.00810200 -0.00620000 0.02393000
v 0.00810200 -0.01120000 0.02393000
v 0.00844200 -0.00620000 0.02415800
v 0.00844200 -0.01120000 0.02415800
v -0.00673000 -0.00620000 0.02449800
v -0.00673000 -0.01120000 0.02449800
v -0.00665000 -0.00620000 0.02490000
v -0.00665000 -0.01120000 0.02490000
v -0.00673000 -0.00620000 0.02530200
v -0.00673000 -0.01120000 0.02530200
v -0.00695800 -0.00620000 0.02564200
v -0.00695800 -0.01120000 0.02564200
v -0.00729800 -0.00620000 0.02587000
v -0.00729800 -0.01120000 0.02587000
v -0.00770000 -0.00620000 0.02595000
v -0.00770000 -0.01120000 0.02595000
v -0.00810200 -0.00620000 0.02587000
v -0.00810200 -0.01120000 0.02587000
v -0.00844200 -0.00620000 0.02564200
v -0.00844200 -0.01120000 0.02564200
v -0.00867000 -0.00620000 0.02530200
v -0.00867000 -0.01120000 0.02530200
v -0.00875000 -0.00620000 0.02490000
v -0.00875000 -0.01120000 0.02490000
v -0.00867000 -0.00620000 0.02449800
v -0.00867000 -0.01120000 0.02449800
v -0.00844200 -0.00620000 0.02415800
v -0.00844200 -0.01120000 0.02415800
v -0.00810200 -0.00620000 0.02393000
v -0.00810200 -0.01120000 0.02393000
v -0.00770000 -0.00620000 0.02385000
v -0.00770000 -0.01120000 0.02385000
v -0.00729800 -0.00620000 0.02393000
v -0.00729800 -0.01120000 0.02393000
v -0.00695800 -0.00620000 0.02415800
v -0.00695800 -0.01120000 0.02415800
v -0.00623000 -0.00620000 -0.00660200
v -0.00615000 -0.00620000 -0.00620000
v -0.00623000 -0.00620000 -0.00579800
v -0.00645800 -0.00620000 -0.00545800
v -0.00679800 -0.00620000 -0.00523000
v -0.00720000 -0.00620000 -0.00515000
v -0.00760200 -0.00620000 -0.00523000
v -0.00794200 -0.00620000 -0.00545800
v -0.00817000 -0.00620000 -0.00579800
v -0.00825000 -0.00620000 -0.00620000
v -0.00817000 -0.00620000 -0.00660200
v -0.00794200 -0.00620000 -0.00694200
v -0.00760200 -0.00620000 -0.00717000
v -0.00720000 -0.00620000 -0.00725000
v -0.00679800 -0.00620000 -0.00717000
v -0.00645800 -0.00620000 -0.00694200
v -0.00480000 -0.00990000 0.00865000
v 0.00480000 -0.00990000 0.00865000
v 0.00555500 -0.00990000 0.00871600
v 0.00628800 -0.00990000 0.00891200
v 0.00697500 -0.00990000 0.00923300
v 0.00759600 -0.00990000 0.00966800
v 0.00813200 -0.00990000 0.01020400
v 0.00856700 -0.00990000 0.01082500
v 0.00888800 -0.00990000 0.01151200
v 0.00908400 -0.00990000 0.01224500
v 0.00915000 -0.00990000 0.01300000
v 0.00915000 -0.00990000 -0.00309200
v 0.00785800 -0.00990000 -0.00404800
v 0.00822700 -0.00990000 -0.00408900
v 0.00858500 -0.00990000 -0.00399200
v 0.00888400 -0.00990000 -0.00377100
v 0.00908100 -0.00990000 -0.00345700
v 0.00725900 -0.00990000 -0.00395100
v 0.00665600 -0.00990000 -0.00401700
v 0.00609200 -0.00990000 -0.00424200
v 0.00560900 -0.00990000 -0.00460900
v 0.00524200 -0.00990000 -0.00509200
v 0.00501700 -0.00990000 -0.00565600
v 0.00495100 -0.00990000 -0.00625900
v 0.00504800 -0.00990000 -0.00685800
v 0.00409200 -0.00990000 -0.00815000
v 0.00445700 -0.00990000 -0.00808100
v 0.00477100 -0.00990000 -0.00788400
v 0.00499200 -0.00990000 -0.00758500
v 0.00508900 -0.00990000 -0.00722700
v -0.00528900 -0.00620000 -0.00815000
v -0.00409200 -0.00990000 -0.00815000
v 0.00528900 -0.00620000 -0.00815000
v -0.00504800 -0.00990000 -0.00685800
v -0.00508900 -0.00990000 -0.00722700
v -0.00499200 -0.00990000 -0.00758500
v -0.00477100 -0.00990000 -0.00788400
v -0.00445700 -0.00990000 -0.00808100
v -0.00495100 -0.00990000 -0.00625900
v -0.00501700 -0.00990000 -0.00565600
v -0.00524200 -0.00990000 -0.00509200
v -0.00560900 -0.00990000 -0.00460900
v -0.00609200 -0.00990000 -0.00424200
v -0.00665600 -0.00990000 -0.00401700
v -0.00725900 -0.00990000 -0.00395100
v -0.00785800 -0.00990000 -0.00404800
v -0.00915000 -0.00990000 -0.00309200
v -0.00908100 -0.00990000 -0.00345700
v -0.00888400 -0.00990000 -0.00377100
v -0.00858500 -0.00990000 -0.00399200
v -0.00822700 -0.00990000 -0.00408900
v -0.00915000 -0.00620000 0.00300000
v -0.00915000 -0.00990000 0.01720000
v -0.00915000 -0.00620000 0.01720000
v -0.00915000 -0.00990000 0.01300000
v -0.00555500 -0.00990000 0.00871600
v -0.00628800 -0.00990000 0.00891200
v -0.00697500 -0.00990000 0.00923300
v -0.00759600 -0.00990000 0.00966800
v -0.00813200 -0.00990000 0.01020400
v -0.00856700 -0.00990000 0.01082500
v -0.00888800 -0.00990000 0.01151200
v -0.00908400 -0.00990000 0.01224500
v -0.00765000 -0.00990000 0.00300000
v -0.00920000 -0.01090000 -0.00617500
v -0.00911800 -0.01090000 -0.00563200
v -0.00889000 -0.01090000 -0.00513100
v -0.00853500 -0.01090000 -0.00471100
v -0.00808000 -0.01090000 -0.00440400
v -0.00755700 -0.01090000 -0.00423200
v -0.00700800 -0.01090000 -0.00420900
v -0.00647300 -0.01090000 -0.00433700
v -0.00599400 -0.01090000 -0.00460500
v -0.00560500 -0.01090000 -0.00499400
v -0.00533700 -0.01090000 -0.00547300
v -0.00520900 -0.01090000 -0.00600800
v -0.00523200 -0.01090000 -0.00655700
v -0.00540400 -0.01090000 -0.00708000
v -0.00571100 -0.01090000 -0.00753500
v -0.00613100 -0.01090000 -0.00789000
v -0.00663200 -0.01090000 -0.00811800
v -0.00717500 -0.01090000 -0.00820000
v 0.00480000 -0.01090000 -0.00880000
v -0.00480000 -0.01090000 -0.00880000
v 0.00492000 -0.00990000 -0.00089300
v 0.00500000 -0.01090000 0.00000000
v 0.00500000 -0.00990000 0.00000000
v 0.00492000 -0.01090000 0.00089300
v 0.00492000 -0.00990000 0.00089300
v 0.00468100 -0.01090000 0.00175700
v 0.00468100 -0.00990000 0.00175700
v 0.00429200 -0.01090000 0.00256400
v 0.00429200 -0.00990000 0.00256400
v 0.00376500 -0.01090000 0.00329000
v 0.00376500 -0.00990000 0.00329000
v 0.00311700 -0.01090000 0.00390900
v 0.00311700 -0.00990000 0.00390900
v 0.00236900 -0.01090000 0.00440300
v 0.00236900 -0.00990000 0.00440300
v 0.00154500 -0.01090000 0.00475500
v 0.00154500 -0.00990000 0.00475500
v 0.00067100 -0.01090000 0.00495500
v 0.00067100 -0.00990000 0.00495500
v -0.00022400 -0.01090000 0.00499500
v -0.00022400 -0.00990000 0.00499500
v -0.00111300 -0.01090000 0.00487500
v -0.00111300 -0.00990000 0.00487500
v -0.00196500 -0.01090000 0.00459800
v -0.00196500 -0.00990000 0.00459800
v -0.00275400 -0.01090000 0.00417300
v -0.00275400 -0.00990000 0.00417300
v -0.00345500 -0.01090000 0.00361400
v -0.00345500 -0.00990000 0.00361400
v -0.00404500 -0.01090000 0.00293900
v -0.00404500 -0.00990000 0.00293900
v -0.00450500 -0.01090000 0.00216900
v -0.00450500 -0.00990000 0.00216900
v -0.00482000 -0.01090000 0.00133000
v -0.00482000 -0.00990000 0.00133000
v -0.00498000 -0.01090000 0.00044800
v -0.00498000 -0.00990000 0.00044800
v -0.00498000 -0.01090000 -0.00044800
v -0.00498000 -0.00990000 -0.00044800
v -0.00482000 -0.01090000 -0.00133000
v -0.00482000 -0.00990000 -0.00133000
v -0.00450500 -0.01090000 -0.00216900
v -0.00450500 -0.00990000 -0.00216900
v -0.00404500 -0.01090000 -0.00293900
v -0.00404500 -0.00990000 -0.00293900
v -0.00345500 -0.01090000 -0.00361400
v -0.00345500 -0.00990000 -0.00361400
v -0.00275400 -0.01090000 -0.00417300
v -0.00275400 -0.00990000 -0.00417300
v -0.00196500 -0.01090000 -0.00459800
v -0.00196500 -0.00990000 -0.00459800
v -0.00111300 -0.01090000 -0.00487500
v -0.00111300 -0.00990000 -0.00487500
v -0.00022400 -0.01090000 -0.00499500
v -0.00022400 -0.00990000 -0.00499500
v 0.00067100 -0.01090000 -0.00495500
v 0.00067100 -0.00990000 -0.00495500
v 0.00154500 -0.01090000 -0.00475500
v 0.00154500 -0.00990000 -0.00475500
v 0.00236900 -0.01090000 -0.00440300
v 0.00236900 -0.00990000 -0.00440300
v 0.00311700 -0.01090000 -0.00390900
v 0.00311700 -0.00990000 -0.00390900
v 0.00376500 -0.01090000 -0.00329000
v 0.00376500 -0.00990000 -0.00329000
v 0.00429200 -0.01090000 -0.00256400
v 0.00429200 -0.00990000 -0.00256400
v 0.00468100 -0.01090000 -0.00175700
v 0.00468100 -0.00990000 -0.00175700
v 0.00492000 -0.01090000 -0.00089300
v 0.00817000 -0.00620000 -0.00660200
v 0.00817000 -0.01090000 -0.00660200
v 0.00825000 -0.00620000 -0.00620000
v 0.00825000 -0.01090000 -0.00620000
v 0.00817000 -0.00620000 -0.00579800
v 0.00817000 -0.01090000 -0.00579800
v 0.00794200 -0.00620000 -0.00545800
v 0.00794200 -0.01090000 -0.00545800
v 0.00760200 -0.00620000 -0.00523000
v 0.00760200 -0.01090000 -0.00523000
v 0.00720000 -0.00620000 -0.00515000
v 0.00720000 -0.01090000 -0.00515000
v 0.00679800 -0.00620000 -0.00523000
v 0.00679800 -0.01090000 -0.00523000
v 0.00645800 -0.00620000 -0.00545800
v 0.00645800 -0.01090000 -0.00545800
v 0.00623000 -0.00620000 -0.00579800
v 0.00623000 -0.01090000 -0.00579800
v 0.00615000 -0.00620000 -0.00620000
v 0.00615000 -0.01090000 -0.00620000
v 0.00623000 -0.00620000 -0.00660200
v 0.00623000 -0.01090000 -0.00660200
v 0.00645800 -0.00620000 -0.00694200
v 0.00645800 -0.01090000 -0.00694200
v 0.00679800 -0.00620000 -0.00717000
v 0.00679800 -0.01090000 -0.00717000
v 0.00720000 -0.00620000 -0.00725000
v 0.00720000 -0.01090000 -0.00725000
v 0.00760200 -0.00620000 -0.00717000
v 0.00760200 -0.01090000 -0.00717000
v 0.00794200 -0.00620000 -0.00694200
v 0.00794200 -0.01090000 -0.00694200
v 0.00980000 -0.01090000 -0.00380000
v 0.00972400 -0.01090000 -0.00466800
v 0.00949800 -0.01090000 -0.00551000
v 0.00913000 -0.01090000 -0.00630000
v 0.00863000 -0.01090000 -0.00701400
v 0.00801400 -0.01090000 -0.00763000
v 0.00730000 -0.01090000 -0.00813000
v 0.00651000 -0.01090000 -0.00849800
v 0.00566800 -0.01090000 -0.00872400
v 0.00746800 -0.01120000 0.02692500
v 0.00810200 -0.01120000 0.02670300
v 0.00867000 -0.01120000 0.02634600
v 0.00914500 -0.01120000 0.02587000
v 0.00950300 -0.01120000 0.02530200
v 0.00972500 -0.01120000 0.02466800
v 0.00980000 -0.01120000 0.02400000
v 0.00980000 -0.01120000 0.02270000
v -0.00746800 -0.01120000 0.02692500
v -0.00810200 -0.01120000 0.02670300
v -0.00867000 -0.01120000 0.02634600
v -0.00914500 -0.01120000 0.02587000
v -0.00950300 -0.01120000 0.02530200
v -0.00972500 -0.01120000 0.02466800
v -0.00980000 -0.01120000 0.02400000
v -0.00980000 -0.01120000 0.02270000
v -0.00642000 -0.01090000 -0.00853000
v -0.00953000 -0.01090000 -0.00542000
v -0.00973200 -0.01090000 -0.00462100
v -0.00980000 -0.01090000 -0.00380000
v -0.00562100 -0.01090000 -0.00873200
v -0.00980000 -0.00620000 0.01720000
v -0.00980000 -0.00620000 0.00300000
v -0.00980000 -0.00990000 0.01720000
v -0.00980000 -0.00990000 0.00300000
v 0.00730000 -0.01090000 0.00867000
v 0.00651000 -0.01090000 0.00830200
v 0.00566800 -0.01090000 0.00807600
v 0.00480000 -0.01090000 0.00800000
v -0.00480000 -0.01090000 0.00800000
v -0.00566800 -0.01090000 0.00807600
v -0.00651000 -0.01090000 0.00830200
v -0.00730000 -0.01090000 0.00867000
v 0.00980000 -0.01090000 0.01300000
v 0.00972400 -0.01090000 0.01213200
v 0.00949800 -0.01090000 0.01129000
v 0.00913000 -0.01090000 0.01050000
v 0.00863000 -0.01090000 0.00978600
v 0.00801400 -0.01090000 0.00917000
v -0.00801400 -0.01090000 0.00917000
v -0.00863000 -0.01090000 0.00978600
v -0.00913000 -0.01090000 0.01050000
v -0.00949800 -0.01090000 0.01129000
v -0.00972400 -0.01090000 0.01213200
v -0.00980000 -0.01090000 0.01300000
v 0.00980000 -0.01360000 0.02270000
v 0.00980000 -0.01360000 0.01300000
v -0.00980000 -0.01360000 0.02270000
v -0.00980000 -0.01360000 0.01300000
v -0.00480000 -0.01360000 0.00800000
v -0.00566800 -0.01360000 0.00807600
v -0.00651000 -0.01360000 0.00830200
v -0.00730000 -0.01360000 0.00867000
v -0.00801400 -0.01360000 0.00917000
v -0.00863000 -0.01360000 0.00978600
v -0.00913000 -0.01360000 0.01050000
v -0.00949800 -0.01360000 0.01129000
v -0.00972400 -0.01360000 0.01213200
v 0.00480000 -0.01360000 0.00800000
v 0.00972400 -0.01360000 0.01213200
v 0.00949800 -0.01360000 0.01129000
v 0.00913000 -0.01360000 0.01050000
v 0.00863000 -0.01360000 0.00978600
v 0.00801400 -0.01360000 0.00917000
v 0.00730000 -0.01360000 0.00867000
v 0.00651000 -0.01360000 0.00830200
v 0.00566800 -0.01360000 0.00807600
v -0.00763300 0.00990000 -0.00545000
v -0.00676700 0.00990000 -0.00545000
v -0.00806600 0.00990000 -0.00620000
v -0.00633400 0.00990000 -0.00620000
v -0.00763300 0.00990000 -0.00695000
v -0.00676700 0.00990000 -0.00695000
v -0.00763300 0.01090000 -0.00545000
v -0.00806600 0.01090000 -0.00620000
v -0.00763300 0.01090000 -0.00695000
v -0.00676700 0.01090000 -0.00695000
v -0.00633400 0.01090000 -0.00620000
v -0.00676700 0.01090000 -0.00545000
v -0.00859700 0.01090000 -0.00721500
v -0.00892700 0.01090000 -0.00620000
v -0.00859700 0.01090000 -0.00518500
v -0.00773400 0.01090000 -0.00455800
v -0.00666600 0.01090000 -0.00455800
v -0.00580300 0.01090000 -0.00518500
v -0.00547300 0.01090000 -0.00620000
v -0.00580300 0.01090000 -0.00721500
v -0.00666600 0.01090000 -0.00784200
v -0.00773400 0.01090000 -0.00784200
v -0.00902300 0.01080000 -0.00673500
v -0.00902300 0.01080000 -0.00566500
v -0.00844400 0.01080000 -0.00476400
v -0.00747000 0.01080000 -0.00431900
v -0.00641100 0.01080000 -0.00447200
v -0.00560200 0.01080000 -0.00517300
v -0.00530000 0.01080000 -0.00620000
v -0.00560200 0.01080000 -0.00722700
v -0.00844400 0.01080000 -0.00763600
v -0.00747000 0.01080000 -0.00808100
v -0.00641100 0.01080000 -0.00792800
v -0.00530000 0.00890000 -0.00620000
v -0.00560200 0.00890000 -0.00722700
v -0.00641100 0.00890000 -0.00792800
v -0.00747000 0.00890000 -0.00808100
v -0.00844400 0.00890000 -0.00763600
v -0.00902300 0.00890000 -0.00673500
v -0.00902300 0.00890000 -0.00566500
v -0.00844400 0.00890000 -0.00476400
v -0.00747000 0.00890000 -0.00431900
v -0.00641100 0.00890000 -0.00447200
v -0.00560200 0.00890000 -0.00517300
v -0.00620000 0.00090000 -0.00620000
v -0.00643400 0.00090000 -0.00555700
v -0.00643400 0.00090000 -0.00684300
v -0.00702600 0.00090000 -0.00521500
v -0.00702600 0.00090000 -0.00718500
v -0.00770000 0.00090000 -0.00533400
v -0.00770000 0.00090000 -0.00706600
v -0.00814000 0.00090000 -0.00585800
v -0.00814000 0.00090000 -0.00654200
v -0.00620000 0.00890000 -0.00620000
v -0.00643400 0.00890000 -0.00555700
v -0.00702600 0.00890000 -0.00521500
v -0.00770000 0.00890000 -0.00533400
v -0.00814000 0.00890000 -0.00585800
v -0.00814000 0.00890000 -0.00654200
v -0.00770000 0.00890000 -0.00706600
v -0.00702600 0.00890000 -0.00718500
v -0.00643400 0.00890000 -0.00684300
v -0.00763300 -0.00990000 -0.00695000
v -0.00676700 -0.00990000 -0.00695000
v -0.00806600 -0.00990000 -0.00620000
v -0.00633400 -0.00990000 -0.00620000
v -0.00763300 -0.00990000 -0.00545000
v -0.00676700 -0.00990000 -0.00545000
v -0.00763300 -0.01090000 -0.00695000
v -0.00806600 -0.01090000 -0.00620000
v -0.00763300 -0.01090000 -0.00545000
v -0.00676700 -0.01090000 -0.00545000
v -0.00633400 -0.01090000 -0.00620000
v -0.00676700 -0.01090000 -0.00695000
v -0.00859700 -0.01090000 -0.00518500
v -0.00892700 -0.01090000 -0.00620000
v -0.00859700 -0.01090000 -0.00721500
v -0.00773400 -0.01090000 -0.00784200
v -0.00666600 -0.01090000 -0.00784200
v -0.00580300 -0.01090000 -0.00721500
v -0.00547300 -0.01090000 -0.00620000
v -0.00580300 -0.01090000 -0.00518500
v -0.00666600 -0.01090000 -0.00455800
v -0.00773400 -0.01090000 -0.00455800
v -0.00902300 -0.01080000 -0.00566500
v -0.00902300 -0.01080000 -0.00673500
v -0.00844400 -0.01080000 -0.00763600
v -0.00747000 -0.01080000 -0.00808100
v -0.00641100 -0.01080000 -0.00792800
v -0.00560200 -0.01080000 -0.00722700
v -0.00530000 -0.01080000 -0.00620000
v -0.00560200 -0.01080000 -0.00517300
v -0.00844400 -0.01080000 -0.00476400
v -0.00747000 -0.01080000 -0.00431900
v -0.00641100 -0.01080000 -0.00447200
v -0.00530000 -0.00890000 -0.00620000
v -0.00560200 -0.00890000 -0.00517300
v -0.00641100 -0.00890000 -0.00447200
v -0.00747000 -0.00890000 -0.00431900
v -0.00844400 -0.00890000 -0.00476400
v -0.00902300 -0.00890000 -0.00566500
v -0.00902300 -0.00890000 -0.00673500
v -0.00844400 -0.00890000 -0.00763600
v -0.00747000 -0.00890000 -0.00808100
v -0.00641100 -0.00890000 -0.00792800
v -0.00560200 -0.00890000 -0.00722700
v -0.00620000 -0.00090000 -0.00620000
v -0.00643400 -0.00090000 -0.00684300
v -0.00643400 -0.00090000 -0.00555700
v -0.00702600 -0.00090000 -0.00718500
v -0.00702600 -0.00090000 -0.00521500
v -0.00770000 -0.00090000 -0.00706600
v -0.00770000 -0.00090000 -0.00533400
v -0.00814000 -0.00090000 -0.00654200
v -0.00814000 -0.00090000 -0.00585800
v -0.00620000 -0.00890000 -0.00620000
v -0.00643400 -0.00890000 -0.00684300
v -0.00702600 -0.00890000 -0.00718500
v -0.00770000 -0.00890000 -0.00706600
v -0.00814000 -0.00890000 -0.00654200
v -0.00814000 -0.00890000 -0.00585800
v -0.00770000 -0.00890000 -0.00533400
v -0.00702600 -0.00890000 -0.00521500
v -0.00643400 -0.00890000 -0.00555700
v -0.01420000 -0.01435000 0.01680000
v -0.01445000 -0.01428300 0.01680000
v -0.01420000 -0.01435000 -0.00700000
v -0.01445000 -0.01428300 -0.00700000
v -0.01463300 -0.01410000 0.01680000
v -0.01463300 -0.01410000 -0.00700000
v -0.01470000 -0.01385000 0.01680000
v -0.01470000 -0.01385000 -0.00700000
v -0.01470000 0.01365000 0.01680000
v -0.01463300 0.01390000 0.01680000
v -0.01470000 0.01365000 -0.00700000
v -0.01463300 0.01390000 -0.00700000
v -0.01445000 0.01408300 0.01680000
v -0.01445000 0.01408300 -0.00700000
v -0.01420000 0.01415000 -0.00700000
v -0.01420000 0.01415000 0.01680000
v -0.00160000 -0.01385000 0.01855400
v -0.00160000 -0.01385000 0.02630000
v -0.00160000 -0.01435000 0.01855400
v -0.00160000 -0.01435000 0.02630000
v -0.00990000 -0.01385000 0.00870000
v -0.00981900 -0.01385000 0.00996900
v -0.00990000 -0.01435000 0.00870000
v -0.00981900 -0.01435000 0.00996900
v -0.00957800 -0.01385000 0.01121800
v -0.00957800 -0.01435000 0.01121800
v -0.00918000 -0.01385000 0.01242600
v -0.00918000 -0.01435000 0.01242600
v -0.00863200 -0.01385000 0.01357400
v -0.00863200 -0.01435000 0.01357400
v -0.00794300 -0.01385000 0.01464300
v -0.00794300 -0.01435000 0.01464300
v -0.00712300 -0.01385000 0.01561500
v -0.00712300 -0.01435000 0.01561500
v -0.00618700 -0.01385000 0.01647600
v -0.00618700 -0.01435000 0.01647600
v -0.00514900 -0.01435000 0.01721100
v -0.00514900 -0.01385000 0.01721100
v -0.00402700 -0.01385000 0.01780900
v -0.00402700 -0.01435000 0.01780900
v -0.00283700 -0.01385000 0.01825900
v -0.00283700 -0.01435000 0.01825900
v -0.00990000 -0.01385000 0.00087300
v -0.00990000 -0.01435000 0.00087300
v -0.01090000 -0.01385000 -0.00300000
v -0.01083600 -0.01385000 -0.00199200
v -0.01090000 -0.01435000 -0.00300000
v -0.01083600 -0.01435000 -0.00199200
v -0.01064600 -0.01385000 -0.00100000
v -0.01064600 -0.01435000 -0.00100000
v -0.01033200 -0.01385000 -0.00004000
v -0.01033200 -0.01435000 -0.00004000
v -0.01090000 -0.01385000 -0.00400000
v -0.01090000 -0.01435000 -0.00400000
v -0.01190000 -0.01435000 -0.00700000
v -0.01190000 -0.01385000 -0.00700000
v -0.00980000 -0.01385000 0.01880000
v -0.00986800 -0.01385000 0.01828200
v -0.00980000 -0.01435000 0.01880000
v -0.00986800 -0.01435000 0.01828200
v -0.01006800 -0.01385000 0.01780000
v -0.01006800 -0.01435000 0.01780000
v -0.01038600 -0.01385000 0.01738600
v -0.01038600 -0.01435000 0.01738600
v -0.01080000 -0.01385000 0.01706800
v -0.01080000 -0.01435000 0.01706800
v -0.01128200 -0.01385000 0.01686800
v -0.01128200 -0.01435000 0.01686800
v -0.01180000 -0.01435000 0.01680000
v -0.01180000 -0.01385000 0.01680000
v -0.00980000 -0.01435000 0.02630000
v -0.00980000 -0.01385000 0.02630000
v -0.00972400 -0.01435000 0.02668300
v -0.00972400 -0.01385000 0.02668300
v -0.00950700 -0.01435000 0.02700700
v -0.00950700 -0.01385000 0.02700700
v -0.00918300 -0.01435000 0.02722400
v -0.00918300 -0.01385000 0.02722400
v -0.00880000 -0.01435000 0.02730000
v -0.00880000 -0.01385000 0.02730000
v -0.00260000 -0.01385000 0.02730000
v -0.00260000 -0.01435000 0.02730000
v -0.00221700 -0.01435000 0.02722400
v -0.00221700 -0.01385000 0.02722400
v -0.00189300 -0.01435000 0.02700700
v -0.00189300 -0.01385000 0.02700700
v -0.00167600 -0.01435000 0.02668300
v -0.00167600 -0.01385000 0.02668300
v -0.00412100 -0.01385000 0.02408400
v -0.00412100 -0.01435000 0.02408400
v -0.00370000 -0.01385000 0.02400000
v -0.00370000 -0.01435000 0.02400000
v -0.00327900 -0.01385000 0.02408400
v -0.00327900 -0.01435000 0.02408400
v -0.00292200 -0.01385000 0.02432200
v -0.00292200 -0.01435000 0.02432200
v -0.00268400 -0.01385000 0.02467900
v -0.00268400 -0.01435000 0.02467900
v -0.00260000 -0.01385000 0.02510000
v -0.00260000 -0.01435000 0.02510000
v -0.00268400 -0.01385000 0.02552100
v -0.00268400 -0.01435000 0.02552100
v -0.00292200 -0.01385000 0.02587800
v -0.00292200 -0.01435000 0.02587800
v -0.00327900 -0.01385000 0.02611600
v -0.00327900 -0.01435000 0.02611600
v -0.00370000 -0.01385000 0.02620000
v -0.00370000 -0.01435000 0.02620000
v -0.00412100 -0.01385000 0.02611600
v -0.00412100 -0.01435000 0.02611600
v -0.00447800 -0.01385000 0.02587800
v -0.00447800 -0.01435000 0.02587800
v -0.00471600 -0.01385000 0.02552100
v -0.00471600 -0.01435000 0.02552100
v -0.00480000 -0.01385000 0.02510000
v -0.00480000 -0.01435000 0.02510000
v -0.00471600 -0.01385000 0.02467900
v -0.00471600 -0.01435000 0.02467900
v -0.00447800 -0.01385000 0.02432200
v -0.00447800 -0.01435000 0.02432200
v -0.00412100 -0.01385000 0.01988400
v -0.00412100 -0.01435000 0.01988400
v -0.00370000 -0.01385000 0.01980000
v -0.00370000 -0.01435000 0.01980000
v -0.00327900 -0.01385000 0.01988400
v -0.00327900 -0.01435000 0.01988400
v -0.00292200 -0.01385000 0.02012200
v -0.00292200 -0.01435000 0.02012200
v -0.00268400 -0.01385000 0.02047900
v -0.00268400 -0.01435000 0.02047900
v -0.00260000 -0.01385000 0.02090000
v -0.00260000 -0.01435000 0.02090000
v -0.00268400 -0.01385000 0.02132100
v -0.00268400 -0.01435000 0.02132100
v -0.00292200 -0.01385000 0.02167800
v -0.00292200 -0.01435000 0.02167800
v -0.00327900 -0.01385000 0.02191600
v -0.00327900 -0.01435000 0.02191600
v -0.00370000 -0.01385000 0.02200000
v -0.00370000 -0.01435000 0.02200000
v -0.00412100 -0.01385000 0.02191600
v -0.00412100 -0.01435000 0.02191600
v -0.00447800 -0.01385000 0.02167800
v -0.00447800 -0.01435000 0.02167800
v -0.00471600 -0.01385000 0.02132100
v -0.00471600 -0.01435000 0.02132100
v -0.00480000 -0.01385000 0.02090000
v -0.00480000 -0.01435000 0.02090000
v -0.00471600 -0.01385000 0.02047900
v -0.00471600 -0.01435000 0.02047900
v -0.00447800 -0.01385000 0.02012200
v -0.00447800 -0.01435000 0.02012200
v -0.00980000 0.01365000 0.01880000
v -0.00980000 0.01365000 0.02630000
v -0.00980000 0.01415000 0.01880000
v -0.00980000 0.01415000 0.02630000
v -0.00986800 0.01415000 0.01828200
v -0.00986800 0.01365000 0.01828200
v -0.01006800 0.01415000 0.01780000
v -0.01006800 0.01365000 0.01780000
v -0.01038600 0.01415000 0.01738600
v -0.01038600 0.01365000 0.01738600
v -0.01080000 0.01415000 0.01706800
v -0.01080000 0.01365000 0.01706800
v -0.01128200 0.01415000 0.01686800
v -0.01128200 0.01365000 0.01686800
v -0.01180000 0.01365000 0.01680000
v -0.01180000 0.01415000 0.01680000
v -0.01090000 0.01365000 -0.00400000
v -0.01190000 0.01365000 -0.00700000
v -0.01090000 0.01415000 -0.00400000
v -0.01190000 0.01415000 -0.00700000
v -0.01090000 0.01365000 -0.00300000
v -0.01090000 0.01415000 -0.00300000
v -0.00990000 0.01415000 0.00087300
v -0.00990000 0.01365000 0.00087300
v -0.01033200 0.01415000 -0.00004000
v -0.01033200 0.01365000 -0.00004000
v -0.01064600 0.01365000 -0.00100000
v -0.01064600 0.01415000 -0.00100000
v -0.01083600 0.01365000 -0.00199200
v -0.01083600 0.01415000 -0.00199200
v -0.00990000 0.01365000 0.00870000
v -0.00990000 0.01415000 0.00870000
v -0.00160000 0.01365000 0.01855400
v -0.00283700 0.01365000 0.01825900
v -0.00160000 0.01415000 0.01855400
v -0.00283700 0.01415000 0.01825900
v -0.00402700 0.01365000 0.01780900
v -0.00402700 0.01415000 0.01780900
v -0.00514900 0.01365000 0.01721100
v -0.00514900 0.01415000 0.01721100
v -0.00618700 0.01415000 0.01647600
v -0.00618700 0.01365000 0.01647600
v -0.00712300 0.01365000 0.01561500
v -0.00712300 0.01415000 0.01561500
v -0.00794300 0.01365000 0.01464300
v -0.00794300 0.01415000 0.01464300
v -0.00863200 0.01365000 0.01357400
v -0.00863200 0.01415000 0.01357400
v -0.00918000 0.01365000 0.01242600
v -0.00918000 0.01415000 0.01242600
v -0.00957800 0.01365000 0.01121800
v -0.00957800 0.01415000 0.01121800
v -0.00981900 0.01365000 0.00996900
v -0.00981900 0.01415000 0.00996900
v -0.00160000 0.01415000 0.02630000
v -0.00160000 0.01365000 0.02630000
v -0.00260000 0.01365000 0.02730000
v -0.00221700 0.01365000 0.02722400
v -0.00260000 0.01415000 0.02730000
v -0.00221700 0.01415000 0.02722400
v -0.00189300 0.01365000 0.02700700
v -0.00189300 0.01415000 0.02700700
v -0.00167600 0.01365000 0.02668300
v -0.00167600 0.01415000 0.02668300
v -0.00880000 0.01365000 0.02730000
v -0.00880000 0.01415000 0.02730000
v -0.00972400 0.01365000 0.02668300
v -0.00972400 0.01415000 0.02668300
v -0.00950700 0.01365000 0.02700700
v -0.00950700 0.01415000 0.02700700
v -0.00918300 0.01365000 0.02722400
v -0.00918300 0.01415000 0.02722400
v -0.00327900 0.01365000 0.02408400
v -0.00327900 0.01415000 0.02408400
v -0.00370000 0.01365000 0.02400000
v -0.00370000 0.01415000 0.02400000
v -0.00412100 0.01365000 0.02408400
v -0.00412100 0.01415000 0.02408400
v -0.00447800 0.01365000 0.02432200
v -0.00447800 0.01415000 0.02432200
v -0.00471600 0.01365000 0.02467900
v -0.00471600 0.01415000 0.02467900
v -0.00480000 0.01365000 0.02510000
v -0.00480000 0.01415000 0.02510000
v -0.00471600 0.01365000 0.02552100
v -0.00471600 0.01415000 0.02552100
v -0.00447800 0.01365000 0.02587800
v -0.00447800 0.01415000 0.02587800
v -0.00412100 0.01365000 0.02611600
v -0.00412100 0.01415000 0.02611600
v -0.00370000 0.01365000 0.02620000
v -0.00370000 0.01415000 0.02620000
v -0.00327900 0.01365000 0.02611600
v -0.00327900 0.01415000 0.02611600
v -0.00292200 0.01365000 0.02587800
v -0.00292200 0.01415000 0.02587800
v -0.00268400 0.01365000 0.02552100
v -0.00268400 0.01415000 0.02552100
v -0.00260000 0.01365000 0.02510000
v -0.00260000 0.01415000 0.02510000
v -0.00268400 0.01365000 0.02467900
v -0.00268400 0.01415000 0.02467900
v -0.00292200 0.01365000 0.02432200
v -0.00292200 0.01415000 0.02432200
v -0.00327900 0.01365000 0.01988400
v -0.00327900 0.01415000 0.01988400
v -0.00370000 0.01365000 0.01980000
v -0.00370000 0.01415000 0.01980000
v -0.00412100 0.01365000 0.01988400
v -0.00412100 0.01415000 0.01988400
v -0.00447800 0.01365000 0.02012200
v -0.00447800 0.01415000 0.02012200
v -0.00471600 0.01365000 0.02047900
v -0.00471600 0.01415000 0.02047900
v -0.00480000 0.01365000 0.02090000
v -0.00480000 0.01415000 0.02090000
v -0.00471600 0.01365000 0.02132100
v -0.00471600 0.01415000 0.02132100
v -0.00447800 0.01365000 0.02167800
v -0.00447800 0.01415000 0.02167800
v -0.00412100 0.01365000 0.02191600
v -0.00412100 0.01415000 0.02191600
v -0.00370000 0.01365000 0.02200000
v -0.00370000 0.01415000 0.02200000
v -0.00327900 0.01365000 0.02191600
v -0.00327900 0.01415000 0.02191600
v -0.00292200 0.01365000 0.02167800
v -0.00292200 0.01415000 0.02167800
v -0.00268400 0.01365000 0.02132100
v -0.00268400 0.01415000 0.02132100
v -0.00260000 0.01365000 0.02090000
v -0.00260000 0.01415000 0.02090000
v -0.00268400 0.01365000 0.02047900
v -0.00268400 0.01415000 0.02047900
v -0.00292200 0.01365000 0.02012200
v -0.00292200 0.01415000 0.02012200
v -0.01420000 -0.01385000 0.01680000
v -0.01420000 -0.01385000 -0.00700000
v -0.01420000 0.01365000 -0.00700000
v -0.01420000 0.01365000 0.01680000
v -0.01210000 0.01070000 -0.00668000
v -0.01210000 -0.00827400 0.00526800
v -0.01210000 0.01070000 0.01622000
v -0.01210000 -0.00827400 0.00554200
v -0.01210000 -0.00827400 0.00653800
v -0.01210000 -0.00845000 0.00575100
v -0.01210000 -0.00845000 0.00632900
v -0.01210000 -0.00871900 0.00628100
v -0.01210000 -0.00871900 0.00579900
v -0.01210000 -0.00895600 0.00566200
v -0.01210000 -0.01080000 -0.00668000
v -0.01210000 -0.00827400 0.00018800
v -0.01210000 -0.00827400 0.00046200
v -0.01210000 -0.00827400 0.00145800
v -0.01210000 -0.00845000 0.00067100
v -0.01210000 -0.00845000 0.00124900
v -0.01210000 -0.00871900 0.00120100
v -0.01210000 -0.00871900 0.00071900
v -0.01210000 -0.00895600 0.00058200
v -0.01210000 -0.01080000 0.01622000
v -0.01210000 -0.00905000 0.00540500
v -0.01210000 -0.00905000 0.00413500
v -0.01210000 -0.00905000 0.00286500
v -0.01210000 -0.00895600 0.00387800
v -0.01210000 -0.00895600 0.00312200
v -0.01210000 -0.00871900 0.00374100
v -0.01210000 -0.00871900 0.00325900
v -0.01210000 -0.00845000 0.00321100
v -0.01210000 -0.00845000 0.00378900
v -0.01210000 -0.00827400 0.00399800
v -0.01210000 -0.00827400 0.00935200
v -0.01210000 -0.00845000 0.00956100
v -0.01210000 -0.00871900 0.00960900
v -0.01210000 -0.00895600 0.00006800
v -0.01210000 -0.00905000 0.00032500
v -0.01210000 -0.00905000 0.00159500
v -0.01210000 -0.00895600 0.00133800
v -0.01210000 -0.00871900 -0.00006900
v -0.01210000 -0.00845000 -0.00002100
v -0.01210000 -0.00827400 0.00173200
v -0.01210000 -0.00827400 0.00272800
v -0.01210000 -0.00827400 0.00300200
v -0.01210000 -0.00845000 0.00194100
v -0.01210000 -0.00845000 0.00251900
v -0.01210000 -0.00871900 0.00247100
v -0.01210000 -0.00871900 0.00198900
v -0.01210000 -0.00895600 0.00185200
v -0.01210000 -0.00895600 0.00260800
v -0.01210000 -0.00827400 0.00427200
v -0.01210000 -0.00845000 0.00448100
v -0.01210000 -0.00845000 0.00505900
v -0.01210000 -0.00871900 0.00501100
v -0.01210000 -0.00871900 0.00452900
v -0.01210000 -0.00895600 0.00439200
v -0.01210000 -0.00895600 0.00514800
v -0.01210000 -0.00895600 0.00641800
v -0.01210000 -0.00905000 0.00667500
v -0.01210000 -0.00905000 0.00794500
v -0.01210000 -0.00905000 0.00921500
v -0.01210000 -0.00895600 0.00895800
v -0.01210000 -0.00827400 0.00681200
v -0.01210000 -0.00827400 0.00780800
v -0.01210000 -0.00827400 0.00808200
v -0.01210000 -0.00845000 0.00702100
v -0.01210000 -0.00845000 0.00759900
v -0.01210000 -0.00871900 0.00755100
v -0.01210000 -0.00871900 0.00706900
v -0.01210000 -0.00895600 0.00693200
v -0.01210000 -0.00895600 0.00768800
v -0.01210000 -0.00827400 0.00907800
v -0.01210000 -0.00845000 0.00829100
v -0.01210000 -0.00845000 0.00886900
v -0.01210000 -0.00871900 0.00882100
v -0.01210000 -0.00871900 0.00833900
v -0.01210000 -0.00895600 0.00820200
v -0.01210000 -0.00895600 0.00947200
v -0.01110000 0.01070000 0.01622000
v -0.01110000 0.01070000 -0.00668000
v -0.01110000 -0.01080000 0.01622000
v -0.01110000 -0.01080000 -0.00668000
v -0.01110000 -0.00905000 0.00921500
v -0.01110000 -0.00895600 0.00895800
v -0.01110000 -0.00871900 0.00882100
v -0.01110000 -0.00845000 0.00886900
v -0.01110000 -0.00827400 0.00907800
v -0.01110000 -0.00827400 0.00935200
v -0.01110000 -0.00845000 0.00956100
v -0.01110000 -0.00871900 0.00960900
v -0.01110000 -0.00895600 0.00947200
v -0.01110000 -0.00905000 0.00794500
v -0.01110000 -0.00895600 0.00768800
v -0.01110000 -0.00871900 0.00755100
v -0.01110000 -0.00845000 0.00759900
v -0.01110000 -0.00827400 0.00780800
v -0.01110000 -0.00827400 0.00808200
v -0.01110000 -0.00845000 0.00829100
v -0.01110000 -0.00871900 0.00833900
v -0.01110000 -0.00895600 0.00820200
v -0.01110000 -0.00905000 0.00667500
v -0.01110000 -0.00895600 0.00641800
v -0.01110000 -0.00871900 0.00628100
v -0.01110000 -0.00845000 0.00632900
v -0.01110000 -0.00827400 0.00653800
v -0.01110000 -0.00827400 0.00681200
v -0.01110000 -0.00845000 0.00702100
v -0.01110000 -0.00871900 0.00706900
v -0.01110000 -0.00895600 0.00693200
v -0.01110000 -0.00905000 0.00540500
v -0.01110000 -0.00895600 0.00514800
v -0.01110000 -0.00871900 0.00501100
v -0.01110000 -0.00845000 0.00505900
v -0.01110000 -0.00827400 0.00526800
v -0.01110000 -0.00827400 0.00554200
v -0.01110000 -0.00845000 0.00575100
v -0.01110000 -0.00871900 0.00579900
v -0.01110000 -0.00895600 0.00566200
v -0.01110000 -0.00905000 0.00413500
v -0.01110000 -0.00895600 0.00387800
v -0.01110000 -0.00871900 0.00374100
v -0.01110000 -0.00845000 0.00378900
v -0.01110000 -0.00827400 0.00399800
v -0.01110000 -0.00827400 0.00427200
v -0.01110000 -0.00845000 0.00448100
v -0.01110000 -0.00871900 0.00452900
v -0.01110000 -0.00895600 0.00439200
v -0.01110000 -0.00905000 0.00286500
v -0.01110000 -0.00895600 0.00260800
v -0.01110000 -0.00871900 0.00247100
v -0.01110000 -0.00845000 0.00251900
v -0.01110000 -0.00827400 0.00272800
v -0.01110000 -0.00827400 0.00300200
v -0.01110000 -0.00845000 0.00321100
v -0.01110000 -0.00871900 0.00325900
v -0.01110000 -0.00895600 0.00312200
v -0.01110000 -0.00905000 0.00159500
v -0.01110000 -0.00895600 0.00133800
v -0.01110000 -0.00871900 0.00120100
v -0.01110000 -0.00845000 0.00124900
v -0.01110000 -0.00827400 0.00145800
v -0.01110000 -0.00827400 0.00173200
v -0.01110000 -0.00845000 0.00194100
v -0.01110000 -0.00871900 0.00198900
v -0.01110000 -0.00895600 0.00185200
v -0.01110000 -0.00905000 0.00032500
v -0.01110000 -0.00895600 0.00006800
v -0.01110000 -0.00871900 -0.00006900
v -0.01110000 -0.00845000 -0.00002100
v -0.01110000 -0.00827400 0.00018800
v -0.01110000 -0.00827400 0.00046200
v -0.01110000 -0.00845000 0.00067100
v -0.01110000 -0.00871900 0.00071900
v -0.01110000 -0.00895600 0.00058200
v -0.01059900 -0.00834000 0.00715800
v -0.01120000 -0.00877500 0.00920900
v -0.01059900 -0.00834000 0.00588800
v -0.01059900 -0.00834000 0.00461800
v -0.01117600 -0.00877500 0.00030300
v -0.01059900 -0.00834000 0.00334800
v -0.01059900 -0.00834000 0.00207800
v -0.01059400 -0.00920000 0.00459400
v -0.01059400 -0.00920000 0.00332400
v -0.01059400 -0.00920000 0.00205400
v -0.01059400 -0.00920000 0.00713400
v -0.01059400 -0.00920000 0.00586400
v -0.00910000 -0.00834000 0.00077800
v -0.00910000 -0.00834000 -0.00016200
v -0.00910000 -0.00921000 0.00077800
v -0.00910000 -0.00921000 -0.00016200
v -0.00910000 -0.00834000 0.00872800
v -0.00910000 -0.00921000 0.00872800
v -0.00910000 -0.00834000 0.00966800
v -0.00910000 -0.00921000 0.00966800
v -0.00910000 -0.00834000 0.00745800
v -0.00910000 -0.00921000 0.00745800
v -0.00910000 -0.00834000 0.00839800
v -0.00910000 -0.00921000 0.00839800
v -0.00910000 -0.00834000 0.00618800
v -0.00910000 -0.00921000 0.00618800
v -0.00910000 -0.00834000 0.00712800
v -0.00910000 -0.00921000 0.00712800
v -0.00910000 -0.00834000 0.00491800
v -0.00910000 -0.00921000 0.00491800
v -0.00910000 -0.00834000 0.00585800
v -0.00910000 -0.00921000 0.00585800
v -0.00910000 -0.00834000 0.00364800
v -0.00910000 -0.00921000 0.00364800
v -0.00910000 -0.00834000 0.00458800
v -0.00910000 -0.00921000 0.00458800
v -0.00910000 -0.00834000 0.00237800
v -0.00910000 -0.00921000 0.00237800
v -0.00910000 -0.00834000 0.00331800
v -0.00910000 -0.00921000 0.00331800
v -0.00910000 -0.00834000 0.00110800
v -0.00910000 -0.00921000 0.00110800
v -0.00910000 -0.00834000 0.00204800
v -0.00910000 -0.00921000 0.00204800
v -0.00910000 -0.00787500 -0.00052800
v -0.00910000 -0.00787500 0.01003200
v -0.00910000 -0.00967500 -0.00052800
v -0.00910000 -0.00967500 0.01003200
v -0.01350000 -0.00872000 0.00269500
v -0.01350000 -0.00872000 0.00303500
v -0.01315800 -0.00872000 0.00265500
v -0.01315800 -0.00872000 0.00307500
v -0.01145300 -0.00864900 0.00286500
v -0.01095300 -0.00912400 0.00265500
v -0.01080300 -0.00906700 0.00265500
v -0.01135700 -0.00863300 0.00265500
v -0.01315800 -0.00858000 0.00265500
v -0.01080300 -0.00906700 0.00307500
v -0.01095300 -0.00912400 0.00307500
v -0.01315800 -0.00858000 0.00307500
v -0.01347000 -0.00858000 0.00303900
v -0.01347000 -0.00858000 0.00269100
v -0.01415000 -0.00500000 0.00192000
v -0.01415000 -0.00489800 0.00172000
v -0.01415000 -0.00575000 0.00192000
v -0.01415000 -0.00575000 0.00012000
v -0.01415000 -0.00492500 0.00012000
v -0.01415000 0.00479800 0.00172000
v -0.01415000 0.00482500 0.00012000
v -0.01415000 0.00565000 0.00012000
v -0.01415000 0.00565000 0.00192000
v -0.01415000 0.00490000 0.00192000
v -0.01415000 0.00482500 -0.00030700
v -0.01415000 -0.00492500 -0.00030700
v -0.01351400 -0.00500000 -0.00058000
v -0.01351400 0.00490000 -0.00058000
v -0.01361000 -0.00500000 -0.00088000
v -0.01361000 0.00490000 -0.00088000
v -0.01405000 -0.00600000 -0.00225000
v -0.01405000 0.00590000 -0.00225000
v -0.01361000 0.00590000 -0.00088000
v -0.01361000 -0.00600000 -0.00088000
v -0.01405000 -0.00600000 -0.00298000
v -0.01405000 0.00590000 -0.00298000
v -0.01405000 -0.00640000 -0.00328000
v -0.01405000 0.00630000 -0.00328000
v -0.01405000 0.00630000 -0.00298000
v -0.01405000 -0.00640000 -0.00298000
v -0.01415000 0.00605000 -0.00268000
v -0.01415000 0.00650000 -0.00268000
v -0.01400000 0.00590000 -0.00268000
v -0.01386000 0.00620000 -0.00268000
v -0.01351000 0.00620000 -0.00268000
v -0.01240000 0.00650000 -0.00268000
v -0.01330000 0.00590000 -0.00268000
v -0.01265000 0.00543500 -0.00268000
v -0.01330000 0.00543500 -0.00268000
v -0.01240000 0.00610000 -0.00268000
v -0.01225000 0.00530000 -0.00268000
v -0.01225000 -0.00540000 -0.00268000
v -0.01210000 0.00530000 -0.00268000
v -0.01210000 -0.00540000 -0.00268000
v -0.01225000 0.00610000 -0.00268000
v -0.01225000 -0.00620000 -0.00268000
v -0.01240000 -0.00620000 -0.00268000
v -0.01265000 -0.00553500 -0.00268000
v -0.01240000 -0.00660000 -0.00268000
v -0.01330000 -0.00600000 -0.00268000
v -0.01330000 -0.00553500 -0.00268000
v -0.01351000 -0.00630000 -0.00268000
v -0.01415000 -0.00660000 -0.00268000
v -0.01386000 -0.00630000 -0.00268000
v -0.01400000 -0.00600000 -0.00268000
v -0.01415000 -0.00615000 -0.00268000
v -0.01403000 -0.00640000 -0.00340400
v -0.01403000 0.00630000 -0.00340400
v -0.01397400 0.00630000 -0.00351500
v -0.01397400 -0.00640000 -0.00351500
v -0.01388500 0.00630000 -0.00360400
v -0.01388500 -0.00640000 -0.00360400
v -0.01377400 0.00630000 -0.00366000
v -0.01377400 -0.00640000 -0.00366000
v -0.01365000 0.00630000 -0.00368000
v -0.01365000 -0.00640000 -0.00368000
v -0.01230000 0.00630000 -0.00368000
v -0.01305000 0.00523500 -0.00368000
v -0.01337500 0.00470000 -0.00368000
v -0.01337500 -0.00490000 -0.00368000
v -0.01305000 -0.00533500 -0.00368000
v -0.01305000 -0.00490000 -0.00368000
v -0.01230000 0.00523500 -0.00368000
v -0.01305000 0.00470000 -0.00368000
v -0.01230000 -0.00533500 -0.00368000
v -0.01230000 -0.00640000 -0.00368000
v -0.01290000 0.00650000 -0.00165500
v -0.01240000 0.00650000 0.00002000
v -0.01290000 0.00650000 0.00192000
v -0.01225000 0.00650000 0.00192000
v -0.01225000 0.00650000 0.00002000
v -0.01307200 0.00650000 -0.00177100
v -0.01311300 0.00650000 -0.00174300
v -0.01315000 0.00650000 0.00002000
v -0.01415000 0.00650000 0.00002000
v -0.01315000 0.00650000 -0.00165500
v -0.01290000 -0.00660000 -0.00165500
v -0.01240000 -0.00660000 0.00002000
v -0.01290000 -0.00660000 0.00192000
v -0.01225000 -0.00660000 0.00192000
v -0.01225000 -0.00660000 0.00002000
v -0.01307200 -0.00660000 -0.00177100
v -0.01311300 -0.00660000 -0.00174300
v -0.01315000 -0.00660000 0.00002000
v -0.01415000 -0.00660000 0.00002000
v -0.01315000 -0.00660000 -0.00165500
v -0.01385000 0.00482500 -0.00048000
v -0.01385000 -0.00492500 -0.00048000
v -0.01290000 -0.00575000 -0.00165500
v -0.01290000 -0.00575000 0.00192000
v -0.01290000 0.00565000 0.00192000
v -0.01290000 0.00565000 -0.00165500
v -0.01330500 0.00470000 -0.00366700
v -0.01330500 -0.00490000 -0.00366700
v -0.01324300 0.00470000 -0.00363000
v -0.01324300 -0.00490000 -0.00363000
v -0.01319900 0.00470000 -0.00357400
v -0.01319900 -0.00490000 -0.00357400
v -0.01317700 0.00470000 -0.00350600
v -0.01317700 -0.00490000 -0.00350600
v -0.01330000 0.00565000 0.00012000
v -0.01315000 0.00565000 0.00002000
v -0.01315000 0.00565000 -0.00165500
v -0.01330000 -0.00575000 0.00012000
v -0.01315000 -0.00575000 0.00002000
v -0.01315000 -0.00575000 -0.00165500
v -0.01405000 -0.00020000 0.00172000
v -0.01210000 0.00490000 0.00192000
v -0.01225000 0.00530000 0.00192000
v -0.01225000 -0.00540000 0.00192000
v -0.01210000 -0.00500000 0.00192000
v -0.01415000 0.00605000 -0.00133000
v -0.01415000 0.00590000 0.00002000
v -0.01415000 0.00590000 -0.00133000
v -0.01415000 -0.00615000 -0.00133000
v -0.01415000 -0.00600000 0.00002000
v -0.01415000 -0.00600000 -0.00133000
v -0.01365000 -0.00500000 -0.00058000
v -0.01365000 0.00490000 -0.00058000
v -0.01230000 -0.00640000 -0.00298000
v -0.01230000 0.00630000 -0.00298000
v -0.01300000 0.00590000 -0.00298000
v -0.01230000 0.00523500 -0.00298000
v -0.01300000 0.00523500 -0.00298000
v -0.01300000 -0.00600000 -0.00298000
v -0.01230000 -0.00533500 -0.00298000
v -0.01300000 -0.00533500 -0.00298000
v -0.01335000 0.00590000 -0.00228000
v -0.01331000 0.00590000 -0.00268000
v -0.01331000 0.00590000 -0.00073000
v -0.01386000 0.00590000 -0.00073000
v -0.01335000 0.00590000 -0.00268000
v -0.01330000 0.00590000 -0.00278000
v -0.01386000 0.00590000 -0.00165800
v -0.01386000 0.00590000 -0.00228000
v -0.01335000 -0.00600000 -0.00228000
v -0.01331000 -0.00600000 -0.00268000
v -0.01331000 -0.00600000 -0.00073000
v -0.01386000 -0.00600000 -0.00073000
v -0.01335000 -0.00600000 -0.00268000
v -0.01330000 -0.00600000 -0.00278000
v -0.01386000 -0.00600000 -0.00165800
v -0.01386000 -0.00600000 -0.00228000
v -0.01220000 -0.00490000 0.00172500
v -0.01275000 -0.00490000 0.00202000
v -0.01405000 -0.00490000 0.00172200
v -0.01405000 -0.00490000 0.00202000
v -0.01210900 -0.00490000 0.00222900
v -0.01244900 -0.00490000 0.00244900
v -0.01235000 -0.00490000 0.00212000
v -0.01205000 -0.00490000 0.00262000
v -0.01242200 -0.00490000 0.00250000
v -0.01205000 -0.00490000 0.00232000
v -0.01235000 0.00460000 0.00192000
v -0.01269400 0.00460000 0.00203600
v -0.01240000 0.00460000 0.00172500
v -0.01275000 0.00460000 0.00202000
v -0.01385000 0.00460000 0.00172500
v -0.01405000 0.00460000 0.00202000
v -0.01210900 0.00460000 0.00222900
v -0.01244900 0.00460000 0.00244900
v -0.01235000 0.00460000 0.00212000
v -0.01205000 0.00460000 0.00262000
v -0.01242200 0.00460000 0.00250000
v -0.01205000 0.00460000 0.00232000
v -0.01275000 -0.00290000 0.00202000
v -0.01405000 -0.00290000 0.00202000
v -0.01385000 -0.00290000 0.00172500
v -0.01240000 -0.00290000 0.00172500
v -0.01269400 -0.00290000 0.00203600
v -0.01235000 -0.00290000 0.00192000
v -0.01210900 -0.00290000 0.00222900
v -0.01244900 -0.00290000 0.00244900
v -0.01235000 -0.00290000 0.00212000
v -0.01205000 -0.00290000 0.00262000
v -0.01242200 -0.00290000 0.00250000
v -0.01205000 -0.00290000 0.00232000
v -0.01405000 0.00160000 0.00202000
v -0.01385000 0.00160000 0.00172500
v -0.01275000 0.00160000 0.00202000
v -0.01240000 0.00160000 0.00172500
v -0.01269400 0.00160000 0.00203600
v -0.01235000 0.00160000 0.00192000
v -0.01210900 0.00160000 0.00222900
v -0.01244900 0.00160000 0.00244900
v -0.01235000 0.00160000 0.00212000
v -0.01205000 0.00160000 0.00262000
v -0.01242200 0.00160000 0.00250000
v -0.01205000 0.00160000 0.00232000
v -0.01275000 0.00110000 0.00202000
v -0.01405000 0.00110000 0.00202000
v -0.01385000 0.00110000 0.00172500
v -0.01240000 0.00110000 0.00172500
v -0.01269400 0.00110000 0.00203600
v -0.01235000 0.00110000 0.00192000
v -0.01210900 0.00110000 0.00222900
v -0.01244900 0.00110000 0.00244900
v -0.01235000 0.00110000 0.00212000
v -0.01205000 0.00110000 0.00262000
v -0.01242200 0.00110000 0.00250000
v -0.01205000 0.00110000 0.00232000
v -0.01405000 0.00060000 0.00202000
v -0.01385000 0.00060000 0.00172500
v -0.01275000 0.00060000 0.00202000
v -0.01240000 0.00060000 0.00172500
v -0.01269400 0.00060000 0.00203600
v -0.01235000 0.00060000 0.00192000
v -0.01210900 0.00060000 0.00222900
v -0.01244900 0.00060000 0.00244900
v -0.01235000 0.00060000 0.00212000
v -0.01205000 0.00060000 0.00262000
v -0.01242200 0.00060000 0.00250000
v -0.01205000 0.00060000 0.00232000
v -0.01235000 0.00010000 0.00192000
v -0.01269400 0.00010000 0.00203600
v -0.01240000 0.00010000 0.00172500
v -0.01275000 0.00010000 0.00202000
v -0.01385000 0.00010000 0.00172500
v -0.01405000 0.00010000 0.00202000
v -0.01210900 0.00010000 0.00222900
v -0.01244900 0.00010000 0.00244900
v -0.01235000 0.00010000 0.00212000
v -0.01205000 0.00010000 0.00262000
v -0.01242200 0.00010000 0.00250000
v -0.01205000 0.00010000 0.00232000
v -0.01275000 0.00410000 0.00202000
v -0.01405000 0.00410000 0.00202000
v -0.01385000 0.00410000 0.00172500
v -0.01240000 0.00410000 0.00172500
v -0.01269400 0.00410000 0.00203600
v -0.01235000 0.00410000 0.00192000
v -0.01210900 0.00410000 0.00222900
v -0.01244900 0.00410000 0.00244900
v -0.01235000 0.00410000 0.00212000
v -0.01205000 0.00410000 0.00262000
v -0.01242200 0.00410000 0.00250000
v -0.01205000 0.00410000 0.00232000
v -0.01235000 -0.00390000 0.00192000
v -0.01269400 -0.00390000 0.00203600
v -0.01240000 -0.00390000 0.00172500
v -0.01275000 -0.00390000 0.00202000
v -0.01385000 -0.00390000 0.00172500
v -0.01405000 -0.00390000 0.00202000
v -0.01210900 -0.00390000 0.00222900
v -0.01244900 -0.00390000 0.00244900
v -0.01235000 -0.00390000 0.00212000
v -0.01205000 -0.00390000 0.00262000
v -0.01242200 -0.00390000 0.00250000
v -0.01205000 -0.00390000 0.00232000
v -0.01405000 -0.00040000 0.00202000
v -0.01385000 -0.00040000 0.00172500
v -0.01275000 -0.00040000 0.00202000
v -0.01240000 -0.00040000 0.00172500
v -0.01269400 -0.00040000 0.00203600
v -0.01235000 -0.00040000 0.00192000
v -0.01210900 -0.00040000 0.00222900
v -0.01244900 -0.00040000 0.00244900
v -0.01235000 -0.00040000 0.00212000
v -0.01205000 -0.00040000 0.00262000
v -0.01242200 -0.00040000 0.00250000
v -0.01205000 -0.00040000 0.00232000
v -0.01275000 -0.00090000 0.00202000
v -0.01405000 -0.00090000 0.00202000
v -0.01385000 -0.00090000 0.00172500
v -0.01240000 -0.00090000 0.00172500
v -0.01269400 -0.00090000 0.00203600
v -0.01235000 -0.00090000 0.00192000
v -0.01210900 -0.00090000 0.00222900
v -0.01244900 -0.00090000 0.00244900
v -0.01235000 -0.00090000 0.00212000
v -0.01205000 -0.00090000 0.00262000
v -0.01242200 -0.00090000 0.00250000
v -0.01205000 -0.00090000 0.00232000
v -0.01405000 0.00360000 0.00202000
v -0.01385000 0.00360000 0.00172500
v -0.01275000 0.00360000 0.00202000
v -0.01240000 0.00360000 0.00172500
v -0.01269400 0.00360000 0.00203600
v -0.01235000 0.00360000 0.00192000
v -0.01210900 0.00360000 0.00222900
v -0.01244900 0.00360000 0.00244900
v -0.01235000 0.00360000 0.00212000
v -0.01205000 0.00360000 0.00262000
v -0.01242200 0.00360000 0.00250000
v -0.01205000 0.00360000 0.00232000
v -0.01405000 -0.00240000 0.00202000
v -0.01385000 -0.00240000 0.00172500
v -0.01275000 -0.00240000 0.00202000
v -0.01240000 -0.00240000 0.00172500
v -0.01269400 -0.00240000 0.00203600
v -0.01235000 -0.00240000 0.00192000
v -0.01210900 -0.00240000 0.00222900
v -0.01244900 -0.00240000 0.00244900
v -0.01235000 -0.00240000 0.00212000
v -0.01205000 -0.00240000 0.00262000
v -0.01242200 -0.00240000 0.00250000
v -0.01205000 -0.00240000 0.00232000
v -0.01275000 0.00310000 0.00202000
v -0.01405000 0.00310000 0.00202000
v -0.01385000 0.00310000 0.00172500
v -0.01240000 0.00310000 0.00172500
v -0.01269400 0.00310000 0.00203600
v -0.01235000 0.00310000 0.00192000
v -0.01210900 0.00310000 0.00222900
v -0.01244900 0.00310000 0.00244900
v -0.01235000 0.00310000 0.00212000
v -0.01205000 0.00310000 0.00262000
v -0.01242200 0.00310000 0.00250000
v -0.01205000 0.00310000 0.00232000
v -0.01275000 0.00260000 0.00202000
v -0.01405000 0.00260000 0.00202000
v -0.01385000 0.00260000 0.00172500
v -0.01240000 0.00260000 0.00172500
v -0.01269400 0.00260000 0.00203600
v -0.01235000 0.00260000 0.00192000
v -0.01210900 0.00260000 0.00222900
v -0.01244900 0.00260000 0.00244900
v -0.01235000 0.00260000 0.00212000
v -0.01205000 0.00260000 0.00262000
v -0.01242200 0.00260000 0.00250000
v -0.01205000 0.00260000 0.00232000
v -0.01405000 0.00210000 0.00202000
v -0.01385000 0.00210000 0.00172500
v -0.01275000 0.00210000 0.00202000
v -0.01240000 0.00210000 0.00172500
v -0.01269400 0.00210000 0.00203600
v -0.01235000 0.00210000 0.00192000
v -0.01210900 0.00210000 0.00222900
v -0.01244900 0.00210000 0.00244900
v -0.01235000 0.00210000 0.00212000
v -0.01205000 0.00210000 0.00262000
v -0.01242200 0.00210000 0.00250000
v -0.01205000 0.00210000 0.00232000
v -0.01235000 -0.00190000 0.00192000
v -0.01269400 -0.00190000 0.00203600
v -0.01240000 -0.00190000 0.00172500
v -0.01275000 -0.00190000 0.00202000
v -0.01385000 -0.00190000 0.00172500
v -0.01405000 -0.00190000 0.00202000
v -0.01210900 -0.00190000 0.00222900
v -0.01244900 -0.00190000 0.00244900
v -0.01235000 -0.00190000 0.00212000
v -0.01205000 -0.00190000 0.00262000
v -0.01242200 -0.00190000 0.00250000
v -0.01205000 -0.00190000 0.00232000
v -0.01235000 -0.00440000 0.00192000
v -0.01269400 -0.00440000 0.00203600
v -0.01240000 -0.00440000 0.00172500
v -0.01275000 -0.00440000 0.00202000
v -0.01385000 -0.00440000 0.00172500
v -0.01405000 -0.00440000 0.00202000
v -0.01210900 -0.00440000 0.00222900
v -0.01244900 -0.00440000 0.00244900
v -0.01235000 -0.00440000 0.00212000
v -0.01205000 -0.00440000 0.00262000
v -0.01242200 -0.00440000 0.00250000
v -0.01205000 -0.00440000 0.00232000
v -0.01235000 -0.00340000 0.00192000
v -0.01269400 -0.00340000 0.00203600
v -0.01240000 -0.00340000 0.00172500
v -0.01275000 -0.00340000 0.00202000
v -0.01385000 -0.00340000 0.00172500
v -0.01405000 -0.00340000 0.00202000
v -0.01210900 -0.00340000 0.00222900
v -0.01244900 -0.00340000 0.00244900
v -0.01235000 -0.00340000 0.00212000
v -0.01205000 -0.00340000 0.00262000
v -0.01242200 -0.00340000 0.00250000
v -0.01205000 -0.00340000 0.00232000
v -0.01235000 -0.00140000 0.00192000
v -0.01269400 -0.00140000 0.00203600
v -0.01240000 -0.00140000 0.00172500
v -0.01275000 -0.00140000 0.00202000
v -0.01385000 -0.00140000 0.00172500
v -0.01405000 -0.00140000 0.00202000
v -0.01210900 -0.00140000 0.00222900
v -0.01244900 -0.00140000 0.00244900
v -0.01235000 -0.00140000 0.00212000
v -0.01205000 -0.00140000 0.00262000
v -0.01242200 -0.00140000 0.00250000
v -0.01205000 -0.00140000 0.00232000
v -0.01235000 -0.00170000 0.00192000
v -0.01240000 -0.00170000 0.00172500
v -0.01269500 -0.00170000 0.00203600
v -0.01275000 -0.00170000 0.00202000
v -0.01385000 -0.00170000 0.00172500
v -0.01405000 -0.00170000 0.00202000
v -0.01235000 -0.00170000 0.00212000
v -0.01244900 -0.00170000 0.00244900
v -0.01210900 -0.00170000 0.00222900
v -0.01205000 -0.00170000 0.00232000
v -0.01242200 -0.00170000 0.00250000
v -0.01205000 -0.00170000 0.00262000
v -0.01235000 -0.00120000 0.00192000
v -0.01240000 -0.00120000 0.00172500
v -0.01269500 -0.00120000 0.00203600
v -0.01275000 -0.00120000 0.00202000
v -0.01385000 -0.00120000 0.00172500
v -0.01405000 -0.00120000 0.00202000
v -0.01235000 -0.00120000 0.00212000
v -0.01244900 -0.00120000 0.00244900
v -0.01210900 -0.00120000 0.00222900
v -0.01205000 -0.00120000 0.00232000
v -0.01242200 -0.00120000 0.00250000
v -0.01205000 -0.00120000 0.00262000
v -0.01235000 -0.00420000 0.00192000
v -0.01240000 -0.00420000 0.00172500
v -0.01269500 -0.00420000 0.00203600
v -0.01275000 -0.00420000 0.00202000
v -0.01385000 -0.00420000 0.00172500
v -0.01405000 -0.00420000 0.00202000
v -0.01235000 -0.00420000 0.00212000
v -0.01244900 -0.00420000 0.00244900
v -0.01210900 -0.00420000 0.00222900
v -0.01205000 -0.00420000 0.00232000
v -0.01242200 -0.00420000 0.00250000
v -0.01205000 -0.00420000 0.00262000
v -0.01235000 -0.00070000 0.00192000
v -0.01240000 -0.00070000 0.00172500
v -0.01269500 -0.00070000 0.00203600
v -0.01275000 -0.00070000 0.00202000
v -0.01385000 -0.00070000 0.00172500
v -0.01405000 -0.00070000 0.00202000
v -0.01235000 -0.00070000 0.00212000
v -0.01244900 -0.00070000 0.00244900
v -0.01210900 -0.00070000 0.00222900
v -0.01205000 -0.00070000 0.00232000
v -0.01242200 -0.00070000 0.00250000
v -0.01205000 -0.00070000 0.00262000
v -0.01235000 0.00430000 0.00192000
v -0.01240000 0.00430000 0.00172500
v -0.01269500 0.00430000 0.00203600
v -0.01275000 0.00430000 0.00202000
v -0.01385000 0.00430000 0.00172500
v -0.01405000 0.00430000 0.00202000
v -0.01235000 0.00430000 0.00212000
v -0.01244900 0.00430000 0.00244900
v -0.01210900 0.00430000 0.00222900
v -0.01205000 0.00430000 0.00232000
v -0.01242200 0.00430000 0.00250000
v -0.01205000 0.00430000 0.00262000
v -0.01235000 -0.00220000 0.00192000
v -0.01240000 -0.00220000 0.00172500
v -0.01269500 -0.00220000 0.00203600
v -0.01275000 -0.00220000 0.00202000
v -0.01385000 -0.00220000 0.00172500
v -0.01405000 -0.00220000 0.00202000
v -0.01235000 -0.00220000 0.00212000
v -0.01244900 -0.00220000 0.00244900
v -0.01210900 -0.00220000 0.00222900
v -0.01205000 -0.00220000 0.00232000
v -0.01242200 -0.00220000 0.00250000
v -0.01205000 -0.00220000 0.00262000
v -0.01385000 -0.00370000 0.00172500
v -0.01275000 -0.00370000 0.00202000
v -0.01240000 -0.00370000 0.00172500
v -0.01405000 -0.00370000 0.00202000
v -0.01269500 -0.00370000 0.00203600
v -0.01235000 -0.00370000 0.00192000
v -0.01235000 -0.00370000 0.00212000
v -0.01244900 -0.00370000 0.00244900
v -0.01210900 -0.00370000 0.00222900
v -0.01205000 -0.00370000 0.00232000
v -0.01242200 -0.00370000 0.00250000
v -0.01205000 -0.00370000 0.00262000
v -0.01235000 -0.00470000 0.00192000
v -0.01240000 -0.00470000 0.00172500
v -0.01269500 -0.00470000 0.00203600
v -0.01275000 -0.00470000 0.00202000
v -0.01385000 -0.00470000 0.00172500
v -0.01405000 -0.00470000 0.00202000
v -0.01235000 -0.00470000 0.00212000
v -0.01244900 -0.00470000 0.00244900
v -0.01210900 -0.00470000 0.00222900
v -0.01205000 -0.00470000 0.00232000
v -0.01242200 -0.00470000 0.00250000
v -0.01205000 -0.00470000 0.00262000
v -0.01385000 0.00080000 0.00172500
v -0.01275000 0.00080000 0.00202000
v -0.01240000 0.00080000 0.00172500
v -0.01405000 0.00080000 0.00202000
v -0.01269500 0.00080000 0.00203600
v -0.01235000 0.00080000 0.00192000
v -0.01235000 0.00080000 0.00212000
v -0.01244900 0.00080000 0.00244900
v -0.01210900 0.00080000 0.00222900
v -0.01205000 0.00080000 0.00232000
v -0.01242200 0.00080000 0.00250000
v -0.01205000 0.00080000 0.00262000
v -0.01235000 -0.00270000 0.00192000
v -0.01240000 -0.00270000 0.00172500
v -0.01269500 -0.00270000 0.00203600
v -0.01275000 -0.00270000 0.00202000
v -0.01385000 -0.00270000 0.00172500
v -0.01405000 -0.00270000 0.00202000
v -0.01235000 -0.00270000 0.00212000
v -0.01244900 -0.00270000 0.00244900
v -0.01210900 -0.00270000 0.00222900
v -0.01205000 -0.00270000 0.00232000
v -0.01242200 -0.00270000 0.00250000
v -0.01205000 -0.00270000 0.00262000
v -0.01235000 -0.00020000 0.00192000
v -0.01240000 -0.00020000 0.00172500
v -0.01269500 -0.00020000 0.00203600
v -0.01275000 -0.00020000 0.00202000
v -0.01385000 -0.00020000 0.00172500
v -0.01405000 -0.00020000 0.00202000
v -0.01235000 -0.00020000 0.00212000
v -0.01244900 -0.00020000 0.00244900
v -0.01210900 -0.00020000 0.00222900
v -0.01205000 -0.00020000 0.00232000
v -0.01242200 -0.00020000 0.00250000
v -0.01205000 -0.00020000 0.00262000
v -0.01235000 0.00330000 0.00192000
v -0.01240000 0.00330000 0.00172500
v -0.01269500 0.00330000 0.00203600
v -0.01275000 0.00330000 0.00202000
v -0.01385000 0.00330000 0.00172500
v -0.01405000 0.00330000 0.00202000
v -0.01235000 0.00330000 0.00212000
v -0.01244900 0.00330000 0.00244900
v -0.01210900 0.00330000 0.00222900
v -0.01205000 0.00330000 0.00232000
v -0.01242200 0.00330000 0.00250000
v -0.01205000 0.00330000 0.00262000
v -0.01235000 0.00030000 0.00192000
v -0.01240000 0.00030000 0.00172500
v -0.01269500 0.00030000 0.00203600
v -0.01275000 0.00030000 0.00202000
v -0.01385000 0.00030000 0.00172500
v -0.01405000 0.00030000 0.00202000
v -0.01235000 0.00030000 0.00212000
v -0.01244900 0.00030000 0.00244900
v -0.01210900 0.00030000 0.00222900
v -0.01205000 0.00030000 0.00232000
v -0.01242200 0.00030000 0.00250000
v -0.01205000 0.00030000 0.00262000
v -0.01235000 0.00230000 0.00192000
v -0.01240000 0.00230000 0.00172500
v -0.01269500 0.00230000 0.00203600
v -0.01275000 0.00230000 0.00202000
v -0.01385000 0.00230000 0.00172500
v -0.01405000 0.00230000 0.00202000
v -0.01235000 0.00230000 0.00212000
v -0.01244900 0.00230000 0.00244900
v -0.01210900 0.00230000 0.00222900
v -0.01205000 0.00230000 0.00232000
v -0.01242200 0.00230000 0.00250000
v -0.01205000 0.00230000 0.00262000
v -0.01235000 -0.00320000 0.00192000
v -0.01240000 -0.00320000 0.00172500
v -0.01269500 -0.00320000 0.00203600
v -0.01275000 -0.00320000 0.00202000
v -0.01385000 -0.00320000 0.00172500
v -0.01405000 -0.00320000 0.00202000
v -0.01235000 -0.00320000 0.00212000
v -0.01244900 -0.00320000 0.00244900
v -0.01210900 -0.00320000 0.00222900
v -0.01205000 -0.00320000 0.00232000
v -0.01242200 -0.00320000 0.00250000
v -0.01205000 -0.00320000 0.00262000
v -0.01235000 0.00180000 0.00192000
v -0.01240000 0.00180000 0.00172500
v -0.01269500 0.00180000 0.00203600
v -0.01275000 0.00180000 0.00202000
v -0.01385000 0.00180000 0.00172500
v -0.01405000 0.00180000 0.00202000
v -0.01235000 0.00180000 0.00212000
v -0.01244900 0.00180000 0.00244900
v -0.01210900 0.00180000 0.00222900
v -0.01205000 0.00180000 0.00232000
v -0.01242200 0.00180000 0.00250000
v -0.01205000 0.00180000 0.00262000
v -0.01385000 0.00280000 0.00172500
v -0.01275000 0.00280000 0.00202000
v -0.01240000 0.00280000 0.00172500
v -0.01405000 0.00280000 0.00202000
v -0.01269500 0.00280000 0.00203600
v -0.01235000 0.00280000 0.00192000
v -0.01235000 0.00280000 0.00212000
v -0.01244900 0.00280000 0.00244900
v -0.01210900 0.00280000 0.00222900
v -0.01205000 0.00280000 0.00232000
v -0.01242200 0.00280000 0.00250000
v -0.01205000 0.00280000 0.00262000
v -0.01385000 0.00380000 0.00172500
v -0.01275000 0.00380000 0.00202000
v -0.01240000 0.00380000 0.00172500
v -0.01405000 0.00380000 0.00202000
v -0.01269500 0.00380000 0.00203600
v -0.01235000 0.00380000 0.00192000
v -0.01235000 0.00380000 0.00212000
v -0.01244900 0.00380000 0.00244900
v -0.01210900 0.00380000 0.00222900
v -0.01205000 0.00380000 0.00232000
v -0.01242200 0.00380000 0.00250000
v -0.01205000 0.00380000 0.00262000
v -0.01235000 0.00130000 0.00192000
v -0.01240000 0.00130000 0.00172500
v -0.01269500 0.00130000 0.00203600
v -0.01275000 0.00130000 0.00202000
v -0.01385000 0.00130000 0.00172500
v -0.01405000 0.00130000 0.00202000
v -0.01235000 0.00130000 0.00212000
v -0.01244900 0.00130000 0.00244900
v -0.01210900 0.00130000 0.00222900
v -0.01205000 0.00130000 0.00232000
v -0.01242200 0.00130000 0.00250000
v -0.01205000 0.00130000 0.00262000
v -0.01235000 0.00480000 0.00212000
v -0.01244900 0.00480000 0.00244900
v -0.01210900 0.00480000 0.00222900
v -0.01275000 0.00480000 0.00202000
v -0.01220000 0.00480000 0.00172500
v -0.01405000 0.00480000 0.00172500
v -0.01405000 0.00480000 0.00202000
v -0.01205000 0.00480000 0.00232000
v -0.01242200 0.00480000 0.00250000
v -0.01205000 0.00480000 0.00262000
v -0.01230000 0.00675000 -0.00128000
v -0.01230000 0.00615000 -0.00128000
v -0.01230000 0.00675000 -0.00008000
v -0.01230000 0.00615000 -0.00008000
v -0.01230000 -0.00685000 -0.00128000
v -0.01230000 -0.00625000 -0.00128000
v -0.01230000 -0.00685000 -0.00008000
v -0.01230000 -0.00625000 -0.00008000
v -0.01210000 -0.00540000 0.00192000
v -0.01210000 0.00530000 0.00192000
v -0.01365000 -0.00522200 0.00012000
v -0.01385000 -0.00491200 0.00012000
v -0.01330000 -0.00533500 0.00012000
v -0.01235000 -0.00710000 -0.00128000
v -0.01286000 -0.00710000 -0.00128000
v -0.01235000 -0.00710000 -0.00008000
v -0.01286000 -0.00710000 -0.00008000
v -0.01235000 0.00700000 -0.00128000
v -0.01286000 0.00700000 -0.00128000
v -0.01235000 0.00700000 -0.00008000
v -0.01286000 0.00700000 -0.00008000
v -0.01351000 0.00620000 -0.00133000
v -0.01351000 -0.00630000 -0.00133000
v -0.01385000 0.00481200 0.00012000
v -0.01365000 0.00527800 0.00012000
v -0.01365000 0.00480000 0.00012000
v -0.01330000 0.00527800 0.00012000
v -0.01386000 0.00620000 0.00002000
v -0.01336000 0.00620000 0.00002000
v -0.01330000 0.00590000 0.00002000
v -0.01386000 0.00590000 0.00002000
v -0.01330000 -0.00600000 0.00002000
v -0.01336000 -0.00630000 0.00002000
v -0.01386000 -0.00630000 0.00002000
v -0.01386000 -0.00600000 0.00002000
v -0.01386000 0.00620000 -0.00133000
v -0.01386000 -0.00630000 -0.00133000
v -0.01405000 -0.00489900 0.00172200
v -0.01400000 0.00490000 -0.00068000
v -0.01400000 0.00590000 -0.00068000
v -0.01400000 -0.00500000 -0.00068000
v -0.01400000 -0.00600000 -0.00068000
v -0.01400000 0.00590000 -0.00209400
v -0.01400000 0.00590000 -0.00133000
v -0.01386000 0.00590000 -0.00075200
v -0.01400000 -0.00600000 -0.00133000
v -0.01386000 -0.00600000 -0.00075200
v -0.01400000 -0.00600000 -0.00209400
v -0.01330000 -0.00600000 -0.00038000
v -0.01330000 -0.00575000 0.00002000
v -0.01330000 -0.00533500 -0.00038000
v -0.01400000 -0.00600000 -0.00038000
v -0.01400000 -0.00500000 -0.00038000
v -0.01400000 0.00590000 -0.00038000
v -0.01400000 0.00490000 -0.00038000
v -0.01210000 0.00615000 -0.00008000
v -0.01210000 0.00675000 -0.00008000
v -0.01235000 0.00680000 -0.00008000
v -0.01286000 0.00680000 -0.00008000
v -0.01210000 0.00615000 -0.00128000
v -0.01210000 0.00675000 -0.00128000
v -0.01235000 0.00680000 -0.00128000
v -0.01286000 0.00680000 -0.00128000
v -0.01210000 -0.00625000 -0.00128000
v -0.01210000 -0.00685000 -0.00128000
v -0.01235000 -0.00690000 -0.00128000
v -0.01286000 -0.00690000 -0.00128000
v -0.01210000 -0.00625000 -0.00008000
v -0.01210000 -0.00685000 -0.00008000
v -0.01235000 -0.00690000 -0.00008000
v -0.01286000 -0.00690000 -0.00008000
v -0.01330000 0.00590000 -0.00038000
v -0.01330000 0.00565000 0.00002000
v -0.01330000 0.00527800 -0.00038000
v -0.01225000 0.00610000 -0.00128000
v -0.01235000 0.00610000 -0.00128000
v -0.01240000 0.00610000 0.00002000
v -0.01240000 -0.00620000 0.00002000
v -0.01235000 -0.00620000 -0.00128000
v -0.01225000 -0.00620000 -0.00128000
v -0.01385000 0.00482500 0.00012000
v -0.01385000 0.00440000 0.00192000
v -0.01240000 0.00440000 0.00192000
v -0.01385000 0.00450000 0.00192000
v -0.01240000 0.00450000 0.00192000
v -0.01385000 0.00150000 0.00192000
v -0.01240000 0.00150000 0.00192000
v -0.01385000 0.00140000 0.00192000
v -0.01240000 0.00140000 0.00192000
v -0.01385000 0.00100000 0.00192000
v -0.01240000 0.00100000 0.00192000
v -0.01385000 0.00090000 0.00192000
v -0.01240000 0.00090000 0.00192000
v -0.01385000 -0.00050000 0.00192000
v -0.01240000 -0.00050000 0.00192000
v -0.01385000 -0.00060000 0.00192000
v -0.01240000 -0.00060000 0.00192000
v -0.01385000 0.00050000 0.00192000
v -0.01240000 0.00050000 0.00192000
v -0.01385000 0.00040000 0.00192000
v -0.01240000 0.00040000 0.00192000
v -0.01385000 0.00200000 0.00192000
v -0.01240000 0.00200000 0.00192000
v -0.01385000 0.00190000 0.00192000
v -0.01240000 0.00190000 0.00192000
v -0.01385000 -0.00400000 0.00192000
v -0.01240000 -0.00400000 0.00192000
v -0.01385000 -0.00410000 0.00192000
v -0.01240000 -0.00410000 0.00192000
v -0.01385000 0.00300000 0.00192000
v -0.01240000 0.00300000 0.00192000
v -0.01385000 0.00290000 0.00192000
v -0.01240000 0.00290000 0.00192000
v -0.01385000 0.00340000 0.00192000
v -0.01240000 0.00340000 0.00192000
v -0.01385000 0.00350000 0.00192000
v -0.01240000 0.00350000 0.00192000
v -0.01385000 -0.00350000 0.00192000
v -0.01240000 -0.00350000 0.00192000
v -0.01385000 -0.00360000 0.00192000
v -0.01240000 -0.00360000 0.00192000
v -0.01365000 -0.00615000 -0.00228000
v -0.01365000 -0.00615000 -0.00268000
v -0.01385000 0.00480000 0.00012000
v -0.01385000 0.00480000 -0.00038000
v -0.01365000 0.00480000 -0.00058000
v -0.01386000 -0.00604500 -0.00268000
v -0.01386000 -0.00604500 -0.00228000
v -0.01305000 -0.00490000 -0.00255500
v -0.01336000 -0.00600000 0.00002000
v -0.01336000 -0.00630000 -0.00023600
v -0.01336000 -0.00600000 -0.00023600
v -0.01350000 -0.00872000 0.00650500
v -0.01350000 -0.00872000 0.00684500
v -0.01315800 -0.00872000 0.00646500
v -0.01315800 -0.00872000 0.00688500
v -0.01145300 -0.00864900 0.00667500
v -0.01095300 -0.00912400 0.00646500
v -0.01080300 -0.00906700 0.00646500
v -0.01135700 -0.00863300 0.00646500
v -0.01315800 -0.00858000 0.00646500
v -0.01080300 -0.00906700 0.00688500
v -0.01095300 -0.00912400 0.00688500
v -0.01315800 -0.00858000 0.00688500
v -0.01347000 -0.00858000 0.00684900
v -0.01347000 -0.00858000 0.00650100
v -0.01372900 0.00341800 0.01036200
v -0.01358200 0.00237100 0.01026400
v -0.01405000 0.00340000 0.01179000
v -0.01358200 -0.00247100 0.01026400
v -0.01405000 -0.00350000 0.01179000
v -0.01361000 -0.00350000 0.01042000
v -0.01405000 0.00340000 0.01252000
v -0.01405000 -0.00350000 0.01252000
v -0.01405000 0.00380000 0.01282000
v -0.01405000 -0.00390000 0.01282000
v -0.01405000 -0.00390000 0.01252000
v -0.01405000 0.00380000 0.01252000
v -0.01399600 0.00380000 0.01302000
v -0.01399600 -0.00390000 0.01302000
v -0.01385000 -0.00390000 0.01316600
v -0.01385000 0.00380000 0.01316600
v -0.01365000 -0.00390000 0.01322000
v -0.01365000 0.00380000 0.01322000
v -0.01230000 -0.00390000 0.01322000
v -0.01305000 -0.00283500 0.01322000
v -0.01337500 -0.00230000 0.01322000
v -0.01337500 0.00230000 0.01322000
v -0.01305000 0.00273500 0.01322000
v -0.01305000 0.00230000 0.01322000
v -0.01230000 -0.00283500 0.01322000
v -0.01305000 -0.00230000 0.01322000
v -0.01230000 0.00273500 0.01322000
v -0.01230000 0.00380000 0.01322000
v -0.01300000 0.00273500 0.01252000
v -0.01230000 0.00273500 0.01252000
v -0.01317700 0.00230000 0.01304600
v -0.01305000 0.00230000 0.01209500
v -0.01328300 -0.00230000 0.01319800
v -0.01328300 0.00230000 0.01319800
v -0.01321100 -0.00230000 0.01313500
v -0.01321100 0.00230000 0.01313500
v -0.01317700 -0.00230000 0.01304600
v -0.01305000 -0.00230000 0.01209500
v -0.01300000 -0.00283500 0.01252000
v -0.01230000 -0.00283500 0.01252000
v -0.01300000 -0.00350000 0.01252000
v -0.01230000 -0.00390000 0.01252000
v -0.01230000 0.00380000 0.01252000
v -0.01300000 0.00340000 0.01252000
v -0.01331000 0.00340000 0.01027000
v -0.01358500 0.00355000 0.01209800
v -0.01300000 0.00340000 0.01232000
v -0.01351000 0.00370000 0.01087000
v -0.01386000 0.00370000 0.01087000
v -0.01385000 0.00075600 0.00775000
v -0.01241100 0.00074900 0.00772500
v -0.01275000 0.00080000 0.00752000
v -0.01265000 0.00080000 0.00742000
v -0.01210900 0.00080000 0.00731100
v -0.01248600 0.00080000 0.00711400
v -0.01242000 0.00080000 0.00702000
v -0.01205000 0.00080000 0.00722000
v -0.01205000 0.00080000 0.00692000
v -0.01275000 0.00060000 0.00752000
v -0.01265000 0.00060000 0.00742000
v -0.01210900 0.00060000 0.00731100
v -0.01248600 0.00060000 0.00711400
v -0.01205000 0.00060000 0.00722000
v -0.01242000 0.00060000 0.00702000
v -0.01205000 0.00060000 0.00692000
v -0.01385000 -0.00074400 0.00775000
v -0.01241100 -0.00075100 0.00772500
v -0.01275000 -0.00070000 0.00752000
v -0.01265000 -0.00070000 0.00742000
v -0.01210900 -0.00070000 0.00731100
v -0.01248600 -0.00070000 0.00711400
v -0.01242000 -0.00070000 0.00702000
v -0.01205000 -0.00070000 0.00722000
v -0.01205000 -0.00070000 0.00692000
v -0.01275000 -0.00090000 0.00752000
v -0.01265000 -0.00090000 0.00742000
v -0.01210900 -0.00090000 0.00731100
v -0.01248600 -0.00090000 0.00711400
v -0.01205000 -0.00090000 0.00722000
v -0.01242000 -0.00090000 0.00702000
v -0.01205000 -0.00090000 0.00692000
v -0.01230000 0.00425000 0.00962000
v -0.01230000 0.00425000 0.01082000
v -0.01227900 0.00362900 0.00962000
v -0.01232500 0.00360000 0.01082000
v -0.01210000 0.00365000 0.01082000
v -0.01210000 0.00425000 0.01082000
v -0.01235000 0.00450000 0.01082000
v -0.01235000 0.00430000 0.01082000
v -0.01286000 0.00450000 0.01082000
v -0.01286000 0.00430000 0.01082000
v -0.01210000 0.00365000 0.00962000
v -0.01210000 0.00425000 0.00962000
v -0.01235000 0.00430000 0.00962000
v -0.01235000 0.00450000 0.00962000
v -0.01286000 0.00450000 0.00962000
v -0.01286000 0.00430000 0.00962000
v -0.01240000 0.00360000 0.01222000
v -0.01225000 0.00360000 0.01222000
v -0.01240000 -0.00370000 0.01222000
v -0.01232500 -0.00370000 0.01082000
v -0.01225000 -0.00370000 0.01222000
v -0.01230000 -0.00435000 0.01082000
v -0.01230000 -0.00435000 0.00962000
v -0.01227500 -0.00370000 0.00957300
v -0.01210000 -0.00375000 0.01082000
v -0.01210000 -0.00435000 0.01082000
v -0.01235000 -0.00460000 0.01082000
v -0.01235000 -0.00440000 0.01082000
v -0.01286000 -0.00440000 0.01082000
v -0.01286000 -0.00460000 0.01082000
v -0.01210000 -0.00375000 0.00962000
v -0.01210000 -0.00435000 0.00962000
v -0.01235000 -0.00440000 0.00962000
v -0.01235000 -0.00460000 0.00962000
v -0.01286000 -0.00440000 0.00962000
v -0.01286000 -0.00460000 0.00962000
v -0.01240000 -0.00370000 0.00952000
v -0.01385000 -0.00124400 0.00775000
v -0.01275000 -0.00140000 0.00752000
v -0.01240000 -0.00128000 0.00741600
v -0.01242000 -0.00140000 0.00682000
v -0.01242000 -0.00120000 0.00682000
v -0.01275000 -0.00120000 0.00752000
v -0.01385000 -0.00024400 0.00775000
v -0.01275000 -0.00040000 0.00752000
v -0.01240000 -0.00028000 0.00741600
v -0.01242000 -0.00040000 0.00682000
v -0.01242000 -0.00020000 0.00682000
v -0.01275000 -0.00020000 0.00752000
v -0.01385000 -0.00174400 0.00775000
v -0.01241100 -0.00175100 0.00772500
v -0.01275000 -0.00170000 0.00752000
v -0.01265000 -0.00170000 0.00742000
v -0.01210900 -0.00170000 0.00731100
v -0.01248900 -0.00170000 0.00711500
v -0.01242000 -0.00170000 0.00702000
v -0.01205000 -0.00170000 0.00722000
v -0.01205000 -0.00170000 0.00692000
v -0.01275000 -0.00190000 0.00752000
v -0.01265000 -0.00190000 0.00742000
v -0.01210900 -0.00190000 0.00731100
v -0.01248900 -0.00190000 0.00711500
v -0.01205000 -0.00190000 0.00722000
v -0.01242000 -0.00190000 0.00702000
v -0.01205000 -0.00190000 0.00692000
v -0.01385000 0.00025600 0.00775000
v -0.01241100 0.00024900 0.00772500
v -0.01275000 0.00030000 0.00752000
v -0.01265000 0.00030000 0.00742000
v -0.01210900 0.00030000 0.00731100
v -0.01248900 0.00030000 0.00711500
v -0.01242000 0.00030000 0.00702000
v -0.01205000 0.00030000 0.00722000
v -0.01205000 0.00030000 0.00692000
v -0.01275000 0.00010000 0.00752000
v -0.01265000 0.00010000 0.00742000
v -0.01210900 0.00010000 0.00731100
v -0.01248900 0.00010000 0.00711500
v -0.01205000 0.00010000 0.00722000
v -0.01242000 0.00010000 0.00702000
v -0.01205000 0.00010000 0.00692000
v -0.01248900 0.00180000 0.00711500
v -0.01265000 0.00180000 0.00742000
v -0.01210900 0.00180000 0.00731100
v -0.01242000 0.00180000 0.00702000
v -0.01205000 0.00180000 0.00722000
v -0.01205000 0.00180000 0.00692000
v -0.01241100 0.00174900 0.00772500
v -0.01275000 0.00180000 0.00752000
v -0.01385000 0.00175600 0.00775000
v -0.01275000 0.00160000 0.00752000
v -0.01265000 0.00160000 0.00742000
v -0.01210900 0.00160000 0.00731100
v -0.01248900 0.00160000 0.00711500
v -0.01205000 0.00160000 0.00722000
v -0.01242000 0.00160000 0.00702000
v -0.01205000 0.00160000 0.00692000
v -0.01385000 0.00125600 0.00775000
v -0.01275000 0.00110000 0.00752000
v -0.01240000 0.00122000 0.00741600
v -0.01242000 0.00110000 0.00682000
v -0.01242000 0.00130000 0.00682000
v -0.01275000 0.00130000 0.00752000
v -0.01235000 -0.00220000 0.00762000
v -0.01270000 -0.00220000 0.00750700
v -0.01240000 -0.00220000 0.00781500
v -0.01275000 -0.00220000 0.00752000
v -0.01385000 -0.00220000 0.00781500
v -0.01405000 -0.00220000 0.00752000
v -0.01210900 -0.00220000 0.00731100
v -0.01243800 -0.00220000 0.00707800
v -0.01235000 -0.00220000 0.00742000
v -0.01242000 -0.00220000 0.00702000
v -0.01205000 -0.00220000 0.00722000
v -0.01205000 -0.00220000 0.00692000
v -0.01275000 -0.00240000 0.00752000
v -0.01405000 -0.00240000 0.00752000
v -0.01235000 -0.00240000 0.00742000
v -0.01243800 -0.00240000 0.00707800
v -0.01210900 -0.00240000 0.00731100
v -0.01205000 -0.00240000 0.00722000
v -0.01242000 -0.00240000 0.00702000
v -0.01205000 -0.00240000 0.00692000
v -0.01220000 -0.00240000 0.00781500
v -0.01405000 -0.00240000 0.00781500
v -0.01415000 -0.00250000 0.00762000
v -0.01210000 -0.00250000 0.00762000
v -0.01225000 -0.00290000 0.00762000
v -0.01290000 -0.00325000 0.00762000
v -0.01415000 -0.00325000 0.00762000
v -0.01225000 -0.00410000 0.00762000
v -0.01290000 -0.00410000 0.00762000
v -0.01385000 0.00210000 0.00781500
v -0.01275000 0.00210000 0.00752000
v -0.01240000 0.00210000 0.00781500
v -0.01405000 0.00210000 0.00752000
v -0.01266300 0.00210000 0.00747000
v -0.01235000 0.00210000 0.00762000
v -0.01235000 0.00210000 0.00742000
v -0.01243800 0.00210000 0.00707800
v -0.01210900 0.00210000 0.00731100
v -0.01205000 0.00210000 0.00722000
v -0.01242000 0.00210000 0.00702000
v -0.01205000 0.00210000 0.00692000
v -0.01275000 0.00230000 0.00752000
v -0.01405000 0.00230000 0.00752000
v -0.01405000 0.00229900 0.00781800
v -0.01220000 0.00230000 0.00781600
v -0.01243800 0.00230000 0.00707800
v -0.01235000 0.00230000 0.00742000
v -0.01210900 0.00230000 0.00731100
v -0.01242000 0.00230000 0.00702000
v -0.01205000 0.00230000 0.00722000
v -0.01205000 0.00230000 0.00692000
v -0.01210000 0.00240000 0.00762000
v -0.01415000 0.00240000 0.00762000
v -0.01290000 0.00400000 0.00762000
v -0.01225000 0.00400000 0.00762000
v -0.01290000 0.00315000 0.00762000
v -0.01225000 0.00280000 0.00762000
v -0.01415000 0.00315000 0.00762000
v -0.01386000 -0.00380000 0.01222000
v -0.01351000 -0.00380000 0.01222000
v -0.01386000 -0.00380000 0.01087000
v -0.01351000 -0.00380000 0.01087000
v -0.01331000 -0.00350000 0.01222000
v -0.01331000 -0.00350000 0.01027000
v -0.01386500 -0.00350000 0.01027900
v -0.01335000 -0.00350000 0.01222000
v -0.01330000 -0.00350000 0.01232000
v -0.01386000 -0.00350000 0.01182000
v -0.01386000 -0.00350000 0.01119800
v -0.01335000 -0.00350000 0.01182000
v -0.01400000 -0.00350000 0.01222000
v -0.01361000 -0.00250000 0.01042000
v -0.01400000 -0.00250000 0.01022000
v -0.01400000 -0.00350000 0.01022000
v -0.01400000 0.00340000 0.01022000
v -0.01400000 0.00240000 0.01022000
v -0.01386000 0.00340000 0.01029200
v -0.01361000 0.00240000 0.01042000
v -0.01361000 0.00340000 0.01042000
v -0.01400000 -0.00250000 0.00992000
v -0.01400000 -0.00350000 0.00992000
v -0.01365000 -0.00240500 0.00951800
v -0.01382500 -0.00250000 0.00961700
v -0.01371100 -0.00239200 0.00998300
v -0.01351400 -0.00250000 0.01012000
v -0.01386000 -0.00365000 0.00958000
v -0.01415000 -0.00350000 0.00952000
v -0.01396300 -0.00350000 0.00976300
v -0.01415000 -0.00350000 0.01087000
v -0.01400000 -0.00350000 0.01087000
v -0.01400000 -0.00350000 0.01163400
v -0.01415000 -0.00365000 0.01087000
v -0.01415000 -0.00365000 0.01222000
v -0.01400000 0.00240000 0.00992000
v -0.01371900 0.00228600 0.01004300
v -0.01395300 0.00240000 0.00974500
v -0.01382500 0.00240000 0.00961700
v -0.01365000 0.00230500 0.00951800
v -0.01351400 0.00240000 0.01012000
v -0.01400000 0.00340000 0.00992000
v -0.01386000 0.00355000 0.00958000
v -0.01396300 0.00340000 0.00976300
v -0.01415000 0.00340000 0.00952000
v -0.01400000 0.00340000 0.01087000
v -0.01415000 0.00340000 0.01087000
v -0.01386000 0.00340000 0.01119800
v -0.01400000 0.00340000 0.01163400
v -0.01415000 0.00355000 0.01087000
v -0.01415000 0.00355000 0.01222000
v -0.01400000 0.00340000 0.01222000
v -0.01365000 0.00355000 0.01222000
v -0.01335000 0.00340000 0.01222000
v -0.01365000 0.00355000 0.01182000
v -0.01335000 0.00340000 0.01182000
v -0.01386000 0.00344500 0.01222000
v -0.01386000 0.00344500 0.01182000
v -0.01365000 -0.00365000 0.01222000
v -0.01386000 -0.00354500 0.01222000
v -0.01365000 -0.00365000 0.01182000
v -0.01386000 -0.00354500 0.01182000
v -0.01365000 -0.00380000 0.00957000
v -0.01365000 -0.00287800 0.00957000
v -0.01395300 -0.00250000 0.00974500
v -0.01345500 -0.00287800 0.00966400
v -0.01345500 -0.00380000 0.00966400
v -0.01351000 -0.00287800 0.00961300
v -0.01351000 -0.00380000 0.00961300
v -0.01357600 -0.00380000 0.00958100
v -0.01357600 -0.00287800 0.00958100
v -0.01415000 -0.00410000 0.01222000
v -0.01415000 -0.00410000 0.00952000
v -0.01365000 0.00262200 0.00957000
v -0.01365000 0.00370000 0.00957000
v -0.01357600 0.00370000 0.00958100
v -0.01357600 0.00262200 0.00958100
v -0.01351000 0.00262200 0.00961300
v -0.01351000 0.00370000 0.00961300
v -0.01345500 0.00370000 0.00966400
v -0.01345500 0.00262200 0.00966400
v -0.01415000 0.00400000 0.01222000
v -0.01415000 0.00400000 0.00952000
v -0.01240000 -0.00410000 0.01222000
v -0.01330000 -0.00350000 0.01222000
v -0.01265000 -0.00303500 0.01222000
v -0.01330000 -0.00303500 0.01222000
v -0.01225000 -0.00290000 0.01222000
v -0.01265000 0.00293500 0.01222000
v -0.01225000 0.00280000 0.01222000
v -0.01210000 -0.00290000 0.01222000
v -0.01210000 0.00280000 0.01222000
v -0.01240000 0.00400000 0.01222000
v -0.01330000 0.00340000 0.01222000
v -0.01330000 0.00293500 0.01222000
v -0.01351000 0.00370000 0.01222000
v -0.01386000 0.00370000 0.01222000
v -0.01331900 -0.00350000 0.00984300
v -0.01330000 -0.00350000 0.00952000
v -0.01336000 -0.00380000 0.00977600
v -0.01336000 -0.00380000 0.00952000
v -0.01312600 -0.00410000 0.01126800
v -0.01315000 -0.00410000 0.01119500
v -0.01315000 -0.00410000 0.00952000
v -0.01306400 -0.00410000 0.01131400
v -0.01298600 -0.00410000 0.01131400
v -0.01292400 -0.00410000 0.01126800
v -0.01290000 -0.00410000 0.01119500
v -0.01240000 -0.00410000 0.00952000
v -0.01225000 -0.00410000 0.00952000
v -0.01336000 0.00370000 0.00952000
v -0.01336000 0.00340000 0.00952000
v -0.01336000 0.00370000 0.00977600
v -0.01334200 0.00340000 0.00982000
v -0.01290000 0.00400000 0.01119500
v -0.01240000 0.00400000 0.00952000
v -0.01225000 0.00400000 0.00952000
v -0.01292400 0.00400000 0.01126800
v -0.01298600 0.00400000 0.01131400
v -0.01306400 0.00400000 0.01131400
v -0.01312600 0.00400000 0.01126800
v -0.01315000 0.00400000 0.01119500
v -0.01315000 0.00400000 0.00952000
v -0.01315000 -0.00325000 0.00952000
v -0.01290000 -0.00325000 0.01119500
v -0.01292400 -0.00325000 0.01126800
v -0.01298600 -0.00325000 0.01131400
v -0.01306400 -0.00325000 0.01131400
v -0.01312600 -0.00325000 0.01126800
v -0.01315000 -0.00325000 0.01119500
v -0.01330000 -0.00325000 0.00952000
v -0.01330000 -0.00287800 0.00992000
v -0.01330000 -0.00287800 0.00942000
v -0.01385000 -0.00240000 0.00942000
v -0.01382700 0.00179900 0.01001000
v -0.01365000 0.00180000 0.01002000
v -0.01365000 -0.00190000 0.01002000
v -0.01382700 -0.00189900 0.01001000
v -0.01385000 0.00232500 0.00942000
v -0.01315000 0.00315000 0.00952000
v -0.01315000 0.00315000 0.01119500
v -0.01312600 0.00315000 0.01126800
v -0.01306400 0.00315000 0.01131400
v -0.01298600 0.00315000 0.01131400
v -0.01292400 0.00315000 0.01126800
v -0.01290000 0.00315000 0.01119500
v -0.01330000 0.00315000 0.00952000
v -0.01330000 0.00273500 0.00992000
v -0.01330000 0.00273500 0.00942000
v -0.01415000 0.00229800 0.00782000
v -0.01405000 -0.00020000 0.00782000
v -0.01415000 -0.00239800 0.00782000
v -0.01415000 -0.00325000 0.00942000
v -0.01330000 -0.00325000 0.00942000
v -0.01415000 -0.00242500 0.00942000
v -0.01365000 -0.00287800 0.00942000
v -0.01415000 -0.00242500 0.00984700
v -0.01382700 -0.00039900 0.01001000
v -0.01375000 0.00010100 0.01007000
v -0.01382700 0.00029900 0.01001000
v -0.01415000 0.00232500 0.00984700
v -0.01382700 0.00079900 0.01001000
v -0.01382700 0.00110100 0.01001000
v -0.01382700 0.00160100 0.01001000
v -0.01382700 -0.00170100 0.01001000
v -0.01382700 -0.00120100 0.01001000
v -0.01382700 -0.00089900 0.01001000
v -0.01415000 0.00232500 0.00942000
v -0.01415000 0.00315000 0.00942000
v -0.01365000 0.00262200 0.00942000
v -0.01330000 0.00315000 0.00942000
v -0.01385000 -0.00150000 0.00762000
v -0.01240000 -0.00150000 0.00762000
v -0.01385000 -0.00160000 0.00762000
v -0.01240000 -0.00160000 0.00762000
v -0.01385000 0.00090000 0.00762000
v -0.01240000 0.00090000 0.00762000
v -0.01385000 0.00100000 0.00762000
v -0.01240000 0.00100000 0.00762000
v -0.01385000 0.00040000 0.00762000
v -0.01240000 0.00040000 0.00762000
v -0.01385000 0.00050000 0.00762000
v -0.01240000 0.00050000 0.00762000
v -0.01385000 0.00190000 0.00762000
v -0.01240000 0.00190000 0.00762000
v -0.01385000 0.00200000 0.00762000
v -0.01240000 0.00200000 0.00762000
v -0.01350000 -0.00872000 0.00015500
v -0.01350000 -0.00872000 0.00049500
v -0.01315800 -0.00872000 0.00011500
v -0.01315800 -0.00872000 0.00053500
v -0.01145300 -0.00864900 0.00032500
v -0.01095300 -0.00912400 0.00011500
v -0.01080300 -0.00906700 0.00011500
v -0.01135700 -0.00863300 0.00011500
v -0.01315800 -0.00858000 0.00011500
v -0.01080300 -0.00906700 0.00053500
v -0.01095300 -0.00912400 0.00053500
v -0.01315800 -0.00858000 0.00053500
v -0.01347000 -0.00858000 0.00049900
v -0.01347000 -0.00858000 0.00015100
v -0.01350000 -0.00872000 0.00523500
v -0.01350000 -0.00872000 0.00557500
v -0.01315800 -0.00872000 0.00519500
v -0.01315800 -0.00872000 0.00561500
v -0.01145300 -0.00864900 0.00540500
v -0.01095300 -0.00912400 0.00519500
v -0.01080300 -0.00906700 0.00519500
v -0.01135700 -0.00863300 0.00519500
v -0.01315800 -0.00858000 0.00519500
v -0.01080300 -0.00906700 0.00561500
v -0.01095300 -0.00912400 0.00561500
v -0.01315800 -0.00858000 0.00561500
v -0.01347000 -0.00858000 0.00557900
v -0.01347000 -0.00858000 0.00523100
v -0.01350000 -0.00872000 0.00777500
v -0.01350000 -0.00872000 0.00811500
v -0.01315800 -0.00872000 0.00773500
v -0.01315800 -0.00872000 0.00815500
v -0.01145300 -0.00864900 0.00794500
v -0.01095300 -0.00912400 0.00773500
v -0.01080300 -0.00906700 0.00773500
v -0.01135700 -0.00863300 0.00773500
v -0.01315800 -0.00858000 0.00773500
v -0.01080300 -0.00906700 0.00815500
v -0.01095300 -0.00912400 0.00815500
v -0.01315800 -0.00858000 0.00815500
v -0.01347000 -0.00858000 0.00811900
v -0.01347000 -0.00858000 0.00777100
v -0.01350000 -0.00872000 0.00396500
v -0.01350000 -0.00872000 0.00430500
v -0.01315800 -0.00872000 0.00392500
v -0.01315800 -0.00872000 0.00434500
v -0.01145300 -0.00864900 0.00413500
v -0.01095300 -0.00912400 0.00392500
v -0.01080300 -0.00906700 0.00392500
v -0.01135700 -0.00863300 0.00392500
v -0.01315800 -0.00858000 0.00392500
v -0.01080300 -0.00906700 0.00434500
v -0.01095300 -0.00912400 0.00434500
v -0.01315800 -0.00858000 0.00434500
v -0.01347000 -0.00858000 0.00430900
v -0.01347000 -0.00858000 0.00396100
v -0.01350000 -0.00872000 0.00904500
v -0.01350000 -0.00872000 0.00938500
v -0.01315800 -0.00872000 0.00900500
v -0.01315800 -0.00872000 0.00942500
v -0.01145300 -0.00864900 0.00921500
v -0.01095300 -0.00912400 0.00900500
v -0.01080300 -0.00906700 0.00900500
v -0.01135700 -0.00863300 0.00900500
v -0.01315800 -0.00858000 0.00900500
v -0.01080300 -0.00906700 0.00942500
v -0.01095300 -0.00912400 0.00942500
v -0.01315800 -0.00858000 0.00942500
v -0.01347000 -0.00858000 0.00938900
v -0.01347000 -0.00858000 0.00904100
v -0.01350000 -0.00872000 0.00142500
v -0.01350000 -0.00872000 0.00176500
v -0.01315800 -0.00872000 0.00138500
v -0.01315800 -0.00872000 0.00180500
v -0.01145300 -0.00864900 0.00159500
v -0.01095300 -0.00912400 0.00138500
v -0.01080300 -0.00906700 0.00138500
v -0.01135700 -0.00863300 0.00138500
v -0.01315800 -0.00858000 0.00138500
v -0.01080300 -0.00906700 0.00180500
v -0.01095300 -0.00912400 0.00180500
v -0.01315800 -0.00858000 0.00180500
v -0.01347000 -0.00858000 0.00176900
v -0.01347000 -0.00858000 0.00142100
v -0.00285800 -0.01220000 -0.00165000
v -0.00287800 -0.01220000 -0.00084500
v -0.00330000 -0.01220000 0.00000000
v -0.00287800 -0.01220000 0.00084500
v -0.00285800 -0.01220000 0.00165000
v -0.00196500 -0.01220000 0.00226700
v -0.00165000 -0.01220000 0.00285800
v -0.00042700 -0.01220000 0.00296900
v 0.00000000 -0.01220000 0.00330000
v 0.00124600 -0.01220000 0.00272900
v 0.00165000 -0.01220000 0.00285800
v 0.00252400 -0.01220000 0.00162200
v 0.00285800 -0.01220000 0.00165000
v 0.00300000 -0.01220000 0.00000000
v 0.00330000 -0.01220000 0.00000000
v 0.00285800 -0.01220000 -0.00165000
v 0.00252400 -0.01220000 -0.00162200
v 0.00165000 -0.01220000 -0.00285800
v 0.00124600 -0.01220000 -0.00272900
v 0.00000000 -0.01220000 -0.00330000
v -0.00042700 -0.01220000 -0.00296900
v -0.00165000 -0.01220000 -0.00285800
v -0.00196500 -0.01220000 -0.00226700
v 0.00300000 -0.00920000 0.00000000
v 0.00252400 -0.00920000 -0.00162200
v 0.00124600 -0.00920000 -0.00272900
v -0.00042700 -0.00920000 -0.00296900
v -0.00196500 -0.00920000 -0.00226700
v -0.00287800 -0.00920000 -0.00084500
v -0.00287800 -0.00920000 0.00084500
v -0.00196500 -0.00920000 0.00226700
v -0.00042700 -0.00920000 0.00296900
v 0.00124600 -0.00920000 0.00272900
v 0.00252400 -0.00920000 0.00162200
v -0.00285800 -0.01200000 -0.00165000
v -0.00330000 -0.01200000 0.00000000
v -0.00285800 -0.01200000 0.00165000
v -0.00165000 -0.01200000 0.00285800
v 0.00000000 -0.01200000 0.00330000
v 0.00165000 -0.01200000 0.00285800
v 0.00285800 -0.01200000 0.00165000
v 0.00330000 -0.01200000 0.00000000
v 0.00285800 -0.01200000 -0.00165000
v 0.00165000 -0.01200000 -0.00285800
v 0.00000000 -0.01200000 -0.00330000
v -0.00165000 -0.01200000 -0.00285800
v -0.00285800 -0.00920000 0.00165000
v -0.00330000 -0.00920000 0.00000000
v -0.00285800 -0.00920000 -0.00165000
v -0.00165000 -0.00920000 -0.00285800
v -0.00000000 -0.00920000 -0.00330000
v 0.00165000 -0.00920000 -0.00285800
v 0.00285800 -0.00920000 -0.00165000
v 0.00330000 -0.00920000 0.00000000
v 0.00285800 -0.00920000 0.00165000
v 0.00165000 -0.00920000 0.00285800
v -0.00000000 -0.00920000 0.00330000
v -0.00165000 -0.00920000 0.00285800
v -0.00423500 -0.01200000 0.00203900
v -0.00470000 -0.01200000 0.00000000
v -0.00423500 -0.01200000 -0.00203900
v -0.00293000 -0.01200000 -0.00367500
v -0.00104600 -0.01200000 -0.00458200
v 0.00104600 -0.01200000 -0.00458200
v 0.00293000 -0.01200000 -0.00367500
v 0.00423500 -0.01200000 -0.00203900
v 0.00470000 -0.01200000 0.00000000
v 0.00423500 -0.01200000 0.00203900
v 0.00293000 -0.01200000 0.00367500
v 0.00104600 -0.01200000 0.00458200
v -0.00104600 -0.01200000 0.00458200
v -0.00293000 -0.01200000 0.00367500
v -0.00285800 -0.00940000 0.00165000
v -0.00330000 -0.00940000 0.00000000
v -0.00285800 -0.00940000 -0.00165000
v -0.00165000 -0.00940000 -0.00285800
v -0.00000000 -0.00940000 -0.00330000
v 0.00165000 -0.00940000 -0.00285800
v 0.00285800 -0.00940000 -0.00165000
v 0.00330000 -0.00940000 0.00000000
v 0.00285800 -0.00940000 0.00165000
v 0.00165000 -0.00940000 0.00285800
v -0.00000000 -0.00940000 0.00330000
v -0.00165000 -0.00940000 0.00285800
v -0.00423500 -0.01220000 0.00203900
v -0.00470000 -0.01220000 0.00000000
v -0.00423500 -0.01220000 -0.00203900
v -0.00293000 -0.01220000 -0.00367500
v -0.00104600 -0.01220000 -0.00458200
v 0.00104600 -0.01220000 -0.00458200
v 0.00293000 -0.01220000 -0.00367500
v 0.00423500 -0.01220000 -0.00203900
v 0.00470000 -0.01220000 0.00000000
v 0.00423500 -0.01220000 0.00203900
v 0.00293000 -0.01220000 0.00367500
v 0.00104600 -0.01220000 0.00458200
v -0.00104600 -0.01220000 0.00458200
v -0.00293000 -0.01220000 0.00367500
v -0.00423500 -0.00940000 -0.00203900
v -0.00470000 -0.00940000 0.00000000
v -0.00423500 -0.00940000 0.00203900
v -0.00293000 -0.00940000 0.00367500
v -0.00104600 -0.00940000 0.00458200
v 0.00104600 -0.00940000 0.00458200
v 0.00293000 -0.00940000 0.00367500
v 0.00423500 -0.00940000 0.00203900
v 0.00470000 -0.00940000 0.00000000
v 0.00423500 -0.00940000 -0.00203900
v 0.00293000 -0.00940000 -0.00367500
v 0.00104600 -0.00940000 -0.00458200
v -0.00104600 -0.00940000 -0.00458200
v -0.00293000 -0.00940000 -0.00367500
v 0.00511600 -0.01220000 -0.00227800
v 0.00560000 -0.01220000 0.00000000
v 0.00511600 -0.01220000 0.00227800
v 0.00374700 -0.01220000 0.00416200
v 0.00173000 -0.01220000 0.00532600
v -0.00058500 -0.01220000 0.00556900
v -0.00280000 -0.01220000 0.00485000
v -0.00453000 -0.01220000 0.00329200
v -0.00547800 -0.01220000 0.00116400
v -0.00547800 -0.01220000 -0.00116400
v -0.00453000 -0.01220000 -0.00329200
v -0.00280000 -0.01220000 -0.00485000
v -0.00058500 -0.01220000 -0.00556900
v 0.00173000 -0.01220000 -0.00532600
v 0.00374700 -0.01220000 -0.00416200
v -0.00423500 -0.00920000 -0.00203900
v -0.00470000 -0.00920000 0.00000000
v -0.00423500 -0.00920000 0.00203900
v -0.00293000 -0.00920000 0.00367500
v -0.00104600 -0.00920000 0.00458200
v 0.00104600 -0.00920000 0.00458200
v 0.00293000 -0.00920000 0.00367500
v 0.00423500 -0.00920000 0.00203900
v 0.00470000 -0.00920000 0.00000000
v 0.00423500 -0.00920000 -0.00203900
v 0.00293000 -0.00920000 -0.00367500
v 0.00104600 -0.00920000 -0.00458200
v -0.00104600 -0.00920000 -0.00458200
v -0.00293000 -0.00920000 -0.00367500
v 0.00511600 -0.01160000 0.00227800
v 0.00560000 -0.01160000 0.00000000
v 0.00511600 -0.01160000 -0.00227800
v 0.00374700 -0.01160000 -0.00416200
v 0.00173000 -0.01160000 -0.00532600
v -0.00058500 -0.01160000 -0.00556900
v -0.00280000 -0.01160000 -0.00485000
v -0.00453000 -0.01160000 -0.00329200
v -0.00547800 -0.01160000 -0.00116400
v -0.00547800 -0.01160000 0.00116400
v -0.00453000 -0.01160000 0.00329200
v -0.00280000 -0.01160000 0.00485000
v -0.00058500 -0.01160000 0.00556900
v 0.00173000 -0.01160000 0.00532600
v 0.00374700 -0.01160000 0.00416200
v 0.00450500 -0.00920000 -0.00216900
v 0.00500000 -0.00920000 0.00000000
v 0.00311700 -0.00920000 -0.00390900
v 0.00111300 -0.00920000 -0.00487500
v -0.00111300 -0.00920000 -0.00487500
v -0.00311700 -0.00920000 -0.00390900
v -0.00450500 -0.00920000 -0.00216900
v -0.00500000 -0.00920000 0.00000000
v -0.00450500 -0.00920000 0.00216900
v -0.00311700 -0.00920000 0.00390900
v -0.00111300 -0.00920000 0.00487500
v 0.00111300 -0.00920000 0.00487500
v 0.00311700 -0.00920000 0.00390900
v 0.00450500 -0.00920000 0.00216900
v 0.00500000 -0.01160000 0.00000000
v 0.00450500 -0.01160000 -0.00216900
v 0.00311700 -0.01160000 -0.00390900
v 0.00111300 -0.01160000 -0.00487500
v -0.00111300 -0.01160000 -0.00487500
v -0.00311700 -0.01160000 -0.00390900
v -0.00450500 -0.01160000 -0.00216900
v -0.00500000 -0.01160000 0.00000000
v -0.00450500 -0.01160000 0.00216900
v -0.00311700 -0.01160000 0.00390900
v -0.00111300 -0.01160000 0.00487500
v 0.00111300 -0.01160000 0.00487500
v 0.00311700 -0.01160000 0.00390900
v 0.00450500 -0.01160000 0.00216900
v -0.00898600 0.01140000 0.02643200
v -0.00770000 0.01340000 0.02690000
v -0.00770000 0.01140000 0.02690000
v -0.00641400 0.01340000 0.02643200
v -0.00641400 0.01140000 0.02643200
v -0.00573000 0.01340000 0.02524700
v -0.00573000 0.01140000 0.02524700
v -0.00596800 0.01340000 0.02390000
v -0.00596800 0.01140000 0.02390000
v -0.00701600 0.01340000 0.02302100
v -0.00701600 0.01140000 0.02302100
v -0.00838400 0.01340000 0.02302100
v -0.00838400 0.01140000 0.02302100
v -0.00943200 0.01340000 0.02390000
v -0.00943200 0.01140000 0.02390000
v -0.00967000 0.01340000 0.02524700
v -0.00967000 0.01140000 0.02524700
v -0.00898600 0.01340000 0.02643200
v -0.00898600 0.01140000 0.03063200
v -0.00770000 0.01340000 0.03110000
v -0.00770000 0.01140000 0.03110000
v -0.00641400 0.01340000 0.03063200
v -0.00641400 0.01140000 0.03063200
v -0.00573000 0.01340000 0.02944700
v -0.00573000 0.01140000 0.02944700
v -0.00596800 0.01340000 0.02810000
v -0.00596800 0.01140000 0.02810000
v -0.00701600 0.01340000 0.02722100
v -0.00701600 0.01140000 0.02722100
v -0.00838400 0.01340000 0.02722100
v -0.00838400 0.01140000 0.02722100
v -0.00943200 0.01340000 0.02810000
v -0.00943200 0.01140000 0.02810000
v -0.00967000 0.01340000 0.02944700
v -0.00967000 0.01140000 0.02944700
v -0.00898600 0.01340000 0.03063200
v 0.00641400 0.01140000 0.02643200
v 0.00770000 0.01340000 0.02690000
v 0.00770000 0.01140000 0.02690000
v 0.00898600 0.01340000 0.02643200
v 0.00898600 0.01140000 0.02643200
v 0.00967000 0.01340000 0.02524700
v 0.00967000 0.01140000 0.02524700
v 0.00943200 0.01340000 0.02390000
v 0.00943200 0.01140000 0.02390000
v 0.00838400 0.01340000 0.02302100
v 0.00838400 0.01140000 0.02302100
v 0.00701600 0.01340000 0.02302100
v 0.00701600 0.01140000 0.02302100
v 0.00596800 0.01340000 0.02390000
v 0.00596800 0.01140000 0.02390000
v 0.00573000 0.01340000 0.02524700
v 0.00573000 0.01140000 0.02524700
v 0.00641400 0.01340000 0.02643200
v 0.00641400 0.01140000 0.03063200
v 0.00770000 0.01340000 0.03110000
v 0.00770000 0.01140000 0.03110000
v 0.00898600 0.01340000 0.03063200
v 0.00898600 0.01140000 0.03063200
v 0.00967000 0.01340000 0.02944700
v 0.00967000 0.01140000 0.02944700
v 0.00943200 0.01340000 0.02810000
v 0.00943200 0.01140000 0.02810000
v 0.00838400 0.01340000 0.02722100
v 0.00838400 0.01140000 0.02722100
v 0.00701600 0.01340000 0.02722100
v 0.00701600 0.01140000 0.02722100
v 0.00596800 0.01340000 0.02810000
v 0.00596800 0.01140000 0.02810000
v 0.00573000 0.01340000 0.02944700
v 0.00573000 0.01140000 0.02944700
v 0.00641400 0.01340000 0.03063200
v -0.00770000 0.01140000 0.02595000
v -0.00702500 0.01140000 0.02570400
v -0.00666600 0.01140000 0.02508200
v -0.00679100 0.01140000 0.02437500
v -0.00734100 0.01140000 0.02391300
v -0.00805900 0.01140000 0.02391300
v -0.00860900 0.01140000 0.02437500
v -0.00873400 0.01140000 0.02508200
v -0.00837500 0.01140000 0.02570400
v -0.00770000 0.01140000 0.03015000
v -0.00702500 0.01140000 0.02990400
v -0.00666600 0.01140000 0.02928200
v -0.00679100 0.01140000 0.02857500
v -0.00734100 0.01140000 0.02811300
v -0.00805900 0.01140000 0.02811300
v -0.00860900 0.01140000 0.02857500
v -0.00873400 0.01140000 0.02928200
v -0.00837500 0.01140000 0.02990400
v -0.00980000 0.01340000 0.03130000
v 0.00980000 0.01340000 0.03130000
v -0.00370000 0.01340000 0.03010000
v -0.00305700 0.01340000 0.02986600
v -0.00271500 0.01340000 0.02927400
v -0.00283400 0.01340000 0.02860000
v -0.00305700 0.01340000 0.02566600
v -0.00271500 0.01340000 0.02507400
v -0.00283400 0.01340000 0.02440000
v -0.00335800 0.01340000 0.02396000
v -0.00370000 0.01340000 0.02590000
v -0.00404200 0.01340000 0.02816000
v -0.00335800 0.01340000 0.02816000
v -0.00456600 0.01340000 0.02860000
v -0.00468500 0.01340000 0.02927400
v -0.00434300 0.01340000 0.02986600
v -0.00404200 0.01340000 0.02396000
v -0.00456600 0.01340000 0.02440000
v -0.00468500 0.01340000 0.02507400
v -0.00434300 0.01340000 0.02566600
v 0.00837500 0.01140000 0.02570400
v 0.00770000 0.01140000 0.02595000
v 0.00702500 0.01140000 0.02570400
v 0.00873400 0.01140000 0.02508200
v 0.00860900 0.01140000 0.02437500
v 0.00805900 0.01140000 0.02391300
v 0.00734100 0.01140000 0.02391300
v 0.00679100 0.01140000 0.02437500
v 0.00666600 0.01140000 0.02508200
v 0.00837500 0.01140000 0.02990400
v 0.00770000 0.01140000 0.03015000
v 0.00702500 0.01140000 0.02990400
v 0.00666600 0.01140000 0.02928200
v 0.00873400 0.01140000 0.02928200
v 0.00860900 0.01140000 0.02857500
v 0.00805900 0.01140000 0.02811300
v 0.00734100 0.01140000 0.02811300
v 0.00679100 0.01140000 0.02857500
v -0.00980000 0.00940000 0.03130000
v 0.00980000 0.00940000 0.03130000
v -0.00837500 0.00940000 0.02570400
v -0.00702500 0.00940000 0.02570400
v -0.00666600 0.00940000 0.02508200
v -0.00679100 0.00940000 0.02437500
v -0.00734100 0.00940000 0.02391300
v -0.00805900 0.00940000 0.02391300
v -0.00860900 0.00940000 0.02437500
v -0.00873400 0.00940000 0.02508200
v -0.00370000 0.00940000 0.02590000
v -0.00434300 0.00940000 0.02566600
v -0.00468500 0.00940000 0.02507400
v -0.00456600 0.00940000 0.02440000
v -0.00404200 0.00940000 0.02396000
v -0.00335800 0.00940000 0.02396000
v -0.00283400 0.00940000 0.02440000
v -0.00271500 0.00940000 0.02507400
v -0.00305700 0.00940000 0.02566600
v -0.00837500 0.00940000 0.02990400
v -0.00770000 0.00940000 0.03015000
v -0.00702500 0.00940000 0.02990400
v -0.00666600 0.00940000 0.02928200
v -0.00679100 0.00940000 0.02857500
v -0.00734100 0.00940000 0.02811300
v -0.00805900 0.00940000 0.02811300
v -0.00860900 0.00940000 0.02857500
v -0.00873400 0.00940000 0.02928200
v -0.00370000 0.00940000 0.03010000
v -0.00434300 0.00940000 0.02986600
v -0.00468500 0.00940000 0.02927400
v -0.00456600 0.00940000 0.02860000
v -0.00404200 0.00940000 0.02816000
v -0.00335800 0.00940000 0.02816000
v -0.00283400 0.00940000 0.02860000
v -0.00271500 0.00940000 0.02927400
v -0.00305700 0.00940000 0.02986600
v 0.00702500 0.00940000 0.02570400
v 0.00837500 0.00940000 0.02570400
v 0.00873400 0.00940000 0.02508200
v 0.00860900 0.00940000 0.02437500
v 0.00805900 0.00940000 0.02391300
v 0.00734100 0.00940000 0.02391300
v 0.00679100 0.00940000 0.02437500
v 0.00666600 0.00940000 0.02508200
v 0.00702500 0.00940000 0.02990400
v 0.00770000 0.00940000 0.03015000
v 0.00837500 0.00940000 0.02990400
v 0.00873400 0.00940000 0.02928200
v 0.00860900 0.00940000 0.02857500
v 0.00805900 0.00940000 0.02811300
v 0.00734100 0.00940000 0.02811300
v 0.00679100 0.00940000 0.02857500
v 0.00666600 0.00940000 0.02928200
v -0.00333400 0.01435000 0.02431500
v -0.00419700 0.01435000 0.02439100
v -0.00283700 0.01435000 0.02502400
v -0.00456300 0.01435000 0.02517600
v -0.00320300 0.01435000 0.02580900
v -0.00406600 0.01435000 0.02588500
v -0.00406600 0.01521700 0.02588500
v -0.00423100 0.01525500 0.02564900
v -0.00439800 0.01525500 0.02541100
v -0.00456300 0.01521700 0.02517600
v -0.00444100 0.01525500 0.02491500
v -0.00431800 0.01525500 0.02465200
v -0.00419700 0.01521700 0.02439100
v -0.00283700 0.01521700 0.02502400
v -0.00300200 0.01525500 0.02478900
v -0.00316900 0.01525500 0.02455100
v -0.00333400 0.01521700 0.02431500
v -0.00295900 0.01525500 0.02528500
v -0.00308200 0.01525500 0.02554800
v -0.00320300 0.01521700 0.02580900
v -0.00377900 0.01525500 0.02586000
v -0.00349000 0.01525500 0.02583400
v -0.00362100 0.01525500 0.02434000
v -0.00391000 0.01525500 0.02436600
v -0.00552400 0.01434500 0.02441000
v -0.00564300 0.01434500 0.02527000
v -0.00507700 0.01493400 0.02522000
v -0.00537600 0.01434500 0.02609600
v -0.00489400 0.01478900 0.02610800
v -0.00477800 0.01434500 0.02672500
v -0.00389900 0.01465800 0.02678600
v -0.00396700 0.01434500 0.02703200
v -0.00310200 0.01434500 0.02695600
v -0.00321100 0.01465800 0.02672600
v -0.00235600 0.01434500 0.02651300
v -0.00235000 0.01478900 0.02588500
v -0.00187600 0.01434500 0.02579000
v -0.00232300 0.01493400 0.02498000
v -0.00175700 0.01434500 0.02493000
v -0.00202400 0.01434500 0.02410400
v -0.00250600 0.01478900 0.02409200
v -0.00262200 0.01434500 0.02347500
v -0.00276100 0.01494800 0.02411500
v -0.00350100 0.01465800 0.02341400
v -0.00332900 0.01515600 0.02416400
v -0.00422800 0.01515600 0.02424300
v -0.00505000 0.01478900 0.02431500
v -0.00343300 0.01434500 0.02316800
v -0.00429800 0.01434500 0.02324400
v -0.00418900 0.01465800 0.02347400
v -0.00504400 0.01434500 0.02368700
v -0.00317200 0.01515600 0.02595700
v -0.00407100 0.01515600 0.02603600
v -0.00552400 0.01415000 0.02441000
v -0.00564300 0.01415000 0.02527000
v -0.00537600 0.01415000 0.02609600
v -0.00477800 0.01415000 0.02672500
v -0.00396700 0.01415000 0.02703200
v -0.00310200 0.01415000 0.02695600
v -0.00235600 0.01415000 0.02651300
v -0.00187600 0.01415000 0.02579000
v -0.00175700 0.01415000 0.02493000
v -0.00202400 0.01415000 0.02410400
v -0.00262200 0.01415000 0.02347500
v -0.00343300 0.01415000 0.02316800
v -0.00429800 0.01415000 0.02324400
v -0.00504400 0.01415000 0.02368700
v -0.00455700 0.01115000 0.02458500
v -0.00294500 0.01115000 0.02444400
v -0.00469600 0.01115000 0.02518700
v -0.00270400 0.01115000 0.02501300
v -0.00445500 0.01115000 0.02575600
v -0.00284300 0.01115000 0.02561500
v -0.00392500 0.01115000 0.02607400
v -0.00330900 0.01115000 0.02602000
v -0.00409100 0.01115000 0.02418000
v -0.00347500 0.01115000 0.02412600
v -0.00469600 0.01415000 0.02518700
v -0.00455700 0.01415000 0.02458500
v -0.00409100 0.01415000 0.02418000
v -0.00347500 0.01415000 0.02412600
v -0.00294500 0.01415000 0.02444400
v -0.00270400 0.01415000 0.02501300
v -0.00284300 0.01415000 0.02561500
v -0.00330900 0.01415000 0.02602000
v -0.00392500 0.01415000 0.02607400
v -0.00445500 0.01415000 0.02575600
v -0.00043300 0.00565000 0.02800000
v 0.00043300 0.00565000 0.02800000
v -0.00086600 0.00490000 0.02800000
v 0.00086600 0.00490000 0.02800000
v -0.00043300 0.00415000 0.02800000
v 0.00043300 0.00415000 0.02800000
v -0.00043300 0.00565000 0.02700000
v -0.00086600 0.00490000 0.02700000
v -0.00043300 0.00415000 0.02700000
v 0.00043300 0.00415000 0.02700000
v 0.00086600 0.00490000 0.02700000
v 0.00043300 0.00565000 0.02700000
v -0.00145300 0.00396600 0.02700000
v -0.00172700 0.00490000 0.02700000
v -0.00145300 0.00583400 0.02700000
v -0.00071700 0.00647100 0.02700000
v 0.00024600 0.00660900 0.02700000
v 0.00113100 0.00620500 0.02700000
v 0.00165700 0.00538600 0.02700000
v 0.00165700 0.00441400 0.02700000
v 0.00113100 0.00359500 0.02700000
v 0.00024600 0.00319100 0.02700000
v -0.00071700 0.00332900 0.02700000
v -0.00164500 0.00395000 0.02710000
v -0.00190000 0.00490000 0.02710000
v -0.00164500 0.00585000 0.02710000
v -0.00095000 0.00325500 0.02710000
v 0.00000000 0.00300000 0.02710000
v 0.00095000 0.00325500 0.02710000
v 0.00164500 0.00395000 0.02710000
v 0.00190000 0.00490000 0.02710000
v 0.00164500 0.00585000 0.02710000
v 0.00095000 0.00654500 0.02710000
v 0.00000000 0.00680000 0.02710000
v -0.00095000 0.00654500 0.02710000
v 0.00190000 0.00490000 0.02900000
v 0.00164500 0.00395000 0.02900000
v 0.00095000 0.00325500 0.02900000
v 0.00000000 0.00300000 0.02900000
v -0.00095000 0.00325500 0.02900000
v -0.00164500 0.00395000 0.02900000
v -0.00190000 0.00490000 0.02900000
v -0.00164500 0.00585000 0.02900000
v -0.00095000 0.00654500 0.02900000
v 0.00164500 0.00585000 0.02900000
v 0.00095000 0.00654500 0.02900000
v 0.00000000 0.00680000 0.02900000
v 0.00100000 0.00490000 0.03500000
v 0.00076600 0.00554300 0.03500000
v 0.00076600 0.00425700 0.03500000
v 0.00017400 0.00588500 0.03500000
v 0.00017400 0.00391500 0.03500000
v -0.00050000 0.00576600 0.03500000
v -0.00050000 0.00403400 0.03500000
v -0.00094000 0.00524200 0.03500000
v -0.00094000 0.00455800 0.03500000
v 0.00100000 0.00490000 0.02900000
v 0.00076600 0.00554300 0.02900000
v 0.00017400 0.00588500 0.02900000
v -0.00050000 0.00576600 0.02900000
v -0.00094000 0.00524200 0.02900000
v -0.00094000 0.00455800 0.02900000
v -0.00050000 0.00403400 0.02900000
v 0.00017400 0.00391500 0.02900000
v 0.00076600 0.00425700 0.02900000
v -0.00770000 -0.01260000 0.02823400
v -0.00695000 -0.01260000 0.02866700
v -0.00845000 -0.01260000 0.02866700
v -0.00695000 -0.01260000 0.02953300
v -0.00845000 -0.01260000 0.02953300
v -0.00770000 -0.01260000 0.02996600
v -0.00770000 -0.01360000 0.02823400
v -0.00845000 -0.01360000 0.02866700
v -0.00845000 -0.01360000 0.02953300
v -0.00770000 -0.01360000 0.02996600
v -0.00695000 -0.01360000 0.02953300
v -0.00695000 -0.01360000 0.02866700
v -0.00942700 -0.01360000 0.02910000
v -0.00919500 -0.01360000 0.02823700
v -0.00856300 -0.01360000 0.02760500
v -0.00770000 -0.01360000 0.02737300
v -0.00683700 -0.01360000 0.02760500
v -0.00620500 -0.01360000 0.02823700
v -0.00597300 -0.01360000 0.02910000
v -0.00620500 -0.01360000 0.02996300
v -0.00683700 -0.01360000 0.03059500
v -0.00770000 -0.01360000 0.03082700
v -0.00856300 -0.01360000 0.03059500
v -0.00919500 -0.01360000 0.02996300
v -0.00952500 -0.01350000 0.02857100
v -0.00907000 -0.01350000 0.02778400
v -0.00830200 -0.01350000 0.02729800
v -0.00739500 -0.01350000 0.02722500
v -0.00655900 -0.01350000 0.02758100
v -0.00598300 -0.01350000 0.02828600
v -0.00580200 -0.01350000 0.02917600
v -0.00605500 -0.01350000 0.03005000
v -0.00668500 -0.01350000 0.03070600
v -0.00956200 -0.01350000 0.02948000
v -0.00917200 -0.01350000 0.03030200
v -0.00844500 -0.01350000 0.03084800
v -0.00754700 -0.01350000 0.03099400
v -0.00580200 -0.01160000 0.02917600
v -0.00605500 -0.01160000 0.03005000
v -0.00668500 -0.01160000 0.03070600
v -0.00754700 -0.01160000 0.03099400
v -0.00598300 -0.01160000 0.02828600
v -0.00655900 -0.01160000 0.02758100
v -0.00739500 -0.01160000 0.02722500
v -0.00830200 -0.01160000 0.02729800
v -0.00907000 -0.01160000 0.02778400
v -0.00952500 -0.01160000 0.02857100
v -0.00956200 -0.01160000 0.02948000
v -0.00917200 -0.01160000 0.03030200
v -0.00844500 -0.01160000 0.03084800
v -0.00683400 -0.00760000 0.02960000
v -0.00671500 -0.00760000 0.02892600
v -0.00735800 -0.00760000 0.03004000
v -0.00705700 -0.00760000 0.02833400
v -0.00804200 -0.00760000 0.03004000
v -0.00770000 -0.00760000 0.02810000
v -0.00856600 -0.00760000 0.02960000
v -0.00834300 -0.00760000 0.02833400
v -0.00868500 -0.00760000 0.02892600
v -0.00683400 -0.01160000 0.02960000
v -0.00671500 -0.01160000 0.02892600
v -0.00705700 -0.01160000 0.02833400
v -0.00770000 -0.01160000 0.02810000
v -0.00834300 -0.01160000 0.02833400
v -0.00868500 -0.01160000 0.02892600
v -0.00856600 -0.01160000 0.02960000
v -0.00804200 -0.01160000 0.03004000
v -0.00735800 -0.01160000 0.03004000
v -0.00333400 0.01435000 0.02011500
v -0.00419700 0.01435000 0.02019100
v -0.00283700 0.01435000 0.02082400
v -0.00456300 0.01435000 0.02097600
v -0.00320300 0.01435000 0.02160900
v -0.00406600 0.01435000 0.02168500
v -0.00406600 0.01521700 0.02168500
v -0.00423100 0.01525500 0.02144900
v -0.00439800 0.01525500 0.02121100
v -0.00456300 0.01521700 0.02097600
v -0.00444100 0.01525500 0.02071500
v -0.00431800 0.01525500 0.02045200
v -0.00419700 0.01521700 0.02019100
v -0.00283700 0.01521700 0.02082400
v -0.00300200 0.01525500 0.02058900
v -0.00316900 0.01525500 0.02035100
v -0.00333400 0.01521700 0.02011500
v -0.00295900 0.01525500 0.02108500
v -0.00308200 0.01525500 0.02134800
v -0.00320300 0.01521700 0.02160900
v -0.00377900 0.01525500 0.02166000
v -0.00349000 0.01525500 0.02163400
v -0.00362100 0.01525500 0.02014000
v -0.00391000 0.01525500 0.02016600
v -0.00552400 0.01434500 0.02021000
v -0.00564300 0.01434500 0.02107000
v -0.00507700 0.01493400 0.02102000
v -0.00537600 0.01434500 0.02189600
v -0.00489400 0.01478900 0.02190800
v -0.00477800 0.01434500 0.02252500
v -0.00389900 0.01465800 0.02258600
v -0.00396700 0.01434500 0.02283200
v -0.00310200 0.01434500 0.02275600
v -0.00321100 0.01465800 0.02252600
v -0.00235600 0.01434500 0.02231300
v -0.00235000 0.01478900 0.02168500
v -0.00187600 0.01434500 0.02159000
v -0.00232300 0.01493400 0.02078000
v -0.00175700 0.01434500 0.02073000
v -0.00202400 0.01434500 0.01990400
v -0.00250600 0.01478900 0.01989200
v -0.00262200 0.01434500 0.01927500
v -0.00276100 0.01494800 0.01991500
v -0.00350100 0.01465800 0.01921400
v -0.00332900 0.01515600 0.01996400
v -0.00422800 0.01515600 0.02004300
v -0.00505000 0.01478900 0.02011500
v -0.00343300 0.01434500 0.01896800
v -0.00429800 0.01434500 0.01904400
v -0.00418900 0.01465800 0.01927400
v -0.00504400 0.01434500 0.01948700
v -0.00317200 0.01515600 0.02175700
v -0.00407100 0.01515600 0.02183600
v -0.00552400 0.01415000 0.02021000
v -0.00564300 0.01415000 0.02107000
v -0.00537600 0.01415000 0.02189600
v -0.00477800 0.01415000 0.02252500
v -0.00396700 0.01415000 0.02283200
v -0.00310200 0.01415000 0.02275600
v -0.00235600 0.01415000 0.02231300
v -0.00187600 0.01415000 0.02159000
v -0.00175700 0.01415000 0.02073000
v -0.00202400 0.01415000 0.01990400
v -0.00262200 0.01415000 0.01927500
v -0.00343300 0.01415000 0.01896800
v -0.00429800 0.01415000 0.01904400
v -0.00504400 0.01415000 0.01948700
v -0.00455700 0.01115000 0.02038500
v -0.00294500 0.01115000 0.02024400
v -0.00469600 0.01115000 0.02098700
v -0.00270400 0.01115000 0.02081300
v -0.00445500 0.01115000 0.02155600
v -0.00284300 0.01115000 0.02141500
v -0.00392500 0.01115000 0.02187400
v -0.00330900 0.01115000 0.02182000
v -0.00409100 0.01115000 0.01998000
v -0.00347500 0.01115000 0.01992600
v -0.00469600 0.01415000 0.02098700
v -0.00455700 0.01415000 0.02038500
v -0.00409100 0.01415000 0.01998000
v -0.00347500 0.01415000 0.01992600
v -0.00294500 0.01415000 0.02024400
v -0.00270400 0.01415000 0.02081300
v -0.00284300 0.01415000 0.02141500
v -0.00330900 0.01415000 0.02182000
v -0.00392500 0.01415000 0.02187400
v -0.00445500 0.01415000 0.02155600
v -0.00320300 -0.01455000 0.02160900
v -0.00406600 -0.01455000 0.02168500
v -0.00283700 -0.01455000 0.02082400
v -0.00456300 -0.01455000 0.02097600
v -0.00333400 -0.01455000 0.02011500
v -0.00419700 -0.01455000 0.02019100
v -0.00419700 -0.01541700 0.02019100
v -0.00431800 -0.01545500 0.02045200
v -0.00444100 -0.01545500 0.02071500
v -0.00456300 -0.01541700 0.02097600
v -0.00439800 -0.01545500 0.02121100
v -0.00423100 -0.01545500 0.02144900
v -0.00406600 -0.01541700 0.02168500
v -0.00283700 -0.01541700 0.02082400
v -0.00295900 -0.01545500 0.02108500
v -0.00308200 -0.01545500 0.02134800
v -0.00320300 -0.01541700 0.02160900
v -0.00300200 -0.01545500 0.02058900
v -0.00316900 -0.01545500 0.02035100
v -0.00333400 -0.01541700 0.02011500
v -0.00391000 -0.01545500 0.02016600
v -0.00362100 -0.01545500 0.02014000
v -0.00349000 -0.01545500 0.02163400
v -0.00377900 -0.01545500 0.02166000
v -0.00537600 -0.01454500 0.02189600
v -0.00564300 -0.01454500 0.02107000
v -0.00507700 -0.01513400 0.02102000
v -0.00552400 -0.01454500 0.02021000
v -0.00505000 -0.01498900 0.02011500
v -0.00504400 -0.01454500 0.01948700
v -0.00418900 -0.01485800 0.01927400
v -0.00429800 -0.01454500 0.01904400
v -0.00343300 -0.01454500 0.01896800
v -0.00350100 -0.01485800 0.01921400
v -0.00262200 -0.01454500 0.01927500
v -0.00250600 -0.01498900 0.01989200
v -0.00202400 -0.01454500 0.01990400
v -0.00232300 -0.01513400 0.02078000
v -0.00175700 -0.01454500 0.02073000
v -0.00187600 -0.01454500 0.02159000
v -0.00235000 -0.01498900 0.02168500
v -0.00235600 -0.01454500 0.02231300
v -0.00260400 -0.01514800 0.02170700
v -0.00321100 -0.01485800 0.02252600
v -0.00317200 -0.01535600 0.02175700
v -0.00407100 -0.01535600 0.02183600
v -0.00489400 -0.01498900 0.02190800
v -0.00310200 -0.01454500 0.02275600
v -0.00396700 -0.01454500 0.02283200
v -0.00389900 -0.01485800 0.02258600
v -0.00477800 -0.01454500 0.02252500
v -0.00332900 -0.01535600 0.01996400
v -0.00422800 -0.01535600 0.02004300
v -0.00537600 -0.01435000 0.02189600
v -0.00564300 -0.01435000 0.02107000
v -0.00552400 -0.01435000 0.02021000
v -0.00504400 -0.01435000 0.01948700
v -0.00429800 -0.01435000 0.01904400
v -0.00343300 -0.01435000 0.01896800
v -0.00262200 -0.01435000 0.01927500
v -0.00202400 -0.01435000 0.01990400
v -0.00175700 -0.01435000 0.02073000
v -0.00187600 -0.01435000 0.02159000
v -0.00235600 -0.01435000 0.02231300
v -0.00310200 -0.01435000 0.02275600
v -0.00396700 -0.01435000 0.02283200
v -0.00477800 -0.01435000 0.02252500
v -0.00445500 -0.01135000 0.02155600
v -0.00284300 -0.01135000 0.02141500
v -0.00469600 -0.01135000 0.02098700
v -0.00270400 -0.01135000 0.02081300
v -0.00455700 -0.01135000 0.02038500
v -0.00294500 -0.01135000 0.02024400
v -0.00409100 -0.01135000 0.01998000
v -0.00347500 -0.01135000 0.01992600
v -0.00392500 -0.01135000 0.02187400
v -0.00330900 -0.01135000 0.02182000
v -0.00469600 -0.01435000 0.02098700
v -0.00445500 -0.01435000 0.02155600
v -0.00392500 -0.01435000 0.02187400
v -0.00330900 -0.01435000 0.02182000
v -0.00284300 -0.01435000 0.02141500
v -0.00270400 -0.01435000 0.02081300
v -0.00294500 -0.01435000 0.02024400
v -0.00347500 -0.01435000 0.01992600
v -0.00409100 -0.01435000 0.01998000
v -0.00455700 -0.01435000 0.02038500
v -0.00813300 0.01240000 0.02835000
v -0.00856600 0.01240000 0.02910000
v -0.00726700 0.01240000 0.02835000
v -0.00813300 0.01240000 0.02985000
v -0.00683400 0.01240000 0.02910000
v -0.00726700 0.01240000 0.02985000
v -0.00813300 0.01340000 0.02835000
v -0.00726700 0.01340000 0.02835000
v -0.00683400 0.01340000 0.02910000
v -0.00726700 0.01340000 0.02985000
v -0.00813300 0.01340000 0.02985000
v -0.00856600 0.01340000 0.02910000
v -0.00620500 0.01340000 0.02823700
v -0.00683700 0.01340000 0.02760500
v -0.00770000 0.01340000 0.02737300
v -0.00856300 0.01340000 0.02760500
v -0.00919500 0.01340000 0.02823700
v -0.00942700 0.01340000 0.02910000
v -0.00919500 0.01340000 0.02996300
v -0.00856300 0.01340000 0.03059500
v -0.00770000 0.01340000 0.03082700
v -0.00683700 0.01340000 0.03059500
v -0.00620500 0.01340000 0.02996300
v -0.00597300 0.01340000 0.02910000
v -0.00638400 0.01330000 0.02773000
v -0.00717100 0.01330000 0.02727500
v -0.00808000 0.01330000 0.02723800
v -0.00890200 0.01330000 0.02762800
v -0.00944800 0.01330000 0.02835500
v -0.00959400 0.01330000 0.02925300
v -0.00930600 0.01330000 0.03011600
v -0.00865000 0.01330000 0.03074500
v -0.00777700 0.01330000 0.03099800
v -0.00589800 0.01330000 0.02849800
v -0.00582500 0.01330000 0.02940500
v -0.00618100 0.01330000 0.03024100
v -0.00688500 0.01330000 0.03081700
v -0.00930600 0.01140000 0.03011600
v -0.00865000 0.01140000 0.03074500
v -0.00777700 0.01140000 0.03099800
v -0.00688500 0.01140000 0.03081700
v -0.00959400 0.01140000 0.02925300
v -0.00944800 0.01140000 0.02835500
v -0.00890200 0.01140000 0.02762800
v -0.00808000 0.01140000 0.02723800
v -0.00717100 0.01140000 0.02727500
v -0.00638400 0.01140000 0.02773000
v -0.00589800 0.01140000 0.02849800
v -0.00582500 0.01140000 0.02940500
v -0.00618100 0.01140000 0.03024100
v -0.00820000 0.00740000 0.02996600
v -0.00864000 0.00740000 0.02944200
v -0.00752600 0.00740000 0.03008500
v -0.00864000 0.00740000 0.02875800
v -0.00693400 0.00740000 0.02974300
v -0.00820000 0.00740000 0.02823400
v -0.00670000 0.00740000 0.02910000
v -0.00752600 0.00740000 0.02811500
v -0.00693400 0.00740000 0.02845700
v -0.00820000 0.01140000 0.02996600
v -0.00864000 0.01140000 0.02944200
v -0.00864000 0.01140000 0.02875800
v -0.00820000 0.01140000 0.02823400
v -0.00752600 0.01140000 0.02811500
v -0.00693400 0.01140000 0.02845700
v -0.00670000 0.01140000 0.02910000
v -0.00693400 0.01140000 0.02974300
v -0.00752600 0.01140000 0.03008500
v -0.00683400 0.01240000 0.02490000
v -0.00726700 0.01240000 0.02415000
v -0.00726700 0.01240000 0.02565000
v -0.00813300 0.01240000 0.02415000
v -0.00813300 0.01240000 0.02565000
v -0.00856600 0.01240000 0.02490000
v -0.00683400 0.01340000 0.02490000
v -0.00726700 0.01340000 0.02565000
v -0.00813300 0.01340000 0.02565000
v -0.00856600 0.01340000 0.02490000
v -0.00813300 0.01340000 0.02415000
v -0.00726700 0.01340000 0.02415000
v -0.00800000 0.01340000 0.02660100
v -0.00683700 0.01340000 0.02639500
v -0.00607700 0.01340000 0.02549100
v -0.00607700 0.01340000 0.02430900
v -0.00683700 0.01340000 0.02340500
v -0.00800000 0.01340000 0.02319900
v -0.00902300 0.01340000 0.02379000
v -0.00942700 0.01340000 0.02490000
v -0.00902300 0.01340000 0.02601000
v -0.00789900 0.01330000 0.02679000
v -0.00675000 0.01330000 0.02654500
v -0.00596400 0.01330000 0.02567300
v -0.00897100 0.01330000 0.02631200
v -0.00955800 0.01330000 0.02529500
v -0.00943600 0.01330000 0.02412700
v -0.00865000 0.01330000 0.02325500
v -0.00750100 0.01330000 0.02301000
v -0.00642900 0.01330000 0.02348800
v -0.00584200 0.01330000 0.02450500
v -0.00750100 0.01140000 0.02301000
v -0.00865000 0.01140000 0.02325500
v -0.00943600 0.01140000 0.02412700
v -0.00955800 0.01140000 0.02529500
v -0.00897100 0.01140000 0.02631200
v -0.00789900 0.01140000 0.02679000
v -0.00675000 0.01140000 0.02654500
v -0.00596400 0.01140000 0.02567300
v -0.00584200 0.01140000 0.02450500
v -0.00642900 0.01140000 0.02348800
v -0.00820000 0.00140000 0.02403400
v -0.00752600 0.00140000 0.02391500
v -0.00864000 0.00140000 0.02455800
v -0.00693400 0.00140000 0.02425700
v -0.00864000 0.00140000 0.02524200
v -0.00670000 0.00140000 0.02490000
v -0.00820000 0.00140000 0.02576600
v -0.00693400 0.00140000 0.02554300
v -0.00752600 0.00140000 0.02588500
v -0.00820000 0.01140000 0.02403400
v -0.00752600 0.01140000 0.02391500
v -0.00693400 0.01140000 0.02425700
v -0.00670000 0.01140000 0.02490000
v -0.00693400 0.01140000 0.02554300
v -0.00752600 0.01140000 0.02588500
v -0.00820000 0.01140000 0.02576600
v -0.00864000 0.01140000 0.02524200
v -0.00864000 0.01140000 0.02455800
v -0.00898600 -0.01160000 0.02756800
v -0.00770000 -0.01360000 0.02710000
v -0.00770000 -0.01160000 0.02710000
v -0.00641400 -0.01360000 0.02756800
v -0.00641400 -0.01160000 0.02756800
v -0.00573000 -0.01360000 0.02875300
v -0.00573000 -0.01160000 0.02875300
v -0.00596800 -0.01360000 0.03010000
v -0.00596800 -0.01160000 0.03010000
v -0.00701600 -0.01360000 0.03097900
v -0.00701600 -0.01160000 0.03097900
v -0.00838400 -0.01360000 0.03097900
v -0.00838400 -0.01160000 0.03097900
v -0.00943200 -0.01360000 0.03010000
v -0.00943200 -0.01160000 0.03010000
v -0.00967000 -0.01360000 0.02875300
v -0.00967000 -0.01160000 0.02875300
v -0.00898600 -0.01360000 0.02756800
v -0.00898600 -0.01160000 0.02336800
v -0.00770000 -0.01360000 0.02290000
v -0.00770000 -0.01160000 0.02290000
v -0.00641400 -0.01360000 0.02336800
v -0.00641400 -0.01160000 0.02336800
v -0.00573000 -0.01360000 0.02455300
v -0.00573000 -0.01160000 0.02455300
v -0.00596800 -0.01360000 0.02590000
v -0.00596800 -0.01160000 0.02590000
v -0.00701600 -0.01360000 0.02677900
v -0.00701600 -0.01160000 0.02677900
v -0.00838400 -0.01360000 0.02677900
v -0.00838400 -0.01160000 0.02677900
v -0.00943200 -0.01360000 0.02590000
v -0.00943200 -0.01160000 0.02590000
v -0.00967000 -0.01360000 0.02455300
v -0.00967000 -0.01160000 0.02455300
v -0.00898600 -0.01360000 0.02336800
v 0.00641400 -0.01160000 0.02756800
v 0.00770000 -0.01360000 0.02710000
v 0.00770000 -0.01160000 0.02710000
v 0.00898600 -0.01360000 0.02756800
v 0.00898600 -0.01160000 0.02756800
v 0.00967000 -0.01360000 0.02875300
v 0.00967000 -0.01160000 0.02875300
v 0.00943200 -0.01360000 0.03010000
v 0.00943200 -0.01160000 0.03010000
v 0.00838400 -0.01360000 0.03097900
v 0.00838400 -0.01160000 0.03097900
v 0.00701600 -0.01360000 0.03097900
v 0.00701600 -0.01160000 0.03097900
v 0.00596800 -0.01360000 0.03010000
v 0.00596800 -0.01160000 0.03010000
v 0.00573000 -0.01360000 0.02875300
v 0.00573000 -0.01160000 0.02875300
v 0.00641400 -0.01360000 0.02756800
v 0.00641400 -0.01160000 0.02336800
v 0.00770000 -0.01360000 0.02290000
v 0.00770000 -0.01160000 0.02290000
v 0.00898600 -0.01360000 0.02336800
v 0.00898600 -0.01160000 0.02336800
v 0.00967000 -0.01360000 0.02455300
v 0.00967000 -0.01160000 0.02455300
v 0.00943200 -0.01360000 0.02590000
v 0.00943200 -0.01160000 0.02590000
v 0.00838400 -0.01360000 0.02677900
v 0.00838400 -0.01160000 0.02677900
v 0.00701600 -0.01360000 0.02677900
v 0.00701600 -0.01160000 0.02677900
v 0.00596800 -0.01360000 0.02590000
v 0.00596800 -0.01160000 0.02590000
v 0.00573000 -0.01360000 0.02455300
v 0.00573000 -0.01160000 0.02455300
v 0.00641400 -0.01360000 0.02336800
v -0.00770000 -0.01160000 0.02805000
v -0.00702500 -0.01160000 0.02829600
v -0.00666600 -0.01160000 0.02891800
v -0.00679100 -0.01160000 0.02962500
v -0.00734100 -0.01160000 0.03008700
v -0.00805900 -0.01160000 0.03008700
v -0.00860900 -0.01160000 0.02962500
v -0.00873400 -0.01160000 0.02891800
v -0.00837500 -0.01160000 0.02829600
v -0.00770000 -0.01160000 0.02385000
v -0.00702500 -0.01160000 0.02409600
v -0.00666600 -0.01160000 0.02471800
v -0.00679100 -0.01160000 0.02542500
v -0.00734100 -0.01160000 0.02588700
v -0.00805900 -0.01160000 0.02588700
v -0.00860900 -0.01160000 0.02542500
v -0.00873400 -0.01160000 0.02471800
v -0.00837500 -0.01160000 0.02409600
v -0.00980000 -0.01360000 0.03130000
v 0.00980000 -0.01360000 0.03130000
v -0.00370000 -0.01360000 0.02390000
v -0.00305700 -0.01360000 0.02413400
v -0.00271500 -0.01360000 0.02472600
v -0.00283400 -0.01360000 0.02540000
v -0.00305700 -0.01360000 0.02833400
v -0.00271500 -0.01360000 0.02892600
v -0.00283400 -0.01360000 0.02960000
v -0.00335800 -0.01360000 0.03004000
v -0.00370000 -0.01360000 0.02810000
v -0.00404200 -0.01360000 0.02584000
v -0.00335800 -0.01360000 0.02584000
v -0.00456600 -0.01360000 0.02540000
v -0.00468500 -0.01360000 0.02472600
v -0.00434300 -0.01360000 0.02413400
v -0.00404200 -0.01360000 0.03004000
v -0.00456600 -0.01360000 0.02960000
v -0.00468500 -0.01360000 0.02892600
v -0.00434300 -0.01360000 0.02833400
v 0.00837500 -0.01160000 0.02829600
v 0.00770000 -0.01160000 0.02805000
v 0.00702500 -0.01160000 0.02829600
v 0.00873400 -0.01160000 0.02891800
v 0.00860900 -0.01160000 0.02962500
v 0.00805900 -0.01160000 0.03008700
v 0.00734100 -0.01160000 0.03008700
v 0.00679100 -0.01160000 0.02962500
v 0.00666600 -0.01160000 0.02891800
v 0.00837500 -0.01160000 0.02409600
v 0.00770000 -0.01160000 0.02385000
v 0.00702500 -0.01160000 0.02409600
v 0.00666600 -0.01160000 0.02471800
v 0.00873400 -0.01160000 0.02471800
v 0.00860900 -0.01160000 0.02542500
v 0.00805900 -0.01160000 0.02588700
v 0.00734100 -0.01160000 0.02588700
v 0.00679100 -0.01160000 0.02542500
v -0.00980000 -0.01120000 0.03130000
v 0.00980000 -0.01120000 0.03130000
v -0.00837500 -0.01120000 0.02829600
v -0.00770000 -0.01120000 0.02805000
v -0.00702500 -0.01120000 0.02829600
v -0.00666600 -0.01120000 0.02891800
v -0.00679100 -0.01120000 0.02962500
v -0.00734100 -0.01120000 0.03008700
v -0.00805900 -0.01120000 0.03008700
v -0.00860900 -0.01120000 0.02962500
v -0.00873400 -0.01120000 0.02891800
v -0.00370000 -0.01120000 0.02810000
v -0.00434300 -0.01120000 0.02833400
v -0.00468500 -0.01120000 0.02892600
v -0.00456600 -0.01120000 0.02960000
v -0.00404200 -0.01120000 0.03004000
v -0.00335800 -0.01120000 0.03004000
v -0.00283400 -0.01120000 0.02960000
v -0.00271500 -0.01120000 0.02892600
v -0.00305700 -0.01120000 0.02833400
v -0.00837500 -0.01120000 0.02409600
v -0.00702500 -0.01120000 0.02409600
v -0.00666600 -0.01120000 0.02471800
v -0.00679100 -0.01120000 0.02542500
v -0.00734100 -0.01120000 0.02588700
v -0.00805900 -0.01120000 0.02588700
v -0.00860900 -0.01120000 0.02542500
v -0.00873400 -0.01120000 0.02471800
v -0.00370000 -0.01120000 0.02390000
v -0.00434300 -0.01120000 0.02413400
v -0.00468500 -0.01120000 0.02472600
v -0.00456600 -0.01120000 0.02540000
v -0.00404200 -0.01120000 0.02584000
v -0.00335800 -0.01120000 0.02584000
v -0.00283400 -0.01120000 0.02540000
v -0.00271500 -0.01120000 0.02472600
v -0.00305700 -0.01120000 0.02413400
v 0.00702500 -0.01120000 0.02829600
v 0.00770000 -0.01120000 0.02805000
v 0.00837500 -0.01120000 0.02829600
v 0.00873400 -0.01120000 0.02891800
v 0.00860900 -0.01120000 0.02962500
v 0.00805900 -0.01120000 0.03008700
v 0.00734100 -0.01120000 0.03008700
v 0.00679100 -0.01120000 0.02962500
v 0.00666600 -0.01120000 0.02891800
v 0.00702500 -0.01120000 0.02409600
v 0.00837500 -0.01120000 0.02409600
v 0.00873400 -0.01120000 0.02471800
v 0.00860900 -0.01120000 0.02542500
v 0.00805900 -0.01120000 0.02588700
v 0.00734100 -0.01120000 0.02588700
v 0.00679100 -0.01120000 0.02542500
v 0.00666600 -0.01120000 0.02471800
v -0.00693400 -0.00620000 0.02974300
v -0.00864000 -0.00620000 0.02944200
v -0.00670000 -0.00620000 0.02910000
v -0.00864000 -0.00620000 0.02875800
v -0.00693400 -0.00620000 0.02845700
v -0.00820000 -0.00620000 0.02823400
v -0.00752600 -0.00620000 0.02811500
v -0.00752600 -0.00620000 0.03008500
v -0.00820000 -0.00620000 0.02996600
v 0.00846600 -0.00620000 0.02974300
v 0.00676000 -0.00620000 0.02944200
v 0.00870000 -0.00620000 0.02910000
v 0.00676000 -0.00620000 0.02875800
v 0.00846600 -0.00620000 0.02845700
v 0.00720000 -0.00620000 0.02823400
v 0.00787400 -0.00620000 0.02811500
v 0.00787400 -0.00620000 0.03008500
v 0.00720000 -0.00620000 0.02996600
v -0.00846600 0.00440000 0.02974300
v -0.00676000 0.00440000 0.02944200
v -0.00870000 0.00440000 0.02910000
v -0.00676000 0.00440000 0.02875800
v -0.00846600 0.00440000 0.02845700
v -0.00720000 0.00440000 0.02823400
v -0.00787400 0.00440000 0.02811500
v -0.00787400 0.00440000 0.03008500
v -0.00720000 0.00440000 0.02996600
v 0.00693400 0.00440000 0.02974300
v 0.00864000 0.00440000 0.02944200
v 0.00670000 0.00440000 0.02910000
v 0.00864000 0.00440000 0.02875800
v 0.00693400 0.00440000 0.02845700
v 0.00820000 0.00440000 0.02823400
v 0.00752600 0.00440000 0.02811500
v 0.00752600 0.00440000 0.03008500
v 0.00820000 0.00440000 0.02996600
v 0.00153200 0.00618600 0.02900000
v 0.00200000 0.00490000 0.02700000
v 0.00200000 0.00490000 0.02900000
v 0.00153200 0.00361400 0.02700000
v 0.00153200 0.00361400 0.02900000
v 0.00034700 0.00293000 0.02700000
v 0.00034700 0.00293000 0.02900000
v -0.00100000 0.00316800 0.02700000
v -0.00100000 0.00316800 0.02900000
v -0.00187900 0.00421600 0.02700000
v -0.00187900 0.00421600 0.02900000
v -0.00187900 0.00558400 0.02700000
v -0.00187900 0.00558400 0.02900000
v -0.00100000 0.00663200 0.02700000
v -0.00100000 0.00663200 0.02900000
v 0.00034700 0.00687000 0.02700000
v 0.00034700 0.00687000 0.02900000
v 0.00153200 0.00618600 0.02700000
v 0.00153200 -0.00381400 0.02900000
v 0.00200000 -0.00510000 0.02700000
v 0.00200000 -0.00510000 0.02900000
v 0.00153200 -0.00638600 0.02700000
v 0.00153200 -0.00638600 0.02900000
v 0.00034700 -0.00707000 0.02700000
v 0.00034700 -0.00707000 0.02900000
v -0.00100000 -0.00683200 0.02700000
v -0.00100000 -0.00683200 0.02900000
v -0.00187900 -0.00578400 0.02700000
v -0.00187900 -0.00578400 0.02900000
v -0.00187900 -0.00441600 0.02700000
v -0.00187900 -0.00441600 0.02900000
v -0.00100000 -0.00336800 0.02700000
v -0.00100000 -0.00336800 0.02900000
v 0.00034700 -0.00313000 0.02700000
v 0.00034700 -0.00313000 0.02900000
v 0.00153200 -0.00381400 0.02700000
v -0.00670000 -0.01120000 0.02910000
v -0.00693400 -0.01120000 0.02974300
v -0.00752600 -0.01120000 0.03008500
v -0.00820000 -0.01120000 0.02996600
v -0.00864000 -0.01120000 0.02944200
v -0.00864000 -0.01120000 0.02875800
v -0.00820000 -0.01120000 0.02823400
v -0.00752600 -0.01120000 0.02811500
v -0.00693400 -0.01120000 0.02845700
v 0.00870000 -0.01120000 0.02910000
v 0.00846600 -0.01120000 0.02974300
v 0.00787400 -0.01120000 0.03008500
v 0.00720000 -0.01120000 0.02996600
v 0.00676000 -0.01120000 0.02944200
v 0.00676000 -0.01120000 0.02875800
v 0.00720000 -0.01120000 0.02823400
v 0.00787400 -0.01120000 0.02811500
v 0.00846600 -0.01120000 0.02845700
v -0.00980000 -0.01120000 0.02700000
v 0.00980000 -0.01120000 0.02700000
v -0.00980000 0.00940000 0.02700000
v 0.00980000 0.00940000 0.02700000
v -0.00870000 0.00940000 0.02910000
v -0.00846600 0.00940000 0.02974300
v -0.00787400 0.00940000 0.03008500
v -0.00720000 0.00940000 0.02996600
v -0.00676000 0.00940000 0.02944200
v -0.00676000 0.00940000 0.02875800
v -0.00720000 0.00940000 0.02823400
v -0.00787400 0.00940000 0.02811500
v -0.00846600 0.00940000 0.02845700
v 0.00670000 0.00940000 0.02910000
v 0.00693400 0.00940000 0.02974300
v 0.00752600 0.00940000 0.03008500
v 0.00820000 0.00940000 0.02996600
v 0.00864000 0.00940000 0.02944200
v 0.00864000 0.00940000 0.02875800
v 0.00820000 0.00940000 0.02823400
v 0.00752600 0.00940000 0.02811500
v 0.00693400 0.00940000 0.02845700
v 0.00098700 0.00454100 0.02900000
v 0.00098700 0.00525900 0.02900000
v 0.00052500 0.00580900 0.02900000
v -0.00018200 0.00593400 0.02900000
v -0.00080400 0.00557500 0.02900000
v -0.00105000 0.00490000 0.02900000
v -0.00080400 0.00422500 0.02900000
v -0.00018200 0.00386600 0.02900000
v 0.00052500 0.00399100 0.02900000
v 0.00098700 -0.00545900 0.02900000
v 0.00098700 -0.00474100 0.02900000
v 0.00052500 -0.00419100 0.02900000
v -0.00018200 -0.00406600 0.02900000
v -0.00080400 -0.00442500 0.02900000
v -0.00105000 -0.00510000 0.02900000
v -0.00080400 -0.00577500 0.02900000
v -0.00018200 -0.00613400 0.02900000
v 0.00052500 -0.00600900 0.02900000
v -0.00080400 0.00422500 0.03130000
v -0.00105000 0.00490000 0.03130000
v -0.00080400 0.00557500 0.03130000
v -0.00018200 0.00593400 0.03130000
v 0.00052500 0.00580900 0.03130000
v 0.00098700 0.00525900 0.03130000
v 0.00098700 0.00454100 0.03130000
v 0.00052500 0.00399100 0.03130000
v -0.00018200 0.00386600 0.03130000
v -0.00080400 -0.00577500 0.03130000
v -0.00105000 -0.00510000 0.03130000
v -0.00080400 -0.00442500 0.03130000
v -0.00018200 -0.00406600 0.03130000
v 0.00052500 -0.00419100 0.03130000
v 0.00098700 -0.00474100 0.03130000
v 0.00098700 -0.00545900 0.03130000
v 0.00052500 -0.00600900 0.03130000
v -0.00018200 -0.00613400 0.03130000
v 0.00813300 0.01240000 0.02985000
v 0.00856600 0.01240000 0.02910000
v 0.00726700 0.01240000 0.02985000
v 0.00813300 0.01240000 0.02835000
v 0.00683400 0.01240000 0.02910000
v 0.00726700 0.01240000 0.02835000
v 0.00813300 0.01340000 0.02985000
v 0.00726700 0.01340000 0.02985000
v 0.00683400 0.01340000 0.02910000
v 0.00726700 0.01340000 0.02835000
v 0.00813300 0.01340000 0.02835000
v 0.00856600 0.01340000 0.02910000
v 0.00620500 0.01340000 0.02996300
v 0.00683700 0.01340000 0.03059500
v 0.00770000 0.01340000 0.03082700
v 0.00856300 0.01340000 0.03059500
v 0.00919500 0.01340000 0.02996300
v 0.00942700 0.01340000 0.02910000
v 0.00919500 0.01340000 0.02823700
v 0.00856300 0.01340000 0.02760500
v 0.00770000 0.01340000 0.02737300
v 0.00683700 0.01340000 0.02760500
v 0.00620500 0.01340000 0.02823700
v 0.00597300 0.01340000 0.02910000
v 0.00638400 0.01330000 0.03047000
v 0.00717100 0.01330000 0.03092500
v 0.00808000 0.01330000 0.03096200
v 0.00890200 0.01330000 0.03057200
v 0.00944800 0.01330000 0.02984500
v 0.00959400 0.01330000 0.02894700
v 0.00930600 0.01330000 0.02808400
v 0.00865000 0.01330000 0.02745500
v 0.00777700 0.01330000 0.02720200
v 0.00589800 0.01330000 0.02970200
v 0.00582500 0.01330000 0.02879500
v 0.00618100 0.01330000 0.02795900
v 0.00688500 0.01330000 0.02738300
v 0.00930600 0.01140000 0.02808400
v 0.00865000 0.01140000 0.02745500
v 0.00777700 0.01140000 0.02720200
v 0.00688500 0.01140000 0.02738300
v 0.00959400 0.01140000 0.02894700
v 0.00944800 0.01140000 0.02984500
v 0.00890200 0.01140000 0.03057200
v 0.00808000 0.01140000 0.03096200
v 0.00717100 0.01140000 0.03092500
v 0.00638400 0.01140000 0.03047000
v 0.00589800 0.01140000 0.02970200
v 0.00582500 0.01140000 0.02879500
v 0.00618100 0.01140000 0.02795900
v 0.00820000 0.00740000 0.02823400
v 0.00864000 0.00740000 0.02875800
v 0.00752600 0.00740000 0.02811500
v 0.00864000 0.00740000 0.02944200
v 0.00693400 0.00740000 0.02845700
v 0.00820000 0.00740000 0.02996600
v 0.00670000 0.00740000 0.02910000
v 0.00752600 0.00740000 0.03008500
v 0.00693400 0.00740000 0.02974300
v 0.00820000 0.01140000 0.02823400
v 0.00864000 0.01140000 0.02875800
v 0.00864000 0.01140000 0.02944200
v 0.00820000 0.01140000 0.02996600
v 0.00752600 0.01140000 0.03008500
v 0.00693400 0.01140000 0.02974300
v 0.00670000 0.01140000 0.02910000
v 0.00693400 0.01140000 0.02845700
v 0.00752600 0.01140000 0.02811500
v 0.00856600 0.01240000 0.02490000
v 0.00813300 0.01240000 0.02415000
v 0.00813300 0.01240000 0.02565000
v 0.00726700 0.01240000 0.02415000
v 0.00726700 0.01240000 0.02565000
v 0.00683400 0.01240000 0.02490000
v 0.00856600 0.01340000 0.02490000
v 0.00813300 0.01340000 0.02565000
v 0.00726700 0.01340000 0.02565000
v 0.00683400 0.01340000 0.02490000
v 0.00726700 0.01340000 0.02415000
v 0.00813300 0.01340000 0.02415000
v 0.00740000 0.01340000 0.02660100
v 0.00856300 0.01340000 0.02639500
v 0.00932300 0.01340000 0.02549100
v 0.00932300 0.01340000 0.02430900
v 0.00856300 0.01340000 0.02340500
v 0.00740000 0.01340000 0.02319900
v 0.00637700 0.01340000 0.02379000
v 0.00597300 0.01340000 0.02490000
v 0.00637700 0.01340000 0.02601000
v 0.00750100 0.01330000 0.02679000
v 0.00865000 0.01330000 0.02654500
v 0.00943600 0.01330000 0.02567300
v 0.00642900 0.01330000 0.02631200
v 0.00584200 0.01330000 0.02529500
v 0.00596400 0.01330000 0.02412700
v 0.00675000 0.01330000 0.02325500
v 0.00789900 0.01330000 0.02301000
v 0.00897100 0.01330000 0.02348800
v 0.00955800 0.01330000 0.02450500
v 0.00789900 0.01140000 0.02301000
v 0.00675000 0.01140000 0.02325500
v 0.00596400 0.01140000 0.02412700
v 0.00584200 0.01140000 0.02529500
v 0.00642900 0.01140000 0.02631200
v 0.00750100 0.01140000 0.02679000
v 0.00865000 0.01140000 0.02654500
v 0.00943600 0.01140000 0.02567300
v 0.00955800 0.01140000 0.02450500
v 0.00897100 0.01140000 0.02348800
v 0.00720000 0.00140000 0.02403400
v 0.00787400 0.00140000 0.02391500
v 0.00676000 0.00140000 0.02455800
v 0.00846600 0.00140000 0.02425700
v 0.00676000 0.00140000 0.02524200
v 0.00870000 0.00140000 0.02490000
v 0.00720000 0.00140000 0.02576600
v 0.00846600 0.00140000 0.02554300
v 0.00787400 0.00140000 0.02588500
v 0.00720000 0.01140000 0.02403400
v 0.00787400 0.01140000 0.02391500
v 0.00846600 0.01140000 0.02425700
v 0.00870000 0.01140000 0.02490000
v 0.00846600 0.01140000 0.02554300
v 0.00787400 0.01140000 0.02588500
v 0.00720000 0.01140000 0.02576600
v 0.00676000 0.01140000 0.02524200
v 0.00676000 0.01140000 0.02455800
v 0.00856600 -0.01260000 0.02490000
v 0.00813300 -0.01260000 0.02565000
v 0.00813300 -0.01260000 0.02415000
v 0.00726700 -0.01260000 0.02565000
v 0.00726700 -0.01260000 0.02415000
v 0.00683400 -0.01260000 0.02490000
v 0.00856600 -0.01360000 0.02490000
v 0.00813300 -0.01360000 0.02415000
v 0.00726700 -0.01360000 0.02415000
v 0.00683400 -0.01360000 0.02490000
v 0.00726700 -0.01360000 0.02565000
v 0.00813300 -0.01360000 0.02565000
v 0.00740000 -0.01360000 0.02319900
v 0.00856300 -0.01360000 0.02340500
v 0.00932300 -0.01360000 0.02430900
v 0.00932300 -0.01360000 0.02549100
v 0.00856300 -0.01360000 0.02639500
v 0.00740000 -0.01360000 0.02660100
v 0.00637700 -0.01360000 0.02601000
v 0.00597300 -0.01360000 0.02490000
v 0.00637700 -0.01360000 0.02379000
v 0.00750100 -0.01350000 0.02301000
v 0.00865000 -0.01350000 0.02325500
v 0.00943600 -0.01350000 0.02412700
v 0.00642900 -0.01350000 0.02348800
v 0.00584200 -0.01350000 0.02450500
v 0.00596400 -0.01350000 0.02567300
v 0.00675000 -0.01350000 0.02654500
v 0.00789900 -0.01350000 0.02679000
v 0.00897100 -0.01350000 0.02631200
v 0.00955800 -0.01350000 0.02529500
v 0.00789900 -0.01160000 0.02679000
v 0.00675000 -0.01160000 0.02654500
v 0.00596400 -0.01160000 0.02567300
v 0.00584200 -0.01160000 0.02450500
v 0.00642900 -0.01160000 0.02348800
v 0.00750100 -0.01160000 0.02301000
v 0.00865000 -0.01160000 0.02325500
v 0.00943600 -0.01160000 0.02412700
v 0.00955800 -0.01160000 0.02529500
v 0.00897100 -0.01160000 0.02631200
v 0.00720000 -0.00160000 0.02576600
v 0.00787400 -0.00160000 0.02588500
v 0.00676000 -0.00160000 0.02524200
v 0.00846600 -0.00160000 0.02554300
v 0.00676000 -0.00160000 0.02455800
v 0.00870000 -0.00160000 0.02490000
v 0.00720000 -0.00160000 0.02403400
v 0.00846600 -0.00160000 0.02425700
v 0.00787400 -0.00160000 0.02391500
v 0.00720000 -0.01160000 0.02576600
v 0.00787400 -0.01160000 0.02588500
v 0.00846600 -0.01160000 0.02554300
v 0.00870000 -0.01160000 0.02490000
v 0.00846600 -0.01160000 0.02425700
v 0.00787400 -0.01160000 0.02391500
v 0.00720000 -0.01160000 0.02403400
v 0.00676000 -0.01160000 0.02455800
v 0.00676000 -0.01160000 0.02524200
v 0.00845000 -0.01260000 0.02866700
v 0.00845000 -0.01260000 0.02953300
v 0.00770000 -0.01260000 0.02823400
v 0.00770000 -0.01260000 0.02996600
v 0.00695000 -0.01260000 0.02866700
v 0.00695000 -0.01260000 0.02953300
v 0.00845000 -0.01360000 0.02866700
v 0.00770000 -0.01360000 0.02823400
v 0.00695000 -0.01360000 0.02866700
v 0.00695000 -0.01360000 0.02953300
v 0.00770000 -0.01360000 0.02996600
v 0.00845000 -0.01360000 0.02953300
v 0.00683700 -0.01360000 0.02760500
v 0.00770000 -0.01360000 0.02737300
v 0.00856300 -0.01360000 0.02760500
v 0.00919500 -0.01360000 0.02823700
v 0.00942700 -0.01360000 0.02910000
v 0.00919500 -0.01360000 0.02996300
v 0.00856300 -0.01360000 0.03059500
v 0.00770000 -0.01360000 0.03082700
v 0.00683700 -0.01360000 0.03059500
v 0.00620500 -0.01360000 0.02996300
v 0.00597300 -0.01360000 0.02910000
v 0.00620500 -0.01360000 0.02823700
v 0.00724500 -0.01350000 0.02725500
v 0.00815500 -0.01350000 0.02725500
v 0.00896000 -0.01350000 0.02767800
v 0.00947700 -0.01350000 0.02842600
v 0.00958600 -0.01350000 0.02932900
v 0.00926400 -0.01350000 0.03017900
v 0.00858300 -0.01350000 0.03078200
v 0.00770000 -0.01350000 0.03100000
v 0.00681700 -0.01350000 0.03078200
v 0.00644000 -0.01350000 0.02767800
v 0.00592300 -0.01350000 0.02842600
v 0.00581400 -0.01350000 0.02932900
v 0.00613600 -0.01350000 0.03017900
v 0.00858300 -0.01160000 0.03078200
v 0.00770000 -0.01160000 0.03100000
v 0.00681700 -0.01160000 0.03078200
v 0.00613600 -0.01160000 0.03017900
v 0.00926400 -0.01160000 0.03017900
v 0.00958600 -0.01160000 0.02932900
v 0.00947700 -0.01160000 0.02842600
v 0.00896000 -0.01160000 0.02767800
v 0.00815500 -0.01160000 0.02725500
v 0.00724500 -0.01160000 0.02725500
v 0.00644000 -0.01160000 0.02767800
v 0.00592300 -0.01160000 0.02842600
v 0.00581400 -0.01160000 0.02932900
v 0.00770000 -0.00760000 0.03010000
v 0.00834300 -0.00760000 0.02986600
v 0.00705700 -0.00760000 0.02986600
v 0.00868500 -0.00760000 0.02927400
v 0.00671500 -0.00760000 0.02927400
v 0.00856600 -0.00760000 0.02860000
v 0.00683400 -0.00760000 0.02860000
v 0.00804200 -0.00760000 0.02816000
v 0.00735800 -0.00760000 0.02816000
v 0.00770000 -0.01160000 0.03010000
v 0.00834300 -0.01160000 0.02986600
v 0.00868500 -0.01160000 0.02927400
v 0.00856600 -0.01160000 0.02860000
v 0.00804200 -0.01160000 0.02816000
v 0.00735800 -0.01160000 0.02816000
v 0.00683400 -0.01160000 0.02860000
v 0.00671500 -0.01160000 0.02927400
v 0.00705700 -0.01160000 0.02986600
v -0.00726700 -0.01260000 0.02415000
v -0.00683400 -0.01260000 0.02490000
v -0.00813300 -0.01260000 0.02415000
v -0.00726700 -0.01260000 0.02565000
v -0.00856600 -0.01260000 0.02490000
v -0.00813300 -0.01260000 0.02565000
v -0.00726700 -0.01360000 0.02415000
v -0.00813300 -0.01360000 0.02415000
v -0.00856600 -0.01360000 0.02490000
v -0.00813300 -0.01360000 0.02565000
v -0.00726700 -0.01360000 0.02565000
v -0.00683400 -0.01360000 0.02490000
v -0.00932300 -0.01360000 0.02430900
v -0.00856300 -0.01360000 0.02340500
v -0.00740000 -0.01360000 0.02319900
v -0.00637700 -0.01360000 0.02379000
v -0.00597300 -0.01360000 0.02490000
v -0.00637700 -0.01360000 0.02601000
v -0.00740000 -0.01360000 0.02660100
v -0.00856300 -0.01360000 0.02639500
v -0.00932300 -0.01360000 0.02549100
v -0.00943600 -0.01350000 0.02412700
v -0.00865000 -0.01350000 0.02325500
v -0.00750100 -0.01350000 0.02301000
v -0.00955800 -0.01350000 0.02529500
v -0.00897100 -0.01350000 0.02631200
v -0.00789900 -0.01350000 0.02679000
v -0.00675000 -0.01350000 0.02654500
v -0.00596400 -0.01350000 0.02567300
v -0.00584200 -0.01350000 0.02450500
v -0.00642900 -0.01350000 0.02348800
v -0.00596400 -0.01160000 0.02567300
v -0.00675000 -0.01160000 0.02654500
v -0.00789900 -0.01160000 0.02679000
v -0.00897100 -0.01160000 0.02631200
v -0.00955800 -0.01160000 0.02529500
v -0.00943600 -0.01160000 0.02412700
v -0.00865000 -0.01160000 0.02325500
v -0.00750100 -0.01160000 0.02301000
v -0.00642900 -0.01160000 0.02348800
v -0.00584200 -0.01160000 0.02450500
v -0.00720000 -0.00160000 0.02576600
v -0.00676000 -0.00160000 0.02524200
v -0.00787400 -0.00160000 0.02588500
v -0.00676000 -0.00160000 0.02455800
v -0.00846600 -0.00160000 0.02554300
v -0.00720000 -0.00160000 0.02403400
v -0.00870000 -0.00160000 0.02490000
v -0.00787400 -0.00160000 0.02391500
v -0.00846600 -0.00160000 0.02425700
v -0.00720000 -0.01160000 0.02576600
v -0.00676000 -0.01160000 0.02524200
v -0.00676000 -0.01160000 0.02455800
v -0.00720000 -0.01160000 0.02403400
v -0.00787400 -0.01160000 0.02391500
v -0.00846600 -0.01160000 0.02425700
v -0.00870000 -0.01160000 0.02490000
v -0.00846600 -0.01160000 0.02554300
v -0.00787400 -0.01160000 0.02588500
v -0.00086600 -0.00510000 0.02800000
v -0.00043300 -0.00435000 0.02800000
v -0.00043300 -0.00585000 0.02800000
v 0.00043300 -0.00435000 0.02800000
v 0.00043300 -0.00585000 0.02800000
v 0.00086600 -0.00510000 0.02800000
v -0.00086600 -0.00510000 0.02700000
v -0.00043300 -0.00585000 0.02700000
v 0.00043300 -0.00585000 0.02700000
v 0.00086600 -0.00510000 0.02700000
v 0.00043300 -0.00435000 0.02700000
v -0.00043300 -0.00435000 0.02700000
v 0.00008200 -0.00682500 0.02700000
v -0.00086300 -0.00659500 0.02700000
v -0.00153500 -0.00589100 0.02700000
v -0.00171900 -0.00493600 0.02700000
v -0.00135700 -0.00403300 0.02700000
v -0.00056500 -0.00346800 0.02700000
v 0.00040700 -0.00342200 0.02700000
v 0.00125000 -0.00390800 0.02700000
v 0.00169600 -0.00477300 0.02700000
v 0.00160300 -0.00574200 0.02700000
v 0.00100200 -0.00650700 0.02700000
v 0.00000000 -0.00700000 0.02710000
v -0.00095000 -0.00674500 0.02710000
v -0.00164500 -0.00605000 0.02710000
v 0.00095000 -0.00674500 0.02710000
v 0.00164500 -0.00605000 0.02710000
v 0.00190000 -0.00510000 0.02710000
v 0.00164500 -0.00415000 0.02710000
v 0.00095000 -0.00345500 0.02710000
v -0.00000000 -0.00320000 0.02710000
v -0.00095000 -0.00345500 0.02710000
v -0.00164500 -0.00415000 0.02710000
v -0.00190000 -0.00510000 0.02710000
v 0.00095000 -0.00345500 0.02900000
v 0.00164500 -0.00415000 0.02900000
v 0.00190000 -0.00510000 0.02900000
v 0.00164500 -0.00605000 0.02900000
v 0.00095000 -0.00674500 0.02900000
v 0.00000000 -0.00700000 0.02900000
v -0.00095000 -0.00674500 0.02900000
v -0.00164500 -0.00605000 0.02900000
v -0.00190000 -0.00510000 0.02900000
v -0.00000000 -0.00320000 0.02900000
v -0.00095000 -0.00345500 0.02900000
v -0.00164500 -0.00415000 0.02900000
v 0.00050000 -0.00423400 0.03500000
v -0.00017400 -0.00411500 0.03500000
v 0.00094000 -0.00475800 0.03500000
v -0.00076600 -0.00445700 0.03500000
v 0.00094000 -0.00544200 0.03500000
v -0.00100000 -0.00510000 0.03500000
v 0.00050000 -0.00596600 0.03500000
v -0.00076600 -0.00574300 0.03500000
v -0.00017400 -0.00608500 0.03500000
v 0.00050000 -0.00423400 0.02900000
v -0.00017400 -0.00411500 0.02900000
v -0.00076600 -0.00445700 0.02900000
v -0.00100000 -0.00510000 0.02900000
v -0.00076600 -0.00574300 0.02900000
v -0.00017400 -0.00608500 0.02900000
v 0.00050000 -0.00596600 0.02900000
v 0.00094000 -0.00544200 0.02900000
v 0.00094000 -0.00475800 0.02900000
v -0.00320300 -0.01455000 0.02580900
v -0.00406600 -0.01455000 0.02588500
v -0.00283700 -0.01455000 0.02502400
v -0.00456300 -0.01455000 0.02517600
v -0.00333400 -0.01455000 0.02431500
v -0.00419700 -0.01455000 0.02439100
v -0.00419700 -0.01541700 0.02439100
v -0.00431800 -0.01545500 0.02465200
v -0.00444100 -0.01545500 0.02491500
v -0.00456300 -0.01541700 0.02517600
v -0.00439800 -0.01545500 0.02541100
v -0.00423100 -0.01545500 0.02564900
v -0.00406600 -0.01541700 0.02588500
v -0.00283700 -0.01541700 0.02502400
v -0.00295900 -0.01545500 0.02528500
v -0.00308200 -0.01545500 0.02554800
v -0.00320300 -0.01541700 0.02580900
v -0.00300200 -0.01545500 0.02478900
v -0.00316900 -0.01545500 0.02455100
v -0.00333400 -0.01541700 0.02431500
v -0.00391000 -0.01545500 0.02436600
v -0.00362100 -0.01545500 0.02434000
v -0.00349000 -0.01545500 0.02583400
v -0.00377900 -0.01545500 0.02586000
v -0.00537600 -0.01454500 0.02609600
v -0.00564300 -0.01454500 0.02527000
v -0.00507700 -0.01513400 0.02522000
v -0.00552400 -0.01454500 0.02441000
v -0.00505000 -0.01498900 0.02431500
v -0.00504400 -0.01454500 0.02368700
v -0.00418900 -0.01485800 0.02347400
v -0.00429800 -0.01454500 0.02324400
v -0.00343300 -0.01454500 0.02316800
v -0.00350100 -0.01485800 0.02341400
v -0.00262200 -0.01454500 0.02347500
v -0.00250600 -0.01498900 0.02409200
v -0.00202400 -0.01454500 0.02410400
v -0.00232300 -0.01513400 0.02498000
v -0.00175700 -0.01454500 0.02493000
v -0.00187600 -0.01454500 0.02579000
v -0.00235000 -0.01498900 0.02588500
v -0.00235600 -0.01454500 0.02651300
v -0.00260400 -0.01514800 0.02590700
v -0.00321100 -0.01485800 0.02672600
v -0.00317200 -0.01535600 0.02595700
v -0.00407100 -0.01535600 0.02603600
v -0.00489400 -0.01498900 0.02610800
v -0.00310200 -0.01454500 0.02695600
v -0.00396700 -0.01454500 0.02703200
v -0.00389900 -0.01485800 0.02678600
v -0.00477800 -0.01454500 0.02672500
v -0.00332900 -0.01535600 0.02416400
v -0.00422800 -0.01535600 0.02424300
v -0.00537600 -0.01435000 0.02609600
v -0.00564300 -0.01435000 0.02527000
v -0.00552400 -0.01435000 0.02441000
v -0.00504400 -0.01435000 0.02368700
v -0.00429800 -0.01435000 0.02324400
v -0.00343300 -0.01435000 0.02316800
v -0.00262200 -0.01435000 0.02347500
v -0.00202400 -0.01435000 0.02410400
v -0.00175700 -0.01435000 0.02493000
v -0.00187600 -0.01435000 0.02579000
v -0.00235600 -0.01435000 0.02651300
v -0.00310200 -0.01435000 0.02695600
v -0.00396700 -0.01435000 0.02703200
v -0.00477800 -0.01435000 0.02672500
v -0.00445500 -0.01135000 0.02575600
v -0.00284300 -0.01135000 0.02561500
v -0.00469600 -0.01135000 0.02518700
v -0.00270400 -0.01135000 0.02501300
v -0.00455700 -0.01135000 0.02458500
v -0.00294500 -0.01135000 0.02444400
v -0.00409100 -0.01135000 0.02418000
v -0.00347500 -0.01135000 0.02412600
v -0.00392500 -0.01135000 0.02607400
v -0.00330900 -0.01135000 0.02602000
v -0.00469600 -0.01435000 0.02518700
v -0.00445500 -0.01435000 0.02575600
v -0.00392500 -0.01435000 0.02607400
v -0.00330900 -0.01435000 0.02602000
v -0.00284300 -0.01435000 0.02561500
v -0.00270400 -0.01435000 0.02501300
v -0.00294500 -0.01435000 0.02444400
v -0.00347500 -0.01435000 0.02412600
v -0.00409100 -0.01435000 0.02418000
v -0.00455700 -0.01435000 0.02458500
v 0.01056200 0.01041400 0.02010000
v 0.01056200 0.00851400 0.00800000
v 0.01056200 0.01041400 -0.00390000
v 0.01056200 0.00851400 0.00500000
v 0.01056200 0.00851400 0.00330000
v 0.01056200 0.00551400 0.00330000
v 0.01056200 0.00551400 0.00500000
v 0.01056200 0.00381400 0.00330000
v 0.01056200 0.00381400 0.00500000
v 0.01056200 0.00081400 0.00330000
v 0.01056200 0.00081400 0.00500000
v 0.01056200 -0.00088600 0.00330000
v 0.01056200 -0.00088600 0.00500000
v 0.01056200 -0.00388600 0.00330000
v 0.01056200 -0.00388600 0.00500000
v 0.01056200 -0.00558600 0.00330000
v 0.01056200 -0.00558600 0.00500000
v 0.01056200 -0.00858600 0.00330000
v 0.01056200 -0.00858600 0.00500000
v 0.01056200 -0.01088600 -0.00390000
v 0.01056200 -0.00858600 0.00800000
v 0.01056200 -0.01088600 0.02010000
v 0.01056200 -0.00858600 0.00970000
v 0.01056200 -0.00858600 0.01270000
v 0.01056200 -0.00088600 0.01740000
v 0.01056200 0.00081400 0.01740000
v 0.01056200 0.00381400 0.01740000
v 0.01056200 -0.00068600 -0.00340000
v 0.01056200 -0.00108600 -0.00340000
v 0.01056200 -0.00208600 -0.00340000
v 0.01056200 0.00551400 0.01740000
v 0.01056200 0.00381400 0.01440000
v 0.01056200 0.00551400 0.01440000
v 0.01056200 0.00381400 0.01270000
v 0.01056200 0.00551400 0.01270000
v 0.01056200 0.00381400 0.00970000
v 0.01056200 0.00551400 0.00970000
v 0.01056200 0.00381400 0.00800000
v 0.01056200 0.00551400 0.00800000
v 0.01056200 0.00851400 0.01740000
v 0.01056200 0.00851400 0.01440000
v 0.01056200 0.00851400 0.01270000
v 0.01056200 0.00851400 0.00970000
v 0.01056200 -0.00388600 0.01740000
v 0.01056200 -0.00558600 0.01440000
v 0.01056200 -0.00388600 0.01440000
v 0.01056200 -0.00558600 0.01270000
v 0.01056200 -0.00388600 0.01270000
v 0.01056200 -0.00558600 0.00970000
v 0.01056200 -0.00388600 0.00970000
v 0.01056200 -0.00558600 0.00800000
v 0.01056200 -0.00388600 0.00800000
v 0.01056200 -0.00558600 0.01740000
v 0.01056200 -0.00088600 0.01440000
v 0.01056200 0.00081400 0.01440000
v 0.01056200 -0.00088600 0.01270000
v 0.01056200 0.00081400 0.01270000
v 0.01056200 -0.00088600 0.00970000
v 0.01056200 0.00081400 0.00970000
v 0.01056200 -0.00088600 0.00800000
v 0.01056200 0.00081400 0.00800000
v 0.01056200 -0.00858600 0.01440000
v 0.01056200 -0.00858600 0.01740000
v 0.01056200 -0.00088600 0.00030000
v 0.01056200 0.00081400 0.00030000
v 0.01056200 0.00031400 -0.00140000
v 0.01056200 0.00071400 -0.00140000
v 0.01056200 0.00031400 -0.00340000
v 0.01056200 0.00071400 -0.00340000
v 0.01056200 0.00171400 -0.00340000
v 0.01056200 0.00211400 -0.00340000
v 0.01056200 0.00211400 -0.00140000
v 0.01056200 0.00381400 0.00030000
v 0.01056200 0.00551400 0.00030000
v 0.01056200 0.00451400 -0.00140000
v 0.01056200 0.00851400 0.00030000
v 0.01056200 0.00451400 -0.00340000
v 0.01056200 0.00351400 -0.00340000
v 0.01056200 0.00311400 -0.00340000
v 0.01056200 0.00351400 -0.00140000
v 0.01056200 0.00311400 -0.00140000
v 0.01056200 0.00171400 -0.00140000
v 0.01056200 -0.00858600 0.00030000
v 0.01056200 -0.00488600 -0.00340000
v 0.01056200 -0.00488600 -0.00140000
v 0.01056200 -0.00558600 0.00030000
v 0.01056200 -0.00388600 0.00030000
v 0.01056200 -0.00388600 -0.00140000
v 0.01056200 -0.00248600 -0.00340000
v 0.01056200 -0.00208600 -0.00140000
v 0.01056200 -0.00248600 -0.00140000
v 0.01056200 -0.00108600 -0.00140000
v 0.01056200 -0.00068600 -0.00140000
v 0.01056200 -0.00388600 -0.00340000
v 0.01056200 -0.00348600 -0.00340000
v 0.01056200 -0.00348600 -0.00140000
v 0.00980000 0.01041400 -0.00390000
v 0.00980000 0.01041400 0.02010000
v 0.00980000 -0.01088600 0.02010000
v 0.00980000 -0.01088600 -0.00390000
v 0.01156200 0.00551400 0.01740000
v 0.01156200 0.00551400 0.01440000
v 0.01156200 0.00851400 0.01440000
v 0.01156200 0.00851400 0.01740000
v 0.01156200 0.00081400 0.01740000
v 0.01156200 0.00081400 0.01440000
v 0.01156200 0.00381400 0.01440000
v 0.01156200 0.00381400 0.01740000
v 0.01156200 -0.00388600 0.01740000
v 0.01156200 -0.00388600 0.01440000
v 0.01156200 -0.00088600 0.01440000
v 0.01156200 -0.00088600 0.01740000
v 0.01156200 -0.00858600 0.01740000
v 0.01156200 -0.00858600 0.01440000
v 0.01156200 -0.00558600 0.01440000
v 0.01156200 -0.00558600 0.01740000
v 0.01156200 0.00081400 0.01270000
v 0.01156200 0.00081400 0.00970000
v 0.01156200 0.00381400 0.00970000
v 0.01156200 0.00381400 0.01270000
v 0.01156200 -0.00388600 0.01270000
v 0.01156200 -0.00388600 0.00970000
v 0.01156200 -0.00088600 0.00970000
v 0.01156200 -0.00088600 0.01270000
v 0.01156200 -0.00858600 0.01270000
v 0.01156200 -0.00858600 0.00970000
v 0.01156200 -0.00558600 0.00970000
v 0.01156200 -0.00558600 0.01270000
v 0.01156200 0.00081400 0.00800000
v 0.01156200 0.00081400 0.00500000
v 0.01156200 0.00381400 0.00500000
v 0.01156200 0.00381400 0.00800000
v 0.01156200 -0.00388600 0.00800000
v 0.01156200 -0.00388600 0.00500000
v 0.01156200 -0.00088600 0.00500000
v 0.01156200 -0.00088600 0.00800000
v 0.01156200 -0.00858600 0.00800000
v 0.01156200 -0.00858600 0.00500000
v 0.01156200 -0.00558600 0.00500000
v 0.01156200 -0.00558600 0.00800000
v 0.01156200 0.00081400 0.00330000
v 0.01156200 0.00081400 0.00030000
v 0.01156200 0.00381400 0.00030000
v 0.01156200 0.00381400 0.00330000
v 0.01156200 -0.00388600 0.00330000
v 0.01156200 -0.00388600 0.00030000
v 0.01156200 -0.00088600 0.00030000
v 0.01156200 -0.00088600 0.00330000
v 0.01156200 -0.00858600 0.00330000
v 0.01156200 -0.00858600 0.00030000
v 0.01156200 -0.00558600 0.00030000
v 0.01156200 -0.00558600 0.00330000
v 0.01156200 0.00551400 0.01270000
v 0.01156200 0.00551400 0.00970000
v 0.01156200 0.00851400 0.00970000
v 0.01156200 0.00851400 0.01270000
v 0.01156200 0.00551400 0.00800000
v 0.01156200 0.00551400 0.00500000
v 0.01156200 0.00851400 0.00500000
v 0.01156200 0.00851400 0.00800000
v 0.01156200 0.00551400 0.00330000
v 0.01156200 0.00551400 0.00030000
v 0.01156200 0.00851400 0.00030000
v 0.01156200 0.00851400 0.00330000
v 0.01066200 0.00451400 -0.00340000
v 0.01066200 0.00451400 -0.00140000
v 0.01066200 0.00351400 -0.00140000
v 0.01066200 0.00351400 -0.00340000
v 0.01066200 0.00211400 -0.00340000
v 0.01066200 0.00311400 -0.00340000
v 0.01066200 0.00311400 -0.00140000
v 0.01066200 0.00211400 -0.00140000
v 0.01066200 0.00071400 -0.00340000
v 0.01066200 0.00171400 -0.00340000
v 0.01066200 0.00171400 -0.00140000
v 0.01066200 0.00071400 -0.00140000
v 0.01066200 -0.00068600 -0.00340000
v 0.01066200 0.00031400 -0.00340000
v 0.01066200 0.00031400 -0.00140000
v 0.01066200 -0.00068600 -0.00140000
v 0.01066200 -0.00208600 -0.00340000
v 0.01066200 -0.00108600 -0.00340000
v 0.01066200 -0.00108600 -0.00140000
v 0.01066200 -0.00208600 -0.00140000
v 0.01066200 -0.00348600 -0.00340000
v 0.01066200 -0.00248600 -0.00340000
v 0.01066200 -0.00248600 -0.00140000
v 0.01066200 -0.00348600 -0.00140000
v 0.01066200 -0.00488600 -0.00340000
v 0.01066200 -0.00388600 -0.00340000
v 0.01066200 -0.00388600 -0.00140000
v 0.01066200 -0.00488600 -0.00140000
v 0.01270800 0.00574500 0.01438700
v 0.01252600 0.00629900 0.01393500
v 0.01270800 0.00701400 0.01392500
v 0.01252600 0.00772900 0.01393500
v 0.01270800 0.00828300 0.01438700
v 0.01252600 0.00882500 0.01485500
v 0.01270800 0.00895900 0.01555700
v 0.01252600 0.00907300 0.01626300
v 0.01270800 0.00872400 0.01688700
v 0.01252600 0.00835800 0.01750200
v 0.01270800 0.00768900 0.01775600
v 0.01252600 0.00701400 0.01799100
v 0.01270800 0.00633900 0.01775600
v 0.01252600 0.00567000 0.01750200
v 0.01270800 0.00530400 0.01688700
v 0.01252600 0.00495500 0.01626300
v 0.01270800 0.00506900 0.01555700
v 0.01252600 0.00520300 0.01485500
v 0.01235500 0.00837700 0.01427500
v 0.01235500 0.00701400 0.01377900
v 0.01235500 0.00565100 0.01427500
v 0.01235500 0.00492500 0.01553200
v 0.01235500 0.00517700 0.01696000
v 0.01235500 0.00628900 0.01789300
v 0.01235500 0.00773900 0.01789300
v 0.01235500 0.00885100 0.01696000
v 0.01235500 0.00910300 0.01553200
v 0.01270800 0.00574500 0.00028700
v 0.01252600 0.00629900 -0.00016500
v 0.01270800 0.00701400 -0.00017500
v 0.01252600 0.00772900 -0.00016500
v 0.01270800 0.00828300 0.00028700
v 0.01252600 0.00882500 0.00075500
v 0.01270800 0.00895900 0.00145700
v 0.01252600 0.00907300 0.00216300
v 0.01270800 0.00872400 0.00278700
v 0.01252600 0.00835800 0.00340200
v 0.01270800 0.00768900 0.00365500
v 0.01252600 0.00701400 0.00389100
v 0.01270800 0.00633900 0.00365500
v 0.01252600 0.00567000 0.00340200
v 0.01270800 0.00530400 0.00278700
v 0.01252600 0.00495500 0.00216300
v 0.01270800 0.00506900 0.00145700
v 0.01252600 0.00520300 0.00075500
v 0.01235500 0.00837700 0.00017500
v 0.01235500 0.00701400 -0.00032100
v 0.01235500 0.00565100 0.00017500
v 0.01235500 0.00492500 0.00143200
v 0.01235500 0.00517700 0.00286000
v 0.01235500 0.00628900 0.00379300
v 0.01235500 0.00773900 0.00379300
v 0.01235500 0.00885100 0.00286000
v 0.01235500 0.00910300 0.00143200
v 0.01270800 0.00104500 0.00028700
v 0.01252600 0.00159900 -0.00016500
v 0.01270800 0.00231400 -0.00017500
v 0.01252600 0.00302900 -0.00016500
v 0.01270800 0.00358300 0.00028700
v 0.01252600 0.00412500 0.00075500
v 0.01270800 0.00425900 0.00145700
v 0.01252600 0.00437300 0.00216300
v 0.01270800 0.00402400 0.00278700
v 0.01252600 0.00365800 0.00340200
v 0.01270800 0.00298900 0.00365500
v 0.01252600 0.00231400 0.00389100
v 0.01270800 0.00163900 0.00365500
v 0.01252600 0.00097000 0.00340200
v 0.01270800 0.00060400 0.00278700
v 0.01252600 0.00025500 0.00216300
v 0.01270800 0.00036900 0.00145700
v 0.01252600 0.00050300 0.00075500
v 0.01235500 0.00367700 0.00017500
v 0.01235500 0.00231400 -0.00032100
v 0.01235500 0.00095100 0.00017500
v 0.01235500 0.00022500 0.00143200
v 0.01235500 0.00047700 0.00286000
v 0.01235500 0.00158900 0.00379300
v 0.01235500 0.00303900 0.00379300
v 0.01235500 0.00415100 0.00286000
v 0.01235500 0.00440300 0.00143200
v 0.01270800 -0.00365500 0.00028700
v 0.01252600 -0.00310100 -0.00016500
v 0.01270800 -0.00238600 -0.00017500
v 0.01252600 -0.00167100 -0.00016500
v 0.01270800 -0.00111700 0.00028700
v 0.01252600 -0.00057500 0.00075500
v 0.01270800 -0.00044100 0.00145700
v 0.01252600 -0.00032700 0.00216300
v 0.01270800 -0.00067600 0.00278700
v 0.01252600 -0.00104200 0.00340200
v 0.01270800 -0.00171100 0.00365500
v 0.01252600 -0.00238600 0.00389100
v 0.01270800 -0.00306100 0.00365500
v 0.01252600 -0.00373000 0.00340200
v 0.01270800 -0.00409600 0.00278700
v 0.01252600 -0.00444500 0.00216300
v 0.01270800 -0.00433100 0.00145700
v 0.01252600 -0.00419700 0.00075500
v 0.01235500 -0.00102300 0.00017500
v 0.01235500 -0.00238600 -0.00032100
v 0.01235500 -0.00374900 0.00017500
v 0.01235500 -0.00447500 0.00143200
v 0.01235500 -0.00422300 0.00286000
v 0.01235500 -0.00311100 0.00379300
v 0.01235500 -0.00166100 0.00379300
v 0.01235500 -0.00054900 0.00286000
v 0.01235500 -0.00029700 0.00143200
v 0.01270800 -0.00835500 0.00028700
v 0.01252600 -0.00780100 -0.00016500
v 0.01270800 -0.00708600 -0.00017500
v 0.01252600 -0.00637100 -0.00016500
v 0.01270800 -0.00581700 0.00028700
v 0.01252600 -0.00527500 0.00075500
v 0.01270800 -0.00514100 0.00145700
v 0.01252600 -0.00502700 0.00216300
v 0.01270800 -0.00537600 0.00278700
v 0.01252600 -0.00574200 0.00340200
v 0.01270800 -0.00641100 0.00365500
v 0.01252600 -0.00708600 0.00389100
v 0.01270800 -0.00776100 0.00365500
v 0.01252600 -0.00843000 0.00340200
v 0.01270800 -0.00879600 0.00278700
v 0.01252600 -0.00914500 0.00216300
v 0.01270800 -0.00903100 0.00145700
v 0.01252600 -0.00889700 0.00075500
v 0.01235500 -0.00572300 0.00017500
v 0.01235500 -0.00708600 -0.00032100
v 0.01235500 -0.00844900 0.00017500
v 0.01235500 -0.00917500 0.00143200
v 0.01235500 -0.00892300 0.00286000
v 0.01235500 -0.00781100 0.00379300
v 0.01235500 -0.00636100 0.00379300
v 0.01235500 -0.00524900 0.00286000
v 0.01235500 -0.00499700 0.00143200
v 0.01270800 -0.00835500 0.00498700
v 0.01252600 -0.00780100 0.00453500
v 0.01270800 -0.00708600 0.00452500
v 0.01252600 -0.00637100 0.00453500
v 0.01270800 -0.00581700 0.00498700
v 0.01252600 -0.00527500 0.00545500
v 0.01270800 -0.00514100 0.00615700
v 0.01252600 -0.00502700 0.00686300
v 0.01270800 -0.00537600 0.00748700
v 0.01252600 -0.00574200 0.00810200
v 0.01270800 -0.00641100 0.00835500
v 0.01252600 -0.00708600 0.00859100
v 0.01270800 -0.00776100 0.00835500
v 0.01252600 -0.00843000 0.00810200
v 0.01270800 -0.00879600 0.00748700
v 0.01252600 -0.00914500 0.00686300
v 0.01270800 -0.00903100 0.00615700
v 0.01252600 -0.00889700 0.00545500
v 0.01235500 -0.00572300 0.00487500
v 0.01235500 -0.00708600 0.00437900
v 0.01235500 -0.00844900 0.00487500
v 0.01235500 -0.00917500 0.00613200
v 0.01235500 -0.00892300 0.00756000
v 0.01235500 -0.00781100 0.00849300
v 0.01235500 -0.00636100 0.00849300
v 0.01235500 -0.00524900 0.00756000
v 0.01235500 -0.00499700 0.00613200
v 0.01270800 -0.00365500 0.00498700
v 0.01252600 -0.00310100 0.00453500
v 0.01270800 -0.00238600 0.00452500
v 0.01252600 -0.00167100 0.00453500
v 0.01270800 -0.00111700 0.00498700
v 0.01252600 -0.00057500 0.00545500
v 0.01270800 -0.00044100 0.00615700
v 0.01252600 -0.00032700 0.00686300
v 0.01270800 -0.00067600 0.00748700
v 0.01252600 -0.00104200 0.00810200
v 0.01270800 -0.00171100 0.00835500
v 0.01252600 -0.00238600 0.00859100
v 0.01270800 -0.00306100 0.00835500
v 0.01252600 -0.00373000 0.00810200
v 0.01270800 -0.00409600 0.00748700
v 0.01252600 -0.00444500 0.00686300
v 0.01270800 -0.00433100 0.00615700
v 0.01252600 -0.00419700 0.00545500
v 0.01235500 -0.00102300 0.00487500
v 0.01235500 -0.00238600 0.00437900
v 0.01235500 -0.00374900 0.00487500
v 0.01235500 -0.00447500 0.00613200
v 0.01235500 -0.00422300 0.00756000
v 0.01235500 -0.00311100 0.00849300
v 0.01235500 -0.00166100 0.00849300
v 0.01235500 -0.00054900 0.00756000
v 0.01235500 -0.00029700 0.00613200
v 0.01270800 0.00104500 0.00498700
v 0.01252600 0.00159900 0.00453500
v 0.01270800 0.00231400 0.00452500
v 0.01252600 0.00302900 0.00453500
v 0.01270800 0.00358300 0.00498700
v 0.01252600 0.00412500 0.00545500
v 0.01270800 0.00425900 0.00615700
v 0.01252600 0.00437300 0.00686300
v 0.01270800 0.00402400 0.00748700
v 0.01252600 0.00365800 0.00810200
v 0.01270800 0.00298900 0.00835500
v 0.01252600 0.00231400 0.00859100
v 0.01270800 0.00163900 0.00835500
v 0.01252600 0.00097000 0.00810200
v 0.01270800 0.00060400 0.00748700
v 0.01252600 0.00025500 0.00686300
v 0.01270800 0.00036900 0.00615700
v 0.01252600 0.00050300 0.00545500
v 0.01235500 0.00367700 0.00487500
v 0.01235500 0.00231400 0.00437900
v 0.01235500 0.00095100 0.00487500
v 0.01235500 0.00022500 0.00613200
v 0.01235500 0.00047700 0.00756000
v 0.01235500 0.00158900 0.00849300
v 0.01235500 0.00303900 0.00849300
v 0.01235500 0.00415100 0.00756000
v 0.01235500 0.00440300 0.00613200
v 0.01270800 0.00574500 0.00498700
v 0.01252600 0.00629900 0.00453500
v 0.01270800 0.00701400 0.00452500
v 0.01252600 0.00772900 0.00453500
v 0.01270800 0.00828300 0.00498700
v 0.01252600 0.00882500 0.00545500
v 0.01270800 0.00895900 0.00615700
v 0.01252600 0.00907300 0.00686300
v 0.01270800 0.00872400 0.00748700
v 0.01252600 0.00835800 0.00810200
v 0.01270800 0.00768900 0.00835500
v 0.01252600 0.00701400 0.00859100
v 0.01270800 0.00633900 0.00835500
v 0.01252600 0.00567000 0.00810200
v 0.01270800 0.00530400 0.00748700
v 0.01252600 0.00495500 0.00686300
v 0.01270800 0.00506900 0.00615700
v 0.01252600 0.00520300 0.00545500
v 0.01235500 0.00837700 0.00487500
v 0.01235500 0.00701400 0.00437900
v 0.01235500 0.00565100 0.00487500
v 0.01235500 0.00492500 0.00613200
v 0.01235500 0.00517700 0.00756000
v 0.01235500 0.00628900 0.00849300
v 0.01235500 0.00773900 0.00849300
v 0.01235500 0.00885100 0.00756000
v 0.01235500 0.00910300 0.00613200
v 0.01270800 0.00574500 0.00968700
v 0.01252600 0.00629900 0.00923500
v 0.01270800 0.00701400 0.00922500
v 0.01252600 0.00772900 0.00923500
v 0.01270800 0.00828300 0.00968700
v 0.01252600 0.00882500 0.01015500
v 0.01270800 0.00895900 0.01085700
v 0.01252600 0.00907300 0.01156300
v 0.01270800 0.00872400 0.01218700
v 0.01252600 0.00835800 0.01280200
v 0.01270800 0.00768900 0.01305600
v 0.01252600 0.00701400 0.01329100
v 0.01270800 0.00633900 0.01305600
v 0.01252600 0.00567000 0.01280200
v 0.01270800 0.00530400 0.01218700
v 0.01252600 0.00495500 0.01156300
v 0.01270800 0.00506900 0.01085700
v 0.01252600 0.00520300 0.01015500
v 0.01235500 0.00837700 0.00957500
v 0.01235500 0.00701400 0.00907900
v 0.01235500 0.00565100 0.00957500
v 0.01235500 0.00492500 0.01083200
v 0.01235500 0.00517700 0.01226000
v 0.01235500 0.00628900 0.01319300
v 0.01235500 0.00773900 0.01319300
v 0.01235500 0.00885100 0.01226000
v 0.01235500 0.00910300 0.01083200
v 0.01270800 0.00104500 0.00968700
v 0.01252600 0.00159900 0.00923500
v 0.01270800 0.00231400 0.00922500
v 0.01252600 0.00302900 0.00923500
v 0.01270800 0.00358300 0.00968700
v 0.01252600 0.00412500 0.01015500
v 0.01270800 0.00425900 0.01085700
v 0.01252600 0.00437300 0.01156300
v 0.01270800 0.00402400 0.01218700
v 0.01252600 0.00365800 0.01280200
v 0.01270800 0.00298900 0.01305600
v 0.01252600 0.00231400 0.01329100
v 0.01270800 0.00163900 0.01305600
v 0.01252600 0.00097000 0.01280200
v 0.01270800 0.00060400 0.01218700
v 0.01252600 0.00025500 0.01156300
v 0.01270800 0.00036900 0.01085700
v 0.01252600 0.00050300 0.01015500
v 0.01235500 0.00367700 0.00957500
v 0.01235500 0.00231400 0.00907900
v 0.01235500 0.00095100 0.00957500
v 0.01235500 0.00022500 0.01083200
v 0.01235500 0.00047700 0.01226000
v 0.01235500 0.00158900 0.01319300
v 0.01235500 0.00303900 0.01319300
v 0.01235500 0.00415100 0.01226000
v 0.01235500 0.00440300 0.01083200
v 0.01270800 -0.00365500 0.00968700
v 0.01252600 -0.00310100 0.00923500
v 0.01270800 -0.00238600 0.00922500
v 0.01252600 -0.00167100 0.00923500
v 0.01270800 -0.00111700 0.00968700
v 0.01252600 -0.00057500 0.01015500
v 0.01270800 -0.00044100 0.01085700
v 0.01252600 -0.00032700 0.01156300
v 0.01270800 -0.00067600 0.01218700
v 0.01252600 -0.00104200 0.01280200
v 0.01270800 -0.00171100 0.01305600
v 0.01252600 -0.00238600 0.01329100
v 0.01270800 -0.00306100 0.01305600
v 0.01252600 -0.00373000 0.01280200
v 0.01270800 -0.00409600 0.01218700
v 0.01252600 -0.00444500 0.01156300
v 0.01270800 -0.00433100 0.01085700
v 0.01252600 -0.00419700 0.01015500
v 0.01235500 -0.00102300 0.00957500
v 0.01235500 -0.00238600 0.00907900
v 0.01235500 -0.00374900 0.00957500
v 0.01235500 -0.00447500 0.01083200
v 0.01235500 -0.00422300 0.01226000
v 0.01235500 -0.00311100 0.01319300
v 0.01235500 -0.00166100 0.01319300
v 0.01235500 -0.00054900 0.01226000
v 0.01235500 -0.00029700 0.01083200
v 0.01270800 -0.00835500 0.00968700
v 0.01252600 -0.00780100 0.00923500
v 0.01270800 -0.00708600 0.00922500
v 0.01252600 -0.00637100 0.00923500
v 0.01270800 -0.00581700 0.00968700
v 0.01252600 -0.00527500 0.01015500
v 0.01270800 -0.00514100 0.01085700
v 0.01252600 -0.00502700 0.01156300
v 0.01270800 -0.00537600 0.01218700
v 0.01252600 -0.00574200 0.01280200
v 0.01270800 -0.00641100 0.01305600
v 0.01252600 -0.00708600 0.01329100
v 0.01270800 -0.00776100 0.01305600
v 0.01252600 -0.00843000 0.01280200
v 0.01270800 -0.00879600 0.01218700
v 0.01252600 -0.00914500 0.01156300
v 0.01270800 -0.00903100 0.01085700
v 0.01252600 -0.00889700 0.01015500
v 0.01235500 -0.00572300 0.00957500
v 0.01235500 -0.00708600 0.00907900
v 0.01235500 -0.00844900 0.00957500
v 0.01235500 -0.00917500 0.01083200
v 0.01235500 -0.00892300 0.01226000
v 0.01235500 -0.00781100 0.01319300
v 0.01235500 -0.00636100 0.01319300
v 0.01235500 -0.00524900 0.01226000
v 0.01235500 -0.00499700 0.01083200
v 0.01270800 -0.00835500 0.01438700
v 0.01252600 -0.00780100 0.01393500
v 0.01270800 -0.00708600 0.01392500
v 0.01252600 -0.00637100 0.01393500
v 0.01270800 -0.00581700 0.01438700
v 0.01252600 -0.00527500 0.01485500
v 0.01270800 -0.00514100 0.01555700
v 0.01252600 -0.00502700 0.01626300
v 0.01270800 -0.00537600 0.01688700
v 0.01252600 -0.00574200 0.01750200
v 0.01270800 -0.00641100 0.01775600
v 0.01252600 -0.00708600 0.01799100
v 0.01270800 -0.00776100 0.01775600
v 0.01252600 -0.00843000 0.01750200
v 0.01270800 -0.00879600 0.01688700
v 0.01252600 -0.00914500 0.01626300
v 0.01270800 -0.00903100 0.01555700
v 0.01252600 -0.00889700 0.01485500
v 0.01235500 -0.00572300 0.01427500
v 0.01235500 -0.00708600 0.01377900
v 0.01235500 -0.00844900 0.01427500
v 0.01235500 -0.00917500 0.01553200
v 0.01235500 -0.00892300 0.01696000
v 0.01235500 -0.00781100 0.01789300
v 0.01235500 -0.00636100 0.01789300
v 0.01235500 -0.00524900 0.01696000
v 0.01235500 -0.00499700 0.01553200
v 0.01270800 -0.00365500 0.01438700
v 0.01252600 -0.00310100 0.01393500
v 0.01270800 -0.00238600 0.01392500
v 0.01252600 -0.00167100 0.01393500
v 0.01270800 -0.00111700 0.01438700
v 0.01252600 -0.00057500 0.01485500
v 0.01270800 -0.00044100 0.01555700
v 0.01252600 -0.00032700 0.01626300
v 0.01270800 -0.00067600 0.01688700
v 0.01252600 -0.00104200 0.01750200
v 0.01270800 -0.00171100 0.01775600
v 0.01252600 -0.00238600 0.01799100
v 0.01270800 -0.00306100 0.01775600
v 0.01252600 -0.00373000 0.01750200
v 0.01270800 -0.00409600 0.01688700
v 0.01252600 -0.00444500 0.01626300
v 0.01270800 -0.00433100 0.01555700
v 0.01252600 -0.00419700 0.01485500
v 0.01235500 -0.00102300 0.01427500
v 0.01235500 -0.00238600 0.01377900
v 0.01235500 -0.00374900 0.01427500
v 0.01235500 -0.00447500 0.01553200
v 0.01235500 -0.00422300 0.01696000
v 0.01235500 -0.00311100 0.01789300
v 0.01235500 -0.00166100 0.01789300
v 0.01235500 -0.00054900 0.01696000
v 0.01235500 -0.00029700 0.01553200
v 0.01270800 0.00104500 0.01438700
v 0.01252600 0.00159900 0.01393500
v 0.01270800 0.00231400 0.01392500
v 0.01252600 0.00302900 0.01393500
v 0.01270800 0.00358300 0.01438700
v 0.01252600 0.00412500 0.01485500
v 0.01270800 0.00425900 0.01555700
v 0.01252600 0.00437300 0.01626300
v 0.01270800 0.00402400 0.01688700
v 0.01252600 0.00365800 0.01750200
v 0.01270800 0.00298900 0.01775600
v 0.01252600 0.00231400 0.01799100
v 0.01270800 0.00163900 0.01775600
v 0.01252600 0.00097000 0.01750200
v 0.01270800 0.00060400 0.01688700
v 0.01252600 0.00025500 0.01626300
v 0.01270800 0.00036900 0.01555700
v 0.01252600 0.00050300 0.01485500
v 0.01235500 0.00367700 0.01427500
v 0.01235500 0.00231400 0.01377900
v 0.01235500 0.00095100 0.01427500
v 0.01235500 0.00022500 0.01553200
v 0.01235500 0.00047700 0.01696000
v 0.01235500 0.00158900 0.01789300
v 0.01235500 0.00303900 0.01789300
v 0.01235500 0.00415100 0.01696000
v 0.01235500 0.00440300 0.01553200
v 0.01156200 0.00616500 0.00078800
v 0.01206200 0.00701400 0.00047900
v 0.01156200 0.00701400 0.00047900
v 0.01206200 0.00786300 0.00078800
v 0.01156200 0.00786300 0.00078800
v 0.01206200 0.00831500 0.00157100
v 0.01156200 0.00831500 0.00157100
v 0.01206200 0.00815800 0.00246100
v 0.01156200 0.00815800 0.00246100
v 0.01206200 0.00746600 0.00304200
v 0.01156200 0.00746600 0.00304200
v 0.01206200 0.00656200 0.00304200
v 0.01156200 0.00656200 0.00304200
v 0.01206200 0.00587000 0.00246100
v 0.01156200 0.00587000 0.00246100
v 0.01206200 0.00571300 0.00157100
v 0.01156200 0.00571300 0.00157100
v 0.01206200 0.00616500 0.00078800
v 0.01156200 0.00146500 0.00548800
v 0.01206200 0.00231400 0.00517900
v 0.01156200 0.00231400 0.00517900
v 0.01206200 0.00316300 0.00548800
v 0.01156200 0.00316300 0.00548800
v 0.01206200 0.00361500 0.00627100
v 0.01156200 0.00361500 0.00627100
v 0.01206200 0.00345800 0.00716100
v 0.01156200 0.00345800 0.00716100
v 0.01206200 0.00276600 0.00774200
v 0.01156200 0.00276600 0.00774200
v 0.01206200 0.00186200 0.00774200
v 0.01156200 0.00186200 0.00774200
v 0.01206200 0.00117000 0.00716100
v 0.01156200 0.00117000 0.00716100
v 0.01206200 0.00101300 0.00627100
v 0.01156200 0.00101300 0.00627100
v 0.01206200 0.00146500 0.00548800
v 0.01156200 0.00616500 0.00548800
v 0.01206200 0.00701400 0.00517900
v 0.01156200 0.00701400 0.00517900
v 0.01206200 0.00786300 0.00548800
v 0.01156200 0.00786300 0.00548800
v 0.01206200 0.00831500 0.00627100
v 0.01156200 0.00831500 0.00627100
v 0.01206200 0.00815800 0.00716100
v 0.01156200 0.00815800 0.00716100
v 0.01206200 0.00746600 0.00774200
v 0.01156200 0.00746600 0.00774200
v 0.01206200 0.00656200 0.00774200
v 0.01156200 0.00656200 0.00774200
v 0.01206200 0.00587000 0.00716100
v 0.01156200 0.00587000 0.00716100
v 0.01206200 0.00571300 0.00627100
v 0.01156200 0.00571300 0.00627100
v 0.01206200 0.00616500 0.00548800
v 0.01156200 0.00146500 0.00078800
v 0.01206200 0.00231400 0.00047900
v 0.01156200 0.00231400 0.00047900
v 0.01206200 0.00316300 0.00078800
v 0.01156200 0.00316300 0.00078800
v 0.01206200 0.00361500 0.00157100
v 0.01156200 0.00361500 0.00157100
v 0.01206200 0.00345800 0.00246100
v 0.01156200 0.00345800 0.00246100
v 0.01206200 0.00276600 0.00304200
v 0.01156200 0.00276600 0.00304200
v 0.01206200 0.00186200 0.00304200
v 0.01156200 0.00186200 0.00304200
v 0.01206200 0.00117000 0.00246100
v 0.01156200 0.00117000 0.00246100
v 0.01206200 0.00101300 0.00157100
v 0.01156200 0.00101300 0.00157100
v 0.01206200 0.00146500 0.00078800
v 0.01156200 -0.00793500 0.00078800
v 0.01206200 -0.00708600 0.00047900
v 0.01156200 -0.00708600 0.00047900
v 0.01206200 -0.00623700 0.00078800
v 0.01156200 -0.00623700 0.00078800
v 0.01206200 -0.00578500 0.00157100
v 0.01156200 -0.00578500 0.00157100
v 0.01206200 -0.00594200 0.00246100
v 0.01156200 -0.00594200 0.00246100
v 0.01206200 -0.00663400 0.00304200
v 0.01156200 -0.00663400 0.00304200
v 0.01206200 -0.00753800 0.00304200
v 0.01156200 -0.00753800 0.00304200
v 0.01206200 -0.00823000 0.00246100
v 0.01156200 -0.00823000 0.00246100
v 0.01206200 -0.00838700 0.00157100
v 0.01156200 -0.00838700 0.00157100
v 0.01206200 -0.00793500 0.00078800
v 0.01156200 -0.00323500 0.00548800
v 0.01206200 -0.00238600 0.00517900
v 0.01156200 -0.00238600 0.00517900
v 0.01206200 -0.00153700 0.00548800
v 0.01156200 -0.00153700 0.00548800
v 0.01206200 -0.00108500 0.00627100
v 0.01156200 -0.00108500 0.00627100
v 0.01206200 -0.00124200 0.00716100
v 0.01156200 -0.00124200 0.00716100
v 0.01206200 -0.00193400 0.00774200
v 0.01156200 -0.00193400 0.00774200
v 0.01206200 -0.00283800 0.00774200
v 0.01156200 -0.00283800 0.00774200
v 0.01206200 -0.00353000 0.00716100
v 0.01156200 -0.00353000 0.00716100
v 0.01206200 -0.00368700 0.00627100
v 0.01156200 -0.00368700 0.00627100
v 0.01206200 -0.00323500 0.00548800
v 0.01156200 -0.00793500 0.00548800
v 0.01206200 -0.00708600 0.00517900
v 0.01156200 -0.00708600 0.00517900
v 0.01206200 -0.00623700 0.00548800
v 0.01156200 -0.00623700 0.00548800
v 0.01206200 -0.00578500 0.00627100
v 0.01156200 -0.00578500 0.00627100
v 0.01206200 -0.00594200 0.00716100
v 0.01156200 -0.00594200 0.00716100
v 0.01206200 -0.00663400 0.00774200
v 0.01156200 -0.00663400 0.00774200
v 0.01206200 -0.00753800 0.00774200
v 0.01156200 -0.00753800 0.00774200
v 0.01206200 -0.00823000 0.00716100
v 0.01156200 -0.00823000 0.00716100
v 0.01206200 -0.00838700 0.00627100
v 0.01156200 -0.00838700 0.00627100
v 0.01206200 -0.00793500 0.00548800
v 0.01156200 -0.00323500 0.00078800
v 0.01206200 -0.00238600 0.00047900
v 0.01156200 -0.00238600 0.00047900
v 0.01206200 -0.00153700 0.00078800
v 0.01156200 -0.00153700 0.00078800
v 0.01206200 -0.00108500 0.00157100
v 0.01156200 -0.00108500 0.00157100
v 0.01206200 -0.00124200 0.00246100
v 0.01156200 -0.00124200 0.00246100
v 0.01206200 -0.00193400 0.00304200
v 0.01156200 -0.00193400 0.00304200
v 0.01206200 -0.00283800 0.00304200
v 0.01156200 -0.00283800 0.00304200
v 0.01206200 -0.00353000 0.00246100
v 0.01156200 -0.00353000 0.00246100
v 0.01206200 -0.00368700 0.00157100
v 0.01156200 -0.00368700 0.00157100
v 0.01206200 -0.00323500 0.00078800
v 0.01156200 0.00616500 0.01488800
v 0.01206200 0.00701400 0.01457900
v 0.01156200 0.00701400 0.01457900
v 0.01206200 0.00786300 0.01488800
v 0.01156200 0.00786300 0.01488800
v 0.01206200 0.00831500 0.01567100
v 0.01156200 0.00831500 0.01567100
v 0.01206200 0.00815800 0.01656100
v 0.01156200 0.00815800 0.01656100
v 0.01206200 0.00746600 0.01714200
v 0.01156200 0.00746600 0.01714200
v 0.01206200 0.00656200 0.01714200
v 0.01156200 0.00656200 0.01714200
v 0.01206200 0.00587000 0.01656100
v 0.01156200 0.00587000 0.01656100
v 0.01206200 0.00571300 0.01567100
v 0.01156200 0.00571300 0.01567100
v 0.01206200 0.00616500 0.01488800
v 0.01156200 0.00146500 0.01018800
v 0.01206200 0.00231400 0.00987900
v 0.01156200 0.00231400 0.00987900
v 0.01206200 0.00316300 0.01018800
v 0.01156200 0.00316300 0.01018800
v 0.01206200 0.00361500 0.01097100
v 0.01156200 0.00361500 0.01097100
v 0.01206200 0.00345800 0.01186100
v 0.01156200 0.00345800 0.01186100
v 0.01206200 0.00276600 0.01244200
v 0.01156200 0.00276600 0.01244200
v 0.01206200 0.00186200 0.01244200
v 0.01156200 0.00186200 0.01244200
v 0.01206200 0.00117000 0.01186100
v 0.01156200 0.00117000 0.01186100
v 0.01206200 0.00101300 0.01097100
v 0.01156200 0.00101300 0.01097100
v 0.01206200 0.00146500 0.01018800
v 0.01156200 0.00616500 0.01018800
v 0.01206200 0.00701400 0.00987900
v 0.01156200 0.00701400 0.00987900
v 0.01206200 0.00786300 0.01018800
v 0.01156200 0.00786300 0.01018800
v 0.01206200 0.00831500 0.01097100
v 0.01156200 0.00831500 0.01097100
v 0.01206200 0.00815800 0.01186100
v 0.01156200 0.00815800 0.01186100
v 0.01206200 0.00746600 0.01244200
v 0.01156200 0.00746600 0.01244200
v 0.01206200 0.00656200 0.01244200
v 0.01156200 0.00656200 0.01244200
v 0.01206200 0.00587000 0.01186100
v 0.01156200 0.00587000 0.01186100
v 0.01206200 0.00571300 0.01097100
v 0.01156200 0.00571300 0.01097100
v 0.01206200 0.00616500 0.01018800
v 0.01156200 0.00146500 0.01488800
v 0.01206200 0.00231400 0.01457900
v 0.01156200 0.00231400 0.01457900
v 0.01206200 0.00316300 0.01488800
v 0.01156200 0.00316300 0.01488800
v 0.01206200 0.00361500 0.01567100
v 0.01156200 0.00361500 0.01567100
v 0.01206200 0.00345800 0.01656100
v 0.01156200 0.00345800 0.01656100
v 0.01206200 0.00276600 0.01714200
v 0.01156200 0.00276600 0.01714200
v 0.01206200 0.00186200 0.01714200
v 0.01156200 0.00186200 0.01714200
v 0.01206200 0.00117000 0.01656100
v 0.01156200 0.00117000 0.01656100
v 0.01206200 0.00101300 0.01567100
v 0.01156200 0.00101300 0.01567100
v 0.01206200 0.00146500 0.01488800
v 0.01156200 -0.00793500 0.01488800
v 0.01206200 -0.00708600 0.01457900
v 0.01156200 -0.00708600 0.01457900
v 0.01206200 -0.00623700 0.01488800
v 0.01156200 -0.00623700 0.01488800
v 0.01206200 -0.00578500 0.01567100
v 0.01156200 -0.00578500 0.01567100
v 0.01206200 -0.00594200 0.01656100
v 0.01156200 -0.00594200 0.01656100
v 0.01206200 -0.00663400 0.01714200
v 0.01156200 -0.00663400 0.01714200
v 0.01206200 -0.00753800 0.01714200
v 0.01156200 -0.00753800 0.01714200
v 0.01206200 -0.00823000 0.01656100
v 0.01156200 -0.00823000 0.01656100
v 0.01206200 -0.00838700 0.01567100
v 0.01156200 -0.00838700 0.01567100
v 0.01206200 -0.00793500 0.01488800
v 0.01156200 -0.00323500 0.01018800
v 0.01206200 -0.00238600 0.00987900
v 0.01156200 -0.00238600 0.00987900
v 0.01206200 -0.00153700 0.01018800
v 0.01156200 -0.00153700 0.01018800
v 0.01206200 -0.00108500 0.01097100
v 0.01156200 -0.00108500 0.01097100
v 0.01206200 -0.00124200 0.01186100
v 0.01156200 -0.00124200 0.01186100
v 0.01206200 -0.00193400 0.01244200
v 0.01156200 -0.00193400 0.01244200
v 0.01206200 -0.00283800 0.01244200
v 0.01156200 -0.00283800 0.01244200
v 0.01206200 -0.00353000 0.01186100
v 0.01156200 -0.00353000 0.01186100
v 0.01206200 -0.00368700 0.01097100
v 0.01156200 -0.00368700 0.01097100
v 0.01206200 -0.00323500 0.01018800
v 0.01156200 -0.00793500 0.01018800
v 0.01206200 -0.00708600 0.00987900
v 0.01156200 -0.00708600 0.00987900
v 0.01206200 -0.00623700 0.01018800
v 0.01156200 -0.00623700 0.01018800
v 0.01206200 -0.00578500 0.01097100
v 0.01156200 -0.00578500 0.01097100
v 0.01206200 -0.00594200 0.01186100
v 0.01156200 -0.00594200 0.01186100
v 0.01206200 -0.00663400 0.01244200
v 0.01156200 -0.00663400 0.01244200
v 0.01206200 -0.00753800 0.01244200
v 0.01156200 -0.00753800 0.01244200
v 0.01206200 -0.00823000 0.01186100
v 0.01156200 -0.00823000 0.01186100
v 0.01206200 -0.00838700 0.01097100
v 0.01156200 -0.00838700 0.01097100
v 0.01206200 -0.00793500 0.01018800
v 0.01156200 -0.00323500 0.01488800
v 0.01206200 -0.00238600 0.01457900
v 0.01156200 -0.00238600 0.01457900
v 0.01206200 -0.00153700 0.01488800
v 0.01156200 -0.00153700 0.01488800
v 0.01206200 -0.00108500 0.01567100
v 0.01156200 -0.00108500 0.01567100
v 0.01206200 -0.00124200 0.01656100
v 0.01156200 -0.00124200 0.01656100
v 0.01206200 -0.00193400 0.01714200
v 0.01156200 -0.00193400 0.01714200
v 0.01206200 -0.00283800 0.01714200
v 0.01156200 -0.00283800 0.01714200
v 0.01206200 -0.00353000 0.01656100
v 0.01156200 -0.00353000 0.01656100
v 0.01206200 -0.00368700 0.01567100
v 0.01156200 -0.00368700 0.01567100
v 0.01206200 -0.00323500 0.01488800
v 0.01206200 0.00837700 0.01427500
v 0.01206200 0.00701400 0.01377900
v 0.01206200 0.00565100 0.01427500
v 0.01206200 0.00492500 0.01553200
v 0.01206200 0.00517700 0.01696000
v 0.01206200 0.00628900 0.01789300
v 0.01206200 0.00773900 0.01789300
v 0.01206200 0.00885100 0.01696000
v 0.01206200 0.00910300 0.01553200
v 0.01206200 0.00837700 0.00017500
v 0.01206200 0.00701400 -0.00032100
v 0.01206200 0.00565100 0.00017500
v 0.01206200 0.00492500 0.00143200
v 0.01206200 0.00517700 0.00286000
v 0.01206200 0.00628900 0.00379300
v 0.01206200 0.00773900 0.00379300
v 0.01206200 0.00885100 0.00286000
v 0.01206200 0.00910300 0.00143200
v 0.01206200 0.00367700 0.00017500
v 0.01206200 0.00231400 -0.00032100
v 0.01206200 0.00095100 0.00017500
v 0.01206200 0.00022500 0.00143200
v 0.01206200 0.00047700 0.00286000
v 0.01206200 0.00158900 0.00379300
v 0.01206200 0.00303900 0.00379300
v 0.01206200 0.00415100 0.00286000
v 0.01206200 0.00440300 0.00143200
v 0.01206200 -0.00102300 0.00017500
v 0.01206200 -0.00238600 -0.00032100
v 0.01206200 -0.00374900 0.00017500
v 0.01206200 -0.00447500 0.00143200
v 0.01206200 -0.00422300 0.00286000
v 0.01206200 -0.00311100 0.00379300
v 0.01206200 -0.00166100 0.00379300
v 0.01206200 -0.00054900 0.00286000
v 0.01206200 -0.00029700 0.00143200
v 0.01206200 -0.00572300 0.00017500
v 0.01206200 -0.00708600 -0.00032100
v 0.01206200 -0.00844900 0.00017500
v 0.01206200 -0.00917500 0.00143200
v 0.01206200 -0.00892300 0.00286000
v 0.01206200 -0.00781100 0.00379300
v 0.01206200 -0.00636100 0.00379300
v 0.01206200 -0.00524900 0.00286000
v 0.01206200 -0.00499700 0.00143200
v 0.01206200 -0.00572300 0.00487500
v 0.01206200 -0.00708600 0.00437900
v 0.01206200 -0.00844900 0.00487500
v 0.01206200 -0.00917500 0.00613200
v 0.01206200 -0.00892300 0.00756000
v 0.01206200 -0.00781100 0.00849300
v 0.01206200 -0.00636100 0.00849300
v 0.01206200 -0.00524900 0.00756000
v 0.01206200 -0.00499700 0.00613200
v 0.01206200 -0.00102300 0.00487500
v 0.01206200 -0.00238600 0.00437900
v 0.01206200 -0.00374900 0.00487500
v 0.01206200 -0.00447500 0.00613200
v 0.01206200 -0.00422300 0.00756000
v 0.01206200 -0.00311100 0.00849300
v 0.01206200 -0.00166100 0.00849300
v 0.01206200 -0.00054900 0.00756000
v 0.01206200 -0.00029700 0.00613200
v 0.01206200 0.00367700 0.00487500
v 0.01206200 0.00231400 0.00437900
v 0.01206200 0.00095100 0.00487500
v 0.01206200 0.00022500 0.00613200
v 0.01206200 0.00047700 0.00756000
v 0.01206200 0.00158900 0.00849300
v 0.01206200 0.00303900 0.00849300
v 0.01206200 0.00415100 0.00756000
v 0.01206200 0.00440300 0.00613200
v 0.01206200 0.00837700 0.00487500
v 0.01206200 0.00701400 0.00437900
v 0.01206200 0.00565100 0.00487500
v 0.01206200 0.00492500 0.00613200
v 0.01206200 0.00517700 0.00756000
v 0.01206200 0.00628900 0.00849300
v 0.01206200 0.00773900 0.00849300
v 0.01206200 0.00885100 0.00756000
v 0.01206200 0.00910300 0.00613200
v 0.01206200 0.00837700 0.00957500
v 0.01206200 0.00701400 0.00907900
v 0.01206200 0.00565100 0.00957500
v 0.01206200 0.00492500 0.01083200
v 0.01206200 0.00517700 0.01226000
v 0.01206200 0.00628900 0.01319300
v 0.01206200 0.00773900 0.01319300
v 0.01206200 0.00885100 0.01226000
v 0.01206200 0.00910300 0.01083200
v 0.01206200 0.00367700 0.00957500
v 0.01206200 0.00231400 0.00907900
v 0.01206200 0.00095100 0.00957500
v 0.01206200 0.00022500 0.01083200
v 0.01206200 0.00047700 0.01226000
v 0.01206200 0.00158900 0.01319300
v 0.01206200 0.00303900 0.01319300
v 0.01206200 0.00415100 0.01226000
v 0.01206200 0.00440300 0.01083200
v 0.01206200 -0.00102300 0.00957500
v 0.01206200 -0.00238600 0.00907900
v 0.01206200 -0.00374900 0.00957500
v 0.01206200 -0.00447500 0.01083200
v 0.01206200 -0.00422300 0.01226000
v 0.01206200 -0.00311100 0.01319300
v 0.01206200 -0.00166100 0.01319300
v 0.01206200 -0.00054900 0.01226000
v 0.01206200 -0.00029700 0.01083200
v 0.01206200 -0.00572300 0.00957500
v 0.01206200 -0.00708600 0.00907900
v 0.01206200 -0.00844900 0.00957500
v 0.01206200 -0.00917500 0.01083200
v 0.01206200 -0.00892300 0.01226000
v 0.01206200 -0.00781100 0.01319300
v 0.01206200 -0.00636100 0.01319300
v 0.01206200 -0.00524900 0.01226000
v 0.01206200 -0.00499700 0.01083200
v 0.01206200 -0.00572300 0.01427500
v 0.01206200 -0.00708600 0.01377900
v 0.01206200 -0.00844900 0.01427500
v 0.01206200 -0.00917500 0.01553200
v 0.01206200 -0.00892300 0.01696000
v 0.01206200 -0.00781100 0.01789300
v 0.01206200 -0.00636100 0.01789300
v 0.01206200 -0.00524900 0.01696000
v 0.01206200 -0.00499700 0.01553200
v 0.01206200 -0.00102300 0.01427500
v 0.01206200 -0.00238600 0.01377900
v 0.01206200 -0.00374900 0.01427500
v 0.01206200 -0.00447500 0.01553200
v 0.01206200 -0.00422300 0.01696000
v 0.01206200 -0.00311100 0.01789300
v 0.01206200 -0.00166100 0.01789300
v 0.01206200 -0.00054900 0.01696000
v 0.01206200 -0.00029700 0.01553200
v 0.01206200 0.00367700 0.01427500
v 0.01206200 0.00231400 0.01377900
v 0.01206200 0.00095100 0.01427500
v 0.01206200 0.00022500 0.01553200
v 0.01206200 0.00047700 0.01696000
v 0.01206200 0.00158900 0.01789300
v 0.01206200 0.00303900 0.01789300
v 0.01206200 0.00415100 0.01696000
v 0.01206200 0.00440300 0.01553200
v 0.01256200 0.00637100 0.00256600
v 0.01256200 0.00701400 0.00280000
v 0.01256200 0.00765700 0.00256600
v 0.01256200 0.00799900 0.00197400
v 0.01256200 0.00788000 0.00130000
v 0.01256200 0.00735600 0.00086000
v 0.01256200 0.00667200 0.00086000
v 0.01256200 0.00614800 0.00130000
v 0.01256200 0.00602900 0.00197400
v 0.01256200 0.00167100 0.00726600
v 0.01256200 0.00231400 0.00750000
v 0.01256200 0.00295700 0.00726600
v 0.01256200 0.00329900 0.00667400
v 0.01256200 0.00318000 0.00600000
v 0.01256200 0.00265600 0.00556000
v 0.01256200 0.00197200 0.00556000
v 0.01256200 0.00144800 0.00600000
v 0.01256200 0.00132900 0.00667400
v 0.01256200 0.00637100 0.00726600
v 0.01256200 0.00701400 0.00750000
v 0.01256200 0.00765700 0.00726600
v 0.01256200 0.00799900 0.00667400
v 0.01256200 0.00788000 0.00600000
v 0.01256200 0.00735600 0.00556000
v 0.01256200 0.00667200 0.00556000
v 0.01256200 0.00614800 0.00600000
v 0.01256200 0.00602900 0.00667400
v 0.01256200 0.00167100 0.00256600
v 0.01256200 0.00231400 0.00280000
v 0.01256200 0.00295700 0.00256600
v 0.01256200 0.00329900 0.00197400
v 0.01256200 0.00318000 0.00130000
v 0.01256200 0.00265600 0.00086000
v 0.01256200 0.00197200 0.00086000
v 0.01256200 0.00144800 0.00130000
v 0.01256200 0.00132900 0.00197400
v 0.01256200 -0.00772900 0.00256600
v 0.01256200 -0.00708600 0.00280000
v 0.01256200 -0.00644300 0.00256600
v 0.01256200 -0.00610100 0.00197400
v 0.01256200 -0.00622000 0.00130000
v 0.01256200 -0.00674400 0.00086000
v 0.01256200 -0.00742800 0.00086000
v 0.01256200 -0.00795200 0.00130000
v 0.01256200 -0.00807100 0.00197400
v 0.01256200 -0.00302900 0.00726600
v 0.01256200 -0.00238600 0.00750000
v 0.01256200 -0.00174300 0.00726600
v 0.01256200 -0.00140100 0.00667400
v 0.01256200 -0.00152000 0.00600000
v 0.01256200 -0.00204400 0.00556000
v 0.01256200 -0.00272800 0.00556000
v 0.01256200 -0.00325200 0.00600000
v 0.01256200 -0.00337100 0.00667400
v 0.01256200 -0.00772900 0.00726600
v 0.01256200 -0.00708600 0.00750000
v 0.01256200 -0.00644300 0.00726600
v 0.01256200 -0.00610100 0.00667400
v 0.01256200 -0.00622000 0.00600000
v 0.01256200 -0.00674400 0.00556000
v 0.01256200 -0.00742800 0.00556000
v 0.01256200 -0.00795200 0.00600000
v 0.01256200 -0.00807100 0.00667400
v 0.01256200 -0.00302900 0.00256600
v 0.01256200 -0.00238600 0.00280000
v 0.01256200 -0.00174300 0.00256600
v 0.01256200 -0.00140100 0.00197400
v 0.01256200 -0.00152000 0.00130000
v 0.01256200 -0.00204400 0.00086000
v 0.01256200 -0.00272800 0.00086000
v 0.01256200 -0.00325200 0.00130000
v 0.01256200 -0.00337100 0.00197400
v 0.01256200 0.00637100 0.01666600
v 0.01256200 0.00701400 0.01690000
v 0.01256200 0.00765700 0.01666600
v 0.01256200 0.00799900 0.01607400
v 0.01256200 0.00788000 0.01540000
v 0.01256200 0.00735600 0.01496000
v 0.01256200 0.00667200 0.01496000
v 0.01256200 0.00614800 0.01540000
v 0.01256200 0.00602900 0.01607400
v 0.01256200 0.00167100 0.01196600
v 0.01256200 0.00231400 0.01220000
v 0.01256200 0.00295700 0.01196600
v 0.01256200 0.00329900 0.01137400
v 0.01256200 0.00318000 0.01070000
v 0.01256200 0.00265600 0.01026000
v 0.01256200 0.00197200 0.01026000
v 0.01256200 0.00144800 0.01070000
v 0.01256200 0.00132900 0.01137400
v 0.01256200 0.00637100 0.01196600
v 0.01256200 0.00701400 0.01220000
v 0.01256200 0.00765700 0.01196600
v 0.01256200 0.00799900 0.01137400
v 0.01256200 0.00788000 0.01070000
v 0.01256200 0.00735600 0.01026000
v 0.01256200 0.00667200 0.01026000
v 0.01256200 0.00614800 0.01070000
v 0.01256200 0.00602900 0.01137400
v 0.01256200 0.00167100 0.01666600
v 0.01256200 0.00231400 0.01690000
v 0.01256200 0.00295700 0.01666600
v 0.01256200 0.00329900 0.01607400
v 0.01256200 0.00318000 0.01540000
v 0.01256200 0.00265600 0.01496000
v 0.01256200 0.00197200 0.01496000
v 0.01256200 0.00144800 0.01540000
v 0.01256200 0.00132900 0.01607400
v 0.01256200 -0.00772900 0.01666600
v 0.01256200 -0.00708600 0.01690000
v 0.01256200 -0.00644300 0.01666600
v 0.01256200 -0.00610100 0.01607400
v 0.01256200 -0.00622000 0.01540000
v 0.01256200 -0.00674400 0.01496000
v 0.01256200 -0.00742800 0.01496000
v 0.01256200 -0.00795200 0.01540000
v 0.01256200 -0.00807100 0.01607400
v 0.01256200 -0.00302900 0.01196600
v 0.01256200 -0.00238600 0.01220000
v 0.01256200 -0.00174300 0.01196600
v 0.01256200 -0.00140100 0.01137400
v 0.01256200 -0.00152000 0.01070000
v 0.01256200 -0.00204400 0.01026000
v 0.01256200 -0.00272800 0.01026000
v 0.01256200 -0.00325200 0.01070000
v 0.01256200 -0.00337100 0.01137400
v 0.01256200 -0.00772900 0.01196600
v 0.01256200 -0.00708600 0.01220000
v 0.01256200 -0.00644300 0.01196600
v 0.01256200 -0.00610100 0.01137400
v 0.01256200 -0.00622000 0.01070000
v 0.01256200 -0.00674400 0.01026000
v 0.01256200 -0.00742800 0.01026000
v 0.01256200 -0.00795200 0.01070000
v 0.01256200 -0.00807100 0.01137400
v 0.01256200 -0.00302900 0.01666600
v 0.01256200 -0.00238600 0.01690000
v 0.01256200 -0.00174300 0.01666600
v 0.01256200 -0.00140100 0.01607400
v 0.01256200 -0.00152000 0.01540000
v 0.01256200 -0.00204400 0.01496000
v 0.01256200 -0.00272800 0.01496000
v 0.01256200 -0.00325200 0.01540000
v 0.01256200 -0.00337100 0.01607400
v 0.01356200 0.00787300 0.01517900
v 0.01356200 0.00813500 0.01590000
v 0.01356200 0.00787300 0.01662100
v 0.01356200 0.00720900 0.01700400
v 0.01356200 0.00645400 0.01687100
v 0.01356200 0.00596100 0.01628300
v 0.01356200 0.00596100 0.01551700
v 0.01356200 0.00645400 0.01492900
v 0.01356200 0.00720900 0.01479600
v 0.01356200 0.00787300 0.00107900
v 0.01356200 0.00813500 0.00180000
v 0.01356200 0.00787300 0.00252100
v 0.01356200 0.00720900 0.00290400
v 0.01356200 0.00645400 0.00277100
v 0.01356200 0.00596100 0.00218300
v 0.01356200 0.00596100 0.00141700
v 0.01356200 0.00645400 0.00082900
v 0.01356200 0.00720900 0.00069600
v 0.01356200 0.00317300 0.00107900
v 0.01356200 0.00343500 0.00180000
v 0.01356200 0.00317300 0.00252100
v 0.01356200 0.00250900 0.00290400
v 0.01356200 0.00175400 0.00277100
v 0.01356200 0.00126100 0.00218300
v 0.01356200 0.00126100 0.00141700
v 0.01356200 0.00175400 0.00082900
v 0.01356200 0.00250900 0.00069600
v 0.01356200 -0.00152700 0.00107900
v 0.01356200 -0.00126500 0.00180000
v 0.01356200 -0.00152700 0.00252100
v 0.01356200 -0.00219100 0.00290400
v 0.01356200 -0.00294600 0.00277100
v 0.01356200 -0.00343900 0.00218300
v 0.01356200 -0.00343900 0.00141700
v 0.01356200 -0.00294600 0.00082900
v 0.01356200 -0.00219100 0.00069600
v 0.01356200 -0.00622700 0.00107900
v 0.01356200 -0.00596500 0.00180000
v 0.01356200 -0.00622700 0.00252100
v 0.01356200 -0.00689100 0.00290400
v 0.01356200 -0.00764600 0.00277100
v 0.01356200 -0.00813900 0.00218300
v 0.01356200 -0.00813900 0.00141700
v 0.01356200 -0.00764600 0.00082900
v 0.01356200 -0.00689100 0.00069600
v 0.01356200 -0.00622700 0.00577900
v 0.01356200 -0.00596500 0.00650000
v 0.01356200 -0.00622700 0.00722100
v 0.01356200 -0.00689100 0.00760400
v 0.01356200 -0.00764600 0.00747100
v 0.01356200 -0.00813900 0.00688300
v 0.01356200 -0.00813900 0.00611700
v 0.01356200 -0.00764600 0.00552900
v 0.01356200 -0.00689100 0.00539600
v 0.01356200 -0.00152700 0.00577900
v 0.01356200 -0.00126500 0.00650000
v 0.01356200 -0.00152700 0.00722100
v 0.01356200 -0.00219100 0.00760400
v 0.01356200 -0.00294600 0.00747100
v 0.01356200 -0.00343900 0.00688300
v 0.01356200 -0.00343900 0.00611700
v 0.01356200 -0.00294600 0.00552900
v 0.01356200 -0.00219100 0.00539600
v 0.01356200 0.00317300 0.00577900
v 0.01356200 0.00343500 0.00650000
v 0.01356200 0.00317300 0.00722100
v 0.01356200 0.00250900 0.00760400
v 0.01356200 0.00175400 0.00747100
v 0.01356200 0.00126100 0.00688300
v 0.01356200 0.00126100 0.00611700
v 0.01356200 0.00175400 0.00552900
v 0.01356200 0.00250900 0.00539600
v 0.01356200 0.00787300 0.00577900
v 0.01356200 0.00813500 0.00650000
v 0.01356200 0.00787300 0.00722100
v 0.01356200 0.00720900 0.00760400
v 0.01356200 0.00645400 0.00747100
v 0.01356200 0.00596100 0.00688300
v 0.01356200 0.00596100 0.00611700
v 0.01356200 0.00645400 0.00552900
v 0.01356200 0.00720900 0.00539600
v 0.01356200 0.00787300 0.01047900
v 0.01356200 0.00813500 0.01120000
v 0.01356200 0.00787300 0.01192100
v 0.01356200 0.00720900 0.01230400
v 0.01356200 0.00645400 0.01217100
v 0.01356200 0.00596100 0.01158300
v 0.01356200 0.00596100 0.01081700
v 0.01356200 0.00645400 0.01022900
v 0.01356200 0.00720900 0.01009600
v 0.01356200 0.00317300 0.01047900
v 0.01356200 0.00343500 0.01120000
v 0.01356200 0.00317300 0.01192100
v 0.01356200 0.00250900 0.01230400
v 0.01356200 0.00175400 0.01217100
v 0.01356200 0.00126100 0.01158300
v 0.01356200 0.00126100 0.01081700
v 0.01356200 0.00175400 0.01022900
v 0.01356200 0.00250900 0.01009600
v 0.01356200 -0.00152700 0.01047900
v 0.01356200 -0.00126500 0.01120000
v 0.01356200 -0.00152700 0.01192100
v 0.01356200 -0.00219100 0.01230400
v 0.01356200 -0.00294600 0.01217100
v 0.01356200 -0.00343900 0.01158300
v 0.01356200 -0.00343900 0.01081700
v 0.01356200 -0.00294600 0.01022900
v 0.01356200 -0.00219100 0.01009600
v 0.01356200 -0.00622700 0.01047900
v 0.01356200 -0.00596500 0.01120000
v 0.01356200 -0.00622700 0.01192100
v 0.01356200 -0.00689100 0.01230400
v 0.01356200 -0.00764600 0.01217100
v 0.01356200 -0.00813900 0.01158300
v 0.01356200 -0.00813900 0.01081700
v 0.01356200 -0.00764600 0.01022900
v 0.01356200 -0.00689100 0.01009600
v 0.01356200 -0.00622700 0.01517900
v 0.01356200 -0.00596500 0.01590000
v 0.01356200 -0.00622700 0.01662100
v 0.01356200 -0.00689100 0.01700400
v 0.01356200 -0.00764600 0.01687100
v 0.01356200 -0.00813900 0.01628300
v 0.01356200 -0.00813900 0.01551700
v 0.01356200 -0.00764600 0.01492900
v 0.01356200 -0.00689100 0.01479600
v 0.01356200 -0.00152700 0.01517900
v 0.01356200 -0.00126500 0.01590000
v 0.01356200 -0.00152700 0.01662100
v 0.01356200 -0.00219100 0.01700400
v 0.01356200 -0.00294600 0.01687100
v 0.01356200 -0.00343900 0.01628300
v 0.01356200 -0.00343900 0.01551700
v 0.01356200 -0.00294600 0.01492900
v 0.01356200 -0.00219100 0.01479600
v 0.01356200 0.00317300 0.01517900
v 0.01356200 0.00343500 0.01590000
v 0.01356200 0.00317300 0.01662100
v 0.01356200 0.00250900 0.01700400
v 0.01356200 0.00175400 0.01687100
v 0.01356200 0.00126100 0.01628300
v 0.01356200 0.00126100 0.01551700
v 0.01356200 0.00175400 0.01492900
v 0.01356200 0.00250900 0.01479600
v 0.01406200 0.00777300 0.01640700
v 0.01406200 0.00792700 0.01590000
v 0.01406200 0.00785800 0.01555100
v 0.01406200 0.00766000 0.01525400
v 0.01406200 0.00736300 0.01505600
v 0.01406200 0.00701400 0.01498700
v 0.01406200 0.00650700 0.01514100
v 0.01406200 0.00617000 0.01555100
v 0.01406200 0.00611900 0.01607800
v 0.01406200 0.00636800 0.01654600
v 0.01406200 0.00683600 0.01679600
v 0.01406200 0.00736300 0.01674400
v 0.01406200 0.00777300 0.00230700
v 0.01406200 0.00792700 0.00180000
v 0.01406200 0.00785800 0.00145100
v 0.01406200 0.00766000 0.00115400
v 0.01406200 0.00736300 0.00095600
v 0.01406200 0.00701400 0.00088700
v 0.01406200 0.00650700 0.00104100
v 0.01406200 0.00617000 0.00145100
v 0.01406200 0.00611900 0.00197800
v 0.01406200 0.00636800 0.00244600
v 0.01406200 0.00683600 0.00269500
v 0.01406200 0.00736300 0.00264400
v 0.01406200 0.00307300 0.00230700
v 0.01406200 0.00322700 0.00180000
v 0.01406200 0.00315800 0.00145100
v 0.01406200 0.00296000 0.00115400
v 0.01406200 0.00266300 0.00095600
v 0.01406200 0.00231400 0.00088700
v 0.01406200 0.00180700 0.00104100
v 0.01406200 0.00147000 0.00145100
v 0.01406200 0.00141900 0.00197800
v 0.01406200 0.00166800 0.00244600
v 0.01406200 0.00213600 0.00269500
v 0.01406200 0.00266300 0.00264400
v 0.01406200 -0.00162700 0.00230700
v 0.01406200 -0.00147300 0.00180000
v 0.01406200 -0.00154200 0.00145100
v 0.01406200 -0.00174000 0.00115400
v 0.01406200 -0.00203700 0.00095600
v 0.01406200 -0.00238600 0.00088700
v 0.01406200 -0.00289300 0.00104100
v 0.01406200 -0.00323000 0.00145100
v 0.01406200 -0.00328100 0.00197800
v 0.01406200 -0.00303200 0.00244600
v 0.01406200 -0.00256400 0.00269500
v 0.01406200 -0.00203700 0.00264400
v 0.01406200 -0.00632700 0.00230700
v 0.01406200 -0.00617300 0.00180000
v 0.01406200 -0.00624200 0.00145100
v 0.01406200 -0.00644000 0.00115400
v 0.01406200 -0.00673700 0.00095600
v 0.01406200 -0.00708600 0.00088700
v 0.01406200 -0.00759300 0.00104100
v 0.01406200 -0.00793000 0.00145100
v 0.01406200 -0.00798100 0.00197800
v 0.01406200 -0.00773200 0.00244600
v 0.01406200 -0.00726400 0.00269500
v 0.01406200 -0.00673700 0.00264400
v 0.01406200 -0.00632700 0.00700700
v 0.01406200 -0.00617300 0.00650000
v 0.01406200 -0.00624200 0.00615100
v 0.01406200 -0.00644000 0.00585400
v 0.01406200 -0.00673700 0.00565600
v 0.01406200 -0.00708600 0.00558700
v 0.01406200 -0.00759300 0.00574100
v 0.01406200 -0.00793000 0.00615100
v 0.01406200 -0.00798100 0.00667800
v 0.01406200 -0.00773200 0.00714600
v 0.01406200 -0.00726400 0.00739500
v 0.01406200 -0.00673700 0.00734400
v 0.01406200 -0.00162700 0.00700700
v 0.01406200 -0.00147300 0.00650000
v 0.01406200 -0.00154200 0.00615100
v 0.01406200 -0.00174000 0.00585400
v 0.01406200 -0.00203700 0.00565600
v 0.01406200 -0.00238600 0.00558700
v 0.01406200 -0.00289300 0.00574100
v 0.01406200 -0.00323000 0.00615100
v 0.01406200 -0.00328100 0.00667800
v 0.01406200 -0.00303200 0.00714600
v 0.01406200 -0.00256400 0.00739500
v 0.01406200 -0.00203700 0.00734400
v 0.01406200 0.00307300 0.00700700
v 0.01406200 0.00322700 0.00650000
v 0.01406200 0.00315800 0.00615100
v 0.01406200 0.00296000 0.00585400
v 0.01406200 0.00266300 0.00565600
v 0.01406200 0.00231400 0.00558700
v 0.01406200 0.00180700 0.00574100
v 0.01406200 0.00147000 0.00615100
v 0.01406200 0.00141900 0.00667800
v 0.01406200 0.00166800 0.00714600
v 0.01406200 0.00213600 0.00739500
v 0.01406200 0.00266300 0.00734400
v 0.01406200 0.00777300 0.00700700
v 0.01406200 0.00792700 0.00650000
v 0.01406200 0.00785800 0.00615100
v 0.01406200 0.00766000 0.00585400
v 0.01406200 0.00736300 0.00565600
v 0.01406200 0.00701400 0.00558700
v 0.01406200 0.00650700 0.00574100
v 0.01406200 0.00617000 0.00615100
v 0.01406200 0.00611900 0.00667800
v 0.01406200 0.00636800 0.00714600
v 0.01406200 0.00683600 0.00739500
v 0.01406200 0.00736300 0.00734400
v 0.01406200 0.00777300 0.01170700
v 0.01406200 0.00792700 0.01120000
v 0.01406200 0.00785800 0.01085100
v 0.01406200 0.00766000 0.01055400
v 0.01406200 0.00736300 0.01035600
v 0.01406200 0.00701400 0.01028700
v 0.01406200 0.00650700 0.01044100
v 0.01406200 0.00617000 0.01085100
v 0.01406200 0.00611900 0.01137800
v 0.01406200 0.00636800 0.01184600
v 0.01406200 0.00683600 0.01209600
v 0.01406200 0.00736300 0.01204400
v 0.01406200 0.00307300 0.01170700
v 0.01406200 0.00322700 0.01120000
v 0.01406200 0.00315800 0.01085100
v 0.01406200 0.00296000 0.01055400
v 0.01406200 0.00266300 0.01035600
v 0.01406200 0.00231400 0.01028700
v 0.01406200 0.00180700 0.01044100
v 0.01406200 0.00147000 0.01085100
v 0.01406200 0.00141900 0.01137800
v 0.01406200 0.00166800 0.01184600
v 0.01406200 0.00213600 0.01209600
v 0.01406200 0.00266300 0.01204400
v 0.01406200 -0.00162700 0.01170700
v 0.01406200 -0.00147300 0.01120000
v 0.01406200 -0.00154200 0.01085100
v 0.01406200 -0.00174000 0.01055400
v 0.01406200 -0.00203700 0.01035600
v 0.01406200 -0.00238600 0.01028700
v 0.01406200 -0.00289300 0.01044100
v 0.01406200 -0.00323000 0.01085100
v 0.01406200 -0.00328100 0.01137800
v 0.01406200 -0.00303200 0.01184600
v 0.01406200 -0.00256400 0.01209600
v 0.01406200 -0.00203700 0.01204400
v 0.01406200 -0.00632700 0.01170700
v 0.01406200 -0.00617300 0.01120000
v 0.01406200 -0.00624200 0.01085100
v 0.01406200 -0.00644000 0.01055400
v 0.01406200 -0.00673700 0.01035600
v 0.01406200 -0.00708600 0.01028700
v 0.01406200 -0.00759300 0.01044100
v 0.01406200 -0.00793000 0.01085100
v 0.01406200 -0.00798100 0.01137800
v 0.01406200 -0.00773200 0.01184600
v 0.01406200 -0.00726400 0.01209600
v 0.01406200 -0.00673700 0.01204400
v 0.01406200 -0.00632700 0.01640700
v 0.01406200 -0.00617300 0.01590000
v 0.01406200 -0.00624200 0.01555100
v 0.01406200 -0.00644000 0.01525400
v 0.01406200 -0.00673700 0.01505600
v 0.01406200 -0.00708600 0.01498700
v 0.01406200 -0.00759300 0.01514100
v 0.01406200 -0.00793000 0.01555100
v 0.01406200 -0.00798100 0.01607800
v 0.01406200 -0.00773200 0.01654600
v 0.01406200 -0.00726400 0.01679600
v 0.01406200 -0.00673700 0.01674400
v 0.01406200 -0.00162700 0.01640700
v 0.01406200 -0.00147300 0.01590000
v 0.01406200 -0.00154200 0.01555100
v 0.01406200 -0.00174000 0.01525400
v 0.01406200 -0.00203700 0.01505600
v 0.01406200 -0.00238600 0.01498700
v 0.01406200 -0.00289300 0.01514100
v 0.01406200 -0.00323000 0.01555100
v 0.01406200 -0.00328100 0.01607800
v 0.01406200 -0.00303200 0.01654600
v 0.01406200 -0.00256400 0.01679600
v 0.01406200 -0.00203700 0.01674400
v 0.01406200 0.00307300 0.01640700
v 0.01406200 0.00322700 0.01590000
v 0.01406200 0.00315800 0.01555100
v 0.01406200 0.00296000 0.01525400
v 0.01406200 0.00266300 0.01505600
v 0.01406200 0.00231400 0.01498700
v 0.01406200 0.00180700 0.01514100
v 0.01406200 0.00147000 0.01555100
v 0.01406200 0.00141900 0.01607800
v 0.01406200 0.00166800 0.01654600
v 0.01406200 0.00213600 0.01679600
v 0.01406200 0.00266300 0.01674400
v 0.01306200 0.00653200 0.01532600
v 0.01406200 0.00659700 0.01527600
v 0.01306200 0.00701400 0.01515000
v 0.01406200 0.00701400 0.01515000
v 0.01406200 0.00730100 0.01520700
v 0.01406200 0.00632100 0.01561300
v 0.01306200 0.00627500 0.01577000
v 0.01406200 0.00627800 0.01604600
v 0.01306200 0.00636400 0.01627500
v 0.01406200 0.00648400 0.01643000
v 0.01306200 0.00675700 0.01660500
v 0.01406200 0.00686800 0.01663600
v 0.01306200 0.00727100 0.01660500
v 0.01406200 0.00730100 0.01659300
v 0.01406200 0.00763800 0.01631700
v 0.01306200 0.00766400 0.01627500
v 0.01406200 0.00776400 0.01590000
v 0.01306200 0.00775300 0.01577000
v 0.01406200 0.00770700 0.01561300
v 0.01306200 0.00749600 0.01532600
v 0.01406200 0.00754400 0.01537000
v 0.01306200 0.00653200 0.00122500
v 0.01406200 0.00659700 0.00117600
v 0.01306200 0.00701400 0.00105000
v 0.01406200 0.00701400 0.00105000
v 0.01406200 0.00730100 0.00110700
v 0.01406200 0.00632100 0.00151300
v 0.01306200 0.00627500 0.00167000
v 0.01406200 0.00627800 0.00194600
v 0.01306200 0.00636400 0.00217500
v 0.01406200 0.00648400 0.00233000
v 0.01306200 0.00675700 0.00250500
v 0.01406200 0.00686800 0.00253600
v 0.01306200 0.00727100 0.00250500
v 0.01406200 0.00730100 0.00249300
v 0.01406200 0.00763800 0.00221700
v 0.01306200 0.00766400 0.00217500
v 0.01406200 0.00776400 0.00180000
v 0.01306200 0.00775300 0.00167000
v 0.01406200 0.00770700 0.00151300
v 0.01306200 0.00749600 0.00122500
v 0.01406200 0.00754400 0.00127000
v 0.01306200 0.00183200 0.00122500
v 0.01406200 0.00189700 0.00117600
v 0.01306200 0.00231400 0.00105000
v 0.01406200 0.00231400 0.00105000
v 0.01406200 0.00260100 0.00110700
v 0.01406200 0.00162100 0.00151300
v 0.01306200 0.00157500 0.00167000
v 0.01406200 0.00157800 0.00194600
v 0.01306200 0.00166400 0.00217500
v 0.01406200 0.00178400 0.00233000
v 0.01306200 0.00205700 0.00250500
v 0.01406200 0.00216800 0.00253600
v 0.01306200 0.00257100 0.00250500
v 0.01406200 0.00260100 0.00249300
v 0.01406200 0.00293800 0.00221700
v 0.01306200 0.00296400 0.00217500
v 0.01406200 0.00306400 0.00180000
v 0.01306200 0.00305300 0.00167000
v 0.01406200 0.00300700 0.00151300
v 0.01306200 0.00279600 0.00122500
v 0.01406200 0.00284400 0.00127000
v 0.01306200 -0.00286800 0.00122500
v 0.01406200 -0.00280300 0.00117600
v 0.01306200 -0.00238600 0.00105000
v 0.01406200 -0.00238600 0.00105000
v 0.01406200 -0.00209900 0.00110700
v 0.01406200 -0.00307900 0.00151300
v 0.01306200 -0.00312500 0.00167000
v 0.01406200 -0.00312200 0.00194600
v 0.01306200 -0.00303600 0.00217500
v 0.01406200 -0.00291600 0.00233000
v 0.01306200 -0.00264300 0.00250500
v 0.01406200 -0.00253200 0.00253600
v 0.01306200 -0.00212900 0.00250500
v 0.01406200 -0.00209900 0.00249300
v 0.01406200 -0.00176200 0.00221700
v 0.01306200 -0.00173600 0.00217500
v 0.01406200 -0.00163600 0.00180000
v 0.01306200 -0.00164700 0.00167000
v 0.01406200 -0.00169300 0.00151300
v 0.01306200 -0.00190400 0.00122500
v 0.01406200 -0.00185600 0.00127000
v 0.01306200 -0.00756800 0.00122500
v 0.01406200 -0.00750300 0.00117600
v 0.01306200 -0.00708600 0.00105000
v 0.01406200 -0.00708600 0.00105000
v 0.01406200 -0.00679900 0.00110700
v 0.01406200 -0.00777900 0.00151300
v 0.01306200 -0.00782500 0.00167000
v 0.01406200 -0.00782200 0.00194600
v 0.01306200 -0.00773600 0.00217500
v 0.01406200 -0.00761600 0.00233000
v 0.01306200 -0.00734300 0.00250500
v 0.01406200 -0.00723200 0.00253600
v 0.01306200 -0.00682900 0.00250500
v 0.01406200 -0.00679900 0.00249300
v 0.01406200 -0.00646200 0.00221700
v 0.01306200 -0.00643600 0.00217500
v 0.01406200 -0.00633600 0.00180000
v 0.01306200 -0.00634700 0.00167000
v 0.01406200 -0.00639300 0.00151300
v 0.01306200 -0.00660400 0.00122500
v 0.01406200 -0.00655600 0.00127000
v 0.01306200 -0.00756800 0.00592500
v 0.01406200 -0.00750300 0.00587600
v 0.01306200 -0.00708600 0.00575000
v 0.01406200 -0.00708600 0.00575000
v 0.01406200 -0.00679900 0.00580700
v 0.01406200 -0.00777900 0.00621300
v 0.01306200 -0.00782500 0.00637000
v 0.01406200 -0.00782200 0.00664600
v 0.01306200 -0.00773600 0.00687500
v 0.01406200 -0.00761600 0.00703000
v 0.01306200 -0.00734300 0.00720500
v 0.01406200 -0.00723200 0.00723600
v 0.01306200 -0.00682900 0.00720500
v 0.01406200 -0.00679900 0.00719300
v 0.01406200 -0.00646200 0.00691700
v 0.01306200 -0.00643600 0.00687500
v 0.01406200 -0.00633600 0.00650000
v 0.01306200 -0.00634700 0.00637000
v 0.01406200 -0.00639300 0.00621300
v 0.01306200 -0.00660400 0.00592500
v 0.01406200 -0.00655600 0.00597000
v 0.01306200 -0.00286800 0.00592500
v 0.01406200 -0.00280300 0.00587600
v 0.01306200 -0.00238600 0.00575000
v 0.01406200 -0.00238600 0.00575000
v 0.01406200 -0.00209900 0.00580700
v 0.01406200 -0.00307900 0.00621300
v 0.01306200 -0.00312500 0.00637000
v 0.01406200 -0.00312200 0.00664600
v 0.01306200 -0.00303600 0.00687500
v 0.01406200 -0.00291600 0.00703000
v 0.01306200 -0.00264300 0.00720500
v 0.01406200 -0.00253200 0.00723600
v 0.01306200 -0.00212900 0.00720500
v 0.01406200 -0.00209900 0.00719300
v 0.01406200 -0.00176200 0.00691700
v 0.01306200 -0.00173600 0.00687500
v 0.01406200 -0.00163600 0.00650000
v 0.01306200 -0.00164700 0.00637000
v 0.01406200 -0.00169300 0.00621300
v 0.01306200 -0.00190400 0.00592500
v 0.01406200 -0.00185600 0.00597000
v 0.01306200 0.00183200 0.00592500
v 0.01406200 0.00189700 0.00587600
v 0.01306200 0.00231400 0.00575000
v 0.01406200 0.00231400 0.00575000
v 0.01406200 0.00260100 0.00580700
v 0.01406200 0.00162100 0.00621300
v 0.01306200 0.00157500 0.00637000
v 0.01406200 0.00157800 0.00664600
v 0.01306200 0.00166400 0.00687500
v 0.01406200 0.00178400 0.00703000
v 0.01306200 0.00205700 0.00720500
v 0.01406200 0.00216800 0.00723600
v 0.01306200 0.00257100 0.00720500
v 0.01406200 0.00260100 0.00719300
v 0.01406200 0.00293800 0.00691700
v 0.01306200 0.00296400 0.00687500
v 0.01406200 0.00306400 0.00650000
v 0.01306200 0.00305300 0.00637000
v 0.01406200 0.00300700 0.00621300
v 0.01306200 0.00279600 0.00592500
v 0.01406200 0.00284400 0.00597000
v 0.01306200 0.00653200 0.00592500
v 0.01406200 0.00659700 0.00587600
v 0.01306200 0.00701400 0.00575000
v 0.01406200 0.00701400 0.00575000
v 0.01406200 0.00730100 0.00580700
v 0.01406200 0.00632100 0.00621300
v 0.01306200 0.00627500 0.00637000
v 0.01406200 0.00627800 0.00664600
v 0.01306200 0.00636400 0.00687500
v 0.01406200 0.00648400 0.00703000
v 0.01306200 0.00675700 0.00720500
v 0.01406200 0.00686800 0.00723600
v 0.01306200 0.00727100 0.00720500
v 0.01406200 0.00730100 0.00719300
v 0.01406200 0.00763800 0.00691700
v 0.01306200 0.00766400 0.00687500
v 0.01406200 0.00776400 0.00650000
v 0.01306200 0.00775300 0.00637000
v 0.01406200 0.00770700 0.00621300
v 0.01306200 0.00749600 0.00592500
v 0.01406200 0.00754400 0.00597000
v 0.01306200 0.00653200 0.01062600
v 0.01406200 0.00659700 0.01057600
v 0.01306200 0.00701400 0.01045000
v 0.01406200 0.00701400 0.01045000
v 0.01406200 0.00730100 0.01050700
v 0.01406200 0.00632100 0.01091300
v 0.01306200 0.00627500 0.01107000
v 0.01406200 0.00627800 0.01134600
v 0.01306200 0.00636400 0.01157500
v 0.01406200 0.00648400 0.01173000
v 0.01306200 0.00675700 0.01190500
v 0.01406200 0.00686800 0.01193600
v 0.01306200 0.00727100 0.01190500
v 0.01406200 0.00730100 0.01189300
v 0.01406200 0.00763800 0.01161700
v 0.01306200 0.00766400 0.01157500
v 0.01406200 0.00776400 0.01120000
v 0.01306200 0.00775300 0.01107000
v 0.01406200 0.00770700 0.01091300
v 0.01306200 0.00749600 0.01062600
v 0.01406200 0.00754400 0.01067000
v 0.01306200 0.00183200 0.01062600
v 0.01406200 0.00189700 0.01057600
v 0.01306200 0.00231400 0.01045000
v 0.01406200 0.00231400 0.01045000
v 0.01406200 0.00260100 0.01050700
v 0.01406200 0.00162100 0.01091300
v 0.01306200 0.00157500 0.01107000
v 0.01406200 0.00157800 0.01134600
v 0.01306200 0.00166400 0.01157500
v 0.01406200 0.00178400 0.01173000
v 0.01306200 0.00205700 0.01190500
v 0.01406200 0.00216800 0.01193600
v 0.01306200 0.00257100 0.01190500
v 0.01406200 0.00260100 0.01189300
v 0.01406200 0.00293800 0.01161700
v 0.01306200 0.00296400 0.01157500
v 0.01406200 0.00306400 0.01120000
v 0.01306200 0.00305300 0.01107000
v 0.01406200 0.00300700 0.01091300
v 0.01306200 0.00279600 0.01062600
v 0.01406200 0.00284400 0.01067000
v 0.01306200 -0.00286800 0.01062600
v 0.01406200 -0.00280300 0.01057600
v 0.01306200 -0.00238600 0.01045000
v 0.01406200 -0.00238600 0.01045000
v 0.01406200 -0.00209900 0.01050700
v 0.01406200 -0.00307900 0.01091300
v 0.01306200 -0.00312500 0.01107000
v 0.01406200 -0.00312200 0.01134600
v 0.01306200 -0.00303600 0.01157500
v 0.01406200 -0.00291600 0.01173000
v 0.01306200 -0.00264300 0.01190500
v 0.01406200 -0.00253200 0.01193600
v 0.01306200 -0.00212900 0.01190500
v 0.01406200 -0.00209900 0.01189300
v 0.01406200 -0.00176200 0.01161700
v 0.01306200 -0.00173600 0.01157500
v 0.01406200 -0.00163600 0.01120000
v 0.01306200 -0.00164700 0.01107000
v 0.01406200 -0.00169300 0.01091300
v 0.01306200 -0.00190400 0.01062600
v 0.01406200 -0.00185600 0.01067000
v 0.01306200 -0.00756800 0.01062600
v 0.01406200 -0.00750300 0.01057600
v 0.01306200 -0.00708600 0.01045000
v 0.01406200 -0.00708600 0.01045000
v 0.01406200 -0.00679900 0.01050700
v 0.01406200 -0.00777900 0.01091300
v 0.01306200 -0.00782500 0.01107000
v 0.01406200 -0.00782200 0.01134600
v 0.01306200 -0.00773600 0.01157500
v 0.01406200 -0.00761600 0.01173000
v 0.01306200 -0.00734300 0.01190500
v 0.01406200 -0.00723200 0.01193600
v 0.01306200 -0.00682900 0.01190500
v 0.01406200 -0.00679900 0.01189300
v 0.01406200 -0.00646200 0.01161700
v 0.01306200 -0.00643600 0.01157500
v 0.01406200 -0.00633600 0.01120000
v 0.01306200 -0.00634700 0.01107000
v 0.01406200 -0.00639300 0.01091300
v 0.01306200 -0.00660400 0.01062600
v 0.01406200 -0.00655600 0.01067000
v 0.01306200 -0.00756800 0.01532600
v 0.01406200 -0.00750300 0.01527600
v 0.01306200 -0.00708600 0.01515000
v 0.01406200 -0.00708600 0.01515000
v 0.01406200 -0.00679900 0.01520700
v 0.01406200 -0.00777900 0.01561300
v 0.01306200 -0.00782500 0.01577000
v 0.01406200 -0.00782200 0.01604600
v 0.01306200 -0.00773600 0.01627500
v 0.01406200 -0.00761600 0.01643000
v 0.01306200 -0.00734300 0.01660500
v 0.01406200 -0.00723200 0.01663600
v 0.01306200 -0.00682900 0.01660500
v 0.01406200 -0.00679900 0.01659300
v 0.01406200 -0.00646200 0.01631700
v 0.01306200 -0.00643600 0.01627500
v 0.01406200 -0.00633600 0.01590000
v 0.01306200 -0.00634700 0.01577000
v 0.01406200 -0.00639300 0.01561300
v 0.01306200 -0.00660400 0.01532600
v 0.01406200 -0.00655600 0.01537000
v 0.01306200 -0.00286800 0.01532600
v 0.01406200 -0.00280300 0.01527600
v 0.01306200 -0.00238600 0.01515000
v 0.01406200 -0.00238600 0.01515000
v 0.01406200 -0.00209900 0.01520700
v 0.01406200 -0.00307900 0.01561300
v 0.01306200 -0.00312500 0.01577000
v 0.01406200 -0.00312200 0.01604600
v 0.01306200 -0.00303600 0.01627500
v 0.01406200 -0.00291600 0.01643000
v 0.01306200 -0.00264300 0.01660500
v 0.01406200 -0.00253200 0.01663600
v 0.01306200 -0.00212900 0.01660500
v 0.01406200 -0.00209900 0.01659300
v 0.01406200 -0.00176200 0.01631700
v 0.01306200 -0.00173600 0.01627500
v 0.01406200 -0.00163600 0.01590000
v 0.01306200 -0.00164700 0.01577000
v 0.01406200 -0.00169300 0.01561300
v 0.01306200 -0.00190400 0.01532600
v 0.01406200 -0.00185600 0.01537000
v 0.01306200 0.00183200 0.01532600
v 0.01406200 0.00189700 0.01527600
v 0.01306200 0.00231400 0.01515000
v 0.01406200 0.00231400 0.01515000
v 0.01406200 0.00260100 0.01520700
v 0.01406200 0.00162100 0.01561300
v 0.01306200 0.00157500 0.01577000
v 0.01406200 0.00157800 0.01604600
v 0.01306200 0.00166400 0.01627500
v 0.01406200 0.00178400 0.01643000
v 0.01306200 0.00205700 0.01660500
v 0.01406200 0.00216800 0.01663600
v 0.01306200 0.00257100 0.01660500
v 0.01406200 0.00260100 0.01659300
v 0.01406200 0.00293800 0.01631700
v 0.01306200 0.00296400 0.01627500
v 0.01406200 0.00306400 0.01590000
v 0.01306200 0.00305300 0.01577000
v 0.01406200 0.00300700 0.01561300
v 0.01306200 0.00279600 0.01532600
v 0.01406200 0.00284400 0.01537000
v 0.01206200 0.00991000 -0.00390000
v 0.01206200 0.00541400 -0.00390000
v 0.01206200 0.00491400 -0.00340000
v 0.01206200 0.00516400 -0.00383300
v 0.01206200 0.01016000 -0.00383300
v 0.01206200 0.01041000 -0.00340000
v 0.01206200 0.01041000 0.01960000
v 0.01206200 0.01016000 0.02003300
v 0.01206200 0.00991000 0.02010000
v 0.01206200 -0.01039000 0.02010000
v 0.01206200 -0.01064000 0.02003300
v 0.01206200 -0.01089000 0.01960000
v 0.01206200 -0.01089000 -0.00340000
v 0.01206200 -0.01064000 -0.00383300
v 0.01206200 -0.01039000 -0.00390000
v 0.01206200 -0.00908600 -0.00390000
v 0.01206200 -0.00858600 -0.00340000
v 0.01206200 -0.00883600 -0.00383300
v 0.01206200 -0.00858600 -0.00080000
v 0.01206200 0.00491400 -0.00080000
v 0.01056200 0.01041000 -0.00340000
v 0.01056200 0.01041000 0.01960000
v 0.01056200 0.01016000 -0.00383300
v 0.01056200 0.00991000 -0.00390000
v 0.01056200 0.00541400 -0.00390000
v 0.01056200 0.00491400 -0.00080000
v 0.01056200 0.00491400 -0.00340000
v 0.01056200 0.00516400 -0.00383300
v 0.01056200 -0.00858600 -0.00080000
v 0.01056200 -0.00858600 -0.00340000
v 0.01056200 -0.01089000 -0.00340000
v 0.01056200 -0.00883600 -0.00383300
v 0.01056200 -0.00908600 -0.00390000
v 0.01056200 -0.01039000 -0.00390000
v 0.01056200 -0.01064000 -0.00383300
v 0.01056200 -0.01089000 0.01960000
v 0.01056200 -0.01064000 0.02003300
v 0.01056200 -0.01039000 0.02010000
v 0.01056200 0.00991000 0.02010000
v 0.01056200 0.01016000 0.02003300
v 0.01056200 0.01034300 -0.00365000
v 0.01206200 0.01034300 -0.00365000
v 0.01056200 -0.01082300 -0.00365000
v 0.01206200 -0.01082300 -0.00365000
v 0.01206200 -0.00865300 -0.00365000
v 0.01056200 -0.00865300 -0.00365000
v 0.01206200 0.00498100 -0.00365000
v 0.01056200 0.00498100 -0.00365000
v 0.01056200 -0.01082300 0.01985000
v 0.01206200 -0.01082300 0.01985000
v 0.01206200 0.01034300 0.01985000
v 0.01056200 0.01034300 0.01985000
v 0.01326200 -0.00781300 0.00004500
v 0.01326200 -0.00708600 -0.00010000
v 0.01436200 -0.00708600 -0.00010000
v 0.01326200 -0.00635900 0.00004500
v 0.01436200 -0.00586500 0.00034500
v 0.01326200 -0.00574200 0.00045600
v 0.01326200 -0.00533100 0.00107300
v 0.01436200 -0.00521500 0.00147000
v 0.01326200 -0.00518600 0.00180000
v 0.01436200 -0.00544100 0.00275000
v 0.01326200 -0.00533100 0.00252700
v 0.01326200 -0.00574200 0.00314400
v 0.01436200 -0.00643600 0.00358500
v 0.01326200 -0.00635900 0.00355500
v 0.01326200 -0.00708600 0.00370000
v 0.01436200 -0.00773600 0.00358500
v 0.01326200 -0.00781300 0.00355500
v 0.01326200 -0.00843000 0.00314400
v 0.01436200 -0.00873100 0.00275000
v 0.01326200 -0.00884100 0.00252700
v 0.01326200 -0.00898600 0.00180000
v 0.01436200 -0.00895700 0.00147000
v 0.01326200 -0.00884100 0.00107300
v 0.01436200 -0.00830700 0.00034500
v 0.01326200 -0.00843000 0.00045600
v 0.01326200 0.00158200 0.00003300
v 0.01326200 0.00231400 -0.00011300
v 0.01436200 0.00231400 -0.00011300
v 0.01326200 0.00304600 0.00003300
v 0.01436200 0.00354400 0.00033500
v 0.01326200 0.00366700 0.00044700
v 0.01326200 0.00408100 0.00106800
v 0.01436200 0.00419800 0.00146800
v 0.01326200 0.00422700 0.00180000
v 0.01436200 0.00397100 0.00275600
v 0.01326200 0.00408100 0.00253200
v 0.01326200 0.00366700 0.00315300
v 0.01436200 0.00296800 0.00359800
v 0.01326200 0.00304600 0.00356700
v 0.01326200 0.00231400 0.00371300
v 0.01436200 0.00166000 0.00359800
v 0.01326200 0.00158200 0.00356700
v 0.01326200 0.00096100 0.00315300
v 0.01436200 0.00065700 0.00275600
v 0.01326200 0.00054700 0.00253200
v 0.01326200 0.00040100 0.00180000
v 0.01436200 0.00043000 0.00146800
v 0.01326200 0.00054700 0.00106800
v 0.01436200 0.00108400 0.00033500
v 0.01326200 0.00096100 0.00044700
v 0.01326200 0.00628200 0.00473300
v 0.01326200 0.00701400 0.00458700
v 0.01436200 0.00701400 0.00458700
v 0.01326200 0.00774600 0.00473300
v 0.01436200 0.00824400 0.00503500
v 0.01326200 0.00836700 0.00514700
v 0.01326200 0.00878100 0.00576800
v 0.01436200 0.00889800 0.00616800
v 0.01326200 0.00892700 0.00650000
v 0.01436200 0.00867100 0.00745600
v 0.01326200 0.00878100 0.00723200
v 0.01326200 0.00836700 0.00785300
v 0.01436200 0.00766800 0.00829800
v 0.01326200 0.00774600 0.00826700
v 0.01326200 0.00701400 0.00841300
v 0.01436200 0.00636000 0.00829800
v 0.01326200 0.00628200 0.00826700
v 0.01326200 0.00566100 0.00785300
v 0.01436200 0.00535700 0.00745600
v 0.01326200 0.00524700 0.00723200
v 0.01326200 0.00510100 0.00650000
v 0.01436200 0.00513000 0.00616800
v 0.01326200 0.00524700 0.00576800
v 0.01436200 0.00578400 0.00503500
v 0.01326200 0.00566100 0.00514700
v 0.01326200 -0.00311800 0.00473300
v 0.01326200 -0.00238600 0.00458700
v 0.01436200 -0.00238600 0.00458700
v 0.01326200 -0.00165400 0.00473300
v 0.01436200 -0.00115600 0.00503500
v 0.01326200 -0.00103300 0.00514700
v 0.01326200 -0.00061900 0.00576800
v 0.01436200 -0.00050200 0.00616800
v 0.01326200 -0.00047300 0.00650000
v 0.01436200 -0.00072900 0.00745600
v 0.01326200 -0.00061900 0.00723200
v 0.01326200 -0.00103300 0.00785300
v 0.01436200 -0.00173200 0.00829800
v 0.01326200 -0.00165400 0.00826700
v 0.01326200 -0.00238600 0.00841300
v 0.01436200 -0.00304000 0.00829800
v 0.01326200 -0.00311800 0.00826700
v 0.01326200 -0.00373900 0.00785300
v 0.01436200 -0.00404300 0.00745600
v 0.01326200 -0.00415300 0.00723200
v 0.01326200 -0.00429900 0.00650000
v 0.01436200 -0.00427000 0.00616800
v 0.01326200 -0.00415300 0.00576800
v 0.01436200 -0.00361600 0.00503500
v 0.01326200 -0.00373900 0.00514700
v 0.01326200 0.00628200 0.00943300
v 0.01326200 0.00701400 0.00928700
v 0.01436200 0.00701400 0.00928700
v 0.01326200 0.00774600 0.00943300
v 0.01436200 0.00824400 0.00973500
v 0.01326200 0.00836700 0.00984700
v 0.01326200 0.00878100 0.01046800
v 0.01436200 0.00889800 0.01086800
v 0.01326200 0.00892700 0.01120000
v 0.01436200 0.00867100 0.01215600
v 0.01326200 0.00878100 0.01193200
v 0.01326200 0.00836700 0.01255300
v 0.01436200 0.00766800 0.01299800
v 0.01326200 0.00774600 0.01296700
v 0.01326200 0.00701400 0.01311300
v 0.01436200 0.00636000 0.01299800
v 0.01326200 0.00628200 0.01296700
v 0.01326200 0.00566100 0.01255300
v 0.01436200 0.00535700 0.01215600
v 0.01326200 0.00524700 0.01193200
v 0.01326200 0.00510100 0.01120000
v 0.01436200 0.00513000 0.01086800
v 0.01326200 0.00524700 0.01046800
v 0.01436200 0.00578400 0.00973500
v 0.01326200 0.00566100 0.00984700
v 0.01326200 -0.00311800 0.00943300
v 0.01326200 -0.00238600 0.00928700
v 0.01436200 -0.00238600 0.00928700
v 0.01326200 -0.00165400 0.00943300
v 0.01436200 -0.00115600 0.00973500
v 0.01326200 -0.00103300 0.00984700
v 0.01326200 -0.00061900 0.01046800
v 0.01436200 -0.00050200 0.01086800
v 0.01326200 -0.00047300 0.01120000
v 0.01436200 -0.00072900 0.01215600
v 0.01326200 -0.00061900 0.01193200
v 0.01326200 -0.00103300 0.01255300
v 0.01436200 -0.00173200 0.01299800
v 0.01326200 -0.00165400 0.01296700
v 0.01326200 -0.00238600 0.01311300
v 0.01436200 -0.00304000 0.01299800
v 0.01326200 -0.00311800 0.01296700
v 0.01326200 -0.00373900 0.01255300
v 0.01436200 -0.00404300 0.01215600
v 0.01326200 -0.00415300 0.01193200
v 0.01326200 -0.00429900 0.01120000
v 0.01436200 -0.00427000 0.01086800
v 0.01326200 -0.00415300 0.01046800
v 0.01436200 -0.00361600 0.00973500
v 0.01326200 -0.00373900 0.00984700
v 0.01326200 0.00628200 0.01413300
v 0.01326200 0.00701400 0.01398700
v 0.01436200 0.00701400 0.01398700
v 0.01326200 0.00774600 0.01413300
v 0.01436200 0.00824400 0.01443500
v 0.01326200 0.00836700 0.01454700
v 0.01326200 0.00878100 0.01516800
v 0.01436200 0.00889800 0.01556800
v 0.01326200 0.00892700 0.01590000
v 0.01436200 0.00867100 0.01685600
v 0.01326200 0.00878100 0.01663200
v 0.01326200 0.00836700 0.01725300
v 0.01436200 0.00766800 0.01769800
v 0.01326200 0.00774600 0.01766700
v 0.01326200 0.00701400 0.01781300
v 0.01436200 0.00636000 0.01769800
v 0.01326200 0.00628200 0.01766700
v 0.01326200 0.00566100 0.01725300
v 0.01436200 0.00535700 0.01685600
v 0.01326200 0.00524700 0.01663200
v 0.01326200 0.00510100 0.01590000
v 0.01436200 0.00513000 0.01556800
v 0.01326200 0.00524700 0.01516800
v 0.01436200 0.00578400 0.01443500
v 0.01326200 0.00566100 0.01454700
v 0.01326200 -0.00311800 0.01413300
v 0.01326200 -0.00238600 0.01398700
v 0.01436200 -0.00238600 0.01398700
v 0.01326200 -0.00165400 0.01413300
v 0.01436200 -0.00115600 0.01443500
v 0.01326200 -0.00103300 0.01454700
v 0.01326200 -0.00061900 0.01516800
v 0.01436200 -0.00050200 0.01556800
v 0.01326200 -0.00047300 0.01590000
v 0.01436200 -0.00072900 0.01685600
v 0.01326200 -0.00061900 0.01663200
v 0.01326200 -0.00103300 0.01725300
v 0.01436200 -0.00173200 0.01769800
v 0.01326200 -0.00165400 0.01766700
v 0.01326200 -0.00238600 0.01781300
v 0.01436200 -0.00304000 0.01769800
v 0.01326200 -0.00311800 0.01766700
v 0.01326200 -0.00373900 0.01725300
v 0.01436200 -0.00404300 0.01685600
v 0.01326200 -0.00415300 0.01663200
v 0.01326200 -0.00429900 0.01590000
v 0.01436200 -0.00427000 0.01556800
v 0.01326200 -0.00415300 0.01516800
v 0.01436200 -0.00361600 0.01443500
v 0.01326200 -0.00373900 0.01454700
v 0.01326200 -0.00781800 0.01413300
v 0.01326200 -0.00708600 0.01398700
v 0.01436200 -0.00708600 0.01398700
v 0.01326200 -0.00635400 0.01413300
v 0.01436200 -0.00585600 0.01443500
v 0.01326200 -0.00573300 0.01454700
v 0.01326200 -0.00531900 0.01516800
v 0.01436200 -0.00520200 0.01556800
v 0.01326200 -0.00517300 0.01590000
v 0.01436200 -0.00542900 0.01685600
v 0.01326200 -0.00531900 0.01663200
v 0.01326200 -0.00573300 0.01725300
v 0.01436200 -0.00643200 0.01769800
v 0.01326200 -0.00635400 0.01766700
v 0.01326200 -0.00708600 0.01781300
v 0.01436200 -0.00774000 0.01769800
v 0.01326200 -0.00781800 0.01766700
v 0.01326200 -0.00843900 0.01725300
v 0.01436200 -0.00874300 0.01685600
v 0.01326200 -0.00885300 0.01663200
v 0.01326200 -0.00899900 0.01590000
v 0.01436200 -0.00897000 0.01556800
v 0.01326200 -0.00885300 0.01516800
v 0.01436200 -0.00831600 0.01443500
v 0.01326200 -0.00843900 0.01454700
v 0.01326200 0.00158200 0.01413300
v 0.01326200 0.00231400 0.01398700
v 0.01436200 0.00231400 0.01398700
v 0.01326200 0.00304600 0.01413300
v 0.01436200 0.00354400 0.01443500
v 0.01326200 0.00366700 0.01454700
v 0.01326200 0.00408100 0.01516800
v 0.01436200 0.00419800 0.01556800
v 0.01326200 0.00422700 0.01590000
v 0.01436200 0.00397100 0.01685600
v 0.01326200 0.00408100 0.01663200
v 0.01326200 0.00366700 0.01725300
v 0.01436200 0.00296800 0.01769800
v 0.01326200 0.00304600 0.01766700
v 0.01326200 0.00231400 0.01781300
v 0.01436200 0.00166000 0.01769800
v 0.01326200 0.00158200 0.01766700
v 0.01326200 0.00096100 0.01725300
v 0.01436200 0.00065700 0.01685600
v 0.01326200 0.00054700 0.01663200
v 0.01326200 0.00040100 0.01590000
v 0.01436200 0.00043000 0.01556800
v 0.01326200 0.00054700 0.01516800
v 0.01436200 0.00108400 0.01443500
v 0.01326200 0.00096100 0.01454700
v 0.01326200 -0.00781800 0.00943300
v 0.01326200 -0.00708600 0.00928700
v 0.01436200 -0.00708600 0.00928700
v 0.01326200 -0.00635400 0.00943300
v 0.01436200 -0.00585600 0.00973500
v 0.01326200 -0.00573300 0.00984700
v 0.01326200 -0.00531900 0.01046800
v 0.01436200 -0.00520200 0.01086800
v 0.01326200 -0.00517300 0.01120000
v 0.01436200 -0.00542900 0.01215600
v 0.01326200 -0.00531900 0.01193200
v 0.01326200 -0.00573300 0.01255300
v 0.01436200 -0.00643200 0.01299800
v 0.01326200 -0.00635400 0.01296700
v 0.01326200 -0.00708600 0.01311300
v 0.01436200 -0.00774000 0.01299800
v 0.01326200 -0.00781800 0.01296700
v 0.01326200 -0.00843900 0.01255300
v 0.01436200 -0.00874300 0.01215600
v 0.01326200 -0.00885300 0.01193200
v 0.01326200 -0.00899900 0.01120000
v 0.01436200 -0.00897000 0.01086800
v 0.01326200 -0.00885300 0.01046800
v 0.01436200 -0.00831600 0.00973500
v 0.01326200 -0.00843900 0.00984700
v 0.01326200 0.00158200 0.00943300
v 0.01326200 0.00231400 0.00928700
v 0.01436200 0.00231400 0.00928700
v 0.01326200 0.00304600 0.00943300
v 0.01436200 0.00354400 0.00973500
v 0.01326200 0.00366700 0.00984700
v 0.01326200 0.00408100 0.01046800
v 0.01436200 0.00419800 0.01086800
v 0.01326200 0.00422700 0.01120000
v 0.01436200 0.00397100 0.01215600
v 0.01326200 0.00408100 0.01193200
v 0.01326200 0.00366700 0.01255300
v 0.01436200 0.00296800 0.01299800
v 0.01326200 0.00304600 0.01296700
v 0.01326200 0.00231400 0.01311300
v 0.01436200 0.00166000 0.01299800
v 0.01326200 0.00158200 0.01296700
v 0.01326200 0.00096100 0.01255300
v 0.01436200 0.00065700 0.01215600
v 0.01326200 0.00054700 0.01193200
v 0.01326200 0.00040100 0.01120000
v 0.01436200 0.00043000 0.01086800
v 0.01326200 0.00054700 0.01046800
v 0.01436200 0.00108400 0.00973500
v 0.01326200 0.00096100 0.00984700
v 0.01326200 -0.00781800 0.00473300
v 0.01326200 -0.00708600 0.00458700
v 0.01436200 -0.00708600 0.00458700
v 0.01326200 -0.00635400 0.00473300
v 0.01436200 -0.00585600 0.00503500
v 0.01326200 -0.00573300 0.00514700
v 0.01326200 -0.00531900 0.00576800
v 0.01436200 -0.00520200 0.00616800
v 0.01326200 -0.00517300 0.00650000
v 0.01436200 -0.00542900 0.00745600
v 0.01326200 -0.00531900 0.00723200
v 0.01326200 -0.00573300 0.00785300
v 0.01436200 -0.00643200 0.00829800
v 0.01326200 -0.00635400 0.00826700
v 0.01326200 -0.00708600 0.00841300
v 0.01436200 -0.00774000 0.00829800
v 0.01326200 -0.00781800 0.00826700
v 0.01326200 -0.00843900 0.00785300
v 0.01436200 -0.00874300 0.00745600
v 0.01326200 -0.00885300 0.00723200
v 0.01326200 -0.00899900 0.00650000
v 0.01436200 -0.00897000 0.00616800
v 0.01326200 -0.00885300 0.00576800
v 0.01436200 -0.00831600 0.00503500
v 0.01326200 -0.00843900 0.00514700
v 0.01326200 0.00158200 0.00473300
v 0.01326200 0.00231400 0.00458700
v 0.01436200 0.00231400 0.00458700
v 0.01326200 0.00304600 0.00473300
v 0.01436200 0.00354400 0.00503500
v 0.01326200 0.00366700 0.00514700
v 0.01326200 0.00408100 0.00576800
v 0.01436200 0.00419800 0.00616800
v 0.01326200 0.00422700 0.00650000
v 0.01436200 0.00397100 0.00745600
v 0.01326200 0.00408100 0.00723200
v 0.01326200 0.00366700 0.00785300
v 0.01436200 0.00296800 0.00829800
v 0.01326200 0.00304600 0.00826700
v 0.01326200 0.00231400 0.00841300
v 0.01436200 0.00166000 0.00829800
v 0.01326200 0.00158200 0.00826700
v 0.01326200 0.00096100 0.00785300
v 0.01436200 0.00065700 0.00745600
v 0.01326200 0.00054700 0.00723200
v 0.01326200 0.00040100 0.00650000
v 0.01436200 0.00043000 0.00616800
v 0.01326200 0.00054700 0.00576800
v 0.01436200 0.00108400 0.00503500
v 0.01326200 0.00096100 0.00514700
v 0.01326200 -0.00311800 0.00003300
v 0.01326200 -0.00238600 -0.00011300
v 0.01436200 -0.00238600 -0.00011300
v 0.01326200 -0.00165400 0.00003300
v 0.01436200 -0.00115600 0.00033500
v 0.01326200 -0.00103300 0.00044700
v 0.01326200 -0.00061900 0.00106800
v 0.01436200 -0.00050200 0.00146800
v 0.01326200 -0.00047300 0.00180000
v 0.01436200 -0.00072900 0.00275600
v 0.01326200 -0.00061900 0.00253200
v 0.01326200 -0.00103300 0.00315300
v 0.01436200 -0.00173200 0.00359800
v 0.01326200 -0.00165400 0.00356700
v 0.01326200 -0.00238600 0.00371300
v 0.01436200 -0.00304000 0.00359800
v 0.01326200 -0.00311800 0.00356700
v 0.01326200 -0.00373900 0.00315300
v 0.01436200 -0.00404300 0.00275600
v 0.01326200 -0.00415300 0.00253200
v 0.01326200 -0.00429900 0.00180000
v 0.01436200 -0.00427000 0.00146800
v 0.01326200 -0.00415300 0.00106800
v 0.01436200 -0.00361600 0.00033500
v 0.01326200 -0.00373900 0.00044700
v 0.01326200 0.00628200 0.00003300
v 0.01326200 0.00701400 -0.00011300
v 0.01436200 0.00701400 -0.00011300
v 0.01326200 0.00774600 0.00003300
v 0.01436200 0.00824400 0.00033500
v 0.01326200 0.00836700 0.00044700
v 0.01326200 0.00878100 0.00106800
v 0.01436200 0.00889800 0.00146800
v 0.01326200 0.00892700 0.00180000
v 0.01436200 0.00867100 0.00275600
v 0.01326200 0.00878100 0.00253200
v 0.01326200 0.00836700 0.00315300
v 0.01436200 0.00766800 0.00359800
v 0.01326200 0.00774600 0.00356700
v 0.01326200 0.00701400 0.00371300
v 0.01436200 0.00636000 0.00359800
v 0.01326200 0.00628200 0.00356700
v 0.01326200 0.00566100 0.00315300
v 0.01436200 0.00535700 0.00275600
v 0.01326200 0.00524700 0.00253200
v 0.01326200 0.00510100 0.00180000
v 0.01436200 0.00513000 0.00146800
v 0.01326200 0.00524700 0.00106800
v 0.01436200 0.00578400 0.00033500
v 0.01326200 0.00566100 0.00044700
v 0.01386200 -0.00780700 0.00265900
v 0.01326200 -0.00774500 0.00339000
v 0.01386200 -0.00708600 0.00292100
v 0.01326200 -0.00708600 0.00352100
v 0.01326200 -0.00642700 0.00339000
v 0.01386200 -0.00819000 0.00199500
v 0.01326200 -0.00867600 0.00245900
v 0.01326200 -0.00830300 0.00301700
v 0.01326200 -0.00880700 0.00180000
v 0.01386200 -0.00805700 0.00124000
v 0.01326200 -0.00867600 0.00114100
v 0.01326200 -0.00830300 0.00058300
v 0.01386200 -0.00746900 0.00074700
v 0.01326200 -0.00774500 0.00021000
v 0.01326200 -0.00708600 0.00007900
v 0.01386200 -0.00670300 0.00074700
v 0.01326200 -0.00642700 0.00021000
v 0.01326200 -0.00586900 0.00058300
v 0.01386200 -0.00611500 0.00124000
v 0.01326200 -0.00549600 0.00114100
v 0.01326200 -0.00536500 0.00180000
v 0.01386200 -0.00598200 0.00199500
v 0.01326200 -0.00549600 0.00245900
v 0.01386200 -0.00636500 0.00265900
v 0.01326200 -0.00586900 0.00301700
v 0.01386200 0.00159300 0.00265900
v 0.01326200 0.00165500 0.00339000
v 0.01386200 0.00231400 0.00292100
v 0.01326200 0.00231400 0.00352100
v 0.01326200 0.00297300 0.00339000
v 0.01386200 0.00121000 0.00199500
v 0.01326200 0.00072400 0.00245900
v 0.01326200 0.00109700 0.00301700
v 0.01326200 0.00059300 0.00180000
v 0.01386200 0.00134300 0.00124000
v 0.01326200 0.00072400 0.00114100
v 0.01326200 0.00109700 0.00058300
v 0.01386200 0.00193100 0.00074700
v 0.01326200 0.00165500 0.00021000
v 0.01326200 0.00231400 0.00007900
v 0.01386200 0.00269700 0.00074700
v 0.01326200 0.00297300 0.00021000
v 0.01326200 0.00353100 0.00058300
v 0.01386200 0.00328500 0.00124000
v 0.01326200 0.00390400 0.00114100
v 0.01326200 0.00403500 0.00180000
v 0.01386200 0.00341800 0.00199500
v 0.01326200 0.00390400 0.00245900
v 0.01386200 0.00303500 0.00265900
v 0.01326200 0.00353100 0.00301700
v 0.01386200 0.00629300 0.00735900
v 0.01326200 0.00635500 0.00809000
v 0.01386200 0.00701400 0.00762100
v 0.01326200 0.00701400 0.00822100
v 0.01326200 0.00767300 0.00809000
v 0.01386200 0.00591000 0.00669500
v 0.01326200 0.00542400 0.00715900
v 0.01326200 0.00579700 0.00771700
v 0.01326200 0.00529300 0.00650000
v 0.01386200 0.00604300 0.00594000
v 0.01326200 0.00542400 0.00584100
v 0.01326200 0.00579700 0.00528300
v 0.01386200 0.00663100 0.00544700
v 0.01326200 0.00635500 0.00491000
v 0.01326200 0.00701400 0.00477900
v 0.01386200 0.00739700 0.00544700
v 0.01326200 0.00767300 0.00491000
v 0.01326200 0.00823100 0.00528300
v 0.01386200 0.00798500 0.00594000
v 0.01326200 0.00860400 0.00584100
v 0.01326200 0.00873500 0.00650000
v 0.01386200 0.00811800 0.00669500
v 0.01326200 0.00860400 0.00715900
v 0.01386200 0.00773500 0.00735900
v 0.01326200 0.00823100 0.00771700
v 0.01386200 -0.00310700 0.00735900
v 0.01326200 -0.00304500 0.00809000
v 0.01386200 -0.00238600 0.00762100
v 0.01326200 -0.00238600 0.00822100
v 0.01326200 -0.00172700 0.00809000
v 0.01386200 -0.00349000 0.00669500
v 0.01326200 -0.00397600 0.00715900
v 0.01326200 -0.00360300 0.00771700
v 0.01326200 -0.00410700 0.00650000
v 0.01386200 -0.00335700 0.00594000
v 0.01326200 -0.00397600 0.00584100
v 0.01326200 -0.00360300 0.00528300
v 0.01386200 -0.00276900 0.00544700
v 0.01326200 -0.00304500 0.00491000
v 0.01326200 -0.00238600 0.00477900
v 0.01386200 -0.00200300 0.00544700
v 0.01326200 -0.00172700 0.00491000
v 0.01326200 -0.00116900 0.00528300
v 0.01386200 -0.00141500 0.00594000
v 0.01326200 -0.00079600 0.00584100
v 0.01326200 -0.00066500 0.00650000
v 0.01386200 -0.00128200 0.00669500
v 0.01326200 -0.00079600 0.00715900
v 0.01386200 -0.00166500 0.00735900
v 0.01326200 -0.00116900 0.00771700
v 0.01386200 0.00629300 0.01205900
v 0.01326200 0.00635500 0.01279000
v 0.01386200 0.00701400 0.01232100
v 0.01326200 0.00701400 0.01292100
v 0.01326200 0.00767300 0.01279000
v 0.01386200 0.00591000 0.01139500
v 0.01326200 0.00542400 0.01185900
v 0.01326200 0.00579700 0.01241700
v 0.01326200 0.00529300 0.01120000
v 0.01386200 0.00604300 0.01064000
v 0.01326200 0.00542400 0.01054100
v 0.01326200 0.00579700 0.00998300
v 0.01386200 0.00663100 0.01014700
v 0.01326200 0.00635500 0.00961000
v 0.01326200 0.00701400 0.00947900
v 0.01386200 0.00739700 0.01014700
v 0.01326200 0.00767300 0.00961000
v 0.01326200 0.00823100 0.00998300
v 0.01386200 0.00798500 0.01064000
v 0.01326200 0.00860400 0.01054100
v 0.01326200 0.00873500 0.01120000
v 0.01386200 0.00811800 0.01139500
v 0.01326200 0.00860400 0.01185900
v 0.01386200 0.00773500 0.01205900
v 0.01326200 0.00823100 0.01241700
v 0.01386200 -0.00310700 0.01205900
v 0.01326200 -0.00304500 0.01279000
v 0.01386200 -0.00238600 0.01232100
v 0.01326200 -0.00238600 0.01292100
v 0.01326200 -0.00172700 0.01279000
v 0.01386200 -0.00349000 0.01139500
v 0.01326200 -0.00397600 0.01185900
v 0.01326200 -0.00360300 0.01241700
v 0.01326200 -0.00410700 0.01120000
v 0.01386200 -0.00335700 0.01064000
v 0.01326200 -0.00397600 0.01054100
v 0.01326200 -0.00360300 0.00998300
v 0.01386200 -0.00276900 0.01014700
v 0.01326200 -0.00304500 0.00961000
v 0.01326200 -0.00238600 0.00947900
v 0.01386200 -0.00200300 0.01014700
v 0.01326200 -0.00172700 0.00961000
v 0.01326200 -0.00116900 0.00998300
v 0.01386200 -0.00141500 0.01064000
v 0.01326200 -0.00079600 0.01054100
v 0.01326200 -0.00066500 0.01120000
v 0.01386200 -0.00128200 0.01139500
v 0.01326200 -0.00079600 0.01185900
v 0.01386200 -0.00166500 0.01205900
v 0.01326200 -0.00116900 0.01241700
v 0.01386200 0.00629300 0.01675900
v 0.01326200 0.00635500 0.01749000
v 0.01386200 0.00701400 0.01702100
v 0.01326200 0.00701400 0.01762100
v 0.01326200 0.00767300 0.01749000
v 0.01386200 0.00591000 0.01609500
v 0.01326200 0.00542400 0.01655900
v 0.01326200 0.00579700 0.01711700
v 0.01326200 0.00529300 0.01590000
v 0.01386200 0.00604300 0.01534000
v 0.01326200 0.00542400 0.01524100
v 0.01326200 0.00579700 0.01468300
v 0.01386200 0.00663100 0.01484700
v 0.01326200 0.00635500 0.01431000
v 0.01326200 0.00701400 0.01417900
v 0.01386200 0.00739700 0.01484700
v 0.01326200 0.00767300 0.01431000
v 0.01326200 0.00823100 0.01468300
v 0.01386200 0.00798500 0.01534000
v 0.01326200 0.00860400 0.01524100
v 0.01326200 0.00873500 0.01590000
v 0.01386200 0.00811800 0.01609500
v 0.01326200 0.00860400 0.01655900
v 0.01386200 0.00773500 0.01675900
v 0.01326200 0.00823100 0.01711700
v 0.01386200 -0.00310700 0.01675900
v 0.01326200 -0.00304500 0.01749000
v 0.01386200 -0.00238600 0.01702100
v 0.01326200 -0.00238600 0.01762100
v 0.01326200 -0.00172700 0.01749000
v 0.01386200 -0.00349000 0.01609500
v 0.01326200 -0.00397600 0.01655900
v 0.01326200 -0.00360300 0.01711700
v 0.01326200 -0.00410700 0.01590000
v 0.01386200 -0.00335700 0.01534000
v 0.01326200 -0.00397600 0.01524100
v 0.01326200 -0.00360300 0.01468300
v 0.01386200 -0.00276900 0.01484700
v 0.01326200 -0.00304500 0.01431000
v 0.01326200 -0.00238600 0.01417900
v 0.01386200 -0.00200300 0.01484700
v 0.01326200 -0.00172700 0.01431000
v 0.01326200 -0.00116900 0.01468300
v 0.01386200 -0.00141500 0.01534000
v 0.01326200 -0.00079600 0.01524100
v 0.01326200 -0.00066500 0.01590000
v 0.01386200 -0.00128200 0.01609500
v 0.01326200 -0.00079600 0.01655900
v 0.01386200 -0.00166500 0.01675900
v 0.01326200 -0.00116900 0.01711700
v 0.01386200 -0.00780700 0.01675900
v 0.01326200 -0.00774500 0.01749000
v 0.01386200 -0.00708600 0.01702100
v 0.01326200 -0.00708600 0.01762100
v 0.01326200 -0.00642700 0.01749000
v 0.01386200 -0.00819000 0.01609500
v 0.01326200 -0.00867600 0.01655900
v 0.01326200 -0.00830300 0.01711700
v 0.01326200 -0.00880700 0.01590000
v 0.01386200 -0.00805700 0.01534000
v 0.01326200 -0.00867600 0.01524100
v 0.01326200 -0.00830300 0.01468300
v 0.01386200 -0.00746900 0.01484700
v 0.01326200 -0.00774500 0.01431000
v 0.01326200 -0.00708600 0.01417900
v 0.01386200 -0.00670300 0.01484700
v 0.01326200 -0.00642700 0.01431000
v 0.01326200 -0.00586900 0.01468300
v 0.01386200 -0.00611500 0.01534000
v 0.01326200 -0.00549600 0.01524100
v 0.01326200 -0.00536500 0.01590000
v 0.01386200 -0.00598200 0.01609500
v 0.01326200 -0.00549600 0.01655900
v 0.01386200 -0.00636500 0.01675900
v 0.01326200 -0.00586900 0.01711700
v 0.01386200 0.00159300 0.01675900
v 0.01326200 0.00165500 0.01749000
v 0.01386200 0.00231400 0.01702100
v 0.01326200 0.00231400 0.01762100
v 0.01326200 0.00297300 0.01749000
v 0.01386200 0.00121000 0.01609500
v 0.01326200 0.00072400 0.01655900
v 0.01326200 0.00109700 0.01711700
v 0.01326200 0.00059300 0.01590000
v 0.01386200 0.00134300 0.01534000
v 0.01326200 0.00072400 0.01524100
v 0.01326200 0.00109700 0.01468300
v 0.01386200 0.00193100 0.01484700
v 0.01326200 0.00165500 0.01431000
v 0.01326200 0.00231400 0.01417900
v 0.01386200 0.00269700 0.01484700
v 0.01326200 0.00297300 0.01431000
v 0.01326200 0.00353100 0.01468300
v 0.01386200 0.00328500 0.01534000
v 0.01326200 0.00390400 0.01524100
v 0.01326200 0.00403500 0.01590000
v 0.01386200 0.00341800 0.01609500
v 0.01326200 0.00390400 0.01655900
v 0.01386200 0.00303500 0.01675900
v 0.01326200 0.00353100 0.01711700
v 0.01386200 -0.00780700 0.01205900
v 0.01326200 -0.00774500 0.01279000
v 0.01386200 -0.00708600 0.01232100
v 0.01326200 -0.00708600 0.01292100
v 0.01326200 -0.00642700 0.01279000
v 0.01386200 -0.00819000 0.01139500
v 0.01326200 -0.00867600 0.01185900
v 0.01326200 -0.00830300 0.01241700
v 0.01326200 -0.00880700 0.01120000
v 0.01386200 -0.00805700 0.01064000
v 0.01326200 -0.00867600 0.01054100
v 0.01326200 -0.00830300 0.00998300
v 0.01386200 -0.00746900 0.01014700
v 0.01326200 -0.00774500 0.00961000
v 0.01326200 -0.00708600 0.00947900
v 0.01386200 -0.00670300 0.01014700
v 0.01326200 -0.00642700 0.00961000
v 0.01326200 -0.00586900 0.00998300
v 0.01386200 -0.00611500 0.01064000
v 0.01326200 -0.00549600 0.01054100
v 0.01326200 -0.00536500 0.01120000
v 0.01386200 -0.00598200 0.01139500
v 0.01326200 -0.00549600 0.01185900
v 0.01386200 -0.00636500 0.01205900
v 0.01326200 -0.00586900 0.01241700
v 0.01386200 0.00159300 0.01205900
v 0.01326200 0.00165500 0.01279000
v 0.01386200 0.00231400 0.01232100
v 0.01326200 0.00231400 0.01292100
v 0.01326200 0.00297300 0.01279000
v 0.01386200 0.00121000 0.01139500
v 0.01326200 0.00072400 0.01185900
v 0.01326200 0.00109700 0.01241700
v 0.01326200 0.00059300 0.01120000
v 0.01386200 0.00134300 0.01064000
v 0.01326200 0.00072400 0.01054100
v 0.01326200 0.00109700 0.00998300
v 0.01386200 0.00193100 0.01014700
v 0.01326200 0.00165500 0.00961000
v 0.01326200 0.00231400 0.00947900
v 0.01386200 0.00269700 0.01014700
v 0.01326200 0.00297300 0.00961000
v 0.01326200 0.00353100 0.00998300
v 0.01386200 0.00328500 0.01064000
v 0.01326200 0.00390400 0.01054100
v 0.01326200 0.00403500 0.01120000
v 0.01386200 0.00341800 0.01139500
v 0.01326200 0.00390400 0.01185900
v 0.01386200 0.00303500 0.01205900
v 0.01326200 0.00353100 0.01241700
v 0.01386200 -0.00780700 0.00735900
v 0.01326200 -0.00774500 0.00809000
v 0.01386200 -0.00708600 0.00762100
v 0.01326200 -0.00708600 0.00822100
v 0.01326200 -0.00642700 0.00809000
v 0.01386200 -0.00819000 0.00669500
v 0.01326200 -0.00867600 0.00715900
v 0.01326200 -0.00830300 0.00771700
v 0.01326200 -0.00880700 0.00650000
v 0.01386200 -0.00805700 0.00594000
v 0.01326200 -0.00867600 0.00584100
v 0.01326200 -0.00830300 0.00528300
v 0.01386200 -0.00746900 0.00544700
v 0.01326200 -0.00774500 0.00491000
v 0.01326200 -0.00708600 0.00477900
v 0.01386200 -0.00670300 0.00544700
v 0.01326200 -0.00642700 0.00491000
v 0.01326200 -0.00586900 0.00528300
v 0.01386200 -0.00611500 0.00594000
v 0.01326200 -0.00549600 0.00584100
v 0.01326200 -0.00536500 0.00650000
v 0.01386200 -0.00598200 0.00669500
v 0.01326200 -0.00549600 0.00715900
v 0.01386200 -0.00636500 0.00735900
v 0.01326200 -0.00586900 0.00771700
v 0.01386200 0.00159300 0.00735900
v 0.01326200 0.00165500 0.00809000
v 0.01386200 0.00231400 0.00762100
v 0.01326200 0.00231400 0.00822100
v 0.01326200 0.00297300 0.00809000
v 0.01386200 0.00121000 0.00669500
v 0.01326200 0.00072400 0.00715900
v 0.01326200 0.00109700 0.00771700
v 0.01326200 0.00059300 0.00650000
v 0.01386200 0.00134300 0.00594000
v 0.01326200 0.00072400 0.00584100
v 0.01326200 0.00109700 0.00528300
v 0.01386200 0.00193100 0.00544700
v 0.01326200 0.00165500 0.00491000
v 0.01326200 0.00231400 0.00477900
v 0.01386200 0.00269700 0.00544700
v 0.01326200 0.00297300 0.00491000
v 0.01326200 0.00353100 0.00528300
v 0.01386200 0.00328500 0.00594000
v 0.01326200 0.00390400 0.00584100
v 0.01326200 0.00403500 0.00650000
v 0.01386200 0.00341800 0.00669500
v 0.01326200 0.00390400 0.00715900
v 0.01386200 0.00303500 0.00735900
v 0.01326200 0.00353100 0.00771700
v 0.01386200 -0.00310700 0.00265900
v 0.01326200 -0.00304500 0.00339000
v 0.01386200 -0.00238600 0.00292100
v 0.01326200 -0.00238600 0.00352100
v 0.01326200 -0.00172700 0.00339000
v 0.01386200 -0.00349000 0.00199500
v 0.01326200 -0.00397600 0.00245900
v 0.01326200 -0.00360300 0.00301700
v 0.01326200 -0.00410700 0.00180000
v 0.01386200 -0.00335700 0.00124000
v 0.01326200 -0.00397600 0.00114100
v 0.01326200 -0.00360300 0.00058300
v 0.01386200 -0.00276900 0.00074700
v 0.01326200 -0.00304500 0.00021000
v 0.01326200 -0.00238600 0.00007900
v 0.01386200 -0.00200300 0.00074700
v 0.01326200 -0.00172700 0.00021000
v 0.01326200 -0.00116900 0.00058300
v 0.01386200 -0.00141500 0.00124000
v 0.01326200 -0.00079600 0.00114100
v 0.01326200 -0.00066500 0.00180000
v 0.01386200 -0.00128200 0.00199500
v 0.01326200 -0.00079600 0.00245900
v 0.01386200 -0.00166500 0.00265900
v 0.01326200 -0.00116900 0.00301700
v 0.01386200 0.00629300 0.00265900
v 0.01326200 0.00635500 0.00339000
v 0.01386200 0.00701400 0.00292100
v 0.01326200 0.00701400 0.00352100
v 0.01326200 0.00767300 0.00339000
v 0.01386200 0.00591000 0.00199500
v 0.01326200 0.00542400 0.00245900
v 0.01326200 0.00579700 0.00301700
v 0.01326200 0.00529300 0.00180000
v 0.01386200 0.00604300 0.00124000
v 0.01326200 0.00542400 0.00114100
v 0.01326200 0.00579700 0.00058300
v 0.01386200 0.00663100 0.00074700
v 0.01326200 0.00635500 0.00021000
v 0.01326200 0.00701400 0.00007900
v 0.01386200 0.00739700 0.00074700
v 0.01326200 0.00767300 0.00021000
v 0.01326200 0.00823100 0.00058300
v 0.01386200 0.00798500 0.00124000
v 0.01326200 0.00860400 0.00114100
v 0.01326200 0.00873500 0.00180000
v 0.01386200 0.00811800 0.00199500
v 0.01326200 0.00860400 0.00245900
v 0.01386200 0.00773500 0.00265900
v 0.01326200 0.00823100 0.00301700
v 0.01436200 -0.00767300 0.00249900
v 0.01436200 -0.00708600 0.00271300
v 0.01436200 -0.00649900 0.00249900
v 0.01436200 -0.00618700 0.00195900
v 0.01436200 -0.00629500 0.00134400
v 0.01436200 -0.00677400 0.00094200
v 0.01436200 -0.00739800 0.00094200
v 0.01436200 -0.00787700 0.00134400
v 0.01436200 -0.00798500 0.00195900
v 0.01436200 0.00172700 0.00249900
v 0.01436200 0.00231400 0.00271300
v 0.01436200 0.00290100 0.00249900
v 0.01436200 0.00321300 0.00195900
v 0.01436200 0.00310500 0.00134400
v 0.01436200 0.00262600 0.00094200
v 0.01436200 0.00200200 0.00094200
v 0.01436200 0.00152300 0.00134400
v 0.01436200 0.00141500 0.00195900
v 0.01436200 0.00642700 0.00719900
v 0.01436200 0.00701400 0.00741300
v 0.01436200 0.00760100 0.00719900
v 0.01436200 0.00791300 0.00665900
v 0.01436200 0.00780500 0.00604400
v 0.01436200 0.00732600 0.00564200
v 0.01436200 0.00670200 0.00564200
v 0.01436200 0.00622300 0.00604400
v 0.01436200 0.00611500 0.00665900
v 0.01436200 -0.00297300 0.00719900
v 0.01436200 -0.00238600 0.00741300
v 0.01436200 -0.00179900 0.00719900
v 0.01436200 -0.00148700 0.00665900
v 0.01436200 -0.00159500 0.00604400
v 0.01436200 -0.00207400 0.00564200
v 0.01436200 -0.00269800 0.00564200
v 0.01436200 -0.00317700 0.00604400
v 0.01436200 -0.00328500 0.00665900
v 0.01436200 0.00642700 0.01189900
v 0.01436200 0.00701400 0.01211300
v 0.01436200 0.00760100 0.01189900
v 0.01436200 0.00791300 0.01135800
v 0.01436200 0.00780500 0.01074400
v 0.01436200 0.00732600 0.01034200
v 0.01436200 0.00670200 0.01034200
v 0.01436200 0.00622300 0.01074400
v 0.01436200 0.00611500 0.01135800
v 0.01436200 -0.00297300 0.01189900
v 0.01436200 -0.00238600 0.01211300
v 0.01436200 -0.00179900 0.01189900
v 0.01436200 -0.00148700 0.01135800
v 0.01436200 -0.00159500 0.01074400
v 0.01436200 -0.00207400 0.01034200
v 0.01436200 -0.00269800 0.01034200
v 0.01436200 -0.00317700 0.01074400
v 0.01436200 -0.00328500 0.01135800
v 0.01436200 0.00642700 0.01659900
v 0.01436200 0.00701400 0.01681300
v 0.01436200 0.00760100 0.01659900
v 0.01436200 0.00791300 0.01605800
v 0.01436200 0.00780500 0.01544400
v 0.01436200 0.00732600 0.01504200
v 0.01436200 0.00670200 0.01504200
v 0.01436200 0.00622300 0.01544400
v 0.01436200 0.00611500 0.01605800
v 0.01436200 -0.00297300 0.01659900
v 0.01436200 -0.00238600 0.01681300
v 0.01436200 -0.00179900 0.01659900
v 0.01436200 -0.00148700 0.01605800
v 0.01436200 -0.00159500 0.01544400
v 0.01436200 -0.00207400 0.01504200
v 0.01436200 -0.00269800 0.01504200
v 0.01436200 -0.00317700 0.01544400
v 0.01436200 -0.00328500 0.01605800
v 0.01436200 -0.00767300 0.01659900
v 0.01436200 -0.00708600 0.01681300
v 0.01436200 -0.00649900 0.01659900
v 0.01436200 -0.00618700 0.01605800
v 0.01436200 -0.00629500 0.01544400
v 0.01436200 -0.00677400 0.01504200
v 0.01436200 -0.00739800 0.01504200
v 0.01436200 -0.00787700 0.01544400
v 0.01436200 -0.00798500 0.01605800
v 0.01436200 0.00172700 0.01659900
v 0.01436200 0.00231400 0.01681300
v 0.01436200 0.00290100 0.01659900
v 0.01436200 0.00321300 0.01605800
v 0.01436200 0.00310500 0.01544400
v 0.01436200 0.00262600 0.01504200
v 0.01436200 0.00200200 0.01504200
v 0.01436200 0.00152300 0.01544400
v 0.01436200 0.00141500 0.01605800
v 0.01436200 -0.00767300 0.01189900
v 0.01436200 -0.00708600 0.01211300
v 0.01436200 -0.00649900 0.01189900
v 0.01436200 -0.00618700 0.01135800
v 0.01436200 -0.00629500 0.01074400
v 0.01436200 -0.00677400 0.01034200
v 0.01436200 -0.00739800 0.01034200
v 0.01436200 -0.00787700 0.01074400
v 0.01436200 -0.00798500 0.01135800
v 0.01436200 0.00172700 0.01189900
v 0.01436200 0.00231400 0.01211300
v 0.01436200 0.00290100 0.01189900
v 0.01436200 0.00321300 0.01135800
v 0.01436200 0.00310500 0.01074400
v 0.01436200 0.00262600 0.01034200
v 0.01436200 0.00200200 0.01034200
v 0.01436200 0.00152300 0.01074400
v 0.01436200 0.00141500 0.01135800
v 0.01436200 -0.00767300 0.00719900
v 0.01436200 -0.00708600 0.00741300
v 0.01436200 -0.00649900 0.00719900
v 0.01436200 -0.00618700 0.00665900
v 0.01436200 -0.00629500 0.00604400
v 0.01436200 -0.00677400 0.00564200
v 0.01436200 -0.00739800 0.00564200
v 0.01436200 -0.00787700 0.00604400
v 0.01436200 -0.00798500 0.00665900
v 0.01436200 0.00172700 0.00719900
v 0.01436200 0.00231400 0.00741300
v 0.01436200 0.00290100 0.00719900
v 0.01436200 0.00321300 0.00665900
v 0.01436200 0.00310500 0.00604400
v 0.01436200 0.00262600 0.00564200
v 0.01436200 0.00200200 0.00564200
v 0.01436200 0.00152300 0.00604400
v 0.01436200 0.00141500 0.00665900
v 0.01436200 -0.00297300 0.00249900
v 0.01436200 -0.00238600 0.00271300
v 0.01436200 -0.00179900 0.00249900
v 0.01436200 -0.00148700 0.00195900
v 0.01436200 -0.00159500 0.00134400
v 0.01436200 -0.00207400 0.00094200
v 0.01436200 -0.00269800 0.00094200
v 0.01436200 -0.00317700 0.00134400
v 0.01436200 -0.00328500 0.00195900
v 0.01436200 0.00642700 0.00249900
v 0.01436200 0.00701400 0.00271300
v 0.01436200 0.00760100 0.00249900
v 0.01436200 0.00791300 0.00195900
v 0.01436200 0.00780500 0.00134400
v 0.01436200 0.00732600 0.00094200
v 0.01436200 0.00670200 0.00094200
v 0.01436200 0.00622300 0.00134400
v 0.01436200 0.00611500 0.00195900
v 0.01536200 0.00867200 -0.00250400
v 0.01536200 0.00950000 -0.00118600
v 0.01536200 0.00808600 -0.00260000
v 0.01536200 0.00950000 0.01758600
v 0.01536200 0.00808600 0.01900000
v 0.01536200 0.00867200 0.01890400
v 0.01536200 0.00940400 0.01817200
v 0.01536200 0.00912100 0.01862100
v 0.01536200 0.00912100 -0.00222100
v 0.01536200 0.00940400 -0.00177200
v 0.01536200 -0.00808600 -0.00260000
v 0.01536200 -0.00808600 0.01900000
v 0.01536200 -0.00950000 -0.00118600
v 0.01536200 -0.00950000 0.01758600
v 0.01536200 -0.00867200 0.01890400
v 0.01536200 -0.00940400 0.01817200
v 0.01536200 -0.00912100 0.01862100
v 0.01536200 -0.00867200 -0.00250400
v 0.01536200 -0.00940400 -0.00177200
v 0.01536200 -0.00912100 -0.00222100
v 0.01316200 -0.01028600 -0.00480000
v 0.01316200 0.01028600 -0.00480000
v 0.01296200 0.01190000 -0.00358600
v 0.01295200 0.01190000 -0.00380000
v 0.01294400 0.01182300 -0.00418400
v 0.01297000 0.01160500 -0.00450900
v 0.01301200 0.01127900 -0.00472500
v 0.01308300 0.01090000 -0.00480000
v 0.01296200 0.01190000 0.01998600
v 0.01316200 0.01028600 0.02120000
v 0.01308300 0.01090000 0.02120000
v 0.01301200 0.01127900 0.02112600
v 0.01297000 0.01160500 0.02090900
v 0.01294400 0.01182300 0.02058400
v 0.01295200 0.01190000 0.02020000
v 0.01316200 -0.01028600 0.02120000
v 0.01296200 -0.01190000 0.01998600
v 0.01295200 -0.01190000 0.02020000
v 0.01294400 -0.01182300 0.02058400
v 0.01297000 -0.01160500 0.02090900
v 0.01301200 -0.01127900 0.02112500
v 0.01308300 -0.01090000 0.02120000
v 0.01296200 -0.01190000 -0.00358600
v 0.01308300 -0.01090000 -0.00480000
v 0.01297000 -0.01160500 -0.00450900
v 0.01301200 -0.01127900 -0.00472500
v 0.01295200 -0.01190000 -0.00380000
v 0.01294400 -0.01182300 -0.00418400
v 0.00866200 -0.00500000 -0.00480000
v 0.01206200 -0.00500000 -0.00480000
v 0.00866200 -0.01090000 -0.00480000
v 0.01206200 0.00500000 -0.00480000
v 0.00866200 0.01090000 -0.00480000
v 0.00866200 0.00500000 -0.00480000
v 0.00866200 0.01140000 -0.00466600
v 0.00866200 0.01176600 -0.00430000
v 0.00866200 0.01190000 -0.00380000
v 0.00866200 0.01190000 0.02020000
v 0.00866200 0.01176600 0.02070000
v 0.00866200 0.01140000 0.02106600
v 0.00866200 0.01090000 0.02120000
v 0.00866200 -0.01090000 0.02120000
v 0.00866200 -0.01140000 0.02106600
v 0.00866200 -0.01176600 0.02070000
v 0.00866200 -0.01190000 0.02020000
v 0.00866200 -0.01190000 -0.00380000
v 0.00866200 -0.01176600 -0.00430000
v 0.00866200 -0.01140000 -0.00466600
v 0.01206200 0.00500000 -0.00380000
v 0.01206200 -0.00500000 -0.00380000
v 0.00866200 -0.00500000 -0.00380000
v 0.00866200 0.01090000 0.02020000
v 0.00866200 -0.01090000 0.02020000
v 0.00866200 -0.01090000 -0.00380000
v 0.00866200 0.01090000 -0.00380000
v 0.00866200 0.00500000 -0.00380000
v 0.01254800 0.01090000 -0.00380000
v 0.01274800 0.01070000 -0.00380000
v 0.01274800 -0.01070000 -0.00380000
v 0.01254800 -0.01090000 -0.00380000
v 0.01254800 -0.01090000 0.02020000
v 0.01274800 -0.01070000 0.02020000
v 0.01254800 0.01090000 0.02020000
v 0.01274800 0.01070000 0.02020000
v 0.01436200 0.00908600 -0.00218600
v 0.01436200 -0.00908600 -0.00218600
v 0.01436200 -0.00908600 0.01858600
v 0.01436200 0.00908600 0.01858600
f 1 2 3
f 3 2 4
f 3 4 5
f 5 4 6
f 5 6 7
f 5 7 8
f 8 7 9
f 10 11 12
f 12 11 13
f 12 13 14
f 14 13 15
f 14 15 16
f 14 16 17
f 17 16 18
f 19 20 21
f 21 20 22
f 21 22 23
f 23 22 24
f 23 24 25
f 23 25 26
f 26 25 27
f 26 27 28
f 29 30 31
f 31 30 32
f 31 32 33
f 33 32 34
f 33 34 35
f 35 34 36
f 35 36 37
f 37 36 38
f 37 38 39
f 39 38 40
f 39 40 41
f 41 40 42
f 41 42 43
f 43 42 44
f 43 44 45
f 45 44 46
f 45 46 47
f 47 46 48
f 47 48 49
f 49 48 50
f 49 50 51
f 49 51 52
f 52 51 53
f 52 53 54
f 54 53 55
f 54 55 56
f 56 55 57
f 56 57 58
f 58 57 59
f 58 59 60
f 60 59 61
f 60 61 62
f 62 61 63
f 62 63 64
f 64 63 65
f 64 65 66
f 66 65 67
f 66 67 68
f 68 67 29
f 68 29 31
f 69 31 70
f 70 31 33
f 70 33 71
f 71 33 35
f 71 35 72
f 72 35 37
f 72 37 73
f 73 37 39
f 73 39 74
f 74 39 41
f 74 41 75
f 75 41 43
f 75 43 76
f 76 43 45
f 76 45 77
f 77 45 47
f 77 47 78
f 78 47 49
f 78 49 79
f 79 49 52
f 79 52 80
f 80 52 54
f 80 54 81
f 81 54 56
f 81 56 82
f 82 56 58
f 82 58 83
f 83 58 60
f 83 60 84
f 84 60 62
f 84 62 85
f 85 62 64
f 85 64 86
f 86 64 66
f 86 66 87
f 87 66 68
f 87 68 69
f 69 68 31
f 88 89 90
f 90 89 91
f 90 91 92
f 90 93 88
f 94 95 96
f 96 95 97
f 96 97 98
f 98 97 99
f 98 99 100
f 100 101 98
f 102 103 104
f 104 103 105
f 104 105 106
f 106 105 107
f 106 107 108
f 108 107 109
f 108 109 110
f 108 110 111
f 111 110 112
f 111 112 113
f 113 112 114
f 115 116 117
f 117 116 118
f 117 118 119
f 120 121 115
f 122 123 124
f 124 123 125
f 124 125 126
f 126 125 127
f 126 127 128
f 128 127 129
f 128 129 130
f 130 129 131
f 130 131 132
f 132 131 133
f 132 133 134
f 134 133 135
f 134 135 136
f 136 135 137
f 136 137 138
f 138 137 139
f 138 139 140
f 140 139 141
f 140 141 142
f 142 141 143
f 142 143 144
f 144 143 145
f 144 145 122
f 122 145 123
f 146 147 148
f 148 147 149
f 148 149 150
f 150 149 151
f 150 151 152
f 152 151 153
f 152 153 154
f 154 153 155
f 154 155 156
f 156 155 157
f 156 157 158
f 158 157 159
f 158 159 160
f 160 159 161
f 160 161 162
f 162 161 163
f 162 163 164
f 164 163 165
f 164 165 166
f 166 165 167
f 166 167 168
f 168 167 169
f 168 169 146
f 146 169 147
f 120 115 170
f 170 115 171
f 172 171 117
f 117 171 115
f 173 172 119
f 119 172 117
f 174 175 176
f 176 175 177
f 178 179 180
f 180 179 181
f 182 183 184
f 184 183 185
f 186 187 188
f 188 187 189
f 187 190 189
f 189 190 191
f 29 192 30
f 30 192 193
f 30 193 32
f 32 193 194
f 32 194 34
f 34 194 195
f 34 195 36
f 36 195 196
f 36 196 38
f 38 196 197
f 38 197 40
f 40 197 198
f 40 198 42
f 42 198 199
f 42 199 44
f 44 199 200
f 44 200 46
f 46 200 201
f 46 201 48
f 48 201 202
f 48 202 50
f 50 202 203
f 50 203 51
f 51 203 204
f 51 204 53
f 53 204 205
f 53 205 55
f 55 205 206
f 55 206 57
f 57 206 207
f 57 207 59
f 59 207 208
f 59 208 61
f 61 208 209
f 61 209 63
f 63 209 210
f 63 210 65
f 65 210 211
f 65 211 67
f 67 211 212
f 67 212 29
f 29 212 192
f 213 174 214
f 214 174 176
f 176 177 214
f 214 177 215
f 175 216 177
f 177 216 215
f 89 88 217
f 217 88 218
f 218 88 219
f 89 220 91
f 89 217 220
f 220 217 221
f 221 217 222
f 222 217 223
f 222 223 224
f 224 223 225
f 224 225 226
f 226 225 227
f 227 225 228
f 227 228 229
f 229 228 94
f 228 230 94
f 94 230 231
f 232 233 234
f 234 233 231
f 231 233 94
f 94 233 95
f 235 236 237
f 237 236 238
f 237 238 239
f 239 238 240
f 239 240 241
f 239 241 80
f 80 241 242
f 80 242 79
f 79 242 243
f 79 243 78
f 78 243 244
f 78 244 77
f 77 244 245
f 77 245 76
f 76 245 246
f 76 246 75
f 75 246 74
f 74 246 247
f 74 247 73
f 73 247 72
f 72 247 248
f 72 248 71
f 71 248 249
f 71 249 70
f 70 249 250
f 70 250 251
f 251 250 252
f 252 250 253
f 252 253 254
f 254 253 255
f 254 255 256
f 256 255 257
f 256 257 258
f 258 257 259
f 258 259 260
f 251 261 70
f 70 261 69
f 69 261 262
f 69 262 87
f 87 262 263
f 87 263 86
f 86 263 85
f 85 263 264
f 85 264 84
f 84 264 265
f 84 265 266
f 266 267 84
f 84 267 268
f 84 268 269
f 84 269 83
f 83 269 270
f 83 270 239
f 80 81 239
f 239 81 82
f 239 82 83
f 92 91 271
f 271 91 272
f 271 272 273
f 273 272 274
f 273 274 275
f 275 274 276
f 277 178 278
f 278 178 180
f 278 180 279
f 279 180 181
f 179 280 181
f 181 280 279
f 281 187 186
f 281 186 282
f 187 283 190
f 188 284 186
f 186 284 282
f 285 286 287
f 287 286 288
f 289 182 290
f 290 182 184
f 291 292 185
f 185 292 293
f 185 293 294
f 185 294 184
f 184 294 295
f 184 295 296
f 296 290 184
f 183 297 185
f 185 297 291
f 119 118 173
f 173 118 298
f 173 298 299
f 299 300 173
f 190 283 191
f 191 283 301
f 191 301 302
f 283 303 301
f 301 303 304
f 304 303 281
f 191 302 305
f 305 302 306
f 305 306 307
f 307 306 308
f 307 308 309
f 309 308 310
f 309 310 170
f 170 310 311
f 170 311 120
f 120 311 121
f 121 311 116
f 116 311 298
f 116 298 118
f 312 313 314
f 314 313 315
f 315 313 316
f 315 316 317
f 317 316 318
f 317 318 319
f 319 318 320
f 319 320 321
f 321 320 322
f 321 322 323
f 323 322 324
f 323 324 325
f 325 324 326
f 325 326 327
f 327 326 328
f 328 326 329
f 328 329 330
f 330 331 328
f 332 333 334
f 334 333 335
f 335 333 336
f 335 336 337
f 337 336 338
f 337 338 339
f 339 338 340
f 340 338 341
f 340 341 331
f 331 330 340
f 342 343 344
f 344 343 345
f 345 343 346
f 345 346 347
f 347 346 348
f 347 348 349
f 349 348 350
f 349 350 351
f 351 350 352
f 351 352 353
f 353 352 354
f 353 354 355
f 355 354 356
f 355 356 357
f 357 356 358
f 357 358 359
f 359 358 360
f 359 360 361
f 361 360 362
f 361 362 363
f 363 362 332
f 363 332 334
f 364 365 366
f 366 365 367
f 366 367 368
f 368 367 369
f 368 369 370
f 370 369 371
f 370 371 372
f 372 371 373
f 372 373 374
f 374 373 375
f 374 375 376
f 376 375 377
f 376 377 378
f 378 377 379
f 378 379 380
f 380 379 381
f 380 381 382
f 382 381 383
f 382 383 384
f 384 383 385
f 384 385 386
f 386 385 387
f 386 387 388
f 388 387 389
f 388 389 364
f 364 389 365
f 390 391 392
f 392 391 393
f 392 393 394
f 394 393 395
f 394 395 299
f 299 395 300
f 396 307 397
f 397 307 171
f 397 171 172
f 398 188 396
f 396 188 189
f 396 189 305
f 305 189 191
f 398 399 188
f 188 399 400
f 188 400 284
f 399 401 400
f 400 401 402
f 402 401 403
f 402 403 404
f 403 401 405
f 405 401 406
f 405 406 407
f 407 406 408
f 407 408 409
f 409 408 410
f 410 408 411
f 410 411 412
f 412 411 413
f 413 411 414
f 413 414 415
f 415 414 416
f 416 414 417
f 416 417 418
f 418 417 182
f 418 182 289
f 417 419 182
f 182 419 420
f 182 420 183
f 183 420 421
f 183 421 422
f 422 421 423
f 423 421 424
f 423 424 425
f 425 424 426
f 426 424 427
f 426 427 428
f 428 427 429
f 429 427 430
f 429 430 431
f 431 430 432
f 432 430 433
f 432 433 434
f 434 433 435
f 434 435 436
f 436 435 437
f 436 437 438
f 437 435 439
f 439 435 440
f 439 440 178
f 178 440 441
f 178 441 442
f 178 442 179
f 179 442 443
f 179 443 444
f 179 444 445
f 445 444 446
f 445 446 447
f 447 446 448
f 447 448 449
f 449 448 450
f 449 450 451
f 451 450 452
f 451 452 453
f 453 452 454
f 453 454 455
f 455 454 456
f 455 456 457
f 457 456 458
f 458 456 174
f 458 174 213
f 456 459 174
f 174 459 175
f 175 459 460
f 175 460 216
f 461 462 459
f 459 462 463
f 459 463 464
f 462 461 465
f 465 461 466
f 465 466 467
f 467 466 468
f 467 468 469
f 469 468 470
f 470 468 471
f 470 471 472
f 472 471 473
f 472 473 474
f 472 474 172
f 172 474 397
f 475 476 213
f 213 476 458
f 445 477 179
f 179 477 280
f 280 477 478
f 280 478 479
f 479 480 280
f 280 480 312
f 312 480 313
f 313 480 481
f 313 481 202
f 202 481 203
f 203 481 475
f 203 475 204
f 204 475 213
f 204 213 205
f 205 213 206
f 206 213 207
f 207 213 208
f 208 213 344
f 208 344 209
f 209 344 210
f 210 344 211
f 211 344 212
f 212 344 156
f 212 156 158
f 212 158 192
f 192 158 160
f 192 160 193
f 193 160 194
f 194 160 337
f 194 337 339
f 201 134 202
f 202 134 318
f 202 318 316
f 134 201 132
f 132 201 200
f 132 200 130
f 130 200 199
f 130 199 128
f 128 199 198
f 128 198 126
f 126 198 124
f 124 198 197
f 124 197 329
f 329 197 330
f 330 197 196
f 330 196 340
f 340 196 195
f 340 195 339
f 339 195 194
f 305 307 396
f 171 309 170
f 173 300 172
f 172 300 482
f 172 482 472
f 464 483 459
f 459 483 460
f 344 345 156
f 156 345 154
f 154 345 347
f 154 347 152
f 152 347 349
f 152 349 351
f 152 351 150
f 150 351 353
f 150 353 355
f 355 357 150
f 150 357 148
f 148 357 359
f 148 359 361
f 148 361 146
f 146 361 363
f 146 363 168
f 168 363 166
f 166 363 334
f 166 334 335
f 337 162 335
f 335 162 164
f 335 164 166
f 124 329 122
f 122 329 326
f 122 326 144
f 144 326 142
f 142 326 324
f 142 324 140
f 140 324 138
f 138 324 322
f 138 322 136
f 136 322 320
f 136 320 318
f 316 313 202
f 178 277 439
f 422 297 183
f 160 162 337
f 134 136 318
f 460 484 216
f 216 484 342
f 216 342 344
f 213 214 344
f 344 214 215
f 344 215 216
f 485 486 487
f 487 486 488
f 237 489 235
f 235 489 490
f 235 490 236
f 236 490 491
f 236 491 238
f 238 491 492
f 238 492 240
f 240 492 493
f 240 493 241
f 241 493 494
f 241 494 242
f 242 494 495
f 242 495 243
f 243 495 496
f 243 496 244
f 244 496 497
f 244 497 245
f 245 497 498
f 245 498 246
f 246 498 499
f 246 499 247
f 247 499 500
f 247 500 248
f 248 500 501
f 248 501 249
f 249 501 502
f 249 502 250
f 250 502 503
f 250 503 253
f 253 503 504
f 253 504 255
f 255 504 505
f 255 505 257
f 257 505 506
f 257 506 259
f 259 506 507
f 259 507 260
f 260 507 508
f 260 508 258
f 258 508 509
f 258 509 256
f 256 509 510
f 256 510 254
f 254 510 511
f 254 511 252
f 252 511 512
f 252 512 251
f 251 512 513
f 251 513 261
f 261 513 488
f 261 488 486
f 489 237 514
f 514 237 239
f 514 239 218
f 218 239 217
f 217 239 270
f 217 270 223
f 223 270 225
f 225 270 269
f 225 269 228
f 228 269 268
f 228 268 230
f 230 268 267
f 230 267 231
f 231 267 266
f 231 266 234
f 234 266 515
f 515 266 265
f 515 265 516
f 516 265 264
f 516 264 517
f 517 264 263
f 517 263 518
f 518 263 262
f 518 262 486
f 486 262 261
f 519 219 520
f 520 219 88
f 521 522 523
f 523 522 524
f 523 524 525
f 526 527 525
f 525 527 528
f 525 528 523
f 523 529 521
f 521 529 530
f 521 530 531
f 529 523 532
f 532 523 528
f 532 528 527
f 533 534 535
f 535 534 536
f 535 536 537
f 538 539 537
f 537 539 540
f 537 540 535
f 541 542 539
f 539 542 540
f 540 542 543
f 540 543 535
f 535 543 533
f 533 543 544
f 396 545 398
f 398 545 546
f 398 546 547
f 398 547 399
f 399 547 548
f 399 548 401
f 401 548 549
f 401 549 406
f 406 549 550
f 406 550 408
f 408 550 551
f 408 551 411
f 411 551 552
f 411 552 414
f 414 552 553
f 414 553 417
f 417 553 554
f 417 554 419
f 420 419 555
f 555 419 554
f 555 556 420
f 420 556 421
f 421 556 557
f 421 557 424
f 424 557 427
f 427 557 558
f 427 558 430
f 430 558 559
f 430 559 560
f 430 560 433
f 433 560 561
f 433 561 435
f 435 561 562
f 435 562 440
f 440 562 563
f 440 563 441
f 441 563 564
f 441 564 442
f 443 442 565
f 565 442 564
f 443 565 444
f 444 565 566
f 444 566 567
f 444 567 446
f 446 567 568
f 446 568 448
f 448 568 569
f 448 569 450
f 450 569 570
f 450 570 452
f 452 570 571
f 452 571 454
f 454 571 572
f 454 572 456
f 572 573 456
f 456 573 459
f 573 574 459
f 459 574 461
f 461 574 575
f 461 575 466
f 466 575 576
f 466 576 468
f 468 576 577
f 468 577 471
f 471 577 578
f 471 578 473
f 473 578 579
f 473 579 474
f 474 579 397
f 397 579 580
f 580 545 397
f 397 545 396
f 531 530 581
f 581 530 582
f 582 530 583
f 583 530 529
f 583 529 532
f 532 584 583
f 585 586 587
f 587 586 588
f 544 543 589
f 589 543 590
f 590 543 591
f 591 543 542
f 591 542 541
f 541 592 591
f 593 594 595
f 595 594 596
f 597 598 599
f 599 598 600
f 598 601 600
f 600 601 602
f 603 604 605
f 605 604 606
f 606 604 607
f 606 607 608
f 608 607 609
f 608 609 610
f 610 609 611
f 610 611 612
f 612 611 613
f 612 613 614
f 614 613 602
f 614 602 601
f 615 603 616
f 616 603 605
f 617 615 618
f 618 615 616
f 232 617 233
f 233 617 618
f 619 275 477
f 477 275 276
f 477 276 478
f 478 276 220
f 478 220 479
f 479 220 221
f 479 221 480
f 480 221 222
f 480 222 481
f 481 222 224
f 481 224 475
f 475 224 226
f 475 226 476
f 476 226 227
f 476 227 229
f 476 229 458
f 458 229 101
f 458 101 457
f 457 101 100
f 457 100 620
f 457 620 455
f 455 620 621
f 455 621 453
f 453 621 622
f 453 622 451
f 451 622 623
f 451 623 449
f 449 623 624
f 449 624 447
f 447 624 625
f 447 625 445
f 445 625 619
f 445 619 477
f 626 93 627
f 627 93 90
f 628 626 629
f 629 626 627
f 630 297 631
f 631 297 422
f 631 422 423
f 631 423 632
f 632 423 425
f 632 425 633
f 634 635 636
f 636 635 637
f 636 637 638
f 638 637 639
f 638 639 640
f 640 639 633
f 640 633 641
f 641 633 426
f 641 426 428
f 635 634 642
f 642 634 643
f 642 643 644
f 644 643 645
f 644 645 646
f 646 645 647
f 646 647 648
f 648 647 649
f 648 649 650
f 650 649 651
f 650 651 438
f 438 651 436
f 436 651 652
f 436 652 434
f 434 652 653
f 434 653 432
f 432 653 654
f 432 654 431
f 431 654 655
f 431 655 429
f 429 655 656
f 429 656 428
f 428 656 641
f 633 425 426
f 277 657 439
f 439 657 658
f 439 658 659
f 439 659 437
f 437 659 650
f 437 650 438
f 314 660 312
f 312 660 278
f 312 278 279
f 661 657 660
f 660 657 277
f 660 277 278
f 279 280 312
f 662 661 663
f 663 661 660
f 663 664 662
f 662 664 665
f 665 664 666
f 665 666 667
f 667 666 668
f 667 668 669
f 669 668 670
f 669 670 671
f 671 670 672
f 671 672 673
f 673 672 674
f 673 674 675
f 675 674 676
f 675 676 677
f 677 676 678
f 677 678 679
f 679 678 680
f 679 680 681
f 681 680 682
f 681 682 683
f 683 682 684
f 683 684 685
f 685 684 686
f 685 686 687
f 687 686 688
f 687 688 689
f 689 688 690
f 689 690 691
f 691 690 692
f 691 692 693
f 693 692 285
f 693 285 287
f 286 304 288
f 288 304 694
f 694 304 284
f 284 304 281
f 284 281 282
f 694 284 695
f 695 284 400
f 695 400 402
f 695 402 696
f 696 402 404
f 696 404 697
f 698 699 700
f 700 699 701
f 700 701 413
f 413 701 702
f 413 702 412
f 412 702 703
f 412 703 410
f 410 703 704
f 410 704 409
f 409 704 705
f 409 705 407
f 407 705 405
f 405 705 706
f 405 706 403
f 403 706 707
f 403 707 697
f 697 707 708
f 697 708 709
f 709 708 710
f 709 710 711
f 711 710 712
f 711 712 713
f 713 712 714
f 713 714 715
f 715 714 716
f 715 716 717
f 717 716 718
f 717 718 719
f 719 718 720
f 719 720 698
f 698 720 699
f 697 404 403
f 413 415 700
f 289 721 418
f 418 721 722
f 418 722 723
f 418 723 416
f 416 723 700
f 416 700 415
f 290 296 289
f 289 296 724
f 289 724 721
f 725 726 292
f 292 726 293
f 293 726 727
f 293 727 294
f 294 727 728
f 294 728 295
f 295 728 724
f 295 724 296
f 630 725 297
f 297 725 292
f 297 292 291
f 729 730 731
f 731 730 732
f 731 732 733
f 733 732 734
f 733 734 735
f 735 734 736
f 735 736 737
f 737 736 738
f 737 738 739
f 739 738 740
f 739 740 741
f 741 740 742
f 741 742 743
f 743 742 744
f 743 744 745
f 745 744 746
f 745 746 747
f 747 746 748
f 747 748 749
f 749 748 750
f 749 750 751
f 751 750 752
f 751 752 753
f 753 752 754
f 753 754 755
f 755 754 756
f 755 756 757
f 757 756 758
f 757 758 729
f 729 758 730
f 594 759 596
f 596 759 760
f 761 762 763
f 763 762 764
f 763 764 765
f 765 764 766
f 765 766 767
f 767 766 768
f 769 593 770
f 770 593 595
f 759 594 769
f 769 594 593
f 484 771 346
f 346 771 348
f 348 771 350
f 350 771 772
f 350 772 352
f 352 772 773
f 352 773 774
f 352 774 354
f 354 774 775
f 354 775 356
f 356 775 298
f 356 298 686
f 686 298 688
f 688 298 690
f 690 298 692
f 692 298 286
f 692 286 285
f 775 776 298
f 298 776 299
f 298 311 286
f 286 311 310
f 286 310 308
f 308 306 286
f 286 306 302
f 286 302 301
f 301 304 286
f 356 686 358
f 358 686 684
f 358 684 360
f 360 684 682
f 360 682 362
f 362 682 680
f 362 680 332
f 332 680 678
f 332 678 333
f 333 678 676
f 333 676 336
f 336 676 674
f 336 674 338
f 338 674 672
f 338 672 341
f 341 672 670
f 341 670 331
f 331 670 668
f 331 668 328
f 328 668 666
f 328 666 366
f 366 666 664
f 366 664 364
f 364 664 663
f 364 663 388
f 388 663 386
f 386 663 384
f 384 663 660
f 384 660 382
f 382 660 380
f 380 660 321
f 380 321 378
f 378 321 323
f 378 323 376
f 376 323 325
f 376 325 374
f 374 325 327
f 374 327 372
f 372 327 370
f 370 327 328
f 370 328 368
f 368 328 366
f 314 315 660
f 660 315 317
f 660 317 319
f 319 321 660
f 346 343 484
f 484 343 342
f 484 460 777
f 777 460 483
f 777 483 778
f 778 483 464
f 778 464 463
f 463 779 778
f 515 604 234
f 234 604 603
f 234 603 232
f 232 603 617
f 617 603 615
f 604 515 607
f 607 515 516
f 607 516 609
f 609 516 517
f 609 517 611
f 611 517 518
f 611 518 613
f 613 518 486
f 613 486 602
f 602 486 485
f 602 485 600
f 600 485 599
f 599 485 780
f 599 780 597
f 597 780 781
f 782 783 784
f 784 783 785
f 784 785 786
f 786 785 787
f 786 787 788
f 788 787 789
f 488 513 487
f 487 513 512
f 487 512 790
f 790 512 511
f 790 511 791
f 791 511 510
f 791 510 792
f 792 510 509
f 792 509 793
f 793 509 508
f 793 508 794
f 794 508 507
f 794 507 795
f 795 507 796
f 796 507 506
f 796 506 797
f 797 506 505
f 797 505 798
f 798 505 504
f 798 504 799
f 799 504 503
f 799 503 800
f 800 503 502
f 800 502 801
f 801 502 501
f 801 501 802
f 802 501 500
f 802 500 803
f 803 500 499
f 803 499 804
f 804 499 498
f 804 498 805
f 805 498 497
f 805 497 806
f 806 497 496
f 806 496 807
f 807 496 495
f 807 495 808
f 808 495 494
f 808 494 809
f 809 494 493
f 809 493 810
f 810 493 492
f 810 492 811
f 811 492 491
f 811 491 519
f 519 491 490
f 519 490 489
f 519 489 219
f 219 489 514
f 219 514 218
f 812 628 813
f 813 628 629
f 628 520 626
f 626 520 88
f 626 88 93
f 628 812 520
f 814 813 815
f 815 813 816
f 815 816 817
f 817 816 818
f 817 818 819
f 819 820 817
f 821 584 526
f 526 584 527
f 527 584 532
f 531 581 521
f 521 581 522
f 522 581 822
f 586 823 588
f 588 823 824
f 824 825 826
f 826 825 827
f 826 827 828
f 828 827 829
f 828 829 830
f 830 831 828
f 832 585 833
f 833 585 587
f 832 823 585
f 585 823 586
f 834 833 835
f 835 833 836
f 835 836 837
f 837 836 838
f 837 838 839
f 839 840 837
f 841 592 538
f 538 592 539
f 539 592 541
f 544 589 533
f 533 589 534
f 534 589 842
f 545 580 595
f 595 580 579
f 595 579 843
f 843 579 578
f 843 578 577
f 843 577 844
f 844 577 576
f 844 576 845
f 845 576 846
f 846 576 575
f 846 575 847
f 847 575 574
f 847 574 848
f 848 574 573
f 848 573 788
f 788 573 786
f 786 573 784
f 784 573 782
f 782 573 597
f 782 597 781
f 572 610 573
f 573 610 612
f 573 612 598
f 598 612 614
f 598 614 601
f 571 620 572
f 572 620 100
f 572 100 99
f 620 571 621
f 621 571 570
f 621 570 622
f 622 570 569
f 622 569 623
f 623 569 624
f 624 569 568
f 624 568 625
f 625 568 567
f 625 567 566
f 625 566 627
f 627 566 565
f 627 565 564
f 627 564 629
f 629 564 563
f 629 563 562
f 561 819 562
f 562 819 818
f 562 818 629
f 629 818 816
f 629 816 813
f 819 561 652
f 652 561 560
f 652 560 653
f 653 560 654
f 654 560 559
f 654 559 655
f 655 559 558
f 655 558 656
f 656 558 641
f 641 558 557
f 641 557 640
f 640 557 831
f 640 831 638
f 638 831 636
f 636 831 849
f 636 849 850
f 557 556 831
f 831 556 828
f 828 556 826
f 826 556 588
f 826 588 824
f 556 555 588
f 588 555 554
f 588 554 587
f 587 554 553
f 587 553 836
f 836 553 838
f 838 553 839
f 839 553 552
f 839 552 699
f 699 552 701
f 701 552 702
f 702 552 551
f 702 551 703
f 703 551 550
f 703 550 704
f 704 550 705
f 705 550 549
f 705 549 706
f 706 549 548
f 706 548 707
f 707 548 851
f 707 851 708
f 708 851 852
f 708 852 710
f 710 852 853
f 710 853 712
f 712 853 854
f 712 854 714
f 714 854 589
f 714 589 716
f 716 589 590
f 716 590 718
f 718 590 591
f 718 591 592
f 548 547 851
f 851 547 855
f 855 547 596
f 855 596 856
f 856 596 760
f 547 546 596
f 596 546 545
f 596 545 595
f 90 92 627
f 627 92 619
f 627 619 625
f 99 97 572
f 572 97 95
f 572 95 618
f 618 95 233
f 618 616 572
f 572 616 608
f 572 608 610
f 605 606 616
f 616 606 608
f 598 597 573
f 843 857 595
f 595 857 762
f 595 762 770
f 592 858 718
f 718 858 859
f 718 859 720
f 720 859 860
f 720 860 839
f 836 833 587
f 850 861 636
f 636 861 581
f 636 581 634
f 634 581 582
f 634 582 583
f 583 584 634
f 634 584 643
f 643 584 862
f 643 862 645
f 645 862 863
f 645 863 647
f 647 863 864
f 647 864 649
f 649 864 819
f 649 819 651
f 651 819 652
f 699 720 839
f 760 865 856
f 856 865 866
f 856 866 855
f 855 866 867
f 855 867 868
f 868 851 855
f 728 869 724
f 724 869 870
f 724 870 871
f 869 728 872
f 872 728 727
f 872 727 726
f 872 726 873
f 873 726 725
f 873 725 874
f 874 725 875
f 875 725 630
f 875 630 876
f 876 630 635
f 876 635 642
f 635 630 637
f 637 630 631
f 637 631 632
f 633 639 632
f 632 639 637
f 876 642 877
f 877 642 644
f 877 644 878
f 878 644 657
f 878 657 879
f 879 657 880
f 880 657 661
f 880 661 881
f 881 661 882
f 882 661 883
f 883 661 662
f 883 662 884
f 884 662 885
f 885 662 886
f 886 662 887
f 887 662 749
f 887 749 751
f 644 646 657
f 657 646 658
f 658 646 648
f 658 648 659
f 659 648 650
f 749 662 747
f 747 662 665
f 747 665 745
f 745 665 667
f 745 667 669
f 669 671 745
f 745 671 673
f 745 673 743
f 743 673 675
f 743 675 741
f 741 675 677
f 741 677 679
f 741 679 739
f 739 679 681
f 739 681 737
f 737 681 683
f 737 683 735
f 735 683 685
f 735 685 687
f 735 687 733
f 733 687 689
f 733 689 691
f 733 691 731
f 731 691 693
f 731 693 287
f 288 888 287
f 287 888 889
f 287 889 757
f 757 889 890
f 757 890 755
f 755 890 891
f 755 891 753
f 753 891 892
f 753 892 751
f 751 892 887
f 288 694 888
f 888 694 893
f 893 694 894
f 894 694 713
f 894 713 895
f 895 713 715
f 895 715 896
f 896 715 717
f 896 717 721
f 721 717 719
f 721 719 722
f 722 719 723
f 723 719 698
f 723 698 700
f 713 694 711
f 711 694 695
f 711 695 709
f 709 695 696
f 709 696 697
f 896 721 871
f 871 721 724
f 757 729 287
f 287 729 731
f 759 769 760
f 760 769 770
f 760 770 865
f 865 770 761
f 761 770 762
f 897 779 789
f 789 779 848
f 789 848 788
f 779 897 898
f 898 897 899
f 898 899 771
f 771 899 772
f 772 899 900
f 772 900 901
f 772 901 773
f 773 901 902
f 773 902 774
f 774 902 903
f 774 903 775
f 775 903 904
f 775 904 776
f 776 904 767
f 776 767 390
f 390 767 857
f 390 857 482
f 482 857 843
f 482 843 472
f 472 843 844
f 472 844 470
f 470 844 845
f 470 845 469
f 469 845 846
f 469 846 467
f 467 846 847
f 467 847 465
f 465 847 848
f 465 848 462
f 462 848 779
f 462 779 463
f 767 768 857
f 482 391 390
f 782 781 783
f 783 781 905
f 905 781 485
f 485 781 780
f 905 485 906
f 906 485 790
f 906 790 791
f 485 487 790
f 906 791 907
f 907 791 792
f 907 792 908
f 908 792 793
f 908 793 909
f 909 793 794
f 909 794 910
f 910 794 795
f 910 795 911
f 911 795 796
f 911 796 912
f 912 796 797
f 912 797 913
f 913 797 798
f 913 798 914
f 914 798 799
f 914 799 915
f 915 799 800
f 915 800 916
f 916 800 801
f 916 801 917
f 917 801 802
f 917 802 918
f 918 802 803
f 918 803 919
f 919 803 804
f 919 804 920
f 920 804 805
f 920 805 921
f 921 805 806
f 921 806 922
f 922 806 807
f 922 807 923
f 923 807 808
f 923 808 924
f 924 808 809
f 924 809 925
f 925 809 810
f 925 810 926
f 926 810 811
f 926 811 927
f 927 811 520
f 927 520 928
f 811 519 520
f 812 813 520
f 520 813 928
f 928 813 814
f 821 929 584
f 584 929 862
f 862 929 930
f 862 930 863
f 863 930 931
f 863 931 864
f 864 931 820
f 864 820 819
f 830 932 831
f 831 932 849
f 849 932 933
f 849 933 850
f 850 933 934
f 850 934 861
f 861 934 822
f 861 822 581
f 823 832 824
f 824 832 833
f 824 833 825
f 825 833 834
f 841 935 592
f 592 935 858
f 858 935 936
f 858 936 859
f 859 936 937
f 859 937 860
f 860 937 840
f 860 840 839
f 868 938 851
f 851 938 852
f 852 938 939
f 852 939 853
f 853 939 940
f 853 940 854
f 854 940 842
f 854 842 589
f 894 941 893
f 893 941 942
f 893 942 888
f 888 942 943
f 888 943 889
f 889 943 944
f 889 944 890
f 890 944 945
f 890 945 891
f 891 945 946
f 891 946 892
f 892 946 947
f 892 947 887
f 887 947 948
f 887 948 886
f 886 948 949
f 886 949 885
f 885 949 950
f 885 950 884
f 884 950 951
f 884 951 883
f 883 951 952
f 883 952 882
f 882 952 953
f 882 953 881
f 881 953 954
f 881 954 880
f 880 954 955
f 880 955 879
f 879 955 956
f 879 956 878
f 878 956 957
f 878 957 877
f 877 957 958
f 877 958 876
f 876 958 959
f 876 959 875
f 875 959 960
f 875 960 874
f 874 960 961
f 874 961 873
f 873 961 962
f 873 962 872
f 872 962 963
f 872 963 869
f 869 963 964
f 869 964 870
f 870 964 965
f 870 965 871
f 871 965 966
f 871 966 896
f 896 966 967
f 896 967 895
f 895 967 968
f 895 968 894
f 894 968 941
f 842 940 534
f 534 940 939
f 534 939 943
f 943 939 865
f 943 865 944
f 944 865 914
f 944 914 915
f 939 938 865
f 865 938 866
f 866 938 867
f 867 938 868
f 914 865 913
f 913 865 761
f 913 761 912
f 912 761 904
f 912 904 903
f 912 903 911
f 911 903 902
f 911 902 910
f 910 902 901
f 910 901 900
f 910 900 909
f 909 900 899
f 909 899 908
f 908 899 907
f 907 899 783
f 907 783 906
f 906 783 905
f 944 915 945
f 945 915 916
f 945 916 946
f 946 916 917
f 946 917 947
f 947 917 918
f 947 918 948
f 948 918 949
f 949 918 919
f 949 919 950
f 950 919 920
f 950 920 951
f 951 920 921
f 951 921 952
f 952 921 922
f 952 922 953
f 953 922 923
f 953 923 954
f 954 923 924
f 954 924 955
f 955 924 814
f 955 814 930
f 930 814 931
f 931 814 815
f 931 815 817
f 924 925 814
f 814 925 926
f 814 926 927
f 927 928 814
f 817 820 931
f 955 930 526
f 526 930 929
f 526 929 821
f 525 957 526
f 526 957 956
f 526 956 955
f 525 524 957
f 957 524 522
f 957 522 958
f 958 522 959
f 959 522 825
f 959 825 960
f 960 825 961
f 961 825 962
f 962 825 963
f 963 825 834
f 963 834 964
f 964 834 965
f 965 834 966
f 966 834 967
f 967 834 538
f 967 538 968
f 968 538 941
f 941 538 537
f 941 537 536
f 822 934 522
f 522 934 933
f 522 933 825
f 825 933 827
f 827 933 932
f 827 932 829
f 829 932 830
f 538 834 936
f 936 834 835
f 936 835 937
f 937 835 837
f 937 837 840
f 936 935 538
f 538 935 841
f 536 534 941
f 941 534 942
f 942 534 943
f 969 970 971
f 969 971 972
f 972 971 973
f 974 975 976
f 976 975 977
f 976 977 970
f 970 977 978
f 970 978 971
f 971 978 979
f 971 979 973
f 973 979 980
f 973 980 981
f 981 980 982
f 981 982 983
f 983 982 984
f 983 984 972
f 972 984 985
f 972 985 969
f 969 985 986
f 969 986 974
f 974 986 975
f 987 260 975
f 975 260 988
f 975 988 977
f 977 988 989
f 977 989 978
f 978 989 990
f 978 990 991
f 978 991 979
f 979 991 992
f 979 992 980
f 980 992 993
f 980 993 994
f 980 994 982
f 982 994 995
f 982 995 984
f 984 995 996
f 984 996 985
f 985 996 997
f 985 997 998
f 985 998 986
f 986 998 987
f 986 987 975
f 999 1000 1001
f 1001 1000 1002
f 1001 1002 1003
f 1003 1002 1004
f 1003 1004 1005
f 1005 1004 1006
f 1005 1006 1007
f 1007 1006 1008
f 1007 1008 1009
f 1009 1008 1010
f 1009 1010 1011
f 987 999 260
f 260 999 1001
f 260 1001 988
f 988 1001 1003
f 988 1003 989
f 989 1003 1005
f 989 1005 990
f 990 1005 1007
f 990 1007 991
f 991 1007 1009
f 991 1009 992
f 992 1009 1011
f 992 1011 993
f 993 1011 1010
f 993 1010 994
f 994 1010 1008
f 994 1008 995
f 995 1008 1006
f 995 1006 996
f 996 1006 1004
f 996 1004 997
f 997 1004 1002
f 997 1002 998
f 998 1002 1000
f 998 1000 987
f 987 1000 999
f 1012 1013 1014
f 1014 1013 1015
f 1015 1013 1016
f 1015 1016 1017
f 1017 1016 1018
f 1017 1018 1019
f 1019 1018 1020
f 1014 1021 1012
f 1012 1021 1022
f 1012 1022 1013
f 1013 1022 1023
f 1013 1023 1016
f 1016 1023 1024
f 1016 1024 1018
f 1018 1024 1025
f 1018 1025 1020
f 1020 1025 1026
f 1020 1026 1019
f 1019 1026 1027
f 1019 1027 1017
f 1017 1027 1028
f 1017 1028 1015
f 1015 1028 1029
f 1015 1029 1014
f 1014 1029 1021
f 1030 1021 1031
f 1031 1021 1029
f 1031 1029 1032
f 1032 1029 1028
f 1032 1028 1033
f 1033 1028 1027
f 1033 1027 1034
f 1034 1027 1026
f 1034 1026 1025
f 1021 1030 1022
f 1022 1030 1035
f 1022 1035 1023
f 1023 1035 1036
f 1023 1036 1024
f 1024 1036 1037
f 1024 1037 1025
f 1025 1037 1034
f 1034 1038 1033
f 1033 1038 1039
f 1036 1040 1037
f 1037 1040 1041
f 1038 1034 1042
f 1042 1034 1037
f 1042 1037 1041
f 1032 1043 1031
f 1031 1043 1044
f 1039 1045 1033
f 1033 1045 1032
f 1032 1045 1043
f 1030 1046 1035
f 1035 1046 1047
f 1040 1036 1048
f 1048 1036 1035
f 1048 1035 1047
f 1044 1049 1031
f 1031 1049 1030
f 1030 1049 1046
f 1050 1051 1052
f 1052 1051 1053
f 1053 1051 1054
f 1055 1056 1057
f 1057 1056 1058
f 1057 1058 1059
f 1060 1061 1062
f 1062 1061 1063
f 1063 1061 1064
f 1063 1064 1065
f 1065 1064 1066
f 1066 1064 1067
f 1042 1068 1038
f 1038 1068 1069
f 1038 1069 1039
f 1039 1069 1045
f 1048 1070 1040
f 1040 1070 1041
f 1041 1070 1071
f 1041 1071 1042
f 1045 1072 1043
f 1043 1072 1073
f 1043 1073 1044
f 1044 1073 1049
f 1049 1074 1046
f 1046 1074 1075
f 1046 1075 1047
f 1047 1075 1048
f 1076 1077 1078
f 1078 1077 1079
f 1078 1079 1080
f 1050 1081 1051
f 1051 1081 1078
f 1078 1081 1076
f 1050 1052 1081
f 1081 1052 1082
f 1082 1052 1053
f 1082 1053 1083
f 1083 1053 1054
f 1083 1054 1084
f 1060 1062 1078
f 1078 1062 1084
f 1078 1084 1054
f 1054 1051 1078
f 1078 1080 1060
f 1055 1085 1056
f 1056 1085 1086
f 1056 1086 1058
f 1058 1086 1087
f 1058 1087 1059
f 1059 1087 1088
f 1089 1085 1090
f 1090 1085 1057
f 1057 1085 1055
f 1089 1090 1091
f 1091 1090 1092
f 1092 1090 1093
f 1059 1088 1090
f 1090 1088 1066
f 1090 1066 1067
f 1067 1093 1090
f 1090 1057 1059
f 1094 1074 1095
f 1095 1074 1049
f 1095 1049 1073
f 1074 1094 1075
f 1075 1094 1096
f 1075 1096 1048
f 1048 1096 1097
f 1048 1097 1070
f 1070 1097 1071
f 1071 1097 1098
f 1071 1098 1042
f 1042 1098 1099
f 1042 1099 1068
f 1068 1099 1100
f 1068 1100 1069
f 1069 1100 1045
f 1045 1100 1101
f 1045 1101 1072
f 1072 1101 1102
f 1072 1102 1073
f 1073 1102 1095
f 1103 1086 1104
f 1104 1086 1085
f 1104 1085 1105
f 1105 1085 1089
f 1105 1089 1106
f 1106 1089 1091
f 1106 1091 1107
f 1107 1091 1092
f 1107 1092 1108
f 1108 1092 1067
f 1086 1103 1087
f 1087 1103 1109
f 1087 1109 1110
f 1111 1066 1110
f 1110 1066 1088
f 1110 1088 1087
f 1062 1112 1113
f 1062 1113 1084
f 1084 1113 1083
f 1083 1113 1114
f 1083 1114 1115
f 1083 1115 1082
f 1082 1115 1116
f 1082 1116 1081
f 1081 1116 1117
f 1081 1117 1076
f 1076 1117 1118
f 1076 1118 1077
f 1077 1118 1119
f 1077 1119 1079
f 1079 1119 1060
f 1079 1060 1080
f 1119 1120 1060
f 1093 1067 1092
f 1121 1099 1122
f 1122 1099 1098
f 1122 1098 1123
f 1123 1098 1097
f 1123 1097 1124
f 1124 1097 1096
f 1124 1096 1125
f 1125 1096 1094
f 1125 1094 1126
f 1126 1094 1095
f 1126 1095 1127
f 1127 1095 1102
f 1127 1102 1128
f 1128 1102 1101
f 1128 1101 1129
f 1129 1101 1100
f 1129 1100 1121
f 1121 1100 1099
f 1130 1117 1131
f 1131 1117 1116
f 1131 1116 1115
f 1132 1119 1130
f 1130 1119 1118
f 1130 1118 1117
f 1133 1108 1132
f 1132 1108 1134
f 1132 1134 1120
f 1135 1106 1133
f 1133 1106 1107
f 1133 1107 1108
f 1136 1104 1135
f 1135 1104 1105
f 1135 1105 1106
f 1137 1109 1136
f 1136 1109 1103
f 1136 1103 1104
f 1138 1111 1137
f 1137 1111 1110
f 1137 1110 1109
f 1139 1113 1138
f 1138 1113 1112
f 1138 1112 1140
f 1131 1115 1139
f 1139 1115 1114
f 1139 1114 1113
f 1120 1119 1132
f 1140 1111 1138
f 1123 1141 1122
f 1122 1141 1142
f 1122 1142 1121
f 1121 1142 1143
f 1121 1143 1129
f 1129 1143 1144
f 1129 1144 1128
f 1128 1144 1145
f 1128 1145 1127
f 1127 1145 1146
f 1127 1146 1126
f 1126 1146 1147
f 1126 1147 1125
f 1125 1147 1148
f 1125 1148 1124
f 1124 1148 1149
f 1124 1149 1123
f 1123 1149 1141
f 1150 1131 1151
f 1151 1131 1139
f 1151 1139 1152
f 1152 1139 1138
f 1152 1138 1153
f 1153 1138 1137
f 1153 1137 1154
f 1154 1137 1136
f 1154 1136 1155
f 1155 1136 1135
f 1155 1135 1156
f 1156 1135 1133
f 1156 1133 1157
f 1157 1133 1132
f 1157 1132 1158
f 1158 1132 1130
f 1158 1130 1150
f 1150 1130 1131
f 1159 1146 1160
f 1160 1146 1145
f 1160 1145 1161
f 1161 1145 1144
f 1161 1144 1162
f 1162 1144 1143
f 1162 1143 1163
f 1163 1143 1142
f 1163 1142 1164
f 1164 1142 1141
f 1164 1141 1165
f 1165 1141 1149
f 1165 1149 1166
f 1166 1149 1148
f 1166 1148 1167
f 1167 1148 1147
f 1167 1147 1159
f 1159 1147 1146
f 1168 1169 1151
f 1151 1169 1170
f 1151 1170 1150
f 1150 1170 1171
f 1150 1171 1158
f 1158 1171 1172
f 1158 1172 1157
f 1157 1172 1173
f 1157 1173 1174
f 1157 1174 1156
f 1156 1174 1175
f 1156 1175 1155
f 1155 1175 1176
f 1155 1176 1154
f 1154 1176 1177
f 1154 1177 1178
f 1154 1178 1153
f 1153 1178 1179
f 1153 1179 1152
f 1152 1179 1168
f 1152 1168 1151
f 1180 1181 1160
f 1160 1181 1182
f 1160 1182 1159
f 1159 1182 1183
f 1159 1183 1167
f 1167 1183 1184
f 1167 1184 1166
f 1166 1184 1185
f 1166 1185 1165
f 1165 1185 1186
f 1165 1186 1187
f 1165 1187 1164
f 1164 1187 1188
f 1164 1188 1163
f 1163 1188 1189
f 1163 1189 1162
f 1162 1189 1190
f 1162 1190 1161
f 1161 1190 1180
f 1161 1180 1160
f 1168 1191 1169
f 1169 1191 1192
f 1169 1192 1170
f 1170 1192 1193
f 1170 1193 1171
f 1171 1193 1194
f 1171 1194 1172
f 1172 1194 1195
f 1172 1195 1173
f 1173 1195 1196
f 1173 1196 1174
f 1174 1196 1197
f 1174 1197 1175
f 1175 1197 1198
f 1175 1198 1176
f 1176 1198 1199
f 1176 1199 1177
f 1177 1199 1200
f 1177 1200 1178
f 1178 1200 1201
f 1178 1201 1179
f 1179 1201 1202
f 1179 1202 1168
f 1168 1202 1191
f 1180 1203 1181
f 1181 1203 1204
f 1181 1204 1182
f 1182 1204 1205
f 1182 1205 1183
f 1183 1205 1206
f 1183 1206 1184
f 1184 1206 1207
f 1184 1207 1185
f 1185 1207 1208
f 1185 1208 1186
f 1186 1208 1209
f 1186 1209 1187
f 1187 1209 1210
f 1187 1210 1188
f 1188 1210 1211
f 1188 1211 1189
f 1189 1211 1212
f 1189 1212 1190
f 1190 1212 1213
f 1190 1213 1180
f 1180 1213 1203
f 1214 1215 1198
f 1198 1215 1216
f 1198 1216 1199
f 1199 1216 1217
f 1199 1217 1200
f 1200 1217 1218
f 1200 1218 1201
f 1201 1218 1219
f 1201 1219 1202
f 1202 1219 1220
f 1202 1220 1191
f 1191 1220 1221
f 1191 1221 1192
f 1192 1221 1222
f 1192 1222 1193
f 1193 1222 1223
f 1193 1223 1194
f 1194 1223 1224
f 1194 1224 1195
f 1195 1224 1225
f 1195 1225 1196
f 1196 1225 1226
f 1196 1226 1197
f 1197 1226 1214
f 1197 1214 1198
f 1204 1203 1227
f 1227 1203 1213
f 1227 1213 1228
f 1228 1213 1212
f 1228 1212 1229
f 1229 1212 1211
f 1229 1211 1230
f 1230 1211 1210
f 1230 1210 1231
f 1231 1210 1209
f 1231 1209 1232
f 1232 1209 1208
f 1232 1208 1207
f 1232 1207 1233
f 1233 1207 1206
f 1233 1206 1234
f 1234 1206 1205
f 1234 1205 1235
f 1235 1205 1204
f 1235 1204 1227
f 1236 1215 1237
f 1237 1215 1214
f 1237 1214 1238
f 1238 1214 1226
f 1238 1226 1239
f 1239 1226 1225
f 1239 1225 1240
f 1240 1225 1224
f 1240 1224 1241
f 1241 1224 1223
f 1241 1223 1242
f 1242 1223 1222
f 1242 1222 1243
f 1243 1222 1221
f 1243 1221 1244
f 1244 1221 1220
f 1244 1220 1245
f 1245 1220 1219
f 1245 1219 1246
f 1246 1219 1218
f 1246 1218 1247
f 1247 1218 1217
f 1247 1217 1248
f 1248 1217 1216
f 1248 1216 1236
f 1236 1216 1215
f 1249 1227 1250
f 1250 1227 1228
f 1250 1228 1251
f 1251 1228 1229
f 1251 1229 1252
f 1252 1229 1230
f 1252 1230 1253
f 1253 1230 1231
f 1253 1231 1254
f 1254 1231 1232
f 1254 1232 1255
f 1255 1232 1233
f 1255 1233 1256
f 1256 1233 1234
f 1256 1234 1257
f 1257 1234 1235
f 1257 1235 1249
f 1249 1235 1227
f 1236 1237 1250
f 1250 1237 1238
f 1250 1238 1249
f 1249 1238 1239
f 1249 1239 1257
f 1257 1239 1240
f 1257 1240 1241
f 1257 1241 1256
f 1256 1241 1242
f 1256 1242 1255
f 1255 1242 1243
f 1255 1243 1244
f 1255 1244 1254
f 1254 1244 1245
f 1254 1245 1253
f 1253 1245 1246
f 1253 1246 1252
f 1252 1246 1247
f 1252 1247 1248
f 1252 1248 1251
f 1251 1248 1236
f 1251 1236 1250
f 1258 1259 1260
f 1260 1259 1261
f 1260 1261 1262
f 1258 1263 1259
f 1259 1263 1264
f 1264 1263 1265
f 1264 1265 1266
f 1266 1265 1267
f 1266 1267 1268
f 1268 1267 1269
f 1268 1269 1270
f 1270 1269 1271
f 1270 1271 1272
f 1272 1271 1273
f 1272 1273 1274
f 1274 1273 1275
f 1274 1275 1276
f 1276 1275 1277
f 1276 1277 1278
f 1278 1277 1279
f 1278 1279 1280
f 1280 1279 1281
f 1280 1281 1282
f 1282 1281 1283
f 1282 1283 1284
f 1284 1283 1285
f 1284 1285 1286
f 1286 1285 1287
f 1286 1287 1288
f 1288 1287 1289
f 1288 1289 1290
f 1290 1289 1291
f 1290 1291 1292
f 1292 1291 1293
f 1292 1293 1294
f 1294 1293 1295
f 1294 1295 1296
f 1296 1295 1297
f 1296 1297 1298
f 1298 1297 1299
f 1298 1299 1300
f 1300 1299 1301
f 1300 1301 1302
f 1302 1301 1303
f 1302 1303 1304
f 1304 1303 1305
f 1304 1305 1306
f 1306 1305 1307
f 1306 1307 1308
f 1308 1307 1309
f 1308 1309 1310
f 1310 1309 1311
f 1310 1311 1312
f 1312 1311 1313
f 1312 1313 1314
f 1314 1313 1315
f 1314 1315 1316
f 1316 1315 1317
f 1316 1317 1318
f 1318 1317 1319
f 1318 1319 1320
f 1320 1319 1321
f 1320 1321 1322
f 1322 1321 1323
f 1322 1323 1324
f 1324 1323 1325
f 1325 1323 1326
f 1325 1326 1327
f 1325 1327 1328
f 1328 1327 1329
f 1328 1329 1330
f 1330 1329 1331
f 1330 1331 1332
f 1332 1331 1333
f 1332 1333 1334
f 1334 1333 1335
f 1334 1335 1336
f 1336 1335 1337
f 1336 1337 1338
f 1338 1337 1339
f 1338 1339 1340
f 1340 1339 1341
f 1340 1341 1342
f 1342 1341 1343
f 1342 1343 1344
f 1344 1343 1345
f 1344 1345 1346
f 1346 1345 1347
f 1346 1347 1348
f 1348 1347 1349
f 1348 1349 1350
f 1350 1349 1351
f 1350 1351 1352
f 1352 1351 1353
f 1352 1353 1354
f 1354 1353 1355
f 1354 1355 1356
f 1356 1355 1357
f 1356 1357 1358
f 1358 1357 1359
f 1358 1359 1360
f 1360 1359 1361
f 1360 1361 1362
f 1362 1361 1363
f 1362 1363 1364
f 1364 1363 1365
f 1364 1365 1366
f 1366 1365 1367
f 1366 1367 1368
f 1368 1367 1369
f 1368 1369 1370
f 1370 1369 1371
f 1370 1371 1372
f 1372 1371 1373
f 1372 1373 1374
f 1374 1373 1375
f 1374 1375 1376
f 1376 1375 1377
f 1376 1377 1378
f 1378 1377 1379
f 1378 1379 1380
f 1380 1379 1381
f 1380 1381 1382
f 1382 1381 1383
f 1382 1383 1384
f 1384 1383 1385
f 1384 1385 1262
f 1262 1385 1260
f 1386 1387 1388
f 1388 1387 1389
f 1388 1389 1390
f 1387 1386 1391
f 1391 1386 1392
f 1391 1392 1393
f 1391 1393 1394
f 1394 1393 1395
f 1394 1395 1396
f 1396 1395 1397
f 1397 1395 1398
f 1397 1398 1399
f 1399 1398 1400
f 1399 1400 1401
f 1399 1401 1402
f 1402 1401 1403
f 1402 1403 1404
f 1404 1403 1405
f 1405 1403 1406
f 1405 1406 1407
f 1407 1406 1408
f 1407 1408 1409
f 1407 1409 1410
f 1410 1409 1411
f 1410 1411 1412
f 1412 1411 1413
f 1413 1411 1414
f 1413 1414 1415
f 1415 1414 1416
f 1415 1416 1417
f 1415 1417 1418
f 1418 1417 1419
f 1418 1419 1420
f 1420 1419 1421
f 1421 1419 1422
f 1421 1422 1423
f 1423 1422 1424
f 1423 1424 1425
f 1423 1425 1426
f 1426 1425 1427
f 1426 1427 1428
f 1428 1427 1429
f 1429 1427 1430
f 1429 1430 1431
f 1431 1430 1432
f 1431 1432 1433
f 1431 1433 1434
f 1434 1433 1435
f 1434 1435 1436
f 1436 1435 1437
f 1437 1435 1438
f 1437 1438 1439
f 1439 1438 1440
f 1439 1440 1441
f 1439 1441 1442
f 1442 1441 1443
f 1442 1443 1444
f 1444 1443 1445
f 1445 1443 1446
f 1445 1446 1447
f 1447 1446 1448
f 1447 1448 1449
f 1447 1449 1450
f 1450 1449 1451
f 1450 1451 1452
f 1452 1451 1453
f 1453 1451 1454
f 1453 1454 1455
f 1455 1454 1456
f 1455 1456 1457
f 1455 1457 1458
f 1458 1457 1459
f 1458 1459 1460
f 1460 1459 1461
f 1461 1459 1462
f 1461 1462 1463
f 1463 1462 1464
f 1463 1464 1465
f 1463 1465 1466
f 1466 1465 1467
f 1466 1467 1468
f 1468 1467 1469
f 1469 1467 1470
f 1469 1470 1471
f 1471 1470 1472
f 1471 1472 1473
f 1471 1473 1474
f 1474 1473 1475
f 1474 1475 1476
f 1476 1475 1477
f 1477 1475 1478
f 1477 1478 1479
f 1479 1478 1480
f 1479 1480 1481
f 1479 1481 1482
f 1482 1481 1483
f 1482 1483 1484
f 1484 1483 1485
f 1485 1483 1486
f 1485 1486 1487
f 1487 1486 1488
f 1487 1488 1489
f 1487 1489 1490
f 1490 1489 1491
f 1490 1491 1492
f 1492 1491 1493
f 1493 1491 1494
f 1493 1494 1495
f 1495 1494 1496
f 1495 1496 1497
f 1495 1497 1498
f 1498 1497 1499
f 1498 1499 1500
f 1500 1499 1501
f 1501 1499 1502
f 1501 1502 1503
f 1503 1502 1504
f 1503 1504 1505
f 1503 1505 1506
f 1506 1505 1507
f 1506 1507 1508
f 1508 1507 1509
f 1509 1507 1510
f 1509 1510 1511
f 1511 1510 1512
f 1511 1512 1513
f 1511 1513 1390
f 1390 1513 1388
f 1514 1515 1516
f 1516 1515 1517
f 1518 1517 1519
f 1520 1519 1521
f 1522 1521 1523
f 1524 1523 1525
f 1524 1525 1526
f 1527 1526 1528
f 1529 1528 1514
f 1514 1530 1515
f 1515 1530 1531
f 1515 1531 1517
f 1517 1531 1532
f 1517 1532 1519
f 1519 1532 1533
f 1519 1533 1521
f 1521 1533 1534
f 1521 1534 1523
f 1523 1534 1535
f 1523 1535 1525
f 1525 1535 1536
f 1525 1536 1526
f 1526 1536 1537
f 1526 1537 1528
f 1528 1537 1538
f 1528 1538 1514
f 1514 1538 1530
f 970 1516 976
f 976 1516 1518
f 976 1518 974
f 974 1518 1539
f 974 1539 969
f 969 1539 1520
f 969 1520 972
f 972 1520 1522
f 972 1522 983
f 983 1522 1524
f 983 1524 981
f 981 1524 1527
f 981 1527 973
f 973 1527 1540
f 973 1540 971
f 971 1540 1529
f 971 1529 970
f 970 1529 1516
f 1541 1542 1530
f 1530 1542 1543
f 1530 1543 1531
f 1531 1543 1544
f 1531 1544 1532
f 1532 1544 1545
f 1532 1545 1546
f 1532 1546 1533
f 1533 1546 1547
f 1533 1547 1534
f 1534 1547 1548
f 1534 1548 1535
f 1535 1548 1549
f 1535 1549 1550
f 1535 1550 1536
f 1536 1550 1551
f 1536 1551 1537
f 1537 1551 1552
f 1537 1552 1553
f 1537 1553 1538
f 1538 1553 1541
f 1538 1541 1530
f 1554 1555 976
f 976 1555 1556
f 976 1556 970
f 970 1556 1557
f 970 1557 971
f 971 1557 1558
f 971 1558 1559
f 971 1559 973
f 973 1559 1560
f 973 1560 981
f 981 1560 1561
f 981 1561 1562
f 981 1562 983
f 983 1562 1563
f 983 1563 972
f 972 1563 1564
f 972 1564 969
f 969 1564 1565
f 969 1565 1566
f 969 1566 974
f 974 1566 1554
f 974 1554 976
f 1541 1555 1542
f 1542 1555 1554
f 1542 1554 1543
f 1543 1554 1566
f 1543 1566 1544
f 1544 1566 1565
f 1544 1565 1545
f 1545 1565 1564
f 1545 1564 1546
f 1546 1564 1563
f 1546 1563 1547
f 1547 1563 1562
f 1547 1562 1548
f 1548 1562 1561
f 1548 1561 1549
f 1549 1561 1560
f 1549 1560 1550
f 1550 1560 1559
f 1550 1559 1551
f 1551 1559 1558
f 1551 1558 1552
f 1552 1558 1557
f 1552 1557 1553
f 1553 1557 1556
f 1553 1556 1541
f 1541 1556 1555
f 1567 1568 1569
f 1569 1568 1570
f 1569 1570 1571
f 1571 1570 1572
f 1571 1572 1573
f 1573 1572 1574
f 1573 1574 1575
f 1575 1574 1576
f 1575 1576 1577
f 1577 1576 1578
f 1577 1578 1579
f 1579 1578 1580
f 1579 1580 1581
f 1581 1580 1582
f 1581 1582 1583
f 1583 1582 1584
f 1583 1584 1585
f 1585 1584 1586
f 1585 1586 1567
f 1567 1586 1568
f 1587 1588 1569
f 1569 1588 1589
f 1569 1589 1567
f 1567 1589 1590
f 1567 1590 1585
f 1585 1590 1591
f 1585 1591 1592
f 1585 1592 1583
f 1583 1592 1593
f 1583 1593 1581
f 1581 1593 1594
f 1581 1594 1595
f 1581 1595 1579
f 1579 1595 1596
f 1579 1596 1577
f 1577 1596 1597
f 1577 1597 1598
f 1577 1598 1575
f 1575 1598 1599
f 1575 1599 1573
f 1573 1599 1600
f 1573 1600 1601
f 1573 1601 1571
f 1571 1601 1587
f 1571 1587 1569
f 1572 1570 1602
f 1602 1570 1568
f 1602 1568 1603
f 1603 1568 1586
f 1603 1586 1604
f 1604 1586 1584
f 1604 1584 1605
f 1605 1584 1582
f 1605 1582 1606
f 1606 1582 1580
f 1606 1580 1607
f 1607 1580 1578
f 1607 1578 1608
f 1608 1578 1576
f 1608 1576 1609
f 1609 1576 1574
f 1609 1574 1610
f 1610 1574 1572
f 1610 1572 1602
f 1611 1588 1612
f 1612 1588 1587
f 1612 1587 1613
f 1613 1587 1601
f 1613 1601 1614
f 1614 1601 1600
f 1614 1600 1615
f 1615 1600 1599
f 1615 1599 1616
f 1616 1599 1598
f 1616 1598 1617
f 1617 1598 1597
f 1617 1597 1618
f 1618 1597 1596
f 1618 1596 1619
f 1619 1596 1595
f 1619 1595 1620
f 1620 1595 1594
f 1620 1594 1621
f 1621 1594 1593
f 1621 1593 1622
f 1622 1593 1592
f 1622 1592 1623
f 1623 1592 1591
f 1623 1591 1624
f 1624 1591 1590
f 1624 1590 1625
f 1625 1590 1589
f 1625 1589 1611
f 1611 1589 1588
f 1626 1602 1627
f 1627 1602 1603
f 1627 1603 1628
f 1628 1603 1604
f 1628 1604 1629
f 1629 1604 1605
f 1629 1605 1630
f 1630 1605 1606
f 1630 1606 1631
f 1631 1606 1607
f 1631 1607 1632
f 1632 1607 1608
f 1632 1608 1633
f 1633 1608 1609
f 1633 1609 1634
f 1634 1609 1610
f 1634 1610 1626
f 1626 1610 1602
f 1611 1612 1627
f 1627 1612 1613
f 1627 1613 1626
f 1626 1613 1614
f 1626 1614 1615
f 1626 1615 1634
f 1634 1615 1616
f 1634 1616 1633
f 1633 1616 1617
f 1633 1617 1618
f 1633 1618 1632
f 1632 1618 1619
f 1632 1619 1620
f 1632 1620 1631
f 1631 1620 1621
f 1631 1621 1630
f 1630 1621 1622
f 1630 1622 1623
f 1630 1623 1629
f 1629 1623 1624
f 1629 1624 1628
f 1628 1624 1625
f 1628 1625 1611
f 1628 1611 1627
f 1635 1636 1637
f 1637 1636 1638
f 1637 1638 1639
f 1639 1638 1640
f 1639 1640 1641
f 1641 1640 1642
f 1641 1642 1643
f 1643 1642 1644
f 1643 1644 1645
f 1645 1644 1646
f 1645 1646 1647
f 1647 1646 1648
f 1647 1648 1649
f 1649 1648 1650
f 1649 1650 1651
f 1651 1650 1652
f 1651 1652 1635
f 1635 1652 1636
f 1653 1654 1637
f 1637 1654 1655
f 1637 1655 1635
f 1635 1655 1656
f 1635 1656 1651
f 1651 1656 1657
f 1651 1657 1658
f 1651 1658 1649
f 1649 1658 1659
f 1649 1659 1647
f 1647 1659 1660
f 1647 1660 1661
f 1647 1661 1645
f 1645 1661 1662
f 1645 1662 1663
f 1645 1663 1643
f 1643 1663 1664
f 1643 1664 1641
f 1641 1664 1665
f 1641 1665 1666
f 1641 1666 1639
f 1639 1666 1653
f 1639 1653 1637
f 1638 1636 731
f 731 1636 1652
f 731 1652 1667
f 1667 1652 1650
f 1667 1650 1668
f 1668 1650 741
f 741 1650 1648
f 741 1648 1669
f 1669 1648 1646
f 1669 1646 1670
f 1670 1646 1644
f 1670 1644 1642
f 1670 1642 751
f 751 1642 1640
f 751 1640 1671
f 1671 1640 1672
f 1672 1640 1638
f 1672 1638 731
f 1673 1655 1674
f 1674 1655 1654
f 1674 1654 1675
f 1675 1654 1653
f 1675 1653 1676
f 1676 1653 1666
f 1676 1666 1677
f 1677 1666 1665
f 1677 1665 1678
f 1678 1665 1664
f 1678 1664 1679
f 1679 1664 1663
f 1679 1663 1680
f 1680 1663 1662
f 1680 1662 1681
f 1681 1662 1661
f 1681 1661 1682
f 1682 1661 1660
f 1682 1660 1683
f 1683 1660 1659
f 1683 1659 1684
f 1684 1659 1658
f 1684 1658 1685
f 1685 1658 1657
f 1685 1657 1686
f 1686 1657 1656
f 1686 1656 1673
f 1673 1656 1655
f 1687 731 1688
f 1688 731 1667
f 1688 1667 1689
f 1689 1667 1668
f 1689 1668 1690
f 1690 1668 741
f 1690 741 1691
f 1691 741 1669
f 1691 1669 1692
f 1692 1669 1670
f 1692 1670 1693
f 1693 1670 751
f 1693 751 1694
f 1694 751 1671
f 1694 1671 1695
f 1695 1671 1672
f 1695 1672 1687
f 1687 1672 731
f 1673 1674 1688
f 1688 1674 1675
f 1688 1675 1687
f 1687 1675 1676
f 1687 1676 1695
f 1695 1676 1677
f 1695 1677 1678
f 1695 1678 1694
f 1694 1678 1679
f 1694 1679 1693
f 1693 1679 1680
f 1693 1680 1681
f 1693 1681 1692
f 1692 1681 1682
f 1692 1682 1683
f 1692 1683 1691
f 1691 1683 1684
f 1691 1684 1690
f 1690 1684 1685
f 1690 1685 1686
f 1690 1686 1689
f 1689 1686 1673
f 1689 1673 1688
f 1696 1697 1698
f 1698 1697 1699
f 1698 1699 1700
f 1700 1699 1701
f 1700 1701 1702
f 1702 1701 1703
f 1702 1703 1704
f 1704 1703 1705
f 1704 1705 1706
f 1706 1705 1707
f 1706 1707 1708
f 1708 1707 1709
f 1708 1709 1710
f 1710 1709 1711
f 1710 1711 1712
f 1712 1711 1713
f 1712 1713 1696
f 1696 1713 1697
f 1714 1715 1698
f 1698 1715 1716
f 1698 1716 1696
f 1696 1716 1717
f 1696 1717 1718
f 1696 1718 1712
f 1712 1718 1719
f 1712 1719 1710
f 1710 1719 1720
f 1710 1720 1721
f 1710 1721 1708
f 1708 1721 1722
f 1708 1722 1706
f 1706 1722 1723
f 1706 1723 1724
f 1706 1724 1704
f 1704 1724 1725
f 1704 1725 1726
f 1704 1726 1702
f 1702 1726 1727
f 1702 1727 1700
f 1700 1727 1728
f 1700 1728 1714
f 1700 1714 1698
f 1699 1697 1729
f 1729 1697 1713
f 1729 1713 1730
f 1730 1713 1711
f 1730 1711 1731
f 1731 1711 1732
f 1732 1711 1709
f 1732 1709 1733
f 1733 1709 1707
f 1733 1707 1734
f 1734 1707 1705
f 1734 1705 1703
f 1734 1703 1735
f 1735 1703 1701
f 1735 1701 1736
f 1736 1701 1737
f 1737 1701 1699
f 1737 1699 1729
f 1738 1715 1739
f 1739 1715 1714
f 1739 1714 1740
f 1740 1714 1728
f 1740 1728 1741
f 1741 1728 1727
f 1741 1727 1742
f 1742 1727 1726
f 1742 1726 1743
f 1743 1726 1725
f 1743 1725 1744
f 1744 1725 1724
f 1744 1724 1745
f 1745 1724 1723
f 1745 1723 1746
f 1746 1723 1722
f 1746 1722 1747
f 1747 1722 1721
f 1747 1721 1748
f 1748 1721 1720
f 1748 1720 1749
f 1749 1720 1719
f 1749 1719 1750
f 1750 1719 1718
f 1750 1718 1751
f 1751 1718 1717
f 1751 1717 1752
f 1752 1717 1716
f 1752 1716 1738
f 1738 1716 1715
f 1753 1729 1754
f 1754 1729 1730
f 1754 1730 1755
f 1755 1730 1731
f 1755 1731 1756
f 1756 1731 1732
f 1756 1732 1757
f 1757 1732 1733
f 1757 1733 1758
f 1758 1733 1734
f 1758 1734 1759
f 1759 1734 1735
f 1759 1735 1760
f 1760 1735 1736
f 1760 1736 1761
f 1761 1736 1737
f 1761 1737 1753
f 1753 1737 1729
f 1738 1739 1754
f 1754 1739 1740
f 1754 1740 1753
f 1753 1740 1741
f 1753 1741 1742
f 1753 1742 1761
f 1761 1742 1743
f 1761 1743 1760
f 1760 1743 1744
f 1760 1744 1745
f 1760 1745 1759
f 1759 1745 1746
f 1759 1746 1747
f 1759 1747 1758
f 1758 1747 1748
f 1758 1748 1757
f 1757 1748 1749
f 1757 1749 1750
f 1757 1750 1756
f 1756 1750 1751
f 1756 1751 1755
f 1755 1751 1752
f 1755 1752 1738
f 1755 1738 1754
f 1762 1763 1764
f 1764 1763 1765
f 1764 1765 1766
f 1766 1765 1767
f 1766 1767 1768
f 1768 1767 1769
f 1768 1769 1770
f 1770 1769 1771
f 1770 1771 1772
f 1772 1771 1773
f 1772 1773 1774
f 1774 1773 1775
f 1774 1775 1776
f 1776 1775 1777
f 1776 1777 1778
f 1778 1777 1779
f 1778 1779 1780
f 1780 1779 1781
f 1780 1781 1782
f 1782 1781 1783
f 1782 1783 1784
f 1784 1783 1785
f 1784 1785 1786
f 1786 1785 1787
f 1786 1787 1788
f 1788 1787 1789
f 1788 1789 1790
f 1790 1789 1791
f 1790 1791 1762
f 1762 1791 1763
f 1792 1793 1794
f 1794 1793 1795
f 1794 1795 1796
f 1796 1795 1797
f 1796 1797 1798
f 1798 1797 1799
f 1798 1799 1800
f 1798 1800 1801
f 1801 1800 1802
f 1801 1802 1803
f 1803 1802 1804
f 1803 1804 1805
f 1803 1805 1806
f 1806 1805 1807
f 1806 1807 1808
f 1806 1808 1809
f 1809 1808 1810
f 1809 1810 1811
f 1811 1810 1812
f 1811 1812 1813
f 1811 1813 1814
f 1814 1813 1792
f 1814 1792 1794
f 1792 1815 1793
f 1793 1815 1816
f 1793 1816 1795
f 1795 1816 1817
f 1795 1817 1797
f 1797 1817 1818
f 1797 1818 1799
f 1799 1818 1819
f 1799 1819 1800
f 1800 1819 1820
f 1800 1820 1802
f 1802 1820 1821
f 1802 1821 1804
f 1804 1821 1805
f 1805 1821 1822
f 1805 1822 1807
f 1807 1822 1823
f 1807 1823 1824
f 1815 1792 1825
f 1825 1792 1813
f 1825 1813 1826
f 1826 1813 1812
f 1826 1812 1827
f 1827 1812 1810
f 1827 1810 1828
f 1828 1810 1808
f 1828 1808 1824
f 1824 1808 1807
f 1829 1794 1830
f 1830 1794 1796
f 1830 1796 1831
f 1831 1796 1798
f 1831 1798 1832
f 1832 1798 1801
f 1832 1801 1833
f 1833 1801 1803
f 1833 1803 1834
f 1834 1803 1806
f 1834 1806 1835
f 1835 1806 1809
f 1835 1809 1836
f 1836 1809 1811
f 1836 1811 1837
f 1837 1811 1814
f 1837 1814 1829
f 1829 1814 1794
f 1838 1839 1815
f 1815 1839 1840
f 1815 1840 1816
f 1816 1840 1841
f 1816 1841 1817
f 1817 1841 1842
f 1817 1842 1818
f 1818 1842 1843
f 1818 1843 1819
f 1819 1843 1844
f 1819 1844 1820
f 1820 1844 1845
f 1820 1845 1821
f 1821 1845 1846
f 1821 1846 1822
f 1822 1846 1847
f 1822 1847 1823
f 1823 1847 1848
f 1823 1848 1824
f 1824 1848 1849
f 1824 1849 1828
f 1828 1849 1850
f 1828 1850 1827
f 1827 1850 1851
f 1827 1851 1826
f 1826 1851 1852
f 1826 1852 1825
f 1825 1852 1838
f 1825 1838 1815
f 1853 1854 1830
f 1830 1854 1855
f 1830 1855 1829
f 1829 1855 1856
f 1829 1856 1837
f 1837 1856 1836
f 1836 1856 1857
f 1836 1857 1835
f 1835 1857 1858
f 1835 1858 1834
f 1834 1858 1859
f 1834 1859 1860
f 1834 1860 1833
f 1833 1860 1861
f 1833 1861 1832
f 1832 1861 1831
f 1831 1861 1853
f 1831 1853 1830
f 1838 1862 1839
f 1839 1862 1863
f 1839 1863 1840
f 1840 1863 1864
f 1840 1864 1841
f 1841 1864 1865
f 1841 1865 1842
f 1842 1865 1866
f 1842 1866 1843
f 1843 1866 1867
f 1843 1867 1844
f 1844 1867 1868
f 1844 1868 1845
f 1845 1868 1869
f 1845 1869 1846
f 1846 1869 1870
f 1846 1870 1847
f 1847 1870 1871
f 1847 1871 1848
f 1848 1871 1872
f 1848 1872 1849
f 1849 1872 1873
f 1849 1873 1850
f 1850 1873 1874
f 1850 1874 1851
f 1851 1874 1875
f 1851 1875 1852
f 1852 1875 1876
f 1852 1876 1838
f 1838 1876 1862
f 1853 1877 1854
f 1854 1877 1878
f 1854 1878 1855
f 1855 1878 1879
f 1855 1879 1856
f 1856 1879 1880
f 1856 1880 1857
f 1857 1880 1881
f 1857 1881 1858
f 1858 1881 1882
f 1858 1882 1859
f 1859 1882 1883
f 1859 1883 1860
f 1860 1883 1884
f 1860 1884 1861
f 1861 1884 1885
f 1861 1885 1853
f 1853 1885 1877
f 1863 1862 1877
f 1877 1862 1876
f 1877 1876 1878
f 1878 1876 1875
f 1878 1875 1874
f 1878 1874 1879
f 1879 1874 1873
f 1879 1873 1880
f 1880 1873 1872
f 1880 1872 1871
f 1880 1871 1881
f 1881 1871 1870
f 1881 1870 1882
f 1882 1870 1869
f 1882 1869 1868
f 1882 1868 1883
f 1883 1868 1867
f 1883 1867 1866
f 1883 1866 1884
f 1884 1866 1865
f 1884 1865 1885
f 1885 1865 1864
f 1885 1864 1863
f 1885 1863 1877
f 1886 1887 1888
f 1888 1887 1889
f 1888 1889 1890
f 1890 1889 1891
f 1890 1891 1892
f 1892 1891 1893
f 1892 1893 1894
f 1894 1893 1895
f 1894 1895 1896
f 1896 1895 1897
f 1896 1897 1898
f 1898 1897 1899
f 1898 1899 1900
f 1900 1899 1901
f 1900 1901 1902
f 1902 1901 1903
f 1902 1903 1904
f 1904 1903 1905
f 1904 1905 1906
f 1906 1905 1907
f 1906 1907 1908
f 1908 1907 1909
f 1908 1909 1910
f 1910 1909 1911
f 1910 1911 1912
f 1912 1911 1913
f 1912 1913 1914
f 1914 1913 1915
f 1914 1915 1886
f 1886 1915 1887
f 1916 1917 1918
f 1916 1918 1919
f 1919 1918 1920
f 1919 1920 1921
f 1921 1920 1922
f 1921 1922 1923
f 1921 1923 1924
f 1924 1923 1925
f 1924 1925 1926
f 1927 1928 1929
f 1929 1928 1930
f 1929 1930 1931
f 1931 1930 1932
f 1931 1932 1933
f 1933 1932 1934
f 1934 1932 1935
f 1934 1935 1936
f 1936 1935 1937
f 1938 1939 1940
f 1940 1939 1927
f 1940 1927 1917
f 1917 1927 1929
f 1917 1929 1918
f 1918 1929 1931
f 1918 1931 1920
f 1920 1931 1933
f 1920 1933 1922
f 1922 1933 1934
f 1922 1934 1923
f 1923 1934 1936
f 1923 1936 1925
f 1925 1936 1941
f 1925 1941 1942
f 1942 1941 1943
f 1942 1943 1944
f 1944 1943 1937
f 1944 1937 1926
f 1926 1937 1935
f 1926 1935 1924
f 1924 1935 1932
f 1924 1932 1921
f 1921 1932 1930
f 1921 1930 1919
f 1919 1930 1928
f 1919 1928 1916
f 1916 1928 1945
f 1916 1945 1938
f 1938 1945 1939
f 1946 1947 1948
f 1946 1948 1949
f 1949 1948 1950
f 1949 1950 1951
f 1951 1950 1952
f 1951 1952 1953
f 1951 1953 1954
f 1954 1953 1955
f 1954 1955 1956
f 1957 1958 1959
f 1959 1958 1960
f 1959 1960 1961
f 1961 1960 1962
f 1961 1962 1963
f 1963 1962 1964
f 1964 1962 1965
f 1964 1965 1966
f 1966 1965 1967
f 1968 1969 1970
f 1970 1969 1957
f 1970 1957 1947
f 1947 1957 1959
f 1947 1959 1948
f 1948 1959 1961
f 1948 1961 1950
f 1950 1961 1963
f 1950 1963 1952
f 1952 1963 1964
f 1952 1964 1953
f 1953 1964 1966
f 1953 1966 1955
f 1955 1966 1971
f 1955 1971 1972
f 1972 1971 1973
f 1972 1973 1974
f 1974 1973 1967
f 1974 1967 1956
f 1956 1967 1965
f 1956 1965 1954
f 1954 1965 1962
f 1954 1962 1951
f 1951 1962 1960
f 1951 1960 1949
f 1949 1960 1958
f 1949 1958 1946
f 1946 1958 1975
f 1946 1975 1968
f 1968 1975 1969
f 1976 1977 1978
f 1978 1977 1979
f 1980 1981 1982
f 1982 1981 1983
f 1984 1985 1986
f 1986 1985 1987
f 1988 1989 1990
f 1990 1989 1991
f 1983 1981 1992
f 1980 1993 1981
f 1981 1993 1992
f 1980 1982 1993
f 1987 1994 1986
f 1986 1994 1995
f 1987 1985 1994
f 1984 1986 1995
f 1996 1995 1997
f 1997 1995 1994
f 1997 1994 1998
f 1998 1994 1999
f 1999 1994 1985
f 1999 1985 2000
f 2000 1985 2001
f 2000 2001 2002
f 1995 1996 1984
f 1984 1996 2003
f 1984 2003 2004
f 2004 2003 2005
f 2005 2003 2006
f 2005 2006 2007
f 2007 2006 2008
f 2008 2006 2009
f 2008 2009 2010
f 2010 2009 2011
f 2010 2011 2012
f 2012 2011 2013
f 2012 2013 2014
f 2014 2013 2015
f 2014 2015 2016
f 2016 2015 2017
f 2016 2017 2018
f 2011 2019 2013
f 2013 2019 2020
f 2013 2020 2021
f 2021 2020 2022
f 2021 2022 2023
f 2023 2022 2024
f 2023 2024 2025
f 2025 2024 2026
f 2025 2026 2027
f 2027 2026 2028
f 2027 2028 2029
f 2029 2028 2030
f 2029 2030 2031
f 2031 2030 2032
f 2031 2032 1988
f 1988 2032 2033
f 1988 2033 2034
f 2034 2033 2035
f 2035 2033 2036
f 2035 2036 2037
f 2037 2036 2038
f 2037 2038 2039
f 2039 2038 2040
f 2039 2040 2041
f 2041 2040 2042
f 2041 2042 2019
f 2019 2042 2020
f 2043 2044 2019
f 2019 2044 2045
f 2019 2045 2046
f 2046 2045 2047
f 2046 2047 2048
f 2048 2047 2049
f 2049 2047 2050
f 2049 2050 2051
f 2051 2050 2052
f 2051 2052 2053
f 2053 2052 2054
f 2053 2054 2055
f 2055 2054 2056
f 2055 2056 2043
f 2043 2056 2057
f 2043 2057 2058
f 2059 1993 2055
f 2055 1993 1989
f 2055 1989 1988
f 2060 1978 2059
f 2059 1978 1979
f 2059 1979 1992
f 1992 1979 1983
f 1983 1979 1977
f 1983 1977 2061
f 2061 1977 2062
f 2061 2062 2063
f 2064 2065 2060
f 2060 2065 2066
f 2060 2066 1978
f 1978 2066 2067
f 1978 2067 2068
f 2064 2069 2065
f 2065 2070 2066
f 2066 2070 2071
f 2071 2070 2072
f 2071 2072 2073
f 2073 2072 2074
f 2073 2074 2075
f 2075 2074 2002
f 2002 2074 2000
f 1988 1990 2031
f 2031 1990 2076
f 2076 1990 2077
f 2077 1990 1991
f 2077 1991 2078
f 2078 1991 2079
f 2078 2079 2080
f 2080 2079 2005
f 2080 2005 2081
f 2081 2005 2082
f 2081 2082 2083
f 2083 2082 2084
f 2083 2084 2085
f 2085 2084 2086
f 2085 2086 2027
f 1989 1993 1991
f 1991 1993 1982
f 1991 1982 2087
f 2087 1982 1983
f 2087 1983 2061
f 2001 1985 2088
f 2088 1985 1984
f 2088 1984 2004
f 2058 2044 2043
f 2019 2046 2089
f 2089 2046 2090
f 2089 2090 2091
f 2091 2090 2092
f 2092 2090 2093
f 2092 2093 2094
f 2095 2096 2094
f 2094 2096 2097
f 2094 2097 2092
f 2053 2055 2095
f 2095 2055 1988
f 2095 1988 2096
f 2096 1988 2098
f 2098 1988 2099
f 2098 2099 2100
f 2100 2099 2101
f 2100 2101 2102
f 2019 2089 2041
f 2041 2089 2103
f 2041 2103 2104
f 2104 2103 2102
f 2102 2103 2105
f 2102 2105 2100
f 2034 2099 1988
f 2020 2042 2106
f 2106 2042 2107
f 2106 2107 2108
f 2108 2107 2109
f 2108 2109 2110
f 2032 2030 2110
f 2110 2030 2111
f 2110 2111 2108
f 2016 2018 2112
f 2112 2018 2086
f 2112 2086 2084
f 2007 2082 2005
f 2061 2063 2075
f 2075 2063 2113
f 2075 2113 2073
f 1978 2068 1976
f 1976 2068 2114
f 1976 2114 2062
f 2029 2085 2027
f 2087 2079 1991
f 1992 1993 2059
f 1977 1976 2062
f 2115 2116 2043
f 2043 2116 2055
f 2055 2116 2117
f 2055 2117 2059
f 2059 2117 2118
f 2059 2118 2060
f 2060 2118 2119
f 2060 2119 2064
f 2120 2069 2119
f 2119 2069 2064
f 2121 2065 2120
f 2120 2065 2069
f 2065 2121 2070
f 2070 2121 2122
f 2070 2122 2072
f 2072 2122 2123
f 2123 2124 2072
f 2072 2124 2074
f 2074 2124 2125
f 2074 2125 2000
f 2000 2125 1999
f 1999 2125 2126
f 2127 1998 2126
f 2126 1998 1999
f 1998 2127 1997
f 1997 2127 2128
f 1997 2128 1996
f 1996 2128 2129
f 2129 2130 1996
f 1996 2130 2003
f 2003 2130 2006
f 2006 2130 2131
f 2006 2131 2009
f 2009 2131 2132
f 2133 2011 2132
f 2132 2011 2009
f 2011 2133 2019
f 2019 2133 2134
f 2115 2043 2134
f 2134 2043 2019
f 2135 2005 2136
f 2136 2005 2079
f 2136 2079 2137
f 2137 2079 2087
f 2137 2087 2138
f 2138 2087 2061
f 2138 2061 2139
f 2139 2061 2075
f 2139 2075 2140
f 2140 2075 2002
f 2140 2002 2141
f 2141 2002 2001
f 2141 2001 2142
f 2142 2001 2088
f 2142 2088 2143
f 2143 2088 2004
f 2143 2004 2135
f 2135 2004 2005
f 2144 2085 2145
f 2145 2085 2029
f 2145 2029 2146
f 2146 2029 2031
f 2146 2031 2147
f 2147 2031 2076
f 2147 2076 2148
f 2148 2076 2077
f 2148 2077 2149
f 2149 2077 2078
f 2149 2078 2150
f 2150 2078 2080
f 2150 2080 2151
f 2151 2080 2081
f 2151 2081 2152
f 2152 2081 2083
f 2152 2083 2144
f 2144 2083 2085
f 2153 2062 2154
f 2154 2062 2114
f 2154 2114 2155
f 2155 2114 2068
f 2155 2068 2156
f 2156 2068 2067
f 2156 2067 2157
f 2157 2067 2066
f 2157 2066 2158
f 2158 2066 2071
f 2158 2071 2159
f 2159 2071 2073
f 2159 2073 2160
f 2160 2073 2113
f 2160 2113 2161
f 2161 2113 2063
f 2161 2063 2153
f 2153 2063 2062
f 2162 2012 2163
f 2163 2012 2014
f 2163 2014 2164
f 2164 2014 2016
f 2164 2016 2165
f 2165 2016 2112
f 2165 2112 2166
f 2166 2112 2084
f 2166 2084 2167
f 2167 2084 2082
f 2167 2082 2168
f 2168 2082 2007
f 2168 2007 2169
f 2169 2007 2008
f 2169 2008 2170
f 2170 2008 2010
f 2170 2010 2162
f 2162 2010 2012
f 2171 2013 2172
f 2172 2013 2021
f 2172 2021 2173
f 2173 2021 2023
f 2173 2023 2174
f 2174 2023 2025
f 2174 2025 2175
f 2175 2025 2027
f 2175 2027 2176
f 2176 2027 2086
f 2176 2086 2177
f 2177 2086 2018
f 2177 2018 2178
f 2178 2018 2017
f 2178 2017 2179
f 2179 2017 2015
f 2179 2015 2171
f 2171 2015 2013
f 2180 2020 2181
f 2181 2020 2106
f 2181 2106 2182
f 2182 2106 2108
f 2182 2108 2183
f 2183 2108 2111
f 2183 2111 2184
f 2184 2111 2030
f 2184 2030 2185
f 2185 2030 2028
f 2185 2028 2186
f 2186 2028 2026
f 2186 2026 2187
f 2187 2026 2024
f 2187 2024 2188
f 2188 2024 2022
f 2188 2022 2180
f 2180 2022 2020
f 2189 2042 2190
f 2190 2042 2040
f 2190 2040 2191
f 2191 2040 2038
f 2191 2038 2192
f 2192 2038 2036
f 2192 2036 2193
f 2193 2036 2033
f 2193 2033 2194
f 2194 2033 2032
f 2194 2032 2195
f 2195 2032 2110
f 2195 2110 2196
f 2196 2110 2109
f 2196 2109 2197
f 2197 2109 2107
f 2197 2107 2189
f 2189 2107 2042
f 2198 2041 2199
f 2199 2041 2104
f 2199 2104 2200
f 2200 2104 2102
f 2200 2102 2201
f 2201 2102 2101
f 2201 2101 2202
f 2202 2101 2099
f 2202 2099 2203
f 2203 2099 2034
f 2203 2034 2204
f 2204 2034 2035
f 2204 2035 2205
f 2205 2035 2037
f 2205 2037 2206
f 2206 2037 2039
f 2206 2039 2198
f 2198 2039 2041
f 2207 2089 2208
f 2208 2089 2091
f 2208 2091 2209
f 2209 2091 2092
f 2209 2092 2210
f 2210 2092 2097
f 2210 2097 2211
f 2211 2097 2096
f 2211 2096 2212
f 2212 2096 2098
f 2212 2098 2213
f 2213 2098 2100
f 2213 2100 2214
f 2214 2100 2105
f 2214 2105 2215
f 2215 2105 2103
f 2215 2103 2207
f 2207 2103 2089
f 2216 2046 2217
f 2217 2046 2048
f 2217 2048 2218
f 2218 2048 2049
f 2218 2049 2219
f 2219 2049 2051
f 2219 2051 2220
f 2220 2051 2053
f 2220 2053 2221
f 2221 2053 2095
f 2221 2095 2222
f 2222 2095 2094
f 2222 2094 2223
f 2223 2094 2093
f 2223 2093 2224
f 2224 2093 2090
f 2224 2090 2216
f 2216 2090 2046
f 2225 2045 2226
f 2226 2045 2044
f 2226 2044 2227
f 2227 2044 2058
f 2227 2058 2228
f 2228 2058 2057
f 2228 2057 2229
f 2229 2057 2056
f 2229 2056 2230
f 2230 2056 2054
f 2230 2054 2231
f 2231 2054 2052
f 2231 2052 2232
f 2232 2052 2050
f 2232 2050 2233
f 2233 2050 2047
f 2233 2047 2225
f 2225 2047 2045
f 2133 2172 2134
f 2134 2172 2181
f 2134 2181 2190
f 2190 2181 2182
f 2190 2182 2189
f 2189 2182 2183
f 2189 2183 2197
f 2197 2183 2196
f 2196 2183 2184
f 2196 2184 2185
f 2132 2162 2133
f 2133 2162 2163
f 2133 2163 2172
f 2172 2163 2164
f 2172 2164 2171
f 2171 2164 2165
f 2171 2165 2179
f 2179 2165 2178
f 2178 2165 2166
f 2178 2166 2167
f 2162 2132 2170
f 2170 2132 2131
f 2170 2131 2169
f 2169 2131 2136
f 2169 2136 2168
f 2168 2136 2152
f 2168 2152 2144
f 2131 2130 2136
f 2136 2130 2135
f 2135 2130 2129
f 2135 2129 2143
f 2143 2129 2128
f 2143 2128 2127
f 2143 2127 2142
f 2142 2127 2126
f 2142 2126 2125
f 2142 2125 2141
f 2141 2125 2124
f 2141 2124 2140
f 2140 2124 2160
f 2140 2160 2161
f 2124 2123 2160
f 2160 2123 2159
f 2159 2123 2122
f 2159 2122 2158
f 2158 2122 2121
f 2158 2121 2118
f 2118 2121 2119
f 2119 2121 2120
f 2117 2156 2118
f 2118 2156 2157
f 2118 2157 2158
f 2116 2138 2117
f 2117 2138 2154
f 2117 2154 2155
f 2115 2230 2116
f 2116 2230 2231
f 2116 2231 2221
f 2221 2231 2232
f 2221 2232 2220
f 2220 2232 2233
f 2220 2233 2219
f 2219 2233 2225
f 2219 2225 2218
f 2218 2225 2217
f 2217 2225 2226
f 2217 2226 2134
f 2134 2226 2227
f 2134 2227 2115
f 2115 2227 2228
f 2115 2228 2229
f 2229 2230 2115
f 2221 2222 2116
f 2116 2222 2212
f 2116 2212 2213
f 2222 2223 2212
f 2212 2223 2211
f 2211 2223 2210
f 2210 2223 2224
f 2210 2224 2216
f 2217 2208 2216
f 2216 2208 2209
f 2216 2209 2210
f 2116 2213 2203
f 2203 2213 2214
f 2203 2214 2202
f 2202 2214 2201
f 2201 2214 2215
f 2201 2215 2207
f 2208 2199 2207
f 2207 2199 2200
f 2207 2200 2201
f 2116 2203 2148
f 2148 2203 2204
f 2148 2204 2147
f 2147 2204 2194
f 2147 2194 2195
f 2204 2205 2194
f 2194 2205 2193
f 2193 2205 2192
f 2192 2205 2206
f 2192 2206 2198
f 2192 2198 2191
f 2191 2198 2199
f 2191 2199 2190
f 2190 2199 2134
f 2147 2195 2185
f 2185 2195 2196
f 2147 2185 2146
f 2146 2185 2186
f 2146 2186 2176
f 2176 2186 2187
f 2176 2187 2175
f 2175 2187 2188
f 2175 2188 2174
f 2174 2188 2180
f 2174 2180 2173
f 2173 2180 2181
f 2173 2181 2172
f 2146 2176 2145
f 2145 2176 2177
f 2145 2177 2167
f 2167 2177 2178
f 2145 2167 2144
f 2144 2167 2168
f 2155 2156 2117
f 2161 2153 2140
f 2140 2153 2139
f 2139 2153 2154
f 2139 2154 2138
f 2148 2149 2116
f 2116 2149 2138
f 2149 2150 2138
f 2138 2150 2137
f 2137 2150 2151
f 2137 2151 2136
f 2136 2151 2152
f 2208 2217 2134
f 2199 2208 2134
f 2234 2235 2236
f 2236 2235 2237
f 2236 2237 2238
f 2238 2237 2239
f 2239 2237 2240
f 2239 2240 2241
f 2237 2242 2240
f 2240 2242 2243
f 2240 2243 2244
f 2244 2245 2246
f 2247 2248 2242
f 2242 2248 2243
f 2244 2246 2249
f 2249 2250 2241
f 2241 2250 2251
f 2241 2251 2252
f 2252 2251 2253
f 2252 2253 2254
f 2254 2253 2255
f 2254 2255 2256
f 2256 2255 2257
f 2256 2257 2258
f 2258 2257 2259
f 2258 2259 2260
f 2260 2259 2261
f 2260 2261 2262
f 2262 2261 2263
f 2262 2263 2264
f 2264 2263 2265
f 2264 2265 2266
f 2266 2265 2267
f 2266 2267 2268
f 2268 2267 2269
f 2268 2269 2270
f 2270 2269 2271
f 2270 2271 2272
f 2272 2271 2273
f 2272 2273 2274
f 2274 2273 2275
f 2274 2275 2276
f 2276 2275 2277
f 2276 2277 2278
f 2278 2277 2279
f 2250 2280 2251
f 2251 2280 2281
f 2253 2282 2255
f 2255 2282 2283
f 2257 2284 2259
f 2259 2284 2285
f 2261 2286 2263
f 2263 2286 2287
f 2265 2288 2267
f 2267 2288 2289
f 2269 2290 2271
f 2271 2290 2291
f 2273 2292 2275
f 2275 2292 2293
f 2277 2294 2279
f 2279 2294 2295
f 2296 2297 2278
f 2278 2297 2298
f 2298 2299 2300
f 2300 2299 2301
f 2301 2299 2302
f 2303 2304 2300
f 2300 2304 2305
f 2300 2305 2298
f 2306 2307 2303
f 2303 2307 2308
f 2303 2308 2304
f 2304 2308 2309
f 2309 2308 2310
f 2309 2310 2270
f 2308 2311 2310
f 2310 2311 2312
f 2310 2312 2313
f 2313 2312 2314
f 2313 2314 2266
f 2315 2316 2311
f 2311 2316 2312
f 2312 2317 2314
f 2314 2317 2318
f 2314 2318 2319
f 2319 2318 2320
f 2319 2320 2262
f 2321 2322 2317
f 2317 2322 2318
f 2318 2323 2320
f 2320 2323 2324
f 2320 2324 2325
f 2325 2324 2326
f 2325 2326 2258
f 2327 2328 2323
f 2323 2328 2324
f 2324 2329 2326
f 2326 2329 2330
f 2326 2330 2331
f 2331 2330 2238
f 2331 2238 2254
f 2332 2333 2329
f 2329 2333 2330
f 2330 2236 2238
f 2304 2274 2305
f 2305 2274 2276
f 2272 2309 2270
f 2264 2319 2262
f 2256 2331 2254
f 2252 2239 2241
f 2260 2325 2258
f 2268 2313 2266
f 2274 2334 2272
f 2272 2334 2335
f 2266 2336 2264
f 2264 2336 2337
f 2258 2338 2256
f 2256 2338 2339
f 2241 2340 2249
f 2249 2340 2341
f 2254 2342 2252
f 2252 2342 2343
f 2262 2344 2260
f 2260 2344 2345
f 2270 2346 2268
f 2268 2346 2347
f 2278 2348 2276
f 2276 2348 2349
f 2237 2235 2350
f 2350 2235 2351
f 2297 2296 2352
f 2352 2296 2353
f 2246 2245 2354
f 2354 2245 2355
f 2356 2335 2334
f 2274 2304 2334
f 2334 2304 2357
f 2335 2358 2272
f 2272 2358 2309
f 2359 2337 2336
f 2266 2314 2336
f 2336 2314 2360
f 2337 2361 2264
f 2264 2361 2319
f 2362 2339 2338
f 2258 2326 2338
f 2338 2326 2363
f 2339 2364 2256
f 2256 2364 2331
f 2365 2341 2340
f 2241 2240 2340
f 2340 2240 2366
f 2341 2367 2249
f 2249 2367 2244
f 2368 2343 2342
f 2254 2238 2342
f 2342 2238 2369
f 2343 2370 2252
f 2252 2370 2239
f 2371 2345 2344
f 2262 2320 2344
f 2344 2320 2372
f 2345 2373 2260
f 2260 2373 2325
f 2374 2347 2346
f 2270 2310 2346
f 2346 2310 2375
f 2347 2376 2268
f 2268 2376 2313
f 2377 2349 2348
f 2278 2298 2348
f 2348 2298 2378
f 2349 2379 2276
f 2276 2379 2305
f 2234 2380 2235
f 2235 2380 2351
f 2237 2350 2242
f 2242 2350 2381
f 2382 2383 2384
f 2382 2384 2385
f 2385 2384 2386
f 2386 2384 2387
f 2386 2387 2388
f 2354 2355 2383
f 2383 2355 2389
f 2389 2390 2391
f 2391 2390 2381
f 2391 2381 2392
f 2392 2381 2350
f 2392 2350 2393
f 2393 2350 2394
f 2393 2394 2395
f 2395 2394 2396
f 2395 2396 2397
f 2397 2396 2398
f 2397 2398 2399
f 2399 2398 2400
f 2399 2400 2401
f 2401 2400 2402
f 2401 2402 2403
f 2403 2402 2404
f 2403 2404 2405
f 2405 2404 2406
f 2405 2406 2407
f 2407 2406 2408
f 2407 2408 2409
f 2409 2408 2410
f 2409 2410 2411
f 2411 2410 2412
f 2411 2412 2413
f 2413 2412 2414
f 2413 2414 2415
f 2415 2414 2416
f 2415 2416 2417
f 2417 2416 2418
f 2390 2419 2381
f 2381 2419 2420
f 2350 2351 2394
f 2394 2351 2380
f 2396 2421 2398
f 2398 2421 2422
f 2400 2423 2402
f 2402 2423 2424
f 2404 2425 2406
f 2406 2425 2426
f 2408 2427 2410
f 2410 2427 2428
f 2412 2429 2414
f 2414 2429 2430
f 2416 2431 2418
f 2418 2431 2432
f 2352 2353 2417
f 2417 2353 2433
f 2433 2434 2435
f 2435 2434 2436
f 2436 2434 2437
f 2438 2439 2435
f 2435 2439 2440
f 2435 2440 2433
f 2441 2442 2438
f 2438 2442 2443
f 2438 2443 2439
f 2439 2443 2444
f 2444 2443 2445
f 2444 2445 2409
f 2443 2446 2445
f 2445 2446 2447
f 2445 2447 2448
f 2448 2447 2449
f 2448 2449 2405
f 2450 2451 2446
f 2446 2451 2447
f 2447 2452 2449
f 2449 2452 2453
f 2449 2453 2454
f 2454 2453 2455
f 2454 2455 2401
f 2456 2457 2452
f 2452 2457 2453
f 2453 2458 2455
f 2455 2458 2459
f 2455 2459 2460
f 2460 2459 2461
f 2460 2461 2397
f 2462 2463 2458
f 2458 2463 2459
f 2459 2464 2461
f 2461 2464 2465
f 2461 2465 2466
f 2466 2465 2388
f 2466 2388 2393
f 2467 2468 2464
f 2464 2468 2465
f 2465 2469 2388
f 2388 2469 2386
f 2470 2471 2469
f 2469 2471 2386
f 2472 2473 2385
f 2385 2473 2382
f 2415 2440 2413
f 2413 2440 2439
f 2411 2444 2409
f 2407 2448 2405
f 2403 2454 2401
f 2399 2460 2397
f 2395 2466 2393
f 2392 2387 2391
f 2391 2387 2384
f 2279 2434 2296
f 2296 2434 2353
f 2297 2352 2299
f 2299 2352 2418
f 2243 2390 2245
f 2245 2390 2355
f 2246 2354 2250
f 2250 2354 2382
f 2358 2335 2474
f 2334 2357 2356
f 2309 2358 2304
f 2304 2358 2357
f 2361 2337 2475
f 2336 2360 2359
f 2319 2361 2314
f 2314 2361 2360
f 2364 2339 2476
f 2338 2363 2362
f 2331 2364 2326
f 2326 2364 2363
f 2367 2341 2477
f 2340 2366 2365
f 2244 2367 2240
f 2240 2367 2366
f 2370 2343 2478
f 2342 2369 2368
f 2239 2370 2238
f 2238 2370 2369
f 2373 2345 2479
f 2344 2372 2371
f 2325 2373 2320
f 2320 2373 2372
f 2376 2347 2480
f 2346 2375 2374
f 2313 2376 2310
f 2310 2376 2375
f 2379 2349 2481
f 2348 2378 2377
f 2305 2379 2298
f 2298 2379 2378
f 2234 2236 2380
f 2380 2236 2394
f 2247 2242 2420
f 2420 2242 2381
f 2440 2415 2482
f 2482 2415 2483
f 2484 2483 2485
f 2485 2483 2486
f 2440 2482 2433
f 2433 2482 2487
f 2444 2411 2488
f 2488 2411 2489
f 2490 2489 2491
f 2491 2489 2492
f 2444 2488 2439
f 2439 2488 2493
f 2448 2407 2494
f 2494 2407 2495
f 2496 2495 2497
f 2497 2495 2498
f 2448 2494 2445
f 2445 2494 2499
f 2454 2403 2500
f 2500 2403 2501
f 2502 2501 2503
f 2503 2501 2504
f 2454 2500 2449
f 2449 2500 2505
f 2460 2399 2506
f 2506 2399 2507
f 2508 2507 2509
f 2509 2507 2510
f 2460 2506 2455
f 2455 2506 2511
f 2466 2395 2512
f 2512 2395 2513
f 2514 2513 2515
f 2515 2513 2516
f 2466 2512 2461
f 2461 2512 2517
f 2387 2392 2518
f 2518 2392 2519
f 2520 2519 2521
f 2521 2519 2522
f 2387 2518 2388
f 2388 2518 2523
f 2524 2389 2525
f 2525 2389 2391
f 2383 2389 2526
f 2526 2389 2524
f 2527 2524 2528
f 2528 2524 2529
f 2383 2526 2384
f 2384 2526 2530
f 2279 2295 2434
f 2434 2295 2437
f 2302 2299 2432
f 2432 2299 2418
f 2243 2248 2390
f 2390 2248 2419
f 2280 2250 2473
f 2473 2250 2382
f 2357 2358 2531
f 2360 2361 2532
f 2363 2364 2533
f 2366 2367 2534
f 2369 2370 2535
f 2372 2373 2536
f 2375 2376 2537
f 2378 2379 2538
f 2330 2396 2236
f 2236 2396 2394
f 2247 2420 2248
f 2248 2420 2419
f 2539 2540 2483
f 2483 2540 2486
f 2486 2541 2485
f 2484 2485 2542
f 2543 2544 2489
f 2489 2544 2492
f 2492 2545 2491
f 2490 2491 2546
f 2546 2491 2547
f 2548 2549 2495
f 2495 2549 2498
f 2498 2550 2497
f 2496 2497 2551
f 2551 2497 2552
f 2553 2554 2501
f 2501 2554 2504
f 2504 2555 2503
f 2502 2503 2556
f 2556 2503 2557
f 2558 2559 2507
f 2507 2559 2510
f 2510 2560 2509
f 2508 2509 2561
f 2561 2509 2562
f 2563 2564 2513
f 2513 2564 2516
f 2516 2565 2515
f 2514 2515 2566
f 2566 2515 2567
f 2568 2569 2519
f 2519 2569 2522
f 2522 2570 2521
f 2520 2521 2571
f 2571 2521 2572
f 2525 2573 2524
f 2524 2573 2529
f 2529 2574 2528
f 2527 2528 2575
f 2575 2528 2576
f 2294 2436 2295
f 2295 2436 2437
f 2302 2432 2301
f 2301 2432 2431
f 2280 2473 2281
f 2281 2473 2472
f 2330 2333 2396
f 2396 2333 2421
f 2577 2486 2540
f 2539 2542 2485
f 2539 2485 2540
f 2417 2433 2539
f 2539 2433 2487
f 2578 2492 2544
f 2543 2546 2547
f 2543 2547 2544
f 2413 2439 2543
f 2543 2439 2493
f 2547 2491 2579
f 2580 2498 2549
f 2548 2551 2552
f 2548 2552 2549
f 2409 2445 2548
f 2548 2445 2499
f 2552 2497 2581
f 2582 2504 2554
f 2553 2556 2557
f 2553 2557 2554
f 2405 2449 2553
f 2553 2449 2505
f 2557 2503 2583
f 2584 2510 2559
f 2558 2561 2562
f 2558 2562 2559
f 2401 2455 2558
f 2558 2455 2511
f 2562 2509 2585
f 2586 2516 2564
f 2563 2566 2567
f 2563 2567 2564
f 2397 2461 2563
f 2563 2461 2517
f 2567 2515 2587
f 2588 2522 2569
f 2568 2571 2572
f 2568 2572 2569
f 2393 2388 2568
f 2568 2388 2523
f 2572 2521 2589
f 2590 2529 2573
f 2525 2575 2576
f 2525 2576 2573
f 2391 2384 2525
f 2525 2384 2530
f 2576 2528 2591
f 2294 2277 2436
f 2436 2277 2435
f 2300 2301 2416
f 2416 2301 2431
f 2251 2281 2385
f 2385 2281 2472
f 2332 2422 2333
f 2333 2422 2421
f 2485 2577 2540
f 2547 2578 2544
f 2552 2580 2549
f 2557 2582 2554
f 2562 2584 2559
f 2567 2586 2564
f 2572 2588 2569
f 2576 2590 2573
f 2275 2438 2277
f 2277 2438 2435
f 2300 2416 2303
f 2303 2416 2414
f 2251 2385 2253
f 2253 2385 2386
f 2332 2329 2422
f 2422 2329 2398
f 2275 2293 2438
f 2438 2293 2441
f 2306 2303 2430
f 2430 2303 2414
f 2282 2253 2471
f 2471 2253 2386
f 2324 2400 2329
f 2329 2400 2398
f 2292 2442 2293
f 2293 2442 2441
f 2306 2430 2307
f 2307 2430 2429
f 2282 2471 2283
f 2283 2471 2470
f 2324 2328 2400
f 2400 2328 2423
f 2292 2273 2442
f 2442 2273 2443
f 2308 2307 2412
f 2412 2307 2429
f 2255 2283 2469
f 2469 2283 2470
f 2327 2424 2328
f 2328 2424 2423
f 2271 2446 2273
f 2273 2446 2443
f 2308 2412 2311
f 2311 2412 2410
f 2255 2469 2257
f 2257 2469 2465
f 2327 2323 2424
f 2424 2323 2402
f 2271 2291 2446
f 2446 2291 2450
f 2315 2311 2428
f 2428 2311 2410
f 2284 2257 2468
f 2468 2257 2465
f 2318 2404 2323
f 2323 2404 2402
f 2290 2451 2291
f 2291 2451 2450
f 2315 2428 2316
f 2316 2428 2427
f 2284 2468 2285
f 2285 2468 2467
f 2318 2322 2404
f 2404 2322 2425
f 2290 2269 2451
f 2451 2269 2447
f 2312 2316 2408
f 2408 2316 2427
f 2259 2285 2464
f 2464 2285 2467
f 2321 2426 2322
f 2322 2426 2425
f 2267 2452 2269
f 2269 2452 2447
f 2312 2408 2317
f 2317 2408 2406
f 2259 2464 2261
f 2261 2464 2459
f 2321 2317 2426
f 2426 2317 2406
f 2267 2289 2452
f 2452 2289 2456
f 2286 2261 2463
f 2463 2261 2459
f 2288 2457 2289
f 2289 2457 2456
f 2286 2463 2287
f 2287 2463 2462
f 2288 2265 2457
f 2457 2265 2453
f 2263 2287 2458
f 2458 2287 2462
f 2263 2458 2265
f 2265 2458 2453
f 2592 2593 2594
f 2594 2593 2595
f 2596 2593 2597
f 2597 2593 2592
f 2598 2594 2599
f 2599 2594 2595
f 2600 2601 2602
f 2602 2601 2603
f 2602 2603 2604
f 2600 2605 2601
f 2601 2605 2606
f 2606 2605 2607
f 2607 2605 2608
f 2608 2605 2609
f 2610 2609 2611
f 2612 2609 2602
f 2612 2602 2604
f 2613 2600 2614
f 2614 2600 2615
f 2614 2615 2616
f 2600 2613 2617
f 2617 2618 2600
f 2600 2618 2605
f 2605 2618 2619
f 2605 2619 2620
f 2605 2620 2621
f 2621 2622 2605
f 2605 2622 2623
f 2623 2622 2624
f 2625 2602 2626
f 2626 2602 2627
f 2626 2627 2628
f 2602 2625 2629
f 2629 2630 2602
f 2602 2630 2600
f 2600 2630 2631
f 2600 2631 2632
f 2600 2632 2633
f 2633 2634 2600
f 2600 2634 2615
f 2615 2634 2635
f 2636 2637 2638
f 2638 2637 2609
f 2609 2637 2639
f 2609 2639 2640
f 2640 2641 2609
f 2609 2641 2642
f 2609 2642 2602
f 2602 2642 2643
f 2602 2643 2644
f 2644 2645 2602
f 2602 2645 2627
f 2627 2645 2646
f 2647 2605 2648
f 2648 2605 2623
f 2648 2623 2649
f 2605 2647 2650
f 2650 2651 2605
f 2605 2651 2652
f 2605 2652 2609
f 2609 2652 2653
f 2609 2653 2654
f 2654 2655 2609
f 2609 2655 2638
f 2638 2655 2656
f 2657 2658 2659
f 2659 2658 2660
f 2659 2660 2661
f 2661 2660 2662
f 2661 2662 2663
f 2663 2662 2664
f 2663 2664 2665
f 2665 2664 2666
f 2665 2666 2667
f 2667 2666 2668
f 2667 2668 2669
f 2669 2668 2670
f 2669 2670 2671
f 2671 2670 2672
f 2671 2672 2673
f 2673 2672 2674
f 2673 2674 2675
f 2675 2674 2676
f 2675 2676 2677
f 2677 2676 2678
f 2677 2678 2679
f 2679 2678 2680
f 2679 2680 2681
f 2681 2680 2682
f 2681 2682 2683
f 2683 2682 2684
f 2683 2684 2657
f 2657 2684 2658
f 2658 2676 2660
f 2660 2676 2674
f 2660 2674 2662
f 2662 2674 2672
f 2662 2672 2664
f 2664 2672 2670
f 2676 2658 2678
f 2678 2658 2684
f 2685 2686 2687
f 2687 2686 2688
f 2687 2688 2689
f 2689 2688 2690
f 2689 2690 2691
f 2691 2690 2692
f 2691 2692 2693
f 2693 2692 2694
f 2693 2694 2695
f 2695 2694 2696
f 2695 2696 2697
f 2697 2696 2698
f 2697 2698 2699
f 2699 2698 2700
f 2700 2698 2701
f 2700 2701 2702
f 2702 2701 2703
f 2702 2703 2704
f 2686 2685 2705
f 2705 2685 2706
f 2705 2706 2707
f 2707 2706 2708
f 2707 2708 2709
f 2709 2708 2710
f 2709 2710 2711
f 2711 2710 2712
f 2711 2712 2704
f 2704 2712 2702
f 2713 2714 2700
f 2700 2714 2715
f 2700 2715 2699
f 2699 2715 2716
f 2699 2716 2697
f 2697 2716 2717
f 2697 2717 2695
f 2695 2717 2718
f 2695 2718 2693
f 2693 2718 2719
f 2693 2719 2691
f 2691 2719 2720
f 2691 2720 2689
f 2689 2720 2721
f 2689 2721 2687
f 2687 2721 2722
f 2687 2722 2723
f 2687 2723 2685
f 2685 2723 2724
f 2685 2724 2706
f 2706 2724 2725
f 2706 2725 2708
f 2708 2725 2726
f 2708 2726 2710
f 2710 2726 2727
f 2710 2727 2712
f 2712 2727 2728
f 2712 2728 2702
f 2702 2728 2713
f 2702 2713 2700
f 2729 2730 2701
f 2701 2730 2731
f 2701 2731 2703
f 2703 2731 2732
f 2703 2732 2704
f 2704 2732 2733
f 2704 2733 2711
f 2711 2733 2734
f 2711 2734 2709
f 2709 2734 2735
f 2709 2735 2707
f 2707 2735 2736
f 2707 2736 2705
f 2705 2736 2737
f 2705 2737 2686
f 2686 2737 2738
f 2686 2738 2739
f 2686 2739 2688
f 2688 2739 2740
f 2688 2740 2690
f 2690 2740 2741
f 2690 2741 2692
f 2692 2741 2742
f 2692 2742 2694
f 2694 2742 2743
f 2694 2743 2696
f 2696 2743 2744
f 2696 2744 2698
f 2698 2744 2729
f 2698 2729 2701
f 2745 2746 2747
f 2747 2746 2748
f 2747 2748 2749
f 2749 2748 2750
f 2749 2750 2751
f 2751 2750 2752
f 2751 2752 2753
f 2753 2752 2754
f 2753 2754 2755
f 2756 2757 2758
f 2758 2759 2760
f 2761 2762 2756
f 2756 2762 2763
f 2756 2763 2764
f 2765 2766 2761
f 2761 2766 2767
f 2761 2767 2768
f 2769 2770 2765
f 2765 2770 2771
f 2765 2771 2772
f 2773 2774 2769
f 2769 2774 2775
f 2769 2775 2776
f 2777 2778 2773
f 2773 2778 2779
f 2773 2779 2780
f 2781 2782 2777
f 2777 2782 2783
f 2777 2783 2784
f 2758 2785 2781
f 2781 2785 2786
f 2781 2786 2787
f 2788 2789 2790
f 2790 2789 2791
f 2790 2791 2792
f 2789 2788 2756
f 2756 2788 2757
f 2760 2793 2758
f 2758 2793 2794
f 2758 2794 2785
f 2787 2795 2781
f 2781 2795 2782
f 2796 2797 2784
f 2784 2797 2798
f 2784 2798 2799
f 2800 2801 2796
f 2796 2801 2802
f 2796 2802 2797
f 2803 2804 2800
f 2800 2804 2805
f 2800 2805 2801
f 2806 2807 2803
f 2803 2807 2808
f 2803 2808 2804
f 2790 2809 2806
f 2806 2809 2810
f 2806 2810 2807
f 2811 2812 2777
f 2777 2812 2813
f 2777 2813 2814
f 2814 2815 2777
f 2777 2815 2816
f 2777 2816 2817
f 2817 2818 2777
f 2777 2818 2778
f 2780 2819 2773
f 2773 2819 2820
f 2773 2820 2821
f 2821 2822 2773
f 2773 2822 2823
f 2773 2823 2824
f 2824 2774 2773
f 2776 2825 2769
f 2769 2825 2826
f 2769 2826 2827
f 2827 2828 2769
f 2769 2828 2829
f 2769 2829 2830
f 2830 2770 2769
f 2772 2831 2765
f 2765 2831 2832
f 2765 2832 2833
f 2833 2834 2765
f 2765 2834 2835
f 2765 2835 2836
f 2836 2837 2765
f 2765 2837 2766
f 2768 2838 2761
f 2761 2838 2839
f 2761 2839 2840
f 2840 2762 2761
f 2764 2841 2756
f 2756 2841 2842
f 2756 2842 2843
f 2843 2844 2756
f 2756 2844 2789
f 2792 2809 2790
f 2784 2799 2777
f 2777 2799 2845
f 2777 2845 2811
f 2758 2846 2756
f 2756 2846 2847
f 2777 2848 2781
f 2781 2848 2849
f 2773 2850 2777
f 2777 2850 2848
f 2850 2773 2851
f 2851 2773 2769
f 2765 2852 2769
f 2769 2852 2851
f 2761 2853 2765
f 2765 2853 2852
f 2854 2855 2856
f 2856 2855 2857
f 2856 2857 2858
f 2858 2857 2859
f 2858 2859 2860
f 2860 2859 2861
f 2860 2861 2862
f 2855 2854 2863
f 2863 2854 2864
f 2863 2864 2865
f 2781 2849 2758
f 2758 2849 2846
f 2756 2847 2761
f 2761 2847 2853
f 2866 2867 2868
f 2868 2867 2869
f 2868 2869 2870
f 2870 2869 2871
f 2870 2871 2872
f 2872 2871 2873
f 2872 2873 2874
f 2874 2873 2875
f 2874 2875 2876
f 2877 2878 2879
f 2879 2878 2880
f 2879 2880 2881
f 2881 2880 2882
f 2881 2882 2883
f 2883 2882 2884
f 2883 2884 2885
f 2885 2884 2886
f 2885 2886 2887
f 2888 2889 2890
f 2890 2889 2891
f 2888 2892 2889
f 2889 2892 2893
f 2894 2890 2895
f 2895 2890 2891
f 2896 2897 2894
f 2894 2897 2898
f 2899 2900 2901
f 2901 2900 2902
f 2902 2900 2897
f 2897 2900 2898
f 2903 2904 2893
f 2893 2904 2905
f 2906 2907 2908
f 2908 2907 2909
f 2905 2904 2907
f 2907 2904 2909
f 2901 2902 2896
f 2896 2902 2897
f 2908 2909 2903
f 2903 2909 2904
f 2910 2911 2912
f 2912 2911 2913
f 2914 2915 2913
f 2913 2915 2912
f 2915 2914 2916
f 2916 2914 2917
f 2918 2919 2910
f 2920 2921 2918
f 2918 2921 2919
f 2921 2920 2916
f 2922 2923 2917
f 2923 2922 2924
f 2924 2922 2925
f 2924 2925 2911
f 2919 2921 2910
f 2910 2921 2916
f 2923 2924 2917
f 2917 2924 2911
f 2926 2927 2928
f 2928 2927 2929
f 2928 2929 2930
f 2930 2929 2931
f 2930 2931 2932
f 2932 2931 2933
f 2932 2933 2934
f 2934 2933 2935
f 2934 2935 2936
f 2937 2938 2939
f 2939 2938 2940
f 2941 2938 2942
f 2942 2938 2937
f 2943 2939 2944
f 2944 2939 2940
f 2945 2946 2947
f 2947 2946 2948
f 2947 2948 2949
f 2949 2948 2950
f 2950 2948 2951
f 2951 2948 2952
f 2952 2948 2953
f 2953 2948 2954
f 2955 2954 2945
f 2955 2945 2956
f 2956 2945 2957
f 2957 2945 2947
f 2958 2954 2959
f 2959 2954 2948
f 2959 2948 2960
f 2960 2948 2946
f 2960 2946 2961
f 2961 2946 2945
f 2961 2945 2958
f 2958 2945 2954
f 2962 2963 2964
f 2964 2963 2965
f 2965 2963 2966
f 2965 2966 2967
f 2964 2968 2962
f 2962 2968 2969
f 2962 2969 2970
f 2970 2971 2962
f 2962 2971 2972
f 2962 2972 2973
f 2963 2974 2966
f 2966 2974 2975
f 2975 2974 2976
f 2975 2976 2977
f 2977 2976 2978
f 2977 2978 2979
f 2979 2978 2980
f 2979 2980 2981
f 2981 2980 2982
f 2981 2982 2983
f 2983 2982 2984
f 2983 2984 2985
f 2985 2984 2986
f 2985 2986 2987
f 2987 2986 2988
f 2987 2988 2989
f 2989 2988 2965
f 2989 2965 2967
f 2990 2987 2991
f 2991 2987 2989
f 2991 2989 2992
f 2992 2989 2967
f 2992 2967 2993
f 2993 2967 2994
f 2994 2967 2995
f 2995 2967 2966
f 2995 2966 2996
f 2996 2966 2997
f 2997 2966 2998
f 2998 2966 2975
f 2998 2975 2999
f 2999 2975 2977
f 2999 2977 3000
f 3000 2977 3001
f 3001 2977 2979
f 3001 2979 3002
f 3002 2979 2981
f 3002 2981 3003
f 3003 2981 2983
f 3003 2983 3004
f 3004 2983 2985
f 3004 2985 3005
f 3005 2985 2987
f 3005 2987 2990
f 3006 3007 3008
f 3008 3007 3009
f 3007 3010 3009
f 3009 3010 3011
f 3006 3012 3007
f 3007 3012 3010
f 3012 3006 3013
f 3013 3006 3008
f 3014 3015 3016
f 3016 3015 3017
f 3015 3018 3017
f 3017 3018 3019
f 3014 3020 3015
f 3015 3020 3018
f 3020 3014 3021
f 3021 3014 3016
f 3022 3023 3024
f 3024 3023 3025
f 3024 3025 3026
f 3026 3025 3027
f 3026 3027 3028
f 3028 3027 3029
f 3028 3029 3030
f 3030 3029 3031
f 3030 3031 3032
f 3032 3031 3033
f 3032 3033 3034
f 3034 3033 3035
f 3034 3035 3036
f 3036 3035 3037
f 3036 3037 3038
f 3038 3037 3039
f 3038 3039 3040
f 3040 3039 3041
f 3040 3041 3042
f 3042 3041 3043
f 3042 3043 3044
f 3044 3043 3045
f 3044 3045 3046
f 3046 3045 3047
f 3046 3047 3048
f 3048 3047 3049
f 3048 3049 3022
f 3022 3049 3023
f 3023 3041 3025
f 3025 3041 3039
f 3025 3039 3027
f 3027 3039 3037
f 3027 3037 3029
f 3029 3037 3035
f 3041 3023 3043
f 3043 3023 3049
f 3050 3051 3052
f 3052 3051 3053
f 3051 3054 3053
f 3053 3054 3055
f 3050 3056 3051
f 3051 3056 3054
f 3056 3050 3057
f 3057 3050 3052
f 3058 3059 3060
f 3060 3059 3061
f 3059 3062 3061
f 3061 3062 3063
f 3058 3064 3059
f 3059 3064 3062
f 3064 3058 3065
f 3065 3058 3060
f 3066 3067 3068
f 3066 3068 3069
f 3069 3068 3070
f 3069 3070 3071
f 3071 3070 3072
f 3072 3070 3073
f 3072 3073 3074
f 3074 3073 3075
f 3074 3075 3076
f 3077 3078 3079
f 3077 3079 3080
f 3080 3079 3081
f 3080 3081 3082
f 3082 3081 3083
f 3083 3081 3084
f 3083 3084 3085
f 3085 3084 3086
f 3085 3086 3087
f 3088 3089 3090
f 3088 3090 3091
f 3091 3090 3092
f 3091 3092 3093
f 3093 3092 3094
f 3093 3094 3095
f 3095 3094 3096
f 3096 3094 3097
f 3096 3097 3098
f 3098 3097 3099
f 3098 3099 3100
f 3100 3099 3101
f 3102 3103 3104
f 3102 3104 3105
f 3105 3104 3106
f 3105 3106 3107
f 3107 3106 3108
f 3107 3108 3109
f 3109 3108 3110
f 3110 3108 3111
f 3110 3111 3112
f 3112 3111 3113
f 3066 3114 3115
f 3115 3114 3116
f 3115 3116 3067
f 3067 3116 3117
f 3067 3117 3068
f 3068 3117 3118
f 3068 3118 3070
f 3070 3118 3119
f 3070 3119 3073
f 3073 3119 3120
f 3073 3120 3075
f 3075 3120 3121
f 3075 3121 3122
f 3122 3121 3123
f 3122 3123 3076
f 3076 3123 3124
f 3076 3124 3074
f 3074 3124 3125
f 3074 3125 3072
f 3072 3125 3126
f 3072 3126 3071
f 3071 3126 3127
f 3071 3127 3069
f 3069 3127 3128
f 3069 3128 3066
f 3066 3128 3114
f 3077 3129 3130
f 3130 3129 3131
f 3130 3131 3078
f 3078 3131 3132
f 3078 3132 3079
f 3079 3132 3133
f 3079 3133 3081
f 3081 3133 3134
f 3081 3134 3084
f 3084 3134 3135
f 3084 3135 3086
f 3086 3135 3136
f 3086 3136 3137
f 3137 3136 3138
f 3137 3138 3087
f 3087 3138 3139
f 3087 3139 3085
f 3085 3139 3140
f 3085 3140 3083
f 3083 3140 3141
f 3083 3141 3082
f 3082 3141 3142
f 3082 3142 3080
f 3080 3142 3143
f 3080 3143 3077
f 3077 3143 3129
f 3144 3145 3146
f 3146 3145 3147
f 3146 3147 3148
f 3146 3148 3149
f 3149 3148 3150
f 3149 3150 3151
f 3151 3150 3152
f 3151 3152 3153
f 3088 3154 3155
f 3155 3154 3156
f 3155 3156 3089
f 3089 3156 3157
f 3089 3157 3090
f 3090 3157 3158
f 3090 3158 3092
f 3092 3158 3159
f 3092 3159 3094
f 3094 3159 3160
f 3094 3160 3097
f 3097 3160 3161
f 3097 3161 3099
f 3099 3161 3162
f 3099 3162 3101
f 3101 3162 3163
f 3101 3163 3164
f 3164 3163 3165
f 3164 3165 3100
f 3100 3165 3166
f 3100 3166 3098
f 3098 3166 3167
f 3098 3167 3096
f 3096 3167 3168
f 3096 3168 3095
f 3095 3168 3169
f 3095 3169 3093
f 3093 3169 3170
f 3093 3170 3091
f 3091 3170 3171
f 3091 3171 3088
f 3088 3171 3154
f 3102 3172 3173
f 3173 3172 3174
f 3173 3174 3103
f 3103 3174 3175
f 3103 3175 3104
f 3104 3175 3176
f 3104 3176 3106
f 3106 3176 3177
f 3106 3177 3108
f 3108 3177 3178
f 3108 3178 3179
f 3172 3102 3180
f 3180 3102 3105
f 3180 3105 3181
f 3181 3105 3182
f 3182 3105 3107
f 3182 3107 3183
f 3183 3107 3184
f 3184 3107 3109
f 3184 3109 3185
f 3185 3109 3110
f 3185 3110 3186
f 3186 3110 3187
f 3187 3110 3112
f 3187 3112 3188
f 3188 3112 3189
f 3188 3189 3190
f 3190 3189 3113
f 3190 3113 3191
f 3191 3113 3111
f 3191 3111 3179
f 3179 3111 3108
f 3192 3193 3194
f 3194 3193 3195
f 3195 3193 3196
f 3195 3196 3197
f 3197 3196 3198
f 3197 3198 3199
f 3200 3201 3202
f 3202 3201 3203
f 3202 3203 3204
f 3204 3203 3114
f 3204 3114 3205
f 3205 3114 3128
f 3205 3128 3127
f 3203 3206 3114
f 3114 3206 3116
f 3116 3206 3117
f 3117 3206 3207
f 3117 3207 3118
f 3118 3207 3208
f 3118 3208 3119
f 3119 3208 3209
f 3119 3209 3120
f 3120 3209 3121
f 3121 3209 3210
f 3121 3210 3211
f 3212 3213 3211
f 3211 3213 3214
f 3211 3214 3123
f 3123 3214 3215
f 3123 3215 3216
f 3217 3125 3216
f 3216 3125 3124
f 3216 3124 3123
f 3125 3217 3126
f 3126 3217 3218
f 3126 3218 3127
f 3127 3218 3205
f 3123 3121 3211
f 3219 3220 3129
f 3129 3220 3221
f 3129 3221 3222
f 3129 3222 3131
f 3131 3222 3223
f 3131 3223 3132
f 3132 3223 3224
f 3132 3224 3133
f 3133 3224 3225
f 3133 3225 3134
f 3134 3225 3226
f 3134 3226 3135
f 3135 3226 3227
f 3135 3227 3136
f 3136 3227 3228
f 3136 3228 3229
f 3229 3230 3136
f 3136 3230 3138
f 3138 3230 3231
f 3138 3231 3232
f 3138 3232 3139
f 3139 3232 3233
f 3139 3233 3140
f 3140 3233 3234
f 3140 3234 3141
f 3141 3234 3235
f 3141 3235 3142
f 3142 3235 3236
f 3142 3236 3143
f 3143 3236 3237
f 3143 3237 3129
f 3129 3237 3219
f 3181 3182 3238
f 3238 3182 3239
f 3238 3239 3240
f 3241 3242 3240
f 3240 3242 3243
f 3240 3243 3238
f 3152 3150 3244
f 3244 3150 3245
f 3245 3150 3148
f 3245 3148 3246
f 3246 3148 3247
f 3247 3148 3147
f 3247 3147 3248
f 3248 3147 3145
f 3153 3249 3151
f 3151 3249 3157
f 3151 3157 3156
f 3157 3249 3158
f 3158 3249 3250
f 3158 3250 3251
f 3158 3251 3159
f 3159 3251 3252
f 3159 3252 3160
f 3160 3252 3253
f 3160 3253 3161
f 3161 3253 3254
f 3161 3254 3162
f 3162 3254 3255
f 3162 3255 3163
f 3163 3255 3256
f 3163 3256 3257
f 3163 3257 3165
f 3165 3257 3258
f 3165 3258 3259
f 3259 3260 3165
f 3165 3260 3166
f 3166 3260 3261
f 3166 3261 3262
f 3166 3262 3167
f 3167 3262 3263
f 3167 3263 3168
f 3168 3263 3264
f 3168 3264 3169
f 3169 3264 3265
f 3169 3265 3170
f 3170 3265 3266
f 3170 3266 3267
f 3144 3146 3267
f 3267 3146 3171
f 3267 3171 3170
f 3171 3146 3154
f 3154 3146 3149
f 3154 3149 3156
f 3156 3149 3151
f 3268 3269 3270
f 3270 3269 3271
f 3272 3273 3274
f 3274 3273 3275
f 3274 3275 3276
f 3276 3275 3277
f 3276 3277 3185
f 3185 3277 3184
f 3184 3277 3183
f 3183 3277 3278
f 3183 3278 3182
f 3182 3278 3239
f 3239 3278 3279
f 3239 3279 3240
f 3240 3279 3280
f 3240 3280 3241
f 3281 3272 3282
f 3282 3272 3274
f 3282 3274 3276
f 3185 3186 3276
f 3276 3186 3283
f 3276 3283 3282
f 3186 3187 3283
f 3283 3188 3282
f 3282 3188 3190
f 3282 3190 3281
f 3281 3190 3284
f 3284 3190 3285
f 3285 3190 3286
f 3286 3190 3287
f 3287 3190 3191
f 3287 3191 3288
f 3288 3191 3179
f 3288 3179 3289
f 3289 3179 3178
f 3289 3178 3290
f 3290 3178 3177
f 3290 3177 3291
f 3291 3177 3176
f 3291 3176 3292
f 3292 3176 3175
f 3292 3175 3293
f 3293 3175 3174
f 3293 3174 3294
f 3294 3174 3295
f 3295 3174 3296
f 3296 3174 3242
f 3242 3174 3243
f 3243 3174 3172
f 3243 3172 3238
f 3238 3180 3181
f 3194 3195 3297
f 3297 3195 3298
f 3298 3195 3197
f 3298 3197 3199
f 3299 3300 3192
f 3192 3300 3301
f 3192 3301 3193
f 3193 3301 3302
f 3193 3302 3196
f 3196 3302 3303
f 3196 3303 3198
f 3198 3303 3304
f 3198 3304 3305
f 3305 3304 3306
f 3305 3306 3307
f 3307 3306 3308
f 3308 3306 3309
f 3308 3309 3310
f 3310 3309 3311
f 3310 3311 3312
f 3312 3311 3313
f 3312 3313 3314
f 3314 3313 3315
f 3314 3315 3316
f 3316 3315 3317
f 3316 3317 3318
f 3318 3317 3319
f 3318 3319 3320
f 3320 3319 3321
f 3320 3321 3322
f 3322 3321 3323
f 3322 3323 3324
f 3324 3323 3325
f 3324 3325 3326
f 3326 3325 3327
f 3326 3327 3328
f 3328 3327 3329
f 3329 3327 3330
f 3329 3330 3331
f 3331 3330 3332
f 3331 3332 3333
f 3333 3332 3334
f 3333 3334 3335
f 3335 3334 3336
f 3335 3336 3337
f 3337 3336 3338
f 3337 3338 3339
f 3339 3338 3340
f 3339 3340 3341
f 3341 3340 3342
f 3341 3342 3343
f 3343 3342 3344
f 3343 3344 3345
f 3345 3344 3346
f 3345 3346 3347
f 3347 3346 3348
f 3348 3346 3349
f 3348 3349 3350
f 3350 3349 3351
f 3350 3351 3352
f 3352 3351 3353
f 3352 3353 3354
f 3354 3353 3355
f 3354 3355 3356
f 3356 3355 3357
f 3356 3357 3358
f 3358 3357 3359
f 3358 3359 3360
f 3360 3359 3361
f 3360 3361 3362
f 3362 3361 3363
f 3362 3363 3364
f 3364 3363 3365
f 3364 3365 3366
f 3366 3365 3367
f 3366 3367 3368
f 3368 3367 3299
f 3299 3367 3300
f 3369 3370 3371
f 3371 3370 3372
f 3372 3370 3373
f 3372 3373 3374
f 3374 3373 3375
f 3374 3375 3376
f 3376 3375 3377
f 3376 3377 3378
f 3378 3377 3379
f 3378 3379 3380
f 3380 3379 3381
f 3380 3381 3382
f 3382 3381 3383
f 3382 3383 3384
f 3385 3386 3387
f 3387 3386 3388
f 3388 3386 3389
f 3388 3389 3390
f 3390 3389 3391
f 3390 3391 3392
f 3392 3391 3393
f 3392 3393 3394
f 3394 3393 3395
f 3394 3395 3396
f 3396 3395 3397
f 3396 3397 3398
f 3398 3397 3399
f 3398 3399 3400
f 3401 3402 3403
f 3403 3402 3404
f 3405 3200 3406
f 3406 3200 3202
f 3406 3202 3407
f 3407 3202 3204
f 3407 3204 3408
f 3408 3204 3205
f 3408 3205 3409
f 3409 3205 3218
f 3409 3218 3410
f 3410 3218 3217
f 3410 3217 3411
f 3411 3217 3216
f 3411 3216 3412
f 3412 3216 3215
f 3412 3215 3413
f 3413 3215 3214
f 3413 3214 3414
f 3414 3214 3213
f 3414 3213 3415
f 3415 3213 3212
f 3415 3212 3416
f 3416 3212 3211
f 3416 3211 3417
f 3417 3211 3210
f 3417 3210 3418
f 3418 3210 3209
f 3418 3209 3419
f 3419 3209 3208
f 3419 3208 3420
f 3420 3208 3207
f 3420 3207 3421
f 3421 3207 3206
f 3421 3206 3422
f 3422 3206 3203
f 3422 3203 3423
f 3423 3203 3201
f 3423 3201 3405
f 3405 3201 3200
f 3424 3220 3425
f 3425 3220 3219
f 3425 3219 3426
f 3426 3219 3237
f 3426 3237 3427
f 3427 3237 3236
f 3427 3236 3428
f 3428 3236 3235
f 3428 3235 3429
f 3429 3235 3234
f 3429 3234 3430
f 3430 3234 3233
f 3430 3233 3431
f 3431 3233 3232
f 3431 3232 3432
f 3432 3232 3231
f 3432 3231 3433
f 3433 3231 3230
f 3433 3230 3434
f 3434 3230 3229
f 3434 3229 3435
f 3435 3229 3228
f 3435 3228 3436
f 3436 3228 3227
f 3436 3227 3437
f 3437 3227 3226
f 3437 3226 3438
f 3438 3226 3225
f 3438 3225 3439
f 3439 3225 3224
f 3439 3224 3440
f 3440 3224 3223
f 3440 3223 3441
f 3441 3223 3222
f 3441 3222 3442
f 3442 3222 3221
f 3442 3221 3424
f 3424 3221 3220
f 3443 3444 3445
f 3445 3444 3446
f 3446 3444 3447
f 3446 3447 3448
f 3448 3447 3449
f 3448 3449 3450
f 3450 3449 3451
f 3450 3451 3452
f 3452 3451 3453
f 3452 3453 3454
f 3454 3453 3455
f 3455 3453 3456
f 3457 3458 3459
f 3459 3458 3460
f 3460 3458 3461
f 3460 3461 3462
f 3462 3461 3463
f 3462 3463 3464
f 3464 3463 3465
f 3464 3465 3466
f 3466 3465 3467
f 3466 3467 3468
f 3468 3467 3469
f 3469 3467 3470
f 3469 3470 3455
f 3455 3456 3469
f 3471 3472 3473
f 3473 3472 3474
f 3474 3472 3475
f 3474 3475 3476
f 3476 3475 3477
f 3476 3477 3478
f 3478 3477 3479
f 3478 3479 3480
f 3480 3479 3481
f 3480 3481 3482
f 3482 3481 3483
f 3482 3483 3484
f 3484 3483 3485
f 3484 3485 3486
f 3486 3485 3487
f 3486 3487 3488
f 3489 3490 3491
f 3491 3490 3492
f 3491 3492 3493
f 3491 3493 3494
f 3494 3493 3495
f 3494 3495 3496
f 3496 3495 3497
f 3496 3497 3498
f 3498 3497 3499
f 3498 3499 3500
f 3500 3499 3501
f 3500 3501 3502
f 3503 3504 3505
f 3505 3504 3506
f 3506 3504 3507
f 3506 3507 3508
f 3508 3507 3509
f 3508 3509 3510
f 3510 3509 3511
f 3510 3511 3512
f 3512 3511 3502
f 3512 3502 3501
f 3145 3144 3513
f 3513 3144 3267
f 3513 3267 3514
f 3514 3267 3266
f 3514 3266 3515
f 3515 3266 3265
f 3515 3265 3516
f 3516 3265 3264
f 3516 3264 3517
f 3517 3264 3263
f 3517 3263 3518
f 3518 3263 3262
f 3518 3262 3519
f 3519 3262 3261
f 3519 3261 3520
f 3520 3261 3260
f 3520 3260 3505
f 3505 3260 3503
f 3503 3260 3259
f 3503 3259 3521
f 3521 3259 3258
f 3521 3258 3522
f 3522 3258 3257
f 3522 3257 3523
f 3523 3257 3256
f 3523 3256 3524
f 3524 3256 3255
f 3524 3255 3525
f 3525 3255 3254
f 3525 3254 3526
f 3526 3254 3253
f 3526 3253 3527
f 3527 3253 3252
f 3527 3252 3528
f 3528 3252 3251
f 3528 3251 3529
f 3529 3251 3250
f 3529 3250 3530
f 3530 3250 3249
f 3530 3249 3531
f 3531 3249 3153
f 3531 3153 3152
f 3531 3152 3532
f 3532 3152 3244
f 3532 3244 3533
f 3533 3244 3245
f 3533 3245 3534
f 3534 3245 3246
f 3534 3246 3535
f 3535 3246 3536
f 3536 3246 3247
f 3536 3247 3248
f 3536 3248 3537
f 3537 3248 3145
f 3537 3145 3513
f 3535 3538 3534
f 3534 3538 3539
f 3539 3538 3540
f 3539 3540 3541
f 3541 3540 3542
f 3541 3542 3543
f 3543 3542 3270
f 3270 3542 3268
f 3544 3545 3546
f 3546 3545 3547
f 3547 3545 3548
f 3547 3548 3549
f 3549 3548 3550
f 3549 3550 3551
f 3551 3550 3552
f 3551 3552 3553
f 3553 3552 3269
f 3269 3552 3271
f 3296 3242 3554
f 3554 3242 3241
f 3554 3241 3555
f 3555 3241 3280
f 3555 3280 3556
f 3556 3280 3279
f 3556 3279 3278
f 3556 3278 3557
f 3557 3278 3277
f 3557 3277 3558
f 3558 3277 3275
f 3558 3275 3559
f 3559 3275 3273
f 3559 3273 3560
f 3560 3273 3272
f 3560 3272 3561
f 3561 3272 3281
f 3561 3281 3284
f 3561 3284 3562
f 3562 3284 3285
f 3562 3285 3546
f 3546 3285 3544
f 3544 3285 3286
f 3544 3286 3563
f 3563 3286 3287
f 3563 3287 3564
f 3564 3287 3288
f 3564 3288 3565
f 3565 3288 3289
f 3565 3289 3566
f 3566 3289 3290
f 3566 3290 3567
f 3567 3290 3291
f 3567 3291 3568
f 3568 3291 3292
f 3568 3292 3569
f 3569 3292 3293
f 3569 3293 3570
f 3570 3293 3294
f 3570 3294 3445
f 3445 3294 3295
f 3445 3295 3443
f 3443 3295 3571
f 3571 3295 3296
f 3571 3296 3554
f 3572 3358 3573
f 3573 3358 3360
f 3573 3360 3574
f 3574 3360 3362
f 3574 3362 3575
f 3575 3362 3364
f 3575 3364 3576
f 3576 3364 3366
f 3576 3366 3577
f 3577 3366 3368
f 3577 3368 3578
f 3578 3368 3299
f 3578 3299 3579
f 3579 3299 3192
f 3579 3192 3194
f 3358 3572 3356
f 3356 3572 3580
f 3356 3580 3354
f 3354 3580 3581
f 3354 3581 3352
f 3352 3581 3582
f 3352 3582 3350
f 3350 3582 3583
f 3350 3583 3348
f 3348 3583 3584
f 3348 3584 3347
f 3347 3584 3585
f 3347 3585 3345
f 3345 3585 3586
f 3345 3586 3343
f 3343 3586 3587
f 3343 3587 3341
f 3341 3587 3588
f 3341 3588 3339
f 3339 3588 3589
f 3339 3589 3337
f 3337 3589 3590
f 3337 3590 3335
f 3335 3590 3591
f 3335 3591 3333
f 3333 3591 3592
f 3333 3592 3331
f 3331 3592 3593
f 3331 3593 3329
f 3329 3593 3594
f 3329 3594 3328
f 3328 3594 3595
f 3328 3595 3326
f 3326 3595 3596
f 3326 3596 3324
f 3324 3596 3597
f 3324 3597 3322
f 3322 3597 3598
f 3322 3598 3320
f 3320 3598 3599
f 3320 3599 3318
f 3318 3599 3600
f 3318 3600 3316
f 3316 3600 3601
f 3316 3601 3314
f 3314 3601 3602
f 3314 3602 3312
f 3312 3602 3603
f 3312 3603 3310
f 3310 3603 3604
f 3310 3604 3308
f 3308 3604 3605
f 3308 3605 3307
f 3307 3605 3606
f 3307 3606 3305
f 3305 3606 3607
f 3305 3607 3198
f 3198 3607 3199
f 3199 3607 3608
f 3199 3608 3298
f 3298 3608 3297
f 3297 3608 3609
f 3297 3609 3194
f 3194 3609 3579
f 3610 3611 3612
f 3612 3611 3613
f 3613 3611 3614
f 3613 3614 3615
f 3615 3614 3616
f 3615 3616 3617
f 3617 3616 3618
f 3617 3618 3619
f 3619 3618 3620
f 3619 3620 3621
f 3621 3620 3622
f 3621 3622 3623
f 3623 3622 3624
f 3623 3624 3625
f 3625 3624 3626
f 3625 3626 3627
f 3628 3359 3629
f 3629 3359 3357
f 3629 3357 3630
f 3630 3357 3355
f 3630 3355 3631
f 3631 3355 3353
f 3631 3353 3632
f 3632 3353 3351
f 3632 3351 3633
f 3633 3351 3349
f 3633 3349 3634
f 3634 3349 3346
f 3634 3346 3635
f 3635 3346 3344
f 3635 3344 3636
f 3636 3344 3342
f 3636 3342 3637
f 3637 3342 3340
f 3637 3340 3638
f 3638 3340 3338
f 3638 3338 3639
f 3639 3338 3336
f 3639 3336 3640
f 3640 3336 3334
f 3640 3334 3641
f 3641 3334 3332
f 3641 3332 3642
f 3642 3332 3330
f 3642 3330 3643
f 3643 3330 3327
f 3643 3327 3644
f 3644 3327 3325
f 3644 3325 3645
f 3645 3325 3323
f 3645 3323 3646
f 3646 3323 3321
f 3646 3321 3647
f 3647 3321 3319
f 3647 3319 3648
f 3648 3319 3317
f 3648 3317 3649
f 3649 3317 3315
f 3649 3315 3650
f 3650 3315 3313
f 3650 3313 3651
f 3651 3313 3311
f 3651 3311 3652
f 3652 3311 3309
f 3652 3309 3653
f 3653 3309 3306
f 3653 3306 3654
f 3654 3306 3304
f 3654 3304 3655
f 3655 3304 3303
f 3655 3303 3656
f 3656 3303 3302
f 3656 3302 3657
f 3657 3302 3301
f 3657 3301 3658
f 3658 3301 3300
f 3658 3300 3659
f 3659 3300 3367
f 3659 3367 3660
f 3660 3367 3365
f 3660 3365 3661
f 3661 3365 3363
f 3661 3363 3662
f 3662 3363 3361
f 3662 3361 3628
f 3628 3361 3359
f 3663 3664 3665
f 3665 3664 3666
f 3665 3666 3667
f 3665 3667 3668
f 3668 3667 3669
f 3668 3669 3670
f 3670 3669 3671
f 3670 3671 3672
f 3672 3671 3627
f 3672 3627 3626
f 3673 3674 3675
f 3675 3674 3676
f 3675 3676 3677
f 3675 3677 3678
f 3678 3677 3679
f 3678 3679 3680
f 3680 3679 3681
f 3680 3681 3682
f 3682 3681 3471
f 3682 3471 3473
f 3683 3677 3676
f 3683 3676 3674
f 3684 3685 3679
f 3684 3679 3677
f 3685 3686 3687
f 3685 3688 3679
f 3679 3688 3689
f 3679 3689 3681
f 3681 3689 3690
f 3681 3690 3471
f 3471 3690 3691
f 3471 3691 3472
f 3472 3691 3692
f 3472 3692 3693
f 3472 3693 3475
f 3475 3693 3694
f 3475 3694 3477
f 3477 3694 3695
f 3477 3695 3479
f 3479 3695 3696
f 3479 3696 3481
f 3481 3696 3697
f 3481 3697 3483
f 3483 3697 3485
f 3485 3697 3487
f 3487 3697 3698
f 3487 3698 3699
f 3699 3698 3700
f 3701 3702 3698
f 3698 3702 3703
f 3698 3703 3700
f 3702 3701 3704
f 3704 3701 3705
f 3699 3706 3707
f 3707 3706 3708
f 3708 3706 3709
f 3709 3706 3710
f 3711 3712 3700
f 3700 3712 3713
f 3713 3712 3714
f 3714 3712 3715
f 3714 3715 3706
f 3706 3715 3716
f 3710 3717 3709
f 3709 3717 3718
f 3709 3718 3719
f 3709 3719 3708
f 3708 3719 3720
f 3708 3720 3707
f 3707 3720 3721
f 3707 3721 3699
f 3699 3721 3488
f 3699 3488 3487
f 3722 3723 3724
f 3724 3723 3725
f 3724 3725 3726
f 3726 3725 3727
f 3726 3727 3728
f 3728 3727 3729
f 3728 3729 3402
f 3402 3729 3404
f 3371 3730 3369
f 3369 3730 3731
f 3731 3730 3732
f 3731 3732 3733
f 3733 3732 3734
f 3733 3734 3735
f 3735 3734 3736
f 3735 3736 3737
f 3737 3736 3738
f 3738 3736 3739
f 3740 3741 3742
f 3742 3741 3743
f 3742 3743 3744
f 3744 3743 3745
f 3744 3745 3746
f 3746 3745 3747
f 3735 3746 3748
f 3748 3749 3735
f 3735 3749 3733
f 3733 3749 3750
f 3733 3750 3751
f 3733 3751 3731
f 3731 3751 3752
f 3731 3752 3369
f 3369 3752 3753
f 3369 3753 3370
f 3370 3753 3754
f 3370 3754 3373
f 3373 3754 3755
f 3373 3755 3375
f 3375 3755 3756
f 3375 3756 3377
f 3377 3756 3757
f 3377 3757 3379
f 3379 3757 3381
f 3381 3757 3758
f 3381 3758 3383
f 3383 3758 3759
f 3759 3758 3760
f 3759 3760 3761
f 3761 3760 3762
f 3761 3763 3759
f 3759 3763 3764
f 3759 3764 3765
f 3765 3764 3766
f 3765 3766 3767
f 3766 3768 3769
f 3769 3768 3770
f 3769 3770 3771
f 3771 3770 3772
f 3771 3772 3773
f 3773 3774 3771
f 3775 3776 3777
f 3777 3776 3778
f 3777 3778 3779
f 3777 3779 3767
f 3767 3779 3780
f 3767 3780 3765
f 3765 3780 3781
f 3765 3781 3759
f 3759 3781 3384
f 3759 3384 3383
f 3723 3739 3725
f 3725 3739 3727
f 3727 3739 3736
f 3727 3736 3734
f 3727 3734 3729
f 3729 3734 3732
f 3729 3732 3730
f 3729 3730 3404
f 3404 3730 3371
f 3404 3371 3372
f 3372 3374 3404
f 3404 3374 3376
f 3404 3376 3394
f 3394 3376 3392
f 3392 3376 3378
f 3392 3378 3390
f 3390 3378 3380
f 3390 3380 3782
f 3782 3380 3776
f 3776 3380 3382
f 3776 3382 3778
f 3778 3382 3384
f 3778 3384 3779
f 3779 3384 3780
f 3390 3782 3388
f 3388 3782 3783
f 3388 3783 3387
f 3387 3783 3784
f 3387 3784 3785
f 3404 3394 3403
f 3403 3394 3396
f 3403 3396 3398
f 3398 3400 3403
f 3403 3400 3786
f 3403 3786 3787
f 3787 3786 3788
f 3787 3788 3789
f 3787 3789 3790
f 3790 3789 3791
f 3790 3791 3792
f 3793 3794 3792
f 3792 3794 3790
f 3782 3795 3783
f 3783 3795 3796
f 3783 3796 3797
f 3783 3797 3784
f 3784 3797 3798
f 3784 3798 3785
f 3785 3798 3799
f 3785 3799 3800
f 3800 3799 3385
f 3800 3385 3387
f 3801 3802 3803
f 3803 3802 3804
f 3804 3802 3805
f 3805 3802 3806
f 3805 3806 3807
f 3807 3806 3808
f 3797 3805 3798
f 3798 3807 3809
f 3798 3809 3799
f 3799 3809 3810
f 3799 3810 3385
f 3385 3810 3811
f 3385 3811 3389
f 3389 3811 3391
f 3391 3811 3812
f 3391 3812 3393
f 3393 3812 3813
f 3393 3813 3395
f 3395 3813 3814
f 3395 3814 3815
f 3810 3816 3811
f 3811 3816 3817
f 3817 3816 3818
f 3395 3815 3397
f 3397 3815 3819
f 3397 3819 3399
f 3399 3819 3820
f 3399 3820 3821
f 3821 3820 3822
f 3821 3822 3823
f 3823 3822 3824
f 3823 3824 3825
f 3825 3824 3826
f 3825 3826 3827
f 3828 3826 3829
f 3389 3386 3385
f 3828 3830 3831
f 3831 3830 3832
f 3831 3832 3827
f 3827 3832 3833
f 3827 3833 3834
f 3834 3833 3835
f 3836 3792 3837
f 3837 3792 3791
f 3837 3791 3789
f 3837 3789 3825
f 3825 3789 3788
f 3825 3788 3823
f 3823 3788 3786
f 3823 3786 3821
f 3821 3786 3400
f 3821 3400 3399
f 3401 3403 3838
f 3838 3403 3787
f 3838 3787 3839
f 3839 3787 3790
f 3839 3790 3840
f 3840 3790 3794
f 3840 3794 3841
f 3841 3794 3793
f 3459 3406 3841
f 3841 3406 3407
f 3841 3407 3401
f 3401 3407 3408
f 3401 3408 3409
f 3460 3554 3459
f 3459 3554 3405
f 3459 3405 3406
f 3460 3462 3554
f 3554 3462 3464
f 3554 3464 3466
f 3466 3468 3554
f 3554 3468 3571
f 3571 3468 3469
f 3571 3469 3456
f 3456 3453 3571
f 3571 3453 3451
f 3571 3451 3443
f 3443 3451 3449
f 3443 3449 3447
f 3405 3554 3423
f 3423 3554 3555
f 3423 3555 3422
f 3422 3555 3556
f 3422 3556 3421
f 3421 3556 3557
f 3421 3557 3420
f 3420 3557 3558
f 3420 3558 3419
f 3419 3558 3559
f 3419 3559 3418
f 3418 3559 3560
f 3418 3560 3417
f 3417 3560 3561
f 3417 3561 3537
f 3537 3561 3536
f 3536 3561 3562
f 3536 3562 3268
f 3268 3562 3269
f 3269 3562 3553
f 3553 3562 3546
f 3553 3546 3551
f 3551 3546 3549
f 3268 3542 3536
f 3536 3542 3535
f 3535 3542 3540
f 3417 3537 3416
f 3416 3537 3513
f 3416 3513 3442
f 3442 3513 3441
f 3441 3513 3514
f 3441 3514 3440
f 3440 3514 3515
f 3440 3515 3439
f 3439 3515 3516
f 3439 3516 3438
f 3438 3516 3517
f 3438 3517 3437
f 3437 3517 3518
f 3437 3518 3436
f 3436 3518 3519
f 3436 3519 3490
f 3490 3519 3520
f 3490 3520 3492
f 3492 3520 3493
f 3493 3520 3495
f 3495 3520 3497
f 3497 3520 3499
f 3499 3520 3501
f 3501 3520 3512
f 3512 3520 3505
f 3512 3505 3510
f 3510 3505 3508
f 3436 3490 3435
f 3435 3490 3722
f 3435 3722 3402
f 3402 3722 3728
f 3728 3722 3726
f 3401 3429 3402
f 3402 3429 3430
f 3402 3430 3431
f 3401 3838 3841
f 3841 3838 3839
f 3426 3414 3425
f 3425 3414 3415
f 3425 3415 3424
f 3424 3415 3416
f 3424 3416 3442
f 3427 3412 3426
f 3426 3412 3413
f 3426 3413 3414
f 3428 3401 3427
f 3427 3401 3411
f 3427 3411 3412
f 3428 3429 3401
f 3431 3432 3402
f 3402 3432 3433
f 3402 3433 3434
f 3434 3435 3402
f 3409 3410 3401
f 3401 3410 3411
f 3270 3271 3607
f 3607 3271 3552
f 3607 3552 3608
f 3608 3552 3550
f 3608 3550 3564
f 3564 3550 3548
f 3564 3548 3563
f 3563 3548 3545
f 3564 3565 3608
f 3608 3565 3609
f 3609 3565 3566
f 3609 3566 3579
f 3579 3566 3567
f 3579 3567 3568
f 3569 3450 3568
f 3568 3450 3452
f 3568 3452 3578
f 3578 3452 3454
f 3578 3454 3577
f 3577 3454 3455
f 3577 3455 3576
f 3576 3455 3470
f 3576 3470 3575
f 3575 3470 3467
f 3575 3467 3842
f 3842 3467 3465
f 3842 3465 3463
f 3450 3569 3448
f 3448 3569 3570
f 3448 3570 3446
f 3463 3461 3842
f 3842 3461 3458
f 3842 3458 3457
f 3842 3843 3844
f 3842 3844 3845
f 3845 3612 3842
f 3842 3612 3613
f 3842 3613 3572
f 3572 3613 3580
f 3580 3613 3615
f 3580 3615 3581
f 3581 3615 3617
f 3581 3617 3619
f 3581 3619 3582
f 3582 3619 3621
f 3582 3621 3583
f 3583 3621 3623
f 3583 3623 3584
f 3584 3623 3625
f 3584 3625 3664
f 3664 3625 3627
f 3664 3627 3666
f 3666 3627 3667
f 3667 3627 3669
f 3673 3587 3664
f 3664 3587 3586
f 3664 3586 3585
f 3675 3473 3673
f 3673 3473 3474
f 3673 3474 3591
f 3591 3474 3476
f 3591 3476 3592
f 3592 3476 3478
f 3592 3478 3593
f 3593 3478 3480
f 3593 3480 3594
f 3594 3480 3482
f 3594 3482 3484
f 3675 3678 3473
f 3473 3678 3680
f 3594 3484 3595
f 3595 3484 3486
f 3595 3486 3596
f 3596 3486 3717
f 3596 3717 3597
f 3597 3717 3598
f 3598 3717 3599
f 3599 3717 3500
f 3599 3500 3502
f 3486 3488 3717
f 3717 3488 3721
f 3717 3721 3720
f 3720 3719 3717
f 3489 3491 3717
f 3717 3491 3494
f 3717 3494 3496
f 3496 3498 3717
f 3717 3498 3500
f 3599 3502 3600
f 3600 3502 3511
f 3600 3511 3523
f 3523 3511 3509
f 3523 3509 3522
f 3522 3509 3507
f 3522 3507 3521
f 3521 3507 3504
f 3521 3504 3503
f 3523 3524 3600
f 3600 3524 3601
f 3601 3524 3525
f 3601 3525 3602
f 3602 3525 3526
f 3602 3526 3603
f 3603 3526 3527
f 3603 3527 3528
f 3603 3528 3604
f 3604 3528 3529
f 3604 3529 3605
f 3605 3529 3530
f 3605 3530 3606
f 3606 3530 3531
f 3606 3531 3532
f 3533 3541 3532
f 3532 3541 3543
f 3532 3543 3606
f 3606 3543 3270
f 3606 3270 3607
f 3534 3539 3533
f 3533 3539 3541
f 3572 3573 3842
f 3842 3573 3574
f 3842 3574 3575
f 3578 3579 3568
f 3591 3590 3673
f 3673 3590 3589
f 3673 3589 3588
f 3588 3587 3673
f 3585 3584 3664
f 3842 3846 3847
f 3847 3846 3848
f 3847 3848 3849
f 3847 3849 3843
f 3843 3849 3850
f 3843 3850 3844
f 3844 3850 3851
f 3844 3851 3845
f 3845 3851 3610
f 3845 3610 3612
f 3852 3853 3854
f 3854 3853 3855
f 3854 3855 3856
f 3856 3855 3857
f 3856 3857 3858
f 3858 3857 3859
f 3852 3850 3849
f 3852 3849 3848
f 3850 3858 3851
f 3851 3858 3860
f 3851 3860 3861
f 3861 3862 3851
f 3851 3862 3863
f 3851 3863 3864
f 3864 3865 3851
f 3851 3865 3866
f 3851 3866 3610
f 3610 3866 3867
f 3610 3867 3611
f 3611 3867 3614
f 3614 3867 3868
f 3614 3868 3616
f 3616 3868 3869
f 3616 3869 3618
f 3618 3869 3870
f 3618 3870 3620
f 3620 3870 3871
f 3620 3871 3622
f 3622 3871 3872
f 3622 3872 3624
f 3624 3872 3626
f 3626 3872 3873
f 3626 3873 3672
f 3672 3873 3874
f 3672 3874 3875
f 3875 3876 3672
f 3672 3876 3877
f 3672 3877 3878
f 3878 3879 3672
f 3672 3879 3880
f 3672 3880 3670
f 3670 3881 3668
f 3668 3881 3665
f 3665 3881 3663
f 3848 3846 3852
f 3628 3629 3882
f 3882 3629 3630
f 3882 3630 3883
f 3883 3630 3631
f 3883 3631 3884
f 3884 3631 3632
f 3884 3632 3885
f 3885 3632 3633
f 3885 3633 3886
f 3886 3633 3634
f 3886 3634 3887
f 3887 3634 3635
f 3887 3635 3888
f 3888 3635 3636
f 3888 3636 3889
f 3889 3636 3637
f 3889 3637 3890
f 3890 3637 3638
f 3890 3638 3639
f 3890 3639 3891
f 3891 3639 3640
f 3891 3640 3892
f 3892 3640 3641
f 3892 3641 3893
f 3893 3641 3642
f 3893 3642 3894
f 3894 3642 3643
f 3894 3643 3895
f 3895 3643 3644
f 3895 3644 3896
f 3896 3644 3645
f 3896 3645 3897
f 3897 3645 3646
f 3897 3646 3647
f 3897 3647 3898
f 3898 3647 3648
f 3898 3648 3899
f 3899 3648 3649
f 3899 3649 3900
f 3900 3649 3650
f 3900 3650 3901
f 3901 3650 3651
f 3901 3651 3902
f 3902 3651 3652
f 3902 3652 3903
f 3903 3652 3653
f 3903 3653 3904
f 3904 3653 3654
f 3904 3654 3905
f 3905 3654 3655
f 3905 3655 3656
f 3905 3656 3906
f 3906 3656 3657
f 3906 3657 3907
f 3907 3657 3658
f 3907 3658 3908
f 3908 3658 3659
f 3908 3659 3909
f 3909 3659 3660
f 3909 3660 3910
f 3910 3660 3661
f 3910 3661 3911
f 3911 3661 3662
f 3911 3662 3912
f 3912 3662 3628
f 3912 3628 3882
f 3913 3914 3915
f 3915 3914 3916
f 3915 3916 3917
f 3914 3913 3918
f 3918 3913 3919
f 3918 3919 3920
f 3920 3919 3921
f 3920 3921 3922
f 3920 3922 3923
f 3923 3922 3924
f 3923 3924 3925
f 3925 3926 3923
f 3923 3926 3927
f 3923 3927 3928
f 3928 3927 3929
f 3928 3929 3930
f 3930 3929 3931
f 3930 3931 3932
f 3932 3931 3933
f 3932 3933 3934
f 3934 3933 3935
f 3934 3935 3936
f 3936 3935 3937
f 3936 3937 3938
f 3938 3937 3939
f 3938 3939 3940
f 3940 3939 3941
f 3940 3941 3942
f 3942 3941 3943
f 3942 3943 3944
f 3944 3943 3945
f 3942 3944 3946
f 3946 3944 3947
f 3946 3947 3948
f 3948 3947 3949
f 3948 3949 3917
f 3917 3949 3915
f 456 459 3950
f 3950 459 3951
f 3952 3953 3954
f 3954 3953 3955
f 3954 3955 3956
f 3956 3955 3957
f 3956 3957 3958
f 3958 3957 3959
f 3958 3959 3960
f 3960 3959 3961
f 3960 3961 3962
f 3962 3961 3963
f 3962 3963 3964
f 3964 3963 3965
f 3964 3965 3966
f 3966 3965 3967
f 3966 3967 3968
f 3968 3967 3969
f 3968 3969 3970
f 3970 3969 3971
f 3970 3971 3972
f 3972 3971 3973
f 3972 3973 3974
f 3974 3973 3975
f 3974 3975 3976
f 3976 3975 3977
f 3976 3977 3978
f 3978 3977 3979
f 3978 3979 3980
f 3980 3979 3981
f 3980 3981 3982
f 3982 3981 3983
f 3982 3983 3952
f 3952 3983 3953
f 3984 3917 3985
f 3985 3917 3916
f 3985 3916 3986
f 3986 3916 3914
f 3986 3914 3987
f 3987 3914 3918
f 3987 3918 3988
f 3988 3918 3920
f 3988 3920 3989
f 3989 3920 3923
f 3989 3923 3990
f 3990 3923 3928
f 3990 3928 3991
f 3991 3928 3930
f 3991 3930 3992
f 3992 3930 3932
f 3992 3932 3993
f 3993 3932 3934
f 3993 3934 3994
f 3994 3934 3936
f 3994 3936 3995
f 3995 3936 3938
f 3995 3938 3996
f 3996 3938 3940
f 3996 3940 3997
f 3997 3940 3942
f 3997 3942 3998
f 3998 3942 3946
f 3998 3946 3999
f 3999 3946 3948
f 3999 3948 3984
f 3984 3948 3917
f 4000 4001 4002
f 4002 4001 4003
f 4002 4003 4004
f 4004 4003 4005
f 4004 4005 4006
f 4006 4005 4007
f 4006 4007 4008
f 4008 4007 4009
f 4008 4009 4010
f 4010 4009 4011
f 4010 4011 4012
f 4012 4011 4013
f 4012 4013 4014
f 4014 4013 4015
f 4014 4015 4016
f 4016 4015 4017
f 4016 4017 4018
f 4018 4017 4019
f 4018 4019 4020
f 4020 4019 4021
f 4020 4021 4022
f 4022 4021 4023
f 4022 4023 4024
f 4024 4023 4025
f 4024 4025 4026
f 4026 4025 4027
f 4026 4027 4028
f 4028 4027 4029
f 4028 4029 4030
f 4030 4029 4031
f 4030 4031 4000
f 4000 4031 4001
f 3683 3674 4032
f 4032 3674 3663
f 4032 3663 4033
f 4033 3663 3881
f 3673 3664 3674
f 3674 3664 3663
f 3690 3689 4034
f 4034 3689 4035
f 4035 3689 3688
f 4035 3688 4036
f 4036 3688 3685
f 4036 3685 4037
f 4037 3685 3687
f 4037 3687 4038
f 4038 3687 4039
f 4038 4039 4040
f 4040 4039 4041
f 4040 4041 4042
f 3690 4034 3691
f 3691 4034 4043
f 3691 4043 4044
f 3691 4044 3692
f 3692 4044 4045
f 3692 4045 3693
f 3693 4045 4046
f 3693 4046 3694
f 3694 4046 4047
f 3694 4047 3695
f 3695 4047 4048
f 3695 4048 3696
f 3696 4048 4049
f 3696 4049 3697
f 3697 4049 4050
f 3697 4050 3698
f 3698 4050 4051
f 3698 4051 3701
f 4051 4052 3701
f 3701 4052 3705
f 3705 4052 4053
f 3705 4053 4054
f 4054 4053 4055
f 4054 4055 3704
f 3704 4055 4056
f 3704 4056 3702
f 3702 4056 4057
f 3702 4057 3703
f 3703 4057 3711
f 3703 3711 3700
f 3740 3738 3741
f 3741 3738 3710
f 3741 3710 3716
f 3716 3710 3706
f 3739 3723 3738
f 3738 3723 3489
f 3738 3489 3710
f 3710 3489 3717
f 3723 3722 3489
f 3489 3722 3490
f 3752 3751 4058
f 4058 3751 4059
f 4059 3751 3750
f 4059 3750 4060
f 4060 3750 3749
f 4060 3749 4061
f 4061 3749 3748
f 4061 3748 4062
f 4062 3748 4063
f 4062 4063 4064
f 4064 4063 3746
f 4064 3746 3747
f 4058 4065 3752
f 3752 4065 3753
f 3753 4065 4066
f 3753 4066 3754
f 3754 4066 4067
f 3754 4067 3755
f 3755 4067 4068
f 3755 4068 3756
f 3756 4068 4069
f 3756 4069 3757
f 3757 4069 4070
f 3757 4070 3758
f 3758 4070 4071
f 3758 4071 3760
f 3760 4071 4072
f 4072 4071 4073
f 4072 4073 4074
f 4072 4074 3762
f 3762 4074 4075
f 3762 4075 3761
f 3761 4075 4076
f 3761 4076 3763
f 3763 4076 4077
f 3763 4077 3764
f 3764 4077 3768
f 3764 3768 3766
f 3803 3795 3801
f 3801 3795 3775
f 3801 3775 3773
f 3773 3775 3774
f 3782 3776 3795
f 3795 3776 3775
f 4078 3817 4079
f 4079 3817 4080
f 4079 4080 3818
f 4079 3818 4081
f 4081 3818 3816
f 4081 3816 4082
f 4082 3816 3810
f 4082 3810 4083
f 4083 3810 3809
f 4083 3809 4084
f 4084 3809 3807
f 4084 3807 3808
f 4078 4085 3817
f 3817 4085 3811
f 3811 4085 4086
f 3811 4086 3812
f 3812 4086 4087
f 3812 4087 3813
f 3813 4087 4088
f 3813 4088 3814
f 3814 4088 4089
f 3814 4089 3815
f 3815 4089 4090
f 3815 4090 3819
f 3819 4090 4091
f 3819 4091 3820
f 4091 4092 3820
f 3820 4092 3822
f 3822 4092 4093
f 3822 4093 3824
f 3824 4093 4094
f 3824 4094 3826
f 3826 4094 4095
f 3826 4095 3829
f 3829 4095 4096
f 3829 4096 4097
f 4097 4096 3830
f 4097 3830 3828
f 3842 3457 3846
f 3846 3457 3836
f 3846 3836 3835
f 3835 3836 3834
f 3459 3841 3457
f 3457 3841 3793
f 3457 3793 3836
f 3836 3793 3792
f 3835 3853 3846
f 3846 3853 3852
f 3865 3864 4098
f 4098 3864 4099
f 4099 3864 3863
f 4099 3863 4100
f 4100 3863 3862
f 4100 3862 4101
f 4101 3862 3861
f 4101 3861 4102
f 4102 3861 3860
f 4102 3860 4103
f 4103 3860 3858
f 4103 3858 3859
f 4098 4104 3865
f 3865 4104 3866
f 3866 4104 4105
f 3866 4105 3867
f 3867 4105 4106
f 3867 4106 3868
f 3868 4106 4107
f 3868 4107 3869
f 3869 4107 4108
f 3869 4108 3870
f 3870 4108 4109
f 3870 4109 3871
f 3871 4109 4110
f 3871 4110 3872
f 3872 4110 4111
f 3872 4111 3873
f 3873 4111 3874
f 3874 4111 4112
f 4112 4113 3874
f 3874 4113 3875
f 3875 4113 4114
f 3875 4114 3876
f 3876 4114 4115
f 3876 4115 3877
f 3877 4115 4116
f 3877 4116 3878
f 3878 4116 4117
f 3878 4117 3879
f 3879 4117 4118
f 3879 4118 3880
f 4119 4120 420
f 420 4120 419
f 3945 3943 4121
f 4121 3943 4122
f 4122 3943 3941
f 4122 3941 4123
f 4123 3941 3939
f 4123 3939 4124
f 4124 3939 3937
f 4124 3937 4125
f 4125 3937 3935
f 4125 3935 4126
f 4126 3935 3933
f 4126 3933 4127
f 4127 3933 3931
f 4127 3931 4128
f 4128 3931 3929
f 4128 3929 4129
f 4129 3929 3927
f 4129 3927 4130
f 4130 3927 3926
f 4130 3926 4131
f 4131 3926 3925
f 4131 3925 4132
f 4132 3925 3924
f 4132 3924 4133
f 4133 3924 3922
f 4133 3922 4134
f 4134 3922 3921
f 4134 3921 4135
f 4135 3921 3919
f 4135 3919 4136
f 4136 3919 4137
f 4137 3919 3913
f 4137 3913 4138
f 4138 3913 3915
f 4139 3882 4140
f 4140 3882 3883
f 4140 3883 4141
f 4141 3883 3884
f 4141 3884 4142
f 4142 3884 3885
f 4142 3885 4143
f 4143 3885 3886
f 4143 3886 4144
f 4144 3886 3887
f 4144 3887 4145
f 4145 3887 3888
f 4145 3888 4146
f 4146 3888 3889
f 4146 3889 4147
f 4147 3889 3890
f 4147 3890 4148
f 4148 3890 3891
f 4148 3891 4149
f 4149 3891 3892
f 4149 3892 4150
f 4150 3892 3893
f 4150 3893 4151
f 4151 3893 3894
f 4151 3894 4152
f 4152 3894 3895
f 4152 3895 4153
f 4153 3895 3896
f 4153 3896 4154
f 4154 3896 3897
f 4154 3897 4155
f 4155 3897 3898
f 4155 3898 4156
f 4156 3898 3899
f 4156 3899 4157
f 4157 3899 3900
f 4157 3900 4158
f 4158 3900 3901
f 4158 3901 4159
f 4159 3901 3902
f 4159 3902 4160
f 4160 3902 3903
f 4160 3903 4161
f 4161 3903 3904
f 4161 3904 4162
f 4162 3904 3905
f 4162 3905 4163
f 4163 3905 3906
f 4163 3906 4164
f 4164 3906 3907
f 4164 3907 4165
f 4165 3907 3908
f 4165 3908 4166
f 4166 3908 3909
f 4166 3909 4167
f 4167 3909 3910
f 4167 3910 4168
f 4168 3910 3911
f 4168 3911 4169
f 4169 3911 3912
f 4169 3912 4139
f 4139 3912 3882
f 4170 4171 4172
f 4172 4171 4173
f 4172 4173 4174
f 4174 4173 4175
f 4174 4175 4176
f 4176 4175 4177
f 4176 4177 4178
f 4178 4177 4179
f 4178 4179 4180
f 4180 4179 4181
f 4180 4181 4182
f 4182 4181 4183
f 4182 4183 4184
f 4184 4183 4185
f 4184 4185 4186
f 4186 4185 4187
f 4186 4187 4188
f 4188 4187 4189
f 4188 4189 4190
f 4190 4189 4191
f 4190 4191 4192
f 4192 4191 4193
f 4192 4193 4194
f 4194 4193 4195
f 4194 4195 4196
f 4196 4195 4197
f 4196 4197 4198
f 4198 4197 4199
f 4198 4199 4200
f 4200 4199 4201
f 4200 4201 4170
f 4170 4201 4171
f 4202 4138 440
f 440 4138 3915
f 440 3915 435
f 435 3915 3949
f 435 3949 433
f 433 3949 3947
f 433 3947 430
f 430 3947 3944
f 430 3944 427
f 427 3944 3945
f 427 3945 424
f 424 3945 4203
f 424 4203 421
f 421 4203 4204
f 421 4204 420
f 420 4204 4119
f 3945 4121 4203
f 440 441 4202
f 4202 441 4205
f 4205 441 442
f 4205 442 4206
f 3950 4207 456
f 456 4207 454
f 454 4207 4208
f 454 4208 452
f 452 4208 4209
f 452 4209 450
f 450 4209 4210
f 450 4210 448
f 448 4210 4211
f 448 4211 446
f 446 4211 4212
f 446 4212 444
f 444 4212 4213
f 444 4213 443
f 4214 4213 3953
f 3953 4213 4212
f 3953 4212 3955
f 3955 4212 4211
f 3955 4211 4210
f 3955 4210 3957
f 3957 4210 4209
f 3957 4209 3959
f 3959 4209 3961
f 3961 4209 4208
f 3961 4208 3963
f 3963 4208 4207
f 3963 4207 3965
f 3965 4207 3950
f 3965 3950 3967
f 3967 3950 3969
f 3969 3950 3971
f 3971 3950 3951
f 3971 3951 4003
f 4003 3951 4005
f 4005 3951 4007
f 4007 3951 4009
f 4009 3951 4215
f 4009 4215 4011
f 4011 4215 4216
f 4011 4216 4013
f 4013 4216 4217
f 4013 4217 4015
f 4015 4217 4017
f 4017 4217 4218
f 4017 4218 4019
f 4019 4218 4219
f 4019 4219 4220
f 4019 4220 4021
f 4021 4220 4221
f 4021 4221 4222
f 4214 4029 4222
f 4222 4029 4027
f 4222 4027 4025
f 3971 4003 3973
f 3973 4003 4001
f 3973 4001 3975
f 3975 4001 4031
f 3975 4031 3977
f 3977 4031 4029
f 3977 4029 4214
f 4025 4023 4222
f 4222 4023 4021
f 3953 3983 4214
f 4214 3983 3981
f 4214 3981 3979
f 3979 3977 4214
f 397 4221 474
f 474 4221 4220
f 474 4220 4219
f 474 4219 473
f 473 4219 4218
f 473 4218 471
f 471 4218 4217
f 471 4217 468
f 468 4217 4216
f 468 4216 466
f 466 4216 4215
f 466 4215 461
f 461 4215 3951
f 461 3951 459
f 454 3964 456
f 456 3964 3966
f 456 3966 4081
f 4081 3966 4079
f 4079 3966 3968
f 4078 3968 4085
f 4085 3968 3970
f 4085 3970 4086
f 4086 3970 3972
f 4086 3972 4087
f 4087 3972 3974
f 4087 3974 4088
f 4088 3974 3976
f 4088 3976 4089
f 4089 3976 3978
f 4089 3978 4090
f 4090 3978 3980
f 4090 3980 4091
f 4091 3980 3982
f 4091 3982 4092
f 4092 3982 3952
f 4092 3952 4093
f 4093 3952 4094
f 4094 3952 3954
f 4094 3954 446
f 446 3954 448
f 448 3954 3956
f 448 3956 450
f 450 3956 3958
f 450 3958 3960
f 3964 454 3962
f 3962 454 452
f 3962 452 3960
f 3960 452 450
f 446 444 4094
f 4094 444 443
f 4094 443 4095
f 4095 443 4096
f 4096 443 3835
f 443 442 3835
f 3835 442 3853
f 3853 442 3859
f 442 441 3859
f 3859 441 4103
f 4103 441 440
f 4103 440 4102
f 4102 440 4101
f 4101 440 435
f 4101 435 4100
f 4100 435 3985
f 4100 3985 3986
f 435 433 3985
f 3985 433 3984
f 3984 433 430
f 3984 430 3999
f 3999 430 3998
f 3998 430 427
f 3998 427 3997
f 3997 427 3996
f 3996 427 424
f 3996 424 4114
f 4114 424 4115
f 4115 424 4116
f 4116 424 421
f 4116 421 4117
f 4117 421 4118
f 4033 421 420
f 4033 420 419
f 4033 419 4032
f 4032 419 417
f 4042 417 4040
f 4040 417 4038
f 4038 417 414
f 4038 414 4037
f 4037 414 4036
f 4036 414 4198
f 4036 4198 4035
f 4035 4198 4200
f 4035 4200 4034
f 4034 4200 4170
f 4034 4170 4043
f 4043 4170 4172
f 4043 4172 4044
f 4044 4172 4045
f 4045 4172 4174
f 4045 4174 4046
f 4046 4174 4176
f 4046 4176 4047
f 4047 4176 4178
f 4047 4178 4048
f 4048 4178 4180
f 4048 4180 4049
f 4049 4180 4182
f 4049 4182 4050
f 4050 4182 4184
f 4050 4184 4051
f 4051 4184 4186
f 4051 4186 4052
f 4052 4186 4053
f 4053 4186 4188
f 4053 4188 401
f 401 4188 406
f 406 4188 4190
f 406 4190 408
f 408 4190 4192
f 408 4192 4194
f 414 411 4198
f 4198 411 4196
f 4196 411 4194
f 4194 411 408
f 4053 401 4055
f 4055 401 399
f 4055 399 4056
f 4056 399 4057
f 4057 399 398
f 4057 398 3711
f 3711 398 396
f 3711 396 3716
f 3716 396 3741
f 3741 396 397
f 3741 397 4064
f 4064 397 4062
f 4062 397 4061
f 4061 397 474
f 4061 474 473
f 4061 473 4018
f 4018 473 471
f 4018 471 4016
f 4016 471 468
f 4016 468 4014
f 4014 468 4012
f 4012 468 466
f 4012 466 4010
f 4010 466 461
f 4010 461 4008
f 4008 461 459
f 4008 459 4006
f 4006 459 4074
f 4006 4074 4073
f 456 3773 459
f 459 4077 4076
f 4111 3994 4112
f 4112 3994 3995
f 4112 3995 4113
f 4113 3995 3996
f 4113 3996 4114
f 3994 4111 3993
f 3993 4111 4110
f 3993 4110 4109
f 3993 4109 3992
f 3992 4109 4108
f 3992 4108 3991
f 3991 4108 4107
f 3991 4107 3990
f 3990 4107 4106
f 3990 4106 3989
f 3989 4106 4105
f 3989 4105 3988
f 3988 4105 4104
f 3988 4104 3987
f 3987 4104 4098
f 3987 4098 3986
f 3986 4098 4099
f 3986 4099 4100
f 4081 4082 456
f 456 4082 4083
f 456 4083 4084
f 3801 3773 456
f 4076 4075 459
f 459 4075 4074
f 4006 4073 4004
f 4004 4071 4070
f 4004 4070 4002
f 4002 4070 4069
f 4002 4069 4000
f 4000 4069 4068
f 4000 4068 4030
f 4030 4068 4067
f 4030 4067 4028
f 4028 4067 4066
f 4028 4066 4026
f 4026 4066 4065
f 4026 4065 4024
f 4024 4065 4058
f 4024 4058 4022
f 4022 4058 4059
f 4022 4059 4020
f 4020 4059 4060
f 4020 4060 4061
f 4018 4020 4061
f 4120 4223 419
f 419 4223 417
f 417 4223 4224
f 417 4224 414
f 414 4224 4225
f 414 4225 411
f 411 4225 4226
f 411 4226 408
f 408 4226 4227
f 408 4227 406
f 406 4227 4228
f 406 4228 401
f 401 4228 4229
f 401 4229 399
f 399 4229 4230
f 399 4230 398
f 398 4230 396
f 396 4230 4231
f 4121 4122 4203
f 4203 4122 4123
f 4203 4123 4204
f 4204 4123 4124
f 4204 4124 4119
f 4119 4124 4125
f 4119 4125 4126
f 4119 4126 4146
f 4146 4126 4127
f 4146 4127 4145
f 4145 4127 4128
f 4145 4128 4144
f 4144 4128 4129
f 4144 4129 4143
f 4143 4129 4130
f 4143 4130 4142
f 4142 4130 4131
f 4142 4131 4141
f 4141 4131 4132
f 4141 4132 4140
f 4140 4132 4133
f 4140 4133 4206
f 4206 4133 4134
f 4206 4134 4135
f 4206 4135 4205
f 4205 4135 4136
f 4205 4136 4202
f 4202 4136 4137
f 4202 4137 4138
f 4232 4233 4206
f 4206 4233 4234
f 4206 4234 4235
f 4235 4236 4206
f 4206 4236 4237
f 4206 4237 4238
f 4206 4238 4139
f 4139 4238 4239
f 4139 4239 4169
f 4169 4239 4240
f 4169 4240 4168
f 4168 4240 4241
f 4168 4241 4167
f 4167 4241 4166
f 4166 4241 4165
f 4165 4241 4164
f 4164 4241 4163
f 4163 4241 4242
f 4163 4242 4162
f 4162 4242 4161
f 4161 4242 4160
f 4160 4242 4159
f 4159 4242 4243
f 4159 4243 4158
f 4158 4243 4244
f 4158 4244 4157
f 4157 4244 4245
f 4157 4245 4231
f 4231 4245 4246
f 4231 4246 4247
f 4247 4248 4231
f 4231 4248 4249
f 4231 4249 4250
f 4250 4251 4231
f 4230 4185 4231
f 4231 4185 4183
f 4231 4183 4181
f 4230 4229 4185
f 4185 4229 4187
f 4187 4229 4228
f 4187 4228 4189
f 4189 4228 4227
f 4189 4227 4191
f 4191 4227 4193
f 4193 4227 4226
f 4193 4226 4195
f 4195 4226 4225
f 4195 4225 4197
f 4197 4225 4199
f 4199 4225 4224
f 4199 4224 4201
f 4201 4224 4223
f 4201 4223 4171
f 4171 4223 4120
f 4171 4120 4173
f 4173 4120 4151
f 4173 4151 4175
f 4175 4151 4152
f 4175 4152 4177
f 4177 4152 4153
f 4177 4153 4179
f 4179 4153 4154
f 4179 4154 4181
f 4181 4154 4155
f 4181 4155 4231
f 4231 4155 4156
f 4231 4156 4157
f 4119 4148 4120
f 4120 4148 4149
f 4120 4149 4150
f 4146 4147 4119
f 4119 4147 4148
f 4150 4151 4120
f 4139 4140 4206
f 4252 4232 4253
f 4253 4232 4214
f 4214 4232 443
f 4214 443 4213
f 4206 442 4232
f 4232 442 443
f 4214 4222 4253
f 4253 4222 4254
f 4231 4251 396
f 396 4251 397
f 397 4251 4222
f 397 4222 4221
f 4255 4254 4251
f 4251 4254 4222
f 4256 4257 4242
f 4242 4257 4243
f 4243 4257 4258
f 4243 4258 4244
f 4244 4258 4259
f 4244 4259 4245
f 4245 4259 4260
f 4245 4260 4246
f 4246 4260 4261
f 4246 4261 4247
f 4247 4261 4262
f 4247 4262 4248
f 4248 4262 4263
f 4248 4263 4249
f 4249 4263 4264
f 4249 4264 4250
f 4250 4264 4255
f 4250 4255 4251
f 4242 4241 4256
f 4256 4241 4265
f 4252 4266 4232
f 4232 4266 4233
f 4233 4266 4267
f 4233 4267 4234
f 4234 4267 4268
f 4234 4268 4235
f 4235 4268 4269
f 4235 4269 4236
f 4236 4269 4270
f 4236 4270 4237
f 4237 4270 4271
f 4237 4271 4238
f 4238 4271 4272
f 4238 4272 4239
f 4239 4272 4273
f 4239 4273 4240
f 4240 4273 4265
f 4240 4265 4241
f 4257 4256 4255
f 4255 4256 4265
f 4255 4265 4252
f 4252 4265 4273
f 4252 4273 4266
f 4266 4273 4272
f 4266 4272 4271
f 4271 4270 4266
f 4266 4270 4269
f 4266 4269 4268
f 4268 4267 4266
f 4253 4254 4252
f 4252 4254 4255
f 4264 4263 4255
f 4255 4263 4262
f 4255 4262 4261
f 4261 4260 4255
f 4255 4260 4259
f 4255 4259 4258
f 4258 4257 4255
f 4274 4275 4276
f 4276 4275 4277
f 4278 4279 4280
f 4280 4279 4281
f 4282 4283 4284
f 4284 4283 4285
f 4285 4283 4286
f 4285 4286 4287
f 4287 4286 4288
f 4287 4288 4289
f 4289 4288 4290
f 4289 4290 4291
f 4291 4290 4292
f 4291 4292 4293
f 4293 4292 4294
f 4293 4294 4295
f 4275 4296 4277
f 4277 4296 4297
f 4276 4298 4274
f 4274 4298 4299
f 4279 4300 4281
f 4281 4300 4301
f 4280 4302 4278
f 4278 4302 4303
f 4304 4305 4306
f 4306 4305 4307
f 4307 4305 4308
f 4307 4308 4309
f 4309 4308 4310
f 4309 4310 4311
f 4311 4310 4312
f 4311 4312 4313
f 4313 4312 4314
f 4313 4314 4315
f 4315 4314 4316
f 4315 4316 4317
f 4318 4319 4320
f 4320 4319 4321
f 4322 4323 4324
f 4324 4323 4325
f 4325 4323 4326
f 4325 4326 4327
f 4327 4326 4328
f 4328 4326 4329
f 4328 4329 4330
f 4330 4329 4331
f 4331 4329 4316
f 4331 4316 4332
f 4332 4316 4314
f 4332 4314 4333
f 4333 4314 4312
f 4333 4312 4334
f 4334 4312 4310
f 4334 4310 4335
f 4335 4310 4308
f 4335 4308 4336
f 4336 4308 4305
f 4336 4305 4337
f 4337 4305 4304
f 4337 4304 4338
f 4338 4339 4340
f 4340 4339 4341
f 4340 4341 4342
f 4342 4341 4343
f 4342 4343 4344
f 4342 4344 4345
f 4345 4344 4346
f 4345 4346 4347
f 4347 4346 4348
f 4349 4350 4351
f 4351 4350 4352
f 4352 4350 4353
f 4352 4353 4354
f 4354 4353 4355
f 4354 4355 4356
f 4357 4356 4358
f 4356 4357 4322
f 4322 4357 4359
f 4322 4359 4323
f 4323 4359 4360
f 4323 4360 4326
f 4326 4360 4361
f 4326 4361 4329
f 4329 4361 4317
f 4329 4317 4316
f 4362 4311 4363
f 4363 4311 4313
f 4363 4313 4315
f 4362 4364 4311
f 4311 4364 4365
f 4311 4365 4366
f 4367 4287 4366
f 4366 4287 4289
f 4366 4289 4320
f 4320 4289 4291
f 4320 4291 4293
f 4287 4367 4285
f 4285 4367 4368
f 4285 4368 4284
f 4284 4368 4369
f 4284 4369 4370
f 4293 4295 4320
f 4320 4295 4371
f 4320 4371 4372
f 4372 4371 4373
f 4372 4373 4374
f 4374 4375 4372
f 4372 4375 4376
f 4372 4376 4377
f 4377 4376 4378
f 4378 4376 4379
f 4320 4321 4366
f 4366 4321 4311
f 4380 4381 4321
f 4321 4381 4306
f 4321 4306 4307
f 4382 4383 4380
f 4380 4383 4384
f 4380 4384 4385
f 4382 4386 4383
f 4383 4386 4387
f 4385 4388 4380
f 4380 4388 4381
f 4307 4309 4321
f 4321 4309 4311
f 4317 4357 4315
f 4315 4357 4358
f 4315 4358 4363
f 4317 4360 4359
f 4317 4359 4357
f 4282 4284 4389
f 4389 4284 4390
f 4389 4390 4391
f 4391 4390 4370
f 4391 4370 4392
f 4392 4370 4369
f 4392 4369 4393
f 4393 4369 4368
f 4393 4368 4394
f 4394 4368 4367
f 4394 4395 4396
f 4396 4395 4397
f 4396 4397 4398
f 4398 4397 4399
f 4398 4399 4400
f 4400 4399 4401
f 4393 4402 4392
f 4392 4402 4403
f 4392 4403 4391
f 4391 4403 4404
f 4391 4404 4389
f 4389 4404 4405
f 4389 4405 4406
f 4406 4407 4389
f 4282 4407 4283
f 4283 4407 4408
f 4283 4408 4286
f 4286 4408 4409
f 4286 4409 4288
f 4288 4409 4410
f 4288 4410 4290
f 4290 4410 4411
f 4290 4411 4292
f 4292 4411 4412
f 4292 4412 4294
f 4294 4412 4413
f 4414 4413 4415
f 4414 4415 4416
f 4416 4415 4417
f 4416 4417 4418
f 4418 4417 4419
f 4419 4417 4420
f 4419 4420 4421
f 4422 4420 4423
f 4424 4425 4426
f 4426 4425 4427
f 4426 4427 4428
f 4428 4427 4429
f 4428 4429 4430
f 4430 4429 4431
f 4432 4433 4434
f 4434 4433 4435
f 4434 4435 4436
f 4436 4435 4437
f 4436 4437 4438
f 4438 4437 4439
f 4375 4422 4376
f 4376 4422 4440
f 4376 4440 4441
f 4422 4375 4421
f 4421 4375 4374
f 4421 4374 4419
f 4419 4374 4418
f 4418 4374 4373
f 4418 4373 4416
f 4416 4373 4414
f 4414 4373 4371
f 4414 4371 4442
f 4442 4371 4295
f 4442 4295 4294
f 4318 4320 4443
f 4443 4320 4372
f 4443 4372 4444
f 4444 4372 4377
f 4444 4377 4445
f 4445 4377 4378
f 4445 4378 4446
f 4446 4378 4379
f 4297 4296 4447
f 4447 4296 4448
f 4447 4448 4449
f 4449 4448 4450
f 4449 4450 4451
f 4451 4450 4452
f 4451 4452 4453
f 4453 4452 4454
f 4455 4456 4453
f 4453 4456 4451
f 4451 4456 4457
f 4451 4457 4449
f 4449 4457 4458
f 4449 4458 4447
f 4447 4458 4298
f 4447 4298 4297
f 4297 4298 4276
f 4297 4276 4277
f 4299 4298 4459
f 4459 4298 4458
f 4459 4458 4460
f 4460 4458 4457
f 4460 4457 4461
f 4461 4457 4456
f 4461 4456 4462
f 4462 4456 4455
f 4463 4464 4465
f 4463 4465 4466
f 4466 4465 4467
f 4467 4465 4468
f 4468 4465 4469
f 4469 4465 4470
f 4470 4465 4471
f 4471 4465 4472
f 4472 4465 4473
f 4472 4473 4474
f 4474 4473 4475
f 4474 4475 4476
f 4464 4477 4478
f 4478 4477 4479
f 4479 4477 4480
f 4474 4476 4481
f 4481 4476 4482
f 4481 4482 4483
f 4483 4482 4484
f 4483 4484 4485
f 4485 4484 4486
f 4485 4486 4487
f 4487 4486 4488
f 4487 4488 4489
f 4489 4488 4490
f 4489 4490 4491
f 4489 4491 4492
f 4492 4491 4493
f 4492 4493 4494
f 4494 4493 4495
f 4495 4493 4496
f 4496 4493 4497
f 4497 4493 4498
f 4498 4493 4499
f 4499 4493 4430
f 4430 4493 4500
f 4424 4500 4501
f 4424 4501 4502
f 4502 4503 4424
f 4301 4300 4504
f 4504 4300 4505
f 4504 4505 4506
f 4506 4505 4507
f 4506 4507 4508
f 4508 4507 4509
f 4508 4509 4510
f 4510 4509 4511
f 4504 4512 4301
f 4301 4512 4302
f 4301 4302 4281
f 4281 4302 4280
f 4512 4504 4513
f 4513 4504 4506
f 4513 4506 4514
f 4514 4506 4508
f 4514 4508 4515
f 4515 4508 4510
f 4303 4302 4516
f 4516 4302 4512
f 4516 4512 4517
f 4517 4512 4513
f 4517 4513 4518
f 4518 4513 4514
f 4518 4514 4519
f 4519 4514 4515
f 4520 4521 4522
f 4520 4522 4523
f 4524 4525 4526
f 4524 4526 4521
f 4525 4527 4528
f 4525 4529 4526
f 4526 4529 4530
f 4526 4530 4531
f 4531 4530 4532
f 4531 4532 4533
f 4533 4532 4534
f 4533 4534 4535
f 4535 4534 4536
f 4535 4536 4537
f 4535 4537 4538
f 4538 4537 4539
f 4538 4539 4540
f 4540 4539 4541
f 4540 4541 4542
f 4542 4541 4543
f 4542 4543 4544
f 4544 4543 4545
f 4544 4545 4546
f 4546 4545 4547
f 4547 4545 4548
f 4548 4545 4549
f 4548 4549 4550
f 4550 4549 4551
f 4552 4553 4549
f 4549 4553 4554
f 4549 4554 4551
f 4553 4552 4555
f 4555 4552 4556
f 4550 4557 4558
f 4558 4557 4559
f 4559 4557 4560
f 4560 4557 4561
f 4562 4563 4551
f 4551 4563 4564
f 4564 4563 4565
f 4565 4563 4566
f 4565 4566 4557
f 4557 4566 4567
f 4568 4569 4570
f 4570 4569 4571
f 4570 4571 4572
f 4572 4571 4573
f 4572 4573 4574
f 4574 4573 4575
f 4574 4575 4576
f 4576 4575 4577
f 4576 4578 4574
f 4574 4578 4572
f 4572 4578 4570
f 4570 4578 4568
f 4568 4578 4579
f 4568 4579 4580
f 4581 4387 4582
f 4582 4387 4386
f 4582 4386 4583
f 4583 4386 4382
f 4583 4382 4584
f 4584 4382 4380
f 4584 4380 4319
f 4319 4380 4321
f 4304 4306 4585
f 4585 4306 4381
f 4585 4381 4339
f 4339 4381 4388
f 4339 4388 4341
f 4341 4388 4343
f 4343 4388 4385
f 4343 4385 4344
f 4344 4385 4346
f 4346 4385 4384
f 4346 4384 4586
f 4586 4384 4383
f 4586 4383 4587
f 4587 4383 4588
f 4589 4590 4591
f 4591 4590 4592
f 4591 4592 4593
f 4593 4592 4594
f 4593 4594 4595
f 4595 4594 4596
f 4597 4598 4599
f 4599 4598 4583
f 4599 4583 4584
f 4597 4600 4598
f 4598 4600 4601
f 4598 4601 4602
f 4602 4603 4598
f 4598 4603 4604
f 4598 4604 4605
f 4605 4606 4598
f 4598 4581 4583
f 4319 4318 4584
f 4584 4318 4443
f 4584 4443 4599
f 4599 4443 4607
f 4607 4443 4608
f 4608 4443 4609
f 4608 4609 4610
f 4610 4609 4611
f 4611 4609 4612
f 4612 4609 4613
f 4613 4609 4614
f 4614 4609 4615
f 4615 4609 4616
f 4609 4443 4446
f 4446 4443 4444
f 4617 4569 4580
f 4580 4569 4568
f 4618 4619 4620
f 4620 4619 4621
f 4620 4621 4622
f 4622 4621 4623
f 4622 4623 4624
f 4624 4623 4625
f 4624 4625 4626
f 4624 4626 4627
f 4627 4626 4628
f 4627 4628 4629
f 4629 4628 4630
f 4629 4630 4631
f 4631 4630 4632
f 4631 4632 4633
f 4631 4633 4634
f 4634 4633 4635
f 4634 4635 4636
f 4636 4635 4637
f 4636 4637 4638
f 4636 4638 4639
f 4639 4638 4640
f 4639 4640 4641
f 4641 4640 4642
f 4641 4642 4643
f 4643 4642 4644
f 4643 4644 4645
f 4643 4645 4646
f 4646 4645 4647
f 4646 4647 4648
f 4648 4647 4649
f 4648 4649 4650
f 4648 4650 4651
f 4651 4650 4652
f 4651 4652 4653
f 4653 4652 4654
f 4654 4652 4618
f 4654 4618 4620
f 573 572 4655
f 4655 572 4656
f 4338 4340 4657
f 4657 4340 4658
f 4658 4340 4342
f 4658 4342 4659
f 4659 4342 4345
f 4659 4345 4660
f 4660 4345 4347
f 4660 4347 4661
f 4661 4347 4348
f 4661 4348 4662
f 4662 4348 4595
f 4662 4595 4596
f 4331 4332 4663
f 4663 4332 4664
f 4664 4332 4333
f 4664 4333 4665
f 4665 4333 4334
f 4665 4334 4666
f 4666 4334 4335
f 4666 4335 4667
f 4667 4335 4336
f 4667 4336 4668
f 4668 4336 4337
f 4668 4337 4669
f 4669 4337 4338
f 4669 4338 4657
f 4351 4324 4349
f 4349 4324 4670
f 4670 4324 4325
f 4670 4325 4671
f 4671 4325 4327
f 4671 4327 4672
f 4672 4327 4328
f 4672 4328 4673
f 4673 4328 4330
f 4673 4330 4674
f 4674 4330 4663
f 4663 4330 4331
f 4355 4675 4676
f 4676 4675 4363
f 4676 4363 4358
f 4366 4365 4677
f 4677 4365 4678
f 4678 4365 4364
f 4678 4364 4679
f 4679 4364 4362
f 4679 4362 4680
f 4680 4362 4363
f 4680 4363 4675
f 4367 4366 4681
f 4681 4366 4677
f 4681 4677 4395
f 4395 4394 4681
f 4682 4406 4683
f 4683 4406 4684
f 4683 4684 4405
f 4683 4405 4685
f 4685 4405 4404
f 4685 4404 4686
f 4686 4404 4403
f 4686 4403 4687
f 4687 4403 4402
f 4687 4402 4688
f 4688 4402 4400
f 4688 4400 4401
f 4413 4412 4689
f 4689 4412 4690
f 4690 4412 4411
f 4690 4411 4691
f 4691 4411 4410
f 4691 4410 4692
f 4692 4410 4409
f 4692 4409 4693
f 4693 4409 4408
f 4693 4408 4694
f 4694 4408 4407
f 4694 4407 4695
f 4695 4407 4406
f 4695 4406 4682
f 4689 4696 4413
f 4413 4696 4415
f 4415 4696 4697
f 4415 4697 4417
f 4417 4697 4698
f 4417 4698 4420
f 4420 4698 4699
f 4420 4699 4423
f 4423 4699 4700
f 4423 4700 4701
f 4701 4700 4433
f 4701 4433 4432
f 4494 4495 4702
f 4702 4495 4703
f 4703 4495 4496
f 4703 4496 4704
f 4704 4496 4497
f 4704 4497 4705
f 4705 4497 4498
f 4705 4498 4706
f 4706 4498 4499
f 4706 4499 4707
f 4707 4499 4430
f 4707 4430 4431
f 4702 4708 4494
f 4494 4708 4492
f 4492 4708 4709
f 4492 4709 4489
f 4489 4709 4710
f 4489 4710 4487
f 4487 4710 4711
f 4487 4711 4485
f 4485 4711 4712
f 4485 4712 4483
f 4483 4712 4713
f 4483 4713 4481
f 4481 4713 4714
f 4481 4714 4474
f 4474 4714 4715
f 4474 4715 4472
f 4472 4715 4471
f 4471 4715 4716
f 4716 4717 4471
f 4471 4717 4470
f 4470 4717 4718
f 4470 4718 4469
f 4469 4718 4719
f 4469 4719 4468
f 4468 4719 4720
f 4468 4720 4467
f 4467 4720 4721
f 4467 4721 4466
f 4466 4721 4722
f 4466 4722 4463
f 4532 4530 4723
f 4723 4530 4724
f 4724 4530 4529
f 4724 4529 4725
f 4725 4529 4525
f 4725 4525 4726
f 4726 4525 4528
f 4726 4528 4727
f 4727 4528 4728
f 4727 4728 4729
f 4729 4728 4730
f 4729 4730 4731
f 4532 4723 4534
f 4534 4723 4732
f 4534 4732 4733
f 4534 4733 4536
f 4536 4733 4734
f 4536 4734 4537
f 4537 4734 4735
f 4537 4735 4539
f 4539 4735 4736
f 4539 4736 4541
f 4541 4736 4737
f 4541 4737 4543
f 4543 4737 4738
f 4543 4738 4545
f 4545 4738 4739
f 4545 4739 4549
f 4549 4739 4740
f 4549 4740 4552
f 4740 4741 4552
f 4552 4741 4556
f 4556 4741 4742
f 4556 4742 4743
f 4743 4742 4744
f 4743 4744 4555
f 4555 4744 4745
f 4555 4745 4553
f 4553 4745 4746
f 4553 4746 4554
f 4554 4746 4562
f 4554 4562 4551
f 4747 4748 4749
f 4749 4748 4750
f 4749 4750 4751
f 4751 4750 4752
f 4751 4752 4753
f 4753 4752 4754
f 4753 4754 4755
f 4755 4754 4756
f 4755 4756 4757
f 4757 4756 4758
f 4757 4758 4759
f 4759 4758 4760
f 4759 4760 4761
f 4761 4760 4762
f 4761 4762 4763
f 4763 4762 4764
f 4763 4764 4765
f 4765 4764 4766
f 4765 4766 4767
f 4767 4766 4768
f 4767 4768 4769
f 4769 4768 4770
f 4769 4770 4771
f 4771 4770 4772
f 4771 4772 4773
f 4773 4772 4774
f 4773 4774 4775
f 4775 4774 4776
f 4775 4776 4777
f 4777 4776 4778
f 4777 4778 4747
f 4747 4778 4748
f 4779 4780 4781
f 4781 4780 4782
f 4781 4782 4783
f 4783 4782 4784
f 4783 4784 4785
f 4785 4784 4786
f 4785 4786 4787
f 4787 4786 4788
f 4787 4788 4789
f 4789 4788 4790
f 4789 4790 4791
f 4791 4790 4792
f 4791 4792 4793
f 4793 4792 4794
f 4793 4794 4795
f 4795 4794 4796
f 4795 4796 4797
f 4797 4796 4798
f 4797 4798 4799
f 4799 4798 4800
f 4799 4800 4801
f 4801 4800 4802
f 4801 4802 4803
f 4803 4802 4804
f 4803 4804 4805
f 4805 4804 4806
f 4805 4806 4807
f 4807 4806 4808
f 4807 4808 4809
f 4809 4808 4810
f 4809 4810 4779
f 4779 4810 4780
f 4811 4627 4812
f 4812 4627 4629
f 4812 4629 4813
f 4813 4629 4631
f 4813 4631 4814
f 4814 4631 4634
f 4814 4634 4815
f 4815 4634 4636
f 4815 4636 4816
f 4816 4636 4639
f 4816 4639 4817
f 4817 4639 4641
f 4817 4641 4818
f 4818 4641 4643
f 4818 4643 4819
f 4819 4643 4646
f 4819 4646 4820
f 4820 4646 4648
f 4820 4648 4821
f 4821 4648 4651
f 4821 4651 4822
f 4822 4651 4653
f 4822 4653 4823
f 4823 4653 4654
f 4823 4654 4824
f 4824 4654 4620
f 4824 4620 4825
f 4825 4620 4622
f 4825 4622 4826
f 4826 4622 4624
f 4826 4624 4811
f 4811 4624 4627
f 4599 4607 4827
f 4827 4607 4828
f 4607 4608 4828
f 4828 4608 4829
f 4829 4608 4610
f 4829 4610 4830
f 4830 4610 4831
f 4831 4610 4611
f 4831 4611 4832
f 4832 4611 4612
f 4832 4612 4613
f 4832 4613 4833
f 4833 4613 4614
f 4833 4614 4834
f 4834 4614 4615
f 4834 4615 4835
f 4835 4615 4616
f 4835 4616 4836
f 4836 4616 4609
f 4836 4609 4837
f 4838 4462 4503
f 4503 4462 4455
f 4503 4455 4425
f 4425 4455 4453
f 4425 4453 4439
f 4439 4453 4441
f 4439 4441 4438
f 4454 4837 4453
f 4453 4837 4441
f 4441 4837 4379
f 4379 4837 4609
f 4379 4609 4446
f 4379 4376 4441
f 4425 4424 4503
f 4839 4840 4491
f 4491 4840 4493
f 4493 4840 4841
f 4493 4841 4500
f 4500 4841 4842
f 4500 4842 4501
f 4501 4842 4843
f 4501 4843 4502
f 4502 4843 4503
f 4503 4843 4838
f 4491 4490 4839
f 4839 4490 4844
f 4844 4490 4488
f 4844 4488 4845
f 4845 4488 4486
f 4845 4486 4846
f 4846 4486 4484
f 4846 4484 4847
f 4847 4484 4482
f 4847 4482 4848
f 4848 4482 4476
f 4848 4476 4849
f 4849 4476 4475
f 4849 4475 4850
f 4850 4475 4473
f 4850 4473 4851
f 4480 4852 4479
f 4479 4852 4853
f 4479 4853 4854
f 4479 4854 4478
f 4478 4854 4855
f 4478 4855 4464
f 4464 4855 4856
f 4464 4856 4465
f 4465 4856 4851
f 4465 4851 4473
f 4520 4523 4857
f 4857 4523 4515
f 4857 4515 4510
f 4858 4519 4523
f 4523 4519 4515
f 4511 4852 4510
f 4510 4852 4480
f 4510 4480 4859
f 4859 4480 4477
f 4859 4857 4510
f 4860 4861 4533
f 4533 4861 4531
f 4531 4861 4862
f 4531 4862 4526
f 4526 4862 4863
f 4526 4863 4521
f 4521 4863 4864
f 4521 4864 4522
f 4522 4864 4523
f 4523 4864 4858
f 4533 4535 4860
f 4860 4535 4865
f 4865 4535 4538
f 4865 4538 4866
f 4866 4538 4540
f 4866 4540 4867
f 4867 4540 4542
f 4867 4542 4868
f 4868 4542 4544
f 4868 4544 4869
f 4869 4544 4546
f 4869 4546 4870
f 4870 4546 4547
f 4870 4547 4871
f 4871 4547 4548
f 4871 4548 4872
f 4561 4873 4560
f 4560 4873 4874
f 4560 4874 4875
f 4560 4875 4559
f 4559 4875 4876
f 4559 4876 4558
f 4558 4876 4877
f 4558 4877 4550
f 4550 4877 4872
f 4550 4872 4548
f 4577 4873 4576
f 4576 4873 4561
f 4576 4561 4567
f 4567 4561 4557
f 4567 4878 4576
f 4576 4878 4578
f 4879 4880 4588
f 4588 4880 4590
f 4588 4590 4589
f 4383 4387 4588
f 4588 4387 4879
f 4581 4598 4387
f 4387 4598 4879
f 4598 4881 4879
f 4827 4882 4599
f 4599 4882 4597
f 4597 4882 4883
f 4597 4883 4600
f 4600 4883 4884
f 4600 4884 4601
f 4601 4884 4885
f 4601 4885 4602
f 4602 4885 4886
f 4602 4886 4603
f 4603 4886 4887
f 4603 4887 4604
f 4604 4887 4888
f 4604 4888 4605
f 4605 4888 4889
f 4605 4889 4606
f 4606 4889 4598
f 4598 4889 4881
f 4890 4617 4579
f 4579 4617 4580
f 4891 4649 4892
f 4892 4649 4647
f 4892 4647 4893
f 4893 4647 4645
f 4893 4645 4644
f 4893 4644 4894
f 4894 4644 4642
f 4894 4642 4895
f 4895 4642 4640
f 4895 4640 4896
f 4896 4640 4638
f 4896 4638 4897
f 4897 4638 4637
f 4897 4637 4898
f 4898 4637 4635
f 4898 4635 4899
f 4899 4635 4633
f 4899 4633 4900
f 4900 4633 4632
f 4900 4632 4901
f 4901 4632 4630
f 4901 4630 4902
f 4902 4630 4628
f 4902 4628 4903
f 4903 4628 4626
f 4903 4626 4904
f 4904 4626 4625
f 4904 4625 4905
f 4905 4625 4623
f 4905 4623 4906
f 4906 4623 4621
f 4906 4621 4907
f 4907 4621 4619
f 4907 4619 4908
f 4909 4910 554
f 554 4910 555
f 4911 4912 4913
f 4913 4912 4914
f 4913 4914 4915
f 4915 4914 4916
f 4915 4916 4917
f 4917 4916 4918
f 4917 4918 4919
f 4919 4918 4920
f 4919 4920 4921
f 4921 4920 4922
f 4921 4922 4923
f 4923 4922 4924
f 4923 4924 4925
f 4925 4924 4926
f 4925 4926 4927
f 4927 4926 4928
f 4927 4928 4929
f 4929 4928 4930
f 4929 4930 4931
f 4931 4930 4932
f 4931 4932 4933
f 4933 4932 4934
f 4933 4934 4935
f 4935 4934 4936
f 4935 4936 4937
f 4937 4936 4938
f 4937 4938 4939
f 4939 4938 4940
f 4939 4940 4941
f 4941 4940 4942
f 4941 4942 4943
f 4943 4942 4944
f 4943 4944 4945
f 4945 4944 4946
f 4945 4946 4947
f 4947 4946 4948
f 4947 4948 4949
f 4949 4948 4950
f 4949 4950 4951
f 4951 4950 4952
f 4951 4952 4953
f 4953 4952 4954
f 4953 4954 4955
f 4955 4954 4956
f 4955 4956 4957
f 4957 4956 4958
f 4957 4958 4959
f 4959 4958 4960
f 4959 4960 4961
f 4961 4960 4962
f 4961 4962 4963
f 4963 4962 4964
f 4963 4964 4965
f 4965 4964 4966
f 4965 4966 4967
f 4967 4966 4968
f 4967 4968 4969
f 4969 4968 4970
f 4969 4970 4971
f 4971 4970 4972
f 4971 4972 4973
f 4973 4972 4974
f 4973 4974 4975
f 4975 4974 4976
f 4975 4976 4977
f 4977 4976 4978
f 4977 4978 4979
f 4979 4978 4980
f 4979 4980 4911
f 4911 4980 4912
f 4981 4982 4983
f 4983 4982 4984
f 4983 4984 4985
f 4985 4984 4986
f 4985 4986 4987
f 4987 4986 4988
f 4987 4988 4989
f 4989 4988 4990
f 4989 4990 4991
f 4991 4990 4992
f 4991 4992 4993
f 4993 4992 4994
f 4993 4994 4995
f 4995 4994 4996
f 4995 4996 4997
f 4997 4996 4998
f 4997 4998 4999
f 4999 4998 5000
f 4999 5000 5001
f 5001 5000 5002
f 5001 5002 5003
f 5003 5002 5004
f 5003 5004 5005
f 5005 5004 5006
f 5005 5006 5007
f 5007 5006 5008
f 5007 5008 5009
f 5009 5008 5010
f 5009 5010 5011
f 5011 5010 5012
f 5011 5012 4981
f 4981 5012 4982
f 5013 5014 545
f 545 5014 546
f 546 5014 5015
f 546 5015 547
f 547 5015 5016
f 547 5016 548
f 548 5016 5017
f 548 5017 549
f 549 5017 5018
f 549 5018 550
f 550 5018 5019
f 550 5019 551
f 551 5019 5020
f 551 5020 552
f 552 5020 5021
f 552 5021 553
f 553 5021 4909
f 553 4909 554
f 4655 5022 573
f 573 5022 574
f 574 5022 5023
f 574 5023 575
f 575 5023 5024
f 575 5024 576
f 576 5024 5025
f 576 5025 577
f 577 5025 5026
f 577 5026 578
f 578 5026 5027
f 578 5027 579
f 579 5027 5028
f 579 5028 580
f 5029 5028 4748
f 4748 5028 5027
f 4748 5027 4750
f 4750 5027 5026
f 4750 5026 5025
f 4750 5025 4752
f 4752 5025 5024
f 4752 5024 4754
f 4754 5024 4756
f 4756 5024 5023
f 4756 5023 4758
f 4758 5023 5022
f 4758 5022 4760
f 4760 5022 4655
f 4760 4655 4762
f 4762 4655 4764
f 4764 4655 4766
f 4766 4655 4656
f 4766 4656 4782
f 4782 4656 4784
f 4784 4656 4786
f 4786 4656 4788
f 4788 4656 5030
f 4788 5030 4790
f 4790 5030 5031
f 4790 5031 4792
f 4792 5031 5032
f 4792 5032 4794
f 4794 5032 4796
f 4796 5032 5033
f 4796 5033 4798
f 4798 5033 5034
f 4798 5034 5035
f 4798 5035 4800
f 4800 5035 5036
f 4800 5036 5037
f 5029 4808 5037
f 5037 4808 4806
f 5037 4806 4804
f 4766 4782 4768
f 4768 4782 4780
f 4768 4780 4770
f 4770 4780 4810
f 4770 4810 4772
f 4772 4810 4808
f 4772 4808 5029
f 4804 4802 5037
f 5037 4802 4800
f 4748 4778 5029
f 5029 4778 4776
f 5029 4776 4774
f 4774 4772 5029
f 4908 4619 5038
f 5038 4619 557
f 5038 557 556
f 557 4619 558
f 558 4619 4618
f 558 4618 559
f 559 4618 4652
f 559 4652 560
f 560 4652 4650
f 560 4650 561
f 561 4650 4649
f 561 4649 562
f 562 4649 5039
f 562 5039 563
f 563 5039 5040
f 563 5040 564
f 564 5040 5041
f 4649 4891 5039
f 5038 556 5042
f 5042 556 555
f 5042 555 4910
f 565 5036 566
f 566 5036 5035
f 566 5035 5034
f 566 5034 567
f 567 5034 5033
f 567 5033 568
f 568 5033 5032
f 568 5032 569
f 569 5032 5031
f 569 5031 570
f 570 5031 5030
f 570 5030 571
f 571 5030 4656
f 571 4656 572
f 4567 4562 564
f 564 4562 563
f 563 4562 4746
f 563 4746 562
f 562 4746 4745
f 562 4745 4744
f 562 4744 561
f 561 4744 4742
f 561 4742 4820
f 4820 4742 4819
f 4819 4742 4741
f 4819 4741 4740
f 4819 4740 4818
f 4818 4740 4739
f 4818 4739 4817
f 4817 4739 4738
f 4817 4738 4816
f 4816 4738 4737
f 4816 4737 4815
f 4815 4737 4736
f 4815 4736 4814
f 4814 4736 4735
f 4814 4735 4813
f 4813 4735 4734
f 4813 4734 4812
f 4812 4734 4733
f 4812 4733 4732
f 4812 4732 4811
f 4811 4732 4723
f 4811 4723 4826
f 4826 4723 4724
f 4826 4724 4825
f 4825 4724 4725
f 4825 4725 557
f 557 4725 4726
f 557 4726 4727
f 557 4727 556
f 556 4727 4729
f 556 4729 4731
f 556 4857 555
f 555 4857 4859
f 555 4859 554
f 554 4859 553
f 553 4722 4721
f 553 4721 4720
f 553 4720 552
f 552 4720 4719
f 552 4719 4718
f 552 4718 5005
f 5005 4718 4717
f 5005 4717 5003
f 5003 4717 4716
f 5003 4716 5001
f 5001 4716 4715
f 5001 4715 4999
f 4999 4715 4714
f 4999 4714 4713
f 4999 4713 4997
f 4997 4713 4712
f 4997 4712 4995
f 4995 4712 4711
f 4995 4711 4993
f 4993 4711 4710
f 4993 4710 4991
f 4991 4710 4709
f 4991 4709 4989
f 4989 4709 4708
f 4989 4708 4987
f 4987 4708 4702
f 4987 4702 4985
f 4985 4702 4703
f 4985 4703 4704
f 4705 548 4704
f 4704 548 4983
f 4704 4983 4985
f 548 4705 547
f 547 4705 4706
f 547 4706 4707
f 547 4707 546
f 546 4707 4431
f 546 4431 545
f 545 4431 4425
f 545 4425 4439
f 4439 4700 580
f 580 4700 4699
f 580 4699 4698
f 4697 4747 4698
f 4698 4747 4749
f 4698 4749 578
f 578 4749 577
f 577 4749 4751
f 577 4751 576
f 576 4751 4753
f 576 4753 4755
f 4697 4696 4747
f 4747 4696 4777
f 4777 4696 4689
f 4777 4689 4775
f 4775 4689 4690
f 4775 4690 4773
f 4773 4690 4691
f 4773 4691 4771
f 4771 4691 4692
f 4771 4692 4769
f 4769 4692 4693
f 4769 4693 4767
f 4767 4693 4694
f 4767 4694 4765
f 4765 4694 4695
f 4765 4695 4763
f 4763 4695 4682
f 4763 4683 4761
f 4761 4683 4685
f 4761 4685 573
f 573 4685 4686
f 573 4686 4687
f 4687 4688 573
f 573 4395 4677
f 4677 4678 573
f 573 4678 4679
f 573 4679 572
f 572 4679 4680
f 572 4680 4675
f 4355 4349 4675
f 4675 4349 4670
f 4675 4670 572
f 572 4670 4671
f 572 4671 4672
f 4672 4673 572
f 572 4673 4785
f 572 4785 4787
f 4673 4674 4785
f 4785 4674 4783
f 4783 4663 4664
f 4783 4664 4781
f 4781 4664 4665
f 4781 4665 4779
f 4779 4665 4666
f 4779 4666 4809
f 4809 4666 4667
f 4809 4667 4807
f 4807 4667 4668
f 4807 4668 4805
f 4805 4668 4669
f 4805 4669 4803
f 4803 4669 4657
f 4803 4657 4801
f 4801 4657 4658
f 4801 4658 4799
f 4799 4658 4659
f 4799 4659 4660
f 4661 565 4660
f 4660 565 566
f 4660 566 567
f 4661 4662 565
f 565 4662 5043
f 5043 4662 4590
f 5043 4590 4880
f 4660 567 4797
f 4797 567 568
f 4797 568 4795
f 4795 568 569
f 4795 569 4793
f 4793 569 4791
f 4791 569 570
f 4791 570 4789
f 4789 570 571
f 4789 571 4787
f 4787 571 572
f 4761 573 4759
f 4759 573 574
f 4759 574 4757
f 4757 574 575
f 4757 575 4755
f 4755 575 576
f 578 579 4698
f 4698 579 580
f 580 545 4439
f 548 549 4983
f 4983 549 4981
f 4981 549 550
f 4981 550 5011
f 5011 550 5009
f 5009 550 551
f 5009 551 5007
f 5007 551 5005
f 5005 551 552
f 557 558 4825
f 4825 558 4824
f 4824 558 4823
f 4823 558 559
f 4823 559 4822
f 4822 559 4821
f 4821 559 560
f 4821 560 4820
f 4820 560 561
f 5044 4878 564
f 564 4878 4567
f 4797 4799 4660
f 5043 4880 5045
f 5045 4880 4879
f 4879 4881 5045
f 5045 4881 5046
f 5046 4881 4889
f 5046 4889 4888
f 4888 4887 5046
f 5046 4887 4886
f 5046 4886 4885
f 5046 4885 4890
f 4890 4885 4884
f 4890 4884 4883
f 4883 4882 4890
f 4890 4882 4941
f 4890 4941 4943
f 4882 4827 4941
f 4941 4827 4939
f 4939 4827 4937
f 4937 4827 4935
f 4935 4827 4933
f 4933 4827 4931
f 4931 4827 4828
f 4931 4828 4929
f 4929 4828 4927
f 4927 4828 4925
f 4925 4828 4923
f 4923 4828 4921
f 4921 4828 4829
f 4921 4829 4919
f 4919 4829 4275
f 4919 4275 4917
f 4917 4275 4274
f 4917 4274 4915
f 4915 4274 4913
f 4913 4274 4911
f 4911 4274 4844
f 4911 4844 4845
f 4829 4830 4275
f 4275 4830 4831
f 4275 4831 4454
f 4454 4831 4832
f 4454 4832 4833
f 4833 4834 4454
f 4454 4834 4835
f 4454 4835 4836
f 4836 4837 4454
f 4454 4450 4448
f 4454 4448 4296
f 4296 4275 4454
f 4844 4274 4462
f 4462 4274 4299
f 4462 4299 4459
f 4459 4460 4462
f 4462 4838 4844
f 4844 4838 4839
f 4839 4838 4840
f 4840 4838 4841
f 4841 4838 4842
f 4911 4845 4979
f 4979 4845 4846
f 4979 4846 4977
f 4977 4846 4847
f 4977 4847 4848
f 4977 4848 4975
f 4975 4848 4849
f 4975 4849 4973
f 4973 4849 4850
f 4973 4850 4971
f 4971 4850 4852
f 4971 4852 4511
f 4852 4850 4853
f 4853 4850 4851
f 4853 4851 4854
f 4854 4851 4855
f 4509 4279 4511
f 4511 4279 4969
f 4511 4969 4971
f 4279 4509 4300
f 4300 4509 4507
f 4278 4965 4279
f 4279 4965 4967
f 4279 4967 4969
f 4303 4518 4278
f 4278 4518 4519
f 4278 4519 4963
f 4963 4519 4961
f 4961 4519 4858
f 4961 4858 4959
f 4959 4858 4865
f 4959 4865 4866
f 4303 4517 4518
f 4858 4864 4865
f 4865 4864 4860
f 4860 4864 4863
f 4860 4863 4862
f 4959 4866 4957
f 4957 4866 4867
f 4957 4867 4955
f 4955 4867 4868
f 4955 4868 4953
f 4953 4868 4869
f 4953 4869 4951
f 4951 4869 4870
f 4951 4870 4949
f 4949 4870 4871
f 4949 4871 4617
f 4617 4871 4577
f 4617 4577 4569
f 4569 4577 4571
f 4571 4577 4573
f 4577 4871 4873
f 4873 4871 4872
f 4873 4872 4877
f 4877 4876 4873
f 4873 4876 4875
f 4890 4945 4617
f 4617 4945 4947
f 4617 4947 4949
f 4943 4945 4890
f 4963 4965 4278
f 4878 5044 4578
f 4578 5044 5046
f 4578 5046 4890
f 4890 4579 4578
f 4909 4964 4910
f 4910 4964 4962
f 4910 4962 4960
f 5021 5002 4909
f 4909 5002 5000
f 4909 5000 4972
f 4972 5000 4998
f 4972 4998 4974
f 4974 4998 4996
f 4974 4996 4976
f 4976 4996 4994
f 4976 4994 4978
f 4978 4994 4992
f 4978 4992 4980
f 4980 4992 5013
f 4980 5013 4912
f 4912 5013 4914
f 4914 5013 5047
f 4914 5047 4916
f 4916 5047 5048
f 4916 5048 4918
f 4918 5048 5049
f 4918 5049 4920
f 4920 5049 5050
f 4920 5050 4922
f 4922 5050 4924
f 4924 5050 4926
f 4926 5050 4928
f 4928 5050 4930
f 4930 5050 5051
f 4930 5051 4932
f 4932 5051 4934
f 4934 5051 4936
f 4936 5051 4938
f 4938 5051 5052
f 4938 5052 4940
f 4940 5052 5053
f 4940 5053 4942
f 4942 5053 5054
f 4942 5054 4944
f 4944 5054 5041
f 4944 5041 4946
f 4946 5041 4948
f 4948 5041 4896
f 4948 4896 4897
f 5002 5021 5004
f 5004 5021 5020
f 5004 5020 5006
f 5006 5020 5019
f 5006 5019 5008
f 5008 5019 5010
f 5010 5019 5018
f 5010 5018 5012
f 5012 5018 5017
f 5012 5017 4982
f 4982 5017 4984
f 4984 5017 5016
f 4984 5016 4986
f 4986 5016 5015
f 4986 5015 4988
f 4988 5015 5014
f 4988 5014 5013
f 5055 5056 5013
f 5013 5056 5057
f 5013 5057 5058
f 5058 5059 5013
f 5013 5059 5060
f 5013 5060 5047
f 5054 5061 5041
f 5041 5061 5062
f 5041 5062 5063
f 5063 5064 5041
f 5041 5064 5065
f 5041 5065 5066
f 5040 4894 5041
f 5041 4894 4895
f 5041 4895 4896
f 4894 5040 4893
f 4893 5040 5039
f 4893 5039 4892
f 4892 5039 4891
f 4948 4897 4950
f 4950 4897 4898
f 4950 4898 4952
f 4952 4898 4899
f 4952 4899 4954
f 4954 4899 4900
f 4954 4900 4956
f 4956 4900 4901
f 4956 4901 4958
f 4958 4901 4902
f 4958 4902 4903
f 4904 4910 4903
f 4903 4910 4960
f 4903 4960 4958
f 4904 4905 4910
f 4910 4905 5042
f 5042 4905 4906
f 5042 4906 5038
f 5038 4906 4907
f 5038 4907 4908
f 4992 4990 5013
f 5013 4990 4988
f 4972 4970 4909
f 4909 4970 4968
f 4909 4968 4966
f 4966 4964 4909
f 5067 5068 5029
f 5029 5068 5055
f 5029 5055 580
f 580 5055 545
f 545 5055 5013
f 580 5028 5029
f 5029 5037 5067
f 5067 5037 5069
f 5046 5066 5045
f 5045 5066 5037
f 5045 5037 5036
f 5044 564 5046
f 5046 564 5041
f 5046 5041 5066
f 5066 5070 5037
f 5037 5070 5069
f 5036 565 5045
f 5045 565 5043
f 5071 5072 5051
f 5051 5072 5052
f 5052 5072 5073
f 5052 5073 5053
f 5053 5073 5074
f 5053 5074 5054
f 5054 5074 5075
f 5054 5075 5061
f 5061 5075 5076
f 5061 5076 5062
f 5062 5076 5077
f 5062 5077 5063
f 5063 5077 5078
f 5063 5078 5064
f 5064 5078 5079
f 5064 5079 5065
f 5065 5079 5070
f 5065 5070 5066
f 5051 5050 5071
f 5071 5050 5080
f 5068 5081 5055
f 5055 5081 5056
f 5056 5081 5082
f 5056 5082 5057
f 5057 5082 5083
f 5057 5083 5058
f 5058 5083 5084
f 5058 5084 5059
f 5059 5084 5085
f 5059 5085 5060
f 5060 5085 5086
f 5060 5086 5047
f 5047 5086 5087
f 5047 5087 5048
f 5048 5087 5088
f 5048 5088 5049
f 5049 5088 5080
f 5049 5080 5050
f 5072 5071 5070
f 5070 5071 5080
f 5070 5080 5068
f 5068 5080 5088
f 5068 5088 5081
f 5081 5088 5087
f 5081 5087 5086
f 5086 5085 5081
f 5081 5085 5084
f 5081 5084 5083
f 5083 5082 5081
f 5067 5069 5068
f 5068 5069 5070
f 5079 5078 5070
f 5070 5078 5077
f 5070 5077 5076
f 5076 5075 5070
f 5070 5075 5074
f 5070 5074 5073
f 5073 5072 5070
f 5089 5090 5091
f 5091 5090 5092
f 5091 5092 5093
f 5093 5092 5094
f 5089 5091 5095
f 5095 5091 5096
f 5091 5093 5096
f 5096 5093 5097
f 5093 5094 5097
f 5097 5094 5098
f 5094 5092 5098
f 5098 5092 5099
f 5092 5090 5099
f 5099 5090 5100
f 5090 5089 5100
f 5100 5089 5095
f 5101 5102 5096
f 5096 5102 5103
f 5096 5103 5095
f 5095 5103 5104
f 5095 5104 5105
f 5095 5105 5100
f 5100 5105 5106
f 5100 5106 5099
f 5099 5106 5107
f 5099 5107 5108
f 5099 5108 5098
f 5098 5108 5109
f 5098 5109 5110
f 5098 5110 5097
f 5097 5110 5101
f 5097 5101 5096
f 5101 5111 5102
f 5102 5111 5112
f 5102 5112 5103
f 5103 5112 5113
f 5103 5113 5104
f 5104 5113 5114
f 5104 5114 5105
f 5105 5114 5115
f 5105 5115 5106
f 5106 5115 5116
f 5106 5116 5107
f 5107 5116 5117
f 5107 5117 5118
f 5111 5101 5119
f 5119 5101 5110
f 5119 5110 5120
f 5120 5110 5109
f 5120 5109 5121
f 5121 5109 5108
f 5121 5108 5118
f 5118 5108 5107
f 5116 5122 5117
f 5117 5122 5123
f 5117 5123 5118
f 5118 5123 5124
f 5118 5124 5121
f 5121 5124 5125
f 5121 5125 5120
f 5120 5125 5126
f 5120 5126 5119
f 5119 5126 5127
f 5119 5127 5111
f 5111 5127 5128
f 5111 5128 5112
f 5112 5128 5129
f 5112 5129 5113
f 5113 5129 5130
f 5113 5130 5114
f 5114 5130 5131
f 5114 5131 5115
f 5115 5131 5132
f 5115 5132 5116
f 5116 5132 5122
f 5133 5134 5135
f 5135 5134 5136
f 5135 5136 5137
f 5137 5136 5138
f 5137 5138 5139
f 5139 5138 5140
f 5139 5140 5141
f 5123 5122 5142
f 5142 5122 5132
f 5142 5132 5143
f 5143 5132 5131
f 5143 5131 5144
f 5144 5131 5130
f 5144 5130 5145
f 5145 5130 5129
f 5145 5129 5146
f 5146 5129 5128
f 5146 5128 5147
f 5147 5128 5127
f 5147 5127 5126
f 5147 5126 5148
f 5148 5126 5125
f 5148 5125 5149
f 5149 5125 5124
f 5149 5124 5150
f 5150 5124 5123
f 5150 5123 5142
f 5135 5142 5133
f 5133 5142 5143
f 5133 5143 5134
f 5134 5143 5144
f 5134 5144 5136
f 5136 5144 5145
f 5136 5145 5138
f 5138 5145 5146
f 5138 5146 5140
f 5140 5146 5147
f 5140 5147 5141
f 5141 5147 5148
f 5141 5148 5139
f 5139 5148 5149
f 5139 5149 5137
f 5137 5149 5150
f 5137 5150 5135
f 5135 5150 5142
f 5151 5152 5153
f 5153 5152 5154
f 5153 5154 5155
f 5155 5154 5156
f 5151 5153 5157
f 5157 5153 5158
f 5153 5155 5158
f 5158 5155 5159
f 5155 5156 5159
f 5159 5156 5160
f 5156 5154 5160
f 5160 5154 5161
f 5154 5152 5161
f 5161 5152 5162
f 5152 5151 5162
f 5162 5151 5157
f 5163 5164 5158
f 5158 5164 5165
f 5158 5165 5157
f 5157 5165 5166
f 5157 5166 5167
f 5157 5167 5162
f 5162 5167 5168
f 5162 5168 5161
f 5161 5168 5169
f 5161 5169 5170
f 5161 5170 5160
f 5160 5170 5171
f 5160 5171 5172
f 5160 5172 5159
f 5159 5172 5163
f 5159 5163 5158
f 5163 5173 5164
f 5164 5173 5174
f 5164 5174 5165
f 5165 5174 5175
f 5165 5175 5166
f 5166 5175 5176
f 5166 5176 5167
f 5167 5176 5177
f 5167 5177 5168
f 5168 5177 5178
f 5168 5178 5169
f 5169 5178 5179
f 5169 5179 5180
f 5173 5163 5181
f 5181 5163 5172
f 5181 5172 5182
f 5182 5172 5171
f 5182 5171 5183
f 5183 5171 5170
f 5183 5170 5180
f 5180 5170 5169
f 5178 5184 5179
f 5179 5184 5185
f 5179 5185 5180
f 5180 5185 5186
f 5180 5186 5183
f 5183 5186 5187
f 5183 5187 5182
f 5182 5187 5188
f 5182 5188 5181
f 5181 5188 5189
f 5181 5189 5173
f 5173 5189 5190
f 5173 5190 5174
f 5174 5190 5191
f 5174 5191 5175
f 5175 5191 5192
f 5175 5192 5176
f 5176 5192 5193
f 5176 5193 5177
f 5177 5193 5194
f 5177 5194 5178
f 5178 5194 5184
f 5195 5196 5197
f 5197 5196 5198
f 5197 5198 5199
f 5199 5198 5200
f 5199 5200 5201
f 5201 5200 5202
f 5201 5202 5203
f 5185 5184 5204
f 5204 5184 5194
f 5204 5194 5205
f 5205 5194 5193
f 5205 5193 5206
f 5206 5193 5192
f 5206 5192 5207
f 5207 5192 5191
f 5207 5191 5208
f 5208 5191 5190
f 5208 5190 5209
f 5209 5190 5189
f 5209 5189 5188
f 5209 5188 5210
f 5210 5188 5187
f 5210 5187 5211
f 5211 5187 5186
f 5211 5186 5212
f 5212 5186 5185
f 5212 5185 5204
f 5197 5204 5195
f 5195 5204 5205
f 5195 5205 5196
f 5196 5205 5206
f 5196 5206 5198
f 5198 5206 5207
f 5198 5207 5200
f 5200 5207 5208
f 5200 5208 5202
f 5202 5208 5209
f 5202 5209 5203
f 5203 5209 5210
f 5203 5210 5201
f 5201 5210 5211
f 5201 5211 5199
f 5199 5211 5212
f 5199 5212 5197
f 5197 5212 5204
f 5213 5214 5215
f 5215 5214 5216
f 5216 5214 5217
f 5216 5217 5218
f 5218 5217 5219
f 5218 5219 5220
f 5221 5222 5223
f 5223 5222 5224
f 5224 5222 5225
f 5224 5225 5226
f 5226 5225 5227
f 5227 5225 5228
f 5229 5230 5231
f 5231 5230 5232
f 5233 5234 5235
f 5235 5234 5236
f 5236 5234 5237
f 5236 5237 5238
f 5238 5237 5239
f 5238 5239 5240
f 5240 5239 5241
f 5240 5241 5242
f 5242 5241 5243
f 5242 5243 5244
f 5244 5243 5245
f 5244 5245 5246
f 5246 5245 5247
f 5246 5247 5248
f 5248 5247 5249
f 5249 5247 5250
f 5249 5250 5251
f 5249 5251 5252
f 5252 5251 5253
f 5252 5253 5254
f 5254 5253 5229
f 5254 5229 5231
f 5255 5233 5256
f 5256 5233 5235
f 5257 5258 5259
f 5259 5258 5260
f 5260 5258 5261
f 5260 5261 5262
f 5262 5261 5263
f 5262 5263 5264
f 5264 5263 5256
f 5256 5263 5255
f 5265 5257 5266
f 5266 5257 5259
f 5266 5267 5265
f 5265 5267 5268
f 5269 5270 5271
f 5271 5270 5272
f 5272 5270 5273
f 5272 5273 5274
f 5274 5273 5275
f 5274 5275 5276
f 5276 5275 5277
f 5276 5277 5278
f 5278 5277 5279
f 5278 5279 5280
f 5280 5279 5281
f 5281 5279 5282
f 5271 5283 5269
f 5269 5283 5284
f 5283 5285 5284
f 5284 5285 5286
f 5286 5285 5287
f 5286 5287 5288
f 5288 5287 5289
f 5288 5289 5290
f 5290 5289 5291
f 5290 5291 5292
f 5292 5291 5293
f 5293 5291 5294
f 5294 5295 5293
f 5293 5295 5296
f 5296 5295 5297
f 5296 5297 5298
f 5298 5297 5299
f 5298 5299 5300
f 5300 5299 5232
f 5300 5232 5230
f 5301 5302 5303
f 5303 5302 5304
f 5303 5304 5305
f 5305 5304 5306
f 5305 5306 5307
f 5307 5306 5308
f 5307 5308 5309
f 5309 5308 5310
f 5309 5310 5311
f 5311 5310 5312
f 5311 5312 5313
f 5313 5312 5314
f 5313 5314 5315
f 5315 5314 5316
f 5315 5316 5317
f 5317 5316 5318
f 5317 5318 5319
f 5319 5318 5320
f 5319 5320 5321
f 5321 5320 5322
f 5321 5322 5323
f 5323 5322 5324
f 5323 5324 5325
f 5325 5324 5326
f 5325 5326 5327
f 5327 5326 5328
f 5327 5328 5329
f 5329 5328 5330
f 5329 5330 5331
f 5331 5330 5332
f 5331 5332 5301
f 5301 5332 5302
f 5333 5334 5335
f 5335 5334 5336
f 5335 5336 5337
f 5337 5336 5338
f 5337 5338 5339
f 5339 5338 5340
f 5339 5340 5341
f 5341 5340 5342
f 5341 5342 5343
f 5343 5342 5344
f 5343 5344 5345
f 5345 5344 5346
f 5345 5346 5347
f 5347 5346 5348
f 5347 5348 5349
f 5349 5348 5350
f 5349 5350 5351
f 5351 5350 5352
f 5351 5352 5353
f 5353 5352 5354
f 5353 5354 5355
f 5355 5354 5356
f 5355 5356 5357
f 5357 5356 5358
f 5357 5358 5359
f 5359 5358 5360
f 5359 5360 5361
f 5361 5360 5362
f 5361 5362 5363
f 5363 5362 5364
f 5363 5364 5333
f 5333 5364 5334
f 5365 5366 5367
f 5367 5366 5368
f 5367 5369 5365
f 5365 5369 5370
f 5370 5369 5371
f 5370 5371 5372
f 5372 5371 5373
f 5372 5373 5374
f 5374 5373 5375
f 5374 5375 5376
f 5376 5375 5377
f 5376 5377 5378
f 5378 5377 5379
f 5379 5377 5380
f 5381 5382 5383
f 5383 5382 5384
f 5385 5381 5386
f 5386 5381 5383
f 5387 5388 5389
f 5389 5388 5390
f 5389 5390 5391
f 5389 5391 5392
f 5392 5391 5393
f 5392 5393 5394
f 5394 5393 5385
f 5394 5385 5386
f 5395 5388 5396
f 5396 5388 5387
f 5397 5398 5399
f 5399 5398 5400
f 5400 5398 5401
f 5400 5401 5402
f 5402 5401 5403
f 5402 5403 5404
f 5404 5403 5405
f 5405 5403 5406
f 5405 5406 5407
f 5405 5407 5408
f 5408 5407 5409
f 5408 5409 5410
f 5410 5409 5411
f 5410 5411 5412
f 5412 5411 5413
f 5412 5413 5414
f 5414 5413 5415
f 5414 5415 5416
f 5416 5415 5417
f 5416 5417 5418
f 5418 5417 5395
f 5418 5395 5396
f 5399 5419 5397
f 5397 5419 5420
f 5421 5422 5423
f 5423 5422 5424
f 5424 5422 5425
f 5424 5425 5426
f 5426 5425 5427
f 5426 5427 5428
f 5428 5427 5420
f 5428 5420 5419
f 5421 5423 5429
f 5429 5423 5430
f 5366 5431 5368
f 5368 5431 5432
f 5432 5431 5433
f 5432 5433 5434
f 5434 5433 5435
f 5434 5435 5436
f 5436 5435 5429
f 5436 5429 5430
f 5437 5438 5439
f 5439 5438 5440
f 5439 5440 5441
f 5441 5440 5442
f 5441 5442 5443
f 5443 5442 5444
f 5443 5444 5445
f 5445 5444 5446
f 5445 5446 5447
f 5447 5446 5448
f 5447 5448 5449
f 5449 5448 5450
f 5449 5450 5451
f 5451 5450 5452
f 5451 5452 5453
f 5453 5452 5454
f 5453 5454 5455
f 5455 5454 5456
f 5455 5456 5457
f 5457 5456 5458
f 5457 5458 5459
f 5459 5458 5460
f 5459 5460 5461
f 5461 5460 5462
f 5461 5462 5463
f 5463 5462 5464
f 5463 5464 5465
f 5465 5464 5466
f 5465 5466 5467
f 5467 5466 5468
f 5467 5468 5437
f 5437 5468 5438
f 5469 5470 5471
f 5471 5470 5472
f 5471 5472 5473
f 5473 5472 5474
f 5473 5474 5475
f 5475 5474 5476
f 5475 5476 5477
f 5477 5476 5478
f 5477 5478 5479
f 5479 5478 5480
f 5479 5480 5481
f 5481 5480 5482
f 5481 5482 5483
f 5483 5482 5484
f 5483 5484 5485
f 5485 5484 5486
f 5485 5486 5487
f 5487 5486 5488
f 5487 5488 5489
f 5489 5488 5490
f 5489 5490 5491
f 5491 5490 5492
f 5491 5492 5493
f 5493 5492 5494
f 5493 5494 5495
f 5495 5494 5496
f 5495 5496 5497
f 5497 5496 5498
f 5497 5498 5499
f 5499 5498 5500
f 5499 5500 5469
f 5469 5500 5470
f 5232 5344 5231
f 5231 5344 5342
f 5231 5342 5340
f 5299 5314 5232
f 5232 5314 5312
f 5232 5312 5310
f 5299 5297 5314
f 5314 5297 5295
f 5314 5295 5316
f 5316 5295 5294
f 5316 5294 5318
f 5318 5294 5320
f 5320 5294 5322
f 5322 5294 5291
f 5322 5291 5324
f 5324 5291 5326
f 5326 5291 5328
f 5328 5291 5330
f 5330 5291 5358
f 5330 5358 5332
f 5332 5358 5356
f 5332 5356 5302
f 5302 5356 5354
f 5302 5354 5304
f 5304 5354 5352
f 5304 5352 5306
f 5306 5352 5350
f 5306 5350 5308
f 5308 5350 5348
f 5308 5348 5310
f 5310 5348 5346
f 5310 5346 5232
f 5232 5346 5344
f 5358 5291 5283
f 5283 5291 5289
f 5283 5289 5287
f 5283 5271 5358
f 5358 5271 5360
f 5360 5271 5248
f 5360 5248 5362
f 5362 5248 5249
f 5362 5249 5364
f 5364 5249 5252
f 5364 5252 5334
f 5334 5252 5336
f 5336 5252 5254
f 5336 5254 5338
f 5338 5254 5340
f 5340 5254 5231
f 5248 5271 5246
f 5246 5271 5272
f 5246 5272 5244
f 5244 5272 5274
f 5244 5274 5276
f 5244 5276 5242
f 5242 5276 5278
f 5242 5278 5240
f 5240 5278 5280
f 5240 5280 5281
f 5240 5281 5238
f 5238 5281 5213
f 5238 5213 5236
f 5236 5213 5235
f 5235 5213 5264
f 5235 5264 5256
f 5264 5213 5262
f 5262 5213 5215
f 5262 5215 5260
f 5260 5215 5259
f 5259 5215 5266
f 5266 5215 5267
f 5220 5219 5223
f 5223 5219 5221
f 5368 5436 5367
f 5367 5436 5430
f 5367 5430 5410
f 5410 5430 5408
f 5408 5430 5405
f 5405 5430 5448
f 5405 5448 5480
f 5480 5448 5482
f 5482 5448 5446
f 5482 5446 5484
f 5484 5446 5444
f 5484 5444 5486
f 5486 5444 5442
f 5486 5442 5488
f 5488 5442 5440
f 5488 5440 5490
f 5490 5440 5438
f 5490 5438 5492
f 5492 5438 5468
f 5492 5468 5494
f 5494 5468 5466
f 5494 5466 5496
f 5496 5466 5464
f 5496 5464 5419
f 5419 5464 5426
f 5368 5434 5436
f 5423 5454 5430
f 5430 5454 5452
f 5430 5452 5450
f 5424 5462 5423
f 5423 5462 5460
f 5423 5460 5458
f 5462 5424 5464
f 5464 5424 5426
f 5419 5399 5496
f 5496 5399 5498
f 5498 5399 5400
f 5498 5400 5500
f 5500 5400 5470
f 5470 5400 5402
f 5470 5402 5472
f 5472 5402 5474
f 5474 5402 5476
f 5476 5402 5404
f 5476 5404 5478
f 5478 5404 5480
f 5480 5404 5405
f 5410 5412 5367
f 5367 5412 5369
f 5369 5412 5414
f 5369 5414 5371
f 5371 5414 5373
f 5373 5414 5416
f 5373 5416 5375
f 5375 5416 5418
f 5375 5418 5377
f 5377 5418 5380
f 5380 5418 5396
f 5380 5396 5392
f 5392 5396 5389
f 5389 5396 5387
f 5380 5392 5228
f 5228 5392 5394
f 5228 5394 5227
f 5227 5394 5384
f 5384 5394 5386
f 5384 5386 5383
f 5458 5456 5423
f 5423 5456 5454
f 5450 5448 5430
f 5293 5321 5292
f 5292 5321 5323
f 5292 5323 5325
f 5296 5313 5293
f 5293 5313 5315
f 5293 5315 5317
f 5313 5296 5311
f 5311 5296 5298
f 5311 5298 5230
f 5311 5230 5343
f 5343 5230 5229
f 5343 5229 5341
f 5341 5229 5253
f 5341 5253 5339
f 5339 5253 5337
f 5337 5253 5251
f 5337 5251 5335
f 5335 5251 5333
f 5333 5251 5363
f 5363 5251 5250
f 5363 5250 5361
f 5361 5250 5359
f 5359 5250 5247
f 5359 5247 5327
f 5327 5247 5292
f 5327 5292 5325
f 5247 5245 5292
f 5292 5245 5243
f 5292 5243 5269
f 5269 5243 5241
f 5269 5241 5270
f 5270 5241 5239
f 5270 5239 5273
f 5273 5239 5275
f 5275 5239 5237
f 5275 5237 5277
f 5277 5237 5234
f 5277 5234 5279
f 5279 5234 5282
f 5282 5234 5233
f 5282 5233 5261
f 5261 5233 5263
f 5263 5233 5255
f 5282 5261 5501
f 5501 5261 5258
f 5501 5258 5502
f 5502 5258 5268
f 5268 5258 5257
f 5268 5257 5265
f 5292 5269 5290
f 5290 5269 5284
f 5290 5284 5288
f 5311 5343 5309
f 5309 5343 5345
f 5309 5345 5307
f 5307 5345 5347
f 5307 5347 5305
f 5305 5347 5349
f 5305 5349 5303
f 5303 5349 5351
f 5303 5351 5301
f 5301 5351 5353
f 5301 5353 5331
f 5331 5353 5355
f 5331 5355 5329
f 5329 5355 5357
f 5329 5357 5327
f 5327 5357 5359
f 5317 5319 5293
f 5293 5319 5321
f 5268 5267 5502
f 5502 5267 5215
f 5502 5215 5216
f 5216 5218 5502
f 5502 5218 5220
f 5502 5220 5223
f 5502 5223 5503
f 5503 5223 5224
f 5503 5224 5226
f 5226 5227 5503
f 5503 5227 5382
f 5382 5227 5384
f 5429 5453 5421
f 5421 5453 5455
f 5421 5455 5457
f 5435 5366 5429
f 5429 5366 5481
f 5429 5481 5445
f 5445 5481 5443
f 5443 5481 5483
f 5443 5483 5441
f 5441 5483 5485
f 5441 5485 5439
f 5439 5485 5487
f 5439 5487 5437
f 5437 5487 5489
f 5437 5489 5467
f 5467 5489 5491
f 5467 5491 5465
f 5465 5491 5493
f 5465 5493 5420
f 5420 5493 5495
f 5420 5495 5397
f 5397 5495 5497
f 5397 5497 5499
f 5435 5433 5366
f 5366 5365 5481
f 5481 5365 5479
f 5479 5365 5406
f 5479 5406 5477
f 5477 5406 5403
f 5477 5403 5475
f 5475 5403 5401
f 5475 5401 5473
f 5473 5401 5471
f 5471 5401 5398
f 5471 5398 5469
f 5469 5398 5499
f 5499 5398 5397
f 5406 5365 5407
f 5407 5365 5370
f 5407 5370 5409
f 5409 5370 5372
f 5409 5372 5374
f 5409 5374 5411
f 5411 5374 5376
f 5411 5376 5413
f 5413 5376 5378
f 5413 5378 5379
f 5504 5417 5379
f 5379 5417 5415
f 5379 5415 5413
f 5503 5391 5504
f 5504 5391 5390
f 5504 5390 5395
f 5395 5390 5388
f 5382 5381 5503
f 5503 5381 5385
f 5503 5385 5393
f 5393 5391 5503
f 5395 5417 5504
f 5427 5461 5420
f 5420 5461 5463
f 5420 5463 5465
f 5427 5425 5461
f 5461 5425 5422
f 5461 5422 5459
f 5459 5422 5421
f 5459 5421 5457
f 5445 5447 5429
f 5429 5447 5449
f 5429 5449 5451
f 5451 5453 5429
f 5380 5228 5504
f 5504 5228 5225
f 5504 5225 5222
f 5222 5221 5504
f 5504 5221 5219
f 5504 5219 5501
f 5501 5219 5217
f 5501 5217 5214
f 5214 5213 5501
f 5501 5213 5282
f 5282 5213 5281
f 5504 5379 5380
f 5503 5504 5502
f 5502 5504 5501
f 5505 5506 5507
f 5507 5506 5508
f 5507 5508 5509
f 5509 5508 5510
f 5509 5510 5511
f 5511 5510 5512
f 5512 5510 5513
f 5512 5513 5514
f 5515 5516 5505
f 5505 5516 5517
f 5505 5517 5518
f 5518 5517 5519
f 5518 5519 5520
f 5520 5519 5521
f 5521 5519 5522
f 5521 5522 5523
f 5524 5525 5515
f 5515 5525 5526
f 5515 5526 5527
f 5527 5526 5528
f 5527 5528 5529
f 5529 5528 5530
f 5529 5530 5531
f 5531 5530 5532
f 5532 5530 5533
f 5532 5533 5534
f 5507 5535 5524
f 5524 5535 5536
f 5524 5536 5537
f 5538 5515 5539
f 5539 5515 5540
f 5539 5540 5541
f 5538 5542 5515
f 5515 5542 5543
f 5515 5543 5516
f 5521 5523 5541
f 5541 5523 5539
f 5518 5544 5505
f 5505 5544 5545
f 5505 5545 5546
f 5544 5547 5545
f 5545 5547 5548
f 5548 5547 5549
f 5549 5547 5550
f 5549 5550 5551
f 5549 5551 5552
f 5552 5551 5540
f 5552 5540 5527
f 5527 5540 5515
f 5505 5546 5534
f 5534 5546 5532
f 5534 5553 5505
f 5505 5553 5506
f 5553 5554 5506
f 5506 5554 5555
f 5555 5554 5556
f 5556 5554 5557
f 5556 5557 5558
f 5556 5558 5559
f 5559 5558 5526
f 5559 5526 5525
f 5512 5514 5560
f 5560 5514 5525
f 5560 5525 5561
f 5561 5525 5524
f 5561 5524 5562
f 5562 5524 5563
f 5562 5563 5564
f 5509 5565 5507
f 5507 5565 5566
f 5507 5566 5567
f 5565 5568 5566
f 5566 5568 5569
f 5569 5568 5570
f 5570 5568 5571
f 5570 5571 5572
f 5570 5572 5573
f 5573 5572 5561
f 5573 5561 5562
f 5507 5567 5574
f 5574 5567 5575
f 5574 5575 5576
f 5576 5575 5577
f 5577 5575 5578
f 5577 5578 5579
f 5577 5579 5564
f 5564 5579 5562
f 5574 5535 5507
f 5537 5580 5524
f 5524 5580 5563
f 5507 5581 5505
f 5505 5581 5582
f 5524 5583 5507
f 5507 5583 5581
f 5515 5584 5524
f 5524 5584 5583
f 5505 5582 5515
f 5515 5582 5584
f 5580 5585 5563
f 5563 5585 5586
f 5563 5586 5564
f 5564 5586 5587
f 5564 5587 5577
f 5577 5587 5588
f 5577 5588 5576
f 5576 5588 5589
f 5576 5589 5574
f 5574 5589 5590
f 5574 5590 5535
f 5535 5590 5591
f 5535 5591 5536
f 5536 5591 5592
f 5536 5592 5537
f 5537 5592 5593
f 5537 5593 5580
f 5580 5593 5585
f 5579 5594 5562
f 5562 5594 5595
f 5562 5595 5573
f 5573 5595 5596
f 5573 5596 5570
f 5570 5596 5597
f 5570 5597 5569
f 5569 5597 5598
f 5569 5598 5566
f 5566 5598 5599
f 5566 5599 5567
f 5567 5599 5600
f 5567 5600 5575
f 5575 5600 5601
f 5575 5601 5578
f 5578 5601 5602
f 5578 5602 5579
f 5579 5602 5594
f 5572 5603 5561
f 5561 5603 5604
f 5561 5604 5560
f 5560 5604 5605
f 5560 5605 5512
f 5512 5605 5606
f 5512 5606 5511
f 5511 5606 5607
f 5511 5607 5509
f 5509 5607 5608
f 5509 5608 5565
f 5565 5608 5609
f 5565 5609 5568
f 5568 5609 5610
f 5568 5610 5571
f 5571 5610 5611
f 5571 5611 5572
f 5572 5611 5603
f 5514 5612 5525
f 5525 5612 5613
f 5525 5613 5559
f 5559 5613 5614
f 5559 5614 5556
f 5556 5614 5615
f 5556 5615 5555
f 5555 5615 5616
f 5555 5616 5506
f 5506 5616 5617
f 5506 5617 5508
f 5508 5617 5618
f 5508 5618 5510
f 5510 5618 5619
f 5510 5619 5513
f 5513 5619 5620
f 5513 5620 5514
f 5514 5620 5612
f 5558 5621 5526
f 5526 5621 5622
f 5526 5622 5528
f 5528 5622 5623
f 5528 5623 5530
f 5530 5623 5624
f 5530 5624 5533
f 5533 5624 5625
f 5533 5625 5534
f 5534 5625 5626
f 5534 5626 5553
f 5553 5626 5627
f 5553 5627 5554
f 5554 5627 5628
f 5554 5628 5557
f 5557 5628 5629
f 5557 5629 5558
f 5558 5629 5621
f 5529 5630 5527
f 5527 5630 5631
f 5527 5631 5552
f 5552 5631 5632
f 5552 5632 5549
f 5549 5632 5633
f 5549 5633 5548
f 5548 5633 5634
f 5548 5634 5545
f 5545 5634 5635
f 5545 5635 5546
f 5546 5635 5636
f 5546 5636 5532
f 5532 5636 5637
f 5532 5637 5531
f 5531 5637 5638
f 5531 5638 5529
f 5529 5638 5630
f 5551 5639 5540
f 5540 5639 5640
f 5540 5640 5541
f 5541 5640 5641
f 5541 5641 5521
f 5521 5641 5642
f 5521 5642 5520
f 5520 5642 5643
f 5520 5643 5518
f 5518 5643 5644
f 5518 5644 5544
f 5544 5644 5645
f 5544 5645 5547
f 5547 5645 5646
f 5547 5646 5550
f 5550 5646 5647
f 5550 5647 5551
f 5551 5647 5639
f 5523 5648 5539
f 5539 5648 5649
f 5539 5649 5538
f 5538 5649 5650
f 5538 5650 5542
f 5542 5650 5651
f 5542 5651 5543
f 5543 5651 5652
f 5543 5652 5516
f 5516 5652 5653
f 5516 5653 5517
f 5517 5653 5654
f 5517 5654 5519
f 5519 5654 5655
f 5519 5655 5522
f 5522 5655 5656
f 5522 5656 5523
f 5523 5656 5648
f 5584 5612 5583
f 5583 5612 5603
f 5583 5603 5594
f 5594 5603 5595
f 5595 5603 5611
f 5595 5611 5596
f 5596 5611 5610
f 5596 5610 5609
f 5582 5652 5584
f 5584 5652 5651
f 5584 5651 5650
f 5581 5616 5582
f 5582 5616 5626
f 5582 5626 5625
f 5583 5590 5581
f 5581 5590 5589
f 5581 5589 5599
f 5599 5589 5600
f 5600 5589 5588
f 5600 5588 5587
f 5656 5640 5648
f 5648 5640 5639
f 5648 5639 5584
f 5584 5639 5630
f 5584 5630 5621
f 5621 5630 5622
f 5622 5630 5638
f 5622 5638 5623
f 5623 5638 5637
f 5623 5637 5636
f 5640 5656 5641
f 5641 5656 5655
f 5641 5655 5654
f 5653 5643 5654
f 5654 5643 5642
f 5654 5642 5641
f 5643 5653 5582
f 5582 5653 5652
f 5650 5649 5584
f 5584 5649 5648
f 5630 5639 5631
f 5631 5639 5647
f 5631 5647 5632
f 5632 5647 5646
f 5632 5646 5645
f 5644 5634 5645
f 5645 5634 5633
f 5645 5633 5632
f 5634 5644 5582
f 5582 5644 5643
f 5635 5625 5636
f 5636 5625 5624
f 5636 5624 5623
f 5625 5635 5582
f 5582 5635 5634
f 5629 5613 5621
f 5621 5613 5612
f 5621 5612 5584
f 5613 5629 5614
f 5614 5629 5628
f 5614 5628 5627
f 5626 5616 5627
f 5627 5616 5615
f 5627 5615 5614
f 5603 5612 5604
f 5604 5612 5620
f 5604 5620 5605
f 5605 5620 5619
f 5605 5619 5618
f 5617 5607 5618
f 5618 5607 5606
f 5618 5606 5605
f 5607 5617 5581
f 5581 5617 5616
f 5608 5598 5609
f 5609 5598 5597
f 5609 5597 5596
f 5598 5608 5581
f 5581 5608 5607
f 5602 5586 5594
f 5594 5586 5585
f 5594 5585 5583
f 5583 5585 5593
f 5583 5593 5592
f 5586 5602 5587
f 5587 5602 5601
f 5587 5601 5600
f 5599 5598 5581
f 5592 5591 5583
f 5583 5591 5590
f 5657 5658 5659
f 5659 5658 5660
f 5660 5658 5661
f 5660 5661 5662
f 5662 5661 5663
f 5658 5664 5661
f 5661 5664 5665
f 5661 5665 5666
f 5667 5668 5658
f 5658 5668 5664
f 5669 5661 5670
f 5671 5661 5669
f 5661 5671 5672
f 5670 5661 5672
f 5673 5658 5674
f 5675 5658 5673
f 5676 5658 5675
f 5658 5676 5674
f 5657 5667 5677
f 5677 5667 5678
f 5658 5657 5679
f 5679 5657 5677
f 5680 5658 5679
f 5658 5680 5667
f 5667 5680 5678
f 5659 5668 5681
f 5681 5668 5682
f 5683 5657 5681
f 5681 5657 5659
f 5684 5667 5683
f 5683 5667 5657
f 5668 5667 5682
f 5682 5667 5684
f 5660 5664 5685
f 5685 5664 5686
f 5687 5659 5685
f 5685 5659 5660
f 5688 5668 5687
f 5687 5668 5659
f 5664 5668 5686
f 5686 5668 5688
f 5662 5665 5689
f 5689 5665 5690
f 5691 5660 5689
f 5689 5660 5662
f 5692 5664 5691
f 5691 5664 5660
f 5665 5664 5690
f 5690 5664 5692
f 5663 5666 5693
f 5693 5666 5694
f 5695 5662 5693
f 5693 5662 5663
f 5696 5665 5695
f 5695 5665 5662
f 5666 5665 5694
f 5694 5665 5696
f 5697 5661 5698
f 5699 5663 5697
f 5697 5663 5661
f 5700 5666 5699
f 5699 5666 5663
f 5661 5666 5698
f 5698 5666 5700
f 5701 5661 5702
f 5702 5661 5658
f 5703 5661 5701
f 5701 5672 5703
f 5703 5672 5671
f 5703 5671 5698
f 5698 5671 5669
f 5698 5669 5697
f 5697 5669 5701
f 5697 5701 5699
f 5699 5701 5693
f 5699 5693 5694
f 5702 5685 5701
f 5701 5685 5691
f 5701 5691 5689
f 5704 5675 5702
f 5702 5675 5673
f 5702 5673 5679
f 5679 5673 5674
f 5679 5674 5680
f 5680 5674 5704
f 5680 5704 5678
f 5678 5704 5684
f 5678 5684 5683
f 5703 5686 5704
f 5704 5686 5688
f 5704 5688 5682
f 5682 5688 5687
f 5682 5687 5681
f 5681 5687 5702
f 5681 5702 5683
f 5683 5702 5677
f 5683 5677 5678
f 5699 5694 5700
f 5700 5694 5703
f 5700 5703 5698
f 5695 5690 5696
f 5696 5690 5703
f 5696 5703 5694
f 5693 5701 5695
f 5695 5701 5689
f 5695 5689 5690
f 5691 5686 5692
f 5692 5686 5703
f 5692 5703 5690
f 5687 5685 5702
f 5685 5686 5691
f 5682 5684 5704
f 5679 5677 5702
f 5674 5676 5704
f 5704 5676 5675
f 5669 5670 5701
f 5701 5670 5672
f 5702 5658 5704
f 5658 5661 5704
f 5704 5661 5703
f 5705 5706 5707
f 5707 5706 5708
f 5707 5708 5709
f 5710 5711 5709
f 5711 5712 5709
f 5713 5707 5709
f 5714 5715 5709
f 5708 5716 5709
f 5717 5718 5716
f 5716 5718 5713
f 5716 5713 5709
f 5719 5720 5721
f 5721 5720 5722
f 5722 5720 5723
f 5723 5720 5724
f 5723 5724 5725
f 5725 5724 5726
f 5726 5724 5727
f 5727 5724 5728
f 5729 5730 5725
f 5725 5730 5723
f 5731 5732 5733
f 5733 5732 5734
f 5733 5734 5735
f 5735 5734 5736
f 5736 5734 5737
f 5735 5738 5733
f 5735 5736 5739
f 5739 5736 5740
f 5739 5740 5741
f 5741 5740 5742
f 5742 5740 5743
f 5741 5744 5739
f 5745 5746 5747
f 5747 5746 5748
f 5748 5746 5749
f 5749 5746 5750
f 5749 5750 5751
f 5751 5750 5752
f 5751 5752 5753
f 5750 5754 5752
f 5752 5754 5755
f 5752 5755 5756
f 5756 5755 5757
f 5756 5757 5758
f 5754 5759 5755
f 5760 5761 5756
f 5756 5761 5762
f 5756 5762 5752
f 5761 5763 5762
f 5762 5763 5764
f 5762 5764 5765
f 5764 5763 5766
f 5766 5763 5767
f 5766 5767 5768
f 5768 5767 5769
f 5767 5770 5769
f 5741 5742 5771
f 5771 5742 5772
f 5771 5772 5773
f 5771 5773 5774
f 5774 5773 5775
f 5774 5775 5776
f 5776 5775 5777
f 5776 5777 5778
f 5778 5777 5779
f 5778 5779 5780
f 5781 5782 5779
f 5779 5782 5783
f 5779 5783 5780
f 5780 5783 5784
f 5780 5784 5785
f 5785 5784 5786
f 5781 5787 5782
f 5782 5788 5783
f 5789 5790 5785
f 5785 5790 5780
f 5791 5750 5792
f 5791 5792 5793
f 5793 5792 5794
f 5794 5792 5795
f 5750 5796 5746
f 5746 5796 5797
f 5798 5799 5800
f 5800 5799 5746
f 5801 5763 5802
f 5801 5802 5803
f 5803 5802 5804
f 5804 5802 5805
f 5763 5806 5767
f 5767 5806 5807
f 5808 5809 5810
f 5810 5809 5767
f 5811 5812 5729
f 5729 5812 5730
f 5801 5813 5803
f 5803 5813 5814
f 5793 5815 5791
f 5791 5815 5816
f 5783 5817 5784
f 5784 5817 5818
f 5818 5817 5819
f 5818 5819 5820
f 5820 5819 5821
f 5820 5821 5822
f 5822 5821 5823
f 5822 5823 5824
f 5726 5825 5727
f 5727 5825 5815
f 5815 5825 5826
f 5815 5826 5816
f 5816 5826 5827
f 5722 5828 5721
f 5721 5828 5814
f 5814 5828 5829
f 5814 5829 5813
f 5813 5829 5830
f 5720 5831 5724
f 5832 5833 5815
f 5832 5815 5728
f 5728 5815 5727
f 5833 5794 5815
f 5815 5794 5793
f 5803 5804 5814
f 5814 5804 5834
f 5814 5834 5719
f 5719 5834 5835
f 5719 5721 5814
f 5745 5746 5836
f 5836 5746 5799
f 5836 5799 5837
f 5837 5838 5836
f 5770 5767 5839
f 5839 5767 5809
f 5839 5809 5840
f 5840 5841 5839
f 5731 5842 5732
f 5732 5842 5843
f 5790 5844 5780
f 5780 5844 5744
f 5780 5744 5741
f 5781 5845 5779
f 5779 5845 5743
f 5779 5743 5742
f 5740 5743 5846
f 5846 5743 5845
f 5846 5845 5847
f 5847 5848 5846
f 5739 5744 5849
f 5849 5744 5844
f 5849 5844 5850
f 5850 5851 5849
f 5852 5853 5854
f 5852 5854 5737
f 5737 5854 5855
f 5747 5740 5856
f 5856 5740 5857
f 5740 5846 5857
f 5737 5858 5852
f 5852 5858 5859
f 5860 5861 5862
f 5860 5862 5738
f 5738 5862 5863
f 5769 5739 5864
f 5864 5739 5865
f 5739 5849 5865
f 5738 5866 5860
f 5860 5866 5867
f 5868 5869 5870
f 5870 5869 5871
f 5872 5873 5874
f 5875 5876 5877
f 5878 5879 5880
f 5880 5881 5882
f 5882 5881 5883
f 5884 5885 5886
f 5887 5888 5889
f 5890 5891 5892
f 5892 5893 5890
f 5894 5893 5895
f 5896 5897 5898
f 5899 5900 5901
f 5902 5903 5904
f 5904 5903 5905
f 5906 5905 5907
f 5908 5909 5910
f 5911 5912 5913
f 5914 5915 5916
f 5916 5917 5914
f 5918 5917 5919
f 5920 5921 5922
f 5923 5924 5925
f 5926 5927 5928
f 5928 5927 5929
f 5930 5929 5931
f 5932 5933 5934
f 5935 5936 5937
f 5938 5939 5940
f 5940 5941 5942
f 5942 5941 5943
f 5944 5945 5946
f 5947 5948 5949
f 5950 5951 5952
f 5952 5953 5950
f 5954 5953 5955
f 5956 5957 5958
f 5959 5960 5961
f 5962 5963 5964
f 5964 5965 5966
f 5966 5965 5967
f 5968 5969 5970
f 5971 5972 5973
f 5974 5975 5976
f 5976 5975 5977
f 5978 5977 5979
f 5980 5981 5982
f 5983 5984 5985
f 5986 5987 5988
f 5988 5989 5986
f 5990 5989 5991
f 5992 5993 5994
f 5995 5996 5997
f 5998 5999 6000
f 6000 5999 6001
f 6002 6001 6003
f 6004 6005 6006
f 6007 6008 6009
f 6010 6011 6012
f 6012 6011 6013
f 6014 6013 6015
f 6016 6017 6018
f 6019 6020 6021
f 6022 6023 6024
f 6024 6025 6022
f 6026 6025 6027
f 6028 6029 6030
f 6031 6032 6033
f 6034 6035 6036
f 6036 6037 6034
f 6038 6037 6039
f 6040 6041 6042
f 6043 6044 6045
f 6046 6047 6048
f 6048 6047 6049
f 6050 6049 6051
f 6052 6053 6054
f 6055 6056 6057
f 6058 6059 6060
f 6060 6061 6062
f 6062 6061 6063
f 6064 6065 6066
f 6067 6068 6069
f 6070 6071 6072
f 6072 6073 6074
f 6074 6073 6075
f 6076 6077 6078
f 6079 6080 6081
f 6082 6083 6084
f 6084 6085 6086
f 6086 6085 6087
f 6088 6089 6090
f 6091 6092 6093
f 6094 6095 6096
f 6096 6097 6098
f 6098 6097 6099
f 6100 6101 6102
f 6103 6104 6105
f 6106 6107 6108
f 6109 6107 6110
f 6109 6110 6111
f 6112 6113 6114
f 6115 6116 6117
f 6118 6119 6120
f 6121 6119 6122
f 6121 6122 6123
f 6124 6125 6126
f 6127 6128 6129
f 6130 6131 6132
f 6133 6131 6134
f 6133 6134 6135
f 6136 6137 6138
f 6139 6140 6141
f 6142 6143 6144
f 6145 6143 6146
f 6145 6146 6147
f 6148 6149 6150
f 6151 6152 6153
f 6154 6155 6156
f 6157 6155 6158
f 6157 6158 6159
f 6160 6161 6162
f 6163 6164 6165
f 6166 6167 6168
f 6169 6167 6170
f 6169 6170 6171
f 6172 6173 6174
f 6175 6176 6177
f 6178 6179 6180
f 6178 6181 6179
f 6180 6182 6183
f 6184 6185 6186
f 6187 6188 6189
f 6190 6191 6192
f 6193 6191 6194
f 6193 6194 6195
f 6196 6197 6198
f 6199 6200 6201
f 6202 6203 6204
f 6202 6205 6203
f 6204 6206 6207
f 6208 6209 6210
f 6211 6212 6213
f 6214 6215 6216
f 6217 6215 6218
f 6217 6218 6219
f 6220 6221 6222
f 6223 6224 6225
f 6226 6227 6228
f 6229 6227 6230
f 6229 6230 6231
f 6232 6233 6234
f 6235 6236 6237
f 6238 6239 6240
f 6241 6239 6242
f 6241 6242 6243
f 6244 6245 6246
f 6247 6248 6249
f 6250 6251 6252
f 6253 6251 6254
f 6253 6254 6255
f 6256 6257 6258
f 6259 6260 6261
f 6262 6263 6264
f 6265 6263 6266
f 6265 6266 6267
f 6268 6269 6270
f 6271 6272 6273
f 6274 6275 6276
f 6277 6275 6278
f 6277 6278 6279
f 6280 6281 6282
f 6283 6284 6285
f 6286 6287 6288
f 6289 6287 6290
f 6289 6290 6291
f 6292 6293 6294
f 6295 6296 6297
f 6298 6299 6300
f 6298 6301 6299
f 6300 6302 6303
f 6304 6305 6306
f 6307 6308 6309
f 6310 6311 6312
f 6310 6313 6311
f 6312 6314 6315
f 6316 6317 6318
f 6319 6320 6321
f 6322 6323 6324
f 6325 6323 6326
f 6325 6326 6327
f 6328 6329 6330
f 6331 6332 6333
f 6334 6335 6336
f 6337 6338 6339
f 6337 6339 6340
f 6341 6342 6343
f 6344 6345 6346
f 6346 6345 6347
f 6348 6349 6350
f 6350 6349 6351
f 5834 6352 5756
f 5756 6352 5758
f 5833 6353 5755
f 5755 6353 5757
f 5828 5722 6354
f 6354 5722 5723
f 6354 5723 6355
f 5828 6354 6356
f 6357 6358 6359
f 6359 6358 6360
f 6361 6362 6363
f 6363 6362 6364
f 5749 5853 6365
f 6365 5853 5854
f 5766 5861 6366
f 6366 5861 5862
f 5725 5726 6367
f 6367 5726 6368
f 6367 6368 6369
f 5726 5825 6368
f 6368 5825 6370
f 5785 5851 5789
f 5789 5851 5850
f 5782 5848 5787
f 5787 5848 5847
f 6371 5798 6372
f 6372 5798 6373
f 6374 5837 6371
f 6371 5837 5799
f 6371 5799 5798
f 5798 5826 6373
f 5829 6375 5808
f 5808 6375 6376
f 5808 6376 6377
f 6378 5840 6377
f 6377 5840 5809
f 6377 5809 5808
f 5748 5749 6379
f 6379 5749 6365
f 5768 5766 6380
f 6380 5766 6366
f 5835 5868 5719
f 5719 5868 6381
f 6338 5728 6339
f 6338 5832 5728
f 6382 5734 6383
f 6383 5734 5737
f 6384 5733 6385
f 6385 5733 5738
f 6386 5858 6387
f 6387 5858 6388
f 6387 6388 6383
f 6383 5837 5838
f 6383 5838 6387
f 5841 6385 6389
f 6389 6385 6390
f 6389 6390 5866
f 5841 5840 6385
f 5866 6391 6389
f 6375 6392 6393
f 6393 6392 6394
f 6393 6394 6356
f 5862 6366 5863
f 5863 6366 6380
f 5854 6365 5855
f 5855 6365 6379
f 6395 6396 6385
f 6385 6396 6384
f 6397 6398 6383
f 6383 6398 6382
f 6347 6399 6346
f 6346 6399 6400
f 6363 6364 6401
f 6401 6364 6402
f 6345 6403 6344
f 6344 6403 6404
f 6361 6362 6405
f 6405 6362 6406
f 6349 6407 6348
f 6348 6407 6408
f 6409 6357 6410
f 6410 6357 6358
f 6351 6411 6350
f 6350 6411 6412
f 6413 6359 6414
f 6414 6359 6360
f 6387 5836 5747
f 5747 5836 5745
f 6389 5839 5769
f 5769 5839 5770
f 6373 6415 6416
f 6416 6415 6417
f 6416 6417 6370
f 6418 5759 6419
f 6419 5759 5754
f 6419 5754 6420
f 6421 5761 6422
f 6422 5761 5760
f 6422 5760 6423
f 6325 6327 5914
f 5914 6327 5915
f 6217 6219 5890
f 5890 6219 5891
f 6277 6279 6085
f 6085 6279 6087
f 6121 6123 6097
f 6097 6123 6099
f 6109 6111 6061
f 6061 6111 6063
f 6265 6267 6048
f 6048 6267 6046
f 6311 6313 6000
f 6000 6313 5998
f 6241 6243 6022
f 6022 6243 6023
f 6299 6301 6034
f 6034 6301 6035
f 6179 6181 5965
f 5965 6181 5967
f 6289 6291 5904
f 5904 6291 5902
f 6169 6171 6012
f 6012 6171 6010
f 6229 6231 5976
f 5976 6231 5974
f 6253 6255 5941
f 5941 6255 5943
f 6203 6205 5928
f 5928 6205 5926
f 6145 6147 5986
f 5986 6147 5987
f 6157 6159 5950
f 5950 6159 5951
f 6337 6340 5881
f 5881 6340 5883
f 6193 6195 5869
f 5869 6195 5871
f 6133 6135 6073
f 6073 6135 6075
f 5843 6398 6382
f 5843 6382 5734
f 5842 6396 6384
f 5842 6384 5733
f 6362 6406 6364
f 6364 6406 6402
f 6358 6410 6360
f 6360 6410 6414
f 5811 6424 5729
f 5729 6424 5725
f 6425 6426 6427
f 6427 6426 6428
f 6429 6430 6431
f 6431 6430 6432
f 6433 6434 6435
f 6435 6434 6436
f 6437 6438 6439
f 6439 6438 6440
f 6441 6442 6443
f 6443 6442 6444
f 6445 6446 6447
f 6447 6446 6448
f 6449 6450 6451
f 6451 6450 6452
f 6453 6454 6455
f 6455 6454 6456
f 6457 6458 6459
f 6459 6458 6460
f 6461 6462 6463
f 6463 6462 6464
f 6465 5860 6466
f 6466 5860 5864
f 6467 6369 6468
f 6468 6369 6469
f 6470 6466 6471
f 6471 6466 6465
f 6472 5824 5786
f 6376 6473 6474
f 6474 6473 6475
f 6476 6477 6478
f 6478 6477 6479
f 6478 6479 6480
f 6481 6482 6480
f 6482 6483 6480
f 6484 6478 6480
f 6485 6486 6480
f 6479 6487 6480
f 6488 6489 6487
f 6487 6489 6484
f 6487 6484 6480
f 6490 6491 6492
f 6492 6491 6493
f 6492 6493 6494
f 6494 6493 6495
f 6492 6494 6496
f 6496 6494 6497
f 6496 6497 6498
f 6498 6497 6499
f 6499 6497 6500
f 6498 6501 6496
f 6498 6499 6502
f 6502 6499 6503
f 6502 6503 6504
f 6502 6504 6505
f 6505 6504 6506
f 6505 6506 6507
f 6508 6509 6506
f 6506 6509 6510
f 6506 6510 6507
f 6507 6510 6511
f 6507 6511 6512
f 6512 6511 6513
f 6508 6514 6509
f 6509 6515 6510
f 6516 6517 6512
f 6512 6517 6507
f 6512 6518 6516
f 6516 6518 6519
f 6520 6521 6513
f 6510 6522 6511
f 6511 6522 6523
f 6523 6522 6524
f 6523 6524 6525
f 6525 6524 6520
f 6520 6524 6526
f 6527 6526 6515
f 6528 6509 6514
f 6514 6529 6528
f 6497 6530 6500
f 6500 6530 6531
f 6531 6530 6529
f 6529 6530 6528
f 6508 6506 6531
f 6531 6506 6500
f 6500 6506 6499
f 6517 6532 6507
f 6507 6532 6501
f 6507 6501 6498
f 6496 6501 6533
f 6533 6501 6532
f 6533 6532 6519
f 6519 6518 6533
f 6490 6492 6534
f 6534 6492 6535
f 6535 6492 6496
f 6535 6496 6533
f 6533 6536 6535
f 6534 6537 6490
f 6490 6537 6538
f 6535 6537 6534
f 6535 6538 6537
f 6539 6540 6541
f 6542 6540 6543
f 6542 6543 6544
f 6545 6546 6547
f 6548 6539 6541
f 6540 6549 6550
f 6550 6549 6551
f 6539 6548 6540
f 6552 6553 6554
f 6555 6556 6557
f 6558 6556 6559
f 6558 6559 6560
f 6561 6562 6563
f 6564 6555 6557
f 6556 6565 6566
f 6566 6565 6567
f 6555 6564 6556
f 6568 6569 6570
f 6571 6572 6573
f 6573 6572 6574
f 6575 6574 6572
f 6575 6572 6576
f 6577 6578 6579
f 6579 6578 6580
f 6573 6581 6571
f 6571 6581 6582
f 6583 6584 6585
f 6585 6586 6583
f 6579 6580 6585
f 6585 6580 6586
f 6577 6579 6584
f 6584 6579 6585
f 6587 6574 6588
f 6589 6590 6591
f 6592 6590 6593
f 6593 6590 6594
f 6595 6590 6592
f 6595 6592 6596
f 6597 6598 6599
f 6599 6600 6597
f 6594 6601 6593
f 6593 6601 6602
f 6603 6604 6605
f 6605 6604 6606
f 6594 6590 6607
f 6600 6599 6606
f 6606 6599 6605
f 6597 6600 6604
f 6604 6600 6606
f 6608 6609 6610
f 6610 6611 6612
f 6609 6608 6613
f 6608 6610 6613
f 6614 6615 6616
f 6616 6617 6618
f 6615 6614 6619
f 6614 6616 6619
f 6620 6621 6622
f 6623 6621 6624
f 6623 6624 6625
f 6626 6627 6628
f 6629 6620 6622
f 6621 6630 6631
f 6631 6630 6632
f 6620 6629 6621
f 6633 6634 6635
f 6636 6637 6638
f 6639 6637 6640
f 6639 6640 6641
f 6642 6643 6644
f 6645 6636 6638
f 6637 6646 6647
f 6647 6646 6648
f 6636 6645 6637
f 6649 6650 6651
f 6652 6653 6654
f 6655 6656 6657
f 6654 6653 6658
f 6659 6660 6658
f 6661 6660 6659
f 6658 6662 6663
f 6663 6662 6664
f 6660 6661 6658
f 6665 6666 6667
f 6668 6669 6670
f 6670 6671 6672
f 6669 6668 6673
f 6668 6670 6673
f 6674 6675 6676
f 6676 6677 6678
f 6678 6677 6679
f 6680 6681 6682
f 6683 6684 6685
f 6686 6687 6677
f 6677 6687 6679
f 6688 6689 6690
f 6691 6692 6693
f 6694 6695 6686
f 6686 6695 6687
f 6694 6696 6695
f 6694 6697 6696
f 6697 6698 6696
f 6696 6698 6699
f 6696 6699 6700
f 6698 6701 6699
f 6699 6701 6702
f 6703 6704 6705
f 6703 6706 6704
f 6707 6708 6705
f 6709 6710 6711
f 6712 6713 6714
f 6704 6706 6715
f 6715 6706 6716
f 6716 6717 6715
f 6715 6717 6718
f 6719 6720 6721
f 6722 6723 6724
f 6725 6718 6726
f 6726 6718 6717
f 6727 6728 6729
f 6729 6728 6730
f 6729 6730 6725
f 6725 6726 6729
f 6729 6726 6731
f 6732 6733 6734
f 6734 6733 6735
f 6733 6736 6735
f 6735 6736 6737
f 6737 6738 6735
f 6735 6738 6734
f 6739 6740 6497
f 6497 6740 6530
f 6741 6742 6743
f 6743 6742 6737
f 6743 6737 6736
f 6742 6495 6737
f 6737 6495 6738
f 6739 6497 6744
f 6495 6745 6738
f 6738 6745 6746
f 6738 6746 6747
f 6748 6749 6750
f 6750 6749 6751
f 6750 6751 6752
f 6753 6754 6746
f 6746 6754 6747
f 6755 6756 6757
f 6753 6746 6757
f 6757 6746 6758
f 6758 6746 6745
f 6759 6760 6761
f 6747 6760 6762
f 6747 6762 6763
f 6764 6742 6763
f 6763 6742 6738
f 6763 6738 6747
f 6763 6765 6764
f 6764 6765 6766
f 6764 6766 6744
f 6749 6767 6768
f 6768 6769 6770
f 6770 6771 6768
f 6772 6751 6768
f 6768 6751 6749
f 6773 6767 6748
f 6748 6767 6749
f 6774 6775 6776
f 6750 6777 6748
f 6748 6777 6778
f 6748 6778 6776
f 6750 6779 6777
f 6777 6779 6780
f 6777 6780 6781
f 6781 6780 6782
f 6782 6780 6783
f 6784 6785 6786
f 6786 6785 6787
f 6788 6784 6789
f 6789 6784 6786
f 6790 6791 6792
f 6792 6791 6793
f 6792 6743 6790
f 6790 6743 6739
f 6794 6759 6795
f 6795 6759 6756
f 6795 6756 6755
f 6759 6761 6756
f 6756 6761 6796
f 6796 6761 6753
f 6753 6761 6754
f 6797 6798 6799
f 6799 6798 6800
f 6799 6800 6801
f 6794 6795 6801
f 6801 6795 6802
f 6801 6802 6799
f 6766 6765 6803
f 6803 6765 6804
f 6804 6765 6760
f 6760 6765 6762
f 6805 6770 6774
f 6805 6774 6806
f 6770 6769 6774
f 6774 6769 6775
f 6775 6769 6767
f 6775 6767 6773
f 6806 6807 6805
f 6805 6807 6808
f 6808 6807 6809
f 6809 6807 6810
f 6809 6810 6811
f 6811 6812 6809
f 6782 6813 6781
f 6781 6813 6814
f 6781 6814 6776
f 6776 6778 6781
f 6766 6803 6744
f 6744 6803 6732
f 6732 6803 6733
f 6733 6803 6815
f 6733 6815 6816
f 6816 6815 6817
f 6816 6817 6818
f 6815 6589 6817
f 6817 6589 6819
f 6817 6819 6820
f 6820 6819 6821
f 6820 6821 6587
f 6587 6821 6588
f 6589 6591 6819
f 6819 6822 6821
f 6821 6822 6823
f 6587 6824 6820
f 6820 6824 6825
f 6820 6825 6826
f 6825 6824 6827
f 6827 6824 6813
f 6827 6813 6828
f 6828 6813 6783
f 6813 6782 6783
f 6829 6830 6831
f 6831 6830 6832
f 6833 6803 6834
f 6834 6803 6804
f 6834 6804 6835
f 6833 6836 6803
f 6803 6836 6815
f 6815 6836 6837
f 6815 6837 6838
f 6815 6839 6840
f 6840 6839 6702
f 6840 6702 6701
f 6701 6841 6840
f 6842 6843 6844
f 6844 6843 6845
f 6846 6824 6847
f 6846 6847 6727
f 6727 6847 6728
f 6728 6847 6848
f 6849 6850 6824
f 6824 6850 6851
f 6824 6851 6813
f 6813 6851 6852
f 6813 6852 6853
f 6854 6814 6853
f 6853 6814 6813
f 6760 6759 6804
f 6804 6759 6832
f 6804 6832 6835
f 6835 6832 6830
f 6835 6830 6855
f 6856 6839 6857
f 6857 6839 6838
f 6857 6838 6837
f 6857 6837 6858
f 6858 6837 6836
f 6858 6836 6859
f 6859 6836 6833
f 6859 6833 6860
f 6860 6833 6834
f 6860 6834 6861
f 6699 6702 6856
f 6856 6702 6839
f 6830 6829 6862
f 6862 6829 6863
f 6862 6863 6864
f 6755 6757 6865
f 6768 6866 6867
f 6868 6869 6757
f 6870 6768 6771
f 6814 6854 6842
f 6842 6854 6871
f 6842 6774 6814
f 6814 6774 6776
f 6853 6852 6872
f 6872 6852 6873
f 6873 6852 6851
f 6873 6851 6874
f 6874 6851 6850
f 6874 6850 6875
f 6875 6850 6849
f 6875 6849 6876
f 6876 6849 6877
f 6877 6849 6846
f 6877 6846 6729
f 6729 6846 6727
f 6843 6878 6845
f 6845 6878 6879
f 6879 6878 6880
f 6881 6882 6883
f 6884 6700 6885
f 6885 6700 6699
f 6885 6699 6855
f 6855 6699 6856
f 6855 6856 6861
f 6886 6884 6865
f 6865 6884 6887
f 6865 6887 6755
f 6884 6885 6887
f 6887 6885 6864
f 6757 6888 6865
f 6865 6888 6886
f 6889 6890 6891
f 6889 6891 6888
f 6888 6891 6892
f 6892 6891 6893
f 6892 6893 6894
f 6894 6895 6892
f 6895 6866 6892
f 6892 6866 6768
f 6757 6869 6888
f 6888 6869 6896
f 6888 6896 6897
f 6897 6898 6888
f 6888 6898 6889
f 6768 6870 6892
f 6892 6870 6899
f 6899 6870 6900
f 6900 6870 6901
f 6900 6901 6902
f 6902 6901 6880
f 6870 6771 6901
f 6900 6902 6731
f 6731 6902 6729
f 6729 6902 6871
f 6729 6871 6877
f 6877 6871 6872
f 6726 6881 6731
f 6731 6881 6900
f 6900 6881 6899
f 6899 6881 6883
f 6899 6883 6886
f 6886 6883 6884
f 6884 6883 6700
f 6700 6883 6696
f 6888 6892 6886
f 6886 6892 6899
f 6903 6904 6905
f 6905 6904 6906
f 6907 6908 6909
f 6909 6908 6910
f 6911 6912 6913
f 6913 6912 6914
f 6915 6916 6917
f 6917 6916 6918
f 6919 6920 6921
f 6921 6920 6922
f 6921 6922 6923
f 6924 6925 6923
f 6925 6926 6923
f 6927 6921 6923
f 6928 6929 6923
f 6922 6930 6923
f 6931 6932 6930
f 6930 6932 6927
f 6930 6927 6923
f 6933 6934 6935
f 6935 6934 6936
f 6935 6936 6937
f 6938 6939 6937
f 6939 6940 6937
f 6941 6935 6937
f 6942 6943 6937
f 6936 6944 6937
f 6945 6946 6944
f 6944 6946 6941
f 6944 6941 6937
f 6947 6948 6949
f 6949 6948 6950
f 6949 6950 6951
f 6952 6953 6951
f 6953 6954 6951
f 6955 6949 6951
f 6956 6957 6951
f 6950 6958 6951
f 6959 6960 6958
f 6958 6960 6955
f 6958 6955 6951
f 6961 6962 6963
f 6963 6962 6964
f 6963 6964 6965
f 6966 6967 6965
f 6967 6968 6965
f 6969 6963 6965
f 6970 6971 6965
f 6964 6972 6965
f 6973 6974 6972
f 6972 6974 6969
f 6972 6969 6965
f 6975 6976 6977
f 6977 6976 6978
f 6977 6978 6979
f 6980 6981 6979
f 6981 6982 6979
f 6983 6977 6979
f 6984 6985 6979
f 6978 6986 6979
f 6987 6988 6986
f 6986 6988 6983
f 6986 6983 6979
f 6989 6990 6991
f 6991 6990 6992
f 6991 6992 6993
f 6994 6995 6993
f 6995 6996 6993
f 6997 6991 6993
f 6998 6999 6993
f 6992 7000 6993
f 7001 7002 7000
f 7000 7002 6997
f 7000 6997 6993
f 7003 7004 7005
f 7005 7004 7006
f 7005 7006 7007
f 7007 7006 7008
f 7007 7008 7009
f 7009 7008 7010
f 7009 7010 7011
f 7011 7010 7012
f 7011 7012 7013
f 7013 7012 7014
f 7013 7014 7015
f 7015 7014 7016
f 7015 7016 7017
f 7017 7016 7018
f 7018 7016 7019
f 7018 7019 7020
f 7020 7019 7021
f 7020 7021 7022
f 7022 7021 7023
f 7022 7023 7024
f 7024 7023 7025
f 7024 7025 7003
f 7003 7025 7004
f 7014 7026 7016
f 7016 7026 7027
f 7016 7027 7019
f 7019 7027 7028
f 7019 7028 7021
f 7021 7028 7029
f 7021 7029 7023
f 7023 7029 7030
f 7023 7030 7025
f 7025 7030 7031
f 7025 7031 7004
f 7004 7031 7032
f 7004 7032 7006
f 7006 7032 7033
f 7006 7033 7008
f 7008 7033 7034
f 7008 7034 7010
f 7010 7034 7035
f 7010 7035 7012
f 7012 7035 7036
f 7012 7036 7014
f 7014 7036 7026
f 7037 7003 7038
f 7038 7003 7005
f 7038 7005 7039
f 7039 7005 7007
f 7039 7007 7040
f 7040 7007 7009
f 7040 7009 7041
f 7041 7009 7011
f 7041 7011 7042
f 7042 7011 7013
f 7042 7013 7043
f 7043 7013 7015
f 7043 7015 7044
f 7044 7015 7017
f 7044 7017 7045
f 7045 7017 7018
f 7045 7018 7046
f 7046 7018 7020
f 7046 7020 7047
f 7047 7020 7022
f 7047 7022 7048
f 7048 7022 7024
f 7048 7024 7037
f 7037 7024 7003
f 7049 7032 7050
f 7050 7032 7031
f 7050 7031 7051
f 7051 7031 7030
f 7051 7030 7052
f 7052 7030 7029
f 7052 7029 7053
f 7053 7029 7028
f 7053 7028 7054
f 7054 7028 7027
f 7054 7027 7055
f 7055 7027 7026
f 7055 7026 7056
f 7056 7026 7057
f 7057 7026 7036
f 7057 7036 7058
f 7058 7036 7035
f 7058 7035 7059
f 7059 7035 7034
f 7059 7034 7060
f 7060 7034 7033
f 7060 7033 7049
f 7049 7033 7032
f 7061 7062 7038
f 7038 7062 7063
f 7038 7063 7037
f 7037 7063 7064
f 7037 7064 7048
f 7048 7064 7065
f 7048 7065 7047
f 7047 7065 7066
f 7047 7066 7046
f 7046 7066 7067
f 7046 7067 7045
f 7045 7067 7068
f 7045 7068 7044
f 7044 7068 7069
f 7044 7069 7070
f 7044 7070 7043
f 7043 7070 7071
f 7043 7071 7042
f 7042 7071 7072
f 7042 7072 7041
f 7041 7072 7073
f 7041 7073 7040
f 7040 7073 7074
f 7040 7074 7039
f 7039 7074 7061
f 7039 7061 7038
f 7075 7049 7076
f 7076 7049 7050
f 7076 7050 7077
f 7077 7050 7051
f 7077 7051 7078
f 7078 7051 7052
f 7078 7052 7079
f 7079 7052 7053
f 7079 7053 7080
f 7080 7053 7054
f 7080 7054 7081
f 7081 7054 7055
f 7081 7055 7082
f 7082 7055 7056
f 7082 7056 7083
f 7083 7056 7057
f 7083 7057 7084
f 7084 7057 7058
f 7084 7058 7085
f 7085 7058 7059
f 7085 7059 7086
f 7086 7059 7060
f 7086 7060 7075
f 7075 7060 7049
f 7061 7087 7062
f 7062 7087 7088
f 7062 7088 7063
f 7063 7088 7089
f 7063 7089 7064
f 7064 7089 7090
f 7064 7090 7065
f 7065 7090 7091
f 7065 7091 7066
f 7066 7091 7092
f 7066 7092 7067
f 7067 7092 7093
f 7067 7093 7068
f 7068 7093 7094
f 7068 7094 7069
f 7069 7094 7095
f 7069 7095 7070
f 7070 7095 7096
f 7070 7096 7071
f 7071 7096 7097
f 7071 7097 7072
f 7072 7097 7098
f 7072 7098 7073
f 7073 7098 7099
f 7073 7099 7074
f 7074 7099 7100
f 7074 7100 7061
f 7061 7100 7087
f 7101 7102 7076
f 7076 7102 7103
f 7076 7103 7075
f 7075 7103 7104
f 7075 7104 7086
f 7086 7104 7105
f 7086 7105 7085
f 7085 7105 7106
f 7085 7106 7084
f 7084 7106 7107
f 7084 7107 7083
f 7083 7107 7108
f 7083 7108 7082
f 7082 7108 7109
f 7082 7109 7110
f 7082 7110 7081
f 7081 7110 7111
f 7081 7111 7080
f 7080 7111 7112
f 7080 7112 7079
f 7079 7112 7113
f 7079 7113 7078
f 7078 7113 7114
f 7078 7114 7077
f 7077 7114 7101
f 7077 7101 7076
f 7115 7116 7095
f 7095 7116 7117
f 7095 7117 7096
f 7096 7117 7118
f 7096 7118 7097
f 7097 7118 7119
f 7097 7119 7098
f 7098 7119 7120
f 7098 7120 7099
f 7099 7120 7121
f 7099 7121 7100
f 7100 7121 7122
f 7100 7122 7087
f 7087 7122 7123
f 7087 7123 7088
f 7088 7123 7124
f 7088 7124 7089
f 7089 7124 7125
f 7089 7125 7090
f 7090 7125 7126
f 7090 7126 7091
f 7091 7126 7127
f 7091 7127 7092
f 7092 7127 7128
f 7092 7128 7093
f 7093 7128 7129
f 7093 7129 7094
f 7094 7129 7115
f 7094 7115 7095
f 7101 7130 7102
f 7102 7130 7131
f 7102 7131 7103
f 7103 7131 7132
f 7103 7132 7104
f 7104 7132 7133
f 7104 7133 7105
f 7105 7133 7134
f 7105 7134 7106
f 7106 7134 7135
f 7106 7135 7107
f 7107 7135 7136
f 7107 7136 7108
f 7108 7136 7137
f 7108 7137 7109
f 7109 7137 7138
f 7109 7138 7110
f 7110 7138 7139
f 7110 7139 7111
f 7111 7139 7140
f 7111 7140 7112
f 7112 7140 7141
f 7112 7141 7113
f 7113 7141 7142
f 7113 7142 7114
f 7114 7142 7143
f 7114 7143 7101
f 7101 7143 7130
f 7144 7116 7145
f 7145 7116 7115
f 7145 7115 7146
f 7146 7115 7129
f 7146 7129 7147
f 7147 7129 7128
f 7147 7128 7148
f 7148 7128 7127
f 7148 7127 7149
f 7149 7127 7126
f 7149 7126 7150
f 7150 7126 7125
f 7150 7125 7151
f 7151 7125 7124
f 7151 7124 7152
f 7152 7124 7123
f 7152 7123 7153
f 7153 7123 7122
f 7153 7122 7154
f 7154 7122 7121
f 7154 7121 7155
f 7155 7121 7120
f 7155 7120 7156
f 7156 7120 7119
f 7156 7119 7157
f 7157 7119 7118
f 7157 7118 7158
f 7158 7118 7117
f 7158 7117 7144
f 7144 7117 7116
f 7159 7139 7160
f 7160 7139 7138
f 7160 7138 7137
f 7139 7159 7140
f 7140 7159 7161
f 7140 7161 7141
f 7141 7161 7162
f 7141 7162 7163
f 7141 7163 7142
f 7142 7163 7164
f 7142 7164 7143
f 7143 7164 7165
f 7143 7165 7130
f 7130 7165 7166
f 7130 7166 7131
f 7131 7166 7132
f 7132 7166 7167
f 7132 7167 7133
f 7133 7167 7168
f 7133 7168 7134
f 7134 7168 7169
f 7134 7169 7170
f 7134 7170 7135
f 7135 7170 7171
f 7135 7171 7136
f 7136 7171 7172
f 7136 7172 7137
f 7137 7172 7160
f 7144 7145 7173
f 7173 7145 7146
f 7173 7146 7174
f 7174 7146 7147
f 7174 7147 7175
f 7175 7147 7148
f 7175 7148 7176
f 7176 7148 7149
f 7176 7149 7177
f 7177 7149 7150
f 7177 7150 7178
f 7178 7150 7151
f 7178 7151 7179
f 7179 7151 7152
f 7179 7152 7180
f 7180 7152 7153
f 7180 7153 7181
f 7181 7153 7154
f 7181 7154 7182
f 7182 7154 7155
f 7182 7155 7183
f 7183 7155 7156
f 7183 7156 7184
f 7184 7156 7157
f 7184 7157 7185
f 7185 7157 7158
f 7185 7158 7186
f 7186 7158 7144
f 7186 7144 7173
f 7172 7186 7160
f 7160 7186 7173
f 7160 7173 7159
f 7159 7173 7174
f 7159 7174 7161
f 7161 7174 7175
f 7161 7175 7162
f 7162 7175 7176
f 7162 7176 7163
f 7163 7176 7177
f 7163 7177 7164
f 7164 7177 7178
f 7164 7178 7165
f 7165 7178 7179
f 7165 7179 7166
f 7166 7179 7180
f 7166 7180 7167
f 7167 7180 7181
f 7167 7181 7168
f 7168 7181 7182
f 7168 7182 7169
f 7169 7182 7183
f 7169 7183 7170
f 7170 7183 7184
f 7170 7184 7171
f 7171 7184 7185
f 7171 7185 7172
f 7172 7185 7186
f 7187 7188 7189
f 7189 7188 7190
f 7189 7190 7191
f 7191 7190 7192
f 7191 7192 7193
f 7193 7192 7194
f 7193 7194 7195
f 7195 7194 7196
f 7195 7196 7197
f 7197 7196 7198
f 7197 7198 7199
f 7199 7198 7200
f 7199 7200 7201
f 7201 7200 7202
f 7201 7202 7203
f 7203 7202 7204
f 7203 7204 7187
f 7187 7204 7188
f 7205 7206 7207
f 7207 7206 7208
f 7207 7208 7209
f 7209 7208 7210
f 7209 7210 7211
f 7211 7210 7212
f 7211 7212 7213
f 7213 7212 7214
f 7213 7214 7215
f 7215 7214 7216
f 7215 7216 7217
f 7217 7216 7218
f 7217 7218 7219
f 7219 7218 7220
f 7219 7220 7221
f 7221 7220 7222
f 7221 7222 7205
f 7205 7222 7206
f 7223 7224 7225
f 7225 7224 7226
f 7225 7226 7227
f 7227 7226 7228
f 7227 7228 7229
f 7229 7228 7230
f 7229 7230 7231
f 7231 7230 7232
f 7231 7232 7233
f 7233 7232 7234
f 7233 7234 7235
f 7235 7234 7236
f 7235 7236 7237
f 7237 7236 7238
f 7237 7238 7239
f 7239 7238 7240
f 7239 7240 7223
f 7223 7240 7224
f 7241 7242 7243
f 7243 7242 7244
f 7243 7244 7245
f 7245 7244 7246
f 7245 7246 7247
f 7247 7246 7248
f 7247 7248 7249
f 7249 7248 7250
f 7249 7250 7251
f 7251 7250 7252
f 7251 7252 7253
f 7253 7252 7254
f 7253 7254 7255
f 7255 7254 7256
f 7255 7256 7257
f 7257 7256 7258
f 7257 7258 7241
f 7241 7258 7242
f 7187 7189 7259
f 7259 7189 7191
f 7259 7191 7260
f 7260 7191 7193
f 7260 7193 7261
f 7261 7193 7262
f 7262 7193 7195
f 7262 7195 7263
f 7263 7195 7197
f 7263 7197 7199
f 7263 7199 7264
f 7264 7199 7201
f 7264 7201 7265
f 7265 7201 7203
f 7265 7203 7266
f 7266 7203 7267
f 7267 7203 7187
f 7267 7187 7259
f 7205 7207 7268
f 7268 7207 7209
f 7268 7209 7269
f 7269 7209 7211
f 7269 7211 7270
f 7270 7211 7271
f 7271 7211 7213
f 7271 7213 7272
f 7272 7213 7215
f 7272 7215 7217
f 7272 7217 7273
f 7273 7217 7219
f 7273 7219 7274
f 7274 7219 7221
f 7274 7221 7275
f 7275 7221 7276
f 7276 7221 7205
f 7276 7205 7268
f 4253 7234 4254
f 4254 7234 7232
f 4254 7232 7230
f 7277 7202 4253
f 4253 7202 7200
f 4253 7200 7198
f 7278 7242 7277
f 7277 7242 7206
f 7277 7206 7222
f 4254 7228 7278
f 7278 7228 7246
f 7278 7246 7244
f 7206 7242 7279
f 7279 7242 7258
f 7279 7258 7280
f 7280 7258 7256
f 7280 7256 7281
f 7281 7256 7282
f 7282 7256 7254
f 7282 7254 7283
f 7283 7254 7238
f 7283 7238 7284
f 7284 7238 7285
f 7285 7238 7236
f 7285 7236 7286
f 7286 7236 7234
f 7286 7234 7196
f 7196 7234 4253
f 7196 4253 7198
f 7238 7254 7240
f 7240 7254 7252
f 7240 7252 7224
f 7224 7252 7250
f 7224 7250 7226
f 7226 7250 7248
f 7226 7248 7228
f 7228 7248 7246
f 7244 7242 7278
f 7230 7228 4254
f 7222 7220 7277
f 7277 7220 7202
f 7220 7218 7202
f 7202 7218 7204
f 7204 7218 7216
f 7204 7216 7188
f 7188 7216 7214
f 7188 7214 7190
f 7190 7214 7212
f 7190 7212 7287
f 7287 7212 7288
f 7287 7288 7289
f 7288 7212 7290
f 7290 7212 7210
f 7290 7210 7291
f 7291 7210 7292
f 7292 7210 7208
f 7292 7208 7279
f 7279 7208 7206
f 7286 7196 7293
f 7293 7196 7194
f 7293 7194 7294
f 7294 7194 7192
f 7294 7192 7295
f 7295 7192 7296
f 7296 7192 7190
f 7296 7190 7287
f 7287 7289 7283
f 7283 7289 7282
f 7227 7297 7225
f 7225 7297 7298
f 7225 7298 7299
f 7297 7227 7300
f 7300 7227 7229
f 7300 7229 7231
f 7300 7231 7301
f 7301 7231 7233
f 7301 7233 7302
f 7302 7233 7235
f 7302 7235 7303
f 7303 7235 7304
f 7304 7235 7237
f 7304 7237 7305
f 7305 7237 7239
f 7305 7239 7223
f 7305 7223 7299
f 7299 7223 7225
f 7245 7306 7243
f 7243 7306 7307
f 7243 7307 7241
f 7241 7307 7308
f 7241 7308 7309
f 7306 7245 7310
f 7310 7245 7247
f 7310 7247 7249
f 7310 7249 7311
f 7311 7249 7251
f 7311 7251 7312
f 7312 7251 7253
f 7312 7253 7313
f 7313 7253 7314
f 7314 7253 7255
f 7314 7255 7309
f 7309 7255 7257
f 7309 7257 7241
f 4214 7315 4253
f 4253 7315 7277
f 7315 7316 7277
f 7277 7316 7278
f 7316 4222 7278
f 7278 4222 4254
f 4222 4214 4254
f 4254 4214 4253
f 7317 7259 3963
f 3963 7259 7260
f 3963 7260 7318
f 7318 7260 7261
f 7318 7261 7319
f 7319 7261 7262
f 7319 7262 7320
f 7320 7262 7263
f 7320 7263 7321
f 7321 7263 7264
f 7321 7264 7322
f 7322 7264 7265
f 7322 7265 7323
f 7323 7265 7266
f 7323 7266 7324
f 7324 7266 7267
f 7324 7267 7317
f 7317 7267 7259
f 7283 7325 7287
f 7287 7325 7326
f 7287 7326 7296
f 7296 7326 7327
f 7296 7327 7295
f 7295 7327 7328
f 7295 7328 7294
f 7294 7328 7329
f 7294 7329 7293
f 7293 7329 7330
f 7293 7330 7286
f 7286 7330 7331
f 7286 7331 7285
f 7285 7331 7332
f 7285 7332 7284
f 7284 7332 7333
f 7284 7333 7283
f 7283 7333 7325
f 7334 7268 7335
f 7335 7268 7269
f 7335 7269 7336
f 7336 7269 7270
f 7336 7270 7337
f 7337 7270 7271
f 7337 7271 7338
f 7338 7271 7272
f 7338 7272 7339
f 7339 7272 7273
f 7339 7273 7340
f 7340 7273 7274
f 7340 7274 7341
f 7341 7274 7275
f 7341 7275 7342
f 7342 7275 7276
f 7342 7276 7334
f 7334 7276 7268
f 7280 7343 7279
f 7279 7343 7344
f 7279 7344 7292
f 7292 7344 7345
f 7292 7345 7291
f 7291 7345 7346
f 7291 7346 7290
f 7290 7346 7347
f 7290 7347 7288
f 7288 7347 7348
f 7288 7348 7289
f 7289 7348 7349
f 7289 7349 7282
f 7282 7349 7350
f 7282 7350 7281
f 7281 7350 7351
f 7281 7351 7280
f 7280 7351 7343
f 7352 7298 4011
f 4011 7298 7297
f 4011 7297 7353
f 7353 7297 7300
f 7353 7300 7354
f 7354 7300 7301
f 7354 7301 7355
f 7355 7301 7302
f 7355 7302 7356
f 7356 7302 7303
f 7356 7303 7357
f 7357 7303 7304
f 7357 7304 7358
f 7358 7304 7305
f 7358 7305 7359
f 7359 7305 7299
f 7359 7299 7352
f 7352 7299 7298
f 7360 7307 7361
f 7361 7307 7306
f 7361 7306 7362
f 7362 7306 7310
f 7362 7310 7363
f 7363 7310 7311
f 7363 7311 7364
f 7364 7311 7312
f 7364 7312 7365
f 7365 7312 7313
f 7365 7313 7366
f 7366 7313 7314
f 7366 7314 7367
f 7367 7314 7309
f 7367 7309 7368
f 7368 7309 7308
f 7368 7308 7360
f 7360 7308 7307
f 7316 7354 4222
f 4222 7354 7355
f 4222 7355 7356
f 7315 7343 7316
f 7316 7343 7351
f 7316 7351 7360
f 7360 7351 7368
f 7368 7351 7350
f 7368 7350 7367
f 7367 7350 7349
f 7367 7349 7333
f 7333 7349 7348
f 7333 7348 7325
f 7325 7348 7347
f 7325 7347 7326
f 7326 7347 7318
f 7326 7318 7327
f 7327 7318 7319
f 7327 7319 7320
f 4214 7324 7315
f 7315 7324 7341
f 7315 7341 7342
f 4222 7330 4214
f 4214 7330 7329
f 4214 7329 7321
f 7321 7329 7320
f 7320 7329 7328
f 7320 7328 7327
f 7360 7361 7316
f 7316 7361 7362
f 7316 7362 7363
f 7363 7364 7316
f 7316 7364 7354
f 7354 7364 7353
f 7353 7364 7365
f 7353 7365 4011
f 4011 7365 7366
f 4011 7366 7352
f 7352 7366 7367
f 7352 7367 7333
f 7356 7357 4222
f 4222 7357 7330
f 7357 7358 7330
f 7330 7358 7331
f 7331 7358 7332
f 7332 7358 7359
f 7332 7359 7333
f 7333 7359 7352
f 7346 7338 7347
f 7347 7338 7339
f 7347 7339 7318
f 7318 7339 3963
f 3963 7339 7340
f 3963 7340 7317
f 7317 7340 7341
f 7317 7341 7324
f 7346 7345 7338
f 7338 7345 7337
f 7337 7345 7336
f 7336 7345 7344
f 7336 7344 7343
f 7336 7343 7335
f 7335 7343 7315
f 7335 7315 7334
f 7334 7315 7342
f 7321 7322 4214
f 4214 7322 7323
f 4214 7323 7324
f 7369 7370 7371
f 7371 7370 7372
f 7371 7372 7373
f 7373 7372 7374
f 7375 7374 7376
f 7376 7374 7372
f 7376 7372 7377
f 7377 7372 7378
f 7378 7372 7379
f 7379 7372 7370
f 7379 7370 7380
f 7380 7370 7381
f 7382 7383 7371
f 7371 7383 7384
f 7371 7384 7369
f 7369 7384 7385
f 7382 7371 7386
f 7386 7371 7373
f 7386 7373 7387
f 7387 7373 7388
f 7375 7389 7374
f 7374 7389 7390
f 7374 7390 7373
f 7373 7390 7388
f 7385 7391 7369
f 7369 7391 7392
f 7369 7392 7370
f 7370 7392 7381
f 7393 7394 7395
f 7395 7394 7396
f 7395 7396 7397
f 7397 7396 7398
f 7397 7398 7399
f 7399 7398 7400
f 7399 7400 7401
f 7399 7401 7402
f 7402 7401 7403
f 7402 7403 7404
f 7404 7403 7405
f 7404 7405 7406
f 7406 7405 7407
f 7406 7407 7408
f 7406 7408 7409
f 7409 7408 7410
f 7409 7410 7411
f 7411 7410 7412
f 7411 7412 7413
f 7413 7412 7414
f 7413 7414 7392
f 7379 7414 7415
f 7379 7415 7395
f 7395 7415 7393
f 7410 7416 7412
f 7412 7416 7417
f 7412 7417 7418
f 7418 7417 7419
f 7418 7419 7415
f 7415 7419 7393
f 7420 7389 7421
f 7421 7377 7397
f 7421 7397 7399
f 7397 7377 7395
f 7395 7377 7378
f 7395 7378 7379
f 7413 7384 7411
f 7411 7384 7383
f 7411 7383 7406
f 7406 7383 7382
f 7406 7382 7386
f 7406 7386 7404
f 7404 7386 7387
f 7404 7387 7420
f 7409 7411 7406
f 7414 7412 7418
f 7420 7421 7399
f 7414 7418 7415
f 7399 7402 7420
f 7420 7402 7404
f 7393 7422 7394
f 7394 7422 7423
f 7394 7423 7396
f 7396 7423 7424
f 7396 7424 7398
f 7398 7424 7425
f 7398 7425 7400
f 7400 7425 7426
f 7400 7426 7401
f 7401 7426 7427
f 7401 7427 7403
f 7403 7427 7428
f 7403 7428 7405
f 7405 7428 7429
f 7405 7429 7407
f 7407 7429 7430
f 7407 7430 7408
f 7408 7430 7431
f 7408 7431 7410
f 7410 7431 7432
f 7410 7432 7416
f 7416 7432 7433
f 7416 7433 7417
f 7417 7433 7434
f 7417 7434 7419
f 7419 7434 7435
f 7419 7435 7393
f 7393 7435 7422
f 7436 7437 7438
f 7438 7437 7439
f 7438 7439 7440
f 7440 7439 7441
f 7440 7441 7442
f 7442 7441 7443
f 7444 7445 7436
f 7436 7445 7437
f 7424 7423 7446
f 7446 7423 7422
f 7446 7422 7447
f 7447 7422 7435
f 7447 7435 7448
f 7448 7435 7434
f 7448 7434 7433
f 7448 7433 7449
f 7449 7433 7432
f 7449 7432 7450
f 7450 7432 7431
f 7450 7431 7451
f 7451 7431 7430
f 7451 7430 7429
f 7451 7429 7452
f 7452 7429 7428
f 7452 7428 7453
f 7453 7428 7427
f 7453 7427 7426
f 7453 7426 7454
f 7454 7426 7425
f 7454 7425 7455
f 7455 7425 7424
f 7455 7424 7446
f 7440 7455 7438
f 7438 7455 7446
f 7438 7446 7436
f 7436 7446 7447
f 7436 7447 7444
f 7444 7447 7448
f 7444 7448 7445
f 7445 7448 7449
f 7445 7449 7437
f 7437 7449 7450
f 7437 7450 7439
f 7439 7450 7451
f 7439 7451 7441
f 7441 7451 7452
f 7441 7452 7443
f 7443 7452 7453
f 7443 7453 7442
f 7442 7453 7454
f 7442 7454 7440
f 7440 7454 7455
f 7456 7457 7458
f 7458 7457 7459
f 7458 7459 7460
f 7460 7459 7461
f 7456 7458 7462
f 7462 7458 7463
f 7458 7460 7463
f 7463 7460 7464
f 7460 7461 7464
f 7464 7461 7465
f 7461 7459 7465
f 7465 7459 7466
f 7459 7457 7466
f 7466 7457 7467
f 7457 7456 7467
f 7467 7456 7462
f 7468 7469 7463
f 7463 7469 7470
f 7463 7470 7462
f 7462 7470 7471
f 7462 7471 7472
f 7462 7472 7467
f 7467 7472 7473
f 7467 7473 7474
f 7467 7474 7466
f 7466 7474 7475
f 7466 7475 7465
f 7465 7475 7476
f 7465 7476 7477
f 7465 7477 7464
f 7464 7477 7478
f 7464 7478 7468
f 7464 7468 7463
f 7468 7479 7469
f 7469 7479 7480
f 7469 7480 7481
f 7479 7468 7482
f 7482 7468 7478
f 7482 7478 7483
f 7483 7478 7477
f 7483 7477 7484
f 7484 7477 7476
f 7484 7476 7485
f 7485 7476 7475
f 7485 7475 7486
f 7486 7475 7474
f 7486 7474 7487
f 7487 7474 7473
f 7487 7473 7488
f 7488 7473 7472
f 7488 7472 7489
f 7489 7472 7471
f 7489 7471 7490
f 7490 7471 7470
f 7490 7470 7481
f 7481 7470 7469
f 7487 7491 7486
f 7486 7491 7492
f 7486 7492 7485
f 7485 7492 7493
f 7485 7493 7484
f 7484 7493 7494
f 7484 7494 7483
f 7483 7494 7495
f 7483 7495 7482
f 7482 7495 7496
f 7482 7496 7479
f 7479 7496 7480
f 7480 7496 7497
f 7480 7497 7481
f 7481 7497 7498
f 7481 7498 7499
f 7491 7487 7500
f 7500 7487 7488
f 7500 7488 7501
f 7501 7488 7489
f 7501 7489 7502
f 7502 7489 7490
f 7502 7490 7499
f 7499 7490 7481
f 7503 7504 7505
f 7505 7504 7506
f 7505 7506 7507
f 7507 7506 7508
f 7507 7508 7509
f 7509 7508 7510
f 7509 7510 7511
f 7492 7491 7512
f 7512 7491 7500
f 7512 7500 7513
f 7513 7500 7501
f 7513 7501 7514
f 7514 7501 7502
f 7514 7502 7515
f 7515 7502 7499
f 7515 7499 7498
f 7515 7498 7516
f 7516 7498 7497
f 7516 7497 7517
f 7517 7497 7496
f 7517 7496 7518
f 7518 7496 7495
f 7518 7495 7494
f 7518 7494 7519
f 7519 7494 7493
f 7519 7493 7520
f 7520 7493 7492
f 7520 7492 7512
f 7505 7512 7503
f 7503 7512 7513
f 7503 7513 7504
f 7504 7513 7514
f 7504 7514 7506
f 7506 7514 7515
f 7506 7515 7508
f 7508 7515 7516
f 7508 7516 7510
f 7510 7516 7517
f 7510 7517 7511
f 7511 7517 7518
f 7511 7518 7509
f 7509 7518 7519
f 7509 7519 7507
f 7507 7519 7520
f 7507 7520 7505
f 7505 7520 7512
f 7521 7522 7523
f 7523 7522 7524
f 7523 7524 7525
f 7525 7524 7526
f 7521 7523 7527
f 7527 7523 7528
f 7523 7525 7528
f 7528 7525 7529
f 7525 7526 7529
f 7529 7526 7530
f 7526 7524 7530
f 7530 7524 7531
f 7524 7522 7531
f 7531 7522 7532
f 7522 7521 7532
f 7532 7521 7527
f 7533 7534 7528
f 7528 7534 7535
f 7528 7535 7527
f 7527 7535 7536
f 7527 7536 7537
f 7527 7537 7532
f 7532 7537 7538
f 7532 7538 7539
f 7532 7539 7531
f 7531 7539 7540
f 7531 7540 7541
f 7531 7541 7530
f 7530 7541 7542
f 7530 7542 7543
f 7530 7543 7529
f 7529 7543 7544
f 7529 7544 7533
f 7529 7533 7528
f 7533 7545 7534
f 7534 7545 7546
f 7534 7546 7535
f 7535 7546 7547
f 7535 7547 7536
f 7536 7547 7548
f 7536 7548 7537
f 7537 7548 7549
f 7537 7549 7538
f 7538 7549 7550
f 7538 7550 7539
f 7539 7550 7551
f 7539 7551 7540
f 7540 7551 7552
f 7540 7552 7553
f 7545 7533 7554
f 7554 7533 7544
f 7554 7544 7555
f 7555 7544 7543
f 7555 7543 7556
f 7556 7543 7542
f 7556 7542 7557
f 7557 7542 7541
f 7557 7541 7553
f 7553 7541 7540
f 7551 7558 7552
f 7552 7558 7559
f 7552 7559 7553
f 7553 7559 7560
f 7553 7560 7561
f 7551 7550 7558
f 7558 7550 7562
f 7562 7550 7549
f 7562 7549 7563
f 7563 7549 7548
f 7563 7548 7564
f 7564 7548 7547
f 7564 7547 7565
f 7565 7547 7546
f 7565 7546 7566
f 7566 7546 7545
f 7566 7545 7567
f 7567 7545 7554
f 7567 7554 7568
f 7568 7554 7555
f 7568 7555 7569
f 7569 7555 7556
f 7569 7556 7570
f 7570 7556 7557
f 7570 7557 7561
f 7561 7557 7553
f 7571 7572 7573
f 7573 7572 7574
f 7573 7574 7575
f 7575 7574 7576
f 7575 7576 7577
f 7577 7576 7578
f 7577 7578 7579
f 7560 7559 7580
f 7580 7559 7558
f 7580 7558 7581
f 7581 7558 7562
f 7581 7562 7582
f 7582 7562 7563
f 7582 7563 7564
f 7582 7564 7583
f 7583 7564 7565
f 7583 7565 7584
f 7584 7565 7566
f 7584 7566 7585
f 7585 7566 7567
f 7585 7567 7568
f 7585 7568 7586
f 7586 7568 7569
f 7586 7569 7587
f 7587 7569 7570
f 7587 7570 7561
f 7587 7561 7588
f 7588 7561 7560
f 7588 7560 7580
f 7573 7580 7571
f 7571 7580 7581
f 7571 7581 7572
f 7572 7581 7582
f 7572 7582 7574
f 7574 7582 7583
f 7574 7583 7576
f 7576 7583 7584
f 7576 7584 7578
f 7578 7584 7585
f 7578 7585 7579
f 7579 7585 7586
f 7579 7586 7577
f 7577 7586 7587
f 7577 7587 7575
f 7575 7587 7588
f 7575 7588 7573
f 7573 7588 7580
f 7589 7590 7591
f 7591 7590 7592
f 7591 7592 7593
f 7593 7592 7594
f 7595 7594 7596
f 7596 7594 7592
f 7596 7592 7597
f 7597 7592 7598
f 7598 7592 7599
f 7599 7592 7590
f 7599 7590 7600
f 7600 7590 7601
f 7602 7603 7591
f 7591 7603 7604
f 7591 7604 7589
f 7589 7604 7605
f 7602 7591 7606
f 7606 7591 7593
f 7606 7593 7607
f 7607 7593 7608
f 7595 7609 7594
f 7594 7609 7610
f 7594 7610 7593
f 7593 7610 7608
f 7605 7611 7589
f 7589 7611 7612
f 7589 7612 7590
f 7590 7612 7601
f 7613 7614 7615
f 7615 7614 7616
f 7615 7616 7617
f 7617 7616 7618
f 7617 7618 7619
f 7619 7618 7620
f 7619 7620 7621
f 7619 7621 7622
f 7622 7621 7623
f 7622 7623 7624
f 7624 7623 7625
f 7624 7625 7626
f 7626 7625 7627
f 7626 7627 7628
f 7626 7628 7629
f 7629 7628 7630
f 7629 7630 7631
f 7631 7630 7632
f 7631 7632 7633
f 7633 7632 7634
f 7633 7634 7612
f 7599 7634 7635
f 7599 7635 7615
f 7615 7635 7613
f 7630 7636 7632
f 7632 7636 7637
f 7632 7637 7638
f 7638 7637 7639
f 7638 7639 7635
f 7635 7639 7613
f 7640 7609 7641
f 7641 7597 7617
f 7641 7617 7619
f 7617 7597 7615
f 7615 7597 7598
f 7615 7598 7599
f 7633 7604 7631
f 7631 7604 7603
f 7631 7603 7626
f 7626 7603 7602
f 7626 7602 7606
f 7626 7606 7624
f 7624 7606 7607
f 7624 7607 7640
f 7629 7631 7626
f 7634 7632 7638
f 7640 7641 7619
f 7634 7638 7635
f 7619 7622 7640
f 7640 7622 7624
f 7613 7642 7614
f 7614 7642 7643
f 7614 7643 7616
f 7616 7643 7644
f 7616 7644 7618
f 7618 7644 7645
f 7618 7645 7620
f 7620 7645 7646
f 7620 7646 7621
f 7621 7646 7647
f 7621 7647 7623
f 7623 7647 7648
f 7623 7648 7625
f 7625 7648 7649
f 7625 7649 7627
f 7627 7649 7650
f 7627 7650 7628
f 7628 7650 7651
f 7628 7651 7630
f 7630 7651 7652
f 7630 7652 7636
f 7636 7652 7653
f 7636 7653 7637
f 7637 7653 7654
f 7637 7654 7639
f 7639 7654 7655
f 7639 7655 7613
f 7613 7655 7642
f 7656 7657 7658
f 7658 7657 7659
f 7658 7659 7660
f 7660 7659 7661
f 7660 7661 7662
f 7662 7661 7663
f 7664 7665 7656
f 7656 7665 7657
f 7644 7643 7666
f 7666 7643 7642
f 7666 7642 7667
f 7667 7642 7655
f 7667 7655 7668
f 7668 7655 7654
f 7668 7654 7653
f 7668 7653 7669
f 7669 7653 7652
f 7669 7652 7670
f 7670 7652 7651
f 7670 7651 7671
f 7671 7651 7650
f 7671 7650 7649
f 7671 7649 7672
f 7672 7649 7648
f 7672 7648 7673
f 7673 7648 7647
f 7673 7647 7646
f 7673 7646 7674
f 7674 7646 7645
f 7674 7645 7675
f 7675 7645 7644
f 7675 7644 7666
f 7660 7675 7658
f 7658 7675 7666
f 7658 7666 7656
f 7656 7666 7667
f 7656 7667 7664
f 7664 7667 7668
f 7664 7668 7665
f 7665 7668 7669
f 7665 7669 7657
f 7657 7669 7670
f 7657 7670 7659
f 7659 7670 7671
f 7659 7671 7661
f 7661 7671 7672
f 7661 7672 7663
f 7663 7672 7673
f 7663 7673 7662
f 7662 7673 7674
f 7662 7674 7660
f 7660 7674 7675
f 7676 7677 7678
f 7678 7677 7679
f 7678 7679 7680
f 7680 7679 7681
f 7682 7681 7683
f 7683 7681 7679
f 7683 7679 7684
f 7684 7679 7685
f 7685 7679 7686
f 7686 7679 7677
f 7686 7677 7687
f 7687 7677 7688
f 7689 7690 7678
f 7678 7690 7691
f 7678 7691 7676
f 7676 7691 7692
f 7689 7678 7693
f 7693 7678 7680
f 7693 7680 7694
f 7694 7680 7695
f 7682 7696 7681
f 7681 7696 7697
f 7681 7697 7680
f 7680 7697 7695
f 7692 7698 7676
f 7676 7698 7699
f 7676 7699 7677
f 7677 7699 7688
f 7700 7701 7702
f 7702 7701 7703
f 7702 7703 7704
f 7704 7703 7705
f 7704 7705 7706
f 7706 7705 7707
f 7706 7707 7708
f 7706 7708 7709
f 7709 7708 7710
f 7709 7710 7711
f 7711 7710 7712
f 7711 7712 7713
f 7713 7712 7714
f 7713 7714 7715
f 7713 7715 7716
f 7716 7715 7717
f 7716 7717 7718
f 7718 7717 7719
f 7718 7719 7720
f 7720 7719 7721
f 7720 7721 7699
f 7686 7721 7722
f 7686 7722 7702
f 7702 7722 7700
f 7717 7723 7719
f 7719 7723 7724
f 7719 7724 7725
f 7725 7724 7726
f 7725 7726 7722
f 7722 7726 7700
f 7727 7696 7728
f 7728 7684 7704
f 7728 7704 7706
f 7704 7684 7702
f 7702 7684 7685
f 7702 7685 7686
f 7720 7691 7718
f 7718 7691 7690
f 7718 7690 7713
f 7713 7690 7689
f 7713 7689 7693
f 7713 7693 7711
f 7711 7693 7694
f 7711 7694 7727
f 7716 7718 7713
f 7721 7719 7725
f 7727 7728 7706
f 7721 7725 7722
f 7706 7709 7727
f 7727 7709 7711
f 7700 7729 7701
f 7701 7729 7730
f 7701 7730 7703
f 7703 7730 7731
f 7703 7731 7705
f 7705 7731 7732
f 7705 7732 7707
f 7707 7732 7733
f 7707 7733 7708
f 7708 7733 7734
f 7708 7734 7710
f 7710 7734 7735
f 7710 7735 7712
f 7712 7735 7736
f 7712 7736 7714
f 7714 7736 7737
f 7714 7737 7715
f 7715 7737 7738
f 7715 7738 7717
f 7717 7738 7739
f 7717 7739 7723
f 7723 7739 7740
f 7723 7740 7724
f 7724 7740 7741
f 7724 7741 7726
f 7726 7741 7742
f 7726 7742 7700
f 7700 7742 7729
f 7743 7744 7745
f 7745 7744 7746
f 7745 7746 7747
f 7747 7746 7748
f 7747 7748 7749
f 7749 7748 7750
f 7751 7752 7743
f 7743 7752 7744
f 7731 7730 7753
f 7753 7730 7729
f 7753 7729 7754
f 7754 7729 7742
f 7754 7742 7755
f 7755 7742 7741
f 7755 7741 7740
f 7755 7740 7756
f 7756 7740 7739
f 7756 7739 7757
f 7757 7739 7738
f 7757 7738 7758
f 7758 7738 7737
f 7758 7737 7736
f 7758 7736 7759
f 7759 7736 7735
f 7759 7735 7760
f 7760 7735 7734
f 7760 7734 7733
f 7760 7733 7761
f 7761 7733 7732
f 7761 7732 7762
f 7762 7732 7731
f 7762 7731 7753
f 7747 7762 7745
f 7745 7762 7753
f 7745 7753 7743
f 7743 7753 7754
f 7743 7754 7751
f 7751 7754 7755
f 7751 7755 7752
f 7752 7755 7756
f 7752 7756 7744
f 7744 7756 7757
f 7744 7757 7746
f 7746 7757 7758
f 7746 7758 7748
f 7748 7758 7759
f 7748 7759 7750
f 7750 7759 7760
f 7750 7760 7749
f 7749 7760 7761
f 7749 7761 7747
f 7747 7761 7762
f 7763 7764 7765
f 7765 7764 7766
f 7765 7766 7767
f 7767 7766 7768
f 7763 7765 7769
f 7769 7765 7770
f 7765 7767 7770
f 7770 7767 7771
f 7767 7768 7771
f 7771 7768 7772
f 7768 7766 7772
f 7772 7766 7773
f 7766 7764 7773
f 7773 7764 7774
f 7764 7763 7774
f 7774 7763 7769
f 7775 7776 7770
f 7770 7776 7777
f 7770 7777 7769
f 7769 7777 7778
f 7769 7778 7779
f 7769 7779 7774
f 7774 7779 7780
f 7774 7780 7781
f 7774 7781 7773
f 7773 7781 7782
f 7773 7782 7783
f 7773 7783 7772
f 7772 7783 7784
f 7772 7784 7785
f 7772 7785 7771
f 7771 7785 7786
f 7771 7786 7775
f 7771 7775 7770
f 7775 7787 7776
f 7776 7787 7788
f 7776 7788 7777
f 7777 7788 7789
f 7777 7789 7778
f 7778 7789 7790
f 7778 7790 7779
f 7779 7790 7791
f 7779 7791 7780
f 7780 7791 7792
f 7780 7792 7781
f 7781 7792 7793
f 7781 7793 7782
f 7782 7793 7794
f 7782 7794 7795
f 7787 7775 7796
f 7796 7775 7786
f 7796 7786 7797
f 7797 7786 7785
f 7797 7785 7798
f 7798 7785 7784
f 7798 7784 7799
f 7799 7784 7783
f 7799 7783 7795
f 7795 7783 7782
f 7793 7800 7794
f 7794 7800 7801
f 7794 7801 7795
f 7795 7801 7802
f 7795 7802 7803
f 7793 7792 7800
f 7800 7792 7804
f 7804 7792 7791
f 7804 7791 7805
f 7805 7791 7790
f 7805 7790 7806
f 7806 7790 7789
f 7806 7789 7807
f 7807 7789 7788
f 7807 7788 7808
f 7808 7788 7787
f 7808 7787 7809
f 7809 7787 7796
f 7809 7796 7810
f 7810 7796 7797
f 7810 7797 7811
f 7811 7797 7798
f 7811 7798 7812
f 7812 7798 7799
f 7812 7799 7803
f 7803 7799 7795
f 7813 7814 7815
f 7815 7814 7816
f 7815 7816 7817
f 7817 7816 7818
f 7817 7818 7819
f 7819 7818 7820
f 7819 7820 7821
f 7802 7801 7822
f 7822 7801 7800
f 7822 7800 7823
f 7823 7800 7804
f 7823 7804 7824
f 7824 7804 7805
f 7824 7805 7806
f 7824 7806 7825
f 7825 7806 7807
f 7825 7807 7826
f 7826 7807 7808
f 7826 7808 7827
f 7827 7808 7809
f 7827 7809 7810
f 7827 7810 7828
f 7828 7810 7811
f 7828 7811 7829
f 7829 7811 7812
f 7829 7812 7803
f 7829 7803 7830
f 7830 7803 7802
f 7830 7802 7822
f 7815 7822 7813
f 7813 7822 7823
f 7813 7823 7814
f 7814 7823 7824
f 7814 7824 7816
f 7816 7824 7825
f 7816 7825 7818
f 7818 7825 7826
f 7818 7826 7820
f 7820 7826 7827
f 7820 7827 7821
f 7821 7827 7828
f 7821 7828 7819
f 7819 7828 7829
f 7819 7829 7817
f 7817 7829 7830
f 7817 7830 7815
f 7815 7830 7822
f 7831 7832 7833
f 7833 7832 7834
f 7833 7834 7835
f 7835 7834 7836
f 7831 7833 7837
f 7837 7833 7838
f 7833 7835 7838
f 7838 7835 7839
f 7835 7836 7839
f 7839 7836 7840
f 7836 7834 7840
f 7840 7834 7841
f 7834 7832 7841
f 7841 7832 7842
f 7832 7831 7842
f 7842 7831 7837
f 7843 7844 7838
f 7838 7844 7845
f 7838 7845 7837
f 7837 7845 7846
f 7837 7846 7842
f 7842 7846 7847
f 7842 7847 7848
f 7842 7848 7841
f 7841 7848 7849
f 7841 7849 7840
f 7840 7849 7850
f 7840 7850 7851
f 7840 7851 7839
f 7839 7851 7843
f 7839 7843 7838
f 7843 7852 7844
f 7844 7852 7853
f 7844 7853 7854
f 7852 7843 7855
f 7855 7843 7851
f 7855 7851 7856
f 7856 7851 7850
f 7856 7850 7857
f 7857 7850 7849
f 7857 7849 7858
f 7858 7849 7848
f 7858 7848 7859
f 7859 7848 7847
f 7859 7847 7860
f 7860 7847 7846
f 7860 7846 7861
f 7861 7846 7845
f 7861 7845 7854
f 7854 7845 7844
f 7859 7862 7858
f 7858 7862 7863
f 7858 7863 7857
f 7857 7863 7864
f 7857 7864 7856
f 7856 7864 7865
f 7856 7865 7855
f 7855 7865 7866
f 7855 7866 7852
f 7852 7866 7867
f 7852 7867 7853
f 7853 7867 7868
f 7853 7868 7854
f 7854 7868 7869
f 7854 7869 7861
f 7861 7869 7870
f 7861 7870 7860
f 7860 7870 7871
f 7860 7871 7859
f 7859 7871 7862
f 7872 7873 7874
f 7874 7873 7875
f 7874 7875 7876
f 7876 7875 7877
f 7876 7877 7878
f 7878 7877 7879
f 7878 7879 7880
f 7864 7863 7881
f 7881 7863 7862
f 7881 7862 7882
f 7882 7862 7871
f 7882 7871 7883
f 7883 7871 7870
f 7883 7870 7884
f 7884 7870 7869
f 7884 7869 7885
f 7885 7869 7868
f 7885 7868 7886
f 7886 7868 7867
f 7886 7867 7887
f 7887 7867 7866
f 7887 7866 7888
f 7888 7866 7865
f 7888 7865 7889
f 7889 7865 7864
f 7889 7864 7881
f 7874 7881 7872
f 7872 7881 7882
f 7872 7882 7873
f 7873 7882 7883
f 7873 7883 7875
f 7875 7883 7884
f 7875 7884 7877
f 7877 7884 7885
f 7877 7885 7879
f 7879 7885 7886
f 7879 7886 7880
f 7880 7886 7887
f 7880 7887 7878
f 7878 7887 7888
f 7878 7888 7876
f 7876 7888 7889
f 7876 7889 7874
f 7874 7889 7881
f 7890 7891 7892
f 7892 7891 7893
f 7892 7893 7894
f 7894 7893 7895
f 7894 7895 7896
f 7896 7895 7897
f 7896 7897 7898
f 7898 7897 7899
f 7898 7899 7900
f 7900 7899 7901
f 7900 7901 7902
f 7902 7901 7903
f 7902 7903 7904
f 7904 7903 7905
f 7904 7905 7906
f 7906 7905 7907
f 7906 7907 7890
f 7890 7907 7891
f 7908 7909 7910
f 7910 7909 7911
f 7910 7911 7912
f 7912 7911 7913
f 7912 7913 7914
f 7914 7913 7915
f 7914 7915 7916
f 7916 7915 7917
f 7916 7917 7918
f 7918 7917 7919
f 7918 7919 7920
f 7920 7919 7921
f 7920 7921 7922
f 7922 7921 7923
f 7922 7923 7924
f 7924 7923 7925
f 7924 7925 7908
f 7908 7925 7909
f 7926 7927 7928
f 7928 7927 7929
f 7928 7929 7930
f 7930 7929 7931
f 7930 7931 7932
f 7932 7931 7933
f 7932 7933 7934
f 7934 7933 7935
f 7934 7935 7936
f 7936 7935 7937
f 7936 7937 7938
f 7938 7937 7939
f 7938 7939 7940
f 7940 7939 7941
f 7940 7941 7942
f 7942 7941 7943
f 7942 7943 7926
f 7926 7943 7927
f 7944 7945 7946
f 7946 7945 7947
f 7946 7947 7948
f 7948 7947 7949
f 7948 7949 7950
f 7950 7949 7951
f 7950 7951 7952
f 7952 7951 7953
f 7952 7953 7954
f 7954 7953 7955
f 7954 7955 7956
f 7956 7955 7957
f 7956 7957 7958
f 7958 7957 7959
f 7958 7959 7960
f 7960 7959 7961
f 7960 7961 7944
f 7944 7961 7945
f 7890 7892 7962
f 7962 7892 7894
f 7962 7894 7963
f 7963 7894 7896
f 7963 7896 7964
f 7964 7896 7965
f 7965 7896 7898
f 7965 7898 7966
f 7966 7898 7900
f 7966 7900 7902
f 7966 7902 7967
f 7967 7902 7904
f 7967 7904 7968
f 7968 7904 7906
f 7968 7906 7969
f 7969 7906 7970
f 7970 7906 7890
f 7970 7890 7962
f 7908 7910 7971
f 7971 7910 7912
f 7971 7912 7972
f 7972 7912 7914
f 7972 7914 7973
f 7973 7914 7974
f 7974 7914 7916
f 7974 7916 7975
f 7975 7916 7918
f 7975 7918 7920
f 7975 7920 7976
f 7976 7920 7922
f 7976 7922 7977
f 7977 7922 7924
f 7977 7924 7978
f 7978 7924 7979
f 7979 7924 7908
f 7979 7908 7971
f 7980 7937 7981
f 7981 7937 7935
f 7981 7935 7933
f 5069 7905 7980
f 7980 7905 7903
f 7980 7903 7901
f 5067 7945 5069
f 5069 7945 7909
f 5069 7909 7925
f 7981 7931 5067
f 5067 7931 7949
f 5067 7949 7947
f 7909 7945 7982
f 7982 7945 7961
f 7982 7961 7983
f 7983 7961 7959
f 7983 7959 7984
f 7984 7959 7985
f 7985 7959 7957
f 7985 7957 7986
f 7986 7957 7941
f 7986 7941 7987
f 7987 7941 7988
f 7988 7941 7939
f 7988 7939 7989
f 7989 7939 7937
f 7989 7937 7899
f 7899 7937 7980
f 7899 7980 7901
f 7941 7957 7943
f 7943 7957 7955
f 7943 7955 7927
f 7927 7955 7953
f 7927 7953 7929
f 7929 7953 7951
f 7929 7951 7931
f 7931 7951 7949
f 7947 7945 5067
f 7933 7931 7981
f 7925 7923 5069
f 5069 7923 7905
f 7923 7921 7905
f 7905 7921 7907
f 7907 7921 7919
f 7907 7919 7891
f 7891 7919 7917
f 7891 7917 7893
f 7893 7917 7915
f 7893 7915 7990
f 7990 7915 7991
f 7990 7991 7992
f 7991 7915 7993
f 7993 7915 7913
f 7993 7913 7994
f 7994 7913 7995
f 7995 7913 7911
f 7995 7911 7982
f 7982 7911 7909
f 7989 7899 7996
f 7996 7899 7897
f 7996 7897 7997
f 7997 7897 7895
f 7997 7895 7998
f 7998 7895 7999
f 7999 7895 7893
f 7999 7893 7990
f 7990 7992 7986
f 7986 7992 7985
f 7930 8000 7928
f 7928 8000 8001
f 7928 8001 8002
f 8000 7930 8003
f 8003 7930 7932
f 8003 7932 7934
f 8003 7934 8004
f 8004 7934 7936
f 8004 7936 8005
f 8005 7936 7938
f 8005 7938 8006
f 8006 7938 8007
f 8007 7938 7940
f 8007 7940 8008
f 8008 7940 7942
f 8008 7942 7926
f 8008 7926 8002
f 8002 7926 7928
f 7948 8009 7946
f 7946 8009 8010
f 7946 8010 7944
f 7944 8010 8011
f 7944 8011 8012
f 8009 7948 8013
f 8013 7948 7950
f 8013 7950 7952
f 8013 7952 8014
f 8014 7952 7954
f 8014 7954 8015
f 8015 7954 7956
f 8015 7956 8016
f 8016 7956 8017
f 8017 7956 7958
f 8017 7958 8012
f 8012 7958 7960
f 8012 7960 7944
f 8018 5037 7980
f 7980 5037 5069
f 5037 5029 5069
f 5069 5029 5067
f 5029 8019 5067
f 5067 8019 7981
f 8019 8018 7981
f 7981 8018 7980
f 8020 7962 8021
f 8021 7962 7963
f 8021 7963 8022
f 8022 7963 7964
f 8022 7964 8023
f 8023 7964 7965
f 8023 7965 8024
f 8024 7965 7966
f 8024 7966 8025
f 8025 7966 7967
f 8025 7967 8026
f 8026 7967 7968
f 8026 7968 8027
f 8027 7968 7969
f 8027 7969 8028
f 8028 7969 7970
f 8028 7970 8020
f 8020 7970 7962
f 7986 8029 7990
f 7990 8029 8030
f 7990 8030 7999
f 7999 8030 8031
f 7999 8031 7998
f 7998 8031 8032
f 7998 8032 7997
f 7997 8032 8033
f 7997 8033 7996
f 7996 8033 8034
f 7996 8034 7989
f 7989 8034 8035
f 7989 8035 7988
f 7988 8035 8036
f 7988 8036 7987
f 7987 8036 8037
f 7987 8037 7986
f 7986 8037 8029
f 8038 7971 4806
f 4806 7971 7972
f 4806 7972 8039
f 8039 7972 7973
f 8039 7973 8040
f 8040 7973 7974
f 8040 7974 8041
f 8041 7974 7975
f 8041 7975 8042
f 8042 7975 7976
f 8042 7976 8043
f 8043 7976 7977
f 8043 7977 8044
f 8044 7977 7978
f 8044 7978 8045
f 8045 7978 7979
f 8045 7979 8038
f 8038 7979 7971
f 7983 8046 7982
f 7982 8046 8047
f 7982 8047 7995
f 7995 8047 8048
f 7995 8048 7994
f 7994 8048 8049
f 7994 8049 7993
f 7993 8049 8050
f 7993 8050 7991
f 7991 8050 8051
f 7991 8051 7992
f 7992 8051 8052
f 7992 8052 7985
f 7985 8052 8053
f 7985 8053 7984
f 7984 8053 8054
f 7984 8054 7983
f 7983 8054 8046
f 8055 8001 8056
f 8056 8001 8000
f 8056 8000 8057
f 8057 8000 8003
f 8057 8003 8058
f 8058 8003 8004
f 8058 8004 8059
f 8059 8004 8005
f 8059 8005 8060
f 8060 8005 8006
f 8060 8006 8061
f 8061 8006 8007
f 8061 8007 8062
f 8062 8007 8008
f 8062 8008 8063
f 8063 8008 8002
f 8063 8002 8055
f 8055 8002 8001
f 8064 8010 4774
f 4774 8010 8009
f 4774 8009 8065
f 8065 8009 8013
f 8065 8013 8066
f 8066 8013 8014
f 8066 8014 8067
f 8067 8014 8015
f 8067 8015 8068
f 8068 8015 8016
f 8068 8016 8069
f 8069 8016 8017
f 8069 8017 8070
f 8070 8017 8012
f 8070 8012 8071
f 8071 8012 8011
f 8071 8011 8064
f 8064 8011 8010
f 5029 8058 8019
f 8019 8058 8059
f 8019 8059 8060
f 5037 8046 5029
f 5029 8046 8054
f 5029 8054 8064
f 8064 8054 8071
f 8071 8054 8053
f 8071 8053 8070
f 8070 8053 8052
f 8070 8052 8037
f 8037 8052 8051
f 8037 8051 8029
f 8029 8051 8050
f 8029 8050 8030
f 8030 8050 8022
f 8030 8022 8031
f 8031 8022 8023
f 8031 8023 8024
f 8018 8028 5037
f 5037 8028 8044
f 5037 8044 8045
f 8019 8034 8018
f 8018 8034 8033
f 8018 8033 8025
f 8025 8033 8024
f 8024 8033 8032
f 8024 8032 8031
f 8064 4774 5029
f 5029 4774 8065
f 5029 8065 8066
f 8066 8067 5029
f 5029 8067 8058
f 8058 8067 8057
f 8057 8067 8068
f 8057 8068 8056
f 8056 8068 8069
f 8056 8069 8055
f 8055 8069 8070
f 8055 8070 8037
f 8060 8061 8019
f 8019 8061 8034
f 8061 8062 8034
f 8034 8062 8035
f 8035 8062 8036
f 8036 8062 8063
f 8036 8063 8037
f 8037 8063 8055
f 8049 8041 8050
f 8050 8041 8042
f 8050 8042 8022
f 8022 8042 8021
f 8021 8042 8043
f 8021 8043 8020
f 8020 8043 8044
f 8020 8044 8028
f 8049 8048 8041
f 8041 8048 8040
f 8040 8048 8039
f 8039 8048 8047
f 8039 8047 8046
f 8039 8046 4806
f 4806 8046 5037
f 4806 5037 8038
f 8038 5037 8045
f 8025 8026 8018
f 8018 8026 8027
f 8018 8027 8028
f 8072 8073 8074
f 8074 8073 8075
f 8074 8075 8076
f 8076 8075 8077
f 8076 8077 8078
f 8079 8080 8072
f 8072 8080 8073
f 8081 8082 8083
f 8083 8082 8084
f 8083 8084 8085
f 8085 8084 8086
f 8085 8086 8087
f 8088 8089 8081
f 8081 8089 8082
f 8090 8091 8092
f 8092 8091 8093
f 8092 8093 8094
f 8094 8093 8095
f 8094 8095 8096
f 8097 8098 8090
f 8090 8098 8091
f 8099 8100 8101
f 8101 8100 8102
f 8101 8102 8103
f 8103 8102 8104
f 8103 8104 8105
f 8106 8107 8099
f 8099 8107 8100
f 8108 8109 8110
f 8110 8109 8111
f 8110 8111 8112
f 8112 8111 8113
f 8112 8113 8114
f 8114 8113 8115
f 8114 8115 8116
f 8116 8115 8117
f 8116 8117 8118
f 8118 8117 8119
f 8118 8119 8120
f 8120 8119 8121
f 8120 8121 8122
f 8122 8121 8123
f 8122 8123 8124
f 8124 8123 8125
f 8124 8125 8108
f 8108 8125 8109
f 8126 8127 8128
f 8128 8127 8129
f 8128 8129 8130
f 8130 8129 8131
f 8130 8131 8132
f 8132 8131 8133
f 8132 8133 8134
f 8134 8133 8135
f 8134 8135 8136
f 8136 8135 8137
f 8136 8137 8138
f 8138 8137 8139
f 8138 8139 8140
f 8140 8139 8141
f 8140 8141 8142
f 8142 8141 8143
f 8142 8143 8126
f 8126 8143 8127
f 8076 8144 8074
f 8074 8144 8145
f 8074 8145 8072
f 8072 8145 8146
f 8072 8146 8079
f 8079 8146 8147
f 8079 8147 8080
f 8080 8147 8148
f 8080 8148 8073
f 8073 8148 8149
f 8073 8149 8075
f 8075 8149 8150
f 8075 8150 8077
f 8077 8150 8151
f 8077 8151 8078
f 8078 8151 8152
f 8078 8152 8076
f 8076 8152 8144
f 8085 8153 8083
f 8083 8153 8154
f 8083 8154 8081
f 8081 8154 8155
f 8081 8155 8088
f 8088 8155 8156
f 8088 8156 8089
f 8089 8156 8157
f 8089 8157 8082
f 8082 8157 8158
f 8082 8158 8084
f 8084 8158 8159
f 8084 8159 8086
f 8086 8159 8160
f 8086 8160 8087
f 8087 8160 8161
f 8087 8161 8085
f 8085 8161 8153
f 8162 8131 8163
f 8163 8131 8129
f 8163 8129 8127
f 8164 8137 8162
f 8162 8137 8135
f 8162 8135 8133
f 8165 8123 8164
f 8164 8123 8121
f 8164 8121 8119
f 8163 8127 8165
f 8165 8127 8143
f 8165 8143 8111
f 8111 8143 8141
f 8111 8141 8113
f 8113 8141 8115
f 8115 8141 8139
f 8115 8139 8137
f 8111 8109 8165
f 8165 8109 8125
f 8165 8125 8123
f 8119 8117 8164
f 8164 8117 8137
f 8117 8115 8137
f 8133 8131 8162
f 8094 8166 8092
f 8092 8166 8167
f 8092 8167 8090
f 8090 8167 8168
f 8090 8168 8097
f 8097 8168 8169
f 8097 8169 8098
f 8098 8169 8170
f 8098 8170 8091
f 8091 8170 8171
f 8091 8171 8093
f 8093 8171 8172
f 8093 8172 8095
f 8095 8172 8173
f 8095 8173 8096
f 8096 8173 8174
f 8096 8174 8094
f 8094 8174 8166
f 8103 8175 8101
f 8101 8175 8176
f 8101 8176 8099
f 8099 8176 8177
f 8099 8177 8106
f 8106 8177 8178
f 8106 8178 8107
f 8107 8178 8179
f 8107 8179 8100
f 8100 8179 8180
f 8100 8180 8102
f 8102 8180 8181
f 8102 8181 8104
f 8104 8181 8182
f 8104 8182 8105
f 8105 8182 8183
f 8105 8183 8103
f 8103 8183 8175
f 8112 8184 8110
f 8110 8184 8185
f 8110 8185 8108
f 8108 8185 8186
f 8108 8186 8124
f 8124 8186 8187
f 8124 8187 8122
f 8122 8187 8188
f 8122 8188 8120
f 8120 8188 8189
f 8120 8189 8118
f 8118 8189 8190
f 8118 8190 8116
f 8116 8190 8191
f 8116 8191 8114
f 8114 8191 8192
f 8114 8192 8112
f 8112 8192 8184
f 8130 8193 8128
f 8128 8193 8194
f 8128 8194 8126
f 8126 8194 8195
f 8126 8195 8142
f 8142 8195 8196
f 8142 8196 8140
f 8140 8196 8197
f 8140 8197 8138
f 8138 8197 8198
f 8138 8198 8136
f 8136 8198 8199
f 8136 8199 8134
f 8134 8199 8200
f 8134 8200 8132
f 8132 8200 8201
f 8132 8201 8130
f 8130 8201 8193
f 8164 8162 7315
f 7315 8162 8018
f 8162 8148 8018
f 8018 8148 8147
f 8018 8147 8146
f 8163 8151 8162
f 8162 8151 8150
f 8162 8150 8149
f 8019 8153 8163
f 8163 8153 8161
f 8163 8161 8160
f 8018 8146 8019
f 8019 8146 8156
f 8019 8156 8155
f 8160 8159 8163
f 8163 8159 8151
f 8151 8159 8152
f 8152 8159 8158
f 8152 8158 8144
f 8144 8158 8157
f 8144 8157 8145
f 8145 8157 8156
f 8145 8156 8146
f 8155 8154 8019
f 8019 8154 8153
f 8149 8148 8162
f 8163 8165 8019
f 8019 8165 7316
f 8165 8179 7316
f 7316 8179 8178
f 7316 8178 8177
f 8164 8182 8165
f 8165 8182 8181
f 8165 8181 8180
f 7315 8166 8164
f 8164 8166 8174
f 8164 8174 8173
f 7316 8177 7315
f 7315 8177 8169
f 7315 8169 8168
f 8183 8171 8175
f 8175 8171 8170
f 8175 8170 8176
f 8176 8170 8169
f 8176 8169 8177
f 8171 8183 8172
f 8172 8183 8182
f 8172 8182 8164
f 8180 8179 8165
f 8173 8172 8164
f 8168 8167 7315
f 7315 8167 8166
f 8202 8189 8203
f 8203 8189 8188
f 8203 8188 8204
f 8204 8188 8187
f 8204 8187 8205
f 8205 8187 8186
f 8205 8186 8206
f 8206 8186 8185
f 8206 8185 8207
f 8207 8185 8184
f 8207 8184 8208
f 8208 8184 8192
f 8208 8192 8209
f 8209 8192 8191
f 8209 8191 8210
f 8210 8191 8190
f 8210 8190 8202
f 8202 8190 8189
f 8211 8198 8212
f 8212 8198 8197
f 8212 8197 8213
f 8213 8197 8196
f 8213 8196 8214
f 8214 8196 8195
f 8214 8195 8215
f 8215 8195 8194
f 8215 8194 8216
f 8216 8194 8193
f 8216 8193 8217
f 8217 8193 8201
f 8217 8201 8218
f 8218 8201 8200
f 8218 8200 8219
f 8219 8200 8199
f 8219 8199 8211
f 8211 8199 8198
f 7316 8216 8019
f 8019 8216 8217
f 8019 8217 8218
f 7315 8205 7316
f 7316 8205 8206
f 7316 8206 8207
f 8018 8213 7315
f 7315 8213 8202
f 7315 8202 8203
f 8019 8219 8018
f 8018 8219 8211
f 8018 8211 8212
f 8212 8213 8018
f 8202 8213 8210
f 8210 8213 8214
f 8210 8214 8209
f 8209 8214 8215
f 8209 8215 8216
f 8218 8219 8019
f 8203 8204 7315
f 7315 8204 8205
f 8207 8208 7316
f 7316 8208 8216
f 8208 8209 8216
f 8220 8221 8222
f 8222 8221 8223
f 8222 8223 8224
f 8224 8223 8225
f 8220 8222 8226
f 8226 8222 8227
f 8222 8224 8227
f 8227 8224 8228
f 8224 8225 8228
f 8228 8225 8229
f 8225 8223 8229
f 8229 8223 8230
f 8223 8221 8230
f 8230 8221 8231
f 8221 8220 8231
f 8231 8220 8226
f 8232 8233 8227
f 8227 8233 8234
f 8227 8234 8226
f 8226 8234 8235
f 8226 8235 8236
f 8226 8236 8231
f 8231 8236 8237
f 8231 8237 8238
f 8231 8238 8230
f 8230 8238 8239
f 8230 8239 8240
f 8230 8240 8229
f 8229 8240 8241
f 8229 8241 8242
f 8229 8242 8228
f 8228 8242 8243
f 8228 8243 8232
f 8228 8232 8227
f 8232 8244 8233
f 8233 8244 8245
f 8233 8245 8234
f 8234 8245 8246
f 8234 8246 8235
f 8235 8246 8247
f 8235 8247 8236
f 8236 8247 8248
f 8236 8248 8237
f 8237 8248 8249
f 8237 8249 8238
f 8238 8249 8250
f 8238 8250 8239
f 8239 8250 8251
f 8239 8251 8252
f 8244 8232 8253
f 8253 8232 8243
f 8253 8243 8254
f 8254 8243 8242
f 8254 8242 8255
f 8255 8242 8241
f 8255 8241 8256
f 8256 8241 8240
f 8256 8240 8252
f 8252 8240 8239
f 8250 8257 8251
f 8251 8257 8258
f 8251 8258 8252
f 8252 8258 8259
f 8252 8259 8260
f 8250 8249 8257
f 8257 8249 8261
f 8261 8249 8248
f 8261 8248 8262
f 8262 8248 8247
f 8262 8247 8263
f 8263 8247 8246
f 8263 8246 8264
f 8264 8246 8245
f 8264 8245 8265
f 8265 8245 8244
f 8265 8244 8266
f 8266 8244 8253
f 8266 8253 8267
f 8267 8253 8254
f 8267 8254 8268
f 8268 8254 8255
f 8268 8255 8269
f 8269 8255 8256
f 8269 8256 8260
f 8260 8256 8252
f 8270 8271 8272
f 8272 8271 8273
f 8272 8273 8274
f 8274 8273 8275
f 8274 8275 8276
f 8276 8275 8277
f 8276 8277 8278
f 8259 8258 8279
f 8279 8258 8257
f 8279 8257 8280
f 8280 8257 8261
f 8280 8261 8281
f 8281 8261 8262
f 8281 8262 8263
f 8281 8263 8282
f 8282 8263 8264
f 8282 8264 8283
f 8283 8264 8265
f 8283 8265 8284
f 8284 8265 8266
f 8284 8266 8267
f 8284 8267 8285
f 8285 8267 8268
f 8285 8268 8286
f 8286 8268 8269
f 8286 8269 8260
f 8286 8260 8287
f 8287 8260 8259
f 8287 8259 8279
f 8272 8279 8270
f 8270 8279 8280
f 8270 8280 8271
f 8271 8280 8281
f 8271 8281 8273
f 8273 8281 8282
f 8273 8282 8275
f 8275 8282 8283
f 8275 8283 8277
f 8277 8283 8284
f 8277 8284 8278
f 8278 8284 8285
f 8278 8285 8276
f 8276 8285 8286
f 8276 8286 8274
f 8274 8286 8287
f 8274 8287 8272
f 8272 8287 8279
f 8288 8289 8290
f 8290 8289 8291
f 8290 8291 8292
f 8292 8291 8293
f 8288 8290 8294
f 8294 8290 8295
f 8290 8292 8295
f 8295 8292 8296
f 8292 8293 8296
f 8296 8293 8297
f 8293 8291 8297
f 8297 8291 8298
f 8291 8289 8298
f 8298 8289 8299
f 8289 8288 8299
f 8299 8288 8294
f 8300 8301 8295
f 8295 8301 8302
f 8295 8302 8294
f 8294 8302 8303
f 8294 8303 8299
f 8299 8303 8304
f 8299 8304 8305
f 8299 8305 8298
f 8298 8305 8306
f 8298 8306 8297
f 8297 8306 8307
f 8297 8307 8308
f 8297 8308 8296
f 8296 8308 8300
f 8296 8300 8295
f 8300 8309 8301
f 8301 8309 8310
f 8301 8310 8311
f 8309 8300 8312
f 8312 8300 8308
f 8312 8308 8313
f 8313 8308 8307
f 8313 8307 8314
f 8314 8307 8306
f 8314 8306 8315
f 8315 8306 8305
f 8315 8305 8316
f 8316 8305 8304
f 8316 8304 8317
f 8317 8304 8303
f 8317 8303 8318
f 8318 8303 8302
f 8318 8302 8311
f 8311 8302 8301
f 8316 8319 8315
f 8315 8319 8320
f 8315 8320 8314
f 8314 8320 8321
f 8314 8321 8313
f 8313 8321 8322
f 8313 8322 8312
f 8312 8322 8323
f 8312 8323 8309
f 8309 8323 8324
f 8309 8324 8310
f 8310 8324 8325
f 8310 8325 8311
f 8311 8325 8326
f 8311 8326 8318
f 8318 8326 8327
f 8318 8327 8317
f 8317 8327 8328
f 8317 8328 8316
f 8316 8328 8319
f 8329 8330 8331
f 8331 8330 8332
f 8331 8332 8333
f 8333 8332 8334
f 8333 8334 8335
f 8335 8334 8336
f 8335 8336 8337
f 8321 8320 8338
f 8338 8320 8319
f 8338 8319 8339
f 8339 8319 8328
f 8339 8328 8340
f 8340 8328 8327
f 8340 8327 8341
f 8341 8327 8326
f 8341 8326 8342
f 8342 8326 8325
f 8342 8325 8343
f 8343 8325 8324
f 8343 8324 8344
f 8344 8324 8323
f 8344 8323 8345
f 8345 8323 8322
f 8345 8322 8346
f 8346 8322 8321
f 8346 8321 8338
f 8331 8338 8329
f 8329 8338 8339
f 8329 8339 8330
f 8330 8339 8340
f 8330 8340 8332
f 8332 8340 8341
f 8332 8341 8334
f 8334 8341 8342
f 8334 8342 8336
f 8336 8342 8343
f 8336 8343 8337
f 8337 8343 8344
f 8337 8344 8335
f 8335 8344 8345
f 8335 8345 8333
f 8333 8345 8346
f 8333 8346 8331
f 8331 8346 8338
f 8347 8348 8349
f 8349 8348 8350
f 8349 8350 8351
f 8351 8350 8352
f 8347 8349 8353
f 8353 8349 8354
f 8349 8351 8354
f 8354 8351 8355
f 8351 8352 8355
f 8355 8352 8356
f 8352 8350 8356
f 8356 8350 8357
f 8350 8348 8357
f 8357 8348 8358
f 8348 8347 8358
f 8358 8347 8353
f 8359 8360 8354
f 8354 8360 8361
f 8354 8361 8353
f 8353 8361 8362
f 8353 8362 8358
f 8358 8362 8363
f 8358 8363 8364
f 8358 8364 8357
f 8357 8364 8365
f 8357 8365 8356
f 8356 8365 8366
f 8356 8366 8367
f 8356 8367 8355
f 8355 8367 8359
f 8355 8359 8354
f 8359 8368 8360
f 8360 8368 8369
f 8360 8369 8370
f 8368 8359 8371
f 8371 8359 8367
f 8371 8367 8372
f 8372 8367 8366
f 8372 8366 8373
f 8373 8366 8365
f 8373 8365 8374
f 8374 8365 8364
f 8374 8364 8375
f 8375 8364 8363
f 8375 8363 8376
f 8376 8363 8362
f 8376 8362 8377
f 8377 8362 8361
f 8377 8361 8370
f 8370 8361 8360
f 8375 8378 8374
f 8374 8378 8379
f 8374 8379 8373
f 8373 8379 8380
f 8373 8380 8372
f 8372 8380 8381
f 8372 8381 8371
f 8371 8381 8382
f 8371 8382 8368
f 8368 8382 8383
f 8368 8383 8369
f 8369 8383 8384
f 8369 8384 8370
f 8370 8384 8385
f 8370 8385 8377
f 8377 8385 8386
f 8377 8386 8376
f 8376 8386 8387
f 8376 8387 8375
f 8375 8387 8378
f 8388 8389 8390
f 8390 8389 8391
f 8390 8391 8392
f 8392 8391 8393
f 8392 8393 8394
f 8394 8393 8395
f 8394 8395 8396
f 8380 8379 8397
f 8397 8379 8378
f 8397 8378 8398
f 8398 8378 8387
f 8398 8387 8399
f 8399 8387 8386
f 8399 8386 8400
f 8400 8386 8385
f 8400 8385 8401
f 8401 8385 8384
f 8401 8384 8402
f 8402 8384 8383
f 8402 8383 8403
f 8403 8383 8382
f 8403 8382 8404
f 8404 8382 8381
f 8404 8381 8405
f 8405 8381 8380
f 8405 8380 8397
f 8390 8397 8388
f 8388 8397 8398
f 8388 8398 8389
f 8389 8398 8399
f 8389 8399 8391
f 8391 8399 8400
f 8391 8400 8393
f 8393 8400 8401
f 8393 8401 8395
f 8395 8401 8402
f 8395 8402 8396
f 8396 8402 8403
f 8396 8403 8394
f 8394 8403 8404
f 8394 8404 8392
f 8392 8404 8405
f 8392 8405 8390
f 8390 8405 8397
f 8406 8407 8408
f 8408 8407 8409
f 8408 8409 8410
f 8410 8409 8411
f 8406 8408 8412
f 8412 8408 8413
f 8408 8410 8413
f 8413 8410 8414
f 8410 8411 8414
f 8414 8411 8415
f 8411 8409 8415
f 8415 8409 8416
f 8409 8407 8416
f 8416 8407 8417
f 8407 8406 8417
f 8417 8406 8412
f 8418 8419 8413
f 8413 8419 8420
f 8413 8420 8412
f 8412 8420 8421
f 8412 8421 8422
f 8412 8422 8417
f 8417 8422 8423
f 8417 8423 8424
f 8417 8424 8416
f 8416 8424 8425
f 8416 8425 8426
f 8416 8426 8415
f 8415 8426 8427
f 8415 8427 8428
f 8415 8428 8414
f 8414 8428 8429
f 8414 8429 8418
f 8414 8418 8413
f 8418 8430 8419
f 8419 8430 8431
f 8419 8431 8420
f 8420 8431 8432
f 8420 8432 8421
f 8421 8432 8433
f 8421 8433 8422
f 8422 8433 8434
f 8422 8434 8423
f 8423 8434 8435
f 8423 8435 8424
f 8424 8435 8436
f 8424 8436 8425
f 8425 8436 8437
f 8425 8437 8438
f 8430 8418 8439
f 8439 8418 8429
f 8439 8429 8440
f 8440 8429 8428
f 8440 8428 8441
f 8441 8428 8427
f 8441 8427 8442
f 8442 8427 8426
f 8442 8426 8438
f 8438 8426 8425
f 8436 8443 8437
f 8437 8443 8444
f 8437 8444 8438
f 8438 8444 8445
f 8438 8445 8446
f 8436 8435 8443
f 8443 8435 8447
f 8447 8435 8434
f 8447 8434 8448
f 8448 8434 8433
f 8448 8433 8449
f 8449 8433 8432
f 8449 8432 8450
f 8450 8432 8431
f 8450 8431 8451
f 8451 8431 8430
f 8451 8430 8452
f 8452 8430 8439
f 8452 8439 8453
f 8453 8439 8440
f 8453 8440 8454
f 8454 8440 8441
f 8454 8441 8455
f 8455 8441 8442
f 8455 8442 8446
f 8446 8442 8438
f 8456 8457 8458
f 8458 8457 8459
f 8458 8459 8460
f 8460 8459 8461
f 8460 8461 8462
f 8462 8461 8463
f 8462 8463 8464
f 8445 8444 8465
f 8465 8444 8443
f 8465 8443 8466
f 8466 8443 8447
f 8466 8447 8467
f 8467 8447 8448
f 8467 8448 8449
f 8467 8449 8468
f 8468 8449 8450
f 8468 8450 8469
f 8469 8450 8451
f 8469 8451 8470
f 8470 8451 8452
f 8470 8452 8453
f 8470 8453 8471
f 8471 8453 8454
f 8471 8454 8472
f 8472 8454 8455
f 8472 8455 8446
f 8472 8446 8473
f 8473 8446 8445
f 8473 8445 8465
f 8458 8465 8456
f 8456 8465 8466
f 8456 8466 8457
f 8457 8466 8467
f 8457 8467 8459
f 8459 8467 8468
f 8459 8468 8461
f 8461 8468 8469
f 8461 8469 8463
f 8463 8469 8470
f 8463 8470 8464
f 8464 8470 8471
f 8464 8471 8462
f 8462 8471 8472
f 8462 8472 8460
f 8460 8472 8473
f 8460 8473 8458
f 8458 8473 8465
f 8474 8475 8476
f 8476 8475 8477
f 8476 8477 8478
f 8478 8477 8479
f 8474 8476 8480
f 8480 8476 8481
f 8476 8478 8481
f 8481 8478 8482
f 8478 8479 8482
f 8482 8479 8483
f 8479 8477 8483
f 8483 8477 8484
f 8477 8475 8484
f 8484 8475 8485
f 8475 8474 8485
f 8485 8474 8480
f 8486 8487 8481
f 8481 8487 8488
f 8481 8488 8480
f 8480 8488 8489
f 8480 8489 8485
f 8485 8489 8490
f 8485 8490 8491
f 8485 8491 8484
f 8484 8491 8492
f 8484 8492 8483
f 8483 8492 8493
f 8483 8493 8494
f 8483 8494 8482
f 8482 8494 8486
f 8482 8486 8481
f 8486 8495 8487
f 8487 8495 8496
f 8487 8496 8497
f 8495 8486 8498
f 8498 8486 8494
f 8498 8494 8499
f 8499 8494 8493
f 8499 8493 8500
f 8500 8493 8492
f 8500 8492 8501
f 8501 8492 8491
f 8501 8491 8502
f 8502 8491 8490
f 8502 8490 8503
f 8503 8490 8489
f 8503 8489 8504
f 8504 8489 8488
f 8504 8488 8497
f 8497 8488 8487
f 8502 8505 8501
f 8501 8505 8506
f 8501 8506 8500
f 8500 8506 8507
f 8500 8507 8499
f 8499 8507 8508
f 8499 8508 8498
f 8498 8508 8509
f 8498 8509 8495
f 8495 8509 8510
f 8495 8510 8496
f 8496 8510 8511
f 8496 8511 8497
f 8497 8511 8512
f 8497 8512 8504
f 8504 8512 8513
f 8504 8513 8503
f 8503 8513 8514
f 8503 8514 8502
f 8502 8514 8505
f 8515 8516 8517
f 8517 8516 8518
f 8517 8518 8519
f 8519 8518 8520
f 8519 8520 8521
f 8521 8520 8522
f 8521 8522 8523
f 8507 8506 8524
f 8524 8506 8505
f 8524 8505 8525
f 8525 8505 8514
f 8525 8514 8526
f 8526 8514 8513
f 8526 8513 8527
f 8527 8513 8512
f 8527 8512 8528
f 8528 8512 8511
f 8528 8511 8529
f 8529 8511 8510
f 8529 8510 8530
f 8530 8510 8509
f 8530 8509 8531
f 8531 8509 8508
f 8531 8508 8532
f 8532 8508 8507
f 8532 8507 8524
f 8517 8524 8515
f 8515 8524 8525
f 8515 8525 8516
f 8516 8525 8526
f 8516 8526 8518
f 8518 8526 8527
f 8518 8527 8520
f 8520 8527 8528
f 8520 8528 8522
f 8522 8528 8529
f 8522 8529 8523
f 8523 8529 8530
f 8523 8530 8521
f 8521 8530 8531
f 8521 8531 8519
f 8519 8531 8532
f 8519 8532 8517
f 8517 8532 8524
f 8533 8534 8535
f 8535 8534 8536
f 8535 8536 8537
f 8537 8536 8538
f 8533 8535 8539
f 8539 8535 8540
f 8535 8537 8540
f 8540 8537 8541
f 8537 8538 8541
f 8541 8538 8542
f 8538 8536 8542
f 8542 8536 8543
f 8536 8534 8543
f 8543 8534 8544
f 8534 8533 8544
f 8544 8533 8539
f 8545 8546 8540
f 8540 8546 8547
f 8540 8547 8539
f 8539 8547 8548
f 8539 8548 8549
f 8539 8549 8544
f 8544 8549 8550
f 8544 8550 8551
f 8544 8551 8543
f 8543 8551 8552
f 8543 8552 8542
f 8542 8552 8553
f 8542 8553 8554
f 8542 8554 8541
f 8541 8554 8555
f 8541 8555 8545
f 8541 8545 8540
f 8545 8556 8546
f 8546 8556 8557
f 8546 8557 8558
f 8556 8545 8559
f 8559 8545 8555
f 8559 8555 8560
f 8560 8555 8554
f 8560 8554 8561
f 8561 8554 8553
f 8561 8553 8562
f 8562 8553 8552
f 8562 8552 8563
f 8563 8552 8551
f 8563 8551 8564
f 8564 8551 8550
f 8564 8550 8565
f 8565 8550 8549
f 8565 8549 8566
f 8566 8549 8548
f 8566 8548 8567
f 8567 8548 8547
f 8567 8547 8558
f 8558 8547 8546
f 8564 8568 8563
f 8563 8568 8569
f 8563 8569 8562
f 8562 8569 8570
f 8562 8570 8561
f 8561 8570 8571
f 8561 8571 8560
f 8560 8571 8572
f 8560 8572 8559
f 8559 8572 8573
f 8559 8573 8556
f 8556 8573 8557
f 8557 8573 8574
f 8557 8574 8558
f 8558 8574 8575
f 8558 8575 8576
f 8568 8564 8577
f 8577 8564 8565
f 8577 8565 8578
f 8578 8565 8566
f 8578 8566 8579
f 8579 8566 8567
f 8579 8567 8576
f 8576 8567 8558
f 8580 8581 8582
f 8582 8581 8583
f 8582 8583 8584
f 8584 8583 8585
f 8584 8585 8586
f 8586 8585 8587
f 8586 8587 8588
f 8569 8568 8589
f 8589 8568 8577
f 8589 8577 8590
f 8590 8577 8578
f 8590 8578 8591
f 8591 8578 8579
f 8591 8579 8592
f 8592 8579 8576
f 8592 8576 8575
f 8592 8575 8593
f 8593 8575 8574
f 8593 8574 8594
f 8594 8574 8573
f 8594 8573 8595
f 8595 8573 8572
f 8595 8572 8571
f 8595 8571 8596
f 8596 8571 8570
f 8596 8570 8597
f 8597 8570 8569
f 8597 8569 8589
f 8582 8589 8580
f 8580 8589 8590
f 8580 8590 8581
f 8581 8590 8591
f 8581 8591 8583
f 8583 8591 8592
f 8583 8592 8585
f 8585 8592 8593
f 8585 8593 8587
f 8587 8593 8594
f 8587 8594 8588
f 8588 8594 8595
f 8588 8595 8586
f 8586 8595 8596
f 8586 8596 8584
f 8584 8596 8597
f 8584 8597 8582
f 8582 8597 8589
f 8598 8599 8600
f 8600 8599 8601
f 8600 8601 8602
f 8602 8601 8603
f 8604 8603 8605
f 8605 8603 8601
f 8605 8601 8606
f 8606 8601 8607
f 8607 8601 8608
f 8608 8601 8599
f 8608 8599 8609
f 8609 8599 8610
f 8611 8612 8600
f 8600 8612 8613
f 8600 8613 8598
f 8598 8613 8614
f 8611 8600 8615
f 8615 8600 8602
f 8615 8602 8616
f 8616 8602 8617
f 8604 8618 8603
f 8603 8618 8619
f 8603 8619 8602
f 8602 8619 8617
f 8614 8620 8598
f 8598 8620 8621
f 8598 8621 8599
f 8599 8621 8610
f 8622 8623 8624
f 8624 8623 8625
f 8624 8625 8626
f 8626 8625 8627
f 8626 8627 8628
f 8628 8627 8629
f 8628 8629 8630
f 8628 8630 8631
f 8631 8630 8632
f 8631 8632 8633
f 8633 8632 8634
f 8633 8634 8635
f 8635 8634 8636
f 8635 8636 8637
f 8635 8637 8638
f 8638 8637 8639
f 8638 8639 8640
f 8640 8639 8641
f 8640 8641 8642
f 8642 8641 8643
f 8642 8643 8621
f 8608 8643 8644
f 8608 8644 8624
f 8624 8644 8622
f 8639 8645 8641
f 8641 8645 8646
f 8641 8646 8647
f 8647 8646 8648
f 8647 8648 8644
f 8644 8648 8622
f 8649 8618 8650
f 8650 8606 8626
f 8650 8626 8628
f 8626 8606 8624
f 8624 8606 8607
f 8624 8607 8608
f 8642 8613 8640
f 8640 8613 8612
f 8640 8612 8635
f 8635 8612 8611
f 8635 8611 8615
f 8635 8615 8633
f 8633 8615 8616
f 8633 8616 8649
f 8638 8640 8635
f 8643 8641 8647
f 8649 8650 8628
f 8643 8647 8644
f 8628 8631 8649
f 8649 8631 8633
f 8622 8651 8623
f 8623 8651 8652
f 8623 8652 8625
f 8625 8652 8653
f 8625 8653 8627
f 8627 8653 8654
f 8627 8654 8629
f 8629 8654 8655
f 8629 8655 8630
f 8630 8655 8656
f 8630 8656 8632
f 8632 8656 8657
f 8632 8657 8634
f 8634 8657 8658
f 8634 8658 8636
f 8636 8658 8659
f 8636 8659 8637
f 8637 8659 8660
f 8637 8660 8639
f 8639 8660 8661
f 8639 8661 8645
f 8645 8661 8662
f 8645 8662 8646
f 8646 8662 8663
f 8646 8663 8648
f 8648 8663 8664
f 8648 8664 8622
f 8622 8664 8651
f 8665 8666 8667
f 8667 8666 8668
f 8667 8668 8669
f 8669 8668 8670
f 8669 8670 8671
f 8671 8670 8672
f 8673 8674 8665
f 8665 8674 8666
f 8653 8652 8675
f 8675 8652 8651
f 8675 8651 8676
f 8676 8651 8664
f 8676 8664 8677
f 8677 8664 8663
f 8677 8663 8662
f 8677 8662 8678
f 8678 8662 8661
f 8678 8661 8679
f 8679 8661 8660
f 8679 8660 8680
f 8680 8660 8659
f 8680 8659 8658
f 8680 8658 8681
f 8681 8658 8657
f 8681 8657 8682
f 8682 8657 8656
f 8682 8656 8655
f 8682 8655 8683
f 8683 8655 8654
f 8683 8654 8684
f 8684 8654 8653
f 8684 8653 8675
f 8669 8684 8667
f 8667 8684 8675
f 8667 8675 8665
f 8665 8675 8676
f 8665 8676 8673
f 8673 8676 8677
f 8673 8677 8674
f 8674 8677 8678
f 8674 8678 8666
f 8666 8678 8679
f 8666 8679 8668
f 8668 8679 8680
f 8668 8680 8670
f 8670 8680 8681
f 8670 8681 8672
f 8672 8681 8682
f 8672 8682 8671
f 8671 8682 8683
f 8671 8683 8669
f 8669 8683 8684
f 8685 8686 8687
f 8687 8686 8688
f 8687 8688 8689
f 8689 8688 8690
f 8690 8688 8691
f 8690 8691 8692
f 8692 8691 8693
f 8692 8693 8694
f 8694 8693 8695
f 8694 8695 8696
f 8696 8695 8697
f 8696 8697 8698
f 8698 8697 8699
f 8698 8699 8700
f 8700 8699 8701
f 8700 8701 8702
f 8702 8701 8703
f 8702 8703 8704
f 8704 8703 8705
f 8704 8705 8706
f 8706 8705 8707
f 8706 8707 8708
f 8706 8709 8685
f 8685 8709 8710
f 8685 8710 8711
f 8687 8712 8704
f 8704 8712 8713
f 8704 8713 8714
f 8715 8716 8717
f 8717 8716 8718
f 8717 8718 8719
f 8719 8718 8720
f 8719 8720 8721
f 8721 8720 8722
f 8721 8722 8723
f 8723 8722 8693
f 8723 8693 8691
f 8724 8685 8715
f 8715 8685 8711
f 8715 8711 8716
f 8724 8725 8685
f 8685 8725 8726
f 8685 8726 8727
f 8726 8725 8719
f 8719 8725 8717
f 8728 8729 8730
f 8730 8729 8731
f 8730 8731 8732
f 8732 8731 8733
f 8732 8733 8734
f 8734 8733 8735
f 8734 8735 8736
f 8736 8735 8701
f 8736 8701 8699
f 8709 8706 8728
f 8728 8706 8737
f 8728 8737 8729
f 8709 8738 8710
f 8710 8738 8739
f 8739 8738 8740
f 8739 8740 8741
f 8741 8740 8742
f 8741 8742 8743
f 8743 8742 8744
f 8743 8744 8745
f 8745 8744 8697
f 8745 8697 8695
f 8740 8738 8732
f 8732 8738 8730
f 8739 8741 8716
f 8716 8741 8718
f 8722 8720 8745
f 8745 8720 8743
f 8731 8729 8708
f 8708 8729 8746
f 8708 8746 8706
f 8706 8746 8747
f 8706 8747 8737
f 8735 8733 8705
f 8705 8733 8707
f 8734 8736 8742
f 8742 8736 8744
f 8694 8748 8749
f 8749 8748 8750
f 8749 8750 8751
f 8751 8750 8752
f 8751 8752 8753
f 8753 8752 8687
f 8753 8687 8754
f 8754 8687 8755
f 8754 8755 8756
f 8692 8757 8690
f 8690 8757 8758
f 8758 8757 8759
f 8758 8759 8760
f 8760 8759 8761
f 8760 8761 8687
f 8687 8761 8762
f 8687 8762 8763
f 8763 8762 8764
f 8763 8764 8765
f 8765 8764 8757
f 8765 8757 8756
f 8756 8757 8749
f 8756 8749 8766
f 8766 8749 8751
f 8702 8704 8767
f 8767 8704 8768
f 8767 8768 8769
f 8700 8770 8698
f 8698 8770 8771
f 8771 8770 8769
f 8771 8769 8772
f 8770 8767 8769
f 8721 8723 8727
f 8727 8723 8686
f 8727 8686 8685
f 8764 8759 8757
f 8766 8754 8756
f 8704 8714 8773
f 8773 8714 8774
f 8773 8774 8775
f 8775 8774 8748
f 8775 8748 8771
f 8774 8776 8748
f 8748 8776 8777
f 8748 8777 8750
f 8776 8713 8777
f 8777 8713 8712
f 8768 8704 8778
f 8778 8704 8779
f 8778 8779 8780
f 8771 8772 8780
f 8780 8772 8778
f 8773 8779 8704
f 8780 8775 8771
f 8752 8712 8687
f 8763 8755 8687
f 8689 8760 8687
f 8696 8748 8694
f 8781 8782 8687
f 8687 8782 8685
f 8782 8783 8685
f 8685 8783 8706
f 8783 8784 8706
f 8706 8784 8704
f 8784 8781 8704
f 8704 8781 8687
f 8782 8781 8783
f 8783 8781 8784
f 8715 8717 8785
f 8785 8717 8786
f 8717 8725 8786
f 8786 8725 8787
f 8725 8724 8787
f 8787 8724 8788
f 8724 8715 8788
f 8788 8715 8785
f 8785 8786 8788
f 8788 8786 8787
f 8710 8739 8789
f 8789 8739 8790
f 8739 8716 8790
f 8790 8716 8791
f 8716 8711 8791
f 8791 8711 8792
f 8711 8710 8792
f 8792 8710 8789
f 8789 8790 8792
f 8792 8790 8791
f 8728 8730 8793
f 8793 8730 8794
f 8730 8738 8794
f 8794 8738 8795
f 8738 8709 8795
f 8795 8709 8796
f 8709 8728 8796
f 8796 8728 8793
f 8793 8794 8796
f 8796 8794 8795
f 8747 8746 8797
f 8797 8746 8798
f 8746 8729 8798
f 8798 8729 8799
f 8729 8737 8799
f 8799 8737 8800
f 8737 8747 8800
f 8800 8747 8797
f 8797 8798 8800
f 8800 8798 8799
f 8741 8743 8801
f 8801 8743 8802
f 8743 8720 8802
f 8802 8720 8803
f 8720 8718 8803
f 8803 8718 8804
f 8718 8741 8804
f 8804 8741 8801
f 8801 8802 8804
f 8804 8802 8803
f 8732 8734 8805
f 8805 8734 8806
f 8734 8742 8806
f 8806 8742 8807
f 8742 8740 8807
f 8807 8740 8808
f 8740 8732 8808
f 8808 8732 8805
f 8805 8806 8808
f 8808 8806 8807
f 8708 8707 8809
f 8809 8707 8810
f 8707 8733 8810
f 8810 8733 8811
f 8733 8731 8811
f 8811 8731 8812
f 8731 8708 8812
f 8812 8708 8809
f 8809 8810 8812
f 8812 8810 8811
f 8745 8695 8813
f 8813 8695 8814
f 8695 8693 8814
f 8814 8693 8815
f 8693 8722 8815
f 8815 8722 8816
f 8722 8745 8816
f 8816 8745 8813
f 8813 8814 8816
f 8816 8814 8815
f 8736 8699 8817
f 8817 8699 8818
f 8699 8697 8818
f 8818 8697 8819
f 8697 8744 8819
f 8819 8744 8820
f 8744 8736 8820
f 8820 8736 8817
f 8817 8818 8820
f 8820 8818 8819
f 8705 8703 8821
f 8821 8703 8822
f 8703 8701 8822
f 8822 8701 8823
f 8701 8735 8823
f 8823 8735 8824
f 8735 8705 8824
f 8824 8705 8821
f 8821 8822 8824
f 8824 8822 8823
f 8694 8749 8825
f 8825 8749 8826
f 8749 8757 8826
f 8826 8757 8827
f 8757 8692 8827
f 8827 8692 8828
f 8692 8694 8828
f 8828 8694 8825
f 8825 8826 8828
f 8828 8826 8827
f 8698 8771 8829
f 8829 8771 8830
f 8771 8748 8830
f 8830 8748 8831
f 8748 8696 8831
f 8831 8696 8832
f 8696 8698 8832
f 8832 8698 8829
f 8829 8830 8832
f 8832 8830 8831
f 8702 8767 8833
f 8833 8767 8834
f 8767 8770 8834
f 8834 8770 8835
f 8770 8700 8835
f 8835 8700 8836
f 8700 8702 8836
f 8836 8702 8833
f 8833 8834 8836
f 8836 8834 8835
f 8719 8721 8837
f 8837 8721 8838
f 8721 8727 8838
f 8838 8727 8839
f 8727 8726 8839
f 8839 8726 8840
f 8726 8719 8840
f 8840 8719 8837
f 8837 8838 8840
f 8840 8838 8839
f 8723 8691 8841
f 8841 8691 8842
f 8691 8688 8842
f 8842 8688 8843
f 8688 8686 8843
f 8843 8686 8844
f 8686 8723 8844
f 8844 8723 8841
f 8841 8842 8844
f 8844 8842 8843
f 8690 8758 8845
f 8845 8758 8846
f 8758 8760 8846
f 8846 8760 8847
f 8760 8689 8847
f 8847 8689 8848
f 8689 8690 8848
f 8848 8690 8845
f 8845 8846 8848
f 8848 8846 8847
f 8761 8759 8849
f 8849 8759 8850
f 8759 8764 8850
f 8850 8764 8851
f 8764 8762 8851
f 8851 8762 8852
f 8762 8761 8852
f 8852 8761 8849
f 8849 8850 8852
f 8852 8850 8851
f 8755 8763 8853
f 8853 8763 8854
f 8763 8765 8854
f 8854 8765 8855
f 8765 8756 8855
f 8855 8756 8856
f 8756 8755 8856
f 8856 8755 8853
f 8854 8855 8853
f 8853 8855 8856
f 8753 8754 8857
f 8857 8754 8858
f 8754 8766 8858
f 8858 8766 8859
f 8766 8751 8859
f 8859 8751 8860
f 8751 8753 8860
f 8860 8753 8857
f 8858 8859 8857
f 8857 8859 8860
f 8712 8752 8861
f 8861 8752 8862
f 8752 8750 8862
f 8862 8750 8863
f 8750 8777 8863
f 8863 8777 8864
f 8777 8712 8864
f 8864 8712 8861
f 8862 8863 8861
f 8861 8863 8864
f 8714 8713 8865
f 8865 8713 8866
f 8713 8776 8866
f 8866 8776 8867
f 8776 8774 8867
f 8867 8774 8868
f 8774 8714 8868
f 8868 8714 8865
f 8866 8867 8865
f 8865 8867 8868
f 8779 8773 8869
f 8869 8773 8870
f 8773 8775 8870
f 8870 8775 8871
f 8775 8780 8871
f 8871 8780 8872
f 8780 8779 8872
f 8872 8779 8869
f 8870 8871 8869
f 8869 8871 8872
f 8768 8778 8873
f 8873 8778 8874
f 8778 8772 8874
f 8874 8772 8875
f 8772 8769 8875
f 8875 8769 8876
f 8769 8768 8876
f 8876 8768 8873
f 8874 8875 8873
f 8873 8875 8876
f 8877 8878 8879
f 8879 8878 8880
f 8879 8880 8881
f 8881 8880 8882
f 8881 8882 8883
f 8883 8882 8884
f 8883 8884 8885
f 8885 8884 8886
f 8885 8886 8887
f 8887 8886 8888
f 8887 8888 8889
f 8889 8888 8890
f 8889 8890 8891
f 8891 8890 8892
f 8891 8892 8893
f 8893 8892 8894
f 8893 8894 8877
f 8877 8894 8878
f 8895 8880 8896
f 8896 8880 8878
f 8896 8878 8897
f 8897 8878 8894
f 8897 8894 8898
f 8898 8894 8892
f 8898 8892 8899
f 8899 8892 8890
f 8899 8890 8900
f 8900 8890 8888
f 8900 8888 8901
f 8901 8888 8886
f 8901 8886 8902
f 8902 8886 8884
f 8902 8884 8903
f 8903 8884 8882
f 8903 8882 8895
f 8895 8882 8880
f 8904 8905 8906
f 8906 8905 8907
f 8906 8907 8908
f 8908 8907 8909
f 8908 8909 8910
f 8910 8909 8911
f 8910 8911 8912
f 8912 8911 8913
f 8912 8913 8914
f 8914 8913 8915
f 8914 8915 8916
f 8916 8915 8917
f 8916 8917 8918
f 8918 8917 8919
f 8918 8919 8920
f 8920 8919 8921
f 8920 8921 8904
f 8904 8921 8905
f 8922 8907 8923
f 8923 8907 8905
f 8923 8905 8924
f 8924 8905 8921
f 8924 8921 8925
f 8925 8921 8919
f 8925 8919 8926
f 8926 8919 8917
f 8926 8917 8927
f 8927 8917 8915
f 8927 8915 8928
f 8928 8915 8913
f 8928 8913 8929
f 8929 8913 8911
f 8929 8911 8930
f 8930 8911 8909
f 8930 8909 8922
f 8922 8909 8907
f 8931 8932 8933
f 8933 8932 8934
f 8933 8934 8935
f 8935 8934 8936
f 8935 8936 8937
f 8937 8936 8938
f 8937 8938 8939
f 8939 8938 8940
f 8939 8940 8941
f 8941 8940 8942
f 8941 8942 8943
f 8943 8942 8944
f 8943 8944 8945
f 8945 8944 8946
f 8945 8946 8947
f 8947 8946 8948
f 8947 8948 8931
f 8931 8948 8932
f 8949 8934 8950
f 8950 8934 8932
f 8950 8932 8951
f 8951 8932 8948
f 8951 8948 8952
f 8952 8948 8946
f 8952 8946 8953
f 8953 8946 8944
f 8953 8944 8954
f 8954 8944 8942
f 8954 8942 8955
f 8955 8942 8940
f 8955 8940 8956
f 8956 8940 8938
f 8956 8938 8957
f 8957 8938 8936
f 8957 8936 8949
f 8949 8936 8934
f 8958 8959 8960
f 8960 8959 8961
f 8960 8961 8962
f 8962 8961 8963
f 8962 8963 8964
f 8964 8963 8965
f 8964 8965 8966
f 8966 8965 8967
f 8966 8967 8968
f 8968 8967 8969
f 8968 8969 8970
f 8970 8969 8971
f 8970 8971 8972
f 8972 8971 8973
f 8972 8973 8974
f 8974 8973 8975
f 8974 8975 8958
f 8958 8975 8959
f 8976 8961 8977
f 8977 8961 8959
f 8977 8959 8978
f 8978 8959 8975
f 8978 8975 8979
f 8979 8975 8973
f 8979 8973 8980
f 8980 8973 8971
f 8980 8971 8981
f 8981 8971 8969
f 8981 8969 8982
f 8982 8969 8967
f 8982 8967 8983
f 8983 8967 8965
f 8983 8965 8984
f 8984 8965 8963
f 8984 8963 8976
f 8976 8963 8961
f 8985 8986 8987
f 8987 8986 8988
f 8987 8988 8989
f 8989 8988 8990
f 8989 8990 8991
f 8991 8990 8992
f 8991 8992 8993
f 8993 8992 8994
f 8993 8994 8995
f 8995 8994 8996
f 8995 8996 8997
f 8997 8996 8998
f 8997 8998 8999
f 8999 8998 9000
f 8999 9000 9001
f 9001 9000 9002
f 9001 9002 8985
f 8985 9002 8986
f 9003 8988 9004
f 9004 8988 8986
f 9004 8986 9005
f 9005 8986 9002
f 9005 9002 9006
f 9006 9002 9000
f 9006 9000 9007
f 9007 9000 8998
f 9007 8998 9008
f 9008 8998 8996
f 9008 8996 9009
f 9009 8996 8994
f 9009 8994 9010
f 9010 8994 8992
f 9010 8992 9011
f 9011 8992 8990
f 9011 8990 9003
f 9003 8990 8988
f 9012 9013 9014
f 9014 9013 9015
f 9014 9015 9016
f 9016 9015 9017
f 9016 9017 9018
f 9018 9017 9019
f 9018 9019 9020
f 9020 9019 9021
f 9020 9021 9022
f 9022 9021 9023
f 9022 9023 9024
f 9024 9023 9025
f 9024 9025 9026
f 9026 9025 9027
f 9026 9027 9028
f 9028 9027 9029
f 9028 9029 9012
f 9012 9029 9013
f 9030 9015 9031
f 9031 9015 9013
f 9031 9013 9032
f 9032 9013 9029
f 9032 9029 9033
f 9033 9029 9027
f 9033 9027 9034
f 9034 9027 9025
f 9034 9025 9035
f 9035 9025 9023
f 9035 9023 9036
f 9036 9023 9021
f 9036 9021 9037
f 9037 9021 9019
f 9037 9019 9038
f 9038 9019 9017
f 9038 9017 9030
f 9030 9017 9015
f 9039 9040 9041
f 9041 9040 9042
f 9041 9042 9043
f 9043 9042 9044
f 9043 9044 9045
f 9045 9044 9046
f 9045 9046 9047
f 9047 9046 9048
f 9047 9048 9049
f 9049 9048 9050
f 9049 9050 9051
f 9051 9050 9052
f 9051 9052 9053
f 9053 9052 9054
f 9053 9054 9055
f 9055 9054 9056
f 9055 9056 9039
f 9039 9056 9040
f 9057 9042 9058
f 9058 9042 9040
f 9058 9040 9059
f 9059 9040 9056
f 9059 9056 9060
f 9060 9056 9054
f 9060 9054 9061
f 9061 9054 9052
f 9061 9052 9062
f 9062 9052 9050
f 9062 9050 9063
f 9063 9050 9048
f 9063 9048 9064
f 9064 9048 9046
f 9064 9046 9065
f 9065 9046 9044
f 9065 9044 9057
f 9057 9044 9042
f 9066 9067 9068
f 9068 9067 9069
f 9068 9069 9070
f 9070 9069 9071
f 9070 9071 9072
f 9072 9071 9073
f 9072 9073 9074
f 9074 9073 9075
f 9074 9075 9076
f 9076 9075 9077
f 9076 9077 9078
f 9078 9077 9079
f 9078 9079 9080
f 9080 9079 9081
f 9080 9081 9082
f 9082 9081 9083
f 9082 9083 9066
f 9066 9083 9067
f 9084 9069 9085
f 9085 9069 9067
f 9085 9067 9086
f 9086 9067 9083
f 9086 9083 9087
f 9087 9083 9081
f 9087 9081 9088
f 9088 9081 9079
f 9088 9079 9089
f 9089 9079 9077
f 9089 9077 9090
f 9090 9077 9075
f 9090 9075 9091
f 9091 9075 9073
f 9091 9073 9092
f 9092 9073 9071
f 9092 9071 9084
f 9084 9071 9069
f 9093 9094 9095
f 9095 9094 9096
f 9095 9096 9097
f 9097 9096 9098
f 9097 9098 9099
f 9099 9098 9100
f 9099 9100 9101
f 9101 9100 9102
f 9101 9102 9103
f 9103 9102 9104
f 9103 9104 9105
f 9105 9104 9106
f 9105 9106 9107
f 9107 9106 9108
f 9107 9108 9109
f 9109 9108 9110
f 9109 9110 9093
f 9093 9110 9094
f 9111 9096 9112
f 9112 9096 9094
f 9112 9094 9113
f 9113 9094 9110
f 9113 9110 9114
f 9114 9110 9108
f 9114 9108 9115
f 9115 9108 9106
f 9115 9106 9116
f 9116 9106 9104
f 9116 9104 9117
f 9117 9104 9102
f 9117 9102 9118
f 9118 9102 9100
f 9118 9100 9119
f 9119 9100 9098
f 9119 9098 9111
f 9111 9098 9096
f 9120 9121 9122
f 9122 9121 9123
f 9122 9123 9124
f 9124 9123 9125
f 9124 9125 9126
f 9126 9125 9127
f 9126 9127 9128
f 9128 9127 9129
f 9128 9129 9130
f 9130 9129 9131
f 9130 9131 9132
f 9132 9131 9133
f 9132 9133 9134
f 9134 9133 9135
f 9134 9135 9136
f 9136 9135 9137
f 9136 9137 9120
f 9120 9137 9121
f 9138 9123 9139
f 9139 9123 9121
f 9139 9121 9140
f 9140 9121 9137
f 9140 9137 9141
f 9141 9137 9135
f 9141 9135 9142
f 9142 9135 9133
f 9142 9133 9143
f 9143 9133 9131
f 9143 9131 9144
f 9144 9131 9129
f 9144 9129 9145
f 9145 9129 9127
f 9145 9127 9146
f 9146 9127 9125
f 9146 9125 9138
f 9138 9125 9123
f 9147 9148 9149
f 9149 9148 9150
f 9149 9150 9151
f 9151 9150 9152
f 9151 9152 9153
f 9153 9152 9154
f 9153 9154 9155
f 9155 9154 9156
f 9155 9156 9157
f 9157 9156 9158
f 9157 9158 9159
f 9159 9158 9160
f 9159 9160 9161
f 9161 9160 9162
f 9161 9162 9163
f 9163 9162 9164
f 9163 9164 9147
f 9147 9164 9148
f 9165 9150 9166
f 9166 9150 9148
f 9166 9148 9167
f 9167 9148 9164
f 9167 9164 9168
f 9168 9164 9162
f 9168 9162 9169
f 9169 9162 9160
f 9169 9160 9170
f 9170 9160 9158
f 9170 9158 9171
f 9171 9158 9156
f 9171 9156 9172
f 9172 9156 9154
f 9172 9154 9173
f 9173 9154 9152
f 9173 9152 9165
f 9165 9152 9150
f 9174 9175 9176
f 9176 9175 9177
f 9176 9177 9178
f 9178 9177 9179
f 9178 9179 9180
f 9180 9179 9181
f 9180 9181 9182
f 9182 9181 9183
f 9182 9183 9184
f 9184 9183 9185
f 9184 9185 9186
f 9186 9185 9187
f 9186 9187 9188
f 9188 9187 9189
f 9188 9189 9190
f 9190 9189 9191
f 9190 9191 9174
f 9174 9191 9175
f 9192 9177 9193
f 9193 9177 9175
f 9193 9175 9194
f 9194 9175 9191
f 9194 9191 9195
f 9195 9191 9189
f 9195 9189 9196
f 9196 9189 9187
f 9196 9187 9197
f 9197 9187 9185
f 9197 9185 9198
f 9198 9185 9183
f 9198 9183 9199
f 9199 9183 9181
f 9199 9181 9200
f 9200 9181 9179
f 9200 9179 9192
f 9192 9179 9177
f 9201 9202 9203
f 9203 9202 9204
f 9203 9204 9205
f 9205 9204 9206
f 9205 9206 9207
f 9207 9206 9208
f 9207 9208 9209
f 9209 9208 9210
f 9209 9210 9211
f 9211 9210 9212
f 9211 9212 9213
f 9213 9212 9214
f 9213 9214 9215
f 9215 9214 9216
f 9215 9216 9217
f 9217 9216 9218
f 9217 9218 9201
f 9201 9218 9202
f 9219 9204 9220
f 9220 9204 9202
f 9220 9202 9221
f 9221 9202 9218
f 9221 9218 9222
f 9222 9218 9216
f 9222 9216 9223
f 9223 9216 9214
f 9223 9214 9224
f 9224 9214 9212
f 9224 9212 9225
f 9225 9212 9210
f 9225 9210 9226
f 9226 9210 9208
f 9226 9208 9227
f 9227 9208 9206
f 9227 9206 9219
f 9219 9206 9204
f 9228 9229 9230
f 9230 9229 9231
f 9230 9231 9232
f 9232 9231 9233
f 9232 9233 9234
f 9234 9233 9235
f 9234 9235 9236
f 9236 9235 9237
f 9236 9237 9238
f 9238 9237 9239
f 9238 9239 9240
f 9240 9239 9241
f 9240 9241 9242
f 9242 9241 9243
f 9242 9243 9244
f 9244 9243 9245
f 9244 9245 9228
f 9228 9245 9229
f 9246 9231 9247
f 9247 9231 9229
f 9247 9229 9248
f 9248 9229 9245
f 9248 9245 9249
f 9249 9245 9243
f 9249 9243 9250
f 9250 9243 9241
f 9250 9241 9251
f 9251 9241 9239
f 9251 9239 9252
f 9252 9239 9237
f 9252 9237 9253
f 9253 9237 9235
f 9253 9235 9254
f 9254 9235 9233
f 9254 9233 9246
f 9246 9233 9231
f 9255 9256 9257
f 9257 9256 9258
f 9257 9258 9259
f 9259 9258 9260
f 9259 9260 9261
f 9261 9260 9262
f 9261 9262 9263
f 9263 9262 9264
f 9263 9264 9265
f 9265 9264 9266
f 9265 9266 9267
f 9267 9266 9268
f 9267 9268 9269
f 9269 9268 9270
f 9269 9270 9271
f 9271 9270 9272
f 9271 9272 9255
f 9255 9272 9256
f 9273 9258 9274
f 9274 9258 9256
f 9274 9256 9275
f 9275 9256 9272
f 9275 9272 9276
f 9276 9272 9270
f 9276 9270 9277
f 9277 9270 9268
f 9277 9268 9278
f 9278 9268 9266
f 9278 9266 9279
f 9279 9266 9264
f 9279 9264 9280
f 9280 9264 9262
f 9280 9262 9281
f 9281 9262 9260
f 9281 9260 9273
f 9273 9260 9258
f 9282 9283 9284
f 9284 9283 9285
f 9284 9285 9286
f 9286 9285 9287
f 9286 9287 9288
f 9288 9287 9289
f 9288 9289 9290
f 9290 9289 9291
f 9290 9291 9292
f 9292 9291 9293
f 9292 9293 9294
f 9294 9293 9295
f 9294 9295 9296
f 9296 9295 9297
f 9296 9297 9298
f 9298 9297 9299
f 9298 9299 9282
f 9282 9299 9283
f 9300 9285 9301
f 9301 9285 9283
f 9301 9283 9302
f 9302 9283 9299
f 9302 9299 9303
f 9303 9299 9297
f 9303 9297 9304
f 9304 9297 9295
f 9304 9295 9305
f 9305 9295 9293
f 9305 9293 9306
f 9306 9293 9291
f 9306 9291 9307
f 9307 9291 9289
f 9307 9289 9308
f 9308 9289 9287
f 9308 9287 9300
f 9300 9287 9285
f 9309 9310 9311
f 9311 9310 9312
f 9311 9312 9313
f 9313 9312 9314
f 9313 9314 9315
f 9315 9314 9316
f 9315 9316 9317
f 9317 9316 9318
f 9317 9318 9319
f 9319 9318 9320
f 9319 9320 9321
f 9321 9320 9322
f 9321 9322 9323
f 9323 9322 9324
f 9323 9324 9325
f 9325 9324 9326
f 9325 9326 9309
f 9309 9326 9310
f 9327 9328 9329
f 9329 9328 9330
f 9329 9330 9331
f 9331 9330 9332
f 9331 9332 9333
f 9333 9332 9334
f 9333 9334 9335
f 9335 9334 9336
f 9335 9336 9337
f 9337 9336 9338
f 9337 9338 9339
f 9339 9338 9340
f 9339 9340 9341
f 9341 9340 9342
f 9341 9342 9343
f 9343 9342 9344
f 9343 9344 9327
f 9327 9344 9328
f 9345 9346 9347
f 9347 9346 9348
f 9347 9348 9349
f 9349 9348 9350
f 9349 9350 9351
f 9351 9350 9352
f 9351 9352 9353
f 9353 9352 9354
f 9353 9354 9355
f 9355 9354 9356
f 9355 9356 9357
f 9357 9356 9358
f 9357 9358 9359
f 9359 9358 9360
f 9359 9360 9361
f 9361 9360 9362
f 9361 9362 9345
f 9345 9362 9346
f 9363 9364 9365
f 9365 9364 9366
f 9365 9366 9367
f 9367 9366 9368
f 9367 9368 9369
f 9369 9368 9370
f 9369 9370 9371
f 9371 9370 9372
f 9371 9372 9373
f 9373 9372 9374
f 9373 9374 9375
f 9375 9374 9376
f 9375 9376 9377
f 9377 9376 9378
f 9377 9378 9379
f 9379 9378 9380
f 9379 9380 9363
f 9363 9380 9364
f 9381 9382 9383
f 9383 9382 9384
f 9383 9384 9385
f 9385 9384 9386
f 9385 9386 9387
f 9387 9386 9388
f 9387 9388 9389
f 9389 9388 9390
f 9389 9390 9391
f 9391 9390 9392
f 9391 9392 9393
f 9393 9392 9394
f 9393 9394 9395
f 9395 9394 9396
f 9395 9396 9397
f 9397 9396 9398
f 9397 9398 9381
f 9381 9398 9382
f 9399 9400 9401
f 9401 9400 9402
f 9401 9402 9403
f 9403 9402 9404
f 9403 9404 9405
f 9405 9404 9406
f 9405 9406 9407
f 9407 9406 9408
f 9407 9408 9409
f 9409 9408 9410
f 9409 9410 9411
f 9411 9410 9412
f 9411 9412 9413
f 9413 9412 9414
f 9413 9414 9415
f 9415 9414 9416
f 9415 9416 9399
f 9399 9416 9400
f 9417 9418 9419
f 9419 9418 9420
f 9419 9420 9421
f 9421 9420 9422
f 9421 9422 9423
f 9423 9422 9424
f 9423 9424 9425
f 9425 9424 9426
f 9425 9426 9427
f 9427 9426 9428
f 9427 9428 9429
f 9429 9428 9430
f 9429 9430 9431
f 9431 9430 9432
f 9431 9432 9433
f 9433 9432 9434
f 9433 9434 9417
f 9417 9434 9418
f 9435 9436 9437
f 9437 9436 9438
f 9437 9438 9439
f 9439 9438 9440
f 9439 9440 9441
f 9441 9440 9442
f 9441 9442 9443
f 9443 9442 9444
f 9443 9444 9445
f 9445 9444 9446
f 9445 9446 9447
f 9447 9446 9448
f 9447 9448 9449
f 9449 9448 9450
f 9449 9450 9451
f 9451 9450 9452
f 9451 9452 9435
f 9435 9452 9436
f 9453 9454 9455
f 9455 9454 9456
f 9455 9456 9457
f 9457 9456 9458
f 9457 9458 9459
f 9459 9458 9460
f 9459 9460 9461
f 9461 9460 9462
f 9461 9462 9463
f 9463 9462 9464
f 9463 9464 9465
f 9465 9464 9466
f 9465 9466 9467
f 9467 9466 9468
f 9467 9468 9469
f 9469 9468 9470
f 9469 9470 9453
f 9453 9470 9454
f 9471 9472 9473
f 9473 9472 9474
f 9473 9474 9475
f 9475 9474 9476
f 9475 9476 9477
f 9477 9476 9478
f 9477 9478 9479
f 9479 9478 9480
f 9479 9480 9481
f 9481 9480 9482
f 9481 9482 9483
f 9483 9482 9484
f 9483 9484 9485
f 9485 9484 9486
f 9485 9486 9487
f 9487 9486 9488
f 9487 9488 9471
f 9471 9488 9472
f 9489 9490 9491
f 9491 9490 9492
f 9491 9492 9493
f 9493 9492 9494
f 9493 9494 9495
f 9495 9494 9496
f 9495 9496 9497
f 9497 9496 9498
f 9497 9498 9499
f 9499 9498 9500
f 9499 9500 9501
f 9501 9500 9502
f 9501 9502 9503
f 9503 9502 9504
f 9503 9504 9505
f 9505 9504 9506
f 9505 9506 9489
f 9489 9506 9490
f 9507 9508 9509
f 9509 9508 9510
f 9509 9510 9511
f 9511 9510 9512
f 9511 9512 9513
f 9513 9512 9514
f 9513 9514 9515
f 9515 9514 9516
f 9515 9516 9517
f 9517 9516 9518
f 9517 9518 9519
f 9519 9518 9520
f 9519 9520 9521
f 9521 9520 9522
f 9521 9522 9523
f 9523 9522 9524
f 9523 9524 9507
f 9507 9524 9508
f 9525 9526 9527
f 9527 9526 9528
f 9527 9528 9529
f 9529 9528 9530
f 9529 9530 9531
f 9531 9530 9532
f 9531 9532 9533
f 9533 9532 9534
f 9533 9534 9535
f 9535 9534 9536
f 9535 9536 9537
f 9537 9536 9538
f 9537 9538 9539
f 9539 9538 9540
f 9539 9540 9541
f 9541 9540 9542
f 9541 9542 9525
f 9525 9542 9526
f 9543 9544 9545
f 9545 9544 9546
f 9545 9546 9547
f 9547 9546 9548
f 9547 9548 9549
f 9549 9548 9550
f 9549 9550 9551
f 9551 9550 9552
f 9551 9552 9553
f 9553 9552 9554
f 9553 9554 9555
f 9555 9554 9556
f 9555 9556 9557
f 9557 9556 9558
f 9557 9558 9559
f 9559 9558 9560
f 9559 9560 9543
f 9543 9560 9544
f 9561 9562 9563
f 9563 9562 9564
f 9563 9564 9565
f 9565 9564 9566
f 9565 9566 9567
f 9567 9566 9568
f 9567 9568 9569
f 9569 9568 9570
f 9569 9570 9571
f 9571 9570 9572
f 9571 9572 9573
f 9573 9572 9574
f 9573 9574 9575
f 9575 9574 9576
f 9575 9576 9577
f 9577 9576 9578
f 9577 9578 9561
f 9561 9578 9562
f 9579 9580 9581
f 9581 9580 9582
f 9581 9582 9583
f 9583 9582 9584
f 9583 9584 9585
f 9585 9584 9586
f 9585 9586 9587
f 9587 9586 9588
f 9587 9588 9589
f 9589 9588 9590
f 9589 9590 9591
f 9591 9590 9592
f 9591 9592 9593
f 9593 9592 9594
f 9593 9594 9595
f 9595 9594 9596
f 9595 9596 9579
f 9579 9596 9580
f 9597 8896 9598
f 9598 8896 8897
f 9598 8897 9599
f 9599 8897 8898
f 9599 8898 9600
f 9600 8898 8899
f 9600 8899 9601
f 9601 8899 8900
f 9601 8900 9602
f 9602 8900 8901
f 9602 8901 9603
f 9603 8901 8902
f 9603 8902 9604
f 9604 8902 8903
f 9604 8903 9605
f 9605 8903 8895
f 9605 8895 9597
f 9597 8895 8896
f 9606 8923 9607
f 9607 8923 8924
f 9607 8924 9608
f 9608 8924 8925
f 9608 8925 9609
f 9609 8925 8926
f 9609 8926 9610
f 9610 8926 8927
f 9610 8927 9611
f 9611 8927 8928
f 9611 8928 9612
f 9612 8928 8929
f 9612 8929 9613
f 9613 8929 8930
f 9613 8930 9614
f 9614 8930 8922
f 9614 8922 9606
f 9606 8922 8923
f 9615 8950 9616
f 9616 8950 8951
f 9616 8951 9617
f 9617 8951 8952
f 9617 8952 9618
f 9618 8952 8953
f 9618 8953 9619
f 9619 8953 8954
f 9619 8954 9620
f 9620 8954 8955
f 9620 8955 9621
f 9621 8955 8956
f 9621 8956 9622
f 9622 8956 8957
f 9622 8957 9623
f 9623 8957 8949
f 9623 8949 9615
f 9615 8949 8950
f 9624 8977 9625
f 9625 8977 8978
f 9625 8978 9626
f 9626 8978 8979
f 9626 8979 9627
f 9627 8979 8980
f 9627 8980 9628
f 9628 8980 8981
f 9628 8981 9629
f 9629 8981 8982
f 9629 8982 9630
f 9630 8982 8983
f 9630 8983 9631
f 9631 8983 8984
f 9631 8984 9632
f 9632 8984 8976
f 9632 8976 9624
f 9624 8976 8977
f 9633 9004 9634
f 9634 9004 9005
f 9634 9005 9635
f 9635 9005 9006
f 9635 9006 9636
f 9636 9006 9007
f 9636 9007 9637
f 9637 9007 9008
f 9637 9008 9638
f 9638 9008 9009
f 9638 9009 9639
f 9639 9009 9010
f 9639 9010 9640
f 9640 9010 9011
f 9640 9011 9641
f 9641 9011 9003
f 9641 9003 9633
f 9633 9003 9004
f 9642 9031 9643
f 9643 9031 9032
f 9643 9032 9644
f 9644 9032 9033
f 9644 9033 9645
f 9645 9033 9034
f 9645 9034 9646
f 9646 9034 9035
f 9646 9035 9647
f 9647 9035 9036
f 9647 9036 9648
f 9648 9036 9037
f 9648 9037 9649
f 9649 9037 9038
f 9649 9038 9650
f 9650 9038 9030
f 9650 9030 9642
f 9642 9030 9031
f 9651 9058 9652
f 9652 9058 9059
f 9652 9059 9653
f 9653 9059 9060
f 9653 9060 9654
f 9654 9060 9061
f 9654 9061 9655
f 9655 9061 9062
f 9655 9062 9656
f 9656 9062 9063
f 9656 9063 9657
f 9657 9063 9064
f 9657 9064 9658
f 9658 9064 9065
f 9658 9065 9659
f 9659 9065 9057
f 9659 9057 9651
f 9651 9057 9058
f 9660 9085 9661
f 9661 9085 9086
f 9661 9086 9662
f 9662 9086 9087
f 9662 9087 9663
f 9663 9087 9088
f 9663 9088 9664
f 9664 9088 9089
f 9664 9089 9665
f 9665 9089 9090
f 9665 9090 9666
f 9666 9090 9091
f 9666 9091 9667
f 9667 9091 9092
f 9667 9092 9668
f 9668 9092 9084
f 9668 9084 9660
f 9660 9084 9085
f 9669 9112 9670
f 9670 9112 9113
f 9670 9113 9671
f 9671 9113 9114
f 9671 9114 9672
f 9672 9114 9115
f 9672 9115 9673
f 9673 9115 9116
f 9673 9116 9674
f 9674 9116 9117
f 9674 9117 9675
f 9675 9117 9118
f 9675 9118 9676
f 9676 9118 9119
f 9676 9119 9677
f 9677 9119 9111
f 9677 9111 9669
f 9669 9111 9112
f 9678 9139 9679
f 9679 9139 9140
f 9679 9140 9680
f 9680 9140 9141
f 9680 9141 9681
f 9681 9141 9142
f 9681 9142 9682
f 9682 9142 9143
f 9682 9143 9683
f 9683 9143 9144
f 9683 9144 9684
f 9684 9144 9145
f 9684 9145 9685
f 9685 9145 9146
f 9685 9146 9686
f 9686 9146 9138
f 9686 9138 9678
f 9678 9138 9139
f 9687 9166 9688
f 9688 9166 9167
f 9688 9167 9689
f 9689 9167 9168
f 9689 9168 9690
f 9690 9168 9169
f 9690 9169 9691
f 9691 9169 9170
f 9691 9170 9692
f 9692 9170 9171
f 9692 9171 9693
f 9693 9171 9172
f 9693 9172 9694
f 9694 9172 9173
f 9694 9173 9695
f 9695 9173 9165
f 9695 9165 9687
f 9687 9165 9166
f 9696 9193 9697
f 9697 9193 9194
f 9697 9194 9698
f 9698 9194 9195
f 9698 9195 9699
f 9699 9195 9196
f 9699 9196 9700
f 9700 9196 9197
f 9700 9197 9701
f 9701 9197 9198
f 9701 9198 9702
f 9702 9198 9199
f 9702 9199 9703
f 9703 9199 9200
f 9703 9200 9704
f 9704 9200 9192
f 9704 9192 9696
f 9696 9192 9193
f 9705 9220 9706
f 9706 9220 9221
f 9706 9221 9707
f 9707 9221 9222
f 9707 9222 9708
f 9708 9222 9223
f 9708 9223 9709
f 9709 9223 9224
f 9709 9224 9710
f 9710 9224 9225
f 9710 9225 9711
f 9711 9225 9226
f 9711 9226 9712
f 9712 9226 9227
f 9712 9227 9713
f 9713 9227 9219
f 9713 9219 9705
f 9705 9219 9220
f 9714 9247 9715
f 9715 9247 9248
f 9715 9248 9716
f 9716 9248 9249
f 9716 9249 9717
f 9717 9249 9250
f 9717 9250 9718
f 9718 9250 9251
f 9718 9251 9719
f 9719 9251 9252
f 9719 9252 9720
f 9720 9252 9253
f 9720 9253 9721
f 9721 9253 9254
f 9721 9254 9722
f 9722 9254 9246
f 9722 9246 9714
f 9714 9246 9247
f 9723 9274 9724
f 9724 9274 9275
f 9724 9275 9725
f 9725 9275 9276
f 9725 9276 9726
f 9726 9276 9277
f 9726 9277 9727
f 9727 9277 9278
f 9727 9278 9728
f 9728 9278 9279
f 9728 9279 9729
f 9729 9279 9280
f 9729 9280 9730
f 9730 9280 9281
f 9730 9281 9731
f 9731 9281 9273
f 9731 9273 9723
f 9723 9273 9274
f 9732 9301 9733
f 9733 9301 9302
f 9733 9302 9734
f 9734 9302 9303
f 9734 9303 9735
f 9735 9303 9304
f 9735 9304 9736
f 9736 9304 9305
f 9736 9305 9737
f 9737 9305 9306
f 9737 9306 9738
f 9738 9306 9307
f 9738 9307 9739
f 9739 9307 9308
f 9739 9308 9740
f 9740 9308 9300
f 9740 9300 9732
f 9732 9300 9301
f 9741 9320 9742
f 9742 9320 9318
f 9742 9318 9743
f 9743 9318 9316
f 9743 9316 9744
f 9744 9316 9314
f 9744 9314 9745
f 9745 9314 9312
f 9745 9312 9746
f 9746 9312 9310
f 9746 9310 9747
f 9747 9310 9326
f 9747 9326 9748
f 9748 9326 9324
f 9748 9324 9749
f 9749 9324 9322
f 9749 9322 9741
f 9741 9322 9320
f 9750 9338 9751
f 9751 9338 9336
f 9751 9336 9752
f 9752 9336 9334
f 9752 9334 9753
f 9753 9334 9332
f 9753 9332 9754
f 9754 9332 9330
f 9754 9330 9755
f 9755 9330 9328
f 9755 9328 9756
f 9756 9328 9344
f 9756 9344 9757
f 9757 9344 9342
f 9757 9342 9758
f 9758 9342 9340
f 9758 9340 9750
f 9750 9340 9338
f 9759 9356 9760
f 9760 9356 9354
f 9760 9354 9761
f 9761 9354 9352
f 9761 9352 9762
f 9762 9352 9350
f 9762 9350 9763
f 9763 9350 9348
f 9763 9348 9764
f 9764 9348 9346
f 9764 9346 9765
f 9765 9346 9362
f 9765 9362 9766
f 9766 9362 9360
f 9766 9360 9767
f 9767 9360 9358
f 9767 9358 9759
f 9759 9358 9356
f 9768 9374 9769
f 9769 9374 9372
f 9769 9372 9770
f 9770 9372 9370
f 9770 9370 9771
f 9771 9370 9368
f 9771 9368 9772
f 9772 9368 9366
f 9772 9366 9773
f 9773 9366 9364
f 9773 9364 9774
f 9774 9364 9380
f 9774 9380 9775
f 9775 9380 9378
f 9775 9378 9776
f 9776 9378 9376
f 9776 9376 9768
f 9768 9376 9374
f 9777 9392 9778
f 9778 9392 9390
f 9778 9390 9779
f 9779 9390 9388
f 9779 9388 9780
f 9780 9388 9386
f 9780 9386 9781
f 9781 9386 9384
f 9781 9384 9782
f 9782 9384 9382
f 9782 9382 9783
f 9783 9382 9398
f 9783 9398 9784
f 9784 9398 9396
f 9784 9396 9785
f 9785 9396 9394
f 9785 9394 9777
f 9777 9394 9392
f 9786 9410 9787
f 9787 9410 9408
f 9787 9408 9788
f 9788 9408 9406
f 9788 9406 9789
f 9789 9406 9404
f 9789 9404 9790
f 9790 9404 9402
f 9790 9402 9791
f 9791 9402 9400
f 9791 9400 9792
f 9792 9400 9416
f 9792 9416 9793
f 9793 9416 9414
f 9793 9414 9794
f 9794 9414 9412
f 9794 9412 9786
f 9786 9412 9410
f 9795 9428 9796
f 9796 9428 9426
f 9796 9426 9797
f 9797 9426 9424
f 9797 9424 9798
f 9798 9424 9422
f 9798 9422 9799
f 9799 9422 9420
f 9799 9420 9800
f 9800 9420 9418
f 9800 9418 9801
f 9801 9418 9434
f 9801 9434 9802
f 9802 9434 9432
f 9802 9432 9803
f 9803 9432 9430
f 9803 9430 9795
f 9795 9430 9428
f 9804 9446 9805
f 9805 9446 9444
f 9805 9444 9806
f 9806 9444 9442
f 9806 9442 9807
f 9807 9442 9440
f 9807 9440 9808
f 9808 9440 9438
f 9808 9438 9809
f 9809 9438 9436
f 9809 9436 9810
f 9810 9436 9452
f 9810 9452 9811
f 9811 9452 9450
f 9811 9450 9812
f 9812 9450 9448
f 9812 9448 9804
f 9804 9448 9446
f 9813 9464 9814
f 9814 9464 9462
f 9814 9462 9815
f 9815 9462 9460
f 9815 9460 9816
f 9816 9460 9458
f 9816 9458 9817
f 9817 9458 9456
f 9817 9456 9818
f 9818 9456 9454
f 9818 9454 9819
f 9819 9454 9470
f 9819 9470 9820
f 9820 9470 9468
f 9820 9468 9821
f 9821 9468 9466
f 9821 9466 9813
f 9813 9466 9464
f 9822 9482 9823
f 9823 9482 9480
f 9823 9480 9824
f 9824 9480 9478
f 9824 9478 9825
f 9825 9478 9476
f 9825 9476 9826
f 9826 9476 9474
f 9826 9474 9827
f 9827 9474 9472
f 9827 9472 9828
f 9828 9472 9488
f 9828 9488 9829
f 9829 9488 9486
f 9829 9486 9830
f 9830 9486 9484
f 9830 9484 9822
f 9822 9484 9482
f 9831 9500 9832
f 9832 9500 9498
f 9832 9498 9833
f 9833 9498 9496
f 9833 9496 9834
f 9834 9496 9494
f 9834 9494 9835
f 9835 9494 9492
f 9835 9492 9836
f 9836 9492 9490
f 9836 9490 9837
f 9837 9490 9506
f 9837 9506 9838
f 9838 9506 9504
f 9838 9504 9839
f 9839 9504 9502
f 9839 9502 9831
f 9831 9502 9500
f 9840 9518 9841
f 9841 9518 9516
f 9841 9516 9842
f 9842 9516 9514
f 9842 9514 9843
f 9843 9514 9512
f 9843 9512 9844
f 9844 9512 9510
f 9844 9510 9845
f 9845 9510 9508
f 9845 9508 9846
f 9846 9508 9524
f 9846 9524 9847
f 9847 9524 9522
f 9847 9522 9848
f 9848 9522 9520
f 9848 9520 9840
f 9840 9520 9518
f 9849 9536 9850
f 9850 9536 9534
f 9850 9534 9851
f 9851 9534 9532
f 9851 9532 9852
f 9852 9532 9530
f 9852 9530 9853
f 9853 9530 9528
f 9853 9528 9854
f 9854 9528 9526
f 9854 9526 9855
f 9855 9526 9542
f 9855 9542 9856
f 9856 9542 9540
f 9856 9540 9857
f 9857 9540 9538
f 9857 9538 9849
f 9849 9538 9536
f 9858 9554 9859
f 9859 9554 9552
f 9859 9552 9860
f 9860 9552 9550
f 9860 9550 9861
f 9861 9550 9548
f 9861 9548 9862
f 9862 9548 9546
f 9862 9546 9863
f 9863 9546 9544
f 9863 9544 9864
f 9864 9544 9560
f 9864 9560 9865
f 9865 9560 9558
f 9865 9558 9866
f 9866 9558 9556
f 9866 9556 9858
f 9858 9556 9554
f 9867 9572 9868
f 9868 9572 9570
f 9868 9570 9869
f 9869 9570 9568
f 9869 9568 9870
f 9870 9568 9566
f 9870 9566 9871
f 9871 9566 9564
f 9871 9564 9872
f 9872 9564 9562
f 9872 9562 9873
f 9873 9562 9578
f 9873 9578 9874
f 9874 9578 9576
f 9874 9576 9875
f 9875 9576 9574
f 9875 9574 9867
f 9867 9574 9572
f 9876 9590 9877
f 9877 9590 9588
f 9877 9588 9878
f 9878 9588 9586
f 9878 9586 9879
f 9879 9586 9584
f 9879 9584 9880
f 9880 9584 9582
f 9880 9582 9881
f 9881 9582 9580
f 9881 9580 9882
f 9882 9580 9596
f 9882 9596 9883
f 9883 9596 9594
f 9883 9594 9884
f 9884 9594 9592
f 9884 9592 9876
f 9876 9592 9590
f 9885 8883 9886
f 9886 8883 8885
f 9886 8885 9887
f 9887 8885 8887
f 9887 8887 9888
f 9888 8887 8889
f 9888 8889 9889
f 9889 8889 8891
f 9889 8891 9890
f 9890 8891 8893
f 9890 8893 9891
f 9891 8893 8877
f 9891 8877 9892
f 9892 8877 8879
f 9892 8879 9893
f 9893 8879 8881
f 9893 8881 9885
f 9885 8881 8883
f 9894 8910 9895
f 9895 8910 8912
f 9895 8912 9896
f 9896 8912 8914
f 9896 8914 9897
f 9897 8914 8916
f 9897 8916 9898
f 9898 8916 8918
f 9898 8918 9899
f 9899 8918 8920
f 9899 8920 9900
f 9900 8920 8904
f 9900 8904 9901
f 9901 8904 8906
f 9901 8906 9902
f 9902 8906 8908
f 9902 8908 9894
f 9894 8908 8910
f 9903 8937 9904
f 9904 8937 8939
f 9904 8939 9905
f 9905 8939 8941
f 9905 8941 9906
f 9906 8941 8943
f 9906 8943 9907
f 9907 8943 8945
f 9907 8945 9908
f 9908 8945 8947
f 9908 8947 9909
f 9909 8947 8931
f 9909 8931 9910
f 9910 8931 8933
f 9910 8933 9911
f 9911 8933 8935
f 9911 8935 9903
f 9903 8935 8937
f 9912 8964 9913
f 9913 8964 8966
f 9913 8966 9914
f 9914 8966 8968
f 9914 8968 9915
f 9915 8968 8970
f 9915 8970 9916
f 9916 8970 8972
f 9916 8972 9917
f 9917 8972 8974
f 9917 8974 9918
f 9918 8974 8958
f 9918 8958 9919
f 9919 8958 8960
f 9919 8960 9920
f 9920 8960 8962
f 9920 8962 9912
f 9912 8962 8964
f 9921 8991 9922
f 9922 8991 8993
f 9922 8993 9923
f 9923 8993 8995
f 9923 8995 9924
f 9924 8995 8997
f 9924 8997 9925
f 9925 8997 8999
f 9925 8999 9926
f 9926 8999 9001
f 9926 9001 9927
f 9927 9001 8985
f 9927 8985 9928
f 9928 8985 8987
f 9928 8987 9929
f 9929 8987 8989
f 9929 8989 9921
f 9921 8989 8991
f 9930 9018 9931
f 9931 9018 9020
f 9931 9020 9932
f 9932 9020 9022
f 9932 9022 9933
f 9933 9022 9024
f 9933 9024 9934
f 9934 9024 9026
f 9934 9026 9935
f 9935 9026 9028
f 9935 9028 9936
f 9936 9028 9012
f 9936 9012 9937
f 9937 9012 9014
f 9937 9014 9938
f 9938 9014 9016
f 9938 9016 9930
f 9930 9016 9018
f 9939 9045 9940
f 9940 9045 9047
f 9940 9047 9941
f 9941 9047 9049
f 9941 9049 9942
f 9942 9049 9051
f 9942 9051 9943
f 9943 9051 9053
f 9943 9053 9944
f 9944 9053 9055
f 9944 9055 9945
f 9945 9055 9039
f 9945 9039 9946
f 9946 9039 9041
f 9946 9041 9947
f 9947 9041 9043
f 9947 9043 9939
f 9939 9043 9045
f 9948 9072 9949
f 9949 9072 9074
f 9949 9074 9950
f 9950 9074 9076
f 9950 9076 9951
f 9951 9076 9078
f 9951 9078 9952
f 9952 9078 9080
f 9952 9080 9953
f 9953 9080 9082
f 9953 9082 9954
f 9954 9082 9066
f 9954 9066 9955
f 9955 9066 9068
f 9955 9068 9956
f 9956 9068 9070
f 9956 9070 9948
f 9948 9070 9072
f 9957 9099 9958
f 9958 9099 9101
f 9958 9101 9959
f 9959 9101 9103
f 9959 9103 9960
f 9960 9103 9105
f 9960 9105 9961
f 9961 9105 9107
f 9961 9107 9962
f 9962 9107 9109
f 9962 9109 9963
f 9963 9109 9093
f 9963 9093 9964
f 9964 9093 9095
f 9964 9095 9965
f 9965 9095 9097
f 9965 9097 9957
f 9957 9097 9099
f 9966 9126 9967
f 9967 9126 9128
f 9967 9128 9968
f 9968 9128 9130
f 9968 9130 9969
f 9969 9130 9132
f 9969 9132 9970
f 9970 9132 9134
f 9970 9134 9971
f 9971 9134 9136
f 9971 9136 9972
f 9972 9136 9120
f 9972 9120 9973
f 9973 9120 9122
f 9973 9122 9974
f 9974 9122 9124
f 9974 9124 9966
f 9966 9124 9126
f 9975 9153 9976
f 9976 9153 9155
f 9976 9155 9977
f 9977 9155 9157
f 9977 9157 9978
f 9978 9157 9159
f 9978 9159 9979
f 9979 9159 9161
f 9979 9161 9980
f 9980 9161 9163
f 9980 9163 9981
f 9981 9163 9147
f 9981 9147 9982
f 9982 9147 9149
f 9982 9149 9983
f 9983 9149 9151
f 9983 9151 9975
f 9975 9151 9153
f 9984 9180 9985
f 9985 9180 9182
f 9985 9182 9986
f 9986 9182 9184
f 9986 9184 9987
f 9987 9184 9186
f 9987 9186 9988
f 9988 9186 9188
f 9988 9188 9989
f 9989 9188 9190
f 9989 9190 9990
f 9990 9190 9174
f 9990 9174 9991
f 9991 9174 9176
f 9991 9176 9992
f 9992 9176 9178
f 9992 9178 9984
f 9984 9178 9180
f 9993 9207 9994
f 9994 9207 9209
f 9994 9209 9995
f 9995 9209 9211
f 9995 9211 9996
f 9996 9211 9213
f 9996 9213 9997
f 9997 9213 9215
f 9997 9215 9998
f 9998 9215 9217
f 9998 9217 9999
f 9999 9217 9201
f 9999 9201 10000
f 10000 9201 9203
f 10000 9203 10001
f 10001 9203 9205
f 10001 9205 9993
f 9993 9205 9207
f 10002 9234 10003
f 10003 9234 9236
f 10003 9236 10004
f 10004 9236 9238
f 10004 9238 10005
f 10005 9238 9240
f 10005 9240 10006
f 10006 9240 9242
f 10006 9242 10007
f 10007 9242 9244
f 10007 9244 10008
f 10008 9244 9228
f 10008 9228 10009
f 10009 9228 9230
f 10009 9230 10010
f 10010 9230 9232
f 10010 9232 10002
f 10002 9232 9234
f 10011 9261 10012
f 10012 9261 9263
f 10012 9263 10013
f 10013 9263 9265
f 10013 9265 10014
f 10014 9265 9267
f 10014 9267 10015
f 10015 9267 9269
f 10015 9269 10016
f 10016 9269 9271
f 10016 9271 10017
f 10017 9271 9255
f 10017 9255 10018
f 10018 9255 9257
f 10018 9257 10019
f 10019 9257 9259
f 10019 9259 10011
f 10011 9259 9261
f 10020 9288 10021
f 10021 9288 9290
f 10021 9290 10022
f 10022 9290 9292
f 10022 9292 10023
f 10023 9292 9294
f 10023 9294 10024
f 10024 9294 9296
f 10024 9296 10025
f 10025 9296 9298
f 10025 9298 10026
f 10026 9298 9282
f 10026 9282 10027
f 10027 9282 9284
f 10027 9284 10028
f 10028 9284 9286
f 10028 9286 10020
f 10020 9286 9288
f 10029 10030 9886
f 9886 10030 10031
f 9886 10031 9885
f 9885 10031 10032
f 9885 10032 10033
f 9885 10033 9893
f 9893 10033 10034
f 9893 10034 9892
f 9892 10034 10035
f 9892 10035 9891
f 9891 10035 10036
f 9891 10036 10037
f 9891 10037 9890
f 9890 10037 10038
f 9890 10038 9889
f 9889 10038 10039
f 9889 10039 9888
f 9888 10039 10040
f 9888 10040 9887
f 9887 10040 10029
f 9887 10029 9886
f 10041 10042 9895
f 9895 10042 10043
f 9895 10043 9894
f 9894 10043 10044
f 9894 10044 10045
f 9894 10045 9902
f 9902 10045 10046
f 9902 10046 9901
f 9901 10046 10047
f 9901 10047 9900
f 9900 10047 10048
f 9900 10048 10049
f 9900 10049 9899
f 9899 10049 10050
f 9899 10050 9898
f 9898 10050 10051
f 9898 10051 9897
f 9897 10051 10052
f 9897 10052 9896
f 9896 10052 10041
f 9896 10041 9895
f 10053 10054 9904
f 9904 10054 10055
f 9904 10055 9903
f 9903 10055 10056
f 9903 10056 10057
f 9903 10057 9911
f 9911 10057 10058
f 9911 10058 9910
f 9910 10058 10059
f 9910 10059 9909
f 9909 10059 10060
f 9909 10060 10061
f 9909 10061 9908
f 9908 10061 10062
f 9908 10062 9907
f 9907 10062 10063
f 9907 10063 9906
f 9906 10063 10064
f 9906 10064 9905
f 9905 10064 10053
f 9905 10053 9904
f 10065 10066 9913
f 9913 10066 10067
f 9913 10067 9912
f 9912 10067 10068
f 9912 10068 10069
f 9912 10069 9920
f 9920 10069 10070
f 9920 10070 9919
f 9919 10070 10071
f 9919 10071 9918
f 9918 10071 10072
f 9918 10072 10073
f 9918 10073 9917
f 9917 10073 10074
f 9917 10074 9916
f 9916 10074 10075
f 9916 10075 9915
f 9915 10075 10076
f 9915 10076 9914
f 9914 10076 10065
f 9914 10065 9913
f 10077 10078 9922
f 9922 10078 10079
f 9922 10079 9921
f 9921 10079 10080
f 9921 10080 10081
f 9921 10081 9929
f 9929 10081 10082
f 9929 10082 9928
f 9928 10082 10083
f 9928 10083 9927
f 9927 10083 10084
f 9927 10084 10085
f 9927 10085 9926
f 9926 10085 10086
f 9926 10086 9925
f 9925 10086 10087
f 9925 10087 9924
f 9924 10087 10088
f 9924 10088 9923
f 9923 10088 10077
f 9923 10077 9922
f 10089 10090 9931
f 9931 10090 10091
f 9931 10091 9930
f 9930 10091 10092
f 9930 10092 10093
f 9930 10093 9938
f 9938 10093 10094
f 9938 10094 9937
f 9937 10094 10095
f 9937 10095 9936
f 9936 10095 10096
f 9936 10096 10097
f 9936 10097 9935
f 9935 10097 10098
f 9935 10098 9934
f 9934 10098 10099
f 9934 10099 9933
f 9933 10099 10100
f 9933 10100 9932
f 9932 10100 10089
f 9932 10089 9931
f 10101 10102 9940
f 9940 10102 10103
f 9940 10103 9939
f 9939 10103 10104
f 9939 10104 10105
f 9939 10105 9947
f 9947 10105 10106
f 9947 10106 9946
f 9946 10106 10107
f 9946 10107 9945
f 9945 10107 10108
f 9945 10108 10109
f 9945 10109 9944
f 9944 10109 10110
f 9944 10110 9943
f 9943 10110 10111
f 9943 10111 9942
f 9942 10111 10112
f 9942 10112 9941
f 9941 10112 10101
f 9941 10101 9940
f 10113 10114 9949
f 9949 10114 10115
f 9949 10115 9948
f 9948 10115 10116
f 9948 10116 10117
f 9948 10117 9956
f 9956 10117 10118
f 9956 10118 9955
f 9955 10118 10119
f 9955 10119 9954
f 9954 10119 10120
f 9954 10120 10121
f 9954 10121 9953
f 9953 10121 10122
f 9953 10122 9952
f 9952 10122 10123
f 9952 10123 9951
f 9951 10123 10124
f 9951 10124 9950
f 9950 10124 10113
f 9950 10113 9949
f 10125 10126 9958
f 9958 10126 10127
f 9958 10127 9957
f 9957 10127 10128
f 9957 10128 10129
f 9957 10129 9965
f 9965 10129 10130
f 9965 10130 9964
f 9964 10130 10131
f 9964 10131 9963
f 9963 10131 10132
f 9963 10132 10133
f 9963 10133 9962
f 9962 10133 10134
f 9962 10134 9961
f 9961 10134 10135
f 9961 10135 9960
f 9960 10135 10136
f 9960 10136 9959
f 9959 10136 10125
f 9959 10125 9958
f 10137 10138 9967
f 9967 10138 10139
f 9967 10139 9966
f 9966 10139 10140
f 9966 10140 10141
f 9966 10141 9974
f 9974 10141 10142
f 9974 10142 9973
f 9973 10142 10143
f 9973 10143 9972
f 9972 10143 10144
f 9972 10144 10145
f 9972 10145 9971
f 9971 10145 10146
f 9971 10146 9970
f 9970 10146 10147
f 9970 10147 9969
f 9969 10147 10148
f 9969 10148 9968
f 9968 10148 10137
f 9968 10137 9967
f 10149 10150 9976
f 9976 10150 10151
f 9976 10151 9975
f 9975 10151 10152
f 9975 10152 10153
f 9975 10153 9983
f 9983 10153 10154
f 9983 10154 9982
f 9982 10154 10155
f 9982 10155 9981
f 9981 10155 10156
f 9981 10156 10157
f 9981 10157 9980
f 9980 10157 10158
f 9980 10158 9979
f 9979 10158 10159
f 9979 10159 9978
f 9978 10159 10160
f 9978 10160 9977
f 9977 10160 10149
f 9977 10149 9976
f 10161 10162 9985
f 9985 10162 10163
f 9985 10163 9984
f 9984 10163 10164
f 9984 10164 10165
f 9984 10165 9992
f 9992 10165 10166
f 9992 10166 9991
f 9991 10166 10167
f 9991 10167 9990
f 9990 10167 10168
f 9990 10168 10169
f 9990 10169 9989
f 9989 10169 10170
f 9989 10170 9988
f 9988 10170 10171
f 9988 10171 9987
f 9987 10171 10172
f 9987 10172 9986
f 9986 10172 10161
f 9986 10161 9985
f 10173 10174 9994
f 9994 10174 10175
f 9994 10175 9993
f 9993 10175 10176
f 9993 10176 10177
f 9993 10177 10001
f 10001 10177 10178
f 10001 10178 10000
f 10000 10178 10179
f 10000 10179 9999
f 9999 10179 10180
f 9999 10180 10181
f 9999 10181 9998
f 9998 10181 10182
f 9998 10182 9997
f 9997 10182 10183
f 9997 10183 9996
f 9996 10183 10184
f 9996 10184 9995
f 9995 10184 10173
f 9995 10173 9994
f 10185 10186 10003
f 10003 10186 10187
f 10003 10187 10002
f 10002 10187 10188
f 10002 10188 10189
f 10002 10189 10010
f 10010 10189 10190
f 10010 10190 10009
f 10009 10190 10191
f 10009 10191 10008
f 10008 10191 10192
f 10008 10192 10193
f 10008 10193 10007
f 10007 10193 10194
f 10007 10194 10006
f 10006 10194 10195
f 10006 10195 10005
f 10005 10195 10196
f 10005 10196 10004
f 10004 10196 10185
f 10004 10185 10003
f 10197 10198 10012
f 10012 10198 10199
f 10012 10199 10011
f 10011 10199 10200
f 10011 10200 10201
f 10011 10201 10019
f 10019 10201 10202
f 10019 10202 10018
f 10018 10202 10203
f 10018 10203 10017
f 10017 10203 10204
f 10017 10204 10205
f 10017 10205 10016
f 10016 10205 10206
f 10016 10206 10015
f 10015 10206 10207
f 10015 10207 10014
f 10014 10207 10208
f 10014 10208 10013
f 10013 10208 10197
f 10013 10197 10012
f 10209 10210 10021
f 10021 10210 10211
f 10021 10211 10020
f 10020 10211 10212
f 10020 10212 10213
f 10020 10213 10028
f 10028 10213 10214
f 10028 10214 10027
f 10027 10214 10215
f 10027 10215 10026
f 10026 10215 10216
f 10026 10216 10217
f 10026 10217 10025
f 10025 10217 10218
f 10025 10218 10024
f 10024 10218 10219
f 10024 10219 10023
f 10023 10219 10220
f 10023 10220 10022
f 10022 10220 10209
f 10022 10209 10021
f 10221 10222 10223
f 10223 10222 10224
f 10223 10224 10225
f 10222 10221 10226
f 10226 10221 10227
f 10226 10227 10228
f 10228 10227 10229
f 10228 10229 10230
f 10230 10229 10231
f 10230 10231 10232
f 10232 10231 10233
f 10232 10233 10234
f 10234 10233 10235
f 10235 10233 10236
f 10235 10236 10237
f 10237 10236 10238
f 10237 10238 10239
f 10239 10238 10240
f 10239 10240 10241
f 10241 10240 10225
f 10225 10240 10223
f 10242 10243 10244
f 10244 10243 10245
f 10244 10245 10246
f 10243 10242 10247
f 10247 10242 10248
f 10247 10248 10249
f 10249 10248 10250
f 10249 10250 10251
f 10251 10250 10252
f 10251 10252 10253
f 10253 10252 10254
f 10253 10254 10255
f 10255 10254 10256
f 10256 10254 10257
f 10256 10257 10258
f 10258 10257 10259
f 10258 10259 10260
f 10260 10259 10261
f 10260 10261 10262
f 10262 10261 10246
f 10246 10261 10244
f 10263 10264 10265
f 10265 10264 10266
f 10265 10266 10267
f 10264 10263 10268
f 10268 10263 10269
f 10268 10269 10270
f 10270 10269 10271
f 10270 10271 10272
f 10272 10271 10273
f 10272 10273 10274
f 10274 10273 10275
f 10274 10275 10276
f 10276 10275 10277
f 10277 10275 10278
f 10277 10278 10279
f 10279 10278 10280
f 10279 10280 10281
f 10281 10280 10282
f 10281 10282 10283
f 10283 10282 10267
f 10267 10282 10265
f 10284 10285 10286
f 10286 10285 10287
f 10286 10287 10288
f 10285 10284 10289
f 10289 10284 10290
f 10289 10290 10291
f 10291 10290 10292
f 10291 10292 10293
f 10293 10292 10294
f 10293 10294 10295
f 10295 10294 10296
f 10295 10296 10297
f 10297 10296 10298
f 10298 10296 10299
f 10298 10299 10300
f 10300 10299 10301
f 10300 10301 10302
f 10302 10301 10303
f 10302 10303 10304
f 10304 10303 10288
f 10288 10303 10286
f 10305 10306 10307
f 10307 10306 10308
f 10307 10308 10309
f 10306 10305 10310
f 10310 10305 10311
f 10310 10311 10312
f 10312 10311 10313
f 10312 10313 10314
f 10314 10313 10315
f 10314 10315 10316
f 10316 10315 10317
f 10316 10317 10318
f 10318 10317 10319
f 10319 10317 10320
f 10319 10320 10321
f 10321 10320 10322
f 10321 10322 10323
f 10323 10322 10324
f 10323 10324 10325
f 10325 10324 10309
f 10309 10324 10307
f 10326 10327 10328
f 10328 10327 10329
f 10328 10329 10330
f 10327 10326 10331
f 10331 10326 10332
f 10331 10332 10333
f 10333 10332 10334
f 10333 10334 10335
f 10335 10334 10336
f 10335 10336 10337
f 10337 10336 10338
f 10337 10338 10339
f 10339 10338 10340
f 10340 10338 10341
f 10340 10341 10342
f 10342 10341 10343
f 10342 10343 10344
f 10344 10343 10345
f 10344 10345 10346
f 10346 10345 10330
f 10330 10345 10328
f 10347 10348 10349
f 10349 10348 10350
f 10349 10350 10351
f 10348 10347 10352
f 10352 10347 10353
f 10352 10353 10354
f 10354 10353 10355
f 10354 10355 10356
f 10356 10355 10357
f 10356 10357 10358
f 10358 10357 10359
f 10358 10359 10360
f 10360 10359 10361
f 10361 10359 10362
f 10361 10362 10363
f 10363 10362 10364
f 10363 10364 10365
f 10365 10364 10366
f 10365 10366 10367
f 10367 10366 10351
f 10351 10366 10349
f 10368 10369 10370
f 10370 10369 10371
f 10370 10371 10372
f 10369 10368 10373
f 10373 10368 10374
f 10373 10374 10375
f 10375 10374 10376
f 10375 10376 10377
f 10377 10376 10378
f 10377 10378 10379
f 10379 10378 10380
f 10379 10380 10381
f 10381 10380 10382
f 10382 10380 10383
f 10382 10383 10384
f 10384 10383 10385
f 10384 10385 10386
f 10386 10385 10387
f 10386 10387 10388
f 10388 10387 10372
f 10372 10387 10370
f 10389 10390 10391
f 10391 10390 10392
f 10391 10392 10393
f 10390 10389 10394
f 10394 10389 10395
f 10394 10395 10396
f 10396 10395 10397
f 10396 10397 10398
f 10398 10397 10399
f 10398 10399 10400
f 10400 10399 10401
f 10400 10401 10402
f 10402 10401 10403
f 10403 10401 10404
f 10403 10404 10405
f 10405 10404 10406
f 10405 10406 10407
f 10407 10406 10408
f 10407 10408 10409
f 10409 10408 10393
f 10393 10408 10391
f 10410 10411 10412
f 10412 10411 10413
f 10412 10413 10414
f 10411 10410 10415
f 10415 10410 10416
f 10415 10416 10417
f 10417 10416 10418
f 10417 10418 10419
f 10419 10418 10420
f 10419 10420 10421
f 10421 10420 10422
f 10421 10422 10423
f 10423 10422 10424
f 10424 10422 10425
f 10424 10425 10426
f 10426 10425 10427
f 10426 10427 10428
f 10428 10427 10429
f 10428 10429 10430
f 10430 10429 10414
f 10414 10429 10412
f 10431 10432 10433
f 10433 10432 10434
f 10433 10434 10435
f 10432 10431 10436
f 10436 10431 10437
f 10436 10437 10438
f 10438 10437 10439
f 10438 10439 10440
f 10440 10439 10441
f 10440 10441 10442
f 10442 10441 10443
f 10442 10443 10444
f 10444 10443 10445
f 10445 10443 10446
f 10445 10446 10447
f 10447 10446 10448
f 10447 10448 10449
f 10449 10448 10450
f 10449 10450 10451
f 10451 10450 10435
f 10435 10450 10433
f 10452 10453 10454
f 10454 10453 10455
f 10454 10455 10456
f 10453 10452 10457
f 10457 10452 10458
f 10457 10458 10459
f 10459 10458 10460
f 10459 10460 10461
f 10461 10460 10462
f 10461 10462 10463
f 10463 10462 10464
f 10463 10464 10465
f 10465 10464 10466
f 10466 10464 10467
f 10466 10467 10468
f 10468 10467 10469
f 10468 10469 10470
f 10470 10469 10471
f 10470 10471 10472
f 10472 10471 10456
f 10456 10471 10454
f 10473 10474 10475
f 10475 10474 10476
f 10475 10476 10477
f 10474 10473 10478
f 10478 10473 10479
f 10478 10479 10480
f 10480 10479 10481
f 10480 10481 10482
f 10482 10481 10483
f 10482 10483 10484
f 10484 10483 10485
f 10484 10485 10486
f 10486 10485 10487
f 10487 10485 10488
f 10487 10488 10489
f 10489 10488 10490
f 10489 10490 10491
f 10491 10490 10492
f 10491 10492 10493
f 10493 10492 10477
f 10477 10492 10475
f 10494 10495 10496
f 10496 10495 10497
f 10496 10497 10498
f 10495 10494 10499
f 10499 10494 10500
f 10499 10500 10501
f 10501 10500 10502
f 10501 10502 10503
f 10503 10502 10504
f 10503 10504 10505
f 10505 10504 10506
f 10505 10506 10507
f 10507 10506 10508
f 10508 10506 10509
f 10508 10509 10510
f 10510 10509 10511
f 10510 10511 10512
f 10512 10511 10513
f 10512 10513 10514
f 10514 10513 10498
f 10498 10513 10496
f 10515 10516 10517
f 10517 10516 10518
f 10517 10518 10519
f 10516 10515 10520
f 10520 10515 10521
f 10520 10521 10522
f 10522 10521 10523
f 10522 10523 10524
f 10524 10523 10525
f 10524 10525 10526
f 10526 10525 10527
f 10526 10527 10528
f 10528 10527 10529
f 10529 10527 10530
f 10529 10530 10531
f 10531 10530 10532
f 10531 10532 10533
f 10533 10532 10534
f 10533 10534 10535
f 10535 10534 10519
f 10519 10534 10517
f 10536 10537 10538
f 10538 10537 10539
f 10538 10539 10540
f 10537 10536 10541
f 10541 10536 10542
f 10541 10542 10543
f 10543 10542 10544
f 10543 10544 10545
f 10545 10544 10546
f 10545 10546 10547
f 10547 10546 10548
f 10547 10548 10549
f 10549 10548 10550
f 10550 10548 10551
f 10550 10551 10552
f 10552 10551 10553
f 10552 10553 10554
f 10554 10553 10555
f 10554 10555 10556
f 10556 10555 10540
f 10540 10555 10538
f 10557 9607 10558
f 10558 9607 10559
f 10558 10559 10560
f 10561 10562 10557
f 10557 10562 9606
f 10557 9606 9607
f 10563 9677 10562
f 10562 9677 9614
f 10562 9614 9606
f 10563 10564 10565
f 10563 10565 9604
f 9604 10565 9603
f 9603 10565 9602
f 9602 10565 9738
f 9602 9738 9601
f 9601 9738 9739
f 9601 9739 9600
f 9600 9739 9740
f 9600 9740 9732
f 10566 9729 10565
f 10565 9729 9737
f 10565 9737 9738
f 10567 10568 10566
f 10566 10568 9718
f 10566 9718 9719
f 10569 9645 10568
f 10568 9645 9708
f 10568 9708 9717
f 9717 9708 9709
f 9717 9709 9716
f 9716 9709 9710
f 9716 9710 9715
f 9715 9710 9711
f 9715 9711 9714
f 9714 9711 9712
f 9714 9712 9725
f 9725 9712 9700
f 9725 9700 9701
f 10569 10570 10571
f 10569 10571 10572
f 10569 10572 10573
f 10573 10572 10574
f 10573 10575 10569
f 10569 10575 9636
f 10569 9636 9645
f 9645 9636 9637
f 9645 9637 9644
f 9644 9637 9638
f 9644 9638 9643
f 9643 9638 9639
f 9643 9639 9642
f 9642 9639 9640
f 9642 9640 9653
f 9653 9640 9628
f 9653 9628 9629
f 10576 9625 10575
f 10575 9625 9634
f 10575 9634 9635
f 10559 9607 10576
f 10576 9607 9608
f 10576 9608 9609
f 9599 9683 9598
f 9598 9683 9684
f 9598 9684 9597
f 9597 9684 9685
f 9597 9685 9605
f 9605 9685 9686
f 9605 9686 10563
f 10563 9686 9677
f 9600 9732 9599
f 9599 9732 9694
f 9599 9694 9682
f 9682 9694 9695
f 9682 9695 9681
f 9681 9695 9687
f 9681 9687 9680
f 9680 9687 9667
f 9680 9667 9673
f 9673 9667 9668
f 9673 9668 9672
f 9672 9668 9660
f 9672 9660 9671
f 9671 9660 9622
f 9671 9622 9610
f 9610 9622 9623
f 9610 9623 9609
f 9609 9623 10576
f 9604 9605 10563
f 9610 9611 9671
f 9671 9611 9670
f 9670 9611 9612
f 9670 9612 9669
f 9669 9612 9613
f 9669 9613 9677
f 9677 9613 9614
f 9617 9625 9616
f 9616 9625 10576
f 9616 10576 9615
f 9615 10576 9623
f 9625 9617 9624
f 9624 9617 9618
f 9624 9618 9632
f 9632 9618 9631
f 9631 9618 9619
f 9631 9619 9662
f 9662 9619 9620
f 9662 9620 9661
f 9661 9620 9621
f 9661 9621 9660
f 9660 9621 9622
f 9625 9626 9634
f 9634 9626 9633
f 9633 9626 9627
f 9633 9627 9641
f 9641 9627 9640
f 9640 9627 9628
f 9653 9629 9652
f 9652 9629 9630
f 9652 9630 9651
f 9651 9630 9631
f 9651 9631 9662
f 9635 9636 10575
f 9645 9646 9708
f 9708 9646 9707
f 9707 9646 9647
f 9707 9647 9706
f 9706 9647 9648
f 9706 9648 9705
f 9705 9648 9649
f 9705 9649 9698
f 9698 9649 9655
f 9698 9655 9656
f 9655 9649 9654
f 9654 9649 9650
f 9654 9650 9642
f 9653 9654 9642
f 9698 9656 9697
f 9697 9656 9657
f 9697 9657 9696
f 9696 9657 9658
f 9696 9658 9689
f 9689 9658 9664
f 9689 9664 9665
f 9664 9658 9663
f 9663 9658 9659
f 9663 9659 9651
f 9662 9663 9651
f 9689 9665 9688
f 9688 9665 9666
f 9688 9666 9687
f 9687 9666 9667
f 9673 9674 9680
f 9680 9674 9679
f 9679 9674 9675
f 9679 9675 9678
f 9678 9675 9676
f 9678 9676 9686
f 9686 9676 9677
f 9682 9683 9599
f 9689 9690 9696
f 9696 9690 9704
f 9704 9690 9703
f 9703 9690 9691
f 9703 9691 9734
f 9734 9691 9692
f 9734 9692 9733
f 9733 9692 9693
f 9733 9693 9732
f 9732 9693 9694
f 9698 9699 9705
f 9705 9699 9713
f 9713 9699 9712
f 9712 9699 9700
f 9725 9701 9724
f 9724 9701 9702
f 9724 9702 9723
f 9723 9702 9703
f 9723 9703 9734
f 9717 9718 10568
f 9719 9720 10566
f 10566 9720 9728
f 10566 9728 9729
f 9728 9720 9727
f 9727 9720 9721
f 9727 9721 9726
f 9726 9721 9722
f 9726 9722 9714
f 9725 9726 9714
f 9737 9729 9736
f 9736 9729 9730
f 9736 9730 9735
f 9735 9730 9731
f 9735 9731 9723
f 9734 9735 9723
f 10577 8686 10578
f 10578 8686 8727
f 10578 8727 8726
f 10577 10579 10580
f 10577 10580 8760
f 8760 10580 10581
f 8760 10581 10582
f 10582 10581 10583
f 10583 10581 10584
f 10585 8748 10582
f 10582 8748 8749
f 10582 8749 8757
f 10586 10587 10585
f 10585 10587 8767
f 10585 8767 8770
f 10586 10588 10589
f 10586 10589 10590
f 10586 10590 10587
f 10587 10590 10591
f 10592 8705 10587
f 10587 8705 8703
f 10587 8703 8702
f 8702 8703 8700
f 8700 8703 8701
f 8700 8701 8698
f 8698 8701 8699
f 8698 8699 8696
f 8696 8699 8697
f 8696 8697 8694
f 8694 8697 8695
f 8694 8695 8692
f 8692 8695 8693
f 8692 8693 8690
f 8690 8693 8691
f 8690 8691 8689
f 8689 8691 8688
f 8689 8688 10577
f 10577 8688 8686
f 10592 10593 10594
f 10592 10594 8747
f 8747 10594 8737
f 8737 10594 8728
f 8737 8728 8730
f 8728 10594 8709
f 8709 10594 10595
f 8709 10595 8710
f 8710 10595 8711
f 8711 10595 8715
f 8711 8715 8717
f 10596 10578 10595
f 10595 10578 8724
f 10595 8724 8715
f 8690 8758 8692
f 8692 8758 8757
f 8757 8758 10582
f 8758 8760 10582
f 8760 8689 10577
f 8695 8744 8745
f 8745 8744 8742
f 8745 8742 8743
f 8743 8742 8740
f 8743 8740 8741
f 8741 8740 8738
f 8741 8738 8739
f 8739 8738 8709
f 8739 8709 8710
f 8693 8722 8691
f 8691 8722 8723
f 8723 8722 8720
f 8723 8720 8721
f 8721 8720 8718
f 8721 8718 8719
f 8719 8718 8716
f 8719 8716 8717
f 8717 8716 8711
f 8720 8722 8743
f 8743 8722 8745
f 8727 8686 8721
f 8721 8686 8723
f 8694 8749 8696
f 8696 8749 8748
f 10585 8770 8771
f 8771 8770 8700
f 8771 8700 8698
f 8702 8767 10587
f 8697 8744 8695
f 8742 8744 8734
f 8734 8744 8736
f 8734 8736 8733
f 8733 8736 8735
f 8733 8735 8707
f 8707 8735 8705
f 8707 8705 10592
f 8736 8699 8735
f 8735 8699 8701
f 8771 8748 10585
f 8719 8717 8726
f 8726 8717 8725
f 8726 8725 10578
f 10578 8725 8724
f 8716 8718 8739
f 8739 8718 8741
f 8737 8730 8729
f 8729 8730 8732
f 8729 8732 8731
f 8731 8732 8734
f 8731 8734 8733
f 8747 8746 10592
f 10592 8746 8708
f 10592 8708 8707
f 8708 8746 8731
f 8731 8746 8729
f 8738 8740 8730
f 8730 8740 8732
f 8845 8690 8848
f 8848 8690 8689
f 8846 8758 8845
f 8845 8758 8690
f 8846 8847 8758
f 8758 8847 8760
f 8848 8689 8847
f 8847 8689 8760
f 8816 8813 8722
f 8722 8813 8745
f 8813 8814 8745
f 8745 8814 8695
f 8815 8693 8814
f 8814 8693 8695
f 8815 8816 8693
f 8693 8816 8722
f 8844 8841 8686
f 8686 8841 8723
f 8842 8691 8841
f 8841 8691 8723
f 8843 8688 8842
f 8842 8688 8691
f 8844 8686 8843
f 8843 8686 8688
f 8825 8694 8828
f 8828 8694 8692
f 8825 8826 8694
f 8694 8826 8749
f 8827 8757 8826
f 8826 8757 8749
f 8827 8828 8757
f 8757 8828 8692
f 8770 8767 8835
f 8835 8767 8834
f 8700 8770 8836
f 8836 8770 8835
f 8702 8700 8833
f 8833 8700 8836
f 8767 8702 8834
f 8834 8702 8833
f 8697 8699 8819
f 8819 8699 8818
f 8744 8697 8820
f 8820 8697 8819
f 8736 8744 8817
f 8817 8744 8820
f 8699 8736 8818
f 8818 8736 8817
f 8701 8703 8823
f 8823 8703 8822
f 8735 8701 8824
f 8824 8701 8823
f 8735 8824 8705
f 8705 8824 8821
f 8703 8705 8822
f 8822 8705 8821
f 8748 8771 8831
f 8831 8771 8830
f 8696 8748 8832
f 8832 8748 8831
f 8698 8696 8829
f 8829 8696 8832
f 8771 8698 8830
f 8830 8698 8829
f 8715 8724 8785
f 8785 8724 8788
f 8717 8715 8786
f 8786 8715 8785
f 8725 8717 8787
f 8787 8717 8786
f 8724 8725 8788
f 8788 8725 8787
f 8741 8718 8801
f 8801 8718 8804
f 8743 8741 8802
f 8802 8741 8801
f 8720 8743 8803
f 8803 8743 8802
f 8718 8720 8804
f 8804 8720 8803
f 8719 8726 8837
f 8837 8726 8840
f 8721 8719 8838
f 8838 8719 8837
f 8721 8838 8727
f 8727 8838 8839
f 8726 8727 8840
f 8840 8727 8839
f 8710 8711 8789
f 8789 8711 8792
f 8739 8710 8790
f 8790 8710 8789
f 8716 8739 8791
f 8791 8739 8790
f 8711 8716 8792
f 8792 8716 8791
f 8799 8729 8798
f 8798 8729 8746
f 8800 8737 8799
f 8799 8737 8729
f 8800 8797 8737
f 8737 8797 8747
f 8798 8746 8797
f 8797 8746 8747
f 8806 8807 8734
f 8734 8807 8742
f 8807 8808 8742
f 8742 8808 8740
f 8805 8732 8808
f 8808 8732 8740
f 8805 8806 8732
f 8732 8806 8734
f 8810 8811 8707
f 8707 8811 8733
f 8812 8731 8811
f 8811 8731 8733
f 8809 8708 8812
f 8812 8708 8731
f 8810 8707 8809
f 8809 8707 8708
f 8795 8738 8794
f 8794 8738 8730
f 8795 8796 8738
f 8738 8796 8709
f 8793 8728 8796
f 8796 8728 8709
f 8793 8794 8728
f 8728 8794 8730
f 10576 10575 10582
f 10582 10575 10585
f 10573 10586 10575
f 10575 10586 10585
f 8846 9311 8847
f 8847 9311 9313
f 8847 9313 9315
f 8845 9325 8846
f 8846 9325 9309
f 8846 9309 9311
f 8848 9319 8845
f 8845 9319 9321
f 8845 9321 9323
f 8847 9315 8848
f 8848 9315 9317
f 8848 9317 9319
f 9323 9325 8845
f 8814 9329 8815
f 8815 9329 9331
f 8815 9331 9333
f 8813 9343 8814
f 8814 9343 9327
f 8814 9327 9329
f 8816 9337 8813
f 8813 9337 9339
f 8813 9339 9341
f 8815 9333 8816
f 8816 9333 9335
f 8816 9335 9337
f 9341 9343 8813
f 8842 9347 8843
f 8843 9347 9349
f 8843 9349 9351
f 8841 9361 8842
f 8842 9361 9345
f 8842 9345 9347
f 8844 9355 8841
f 8841 9355 9357
f 8841 9357 9359
f 8843 9351 8844
f 8844 9351 9353
f 8844 9353 9355
f 9359 9361 8841
f 8826 9365 8827
f 8827 9365 9367
f 8827 9367 9369
f 8825 9379 8826
f 8826 9379 9363
f 8826 9363 9365
f 8828 9373 8825
f 8825 9373 9375
f 8825 9375 9377
f 8827 9369 8828
f 8828 9369 9371
f 8828 9371 9373
f 9377 9379 8825
f 8836 9391 8833
f 8833 9391 9393
f 8833 9393 9395
f 8835 9387 8836
f 8836 9387 9389
f 8836 9389 9391
f 8834 9383 8835
f 8835 9383 9385
f 8835 9385 9387
f 8833 9397 8834
f 8834 9397 9381
f 8834 9381 9383
f 9395 9397 8833
f 8820 9409 8817
f 8817 9409 9411
f 8817 9411 9413
f 8819 9405 8820
f 8820 9405 9407
f 8820 9407 9409
f 8818 9401 8819
f 8819 9401 9403
f 8819 9403 9405
f 8817 9415 8818
f 8818 9415 9399
f 8818 9399 9401
f 9413 9415 8817
f 8824 9427 8821
f 8821 9427 9429
f 8821 9429 9431
f 8823 9423 8824
f 8824 9423 9425
f 8824 9425 9427
f 8822 9419 8823
f 8823 9419 9421
f 8823 9421 9423
f 8821 9433 8822
f 8822 9433 9417
f 8822 9417 9419
f 9431 9433 8821
f 8832 9445 8829
f 8829 9445 9447
f 8829 9447 9449
f 8831 9441 8832
f 8832 9441 9443
f 8832 9443 9445
f 8830 9437 8831
f 8831 9437 9439
f 8831 9439 9441
f 8829 9451 8830
f 8830 9451 9435
f 8830 9435 9437
f 9449 9451 8829
f 8786 9455 8787
f 8787 9455 9457
f 8787 9457 9459
f 8785 9469 8786
f 8786 9469 9453
f 8786 9453 9455
f 8788 9463 8785
f 8785 9463 9465
f 8785 9465 9467
f 8787 9459 8788
f 8788 9459 9461
f 8788 9461 9463
f 9467 9469 8785
f 8802 9473 8803
f 8803 9473 9475
f 8803 9475 9477
f 8801 9487 8802
f 8802 9487 9471
f 8802 9471 9473
f 8804 9481 8801
f 8801 9481 9483
f 8801 9483 9485
f 8803 9477 8804
f 8804 9477 9479
f 8804 9479 9481
f 9485 9487 8801
f 8838 9491 8839
f 8839 9491 9493
f 8839 9493 9495
f 8837 9505 8838
f 8838 9505 9489
f 8838 9489 9491
f 8840 9499 8837
f 8837 9499 9501
f 8837 9501 9503
f 8839 9495 8840
f 8840 9495 9497
f 8840 9497 9499
f 9503 9505 8837
f 8790 9509 8791
f 8791 9509 9511
f 8791 9511 9513
f 8789 9523 8790
f 8790 9523 9507
f 8790 9507 9509
f 8792 9517 8789
f 8789 9517 9519
f 8789 9519 9521
f 8791 9513 8792
f 8792 9513 9515
f 8792 9515 9517
f 9521 9523 8789
f 8800 9535 8797
f 8797 9535 9537
f 8797 9537 9539
f 8799 9531 8800
f 8800 9531 9533
f 8800 9533 9535
f 8798 9527 8799
f 8799 9527 9529
f 8799 9529 9531
f 8797 9541 8798
f 8798 9541 9525
f 8798 9525 9527
f 9539 9541 8797
f 8808 9553 8805
f 8805 9553 9555
f 8805 9555 9557
f 8807 9549 8808
f 8808 9549 9551
f 8808 9551 9553
f 8806 9545 8807
f 8807 9545 9547
f 8807 9547 9549
f 8805 9559 8806
f 8806 9559 9543
f 8806 9543 9545
f 9557 9559 8805
f 8812 9571 8809
f 8809 9571 9573
f 8809 9573 9575
f 8811 9567 8812
f 8812 9567 9569
f 8812 9569 9571
f 8810 9563 8811
f 8811 9563 9565
f 8811 9565 9567
f 8809 9577 8810
f 8810 9577 9561
f 8810 9561 9563
f 9575 9577 8809
f 8796 9589 8793
f 8793 9589 9591
f 8793 9591 9593
f 8795 9585 8796
f 8796 9585 9587
f 8796 9587 9589
f 8794 9581 8795
f 8795 9581 9583
f 8795 9583 9585
f 8793 9595 8794
f 8794 9595 9579
f 8794 9579 9581
f 9593 9595 8793
f 9743 9746 9742
f 9742 9746 9747
f 9742 9747 9741
f 9741 9747 9748
f 9741 9748 9749
f 9744 9745 9743
f 9743 9745 9746
f 9752 9755 9751
f 9751 9755 9756
f 9751 9756 9750
f 9750 9756 9757
f 9750 9757 9758
f 9753 9754 9752
f 9752 9754 9755
f 9761 9764 9760
f 9760 9764 9765
f 9760 9765 9759
f 9759 9765 9766
f 9759 9766 9767
f 9762 9763 9761
f 9761 9763 9764
f 9770 9773 9769
f 9769 9773 9774
f 9769 9774 9768
f 9768 9774 9775
f 9768 9775 9776
f 9771 9772 9770
f 9770 9772 9773
f 9779 9782 9778
f 9778 9782 9783
f 9778 9783 9777
f 9777 9783 9784
f 9777 9784 9785
f 9780 9781 9779
f 9779 9781 9782
f 9788 9791 9787
f 9787 9791 9792
f 9787 9792 9786
f 9786 9792 9793
f 9786 9793 9794
f 9789 9790 9788
f 9788 9790 9791
f 9797 9800 9796
f 9796 9800 9801
f 9796 9801 9795
f 9795 9801 9802
f 9795 9802 9803
f 9798 9799 9797
f 9797 9799 9800
f 9806 9809 9805
f 9805 9809 9810
f 9805 9810 9804
f 9804 9810 9811
f 9804 9811 9812
f 9807 9808 9806
f 9806 9808 9809
f 9815 9818 9814
f 9814 9818 9819
f 9814 9819 9813
f 9813 9819 9820
f 9813 9820 9821
f 9816 9817 9815
f 9815 9817 9818
f 9824 9827 9823
f 9823 9827 9828
f 9823 9828 9822
f 9822 9828 9829
f 9822 9829 9830
f 9825 9826 9824
f 9824 9826 9827
f 9833 9836 9832
f 9832 9836 9837
f 9832 9837 9831
f 9831 9837 9838
f 9831 9838 9839
f 9834 9835 9833
f 9833 9835 9836
f 9842 9845 9841
f 9841 9845 9846
f 9841 9846 9840
f 9840 9846 9847
f 9840 9847 9848
f 9843 9844 9842
f 9842 9844 9845
f 9851 9854 9850
f 9850 9854 9855
f 9850 9855 9849
f 9849 9855 9856
f 9849 9856 9857
f 9852 9853 9851
f 9851 9853 9854
f 9860 9863 9859
f 9859 9863 9864
f 9859 9864 9858
f 9858 9864 9865
f 9858 9865 9866
f 9861 9862 9860
f 9860 9862 9863
f 9869 9872 9868
f 9868 9872 9873
f 9868 9873 9867
f 9867 9873 9874
f 9867 9874 9875
f 9870 9871 9869
f 9869 9871 9872
f 9878 9881 9877
f 9877 9881 9882
f 9877 9882 9876
f 9876 9882 9883
f 9876 9883 9884
f 9879 9880 9878
f 9878 9880 9881
f 10237 10030 10029
f 10237 10029 10235
f 10235 10029 10040
f 10235 10040 10234
f 10234 10040 10039
f 10234 10039 10232
f 10232 10039 10230
f 10230 10039 10038
f 10230 10038 10228
f 10228 10038 10037
f 10228 10037 10036
f 10228 10036 10226
f 10226 10036 10035
f 10226 10035 10222
f 10222 10035 10224
f 10224 10035 10034
f 10258 10042 10041
f 10258 10041 10256
f 10256 10041 10052
f 10256 10052 10255
f 10255 10052 10051
f 10255 10051 10253
f 10253 10051 10251
f 10251 10051 10050
f 10251 10050 10249
f 10249 10050 10049
f 10249 10049 10048
f 10249 10048 10247
f 10247 10048 10047
f 10247 10047 10243
f 10243 10047 10245
f 10245 10047 10046
f 10279 10054 10053
f 10279 10053 10277
f 10277 10053 10064
f 10277 10064 10276
f 10276 10064 10063
f 10276 10063 10274
f 10274 10063 10272
f 10272 10063 10062
f 10272 10062 10270
f 10270 10062 10061
f 10270 10061 10060
f 10270 10060 10268
f 10268 10060 10059
f 10268 10059 10264
f 10264 10059 10266
f 10266 10059 10058
f 10300 10066 10065
f 10300 10065 10298
f 10298 10065 10076
f 10298 10076 10297
f 10297 10076 10075
f 10297 10075 10295
f 10295 10075 10293
f 10293 10075 10074
f 10293 10074 10291
f 10291 10074 10073
f 10291 10073 10072
f 10291 10072 10289
f 10289 10072 10071
f 10289 10071 10285
f 10285 10071 10287
f 10287 10071 10070
f 10321 10078 10077
f 10321 10077 10319
f 10319 10077 10088
f 10319 10088 10318
f 10318 10088 10087
f 10318 10087 10316
f 10316 10087 10314
f 10314 10087 10086
f 10314 10086 10312
f 10312 10086 10085
f 10312 10085 10084
f 10312 10084 10310
f 10310 10084 10083
f 10310 10083 10306
f 10306 10083 10308
f 10308 10083 10082
f 10342 10090 10089
f 10342 10089 10340
f 10340 10089 10100
f 10340 10100 10339
f 10339 10100 10099
f 10339 10099 10337
f 10337 10099 10335
f 10335 10099 10098
f 10335 10098 10333
f 10333 10098 10097
f 10333 10097 10096
f 10333 10096 10331
f 10331 10096 10095
f 10331 10095 10327
f 10327 10095 10329
f 10329 10095 10094
f 10363 10102 10101
f 10363 10101 10361
f 10361 10101 10112
f 10361 10112 10360
f 10360 10112 10111
f 10360 10111 10358
f 10358 10111 10356
f 10356 10111 10110
f 10356 10110 10354
f 10354 10110 10109
f 10354 10109 10108
f 10354 10108 10352
f 10352 10108 10107
f 10352 10107 10348
f 10348 10107 10350
f 10350 10107 10106
f 10384 10114 10113
f 10384 10113 10382
f 10382 10113 10124
f 10382 10124 10381
f 10381 10124 10123
f 10381 10123 10379
f 10379 10123 10377
f 10377 10123 10122
f 10377 10122 10375
f 10375 10122 10121
f 10375 10121 10120
f 10375 10120 10373
f 10373 10120 10119
f 10373 10119 10369
f 10369 10119 10371
f 10371 10119 10118
f 10405 10126 10125
f 10405 10125 10403
f 10403 10125 10136
f 10403 10136 10402
f 10402 10136 10135
f 10402 10135 10400
f 10400 10135 10398
f 10398 10135 10134
f 10398 10134 10396
f 10396 10134 10133
f 10396 10133 10132
f 10396 10132 10394
f 10394 10132 10131
f 10394 10131 10390
f 10390 10131 10392
f 10392 10131 10130
f 10426 10138 10137
f 10426 10137 10424
f 10424 10137 10148
f 10424 10148 10423
f 10423 10148 10147
f 10423 10147 10421
f 10421 10147 10419
f 10419 10147 10146
f 10419 10146 10417
f 10417 10146 10145
f 10417 10145 10144
f 10417 10144 10415
f 10415 10144 10143
f 10415 10143 10411
f 10411 10143 10413
f 10413 10143 10142
f 10447 10150 10149
f 10447 10149 10445
f 10445 10149 10160
f 10445 10160 10444
f 10444 10160 10159
f 10444 10159 10442
f 10442 10159 10440
f 10440 10159 10158
f 10440 10158 10438
f 10438 10158 10157
f 10438 10157 10156
f 10438 10156 10436
f 10436 10156 10155
f 10436 10155 10432
f 10432 10155 10434
f 10434 10155 10154
f 10468 10162 10161
f 10468 10161 10466
f 10466 10161 10172
f 10466 10172 10465
f 10465 10172 10171
f 10465 10171 10463
f 10463 10171 10461
f 10461 10171 10170
f 10461 10170 10459
f 10459 10170 10169
f 10459 10169 10168
f 10459 10168 10457
f 10457 10168 10167
f 10457 10167 10453
f 10453 10167 10455
f 10455 10167 10166
f 10489 10174 10173
f 10489 10173 10487
f 10487 10173 10184
f 10487 10184 10486
f 10486 10184 10183
f 10486 10183 10484
f 10484 10183 10482
f 10482 10183 10182
f 10482 10182 10480
f 10480 10182 10181
f 10480 10181 10180
f 10480 10180 10478
f 10478 10180 10179
f 10478 10179 10474
f 10474 10179 10476
f 10476 10179 10178
f 10510 10186 10185
f 10510 10185 10508
f 10508 10185 10196
f 10508 10196 10507
f 10507 10196 10195
f 10507 10195 10505
f 10505 10195 10503
f 10503 10195 10194
f 10503 10194 10501
f 10501 10194 10193
f 10501 10193 10192
f 10501 10192 10499
f 10499 10192 10191
f 10499 10191 10495
f 10495 10191 10497
f 10497 10191 10190
f 10531 10198 10197
f 10531 10197 10529
f 10529 10197 10208
f 10529 10208 10528
f 10528 10208 10207
f 10528 10207 10526
f 10526 10207 10524
f 10524 10207 10206
f 10524 10206 10522
f 10522 10206 10205
f 10522 10205 10204
f 10522 10204 10520
f 10520 10204 10203
f 10520 10203 10516
f 10516 10203 10518
f 10518 10203 10202
f 10552 10210 10209
f 10552 10209 10550
f 10550 10209 10220
f 10550 10220 10549
f 10549 10220 10219
f 10549 10219 10547
f 10547 10219 10545
f 10545 10219 10218
f 10545 10218 10543
f 10543 10218 10217
f 10543 10217 10216
f 10543 10216 10541
f 10541 10216 10215
f 10541 10215 10537
f 10537 10215 10539
f 10539 10215 10214
f 10223 10240 10221
f 10221 10240 10227
f 10227 10240 10238
f 10227 10238 10229
f 10229 10238 10236
f 10229 10236 10231
f 10231 10236 10233
f 10244 10261 10242
f 10242 10261 10248
f 10248 10261 10259
f 10248 10259 10250
f 10250 10259 10257
f 10250 10257 10252
f 10252 10257 10254
f 10265 10282 10263
f 10263 10282 10269
f 10269 10282 10280
f 10269 10280 10271
f 10271 10280 10278
f 10271 10278 10273
f 10273 10278 10275
f 10286 10303 10284
f 10284 10303 10290
f 10290 10303 10301
f 10290 10301 10292
f 10292 10301 10299
f 10292 10299 10294
f 10294 10299 10296
f 10307 10324 10305
f 10305 10324 10311
f 10311 10324 10322
f 10311 10322 10313
f 10313 10322 10320
f 10313 10320 10315
f 10315 10320 10317
f 10328 10345 10326
f 10326 10345 10332
f 10332 10345 10343
f 10332 10343 10334
f 10334 10343 10341
f 10334 10341 10336
f 10336 10341 10338
f 10349 10366 10347
f 10347 10366 10353
f 10353 10366 10364
f 10353 10364 10355
f 10355 10364 10362
f 10355 10362 10357
f 10357 10362 10359
f 10370 10387 10368
f 10368 10387 10374
f 10374 10387 10385
f 10374 10385 10376
f 10376 10385 10383
f 10376 10383 10378
f 10378 10383 10380
f 10391 10408 10389
f 10389 10408 10395
f 10395 10408 10406
f 10395 10406 10397
f 10397 10406 10404
f 10397 10404 10399
f 10399 10404 10401
f 10412 10429 10410
f 10410 10429 10416
f 10416 10429 10427
f 10416 10427 10418
f 10418 10427 10425
f 10418 10425 10420
f 10420 10425 10422
f 10433 10450 10431
f 10431 10450 10437
f 10437 10450 10448
f 10437 10448 10439
f 10439 10448 10446
f 10439 10446 10441
f 10441 10446 10443
f 10454 10471 10452
f 10452 10471 10458
f 10458 10471 10469
f 10458 10469 10460
f 10460 10469 10467
f 10460 10467 10462
f 10462 10467 10464
f 10475 10492 10473
f 10473 10492 10479
f 10479 10492 10490
f 10479 10490 10481
f 10481 10490 10488
f 10481 10488 10483
f 10483 10488 10485
f 10496 10513 10494
f 10494 10513 10500
f 10500 10513 10511
f 10500 10511 10502
f 10502 10511 10509
f 10502 10509 10504
f 10504 10509 10506
f 10517 10534 10515
f 10515 10534 10521
f 10521 10534 10532
f 10521 10532 10523
f 10523 10532 10530
f 10523 10530 10525
f 10525 10530 10527
f 10538 10555 10536
f 10536 10555 10542
f 10542 10555 10553
f 10542 10553 10544
f 10544 10553 10551
f 10544 10551 10546
f 10546 10551 10548
f 10583 10559 10582
f 10582 10559 10576
f 10595 10594 10565
f 10565 10594 10566
f 10587 10569 10592
f 10592 10569 10568
f 10562 10577 10563
f 10563 10577 10578
f 10580 10557 10581
f 10581 10557 10558
f 10571 10590 10572
f 10572 10590 10589
f 10557 10580 10561
f 10561 10580 10579
f 10561 10579 10597
f 10561 10597 10598
f 10598 10597 10577
f 10598 10577 10562
f 10587 10599 10569
f 10569 10599 10600
f 10600 10599 10591
f 10600 10591 10570
f 10570 10591 10571
f 10571 10591 10590
f 10589 10588 10572
f 10572 10588 10574
f 10574 10588 10601
f 10601 10588 10602
f 10601 10602 10573
f 10573 10602 10586
f 10559 10583 10603
f 10603 10583 10604
f 10603 10604 10560
f 10560 10604 10584
f 10560 10584 10581
f 10581 10558 10560
f 10566 10594 10567
f 10567 10594 10593
f 10567 10593 10605
f 10567 10605 10606
f 10606 10605 10592
f 10606 10592 10568
f 10563 10578 10607
f 10607 10578 10608
f 10607 10608 10564
f 10564 10608 10596
f 10564 10596 10595
f 10595 10565 10564
f 10609 10610 10611
f 10611 10610 10612
f 10611 10612 10613
f 10613 10612 10614
f 10613 10614 10615
f 10613 10615 10616
f 10616 10615 10617
f 10616 10617 10618
f 10618 10617 10619
f 10618 10619 10620
f 10618 10620 10621
f 10621 10620 10622
f 10621 10622 10623
f 10621 10623 10624
f 10624 10623 10625
f 10624 10625 10626
f 10624 10626 10627
f 10627 10626 10628
f 10627 10628 10629
f 10627 10629 10630
f 10630 10629 10631
f 10630 10631 10632
f 10632 10631 10633
f 10632 10633 10609
f 10632 10609 10611
f 10634 10635 10636
f 10636 10635 10637
f 10636 10637 10638
f 10638 10637 10639
f 10638 10639 10640
f 10638 10640 10641
f 10641 10640 10642
f 10641 10642 10643
f 10643 10642 10644
f 10643 10644 10645
f 10643 10645 10646
f 10646 10645 10647
f 10646 10647 10648
f 10646 10648 10649
f 10649 10648 10650
f 10649 10650 10651
f 10649 10651 10652
f 10652 10651 10653
f 10652 10653 10654
f 10652 10654 10655
f 10655 10654 10656
f 10655 10656 10657
f 10657 10656 10658
f 10657 10658 10634
f 10657 10634 10636
f 10659 10660 10661
f 10661 10660 10662
f 10661 10662 10663
f 10663 10662 10664
f 10663 10664 10665
f 10663 10665 10666
f 10666 10665 10667
f 10666 10667 10668
f 10668 10667 10669
f 10668 10669 10670
f 10668 10670 10671
f 10671 10670 10672
f 10671 10672 10673
f 10671 10673 10674
f 10674 10673 10675
f 10674 10675 10676
f 10674 10676 10677
f 10677 10676 10678
f 10677 10678 10679
f 10677 10679 10680
f 10680 10679 10681
f 10680 10681 10682
f 10682 10681 10683
f 10682 10683 10659
f 10682 10659 10661
f 10684 10685 10686
f 10686 10685 10687
f 10686 10687 10688
f 10688 10687 10689
f 10688 10689 10690
f 10688 10690 10691
f 10691 10690 10692
f 10691 10692 10693
f 10693 10692 10694
f 10693 10694 10695
f 10693 10695 10696
f 10696 10695 10697
f 10696 10697 10698
f 10696 10698 10699
f 10699 10698 10700
f 10699 10700 10701
f 10699 10701 10702
f 10702 10701 10703
f 10702 10703 10704
f 10702 10704 10705
f 10705 10704 10706
f 10705 10706 10707
f 10707 10706 10708
f 10707 10708 10684
f 10707 10684 10686
f 10709 10710 10711
f 10711 10710 10712
f 10711 10712 10713
f 10713 10712 10714
f 10713 10714 10715
f 10713 10715 10716
f 10716 10715 10717
f 10716 10717 10718
f 10718 10717 10719
f 10718 10719 10720
f 10718 10720 10721
f 10721 10720 10722
f 10721 10722 10723
f 10721 10723 10724
f 10724 10723 10725
f 10724 10725 10726
f 10724 10726 10727
f 10727 10726 10728
f 10727 10728 10729
f 10727 10729 10730
f 10730 10729 10731
f 10730 10731 10732
f 10732 10731 10733
f 10732 10733 10709
f 10732 10709 10711
f 10734 10735 10736
f 10736 10735 10737
f 10736 10737 10738
f 10738 10737 10739
f 10738 10739 10740
f 10738 10740 10741
f 10741 10740 10742
f 10741 10742 10743
f 10743 10742 10744
f 10743 10744 10745
f 10743 10745 10746
f 10746 10745 10747
f 10746 10747 10748
f 10746 10748 10749
f 10749 10748 10750
f 10749 10750 10751
f 10749 10751 10752
f 10752 10751 10753
f 10752 10753 10754
f 10752 10754 10755
f 10755 10754 10756
f 10755 10756 10757
f 10757 10756 10758
f 10757 10758 10734
f 10757 10734 10736
f 10759 10760 10761
f 10761 10760 10762
f 10761 10762 10763
f 10763 10762 10764
f 10763 10764 10765
f 10763 10765 10766
f 10766 10765 10767
f 10766 10767 10768
f 10768 10767 10769
f 10768 10769 10770
f 10768 10770 10771
f 10771 10770 10772
f 10771 10772 10773
f 10771 10773 10774
f 10774 10773 10775
f 10774 10775 10776
f 10774 10776 10777
f 10777 10776 10778
f 10777 10778 10779
f 10777 10779 10780
f 10780 10779 10781
f 10780 10781 10782
f 10782 10781 10783
f 10782 10783 10759
f 10782 10759 10761
f 10784 10785 10786
f 10786 10785 10787
f 10786 10787 10788
f 10788 10787 10789
f 10788 10789 10790
f 10788 10790 10791
f 10791 10790 10792
f 10791 10792 10793
f 10793 10792 10794
f 10793 10794 10795
f 10793 10795 10796
f 10796 10795 10797
f 10796 10797 10798
f 10796 10798 10799
f 10799 10798 10800
f 10799 10800 10801
f 10799 10801 10802
f 10802 10801 10803
f 10802 10803 10804
f 10802 10804 10805
f 10805 10804 10806
f 10805 10806 10807
f 10807 10806 10808
f 10807 10808 10784
f 10807 10784 10786
f 10809 10810 10811
f 10811 10810 10812
f 10811 10812 10813
f 10813 10812 10814
f 10813 10814 10815
f 10813 10815 10816
f 10816 10815 10817
f 10816 10817 10818
f 10818 10817 10819
f 10818 10819 10820
f 10818 10820 10821
f 10821 10820 10822
f 10821 10822 10823
f 10821 10823 10824
f 10824 10823 10825
f 10824 10825 10826
f 10824 10826 10827
f 10827 10826 10828
f 10827 10828 10829
f 10827 10829 10830
f 10830 10829 10831
f 10830 10831 10832
f 10832 10831 10833
f 10832 10833 10809
f 10832 10809 10811
f 10834 10835 10836
f 10836 10835 10837
f 10836 10837 10838
f 10838 10837 10839
f 10838 10839 10840
f 10838 10840 10841
f 10841 10840 10842
f 10841 10842 10843
f 10843 10842 10844
f 10843 10844 10845
f 10843 10845 10846
f 10846 10845 10847
f 10846 10847 10848
f 10846 10848 10849
f 10849 10848 10850
f 10849 10850 10851
f 10849 10851 10852
f 10852 10851 10853
f 10852 10853 10854
f 10852 10854 10855
f 10855 10854 10856
f 10855 10856 10857
f 10857 10856 10858
f 10857 10858 10834
f 10857 10834 10836
f 10859 10860 10861
f 10861 10860 10862
f 10861 10862 10863
f 10863 10862 10864
f 10863 10864 10865
f 10863 10865 10866
f 10866 10865 10867
f 10866 10867 10868
f 10868 10867 10869
f 10868 10869 10870
f 10868 10870 10871
f 10871 10870 10872
f 10871 10872 10873
f 10871 10873 10874
f 10874 10873 10875
f 10874 10875 10876
f 10874 10876 10877
f 10877 10876 10878
f 10877 10878 10879
f 10877 10879 10880
f 10880 10879 10881
f 10880 10881 10882
f 10882 10881 10883
f 10882 10883 10859
f 10882 10859 10861
f 10884 10885 10886
f 10886 10885 10887
f 10886 10887 10888
f 10888 10887 10889
f 10888 10889 10890
f 10888 10890 10891
f 10891 10890 10892
f 10891 10892 10893
f 10893 10892 10894
f 10893 10894 10895
f 10893 10895 10896
f 10896 10895 10897
f 10896 10897 10898
f 10896 10898 10899
f 10899 10898 10900
f 10899 10900 10901
f 10899 10901 10902
f 10902 10901 10903
f 10902 10903 10904
f 10902 10904 10905
f 10905 10904 10906
f 10905 10906 10907
f 10907 10906 10908
f 10907 10908 10884
f 10907 10884 10886
f 10909 10910 10911
f 10911 10910 10912
f 10911 10912 10913
f 10913 10912 10914
f 10913 10914 10915
f 10913 10915 10916
f 10916 10915 10917
f 10916 10917 10918
f 10918 10917 10919
f 10918 10919 10920
f 10918 10920 10921
f 10921 10920 10922
f 10921 10922 10923
f 10921 10923 10924
f 10924 10923 10925
f 10924 10925 10926
f 10924 10926 10927
f 10927 10926 10928
f 10927 10928 10929
f 10927 10929 10930
f 10930 10929 10931
f 10930 10931 10932
f 10932 10931 10933
f 10932 10933 10909
f 10932 10909 10911
f 10934 10935 10936
f 10936 10935 10937
f 10936 10937 10938
f 10938 10937 10939
f 10938 10939 10940
f 10938 10940 10941
f 10941 10940 10942
f 10941 10942 10943
f 10943 10942 10944
f 10943 10944 10945
f 10943 10945 10946
f 10946 10945 10947
f 10946 10947 10948
f 10946 10948 10949
f 10949 10948 10950
f 10949 10950 10951
f 10949 10951 10952
f 10952 10951 10953
f 10952 10953 10954
f 10952 10954 10955
f 10955 10954 10956
f 10955 10956 10957
f 10957 10956 10958
f 10957 10958 10934
f 10957 10934 10936
f 10959 10960 10961
f 10961 10960 10962
f 10961 10962 10963
f 10963 10962 10964
f 10963 10964 10965
f 10963 10965 10966
f 10966 10965 10967
f 10966 10967 10968
f 10968 10967 10969
f 10968 10969 10970
f 10968 10970 10971
f 10971 10970 10972
f 10971 10972 10973
f 10971 10973 10974
f 10974 10973 10975
f 10974 10975 10976
f 10974 10976 10977
f 10977 10976 10978
f 10977 10978 10979
f 10977 10979 10980
f 10980 10979 10981
f 10980 10981 10982
f 10982 10981 10983
f 10982 10983 10959
f 10982 10959 10961
f 10984 10985 10986
f 10986 10985 10987
f 10986 10987 10988
f 10988 10987 10989
f 10988 10989 10990
f 10988 10990 10991
f 10991 10990 10992
f 10991 10992 10993
f 10993 10992 10994
f 10993 10994 10995
f 10993 10995 10996
f 10996 10995 10997
f 10996 10997 10998
f 10996 10998 10999
f 10999 10998 11000
f 10999 11000 11001
f 10999 11001 11002
f 11002 11001 11003
f 11002 11003 11004
f 11002 11004 11005
f 11005 11004 11006
f 11005 11006 11007
f 11007 11006 11008
f 11007 11008 10984
f 11007 10984 10986
f 11009 11010 11011
f 11011 11010 11012
f 11011 11012 11013
f 11014 11015 11009
f 11009 11015 11016
f 11009 11016 11010
f 11015 11014 11017
f 11017 11014 11018
f 11017 11018 11019
f 11019 11018 11020
f 11020 11018 11021
f 11020 11021 11022
f 11022 11021 11023
f 11023 11021 11024
f 11023 11024 11025
f 11025 11024 11026
f 11026 11024 11027
f 11026 11027 11028
f 11028 11027 11029
f 11029 11027 11030
f 11029 11030 11031
f 11031 11030 11032
f 11031 11032 11033
f 11033 11032 11013
f 11013 11032 11011
f 11034 11035 11036
f 11036 11035 11037
f 11036 11037 11038
f 11039 11040 11034
f 11034 11040 11041
f 11034 11041 11035
f 11040 11039 11042
f 11042 11039 11043
f 11042 11043 11044
f 11044 11043 11045
f 11045 11043 11046
f 11045 11046 11047
f 11047 11046 11048
f 11048 11046 11049
f 11048 11049 11050
f 11050 11049 11051
f 11051 11049 11052
f 11051 11052 11053
f 11053 11052 11054
f 11054 11052 11055
f 11054 11055 11056
f 11056 11055 11057
f 11056 11057 11058
f 11058 11057 11038
f 11038 11057 11036
f 11059 11060 11061
f 11061 11060 11062
f 11061 11062 11063
f 11064 11065 11059
f 11059 11065 11066
f 11059 11066 11060
f 11065 11064 11067
f 11067 11064 11068
f 11067 11068 11069
f 11069 11068 11070
f 11070 11068 11071
f 11070 11071 11072
f 11072 11071 11073
f 11073 11071 11074
f 11073 11074 11075
f 11075 11074 11076
f 11076 11074 11077
f 11076 11077 11078
f 11078 11077 11079
f 11079 11077 11080
f 11079 11080 11081
f 11081 11080 11082
f 11081 11082 11083
f 11083 11082 11063
f 11063 11082 11061
f 11084 11085 11086
f 11086 11085 11087
f 11086 11087 11088
f 11089 11090 11084
f 11084 11090 11091
f 11084 11091 11085
f 11090 11089 11092
f 11092 11089 11093
f 11092 11093 11094
f 11094 11093 11095
f 11095 11093 11096
f 11095 11096 11097
f 11097 11096 11098
f 11098 11096 11099
f 11098 11099 11100
f 11100 11099 11101
f 11101 11099 11102
f 11101 11102 11103
f 11103 11102 11104
f 11104 11102 11105
f 11104 11105 11106
f 11106 11105 11107
f 11106 11107 11108
f 11108 11107 11088
f 11088 11107 11086
f 11109 11110 11111
f 11111 11110 11112
f 11111 11112 11113
f 11114 11115 11109
f 11109 11115 11116
f 11109 11116 11110
f 11115 11114 11117
f 11117 11114 11118
f 11117 11118 11119
f 11119 11118 11120
f 11120 11118 11121
f 11120 11121 11122
f 11122 11121 11123
f 11123 11121 11124
f 11123 11124 11125
f 11125 11124 11126
f 11126 11124 11127
f 11126 11127 11128
f 11128 11127 11129
f 11129 11127 11130
f 11129 11130 11131
f 11131 11130 11132
f 11131 11132 11133
f 11133 11132 11113
f 11113 11132 11111
f 11134 11135 11136
f 11136 11135 11137
f 11136 11137 11138
f 11139 11140 11134
f 11134 11140 11141
f 11134 11141 11135
f 11140 11139 11142
f 11142 11139 11143
f 11142 11143 11144
f 11144 11143 11145
f 11145 11143 11146
f 11145 11146 11147
f 11147 11146 11148
f 11148 11146 11149
f 11148 11149 11150
f 11150 11149 11151
f 11151 11149 11152
f 11151 11152 11153
f 11153 11152 11154
f 11154 11152 11155
f 11154 11155 11156
f 11156 11155 11157
f 11156 11157 11158
f 11158 11157 11138
f 11138 11157 11136
f 11159 11160 11161
f 11161 11160 11162
f 11161 11162 11163
f 11164 11165 11159
f 11159 11165 11166
f 11159 11166 11160
f 11165 11164 11167
f 11167 11164 11168
f 11167 11168 11169
f 11169 11168 11170
f 11170 11168 11171
f 11170 11171 11172
f 11172 11171 11173
f 11173 11171 11174
f 11173 11174 11175
f 11175 11174 11176
f 11176 11174 11177
f 11176 11177 11178
f 11178 11177 11179
f 11179 11177 11180
f 11179 11180 11181
f 11181 11180 11182
f 11181 11182 11183
f 11183 11182 11163
f 11163 11182 11161
f 11184 11185 11186
f 11186 11185 11187
f 11186 11187 11188
f 11189 11190 11184
f 11184 11190 11191
f 11184 11191 11185
f 11190 11189 11192
f 11192 11189 11193
f 11192 11193 11194
f 11194 11193 11195
f 11195 11193 11196
f 11195 11196 11197
f 11197 11196 11198
f 11198 11196 11199
f 11198 11199 11200
f 11200 11199 11201
f 11201 11199 11202
f 11201 11202 11203
f 11203 11202 11204
f 11204 11202 11205
f 11204 11205 11206
f 11206 11205 11207
f 11206 11207 11208
f 11208 11207 11188
f 11188 11207 11186
f 11209 11210 11211
f 11211 11210 11212
f 11211 11212 11213
f 11214 11215 11209
f 11209 11215 11216
f 11209 11216 11210
f 11215 11214 11217
f 11217 11214 11218
f 11217 11218 11219
f 11219 11218 11220
f 11220 11218 11221
f 11220 11221 11222
f 11222 11221 11223
f 11223 11221 11224
f 11223 11224 11225
f 11225 11224 11226
f 11226 11224 11227
f 11226 11227 11228
f 11228 11227 11229
f 11229 11227 11230
f 11229 11230 11231
f 11231 11230 11232
f 11231 11232 11233
f 11233 11232 11213
f 11213 11232 11211
f 11234 11235 11236
f 11236 11235 11237
f 11236 11237 11238
f 11239 11240 11234
f 11234 11240 11241
f 11234 11241 11235
f 11240 11239 11242
f 11242 11239 11243
f 11242 11243 11244
f 11244 11243 11245
f 11245 11243 11246
f 11245 11246 11247
f 11247 11246 11248
f 11248 11246 11249
f 11248 11249 11250
f 11250 11249 11251
f 11251 11249 11252
f 11251 11252 11253
f 11253 11252 11254
f 11254 11252 11255
f 11254 11255 11256
f 11256 11255 11257
f 11256 11257 11258
f 11258 11257 11238
f 11238 11257 11236
f 11259 11260 11261
f 11261 11260 11262
f 11261 11262 11263
f 11264 11265 11259
f 11259 11265 11266
f 11259 11266 11260
f 11265 11264 11267
f 11267 11264 11268
f 11267 11268 11269
f 11269 11268 11270
f 11270 11268 11271
f 11270 11271 11272
f 11272 11271 11273
f 11273 11271 11274
f 11273 11274 11275
f 11275 11274 11276
f 11276 11274 11277
f 11276 11277 11278
f 11278 11277 11279
f 11279 11277 11280
f 11279 11280 11281
f 11281 11280 11282
f 11281 11282 11283
f 11283 11282 11263
f 11263 11282 11261
f 11284 11285 11286
f 11286 11285 11287
f 11286 11287 11288
f 11289 11290 11284
f 11284 11290 11291
f 11284 11291 11285
f 11290 11289 11292
f 11292 11289 11293
f 11292 11293 11294
f 11294 11293 11295
f 11295 11293 11296
f 11295 11296 11297
f 11297 11296 11298
f 11298 11296 11299
f 11298 11299 11300
f 11300 11299 11301
f 11301 11299 11302
f 11301 11302 11303
f 11303 11302 11304
f 11304 11302 11305
f 11304 11305 11306
f 11306 11305 11307
f 11306 11307 11308
f 11308 11307 11288
f 11288 11307 11286
f 11309 11310 11311
f 11311 11310 11312
f 11311 11312 11313
f 11314 11315 11309
f 11309 11315 11316
f 11309 11316 11310
f 11315 11314 11317
f 11317 11314 11318
f 11317 11318 11319
f 11319 11318 11320
f 11320 11318 11321
f 11320 11321 11322
f 11322 11321 11323
f 11323 11321 11324
f 11323 11324 11325
f 11325 11324 11326
f 11326 11324 11327
f 11326 11327 11328
f 11328 11327 11329
f 11329 11327 11330
f 11329 11330 11331
f 11331 11330 11332
f 11331 11332 11333
f 11333 11332 11313
f 11313 11332 11311
f 11334 11335 11336
f 11336 11335 11337
f 11336 11337 11338
f 11339 11340 11334
f 11334 11340 11341
f 11334 11341 11335
f 11340 11339 11342
f 11342 11339 11343
f 11342 11343 11344
f 11344 11343 11345
f 11345 11343 11346
f 11345 11346 11347
f 11347 11346 11348
f 11348 11346 11349
f 11348 11349 11350
f 11350 11349 11351
f 11351 11349 11352
f 11351 11352 11353
f 11353 11352 11354
f 11354 11352 11355
f 11354 11355 11356
f 11356 11355 11357
f 11356 11357 11358
f 11358 11357 11338
f 11338 11357 11336
f 11359 11360 11361
f 11361 11360 11362
f 11361 11362 11363
f 11364 11365 11359
f 11359 11365 11366
f 11359 11366 11360
f 11365 11364 11367
f 11367 11364 11368
f 11367 11368 11369
f 11369 11368 11370
f 11370 11368 11371
f 11370 11371 11372
f 11372 11371 11373
f 11373 11371 11374
f 11373 11374 11375
f 11375 11374 11376
f 11376 11374 11377
f 11376 11377 11378
f 11378 11377 11379
f 11379 11377 11380
f 11379 11380 11381
f 11381 11380 11382
f 11381 11382 11383
f 11383 11382 11363
f 11363 11382 11361
f 11384 11385 11386
f 11386 11385 11387
f 11386 11387 11388
f 11389 11390 11384
f 11384 11390 11391
f 11384 11391 11385
f 11390 11389 11392
f 11392 11389 11393
f 11392 11393 11394
f 11394 11393 11395
f 11395 11393 11396
f 11395 11396 11397
f 11397 11396 11398
f 11398 11396 11399
f 11398 11399 11400
f 11400 11399 11401
f 11401 11399 11402
f 11401 11402 11403
f 11403 11402 11404
f 11404 11402 11405
f 11404 11405 11406
f 11406 11405 11407
f 11406 11407 11408
f 11408 11407 11388
f 11388 11407 11386
f 11409 11011 11410
f 11410 11011 11032
f 11410 11032 11411
f 11411 11032 11030
f 11411 11030 11412
f 11412 11030 11027
f 11412 11027 11413
f 11413 11027 11024
f 11413 11024 11414
f 11414 11024 11021
f 11414 11021 11415
f 11415 11021 11018
f 11415 11018 11416
f 11416 11018 11014
f 11416 11014 11417
f 11417 11014 11009
f 11417 11009 11409
f 11409 11009 11011
f 11418 11036 11419
f 11419 11036 11057
f 11419 11057 11420
f 11420 11057 11055
f 11420 11055 11421
f 11421 11055 11052
f 11421 11052 11422
f 11422 11052 11049
f 11422 11049 11423
f 11423 11049 11046
f 11423 11046 11424
f 11424 11046 11043
f 11424 11043 11425
f 11425 11043 11039
f 11425 11039 11426
f 11426 11039 11034
f 11426 11034 11418
f 11418 11034 11036
f 11427 11061 11428
f 11428 11061 11082
f 11428 11082 11429
f 11429 11082 11080
f 11429 11080 11430
f 11430 11080 11077
f 11430 11077 11431
f 11431 11077 11074
f 11431 11074 11432
f 11432 11074 11071
f 11432 11071 11433
f 11433 11071 11068
f 11433 11068 11434
f 11434 11068 11064
f 11434 11064 11435
f 11435 11064 11059
f 11435 11059 11427
f 11427 11059 11061
f 11436 11086 11437
f 11437 11086 11107
f 11437 11107 11438
f 11438 11107 11105
f 11438 11105 11439
f 11439 11105 11102
f 11439 11102 11440
f 11440 11102 11099
f 11440 11099 11441
f 11441 11099 11096
f 11441 11096 11442
f 11442 11096 11093
f 11442 11093 11443
f 11443 11093 11089
f 11443 11089 11444
f 11444 11089 11084
f 11444 11084 11436
f 11436 11084 11086
f 11445 11111 11446
f 11446 11111 11132
f 11446 11132 11447
f 11447 11132 11130
f 11447 11130 11448
f 11448 11130 11127
f 11448 11127 11449
f 11449 11127 11124
f 11449 11124 11450
f 11450 11124 11121
f 11450 11121 11451
f 11451 11121 11118
f 11451 11118 11452
f 11452 11118 11114
f 11452 11114 11453
f 11453 11114 11109
f 11453 11109 11445
f 11445 11109 11111
f 11454 11136 11455
f 11455 11136 11157
f 11455 11157 11456
f 11456 11157 11155
f 11456 11155 11457
f 11457 11155 11152
f 11457 11152 11458
f 11458 11152 11149
f 11458 11149 11459
f 11459 11149 11146
f 11459 11146 11460
f 11460 11146 11143
f 11460 11143 11461
f 11461 11143 11139
f 11461 11139 11462
f 11462 11139 11134
f 11462 11134 11454
f 11454 11134 11136
f 11463 11161 11464
f 11464 11161 11182
f 11464 11182 11465
f 11465 11182 11180
f 11465 11180 11466
f 11466 11180 11177
f 11466 11177 11467
f 11467 11177 11174
f 11467 11174 11468
f 11468 11174 11171
f 11468 11171 11469
f 11469 11171 11168
f 11469 11168 11470
f 11470 11168 11164
f 11470 11164 11471
f 11471 11164 11159
f 11471 11159 11463
f 11463 11159 11161
f 11472 11186 11473
f 11473 11186 11207
f 11473 11207 11474
f 11474 11207 11205
f 11474 11205 11475
f 11475 11205 11202
f 11475 11202 11476
f 11476 11202 11199
f 11476 11199 11477
f 11477 11199 11196
f 11477 11196 11478
f 11478 11196 11193
f 11478 11193 11479
f 11479 11193 11189
f 11479 11189 11480
f 11480 11189 11184
f 11480 11184 11472
f 11472 11184 11186
f 11481 11211 11482
f 11482 11211 11232
f 11482 11232 11483
f 11483 11232 11230
f 11483 11230 11484
f 11484 11230 11227
f 11484 11227 11485
f 11485 11227 11224
f 11485 11224 11486
f 11486 11224 11221
f 11486 11221 11487
f 11487 11221 11218
f 11487 11218 11488
f 11488 11218 11214
f 11488 11214 11489
f 11489 11214 11209
f 11489 11209 11481
f 11481 11209 11211
f 11490 11236 11491
f 11491 11236 11257
f 11491 11257 11492
f 11492 11257 11255
f 11492 11255 11493
f 11493 11255 11252
f 11493 11252 11494
f 11494 11252 11249
f 11494 11249 11495
f 11495 11249 11246
f 11495 11246 11496
f 11496 11246 11243
f 11496 11243 11497
f 11497 11243 11239
f 11497 11239 11498
f 11498 11239 11234
f 11498 11234 11490
f 11490 11234 11236
f 11499 11261 11500
f 11500 11261 11282
f 11500 11282 11501
f 11501 11282 11280
f 11501 11280 11502
f 11502 11280 11277
f 11502 11277 11503
f 11503 11277 11274
f 11503 11274 11504
f 11504 11274 11271
f 11504 11271 11505
f 11505 11271 11268
f 11505 11268 11506
f 11506 11268 11264
f 11506 11264 11507
f 11507 11264 11259
f 11507 11259 11499
f 11499 11259 11261
f 11508 11286 11509
f 11509 11286 11307
f 11509 11307 11510
f 11510 11307 11305
f 11510 11305 11511
f 11511 11305 11302
f 11511 11302 11512
f 11512 11302 11299
f 11512 11299 11513
f 11513 11299 11296
f 11513 11296 11514
f 11514 11296 11293
f 11514 11293 11515
f 11515 11293 11289
f 11515 11289 11516
f 11516 11289 11284
f 11516 11284 11508
f 11508 11284 11286
f 11517 11311 11518
f 11518 11311 11332
f 11518 11332 11519
f 11519 11332 11330
f 11519 11330 11520
f 11520 11330 11327
f 11520 11327 11521
f 11521 11327 11324
f 11521 11324 11522
f 11522 11324 11321
f 11522 11321 11523
f 11523 11321 11318
f 11523 11318 11524
f 11524 11318 11314
f 11524 11314 11525
f 11525 11314 11309
f 11525 11309 11517
f 11517 11309 11311
f 11526 11336 11527
f 11527 11336 11357
f 11527 11357 11528
f 11528 11357 11355
f 11528 11355 11529
f 11529 11355 11352
f 11529 11352 11530
f 11530 11352 11349
f 11530 11349 11531
f 11531 11349 11346
f 11531 11346 11532
f 11532 11346 11343
f 11532 11343 11533
f 11533 11343 11339
f 11533 11339 11534
f 11534 11339 11334
f 11534 11334 11526
f 11526 11334 11336
f 11535 11361 11536
f 11536 11361 11382
f 11536 11382 11537
f 11537 11382 11380
f 11537 11380 11538
f 11538 11380 11377
f 11538 11377 11539
f 11539 11377 11374
f 11539 11374 11540
f 11540 11374 11371
f 11540 11371 11541
f 11541 11371 11368
f 11541 11368 11542
f 11542 11368 11364
f 11542 11364 11543
f 11543 11364 11359
f 11543 11359 11535
f 11535 11359 11361
f 11544 11386 11545
f 11545 11386 11407
f 11545 11407 11546
f 11546 11407 11405
f 11546 11405 11547
f 11547 11405 11402
f 11547 11402 11548
f 11548 11402 11399
f 11548 11399 11549
f 11549 11399 11396
f 11549 11396 11550
f 11550 11396 11393
f 11550 11393 11551
f 11551 11393 11389
f 11551 11389 11552
f 11552 11389 11384
f 11552 11384 11544
f 11544 11384 11386
f 11553 11554 11555
f 11555 11554 11556
f 11555 11556 11557
f 11557 11556 11558
f 11558 11556 11559
f 11558 11559 11560
f 11561 11562 11553
f 11553 11562 11554
f 11555 11557 11563
f 11563 11557 11564
f 11563 11564 11565
f 11565 11564 11566
f 11566 11564 11567
f 11566 11567 11568
f 11568 11567 11569
f 11563 11565 11570
f 11570 11565 11571
f 11570 11571 11572
f 11563 11573 11555
f 11555 11573 11574
f 11575 11554 11576
f 11576 11554 11562
f 11576 11562 11577
f 11577 11562 11578
f 11578 11562 11561
f 11578 11561 11579
f 11579 11561 11553
f 11579 11553 11580
f 11580 11553 11574
f 11574 11553 11555
f 11575 11581 11554
f 11554 11581 11556
f 11582 11557 11583
f 11583 11557 11558
f 11583 11558 11584
f 11584 11558 11560
f 11584 11560 11585
f 11585 11560 11559
f 11585 11559 11586
f 11586 11559 11587
f 11587 11559 11556
f 11587 11556 11581
f 11564 11557 11588
f 11588 11557 11582
f 11589 11566 11590
f 11590 11566 11568
f 11590 11568 11591
f 11591 11568 11592
f 11592 11568 11569
f 11592 11569 11593
f 11593 11569 11567
f 11593 11567 11594
f 11594 11567 11588
f 11588 11567 11564
f 11566 11589 11565
f 11565 11589 11595
f 11573 11563 11596
f 11596 11563 11570
f 11596 11570 11572
f 11571 11597 11572
f 11572 11597 11598
f 11572 11598 11596
f 11565 11599 11571
f 11571 11599 11600
f 11571 11600 11597
f 11565 11595 11599
f 11601 11602 11603
f 11603 11602 11596
f 11596 11602 11573
f 11573 11602 11604
f 11573 11604 11574
f 11574 11604 11580
f 11580 11604 11605
f 11605 11604 11606
f 11580 11605 11579
f 11579 11605 11607
f 11579 11607 11578
f 11578 11607 11608
f 11578 11608 11577
f 11577 11608 11609
f 11577 11609 11576
f 11587 11581 11610
f 11610 11581 11575
f 11610 11575 11609
f 11609 11575 11576
f 11587 11610 11586
f 11586 11610 11611
f 11586 11611 11585
f 11585 11611 11612
f 11585 11612 11584
f 11584 11612 11613
f 11584 11613 11583
f 11594 11588 11614
f 11614 11588 11582
f 11614 11582 11613
f 11613 11582 11583
f 11594 11614 11593
f 11593 11614 11615
f 11593 11615 11592
f 11592 11615 11616
f 11592 11616 11591
f 11591 11616 11617
f 11591 11617 11590
f 11589 11617 11595
f 11595 11617 11618
f 11595 11618 11599
f 11589 11590 11617
f 11599 11618 11600
f 11600 11618 11619
f 11600 11619 11597
f 11597 11619 11620
f 11597 11620 11598
f 11598 11620 11603
f 11598 11603 11596
f 11621 11604 11622
f 11622 11604 11602
f 11601 11623 11602
f 11602 11623 11622
f 11613 11624 11614
f 11614 11624 11625
f 11614 11625 11615
f 11615 11625 11616
f 11616 11625 11617
f 11617 11625 11626
f 11617 11626 11618
f 11618 11626 11619
f 11619 11626 11620
f 11620 11626 11603
f 11603 11626 11601
f 11601 11626 11623
f 11613 11612 11624
f 11624 11612 11611
f 11624 11611 11610
f 11610 11609 11624
f 11624 11609 11627
f 11627 11609 11608
f 11627 11608 11607
f 11607 11605 11627
f 11627 11605 11628
f 11628 11605 11606
f 11604 11621 11606
f 11606 11621 11628
f 11628 11621 11627
f 11627 11621 11629
f 11629 11621 11630
f 11630 11621 11631
f 11631 11621 11622
f 11631 11622 11632
f 11632 11622 11626
f 11626 11622 11623
f 11625 11633 11626
f 11626 11633 11632
f 11634 11633 11635
f 11635 11633 11625
f 11635 11625 11624
f 11635 11636 11634
f 11627 11629 11624
f 11624 11629 11635
f 11630 11631 11637
f 11637 11631 11638
f 11632 11633 11631
f 11631 11633 11634
f 11631 11634 11638
f 11638 11634 11639
f 11636 11640 11634
f 11634 11640 11639
f 11640 11636 11637
f 11637 11636 11630
f 11630 11636 11635
f 11630 11635 11629
f 11637 10666 11640
f 11640 10666 10716
f 11640 10716 10766
f 10766 10716 10718
f 10766 10718 10763
f 10763 10718 10721
f 10763 10721 10761
f 10761 10721 10724
f 10761 10724 10782
f 10782 10724 10727
f 10782 10727 10838
f 10838 10727 10893
f 10838 10893 10896
f 11638 10636 11637
f 11637 10636 10638
f 11637 10638 11007
f 11007 10638 11005
f 11005 10638 10641
f 11005 10641 10643
f 11639 10930 11638
f 11638 10930 10630
f 11638 10630 10632
f 11640 10849 11639
f 11639 10849 10796
f 11639 10796 10799
f 10632 10611 11638
f 11638 10611 10613
f 11638 10613 10982
f 10982 10613 10980
f 10980 10613 10616
f 10980 10616 10977
f 10977 10616 10618
f 10977 10618 10913
f 10913 10618 10621
f 10913 10621 10911
f 10911 10621 10624
f 10911 10624 10932
f 10932 10624 10627
f 10932 10627 10930
f 10930 10627 10630
f 10646 10938 10643
f 10643 10938 11002
f 10643 11002 11005
f 10938 10646 10936
f 10936 10646 10649
f 10936 10649 10957
f 10957 10649 10652
f 10957 10652 10688
f 10688 10652 10968
f 10688 10968 10971
f 10652 10655 10968
f 10968 10655 10966
f 10966 10655 10963
f 10963 10655 10657
f 10963 10657 10961
f 10961 10657 10636
f 10961 10636 11638
f 10663 10996 10661
f 10661 10996 10999
f 10661 10999 10682
f 10682 10999 11002
f 10682 11002 10938
f 10996 10663 10993
f 10993 10663 10666
f 10993 10666 10991
f 10991 10666 11637
f 10991 11637 10988
f 10988 11637 10986
f 10986 11637 11007
f 10666 10668 10716
f 10716 10668 10713
f 10713 10668 10671
f 10713 10671 10711
f 10711 10671 10674
f 10711 10674 10732
f 10732 10674 10677
f 10732 10677 10888
f 10888 10677 10943
f 10888 10943 10946
f 10677 10680 10943
f 10943 10680 10941
f 10941 10680 10938
f 10938 10680 10682
f 10688 10971 10686
f 10686 10971 10974
f 10686 10974 10707
f 10707 10974 10977
f 10707 10977 10913
f 10957 10688 10955
f 10955 10688 10691
f 10955 10691 10693
f 10696 10738 10693
f 10693 10738 10952
f 10693 10952 10955
f 10738 10696 10736
f 10736 10696 10699
f 10736 10699 10757
f 10757 10699 10702
f 10757 10702 10863
f 10863 10702 10918
f 10863 10918 10921
f 10702 10705 10918
f 10918 10705 10916
f 10916 10705 10707
f 10916 10707 10913
f 10727 10730 10893
f 10893 10730 10891
f 10891 10730 10888
f 10888 10730 10732
f 10741 10905 10738
f 10738 10905 10907
f 10738 10907 10952
f 10952 10907 10949
f 10949 10907 10886
f 10949 10886 10946
f 10946 10886 10888
f 10741 10743 10905
f 10905 10743 10902
f 10902 10743 10788
f 10902 10788 10857
f 10857 10788 10855
f 10855 10788 10791
f 10855 10791 10793
f 10743 10746 10788
f 10788 10746 10786
f 10786 10746 10749
f 10786 10749 10807
f 10807 10749 10752
f 10807 10752 10813
f 10813 10752 10868
f 10813 10868 10871
f 10752 10755 10868
f 10868 10755 10866
f 10866 10755 10863
f 10863 10755 10757
f 10766 10768 11640
f 11640 10768 10771
f 11640 10771 10774
f 11640 10774 10846
f 10846 10774 10777
f 10846 10777 10843
f 10843 10777 10780
f 10843 10780 10841
f 10841 10780 10838
f 10838 10780 10782
f 10855 10793 10852
f 10852 10793 10796
f 10852 10796 10849
f 11639 10799 10821
f 10821 10799 10802
f 10821 10802 10818
f 10818 10802 10805
f 10818 10805 10816
f 10816 10805 10813
f 10813 10805 10807
f 10813 10871 10811
f 10811 10871 10874
f 10811 10874 10832
f 10832 10874 10877
f 10832 10877 10830
f 10830 10877 10880
f 10830 10880 11639
f 11639 10880 10930
f 10821 10824 11639
f 11639 10824 10827
f 11639 10827 10830
f 10838 10896 10836
f 10836 10896 10899
f 10836 10899 10857
f 10857 10899 10902
f 10846 10849 11640
f 10863 10921 10861
f 10861 10921 10924
f 10861 10924 10882
f 10882 10924 10927
f 10882 10927 10880
f 10880 10927 10930
f 10982 10961 11638
f 10609 11022 10610
f 10610 11022 11023
f 10610 11023 11025
f 11022 10609 11020
f 11020 10609 10633
f 11020 10633 11019
f 11019 10633 10631
f 11019 10631 11017
f 11017 10631 10629
f 11017 10629 10628
f 11017 10628 11015
f 11015 10628 10626
f 11015 10626 11016
f 11016 10626 10625
f 11016 10625 11010
f 11010 10625 10623
f 11010 10623 11012
f 11012 10623 11013
f 11013 10623 10622
f 11013 10622 11033
f 11033 10622 10620
f 11033 10620 11031
f 11031 10620 10619
f 11031 10619 11029
f 11029 10619 10617
f 11029 10617 10615
f 11029 10615 11028
f 11028 10615 10614
f 11028 10614 11026
f 11026 10614 10612
f 11026 10612 11025
f 11025 10612 10610
f 10634 11047 10635
f 10635 11047 11048
f 10635 11048 11050
f 11047 10634 11045
f 11045 10634 10658
f 11045 10658 11044
f 11044 10658 10656
f 11044 10656 11042
f 11042 10656 10654
f 11042 10654 10653
f 11042 10653 11040
f 11040 10653 10651
f 11040 10651 11041
f 11041 10651 10650
f 11041 10650 11035
f 11035 10650 10648
f 11035 10648 11037
f 11037 10648 11038
f 11038 10648 10647
f 11038 10647 11058
f 11058 10647 10645
f 11058 10645 11056
f 11056 10645 10644
f 11056 10644 11054
f 11054 10644 10642
f 11054 10642 10640
f 11054 10640 11053
f 11053 10640 10639
f 11053 10639 11051
f 11051 10639 10637
f 11051 10637 11050
f 11050 10637 10635
f 10662 10660 11073
f 11073 10660 10659
f 11073 10659 11072
f 11072 10659 10683
f 11072 10683 11070
f 11070 10683 10681
f 11070 10681 11069
f 11069 10681 10679
f 11069 10679 11067
f 11067 10679 11065
f 11065 10679 10678
f 11065 10678 11066
f 11066 10678 10676
f 11066 10676 11060
f 11060 10676 10675
f 11060 10675 11062
f 11062 10675 10673
f 11062 10673 10672
f 11062 10672 11063
f 11063 10672 10670
f 11063 10670 11083
f 11083 10670 10669
f 11083 10669 11081
f 11081 10669 10667
f 11081 10667 11079
f 11079 10667 11078
f 11078 10667 10665
f 11078 10665 11076
f 11076 10665 10664
f 11076 10664 11075
f 11075 10664 10662
f 11075 10662 11073
f 10684 11097 10685
f 10685 11097 11098
f 10685 11098 11100
f 11097 10684 11095
f 11095 10684 10708
f 11095 10708 11094
f 11094 10708 10706
f 11094 10706 11092
f 11092 10706 10704
f 11092 10704 10703
f 11092 10703 11090
f 11090 10703 10701
f 11090 10701 11091
f 11091 10701 10700
f 11091 10700 11085
f 11085 10700 10698
f 11085 10698 11087
f 11087 10698 11088
f 11088 10698 10697
f 11088 10697 11108
f 11108 10697 10695
f 11108 10695 11106
f 11106 10695 10694
f 11106 10694 11104
f 11104 10694 10692
f 11104 10692 10690
f 11104 10690 11103
f 11103 10690 10689
f 11103 10689 11101
f 11101 10689 10687
f 11101 10687 11100
f 11100 10687 10685
f 10712 10710 11123
f 11123 10710 10709
f 11123 10709 11122
f 11122 10709 10733
f 11122 10733 11120
f 11120 10733 10731
f 11120 10731 11119
f 11119 10731 10729
f 11119 10729 11117
f 11117 10729 11115
f 11115 10729 10728
f 11115 10728 11116
f 11116 10728 10726
f 11116 10726 11110
f 11110 10726 10725
f 11110 10725 11112
f 11112 10725 10723
f 11112 10723 10722
f 11112 10722 11113
f 11113 10722 10720
f 11113 10720 11133
f 11133 10720 10719
f 11133 10719 11131
f 11131 10719 10717
f 11131 10717 11129
f 11129 10717 11128
f 11128 10717 10715
f 11128 10715 11126
f 11126 10715 10714
f 11126 10714 11125
f 11125 10714 10712
f 11125 10712 11123
f 10737 10735 11148
f 11148 10735 10734
f 11148 10734 11147
f 11147 10734 10758
f 11147 10758 11145
f 11145 10758 10756
f 11145 10756 11144
f 11144 10756 10754
f 11144 10754 11142
f 11142 10754 11140
f 11140 10754 10753
f 11140 10753 11141
f 11141 10753 10751
f 11141 10751 11135
f 11135 10751 10750
f 11135 10750 11137
f 11137 10750 10748
f 11137 10748 10747
f 11137 10747 11138
f 11138 10747 10745
f 11138 10745 11158
f 11158 10745 10744
f 11158 10744 11156
f 11156 10744 10742
f 11156 10742 11154
f 11154 10742 11153
f 11153 10742 10740
f 11153 10740 11151
f 11151 10740 10739
f 11151 10739 11150
f 11150 10739 10737
f 11150 10737 11148
f 10762 10760 11173
f 11173 10760 10759
f 11173 10759 11172
f 11172 10759 10783
f 11172 10783 11170
f 11170 10783 10781
f 11170 10781 11169
f 11169 10781 10779
f 11169 10779 11167
f 11167 10779 11165
f 11165 10779 10778
f 11165 10778 11166
f 11166 10778 10776
f 11166 10776 11160
f 11160 10776 10775
f 11160 10775 11162
f 11162 10775 10773
f 11162 10773 10772
f 11162 10772 11163
f 11163 10772 10770
f 11163 10770 11183
f 11183 10770 10769
f 11183 10769 11181
f 11181 10769 10767
f 11181 10767 11179
f 11179 10767 11178
f 11178 10767 10765
f 11178 10765 11176
f 11176 10765 10764
f 11176 10764 11175
f 11175 10764 10762
f 11175 10762 11173
f 10784 11197 10785
f 10785 11197 11198
f 10785 11198 11200
f 11197 10784 11195
f 11195 10784 10808
f 11195 10808 11194
f 11194 10808 10806
f 11194 10806 11192
f 11192 10806 10804
f 11192 10804 10803
f 11192 10803 11190
f 11190 10803 10801
f 11190 10801 11191
f 11191 10801 10800
f 11191 10800 11185
f 11185 10800 10798
f 11185 10798 11187
f 11187 10798 11188
f 11188 10798 10797
f 11188 10797 11208
f 11208 10797 10795
f 11208 10795 11206
f 11206 10795 10794
f 11206 10794 11204
f 11204 10794 10792
f 11204 10792 10790
f 11204 10790 11203
f 11203 10790 10789
f 11203 10789 11201
f 11201 10789 10787
f 11201 10787 11200
f 11200 10787 10785
f 10812 10810 11223
f 11223 10810 10809
f 11223 10809 11222
f 11222 10809 10833
f 11222 10833 11220
f 11220 10833 10831
f 11220 10831 11219
f 11219 10831 10829
f 11219 10829 11217
f 11217 10829 11215
f 11215 10829 10828
f 11215 10828 11216
f 11216 10828 10826
f 11216 10826 11210
f 11210 10826 10825
f 11210 10825 11212
f 11212 10825 10823
f 11212 10823 10822
f 11212 10822 11213
f 11213 10822 10820
f 11213 10820 11233
f 11233 10820 10819
f 11233 10819 11231
f 11231 10819 10817
f 11231 10817 11229
f 11229 10817 11228
f 11228 10817 10815
f 11228 10815 11226
f 11226 10815 10814
f 11226 10814 11225
f 11225 10814 10812
f 11225 10812 11223
f 10834 11247 10835
f 10835 11247 11248
f 10835 11248 11250
f 11247 10834 11245
f 11245 10834 10858
f 11245 10858 11244
f 11244 10858 10856
f 11244 10856 11242
f 11242 10856 10854
f 11242 10854 10853
f 11242 10853 11240
f 11240 10853 10851
f 11240 10851 11241
f 11241 10851 10850
f 11241 10850 11235
f 11235 10850 10848
f 11235 10848 11237
f 11237 10848 11238
f 11238 10848 10847
f 11238 10847 11258
f 11258 10847 10845
f 11258 10845 11256
f 11256 10845 10844
f 11256 10844 11254
f 11254 10844 10842
f 11254 10842 10840
f 11254 10840 11253
f 11253 10840 10839
f 11253 10839 11251
f 11251 10839 10837
f 11251 10837 11250
f 11250 10837 10835
f 10862 10860 11273
f 11273 10860 10859
f 11273 10859 11272
f 11272 10859 10883
f 11272 10883 11270
f 11270 10883 10881
f 11270 10881 11269
f 11269 10881 10879
f 11269 10879 11267
f 11267 10879 11265
f 11265 10879 10878
f 11265 10878 11266
f 11266 10878 10876
f 11266 10876 11260
f 11260 10876 10875
f 11260 10875 11262
f 11262 10875 10873
f 11262 10873 10872
f 11262 10872 11263
f 11263 10872 10870
f 11263 10870 11283
f 11283 10870 10869
f 11283 10869 11281
f 11281 10869 10867
f 11281 10867 11279
f 11279 10867 11278
f 11278 10867 10865
f 11278 10865 11276
f 11276 10865 10864
f 11276 10864 11275
f 11275 10864 10862
f 11275 10862 11273
f 10887 10885 11298
f 11298 10885 10884
f 11298 10884 11297
f 11297 10884 10908
f 11297 10908 11295
f 11295 10908 10906
f 11295 10906 11294
f 11294 10906 10904
f 11294 10904 11292
f 11292 10904 11290
f 11290 10904 10903
f 11290 10903 11291
f 11291 10903 10901
f 11291 10901 11285
f 11285 10901 10900
f 11285 10900 11287
f 11287 10900 10898
f 11287 10898 10897
f 11287 10897 11288
f 11288 10897 10895
f 11288 10895 11308
f 11308 10895 10894
f 11308 10894 11306
f 11306 10894 10892
f 11306 10892 11304
f 11304 10892 11303
f 11303 10892 10890
f 11303 10890 11301
f 11301 10890 10889
f 11301 10889 11300
f 11300 10889 10887
f 11300 10887 11298
f 10912 10910 11323
f 11323 10910 10909
f 11323 10909 11322
f 11322 10909 10933
f 11322 10933 11320
f 11320 10933 10931
f 11320 10931 11319
f 11319 10931 10929
f 11319 10929 11317
f 11317 10929 11315
f 11315 10929 10928
f 11315 10928 11316
f 11316 10928 10926
f 11316 10926 11310
f 11310 10926 10925
f 11310 10925 11312
f 11312 10925 10923
f 11312 10923 10922
f 11312 10922 11313
f 11313 10922 10920
f 11313 10920 11333
f 11333 10920 10919
f 11333 10919 11331
f 11331 10919 10917
f 11331 10917 11329
f 11329 10917 11328
f 11328 10917 10915
f 11328 10915 11326
f 11326 10915 10914
f 11326 10914 11325
f 11325 10914 10912
f 11325 10912 11323
f 10934 11347 10935
f 10935 11347 11348
f 10935 11348 11350
f 11347 10934 11345
f 11345 10934 10958
f 11345 10958 11344
f 11344 10958 10956
f 11344 10956 11342
f 11342 10956 10954
f 11342 10954 10953
f 11342 10953 11340
f 11340 10953 10951
f 11340 10951 11341
f 11341 10951 10950
f 11341 10950 11335
f 11335 10950 10948
f 11335 10948 11337
f 11337 10948 11338
f 11338 10948 10947
f 11338 10947 11358
f 11358 10947 10945
f 11358 10945 11356
f 11356 10945 10944
f 11356 10944 11354
f 11354 10944 10942
f 11354 10942 10940
f 11354 10940 11353
f 11353 10940 10939
f 11353 10939 11351
f 11351 10939 10937
f 11351 10937 11350
f 11350 10937 10935
f 10959 11372 10960
f 10960 11372 11373
f 10960 11373 11375
f 11372 10959 11370
f 11370 10959 10983
f 11370 10983 11369
f 11369 10983 10981
f 11369 10981 11367
f 11367 10981 10979
f 11367 10979 10978
f 11367 10978 11365
f 11365 10978 10976
f 11365 10976 11366
f 11366 10976 10975
f 11366 10975 11360
f 11360 10975 10973
f 11360 10973 11362
f 11362 10973 11363
f 11363 10973 10972
f 11363 10972 11383
f 11383 10972 10970
f 11383 10970 11381
f 11381 10970 10969
f 11381 10969 11379
f 11379 10969 10967
f 11379 10967 10965
f 11379 10965 11378
f 11378 10965 10964
f 11378 10964 11376
f 11376 10964 10962
f 11376 10962 11375
f 11375 10962 10960
f 10984 11397 10985
f 10985 11397 11398
f 10985 11398 11400
f 11397 10984 11395
f 11395 10984 11008
f 11395 11008 11394
f 11394 11008 11006
f 11394 11006 11392
f 11392 11006 11004
f 11392 11004 11003
f 11392 11003 11390
f 11390 11003 11001
f 11390 11001 11391
f 11391 11001 11000
f 11391 11000 11385
f 11385 11000 10998
f 11385 10998 11387
f 11387 10998 11388
f 11388 10998 10997
f 11388 10997 11408
f 11408 10997 10995
f 11408 10995 11406
f 11406 10995 10994
f 11406 10994 11404
f 11404 10994 10992
f 11404 10992 10990
f 11404 10990 11403
f 11403 10990 10989
f 11403 10989 11401
f 11401 10989 10987
f 11401 10987 11400
f 11400 10987 10985
f 11411 11414 11410
f 11410 11414 11415
f 11410 11415 11409
f 11409 11415 11416
f 11409 11416 11417
f 11412 11413 11411
f 11411 11413 11414
f 11420 11423 11419
f 11419 11423 11424
f 11419 11424 11418
f 11418 11424 11425
f 11418 11425 11426
f 11421 11422 11420
f 11420 11422 11423
f 11429 11432 11428
f 11428 11432 11433
f 11428 11433 11427
f 11427 11433 11434
f 11427 11434 11435
f 11430 11431 11429
f 11429 11431 11432
f 11438 11441 11437
f 11437 11441 11442
f 11437 11442 11436
f 11436 11442 11443
f 11436 11443 11444
f 11439 11440 11438
f 11438 11440 11441
f 11447 11450 11446
f 11446 11450 11451
f 11446 11451 11445
f 11445 11451 11452
f 11445 11452 11453
f 11448 11449 11447
f 11447 11449 11450
f 11455 11456 11454
f 11454 11456 11457
f 11454 11457 11462
f 11462 11457 11461
f 11461 11457 11458
f 11461 11458 11460
f 11460 11458 11459
f 11465 11468 11464
f 11464 11468 11469
f 11464 11469 11463
f 11463 11469 11470
f 11463 11470 11471
f 11466 11467 11465
f 11465 11467 11468
f 11473 11474 11472
f 11472 11474 11475
f 11472 11475 11480
f 11480 11475 11479
f 11479 11475 11476
f 11479 11476 11478
f 11478 11476 11477
f 11482 11483 11481
f 11481 11483 11484
f 11481 11484 11489
f 11489 11484 11488
f 11488 11484 11485
f 11488 11485 11487
f 11487 11485 11486
f 11491 11492 11490
f 11490 11492 11493
f 11490 11493 11498
f 11498 11493 11497
f 11497 11493 11494
f 11497 11494 11496
f 11496 11494 11495
f 11500 11501 11499
f 11499 11501 11502
f 11499 11502 11507
f 11507 11502 11506
f 11506 11502 11503
f 11506 11503 11505
f 11505 11503 11504
f 11510 11513 11509
f 11509 11513 11514
f 11509 11514 11508
f 11508 11514 11515
f 11508 11515 11516
f 11511 11512 11510
f 11510 11512 11513
f 11518 11519 11517
f 11517 11519 11520
f 11517 11520 11525
f 11525 11520 11524
f 11524 11520 11521
f 11524 11521 11523
f 11523 11521 11522
f 11528 11531 11527
f 11527 11531 11532
f 11527 11532 11526
f 11526 11532 11533
f 11526 11533 11534
f 11529 11530 11528
f 11528 11530 11531
f 11537 11540 11536
f 11536 11540 11541
f 11536 11541 11535
f 11535 11541 11542
f 11535 11542 11543
f 11538 11539 11537
f 11537 11539 11540
f 11546 11549 11545
f 11545 11549 11550
f 11545 11550 11544
f 11544 11550 11551
f 11544 11551 11552
f 11547 11548 11546
f 11546 11548 11549

