# https://github.com/mikedh/trimesh
v -0.00379500 0.01140000 0.01604600
v -0.00379500 0.01140000 0.01658600
v -0.00358200 0.01140000 0.01586100
v -0.00358200 0.01140000 0.01677100
v -0.00330300 0.01140000 0.01582100
v -0.00330300 0.01140000 0.01681100
v -0.00304700 0.01140000 0.01669400
v -0.00304700 0.01140000 0.01593800
v -0.00289400 0.01140000 0.01645700
v 0.00221500 0.01140000 0.01841900
v 0.00221500 0.01140000 0.01895900
v 0.00242800 0.01140000 0.01823400
v 0.00242800 0.01140000 0.01914400
v 0.00270700 0.01140000 0.01819400
v 0.00270700 0.01140000 0.01918400
v 0.00296300 0.01140000 0.01906700
v 0.00296300 0.01140000 0.01831100
v 0.00311600 0.01140000 0.01883000
v -0.00386400 0.01110000 0.00985600
v -0.00386400 0.01110000 0.01048000
v -0.00363600 0.01110000 0.00962700
v -0.00363600 0.01110000 0.01070900
v -0.00332300 0.01110000 0.00954300
v -0.00332300 0.01110000 0.01079300
v -0.00301000 0.01110000 0.01070900
v -0.00301000 0.01110000 0.00962700
v -0.00278200 0.01110000 0.01048000
v -0.00278200 0.01110000 0.00985600
v -0.00008900 0.00560000 0.02079000
v 0.00000000 0.00560000 0.02020000
v -0.00050000 0.00560000 0.02020000
v -0.00008900 0.00560000 0.01961000
v -0.00058100 0.00560000 0.01971300
v -0.00034800 0.00560000 0.01907300
v -0.00081600 0.00560000 0.01927900
v -0.00075300 0.00560000 0.01863600
v -0.00118000 0.00560000 0.01894400
v -0.00126900 0.00560000 0.01833800
v -0.00163200 0.00560000 0.01874600
v -0.00185100 0.00560000 0.01820600
v -0.00212400 0.00560000 0.01870500
v -0.00244500 0.00560000 0.01825000
v -0.00260300 0.00560000 0.01882600
v -0.00300000 0.00560000 0.01846800
v -0.00301600 0.00560000 0.01909600
v -0.00346600 0.00560000 0.01884000
v -0.00331900 0.00560000 0.01948600
v -0.00380200 0.00560000 0.01933200
v -0.00348000 0.00560000 0.01995300
v -0.00397800 0.00560000 0.01990200
v -0.00397800 0.00560000 0.02049800
v -0.00348000 0.00560000 0.02044700
v -0.00380200 0.00560000 0.02106800
v -0.00331900 0.00560000 0.02091400
v -0.00346600 0.00560000 0.02156000
v -0.00301600 0.00560000 0.02130400
v -0.00300000 0.00560000 0.02193200
v -0.00260300 0.00560000 0.02157400
v -0.00244500 0.00560000 0.02215000
v -0.00212400 0.00560000 0.02169500
v -0.00185100 0.00560000 0.02219400
v -0.00163200 0.00560000 0.02165400
v -0.00126900 0.00560000 0.02206200
v -0.00118000 0.00560000 0.02145600
v -0.00075300 0.00560000 0.02176400
v -0.00081600 0.00560000 0.02112100
v -0.00034800 0.00560000 0.02132700
v -0.00058100 0.00560000 0.02068700
v -0.00058100 0.00530000 0.02068700
v -0.00050000 0.00530000 0.02020000
v -0.00058100 0.00530000 0.01971300
v -0.00081600 0.00530000 0.01927900
v -0.00118000 0.00530000 0.01894400
v -0.00163200 0.00530000 0.01874600
v -0.00212400 0.00530000 0.01870500
v -0.00260300 0.00530000 0.01882600
v -0.00301600 0.00530000 0.01909600
v -0.00331900 0.00530000 0.01948600
v -0.00348000 0.00530000 0.01995300
v -0.00348000 0.00530000 0.02044700
v -0.00331900 0.00530000 0.02091400
v -0.00301600 0.00530000 0.02130400
v -0.00260300 0.00530000 0.02157400
v -0.00212400 0.00530000 0.02169500
v -0.00163200 0.00530000 0.02165400
v -0.00118000 0.00530000 0.02145600
v -0.00081600 0.00530000 0.02112100
v -0.00840000 -0.00700000 0.02234500
v -0.00840000 -0.00320000 0.02234500
v -0.00840000 -0.00620000 0.02330000
v -0.00840000 -0.00320000 0.02400000
v -0.00840000 -0.00620000 0.02400000
v -0.00840000 -0.00700000 0.02330000
v -0.00680000 -0.00320000 0.02560000
v -0.00680000 -0.00620000 0.02560000
v -0.00685900 -0.00320000 0.02559900
v -0.00685900 -0.00620000 0.02559900
v -0.00691800 -0.00320000 0.02559600
v -0.00691800 -0.00620000 0.02559600
v -0.00697600 -0.00620000 0.02559000
v -0.00697600 -0.00320000 0.02559000
v 0.00252000 0.01110000 0.00893100
v 0.00252000 0.01110000 0.00966300
v 0.00274000 0.01110000 0.00862800
v 0.00274000 0.01110000 0.00996600
v 0.00306400 0.01110000 0.00844100
v 0.00306400 0.01110000 0.01015300
v 0.00343600 0.01110000 0.00840200
v 0.00343600 0.01110000 0.01019200
v 0.00379200 0.01110000 0.01007600
v 0.00379200 0.01110000 0.00851800
v 0.00407000 0.01110000 0.00982600
v 0.00407000 0.01110000 0.00876800
v 0.00422200 0.01110000 0.00948400
v 0.00910000 0.00700000 0.01129400
v 0.00859300 0.00700000 0.01198800
v 0.00910000 0.00700000 0.02330000
v 0.00840000 0.00700000 0.01233400
v 0.00840000 0.00700000 0.02330000
v 0.00890600 0.00700000 0.01126000
v 0.00876100 0.00700000 0.01163000
v -0.00285400 0.00620000 0.01601600
v -0.00285400 0.01130000 0.01601600
v -0.00277400 0.00620000 0.01631600
v -0.00277400 0.01130000 0.01631600
v -0.00285400 0.00620000 0.01661600
v -0.00285400 0.01130000 0.01661600
v -0.00307400 0.00620000 0.01683600
v -0.00307400 0.01130000 0.01683600
v -0.00337400 0.00620000 0.01691600
v -0.00337400 0.01130000 0.01691600
v -0.00367400 0.00620000 0.01683600
v -0.00367400 0.01130000 0.01683600
v -0.00389400 0.00620000 0.01661600
v -0.00389400 0.01130000 0.01661600
v -0.00397400 0.00620000 0.01631600
v -0.00397400 0.01130000 0.01631600
v -0.00389400 0.00620000 0.01601600
v -0.00389400 0.01130000 0.01601600
v -0.00367400 0.00620000 0.01579600
v -0.00367400 0.01130000 0.01579600
v -0.00337400 0.00620000 0.01571600
v -0.00337400 0.01130000 0.01571600
v -0.00307400 0.00620000 0.01579600
v -0.00307400 0.01130000 0.01579600
v 0.00315600 0.00620000 0.01838900
v 0.00315600 0.01130000 0.01838900
v 0.00323600 0.00620000 0.01868900
v 0.00323600 0.01130000 0.01868900
v 0.00315600 0.00620000 0.01898900
v 0.00315600 0.01130000 0.01898900
v 0.00293600 0.00620000 0.01920900
v 0.00293600 0.01130000 0.01920900
v 0.00263600 0.00620000 0.01928900
v 0.00263600 0.01130000 0.01928900
v 0.00233600 0.00620000 0.01920900
v 0.00233600 0.01130000 0.01920900
v 0.00211600 0.00620000 0.01898900
v 0.00211600 0.01130000 0.01898900
v 0.00203600 0.00620000 0.01868900
v 0.00203600 0.01130000 0.01868900
v 0.00211600 0.00620000 0.01838900
v 0.00211600 0.01130000 0.01838900
v 0.00233600 0.00620000 0.01816900
v 0.00233600 0.01130000 0.01816900
v 0.00263600 0.00620000 0.01808900
v 0.00263600 0.01130000 0.01808900
v 0.00293600 0.00620000 0.01816900
v 0.00293600 0.01130000 0.01816900
v 0.00890600 0.00620000 0.01126000
v 0.00910000 0.00620000 0.01129400
v 0.00910000 0.00620000 0.02330000
v 0.00840000 0.00620000 0.02330000
v -0.00610000 0.00620000 0.02630000
v 0.00610000 0.00620000 0.02630000
v -0.00610000 0.00700000 0.02630000
v 0.00610000 0.00700000 0.02630000
v -0.00910000 0.00620000 -0.00380000
v -0.00910000 0.00620000 0.02330000
v -0.00910000 0.00700000 -0.00380000
v -0.00910000 0.00700000 0.02330000
v 0.00480000 0.00620000 -0.00810000
v -0.00480000 0.00620000 -0.00810000
v 0.00480000 0.00700000 -0.00810000
v -0.00480000 0.00700000 -0.00810000
v 0.00910000 0.00700000 -0.00380000
v 0.00910000 0.00700000 0.00730000
v 0.00910000 0.00620000 -0.00380000
v 0.00910000 0.00620000 0.00730000
v 0.00890600 0.00700000 0.00733400
v 0.00890600 0.00620000 0.00733400
v 0.00000000 0.00620000 0.02020000
v -0.00008900 0.00620000 0.01961000
v -0.00034800 0.00620000 0.01907300
v -0.00075300 0.00620000 0.01863600
v -0.00126900 0.00620000 0.01833800
v -0.00185100 0.00620000 0.01820600
v -0.00244500 0.00620000 0.01825000
v -0.00300000 0.00620000 0.01846800
v -0.00346600 0.00620000 0.01884000
v -0.00380200 0.00620000 0.01933200
v -0.00397800 0.00620000 0.01990200
v -0.00397800 0.00620000 0.02049800
v -0.00380200 0.00620000 0.02106800
v -0.00346600 0.00620000 0.02156000
v -0.00300000 0.00620000 0.02193200
v -0.00244500 0.00620000 0.02215000
v -0.00185100 0.00620000 0.02219400
v -0.00126900 0.00620000 0.02206200
v -0.00075300 0.00620000 0.02176400
v -0.00034800 0.00620000 0.02132700
v -0.00008900 0.00620000 0.02079000
v -0.00610000 0.00620000 0.02560000
v -0.00610000 0.00700000 0.02560000
v 0.00610000 0.00700000 0.02560000
v 0.00610000 0.00620000 0.02560000
v -0.00749600 -0.00320000 0.02234500
v -0.00749600 -0.00770000 0.02234500
v -0.00840000 -0.00770000 0.02234500
v -0.00806600 -0.00320000 0.02397000
v -0.00768800 -0.00320000 0.02390000
v -0.00731200 -0.00320000 0.02397800
v -0.00709400 -0.00320000 0.02317700
v -0.00699300 -0.00320000 0.02419300
v -0.00656600 -0.00320000 0.02393600
v -0.00677800 -0.00320000 0.02451200
v -0.00670000 -0.00320000 0.02488800
v -0.00592700 -0.00320000 0.02460300
v -0.00677000 -0.00320000 0.02526600
v -0.00519100 -0.00320000 0.02516300
v -0.00437700 -0.00320000 0.02560000
v -0.00610000 -0.00700000 0.02560000
v -0.00610000 -0.00620000 0.02560000
v -0.00437700 -0.00700000 0.02560000
v -0.00790000 0.00530000 0.02020000
v -0.00781000 0.00530000 0.01917600
v -0.00781000 0.00530000 0.02122400
v -0.00754400 0.00530000 0.01818200
v -0.00754400 0.00530000 0.02221800
v -0.00711000 0.00530000 0.01725000
v -0.00652000 0.00530000 0.01640800
v -0.00579200 0.00530000 0.01568000
v -0.00495000 0.00530000 0.01509000
v -0.00401800 0.00530000 0.01465600
v -0.00302500 0.00530000 0.01439000
v -0.00200000 0.00530000 0.01430000
v -0.00097500 0.00530000 0.01439000
v 0.00001800 0.00530000 0.01465600
v 0.00095000 0.00530000 0.01509000
v 0.00179200 0.00530000 0.01568000
v 0.00179200 0.00530000 0.02472000
v 0.00252000 0.00530000 0.02399200
v 0.00252000 0.00530000 0.01640800
v 0.00311000 0.00530000 0.02315000
v 0.00311000 0.00530000 0.01725000
v 0.00354400 0.00530000 0.02221800
v 0.00354400 0.00530000 0.01818200
v 0.00381000 0.00530000 0.02122400
v 0.00381000 0.00530000 0.01917600
v 0.00390000 0.00530000 0.02020000
v 0.00095000 0.00530000 0.02531000
v 0.00001800 0.00530000 0.02574400
v -0.00097500 0.00530000 0.02601000
v -0.00200000 0.00530000 0.02610000
v -0.00302500 0.00530000 0.02601000
v -0.00401800 0.00530000 0.02574400
v -0.00495000 0.00530000 0.02531000
v -0.00579200 0.00530000 0.02472000
v -0.00652000 0.00530000 0.02399200
v -0.00711000 0.00530000 0.02315000
v -0.00839900 -0.00620000 0.02405900
v -0.00839900 -0.00320000 0.02405900
v -0.00839600 -0.00620000 0.02411800
v -0.00839600 -0.00320000 0.02411800
v -0.00839000 -0.00620000 0.02417600
v -0.00839000 -0.00320000 0.02417600
v -0.00840000 0.00620000 -0.00380000
v -0.00840000 0.00700000 -0.00380000
v -0.00840000 0.00700000 0.02330000
v -0.00840000 0.00620000 0.02330000
v 0.00840000 0.00700000 0.00625900
v 0.00840000 0.00700000 -0.00380000
v 0.00876100 0.00700000 0.00696400
v 0.00840000 0.00620000 -0.00380000
v 0.00727300 0.00260000 0.00951400
v 0.00840000 0.00260000 0.00951400
v 0.00727300 -0.00190000 0.00951400
v 0.00840000 -0.00190000 0.00951400
v 0.00480000 0.00620000 -0.00740000
v 0.00480000 0.00700000 -0.00740000
v -0.00480000 0.00700000 -0.00740000
v -0.00230300 0.00700000 -0.00740000
v -0.00116500 0.00700000 -0.00766200
v 0.00000000 0.00700000 -0.00775000
v 0.00116500 0.00700000 -0.00766200
v 0.00230300 0.00700000 -0.00740000
v -0.00480000 0.00620000 -0.00740000
v 0.00840000 0.00260000 0.01233400
v 0.00840000 0.00260000 0.02400000
v 0.00840000 0.00620000 0.02400000
v 0.00880700 0.00260000 0.00707400
v 0.00908400 0.00260000 0.00794200
v 0.00859300 0.00700000 0.00660600
v 0.00840000 0.00260000 0.00625900
v 0.00915700 0.00620000 0.00830100
v 0.00922400 0.00260000 0.00884200
v 0.00924200 0.00620000 0.00929700
v 0.00922400 0.00260000 0.00975200
v 0.00915700 0.00620000 0.01029300
v 0.00908400 0.00260000 0.01065200
v 0.00880700 0.00260000 0.01152000
v -0.00840000 0.00620000 0.01736400
v -0.00792800 0.00620000 0.01647700
v -0.00840000 0.00260000 0.01736400
v -0.00792800 0.00260000 0.01647700
v -0.00733300 0.00620000 0.01566600
v -0.00733300 0.00260000 0.01566600
v -0.00662800 0.00620000 0.01494800
v -0.00662800 0.00260000 0.01494800
v -0.00582800 0.00620000 0.01433900
v -0.00582800 0.00260000 0.01433900
v -0.00494900 0.00620000 0.01385100
v -0.00494900 0.00260000 0.01385100
v -0.00400900 0.00620000 0.01349400
v -0.00400900 0.00260000 0.01349400
v -0.00302700 0.00620000 0.01327600
v -0.00302700 0.00260000 0.01327600
v -0.00202400 0.00260000 0.01320000
v -0.00202400 0.00620000 0.01320000
v -0.00102100 0.00620000 0.01326900
v -0.00102100 0.00260000 0.01326900
v 0.00287700 0.00260000 0.01517900
v 0.00199900 0.00260000 0.01504200
v 0.00287700 0.00620000 0.01517900
v 0.00199900 0.00620000 0.01504200
v 0.00115200 0.00260000 0.01477600
v 0.00115200 0.00620000 0.01477600
v 0.00035500 0.00260000 0.01438500
v 0.00035500 0.00620000 0.01438500
v -0.00037500 0.00620000 0.01387900
v -0.00037500 0.00260000 0.01387900
v 0.00245400 0.00260000 0.02560000
v 0.00322400 0.00260000 0.02485900
v 0.00245400 0.00620000 0.02560000
v 0.00322400 0.00620000 0.02485900
v 0.00387300 0.00260000 0.02400900
v 0.00387300 0.00620000 0.02400900
v 0.00438400 0.00260000 0.02307100
v 0.00438400 0.00620000 0.02307100
v 0.00474700 0.00260000 0.02206600
v 0.00474700 0.00620000 0.02206600
v 0.00495200 0.00260000 0.02101700
v 0.00495200 0.00620000 0.02101700
v 0.00499600 0.00260000 0.01994900
v 0.00499600 0.00620000 0.01994900
v 0.00487600 0.00260000 0.01888700
v 0.00487600 0.00620000 0.01888700
v 0.00459600 0.00260000 0.01785600
v 0.00459600 0.00620000 0.01785600
v 0.00416200 0.00260000 0.01687900
v 0.00416200 0.00620000 0.01687900
v 0.00358500 0.00260000 0.01598000
v 0.00358500 0.00620000 0.01598000
v -0.00268100 0.00260000 0.00983100
v -0.00259800 0.01100000 0.01016800
v -0.00259800 0.00260000 0.01016800
v -0.00268100 0.01100000 0.01050500
v -0.00268100 0.00260000 0.01050500
v -0.00291100 0.01100000 0.01076500
v -0.00291100 0.00260000 0.01076500
v -0.00323600 0.01100000 0.01088800
v -0.00323600 0.00260000 0.01088800
v -0.00358000 0.01100000 0.01084600
v -0.00358000 0.00260000 0.01084600
v -0.00386600 0.01100000 0.01064900
v -0.00386600 0.00260000 0.01064900
v -0.00402700 0.01100000 0.01034200
v -0.00402700 0.00260000 0.01034200
v -0.00402700 0.01100000 0.00999400
v -0.00402700 0.00260000 0.00999400
v -0.00386600 0.01100000 0.00968700
v -0.00386600 0.00260000 0.00968700
v -0.00358000 0.01100000 0.00949000
v -0.00358000 0.00260000 0.00949000
v -0.00323600 0.01100000 0.00944800
v -0.00323600 0.00260000 0.00944800
v -0.00291100 0.01100000 0.00957100
v -0.00291100 0.00260000 0.00957100
v -0.00268100 0.01100000 0.00983100
v 0.00839000 0.00260000 0.02417600
v 0.00839000 0.00620000 0.02417600
v 0.00839600 0.00260000 0.02411800
v 0.00839600 0.00620000 0.02411800
v 0.00839900 0.00260000 0.02405900
v 0.00839900 0.00620000 0.02405900
v 0.00980000 0.00620000 -0.00380000
v 0.00980000 0.00620000 0.02400000
v 0.00972400 0.00620000 -0.00466800
v 0.00949800 0.00620000 -0.00551000
v 0.00834900 0.00620000 -0.00440300
v 0.00913000 0.00620000 -0.00630000
v 0.00819800 0.00620000 -0.00498800
v 0.00814100 0.00620000 -0.00586300
v 0.00795100 0.00620000 -0.00554000
v 0.00819900 0.00620000 -0.00623200
v 0.00863000 0.00620000 -0.00701400
v 0.00811800 0.00620000 -0.00659800
v 0.00801400 0.00620000 -0.00763000
v 0.00790700 0.00620000 -0.00690700
v 0.00759800 0.00620000 -0.00711800
v 0.00730000 0.00620000 -0.00813000
v 0.00723200 0.00620000 -0.00719900
v 0.00686300 0.00620000 -0.00714100
v 0.00651000 0.00620000 -0.00849800
v 0.00654000 0.00620000 -0.00695100
v 0.00598800 0.00620000 -0.00719800
v 0.00566800 0.00620000 -0.00872400
v 0.00540300 0.00620000 -0.00734900
v 0.00480000 0.00620000 -0.00880000
v -0.00480000 0.00620000 -0.00880000
v -0.00566800 0.00620000 -0.00872400
v -0.00540300 0.00620000 -0.00734900
v -0.00598800 0.00620000 -0.00719800
v -0.00651000 0.00620000 -0.00849800
v -0.00654000 0.00620000 -0.00695100
v -0.00686300 0.00620000 -0.00714100
v -0.00730000 0.00620000 -0.00813000
v -0.00723200 0.00620000 -0.00719900
v -0.00759800 0.00620000 -0.00711800
v -0.00801400 0.00620000 -0.00763000
v -0.00790700 0.00620000 -0.00690700
v -0.00811800 0.00620000 -0.00659800
v -0.00863000 0.00620000 -0.00701400
v -0.00819900 0.00620000 -0.00623200
v -0.00913000 0.00620000 -0.00630000
v -0.00814100 0.00620000 -0.00586300
v -0.00819800 0.00620000 -0.00498800
v -0.00795100 0.00620000 -0.00554000
v -0.00834900 0.00620000 -0.00440300
v -0.00949800 0.00620000 -0.00551000
v -0.00972400 0.00620000 -0.00466800
v -0.00980000 0.00620000 -0.00380000
v -0.00980000 0.00620000 0.02400000
v -0.00972500 0.00620000 0.02466800
v -0.00867800 0.00620000 0.02469200
v -0.00950300 0.00620000 0.02530200
v -0.00867800 0.00620000 0.02510800
v -0.00914500 0.00620000 0.02587000
v -0.00850900 0.00620000 0.02548800
v -0.00867000 0.00620000 0.02634600
v -0.00820000 0.00620000 0.02576600
v -0.00810200 0.00620000 0.02670300
v -0.00780500 0.00620000 0.02589400
v -0.00746800 0.00620000 0.02692500
v -0.00739100 0.00620000 0.02585100
v -0.00680000 0.00620000 0.02700000
v -0.00703100 0.00620000 0.02564300
v -0.00678600 0.00620000 0.02530700
v 0.00680000 0.00620000 0.02700000
v 0.00680000 0.00620000 0.02560000
v 0.00746800 0.00620000 0.02692500
v 0.00730100 0.00620000 0.02581700
v 0.00697600 0.00620000 0.02559000
v 0.00691800 0.00620000 0.02559600
v 0.00768800 0.00620000 0.02590000
v 0.00810200 0.00620000 0.02670300
v 0.00807700 0.00620000 0.02582600
v 0.00867000 0.00620000 0.02634600
v 0.00840700 0.00620000 0.02560700
v 0.00862600 0.00620000 0.02527700
v 0.00914500 0.00620000 0.02587000
v 0.00870000 0.00620000 0.02488800
v 0.00950300 0.00620000 0.02530200
v 0.00972500 0.00620000 0.02466800
v -0.00678600 0.00620000 0.02449300
v -0.00670000 0.00620000 0.02490000
v -0.00850900 0.00620000 0.02431200
v -0.00820000 0.00620000 0.02403400
v -0.00780500 0.00620000 0.02390600
v -0.00739100 0.00620000 0.02394900
v -0.00703100 0.00620000 0.02415700
v 0.00861700 0.00620000 0.02450100
v 0.00685900 0.00620000 0.02559900
v 0.00680000 0.00260000 0.02560000
v 0.00205000 -0.00700000 0.02560000
v 0.00037700 -0.00700000 0.02560000
v 0.00205000 -0.00770000 0.02560000
v 0.00037700 -0.00770000 0.02560000
v -0.00789800 -0.00770000 0.02035500
v -0.00783700 -0.00770000 0.01933700
v -0.00760100 -0.00770000 0.01834600
v -0.00719800 -0.00770000 0.01741000
v -0.00664100 -0.00770000 0.01655700
v -0.00594400 -0.00770000 0.01581200
v -0.00513000 -0.00770000 0.01519900
v -0.00422300 -0.00770000 0.01473500
v -0.00324900 -0.00770000 0.01443400
v -0.00223800 -0.00770000 0.01430500
v -0.00122000 -0.00770000 0.01435200
v -0.00022500 -0.00770000 0.01457300
v 0.00071700 -0.00770000 0.01496300
v 0.00157700 -0.00770000 0.01550800
v 0.00233100 -0.00770000 0.01619400
v 0.00295600 -0.00770000 0.01699900
v 0.00343300 -0.00770000 0.01790000
v 0.00374800 -0.00770000 0.01886900
v 0.00389100 -0.00770000 0.01987800
v 0.00385900 -0.00770000 0.02089700
v 0.00365100 -0.00770000 0.02189500
v 0.00327500 -0.00770000 0.02284200
v 0.00274200 -0.00770000 0.02371000
v 0.00206700 -0.00770000 0.02447400
v 0.00127100 -0.00770000 0.02511000
v -0.00778300 -0.00770000 0.02136800
v -0.00345300 -0.00700000 0.02591800
v -0.00248900 -0.00700000 0.02608000
v -0.00151100 -0.00700000 0.02608000
v -0.00054700 -0.00700000 0.02591800
v -0.00840000 -0.00770000 0.01805500
v -0.00840000 -0.00700000 0.01805500
v -0.00512600 -0.00700000 -0.00479200
v -0.00512600 -0.00320000 -0.00479200
v -0.00531900 -0.00700000 -0.00454200
v -0.00531900 -0.00320000 -0.00454200
v -0.00554200 -0.00320000 -0.00431900
v -0.00579200 -0.00320000 -0.00412600
v -0.00579200 -0.00700000 -0.00412600
v -0.00554200 -0.00700000 -0.00431900
v -0.00601900 -0.00700000 -0.00486000
v -0.00586000 -0.00700000 -0.00501900
v -0.00572200 -0.00700000 -0.00519700
v -0.00619700 -0.00700000 -0.00472200
v 0.00579200 -0.00700000 -0.00412600
v 0.00579200 -0.00320000 -0.00412600
v 0.00554200 -0.00700000 -0.00431900
v 0.00554200 -0.00320000 -0.00431900
v 0.00531900 -0.00320000 -0.00454200
v 0.00512600 -0.00320000 -0.00479200
v 0.00512600 -0.00700000 -0.00479200
v 0.00531900 -0.00700000 -0.00454200
v 0.00572200 -0.00700000 -0.00519700
v 0.00586000 -0.00700000 -0.00501900
v 0.00601900 -0.00700000 -0.00486000
v 0.00619700 -0.00700000 -0.00472200
v 0.00980000 -0.00620000 -0.00380000
v 0.00972400 -0.00620000 -0.00466800
v 0.00949800 -0.00620000 -0.00551000
v 0.00913000 -0.00620000 -0.00630000
v 0.00863000 -0.00620000 -0.00701400
v 0.00801400 -0.00620000 -0.00763000
v 0.00730000 -0.00620000 -0.00813000
v 0.00651000 -0.00620000 -0.00849800
v 0.00566800 -0.00620000 -0.00872400
v 0.00480000 -0.00620000 -0.00880000
v -0.00480000 -0.00620000 -0.00880000
v -0.00566800 -0.00620000 -0.00872400
v -0.00651000 -0.00620000 -0.00849800
v -0.00730000 -0.00620000 -0.00813000
v -0.00801400 -0.00620000 -0.00763000
v -0.00863000 -0.00620000 -0.00701400
v -0.00913000 -0.00620000 -0.00630000
v -0.00949800 -0.00620000 -0.00551000
v -0.00972400 -0.00620000 -0.00466800
v -0.00980000 -0.00620000 -0.00380000
v -0.00980000 -0.00620000 0.02400000
v -0.00972500 -0.00620000 0.02466800
v -0.00950300 -0.00620000 0.02530200
v -0.00914500 -0.00620000 0.02587000
v -0.00867000 -0.00620000 0.02634600
v -0.00810200 -0.00620000 0.02670300
v -0.00746800 -0.00620000 0.02692500
v -0.00680000 -0.00620000 0.02700000
v 0.00680000 -0.00620000 0.02700000
v 0.00746800 -0.00620000 0.02692500
v 0.00810200 -0.00620000 0.02670300
v 0.00867000 -0.00620000 0.02634600
v 0.00914500 -0.00620000 0.02587000
v 0.00950300 -0.00620000 0.02530200
v 0.00972500 -0.00620000 0.02466800
v 0.00980000 -0.00620000 0.02400000
v -0.00572200 -0.00620000 -0.00519700
v -0.00586000 -0.00620000 -0.00501900
v -0.00601900 -0.00620000 -0.00486000
v -0.00619700 -0.00620000 -0.00472200
v 0.00480000 -0.00700000 -0.00810000
v -0.00480000 -0.00700000 -0.00810000
v 0.00480000 -0.00620000 -0.00810000
v -0.00480000 -0.00620000 -0.00810000
v 0.00619700 -0.00620000 -0.00472200
v 0.00601900 -0.00620000 -0.00486000
v 0.00586000 -0.00620000 -0.00501900
v 0.00572200 -0.00620000 -0.00519700
v 0.00910000 -0.00700000 0.02330000
v 0.00910000 -0.00700000 -0.00380000
v 0.00910000 -0.00620000 0.02330000
v 0.00910000 -0.00620000 -0.00380000
v 0.00610000 -0.00620000 0.02630000
v 0.00089000 -0.00620000 0.02630000
v 0.00610000 -0.00700000 0.02630000
v 0.00089000 -0.00700000 0.02630000
v 0.00089000 -0.00620000 0.02579800
v 0.00089000 -0.00700000 0.02579800
v -0.00489000 -0.00700000 0.02579800
v -0.00396800 -0.00700000 0.02618500
v -0.00489000 -0.00620000 0.02579800
v -0.00396800 -0.00620000 0.02618500
v -0.00299700 -0.00700000 0.02642100
v -0.00299700 -0.00620000 0.02642100
v -0.00200000 -0.00700000 0.02650000
v -0.00200000 -0.00620000 0.02650000
v -0.00100300 -0.00700000 0.02642100
v -0.00100300 -0.00620000 0.02642100
v -0.00003200 -0.00700000 0.02618500
v -0.00003200 -0.00620000 0.02618500
v -0.00489000 -0.00700000 0.02630000
v -0.00489000 -0.00620000 0.02630000
v -0.00610000 -0.00700000 0.02630000
v -0.00610000 -0.00620000 0.02630000
v -0.00861700 -0.00620000 0.02450100
v -0.00730100 -0.00620000 0.02581700
v -0.00768800 -0.00620000 0.02590000
v -0.00807700 -0.00620000 0.02582600
v -0.00840700 -0.00620000 0.02560700
v -0.00862600 -0.00620000 0.02527700
v -0.00870000 -0.00620000 0.02488800
v -0.00910000 -0.00700000 0.02330000
v -0.00910000 -0.00620000 0.02330000
v -0.00910000 -0.00700000 -0.00380000
v -0.00910000 -0.00620000 -0.00380000
v -0.00480000 -0.00190000 -0.00740000
v -0.00540300 -0.00190000 -0.00734900
v -0.00598800 -0.00190000 -0.00719800
v -0.00654000 -0.00190000 -0.00695100
v -0.00628600 -0.00620000 -0.00579300
v -0.00627000 -0.00190000 -0.00583200
v -0.00620000 -0.00620000 -0.00620000
v -0.00620100 -0.00190000 -0.00623200
v -0.00628600 -0.00620000 -0.00660700
v -0.00629600 -0.00190000 -0.00662700
v -0.00653100 -0.00620000 -0.00694300
v -0.00689100 -0.00620000 -0.00715100
v -0.00649300 -0.00190000 -0.00549300
v -0.00653100 -0.00620000 -0.00545700
v -0.00683200 -0.00190000 -0.00527000
v -0.00689100 -0.00620000 -0.00524900
v -0.00723200 -0.00190000 -0.00520100
v -0.00730500 -0.00620000 -0.00520500
v -0.00762700 -0.00190000 -0.00529600
v -0.00770000 -0.00620000 -0.00533400
v -0.00795100 -0.00190000 -0.00554000
v -0.00800900 -0.00620000 -0.00561200
v -0.00817800 -0.00620000 -0.00599200
v -0.00817800 -0.00620000 -0.00640800
v -0.00800900 -0.00620000 -0.00678800
v -0.00770000 -0.00620000 -0.00706600
v -0.00730500 -0.00620000 -0.00719500
v -0.00840000 -0.00190000 -0.00380000
v -0.00834900 -0.00190000 -0.00440300
v -0.00819800 -0.00190000 -0.00498800
v -0.00840000 0.00260000 0.00820300
v -0.00840000 -0.00190000 0.00820300
v -0.00044000 -0.00190000 0.00820300
v -0.00044000 0.00260000 0.00820300
v -0.00058500 0.00260000 0.00901800
v -0.00058500 -0.00190000 0.00901800
v -0.00055700 0.00260000 0.00984400
v -0.00055700 -0.00190000 0.00984400
v -0.00035600 0.00260000 0.01064700
v -0.00035600 -0.00190000 0.01064700
v 0.00000700 0.00260000 0.01139000
v 0.00000700 -0.00190000 0.01139000
v 0.00051800 0.00260000 0.01204000
v 0.00051800 -0.00190000 0.01204000
v 0.00115400 0.00260000 0.01257000
v 0.00115400 -0.00190000 0.01257000
v 0.00188600 0.00260000 0.01295500
v 0.00188600 -0.00190000 0.01295500
v 0.00268200 0.00260000 0.01317800
v 0.00268200 -0.00190000 0.01317800
v 0.00350800 0.00260000 0.01323000
v 0.00350800 -0.00190000 0.01323000
v 0.00432600 0.00260000 0.01310900
v 0.00432600 -0.00190000 0.01310900
v 0.00510100 0.00260000 0.01281900
v 0.00510100 -0.00190000 0.01281900
v 0.00579800 0.00260000 0.01237400
v 0.00579800 -0.00190000 0.01237400
v 0.00638700 0.00260000 0.01179300
v 0.00638700 -0.00190000 0.01179300
v 0.00684100 0.00260000 0.01110200
v 0.00684100 -0.00190000 0.01110200
v 0.00714100 0.00260000 0.01033100
v 0.00714100 -0.00190000 0.01033100
v 0.00840000 -0.00190000 -0.00380000
v 0.00834900 -0.00190000 -0.00440300
v 0.00819800 -0.00190000 -0.00498800
v 0.00795100 -0.00190000 -0.00554000
v 0.00629600 -0.00190000 -0.00662700
v 0.00639100 -0.00620000 -0.00678800
v 0.00654000 -0.00190000 -0.00695100
v 0.00670000 -0.00620000 -0.00706600
v 0.00709500 -0.00620000 -0.00719500
v 0.00750900 -0.00620000 -0.00715100
v 0.00786900 -0.00620000 -0.00694300
v 0.00811400 -0.00620000 -0.00660700
v 0.00820000 -0.00620000 -0.00620000
v 0.00811400 -0.00620000 -0.00579300
v 0.00786900 -0.00620000 -0.00545700
v 0.00762700 -0.00190000 -0.00529600
v 0.00750900 -0.00620000 -0.00524900
v 0.00723200 -0.00190000 -0.00520100
v 0.00709500 -0.00620000 -0.00520500
v 0.00683200 -0.00190000 -0.00527000
v 0.00670000 -0.00620000 -0.00533400
v 0.00649300 -0.00190000 -0.00549300
v 0.00639100 -0.00620000 -0.00561200
v 0.00627000 -0.00190000 -0.00583200
v 0.00622200 -0.00620000 -0.00599200
v 0.00620100 -0.00190000 -0.00623200
v 0.00622200 -0.00620000 -0.00640800
v 0.00480000 -0.00190000 -0.00740000
v 0.00540300 -0.00190000 -0.00734900
v 0.00598800 -0.00190000 -0.00719800
v 0.00230300 -0.00190000 -0.00740000
v -0.00230300 -0.00190000 -0.00740000
v -0.00116500 -0.00190000 -0.00766200
v 0.00000000 -0.00190000 -0.00775000
v 0.00116500 -0.00190000 -0.00766200
v 0.00425600 -0.00190000 0.00889000
v 0.00434200 0.01100000 0.00929700
v 0.00434200 -0.00190000 0.00929700
v 0.00425600 0.01100000 0.00970400
v 0.00425600 -0.00190000 0.00970400
v 0.00401100 0.01100000 0.01004000
v 0.00401100 -0.00190000 0.01004000
v 0.00365100 0.01100000 0.01024800
v 0.00365100 -0.00190000 0.01024800
v 0.00323700 0.01100000 0.01029200
v 0.00323700 -0.00190000 0.01029200
v 0.00284200 0.01100000 0.01016300
v 0.00284200 -0.00190000 0.01016300
v 0.00253300 0.01100000 0.00988500
v 0.00253300 -0.00190000 0.00988500
v 0.00236400 0.01100000 0.00950500
v 0.00236400 -0.00190000 0.00950500
v 0.00236400 0.01100000 0.00908900
v 0.00236400 -0.00190000 0.00908900
v 0.00253300 0.01100000 0.00870900
v 0.00253300 -0.00190000 0.00870900
v 0.00284200 0.01100000 0.00843100
v 0.00284200 -0.00190000 0.00843100
v 0.00323700 0.01100000 0.00830200
v 0.00323700 -0.00190000 0.00830200
v 0.00365100 0.01100000 0.00834600
v 0.00365100 -0.00190000 0.00834600
v 0.00401100 0.01100000 0.00855400
v 0.00401100 -0.00190000 0.00855400
v 0.00425600 0.01100000 0.00889000
v 0.00840000 -0.00700000 -0.00380000
v 0.00840000 -0.00620000 -0.00380000
v 0.00840000 -0.00320000 0.02400000
v 0.00840000 -0.00620000 0.02400000
v 0.00839900 -0.00320000 0.02405900
v 0.00839900 -0.00620000 0.02405900
v 0.00839600 -0.00320000 0.02411800
v 0.00839600 -0.00620000 0.02411800
v 0.00839000 -0.00320000 0.02417600
v 0.00839000 -0.00620000 0.02417600
v 0.00840000 -0.00700000 0.02330000
v 0.00840000 -0.00620000 0.02330000
v 0.00670000 0.00260000 0.02488800
v 0.00677800 0.00260000 0.02451200
v 0.00699300 0.00260000 0.02419300
v 0.00731200 0.00260000 0.02397800
v 0.00768800 0.00260000 0.02390000
v 0.00806600 0.00260000 0.02397000
v 0.00685900 0.00260000 0.02559900
v 0.00691800 0.00260000 0.02559600
v 0.00697600 0.00260000 0.02559000
v 0.00610000 -0.00700000 0.02560000
v 0.00610000 -0.00620000 0.02560000
v 0.00680000 -0.00620000 0.02560000
v 0.00680000 -0.00320000 0.02560000
v 0.00685900 -0.00620000 0.02559900
v 0.00685900 -0.00320000 0.02559900
v 0.00691800 -0.00620000 0.02559600
v 0.00691800 -0.00320000 0.02559600
v 0.00697600 -0.00620000 0.02559000
v 0.00697600 -0.00320000 0.02559000
v 0.00287200 -0.00770000 0.02487200
v 0.00356500 -0.00770000 0.02402000
v 0.00411100 -0.00770000 0.02306800
v 0.00449500 -0.00770000 0.02203900
v 0.00470700 -0.00770000 0.02096200
v 0.00474200 -0.00770000 0.01986400
v 0.00459800 -0.00770000 0.01877600
v 0.00428000 -0.00770000 0.01772500
v 0.00379500 -0.00770000 0.01673900
v 0.00315800 -0.00770000 0.01584600
v 0.00238300 -0.00770000 0.01506700
v 0.00149300 -0.00770000 0.01442400
v 0.00051100 -0.00770000 0.01393400
v -0.00053800 -0.00770000 0.01361000
v -0.00162600 -0.00770000 0.01346000
v -0.00272400 -0.00770000 0.01348900
v -0.00380200 -0.00770000 0.01369500
v -0.00483300 -0.00770000 0.01407300
v -0.00578900 -0.00770000 0.01461400
v -0.00664400 -0.00770000 0.01530200
v -0.00737700 -0.00770000 0.01612000
v -0.00796800 -0.00770000 0.01704500
v -0.00840000 -0.00700000 -0.00380000
v -0.00840000 -0.00620000 -0.00380000
v -0.00840000 -0.00320000 -0.00380000
v -0.00838500 -0.00320000 -0.00412600
v -0.00838500 -0.00620000 -0.00412600
v -0.00834100 -0.00320000 -0.00445000
v -0.00834100 -0.00620000 -0.00445000
v -0.00826700 -0.00620000 -0.00476800
v -0.00826700 -0.00320000 -0.00476800
v -0.00619700 -0.00320000 -0.00472200
v -0.00572200 -0.00320000 -0.00519700
v -0.00480000 -0.00700000 -0.00740000
v -0.00480000 -0.00620000 -0.00740000
v -0.00480000 -0.00320000 -0.00740000
v -0.00512600 -0.00620000 -0.00738500
v -0.00512600 -0.00320000 -0.00738500
v -0.00545000 -0.00620000 -0.00734100
v -0.00545000 -0.00320000 -0.00734100
v -0.00576800 -0.00320000 -0.00726700
v -0.00576800 -0.00620000 -0.00726700
v 0.00480000 -0.00700000 -0.00740000
v 0.00480000 -0.00620000 -0.00740000
v 0.00480000 -0.00320000 -0.00740000
v 0.00512600 -0.00320000 -0.00738500
v 0.00512600 -0.00620000 -0.00738500
v 0.00545000 -0.00320000 -0.00734100
v 0.00545000 -0.00620000 -0.00734100
v 0.00576800 -0.00620000 -0.00726700
v 0.00576800 -0.00320000 -0.00726700
v 0.00572200 -0.00320000 -0.00519700
v 0.00619700 -0.00320000 -0.00472200
v 0.00870000 -0.00620000 0.02488800
v 0.00862600 -0.00620000 0.02527700
v 0.00840700 -0.00620000 0.02560700
v 0.00807700 -0.00620000 0.02582600
v 0.00768800 -0.00620000 0.02590000
v 0.00730100 -0.00620000 0.02581700
v -0.00551100 -0.00620000 -0.00678100
v -0.00541400 -0.00620000 -0.00623900
v 0.00826700 -0.00620000 -0.00476800
v 0.00778100 -0.00620000 -0.00451100
v 0.00723900 -0.00620000 -0.00441400
v 0.00669400 -0.00620000 -0.00448700
v 0.00834100 -0.00620000 -0.00445000
v 0.00838500 -0.00620000 -0.00412600
v 0.00861700 -0.00620000 0.02450100
v 0.00548700 -0.00620000 -0.00569400
v 0.00541400 -0.00620000 -0.00623900
v 0.00551100 -0.00620000 -0.00678100
v -0.00548700 -0.00620000 -0.00569400
v -0.00669400 -0.00620000 -0.00448700
v -0.00723900 -0.00620000 -0.00441400
v -0.00778100 -0.00620000 -0.00451100
v 0.00840000 -0.00320000 -0.00380000
v 0.00838500 -0.00320000 -0.00412600
v 0.00834100 -0.00320000 -0.00445000
v 0.00826700 -0.00320000 -0.00476800
v 0.00077900 -0.00190000 -0.00341200
v 0.00151900 -0.00190000 -0.00315300
v 0.00218200 -0.00190000 -0.00273600
v 0.00000000 -0.00190000 -0.00350000
v -0.00077900 -0.00190000 -0.00341200
v -0.00151900 -0.00190000 -0.00315300
v -0.00218200 -0.00190000 -0.00273600
v -0.00273600 -0.00190000 -0.00218200
v -0.00315300 -0.00190000 -0.00151900
v -0.00341200 -0.00190000 -0.00077900
v -0.00350000 -0.00190000 0.00000000
v -0.00341200 -0.00190000 0.00077900
v -0.00315300 -0.00190000 0.00151900
v -0.00273600 -0.00190000 0.00218200
v -0.00218200 -0.00190000 0.00273600
v -0.00151900 -0.00190000 0.00315300
v -0.00077900 -0.00190000 0.00341200
v 0.00000000 -0.00190000 0.00350000
v 0.00077900 -0.00190000 0.00341200
v 0.00341200 -0.00190000 0.00077900
v 0.00315300 -0.00190000 0.00151900
v 0.00273600 -0.00190000 0.00218200
v 0.00218200 -0.00190000 0.00273600
v 0.00151900 -0.00190000 0.00315300
v 0.00350000 -0.00190000 0.00000000
v 0.00341200 -0.00190000 -0.00077900
v 0.00315300 -0.00190000 -0.00151900
v 0.00273600 -0.00190000 -0.00218200
v 0.00677000 -0.00320000 0.02526600
v 0.00677000 0.00260000 0.02526600
v 0.00670000 -0.00320000 0.02488800
v 0.00677800 -0.00320000 0.02451200
v 0.00699300 -0.00320000 0.02419300
v 0.00731200 -0.00320000 0.02397800
v 0.00768800 -0.00320000 0.02390000
v 0.00806600 -0.00320000 0.02397000
v 0.00205000 -0.00320000 0.02560000
v 0.00287200 -0.00320000 0.02487200
v 0.00356500 -0.00320000 0.02402000
v 0.00411100 -0.00320000 0.02306800
v 0.00449500 -0.00320000 0.02203900
v 0.00470700 -0.00320000 0.02096200
v 0.00474200 -0.00320000 0.01986400
v 0.00459800 -0.00320000 0.01877600
v 0.00428000 -0.00320000 0.01772500
v 0.00379500 -0.00320000 0.01673900
v 0.00315800 -0.00320000 0.01584600
v 0.00238300 -0.00320000 0.01506700
v 0.00149300 -0.00320000 0.01442400
v 0.00051100 -0.00320000 0.01393400
v -0.00053800 -0.00320000 0.01361000
v -0.00162600 -0.00320000 0.01346000
v -0.00272400 -0.00320000 0.01348900
v -0.00380200 -0.00320000 0.01369500
v -0.00483300 -0.00320000 0.01407300
v -0.00578900 -0.00320000 0.01461400
v -0.00664400 -0.00320000 0.01530200
v -0.00737700 -0.00320000 0.01612000
v -0.00796800 -0.00320000 0.01704500
v -0.00840000 -0.00320000 0.01805500
v -0.00669400 -0.00320000 -0.00448700
v -0.00723900 -0.00320000 -0.00441400
v -0.00778100 -0.00320000 -0.00451100
v -0.00551100 -0.00320000 -0.00678100
v -0.00541400 -0.00320000 -0.00623900
v -0.00548700 -0.00320000 -0.00569400
v 0.00548700 -0.00320000 -0.00569400
v 0.00541400 -0.00320000 -0.00623900
v 0.00551100 -0.00320000 -0.00678100
v 0.00778100 -0.00320000 -0.00451100
v 0.00723900 -0.00320000 -0.00441400
v 0.00669400 -0.00320000 -0.00448700
v 0.00341200 -0.00320000 -0.00077900
v 0.00350000 -0.00320000 0.00000000
v 0.00341200 -0.00320000 0.00077900
v 0.00315300 -0.00320000 0.00151900
v 0.00273600 -0.00320000 0.00218200
v 0.00218200 -0.00320000 0.00273600
v 0.00151900 -0.00320000 0.00315300
v 0.00077900 -0.00320000 0.00341200
v 0.00000000 -0.00320000 0.00350000
v -0.00077900 -0.00320000 0.00341200
v -0.00151900 -0.00320000 0.00315300
v -0.00218200 -0.00320000 0.00273600
v -0.00273600 -0.00320000 0.00218200
v -0.00315300 -0.00320000 0.00151900
v -0.00341200 -0.00320000 0.00077900
v -0.00350000 -0.00320000 0.00000000
v -0.00341200 -0.00320000 -0.00077900
v -0.00315300 -0.00320000 -0.00151900
v -0.00273600 -0.00320000 -0.00218200
v -0.00218200 -0.00320000 -0.00273600
v -0.00151900 -0.00320000 -0.00315300
v -0.00077900 -0.00320000 -0.00341200
v 0.00000000 -0.00320000 -0.00350000
v 0.00077900 -0.00320000 -0.00341200
v 0.00151900 -0.00320000 -0.00315300
v 0.00218200 -0.00320000 -0.00273600
v 0.00273600 -0.00320000 -0.00218200
v 0.00315300 -0.00320000 -0.00151900
v -0.00195700 0.00830000 0.02044600
v -0.00180800 0.00830000 0.02003900
v -0.00195700 0.00830000 0.01995400
v -0.00212500 0.00830000 0.02041600
v -0.00212500 0.00830000 0.01998400
v -0.00180800 0.00830000 0.02036100
v -0.00175000 0.00530000 0.02020000
v -0.00175000 0.00830000 0.02020000
v -0.00180800 0.00530000 0.02003900
v -0.00195700 0.00530000 0.01995400
v -0.00212500 0.00530000 0.01998400
v -0.00223500 0.00530000 0.02011400
v -0.00223500 0.00830000 0.02011400
v -0.00223500 0.00530000 0.02028600
v -0.00223500 0.00830000 0.02028600
v -0.00212500 0.00530000 0.02041600
v -0.00195700 0.00530000 0.02044600
v -0.00180800 0.00530000 0.02036100
v 0.00322400 0.00530000 0.02294200
v 0.00322400 0.00530000 0.01745800
v 0.00135200 0.00530000 0.01534400
v -0.00128900 0.00530000 0.01434300
v -0.00409200 0.00530000 0.01468300
v -0.00641600 0.00530000 0.01628800
v -0.00772900 0.00530000 0.01878800
v -0.00772900 0.00530000 0.02161200
v -0.00641600 0.00530000 0.02411200
v -0.00409200 0.00530000 0.02571700
v -0.00128900 0.00530000 0.02605700
v 0.00135200 0.00530000 0.02505600
v 0.00390000 -0.00970000 0.02020000
v 0.00322400 -0.00970000 0.02294200
v 0.00322400 -0.00970000 0.01745800
v 0.00135200 -0.00970000 0.02505600
v 0.00135200 -0.00970000 0.01534400
v -0.00128900 -0.00970000 0.02605700
v -0.00128900 -0.00970000 0.01434300
v -0.00409200 -0.00970000 0.02571700
v -0.00409200 -0.00970000 0.01468300
v -0.00641600 -0.00970000 0.02411200
v -0.00641600 -0.00970000 0.01628800
v -0.00772900 -0.00970000 0.02161200
v -0.00772900 -0.00970000 0.01878800
v 0.00100000 0.00860000 0.00000000
v 0.00076600 0.00860000 -0.00064300
v 0.00076600 0.00860000 0.00064300
v 0.00017400 0.00860000 0.00098500
v 0.00017400 0.00860000 -0.00098500
v -0.00050000 0.00860000 0.00086600
v -0.00050000 0.00860000 -0.00086600
v -0.00094000 0.00860000 0.00034200
v -0.00094000 0.00860000 -0.00034200
v 0.00100000 0.01240000 0.00000000
v 0.00076600 0.01240000 -0.00064300
v 0.00017400 0.01240000 -0.00098500
v -0.00050000 0.01240000 -0.00086600
v -0.00094000 0.01240000 -0.00034200
v -0.00094000 0.01240000 0.00034200
v -0.00050000 0.01240000 0.00086600
v 0.00017400 0.01240000 0.00098500
v 0.00076600 0.01240000 0.00064300
v 0.00225000 0.01240000 -0.00175000
v 0.00225000 0.01240000 0.00175000
v 0.00175000 0.01240000 0.00225000
v -0.00175000 0.01240000 0.00225000
v -0.00225000 0.01240000 0.00175000
v 0.00175000 0.01240000 -0.00225000
v -0.00175000 0.01240000 -0.00225000
v -0.00225000 0.01240000 -0.00175000
v -0.00225000 0.01110000 0.00175000
v -0.00175000 0.01110000 0.00225000
v -0.00175000 0.01110000 -0.00225000
v -0.00225000 0.01110000 -0.00175000
v -0.00225000 0.01110000 0.00000000
v 0.00175000 0.01110000 0.00225000
v 0.00225000 0.01110000 0.00175000
v 0.00000000 0.01110000 0.00225000
v 0.00225000 0.01110000 -0.00175000
v 0.00175000 0.01110000 -0.00225000
v 0.00000000 0.01110000 -0.00225000
v 0.00225000 0.01110000 0.00000000
v -0.00161600 -0.00740000 -0.00100000
v -0.00010000 -0.00740000 -0.00100000
v -0.00188200 -0.00740000 0.00025900
v -0.00128600 -0.00740000 0.00139900
v -0.00010000 -0.00740000 0.00189700
v 0.00161600 -0.00740000 -0.00100000
v 0.00188200 -0.00740000 0.00025900
v 0.00010000 -0.00740000 -0.00100000
v 0.00128600 -0.00740000 0.00139900
v 0.00010000 -0.00740000 0.00189700
v -0.00010000 -0.00210000 -0.00199800
v -0.00003300 -0.00210000 -0.00200000
v -0.00010000 -0.00210000 0.00199800
v -0.00003300 -0.00210000 0.00200000
v 0.00003300 -0.00210000 -0.00200000
v 0.00003300 -0.00210000 0.00200000
v 0.00010000 -0.00210000 0.00199800
v 0.00010000 -0.00210000 -0.00199800
v -0.00194900 0.01110000 0.00112500
v -0.00112500 0.01110000 0.00194900
v -0.00112500 0.01110000 -0.00194900
v -0.00194900 0.01110000 -0.00112500
v 0.00112500 0.01110000 0.00194900
v 0.00194900 0.01110000 0.00112500
v 0.00194900 0.01110000 -0.00112500
v 0.00112500 0.01110000 -0.00194900
v -0.00173200 -0.00460000 -0.00100000
v -0.00131100 -0.00460000 -0.00151000
v -0.00010000 -0.00460000 -0.00100000
v -0.00074600 -0.00460000 -0.00185600
v -0.00010000 -0.00460000 -0.00199800
v -0.00173200 -0.00730000 -0.00100000
v -0.00197500 -0.00730000 0.00031400
v -0.00133600 -0.00730000 0.00148800
v -0.00010000 -0.00730000 0.00199800
v 0.00173200 -0.00730000 -0.00100000
v 0.00197500 -0.00730000 0.00031400
v 0.00133600 -0.00730000 0.00148800
v 0.00010000 -0.00730000 0.00199800
v 0.00173200 -0.00460000 -0.00100000
v 0.00010000 -0.00460000 -0.00100000
v 0.00131100 -0.00460000 -0.00151000
v 0.00074600 -0.00460000 -0.00185600
v 0.00010000 -0.00460000 -0.00199800
v 0.00172400 0.01060000 -0.00144600
v 0.00225000 0.01060000 0.00000000
v 0.00039100 0.01060000 -0.00221600
v -0.00112500 0.01060000 -0.00194900
v -0.00211400 0.01060000 -0.00077000
v -0.00211400 0.01060000 0.00077000
v -0.00112500 0.01060000 0.00194900
v 0.00039100 0.01060000 0.00221600
v 0.00172400 0.01060000 0.00144600
v 0.00185700 -0.00190000 0.00074200
v 0.00200000 -0.00190000 0.00000000
v 0.00185700 -0.00190000 -0.00074200
v 0.00144900 -0.00190000 -0.00137800
v 0.00083400 -0.00190000 -0.00181800
v 0.00010000 -0.00190000 -0.00199800
v 0.00144900 -0.00190000 0.00137800
v 0.00083400 -0.00190000 0.00181800
v 0.00010000 -0.00190000 0.00199800
v -0.00010000 -0.00190000 0.00199800
v -0.00083400 -0.00190000 0.00181800
v -0.00144900 -0.00190000 0.00137800
v -0.00185700 -0.00190000 0.00074200
v -0.00200000 -0.00190000 0.00000000
v -0.00185700 -0.00190000 -0.00074200
v -0.00144900 -0.00190000 -0.00137800
v -0.00083400 -0.00190000 -0.00181800
v -0.00010000 -0.00190000 -0.00199800
v -0.00206800 0.01060000 0.00173600
v -0.00270000 0.01060000 0.00000000
v -0.00206800 0.01060000 -0.00173600
v -0.00046900 0.01060000 -0.00265900
v 0.00135000 0.01060000 -0.00233800
v 0.00253700 0.01060000 -0.00092300
v 0.00253700 0.01060000 0.00092300
v 0.00135000 0.01060000 0.00233800
v -0.00046900 0.01060000 0.00265900
v -0.00229800 -0.00190000 -0.00192800
v -0.00300000 -0.00190000 0.00000000
v -0.00052100 -0.00190000 -0.00295400
v 0.00150000 -0.00190000 -0.00259800
v 0.00000000 -0.00190000 -0.00200000
v 0.00281900 -0.00190000 -0.00102600
v 0.00281900 -0.00190000 0.00102600
v 0.00150000 -0.00190000 0.00259800
v -0.00052100 -0.00190000 0.00295400
v -0.00229800 -0.00190000 0.00192800
v 0.00000000 -0.00190000 0.00200000
v -0.00281900 0.01030000 -0.00102600
v -0.00281900 0.01030000 0.00102600
v -0.00150000 0.01030000 0.00259800
v 0.00052100 0.01030000 0.00295400
v 0.00229800 0.01030000 0.00192800
v 0.00300000 0.01030000 0.00000000
v 0.00229800 0.01030000 -0.00192800
v 0.00052100 0.01030000 -0.00295400
v -0.00150000 0.01030000 -0.00259800
v -0.00229800 0.00010000 -0.00192800
v -0.00300000 0.00010000 0.00000000
v -0.00229800 0.00010000 0.00192800
v -0.00052100 0.00010000 0.00295400
v 0.00150000 0.00010000 0.00259800
v 0.00281900 0.00010000 0.00102600
v 0.00281900 0.00010000 -0.00102600
v 0.00150000 0.00010000 -0.00259800
v -0.00052100 0.00010000 -0.00295400
v 0.00229800 0.00960000 -0.00192800
v 0.00300000 0.00960000 0.00000000
v 0.00229800 0.00960000 0.00192800
v 0.00052100 0.00960000 0.00295400
v -0.00150000 0.00960000 0.00259800
v -0.00281900 0.00960000 0.00102600
v -0.00281900 0.00960000 -0.00102600
v -0.00150000 0.00960000 -0.00259800
v 0.00052100 0.00960000 -0.00295400
v -0.00541300 0.00010000 0.00312500
v -0.00625000 0.00010000 0.00000000
v -0.00541300 0.00010000 -0.00312500
v -0.00312500 0.00010000 -0.00541300
v 0.00000000 0.00010000 -0.00625000
v 0.00312500 0.00010000 -0.00541300
v 0.00541300 0.00010000 -0.00312500
v 0.00625000 0.00010000 0.00000000
v 0.00541300 0.00010000 0.00312500
v 0.00312500 0.00010000 0.00541300
v 0.00000000 0.00010000 0.00625000
v -0.00312500 0.00010000 0.00541300
v 0.00420600 0.00960000 0.00270300
v 0.00500000 0.00960000 0.00000000
v 0.00420600 0.00960000 -0.00270300
v 0.00207700 0.00960000 -0.00454800
v -0.00071200 0.00960000 -0.00494900
v -0.00327400 0.00960000 -0.00377900
v -0.00479700 0.00960000 -0.00140900
v -0.00479700 0.00960000 0.00140900
v -0.00327400 0.00960000 0.00377900
v -0.00071200 0.00960000 0.00494900
v 0.00207700 0.00960000 0.00454800
v -0.00541300 -0.00190000 0.00312500
v -0.00625000 -0.00190000 0.00000000
v -0.00541300 -0.00190000 -0.00312500
v -0.00312500 -0.00190000 -0.00541300
v 0.00000000 -0.00190000 -0.00625000
v 0.00312500 -0.00190000 -0.00541300
v 0.00541300 -0.00190000 -0.00312500
v 0.00625000 -0.00190000 0.00000000
v 0.00541300 -0.00190000 0.00312500
v 0.00312500 -0.00190000 0.00541300
v 0.00000000 -0.00190000 0.00625000
v -0.00312500 -0.00190000 0.00541300
v 0.00500000 0.00710000 0.00000000
v 0.00420600 0.00710000 -0.00270300
v 0.00207700 0.00710000 -0.00454800
v -0.00071200 0.00710000 -0.00494900
v -0.00327400 0.00710000 -0.00377900
v -0.00479700 0.00710000 -0.00140900
v -0.00479700 0.00710000 0.00140900
v -0.00327400 0.00710000 0.00377900
v -0.00071200 0.00710000 0.00494900
v 0.00207700 0.00710000 0.00454800
v 0.00420600 0.00710000 0.00270300
v 0.00681800 -0.00190000 -0.00357800
v 0.00770000 -0.00190000 0.00000000
v 0.00681800 -0.00190000 0.00357800
v 0.00437400 -0.00190000 0.00633700
v 0.00092800 -0.00190000 0.00764400
v -0.00273000 -0.00190000 0.00720000
v -0.00576400 -0.00190000 0.00510600
v -0.00747600 -0.00190000 0.00184300
v -0.00747600 -0.00190000 -0.00184300
v -0.00576400 -0.00190000 -0.00510600
v -0.00273000 -0.00190000 -0.00720000
v 0.00092800 -0.00190000 -0.00764400
v 0.00437400 -0.00190000 -0.00633700
v 0.00330000 0.00710000 0.00000000
v 0.00252800 0.00710000 0.00212100
v 0.00057300 0.00710000 0.00325000
v -0.00165000 0.00710000 0.00285800
v -0.00310100 0.00710000 0.00112900
v -0.00310100 0.00710000 -0.00112900
v -0.00165000 0.00710000 -0.00285800
v 0.00057300 0.00710000 -0.00325000
v 0.00252800 0.00710000 -0.00212100
v 0.00681800 0.00310000 0.00357800
v 0.00770000 0.00310000 0.00000000
v 0.00681800 0.00310000 -0.00357800
v 0.00437400 0.00310000 -0.00633700
v 0.00092800 0.00310000 -0.00764400
v -0.00273000 0.00310000 -0.00720000
v -0.00576400 0.00310000 -0.00510600
v -0.00747600 0.00310000 -0.00184300
v -0.00747600 0.00310000 0.00184300
v -0.00576400 0.00310000 0.00510600
v -0.00273000 0.00310000 0.00720000
v 0.00092800 0.00310000 0.00764400
v 0.00437400 0.00310000 0.00633700
v 0.00252800 0.00310000 -0.00212100
v 0.00330000 0.00310000 0.00000000
v 0.00252800 0.00310000 0.00212100
v 0.00057300 0.00310000 0.00325000
v -0.00165000 0.00310000 0.00285800
v -0.00310100 0.00310000 0.00112900
v -0.00310100 0.00310000 -0.00112900
v -0.00165000 0.00310000 -0.00285800
v 0.00057300 0.00310000 -0.00325000
v -0.00070300 -0.00210000 -0.00766800
v -0.00057100 -0.00210000 -0.00622400
v 0.00000000 -0.00210000 -0.00770000
v 0.00000000 -0.00210000 -0.00625000
v 0.00057100 -0.00210000 -0.00622400
v -0.00140100 -0.00210000 -0.00757100
v -0.00113700 -0.00210000 -0.00614600
v -0.00212700 -0.00210000 -0.00740000
v -0.00172700 -0.00210000 -0.00600700
v -0.00283400 -0.00210000 -0.00715900
v -0.00230100 -0.00210000 -0.00581100
v -0.00354200 -0.00210000 -0.00683700
v -0.00287500 -0.00210000 -0.00554900
v -0.00421400 -0.00210000 -0.00644500
v -0.00342000 -0.00210000 -0.00523100
v -0.00485500 -0.00210000 -0.00597700
v -0.00394100 -0.00210000 -0.00485100
v -0.00544500 -0.00210000 -0.00544500
v -0.00441900 -0.00210000 -0.00441900
v -0.00597600 -0.00210000 -0.00485500
v -0.00485100 -0.00210000 -0.00394100
v -0.00644500 -0.00210000 -0.00421400
v -0.00523100 -0.00210000 -0.00342000
v -0.00683700 -0.00210000 -0.00354200
v -0.00555000 -0.00210000 -0.00287500
v -0.00715900 -0.00210000 -0.00283400
v -0.00581100 -0.00210000 -0.00230100
v -0.00740000 -0.00210000 -0.00212800
v -0.00600700 -0.00210000 -0.00172700
v -0.00757100 -0.00210000 -0.00140100
v -0.00614600 -0.00210000 -0.00113700
v -0.00766800 -0.00210000 -0.00070400
v -0.00622400 -0.00210000 -0.00057100
v -0.00770000 -0.00210000 0.00000000
v -0.00625000 -0.00210000 0.00000000
v -0.00766800 -0.00210000 0.00070300
v -0.00622400 -0.00210000 0.00057100
v -0.00757100 -0.00210000 0.00140100
v -0.00614600 -0.00210000 0.00113700
v -0.00740000 -0.00210000 0.00212700
v -0.00600700 -0.00210000 0.00172700
v -0.00715900 -0.00210000 0.00283400
v -0.00581100 -0.00210000 0.00230100
v -0.00683700 -0.00210000 0.00354200
v -0.00554900 -0.00210000 0.00287500
v -0.00644500 -0.00210000 0.00421400
v -0.00523100 -0.00210000 0.00342000
v -0.00597700 -0.00210000 0.00485500
v -0.00485100 -0.00210000 0.00394100
v -0.00544500 -0.00210000 0.00544500
v -0.00441900 -0.00210000 0.00441900
v -0.00485500 -0.00210000 0.00597600
v -0.00394100 -0.00210000 0.00485100
v -0.00421400 -0.00210000 0.00644500
v -0.00342000 -0.00210000 0.00523100
v -0.00354200 -0.00210000 0.00683700
v -0.00287500 -0.00210000 0.00555000
v -0.00283400 -0.00210000 0.00715900
v -0.00230100 -0.00210000 0.00581100
v -0.00212800 -0.00210000 0.00740000
v -0.00172700 -0.00210000 0.00600700
v -0.00140100 -0.00210000 0.00757100
v -0.00113700 -0.00210000 0.00614600
v -0.00070400 -0.00210000 0.00766800
v -0.00057100 -0.00210000 0.00622400
v 0.00000000 -0.00210000 0.00770000
v 0.00000000 -0.00210000 0.00625000
v 0.00057100 -0.00210000 0.00622400
v 0.00070300 -0.00210000 0.00766800
v 0.00140100 -0.00210000 0.00757100
v 0.00113700 -0.00210000 0.00614600
v 0.00212700 -0.00210000 0.00740000
v 0.00172700 -0.00210000 0.00600700
v 0.00283400 -0.00210000 0.00715900
v 0.00230100 -0.00210000 0.00581100
v 0.00354200 -0.00210000 0.00683700
v 0.00287500 -0.00210000 0.00554900
v 0.00421400 -0.00210000 0.00644500
v 0.00342000 -0.00210000 0.00523100
v 0.00485500 -0.00210000 0.00597700
v 0.00394100 -0.00210000 0.00485100
v 0.00544500 -0.00210000 0.00544500
v 0.00441900 -0.00210000 0.00441900
v 0.00597600 -0.00210000 0.00485500
v 0.00485100 -0.00210000 0.00394100
v 0.00644500 -0.00210000 0.00421400
v 0.00523100 -0.00210000 0.00342000
v 0.00683700 -0.00210000 0.00354200
v 0.00555000 -0.00210000 0.00287500
v 0.00715900 -0.00210000 0.00283400
v 0.00581100 -0.00210000 0.00230100
v 0.00740000 -0.00210000 0.00212800
v 0.00600700 -0.00210000 0.00172700
v 0.00757100 -0.00210000 0.00140100
v 0.00614600 -0.00210000 0.00113700
v 0.00766800 -0.00210000 0.00070400
v 0.00622400 -0.00210000 0.00057100
v 0.00770000 -0.00210000 0.00000000
v 0.00625000 -0.00210000 0.00000000
v 0.00766800 -0.00210000 -0.00070300
v 0.00622400 -0.00210000 -0.00057100
v 0.00757100 -0.00210000 -0.00140100
v 0.00614600 -0.00210000 -0.00113700
v 0.00740000 -0.00210000 -0.00212700
v 0.00600700 -0.00210000 -0.00172700
v 0.00715900 -0.00210000 -0.00283400
v 0.00581100 -0.00210000 -0.00230100
v 0.00683700 -0.00210000 -0.00354200
v 0.00554900 -0.00210000 -0.00287500
v 0.00644500 -0.00210000 -0.00421400
v 0.00523100 -0.00210000 -0.00342000
v 0.00597700 -0.00210000 -0.00485500
v 0.00485100 -0.00210000 -0.00394100
v 0.00544500 -0.00210000 -0.00544500
v 0.00441900 -0.00210000 -0.00441900
v 0.00485500 -0.00210000 -0.00597600
v 0.00394100 -0.00210000 -0.00485100
v 0.00421400 -0.00210000 -0.00644500
v 0.00342000 -0.00210000 -0.00523100
v 0.00354200 -0.00210000 -0.00683700
v 0.00287500 -0.00210000 -0.00555000
v 0.00283400 -0.00210000 -0.00715900
v 0.00230100 -0.00210000 -0.00581100
v 0.00212800 -0.00210000 -0.00740000
v 0.00172700 -0.00210000 -0.00600700
v 0.00140100 -0.00210000 -0.00757100
v 0.00113700 -0.00210000 -0.00614600
v 0.00070400 -0.00210000 -0.00766800
v -0.00028400 -0.00210000 -0.00298700
v -0.00018900 -0.00210000 -0.00199100
v 0.00000000 -0.00210000 -0.00300000
v 0.00000000 -0.00210000 -0.00200000
v 0.00018900 -0.00210000 -0.00199100
v -0.00037500 -0.00210000 -0.00196500
v -0.00056200 -0.00210000 -0.00294700
v -0.00083600 -0.00210000 -0.00288200
v -0.00055700 -0.00210000 -0.00192100
v -0.00110400 -0.00210000 -0.00278900
v -0.00073600 -0.00210000 -0.00186000
v -0.00092300 -0.00210000 -0.00177400
v -0.00138400 -0.00210000 -0.00266200
v -0.00109800 -0.00210000 -0.00167200
v -0.00164700 -0.00210000 -0.00250800
v -0.00189300 -0.00210000 -0.00232800
v -0.00126200 -0.00210000 -0.00155200
v -0.00212100 -0.00210000 -0.00212100
v -0.00141400 -0.00210000 -0.00141400
v -0.00155200 -0.00210000 -0.00126200
v -0.00232800 -0.00210000 -0.00189300
v -0.00167200 -0.00210000 -0.00109800
v -0.00250800 -0.00210000 -0.00164800
v -0.00266200 -0.00210000 -0.00138500
v -0.00177500 -0.00210000 -0.00092300
v -0.00278900 -0.00210000 -0.00110400
v -0.00186000 -0.00210000 -0.00073600
v -0.00192100 -0.00210000 -0.00055700
v -0.00288100 -0.00210000 -0.00083600
v -0.00196500 -0.00210000 -0.00037500
v -0.00294700 -0.00210000 -0.00056200
v -0.00298700 -0.00210000 -0.00028400
v -0.00199100 -0.00210000 -0.00018900
v -0.00300000 -0.00210000 0.00000000
v -0.00200000 -0.00210000 0.00000000
v -0.00199100 -0.00210000 0.00018900
v -0.00298700 -0.00210000 0.00028300
v -0.00196500 -0.00210000 0.00037500
v -0.00294700 -0.00210000 0.00056200
v -0.00288200 -0.00210000 0.00083600
v -0.00192100 -0.00210000 0.00055700
v -0.00278900 -0.00210000 0.00110400
v -0.00186000 -0.00210000 0.00073600
v -0.00177400 -0.00210000 0.00092300
v -0.00266200 -0.00210000 0.00138400
v -0.00167200 -0.00210000 0.00109800
v -0.00250800 -0.00210000 0.00164700
v -0.00232800 -0.00210000 0.00189300
v -0.00155200 -0.00210000 0.00126200
v -0.00212100 -0.00210000 0.00212100
v -0.00141400 -0.00210000 0.00141400
v -0.00126200 -0.00210000 0.00155200
v -0.00189300 -0.00210000 0.00232800
v -0.00109800 -0.00210000 0.00167200
v -0.00164800 -0.00210000 0.00250800
v -0.00138500 -0.00210000 0.00266200
v -0.00092300 -0.00210000 0.00177500
v -0.00110400 -0.00210000 0.00278900
v -0.00073600 -0.00210000 0.00186000
v -0.00055700 -0.00210000 0.00192100
v -0.00083600 -0.00210000 0.00288200
v -0.00037500 -0.00210000 0.00196500
v -0.00056200 -0.00210000 0.00294700
v -0.00028400 -0.00210000 0.00298700
v -0.00018900 -0.00210000 0.00199100
v 0.00000000 -0.00210000 0.00300000
v 0.00000000 -0.00210000 0.00200000
v 0.00018900 -0.00210000 0.00199100
v 0.00028400 -0.00210000 0.00298700
v 0.00037500 -0.00210000 0.00196500
v 0.00056200 -0.00210000 0.00294700
v 0.00083600 -0.00210000 0.00288200
v 0.00055700 -0.00210000 0.00192100
v 0.00110400 -0.00210000 0.00278900
v 0.00073600 -0.00210000 0.00186000
v 0.00092300 -0.00210000 0.00177400
v 0.00138400 -0.00210000 0.00266200
v 0.00109800 -0.00210000 0.00167200
v 0.00164700 -0.00210000 0.00250800
v 0.00189300 -0.00210000 0.00232800
v 0.00126200 -0.00210000 0.00155200
v 0.00212100 -0.00210000 0.00212100
v 0.00141400 -0.00210000 0.00141400
v 0.00155200 -0.00210000 0.00126200
v 0.00232800 -0.00210000 0.00189300
v 0.00167200 -0.00210000 0.00109800
v 0.00250800 -0.00210000 0.00164800
v 0.00266200 -0.00210000 0.00138500
v 0.00177500 -0.00210000 0.00092300
v 0.00278900 -0.00210000 0.00110400
v 0.00186000 -0.00210000 0.00073600
v 0.00192100 -0.00210000 0.00055700
v 0.00288100 -0.00210000 0.00083600
v 0.00196500 -0.00210000 0.00037500
v 0.00294700 -0.00210000 0.00056200
v 0.00298700 -0.00210000 0.00028400
v 0.00199100 -0.00210000 0.00018900
v 0.00300000 -0.00210000 0.00000000
v 0.00200000 -0.00210000 0.00000000
v 0.00199100 -0.00210000 -0.00018900
v 0.00298700 -0.00210000 -0.00028300
v 0.00196500 -0.00210000 -0.00037500
v 0.00294700 -0.00210000 -0.00056200
v 0.00288200 -0.00210000 -0.00083600
v 0.00192100 -0.00210000 -0.00055700
v 0.00278900 -0.00210000 -0.00110400
v 0.00186000 -0.00210000 -0.00073600
v 0.00177400 -0.00210000 -0.00092300
v 0.00266200 -0.00210000 -0.00138400
v 0.00167200 -0.00210000 -0.00109800
v 0.00250800 -0.00210000 -0.00164700
v 0.00232800 -0.00210000 -0.00189300
v 0.00155200 -0.00210000 -0.00126200
v 0.00212100 -0.00210000 -0.00212100
v 0.00141400 -0.00210000 -0.00141400
v 0.00126200 -0.00210000 -0.00155200
v 0.00189300 -0.00210000 -0.00232800
v 0.00109800 -0.00210000 -0.00167200
v 0.00164800 -0.00210000 -0.00250800
v 0.00138500 -0.00210000 -0.00266200
v 0.00092300 -0.00210000 -0.00177500
v 0.00110400 -0.00210000 -0.00278900
v 0.00073600 -0.00210000 -0.00186000
v 0.00055700 -0.00210000 -0.00192100
v 0.00083600 -0.00210000 -0.00288200
v 0.00037500 -0.00210000 -0.00196500
v 0.00056200 -0.00210000 -0.00294700
v 0.00028400 -0.00210000 -0.00298700
v -0.00161700 0.00560000 0.01987900
v -0.00150000 0.00560000 0.02020000
v -0.00175000 0.00560000 0.02020000
v -0.00161700 0.00560000 0.02052100
v -0.00180800 0.00560000 0.02036100
v -0.00191300 0.00560000 0.02069200
v -0.00212500 0.00560000 0.02041600
v -0.00225000 0.00560000 0.02063300
v -0.00223500 0.00560000 0.02028600
v -0.00247000 0.00560000 0.02037100
v -0.00223500 0.00560000 0.02011400
v -0.00247000 0.00560000 0.02002900
v -0.00225000 0.00560000 0.01976700
v -0.00212500 0.00560000 0.01998400
v -0.00191300 0.00560000 0.01970800
v -0.00180800 0.00560000 0.02003900
v -0.00150000 0.00680000 0.02020000
v -0.00161700 0.00680000 0.02052100
v -0.00191300 0.00680000 0.02069200
v -0.00225000 0.00680000 0.02063300
v -0.00247000 0.00680000 0.02037100
v -0.00247000 0.00680000 0.02002900
v -0.00225000 0.00680000 0.01976700
v -0.00191300 0.00680000 0.01970800
v -0.00161700 0.00680000 0.01987900
v -0.00195700 0.00560000 0.02044600
v -0.00195700 0.00560000 0.01995400
v -0.00102600 0.00680000 0.01968900
v -0.00090000 0.00680000 0.02020000
v -0.00102600 0.00680000 0.02071100
v -0.00137500 0.00680000 0.02110500
v -0.00186700 0.00680000 0.02129200
v -0.00239000 0.00680000 0.02122800
v -0.00282300 0.00680000 0.02092900
v -0.00306800 0.00680000 0.02046300
v -0.00306800 0.00680000 0.01993700
v -0.00282300 0.00680000 0.01947100
v -0.00239000 0.00680000 0.01917200
v -0.00186700 0.00680000 0.01910800
v -0.00137500 0.00680000 0.01929500
v -0.00102600 0.00830000 0.02071100
v -0.00090000 0.00830000 0.02020000
v -0.00102600 0.00830000 0.01968900
v -0.00137500 0.00830000 0.01929500
v -0.00186700 0.00830000 0.01910800
v -0.00239000 0.00830000 0.01917200
v -0.00282300 0.00830000 0.01947100
v -0.00306800 0.00830000 0.01993700
v -0.00306800 0.00830000 0.02046300
v -0.00282300 0.00830000 0.02092900
v -0.00239000 0.00830000 0.02122800
v -0.00186700 0.00830000 0.02129200
v -0.00137500 0.00830000 0.02110500
v 0.00380900 0.00830000 0.01783700
v 0.00380900 0.01030000 0.01783700
v 0.00408600 0.00830000 0.01868900
v 0.00408600 0.01030000 0.01868900
v 0.00380900 0.00830000 0.01954100
v 0.00380900 0.01030000 0.01954100
v 0.00308400 0.00830000 0.02006800
v 0.00308400 0.01030000 0.02006800
v 0.00218800 0.00830000 0.02006800
v 0.00218800 0.01030000 0.02006800
v 0.00146300 0.00830000 0.01954100
v 0.00146300 0.01030000 0.01954100
v 0.00118600 0.00830000 0.01868900
v 0.00118600 0.01030000 0.01868900
v 0.00146300 0.00830000 0.01783700
v 0.00146300 0.01030000 0.01783700
v 0.00218800 0.00830000 0.01731000
v 0.00218800 0.01030000 0.01731000
v 0.00308400 0.00830000 0.01731000
v 0.00308400 0.01030000 0.01731000
v 0.00587900 0.00830000 0.02013300
v 0.00618600 0.00830000 0.01868900
v 0.00587900 0.00830000 0.01724500
v 0.00501100 0.00830000 0.01605100
v 0.00373300 0.00830000 0.01531300
v 0.00226500 0.00830000 0.01515800
v 0.00086100 0.00830000 0.01561500
v -0.00023600 0.00830000 0.01660200
v -0.00083600 0.00830000 0.01795100
v -0.00083600 0.00830000 0.01942700
v -0.00023600 0.00830000 0.02077600
v 0.00086100 0.00830000 0.02176300
v 0.00226500 0.00830000 0.02222000
v 0.00373300 0.00830000 0.02206500
v 0.00501100 0.00830000 0.02132700
v 0.00323600 0.01030000 0.01868900
v 0.00309600 0.01030000 0.01830300
v 0.00274000 0.01030000 0.01809800
v 0.00233600 0.01030000 0.01816900
v 0.00207200 0.01030000 0.01848400
v 0.00207200 0.01030000 0.01889400
v 0.00233600 0.01030000 0.01920900
v 0.00274000 0.01030000 0.01928000
v 0.00309600 0.01030000 0.01907500
v 0.00587900 0.00730000 0.01724500
v 0.00618600 0.00730000 0.01868900
v 0.00587900 0.00730000 0.02013300
v 0.00501100 0.00730000 0.02132700
v 0.00373300 0.00730000 0.02206500
v 0.00226500 0.00730000 0.02222000
v 0.00086100 0.00730000 0.02176300
v -0.00023600 0.00730000 0.02077600
v -0.00083600 0.00730000 0.01942700
v -0.00083600 0.00730000 0.01795100
v -0.00023600 0.00730000 0.01660200
v 0.00086100 0.00730000 0.01561500
v 0.00226500 0.00730000 0.01515800
v 0.00373300 0.00730000 0.01531300
v 0.00501100 0.00730000 0.01605100
v 0.00309600 0.00730000 0.01907500
v 0.00323600 0.00730000 0.01868900
v 0.00309600 0.00730000 0.01830300
v 0.00274000 0.00730000 0.01809800
v 0.00233600 0.00730000 0.01816900
v 0.00207200 0.00730000 0.01848400
v 0.00207200 0.00730000 0.01889400
v 0.00233600 0.00730000 0.01920900
v 0.00274000 0.00730000 0.01928000
v 0.00495100 0.00360000 0.01064700
v 0.00544200 -0.00190000 0.00929700
v 0.00544200 0.00360000 0.00929700
v 0.00495100 -0.00190000 0.00794700
v 0.00495100 0.00360000 0.00794700
v 0.00370700 -0.00190000 0.00722900
v 0.00370700 0.00360000 0.00722900
v 0.00229200 -0.00190000 0.00747800
v 0.00229200 0.00360000 0.00747800
v 0.00136900 -0.00190000 0.00857900
v 0.00136900 0.00360000 0.00857900
v 0.00136900 -0.00190000 0.01001500
v 0.00136900 0.00360000 0.01001500
v 0.00229200 -0.00190000 0.01111600
v 0.00229200 0.00360000 0.01111600
v 0.00370700 -0.00190000 0.01136500
v 0.00370700 0.00360000 0.01136500
v 0.00495100 -0.00190000 0.01064700
v 0.00784700 0.00360000 0.00712800
v 0.00834200 0.00360000 0.00929700
v 0.00784700 0.00360000 0.01146600
v 0.00645900 0.00360000 0.01320600
v 0.00445500 0.00360000 0.01417200
v 0.00222900 0.00360000 0.01417200
v 0.00022500 0.00360000 0.01320600
v -0.00116300 0.00360000 0.01146600
v -0.00165800 0.00360000 0.00929700
v -0.00116300 0.00360000 0.00712800
v 0.00022500 0.00360000 0.00538800
v 0.00222900 0.00360000 0.00442200
v 0.00445500 0.00360000 0.00442200
v 0.00645900 0.00360000 0.00538800
v 0.00410800 -0.00190000 0.00994000
v 0.00351600 -0.00190000 0.01028200
v 0.00240200 -0.00190000 0.00963900
v 0.00240200 -0.00190000 0.00895500
v 0.00351600 -0.00190000 0.00831200
v 0.00410800 -0.00190000 0.00865400
v 0.00784700 0.00710000 0.01146600
v 0.00834200 0.00710000 0.00929700
v 0.00784700 0.00710000 0.00712800
v 0.00645900 0.00710000 0.00538800
v 0.00445500 0.00710000 0.00442200
v 0.00222900 0.00710000 0.00442200
v 0.00022500 0.00710000 0.00538800
v -0.00116300 0.00710000 0.00712800
v -0.00165800 0.00710000 0.00929700
v -0.00116300 0.00710000 0.01146600
v 0.00022500 0.00710000 0.01320600
v 0.00222900 0.00710000 0.01417200
v 0.00445500 0.00710000 0.01417200
v 0.00645900 0.00710000 0.01320600
v 0.00410800 0.00710000 0.00865400
v 0.00434200 0.00710000 0.00929700
v 0.00410800 0.00710000 0.00994000
v 0.00351600 0.00710000 0.01028200
v 0.00284200 0.00710000 0.01016300
v 0.00240200 0.00710000 0.00963900
v 0.00240200 0.00710000 0.00895500
v 0.00284200 0.00710000 0.00843100
v 0.00351600 0.00710000 0.00831200
v -0.00202100 0.00740000 0.01126100
v -0.00162300 0.00340000 0.01016800
v -0.00162300 0.00740000 0.01016800
v -0.00202100 0.00340000 0.00907500
v -0.00202100 0.00740000 0.00907500
v -0.00302800 0.00340000 0.00849400
v -0.00302800 0.00740000 0.00849400
v -0.00417300 0.00340000 0.00869600
v -0.00417300 0.00740000 0.00869600
v -0.00492000 0.00340000 0.00958700
v -0.00492000 0.00740000 0.00958700
v -0.00492000 0.00340000 0.01074900
v -0.00492000 0.00740000 0.01074900
v -0.00417300 0.00340000 0.01164000
v -0.00417300 0.00740000 0.01164000
v -0.00302800 0.00340000 0.01184200
v -0.00302800 0.00740000 0.01184200
v -0.00202100 0.00340000 0.01126100
v 0.00069700 0.00740000 0.00837800
v 0.00107700 0.00740000 0.01016800
v 0.00069700 0.00740000 0.01195800
v -0.00037900 0.00740000 0.01343800
v -0.00196300 0.00740000 0.01435300
v -0.00378300 0.00740000 0.01454400
v -0.00552300 0.00740000 0.01397800
v -0.00688300 0.00740000 0.01275400
v -0.00762700 0.00740000 0.01108300
v -0.00762700 0.00740000 0.00925300
v -0.00688300 0.00740000 0.00758200
v -0.00552300 0.00740000 0.00635700
v -0.00378300 0.00740000 0.00579200
v -0.00196300 0.00740000 0.00598300
v -0.00037900 0.00740000 0.00689800
v -0.00259800 0.00340000 0.01016800
v -0.00276800 0.00340000 0.01063400
v -0.00319700 0.00340000 0.01088200
v -0.00368600 0.00340000 0.01079600
v -0.00400400 0.00340000 0.01041600
v -0.00400400 0.00340000 0.00992000
v -0.00368600 0.00340000 0.00954000
v -0.00319700 0.00340000 0.00945400
v -0.00276800 0.00340000 0.00970200
v 0.00069700 0.00880000 0.01195800
v 0.00107700 0.00880000 0.01016800
v 0.00069700 0.00880000 0.00837800
v -0.00037900 0.00880000 0.00689800
v -0.00196300 0.00880000 0.00598300
v -0.00378300 0.00880000 0.00579200
v -0.00552300 0.00880000 0.00635700
v -0.00688300 0.00880000 0.00758200
v -0.00762700 0.00880000 0.00925300
v -0.00762700 0.00880000 0.01108300
v -0.00688300 0.00880000 0.01275400
v -0.00552300 0.00880000 0.01397800
v -0.00378300 0.00880000 0.01454400
v -0.00196300 0.00880000 0.01435300
v -0.00037900 0.00880000 0.01343800
v -0.00276800 0.00880000 0.00970200
v -0.00259800 0.00880000 0.01016800
v -0.00276800 0.00880000 0.01063400
v -0.00319700 0.00880000 0.01088200
v -0.00368600 0.00880000 0.01079600
v -0.00400400 0.00880000 0.01041600
v -0.00400400 0.00880000 0.00992000
v -0.00368600 0.00880000 0.00954000
v -0.00319700 0.00880000 0.00945400
v 0.00097100 0.00880000 0.01208000
v 0.00137700 0.00740000 0.01016800
v 0.00137700 0.00880000 0.01016800
v 0.00097100 0.00740000 0.00825600
v 0.00097100 0.00880000 0.00825600
v -0.00017800 0.00740000 0.00667500
v -0.00017800 0.00880000 0.00667500
v -0.00187100 0.00740000 0.00569800
v -0.00187100 0.00880000 0.00569800
v -0.00381400 0.00740000 0.00549400
v -0.00381400 0.00880000 0.00549400
v -0.00567300 0.00740000 0.00609800
v -0.00567300 0.00880000 0.00609800
v -0.00712500 0.00740000 0.00740500
v -0.00712500 0.00880000 0.00740500
v -0.00792000 0.00740000 0.00919100
v -0.00792000 0.00880000 0.00919100
v -0.00792000 0.00740000 0.01114500
v -0.00792000 0.00880000 0.01114500
v -0.00712500 0.00740000 0.01293100
v -0.00712500 0.00880000 0.01293100
v -0.00567300 0.00740000 0.01423800
v -0.00567300 0.00880000 0.01423800
v -0.00381400 0.00740000 0.01484200
v -0.00381400 0.00880000 0.01484200
v -0.00187100 0.00740000 0.01463800
v -0.00187100 0.00880000 0.01463800
v -0.00017800 0.00740000 0.01366100
v -0.00017800 0.00880000 0.01366100
v 0.00097100 0.00740000 0.01208000
v 0.00018500 0.01010000 0.01803000
v 0.00057600 0.01010000 0.01631600
v -0.00277400 0.01010000 0.01631600
v 0.00018500 0.01010000 0.01460200
v -0.00291400 0.01010000 0.01593000
v -0.00091100 0.01010000 0.01322800
v -0.00327000 0.01010000 0.01572500
v -0.00249500 0.01010000 0.01246500
v -0.00425300 0.01010000 0.01246500
v -0.00367400 0.01010000 0.01579600
v -0.00583700 0.01010000 0.01322800
v -0.00393800 0.01010000 0.01611100
v -0.00693300 0.01010000 0.01460200
v -0.00732400 0.01010000 0.01631600
v -0.00393800 0.01010000 0.01652100
v -0.00693300 0.01010000 0.01803000
v -0.00583700 0.01010000 0.01940400
v -0.00367400 0.01010000 0.01683600
v -0.00425300 0.01010000 0.02016700
v -0.00327000 0.01010000 0.01690700
v -0.00249500 0.01010000 0.02016700
v -0.00091100 0.01010000 0.01940400
v -0.00291400 0.01010000 0.01670200
v 0.00057600 0.01030000 0.01631600
v 0.00018500 0.01030000 0.01460200
v -0.00091100 0.01030000 0.01322800
v -0.00249500 0.01030000 0.01246500
v -0.00425300 0.01030000 0.01246500
v -0.00583700 0.01030000 0.01322800
v -0.00693300 0.01030000 0.01460200
v -0.00732400 0.01030000 0.01631600
v -0.00693300 0.01030000 0.01803000
v -0.00583700 0.01030000 0.01940400
v 0.00018500 0.01030000 0.01803000
v -0.00091100 0.01030000 0.01940400
v -0.00249500 0.01030000 0.02016700
v -0.00425300 0.01030000 0.02016700
v -0.00291400 0.00715000 0.01670200
v -0.00277400 0.00715000 0.01631600
v -0.00291400 0.00715000 0.01593000
v -0.00327000 0.00715000 0.01572500
v -0.00367400 0.00715000 0.01579600
v -0.00393800 0.00715000 0.01611100
v -0.00393800 0.00715000 0.01652100
v -0.00367400 0.00715000 0.01683600
v -0.00327000 0.00715000 0.01690700
v 0.00114800 0.01030000 0.01832900
v 0.00157600 0.01030000 0.01631600
v 0.00114800 0.01030000 0.01430300
v -0.00006200 0.01030000 0.01263700
v -0.00184400 0.01030000 0.01160800
v -0.00389100 0.01030000 0.01139300
v -0.00584900 0.01030000 0.01202900
v -0.00737900 0.01030000 0.01340600
v -0.00821600 0.01030000 0.01528700
v -0.00821600 0.01030000 0.01734500
v -0.00737900 0.01030000 0.01922600
v -0.00584900 0.01030000 0.02060300
v -0.00389100 0.01030000 0.02123900
v -0.00184400 0.01030000 0.02102400
v -0.00006200 0.01030000 0.01999500
v -0.00207200 0.00715000 0.01522300
v -0.00167400 0.00715000 0.01631600
v -0.00207200 0.00715000 0.01740900
v -0.00307900 0.00715000 0.01799000
v -0.00422400 0.00715000 0.01778800
v -0.00497100 0.00715000 0.01689700
v -0.00497100 0.00715000 0.01573500
v -0.00422400 0.00715000 0.01484400
v -0.00307900 0.00715000 0.01464200
v 0.00157600 0.00910000 0.01631600
v 0.00114800 0.00910000 0.01430300
v -0.00006200 0.00910000 0.01263700
v -0.00184400 0.00910000 0.01160800
v -0.00389100 0.00910000 0.01139300
v -0.00584900 0.00910000 0.01202900
v -0.00737900 0.00910000 0.01340600
v -0.00821600 0.00910000 0.01528700
v -0.00821600 0.00910000 0.01734500
v -0.00737900 0.00910000 0.01922600
v -0.00584900 0.00910000 0.02060300
v -0.00389100 0.00910000 0.02123900
v -0.00184400 0.00910000 0.02102400
v -0.00006200 0.00910000 0.01999500
v 0.00114800 0.00910000 0.01832900
v -0.00167400 0.00910000 0.01631600
v -0.00207200 0.00910000 0.01740900
v -0.00307900 0.00910000 0.01799000
v -0.00422400 0.00910000 0.01778800
v -0.00497100 0.00910000 0.01689700
v -0.00497100 0.00910000 0.01573500
v -0.00422400 0.00910000 0.01484400
v -0.00307900 0.00910000 0.01464200
v -0.00207200 0.00910000 0.01522300
v 0.00137600 0.01030000 0.01843100
v 0.00182600 0.00910000 0.01631600
v 0.00182600 0.01030000 0.01631600
v 0.00137600 0.00910000 0.01420100
v 0.00137600 0.01030000 0.01420100
v 0.00010500 0.00910000 0.01245200
v 0.00010500 0.01030000 0.01245200
v -0.00176700 0.00910000 0.01137000
v -0.00176700 0.01030000 0.01137000
v -0.00391800 0.00910000 0.01114400
v -0.00391800 0.01030000 0.01114400
v -0.00597400 0.00910000 0.01181300
v -0.00597400 0.01030000 0.01181300
v -0.00758100 0.00910000 0.01326000
v -0.00758100 0.01030000 0.01326000
v -0.00846000 0.00910000 0.01523500
v -0.00846000 0.01030000 0.01523500
v -0.00846000 0.00910000 0.01739700
v -0.00846000 0.01030000 0.01739700
v -0.00758100 0.00910000 0.01937200
v -0.00758100 0.01030000 0.01937200
v -0.00597400 0.00910000 0.02081900
v -0.00597400 0.01030000 0.02081900
v -0.00391800 0.00910000 0.02148800
v -0.00391800 0.01030000 0.02148800
v -0.00176700 0.00910000 0.02126200
v -0.00176700 0.01030000 0.02126200
v 0.00010500 0.00910000 0.02018000
v 0.00010500 0.01030000 0.02018000
v 0.00137600 0.00910000 0.01843100
v -0.00910000 -0.00898500 0.00395300
v -0.00910000 -0.00910700 0.00452800
v -0.00910000 -0.00898500 0.00469700
v -0.00910000 -0.00880500 0.00384900
v -0.00910000 -0.00880500 0.00480100
v -0.00910000 -0.00859800 0.00382800
v -0.00910000 -0.00859800 0.00482200
v -0.00910000 -0.00840000 0.00475800
v -0.00910000 -0.00840000 0.00389200
v -0.00910000 -0.00824500 0.00461900
v -0.00910000 -0.00824500 0.00403100
v -0.00850000 -0.00910700 0.00452800
v -0.00850000 -0.00898500 0.00395300
v -0.00850000 -0.00898500 0.00469700
v -0.00850000 -0.00880500 0.00384900
v -0.00850000 -0.00880500 0.00480100
v -0.00850000 -0.00859800 0.00382800
v -0.00850000 -0.00859800 0.00482200
v -0.00850000 -0.00840000 0.00475800
v -0.00850000 -0.00840000 0.00389200
v -0.00850000 -0.00824500 0.00461900
v -0.00850000 -0.00824500 0.00403100
v -0.00910000 -0.00910700 0.00412200
v -0.00850000 -0.00915000 0.00432500
v -0.00910000 -0.00915000 0.00432500
v -0.00850000 -0.00816100 0.00442900
v -0.00910000 -0.00816100 0.00442900
v -0.00850000 -0.00816100 0.00422100
v -0.00910000 -0.00816100 0.00422100
v -0.00850000 -0.00910700 0.00412200
v -0.00910000 -0.00898500 0.01284300
v -0.00910000 -0.00910700 0.01341800
v -0.00910000 -0.00898500 0.01358700
v -0.00910000 -0.00880500 0.01274000
v -0.00910000 -0.00880500 0.01369000
v -0.00910000 -0.00859800 0.01271800
v -0.00910000 -0.00859800 0.01371200
v -0.00910000 -0.00840000 0.01364800
v -0.00910000 -0.00840000 0.01278200
v -0.00910000 -0.00824500 0.01350900
v -0.00910000 -0.00824500 0.01292100
v -0.00850000 -0.00910700 0.01341800
v -0.00850000 -0.00898500 0.01284300
v -0.00850000 -0.00898500 0.01358700
v -0.00850000 -0.00880500 0.01274000
v -0.00850000 -0.00880500 0.01369000
v -0.00850000 -0.00859800 0.01271800
v -0.00850000 -0.00859800 0.01371200
v -0.00850000 -0.00840000 0.01364800
v -0.00850000 -0.00840000 0.01278200
v -0.00850000 -0.00824500 0.01350900
v -0.00850000 -0.00824500 0.01292100
v -0.00910000 -0.00910700 0.01301200
v -0.00850000 -0.00915000 0.01321500
v -0.00910000 -0.00915000 0.01321500
v -0.00850000 -0.00816100 0.01331900
v -0.00910000 -0.00816100 0.01331900
v -0.00850000 -0.00816100 0.01311100
v -0.00910000 -0.00816100 0.01311100
v -0.00850000 -0.00910700 0.01301200
v 0.00340000 -0.00670000 0.00670000
v 0.00160000 -0.00670000 0.00670000
v 0.00340000 -0.00670000 0.00870000
v 0.00160000 -0.00670000 0.00870000
v -0.00090000 -0.00665000 0.00870000
v 0.00090000 -0.00665000 0.00870000
v -0.00090000 -0.00670000 0.00670000
v 0.00090000 -0.00670000 0.00670000
v -0.00090000 -0.00670000 -0.00520000
v 0.00090000 -0.00670000 -0.00520000
v -0.00090000 -0.00665000 -0.00720000
v 0.00090000 -0.00665000 -0.00720000
v -0.00340000 -0.00670000 0.00870000
v -0.00160000 -0.00670000 0.00870000
v -0.00340000 -0.00670000 0.00670000
v -0.00160000 -0.00670000 0.00670000
v 0.00090000 -0.00670000 0.00870000
v -0.00090000 -0.00670000 0.00870000
v 0.00090000 -0.00670000 -0.00720000
v -0.00090000 -0.00670000 -0.00720000
v -0.00450000 -0.00670000 -0.00650000
v -0.00450000 -0.00670000 -0.00730000
v 0.00450000 -0.00670000 -0.00730000
v 0.00450000 -0.00670000 -0.00650000
v 0.00490200 -0.00670000 -0.00500000
v 0.00127500 -0.00670000 -0.00220800
v 0.00239600 -0.00670000 -0.00087200
v -0.00490200 -0.00670000 -0.00500000
v -0.00195300 -0.00670000 -0.00163900
v -0.00255000 -0.00670000 -0.00000000
v -0.00600000 -0.00670000 -0.00390200
v -0.00600000 -0.00670000 0.00397900
v -0.00626900 -0.00670000 0.00393100
v -0.00750000 -0.00670000 -0.00350000
v -0.00650600 -0.00670000 0.00406800
v -0.00830000 -0.00670000 -0.00350000
v -0.00660000 -0.00670000 0.00432500
v -0.00660000 -0.00670000 0.00559500
v -0.00650600 -0.00670000 0.00458200
v -0.00650600 -0.00670000 0.00533800
v -0.00626900 -0.00670000 0.00471900
v -0.00626900 -0.00670000 0.00520100
v -0.00600000 -0.00670000 0.00524900
v -0.00830000 -0.00670000 0.01415000
v -0.00660000 -0.00670000 0.00686500
v -0.00650600 -0.00670000 0.00585200
v -0.00650600 -0.00670000 0.00660800
v -0.00626900 -0.00670000 0.00598900
v -0.00626900 -0.00670000 0.00647100
v -0.00600000 -0.00670000 0.00594100
v -0.00600000 -0.00670000 0.00651900
v -0.00582400 -0.00670000 0.00573200
v -0.00582400 -0.00670000 0.00672800
v -0.00471000 -0.00670000 0.00588600
v -0.00582400 -0.00670000 0.00700200
v -0.00435400 -0.00670000 0.00609100
v -0.00582400 -0.00670000 0.00799800
v -0.00582400 -0.00670000 0.00827200
v -0.00582400 -0.00670000 0.00926800
v -0.00600000 -0.00670000 0.00905900
v -0.00600000 -0.00670000 0.00848100
v -0.00626900 -0.00670000 0.00901100
v -0.00626900 -0.00670000 0.00852900
v -0.00650600 -0.00670000 0.00914800
v -0.00650600 -0.00670000 0.00839200
v -0.00660000 -0.00670000 0.00940500
v -0.00660000 -0.00670000 0.00813500
v -0.00598000 -0.00670000 0.01415000
v -0.00650600 -0.00670000 0.01347200
v -0.00660000 -0.00670000 0.01321500
v -0.00660000 -0.00670000 0.01194500
v -0.00650600 -0.00670000 0.01295800
v -0.00650600 -0.00670000 0.01220200
v -0.00626900 -0.00670000 0.01233900
v -0.00626900 -0.00670000 0.01282100
v -0.00600000 -0.00670000 0.01229100
v -0.00600000 -0.00670000 0.01286900
v -0.00582400 -0.00670000 0.01208200
v -0.00582400 -0.00670000 0.01307800
v -0.00233500 -0.00670000 0.01295800
v -0.00582400 -0.00670000 0.01335200
v -0.00600000 -0.00670000 0.01356100
v -0.00626900 -0.00670000 0.01360900
v 0.00140500 -0.00670000 0.01380600
v 0.00417900 -0.00670000 0.01645400
v 0.00127500 -0.00670000 0.00220800
v 0.00365000 -0.00670000 0.00550000
v 0.00379000 -0.00670000 0.00511400
v 0.00520000 -0.00670000 0.02015000
v 0.00830000 -0.00670000 0.02270000
v 0.00481400 -0.00670000 0.00570500
v 0.00455000 -0.00670000 0.00602000
v 0.00414600 -0.00670000 0.00609100
v 0.00520000 -0.00670000 0.02270000
v 0.00830000 -0.00670000 -0.00350000
v 0.00481400 -0.00670000 0.00529500
v 0.00750000 -0.00670000 -0.00350000
v 0.00455000 -0.00670000 0.00498000
v 0.00600000 -0.00670000 -0.00390200
v 0.00239600 -0.00670000 0.00087200
v -0.00395000 -0.00670000 0.00602000
v -0.00368600 -0.00670000 0.00570500
v -0.00368600 -0.00670000 0.00529500
v -0.00195300 -0.00670000 0.00163900
v -0.00395000 -0.00670000 0.00498000
v -0.00435400 -0.00670000 0.00490900
v -0.00582400 -0.00670000 0.00418800
v -0.00471000 -0.00670000 0.00511400
v -0.00582400 -0.00670000 0.00446200
v -0.00485000 -0.00670000 0.00550000
v -0.00582400 -0.00670000 0.00545800
v -0.00044300 -0.00670000 0.00251100
v -0.00044300 -0.00670000 -0.00251100
v -0.00660000 -0.00670000 0.01067500
v -0.00650600 -0.00670000 0.01168800
v -0.00650600 -0.00670000 0.01093200
v -0.00626900 -0.00670000 0.01106900
v -0.00626900 -0.00670000 0.01155100
v -0.00600000 -0.00670000 0.01159900
v -0.00582400 -0.00670000 0.01180800
v -0.00582400 -0.00670000 0.01081200
v -0.00600000 -0.00670000 0.01102100
v -0.00582400 -0.00670000 0.01053800
v -0.00582400 -0.00670000 0.00954200
v -0.00600000 -0.00670000 0.01032900
v -0.00600000 -0.00670000 0.00975100
v -0.00626900 -0.00670000 0.00979900
v -0.00650600 -0.00670000 0.01041800
v -0.00650600 -0.00670000 0.00966200
v -0.00626900 -0.00670000 0.01028100
v -0.00650600 -0.00670000 0.00712200
v -0.00650600 -0.00670000 0.00787800
v -0.00626900 -0.00670000 0.00725900
v -0.00626900 -0.00670000 0.00774100
v -0.00600000 -0.00670000 0.00778900
v -0.00600000 -0.00670000 0.00721100
v -0.00600000 -0.00670000 0.00467100
v 0.00414600 -0.00670000 0.00490900
v 0.00379000 -0.00670000 0.00588600
v -0.00598000 -0.00770000 0.01415000
v -0.00233500 -0.00770000 0.01295800
v 0.00140500 -0.00770000 0.01380600
v 0.00417900 -0.00770000 0.01645400
v 0.00520000 -0.00770000 0.02015000
v 0.00520000 -0.00770000 0.02270000
v 0.00830000 -0.00770000 0.02270000
v 0.00830000 -0.00770000 -0.00350000
v 0.00750000 -0.00770000 -0.00350000
v 0.00600000 -0.00770000 -0.00390200
v 0.00490200 -0.00770000 -0.00500000
v 0.00450000 -0.00770000 -0.00650000
v 0.00450000 -0.00770000 -0.00730000
v -0.00450000 -0.00770000 -0.00730000
v -0.00450000 -0.00770000 -0.00650000
v -0.00490200 -0.00770000 -0.00500000
v -0.00600000 -0.00770000 -0.00390200
v -0.00750000 -0.00770000 -0.00350000
v -0.00830000 -0.00770000 -0.00350000
v -0.00830000 -0.00770000 0.01415000
v -0.00195300 -0.00770000 -0.00163900
v -0.00255000 -0.00770000 -0.00000000
v -0.00195300 -0.00770000 0.00163900
v -0.00044300 -0.00770000 0.00251100
v 0.00127500 -0.00770000 0.00220800
v 0.00239600 -0.00770000 0.00087200
v 0.00239600 -0.00770000 -0.00087200
v 0.00127500 -0.00770000 -0.00220800
v -0.00044300 -0.00770000 -0.00251100
v -0.00471000 -0.00770000 0.00511400
v -0.00485000 -0.00770000 0.00550000
v -0.00471000 -0.00770000 0.00588600
v -0.00435400 -0.00770000 0.00609100
v -0.00395000 -0.00770000 0.00602000
v -0.00368600 -0.00770000 0.00570500
v -0.00368600 -0.00770000 0.00529500
v -0.00395000 -0.00770000 0.00498000
v -0.00435400 -0.00770000 0.00490900
v 0.00379000 -0.00770000 0.00511400
v 0.00365000 -0.00770000 0.00550000
v 0.00379000 -0.00770000 0.00588600
v 0.00414600 -0.00770000 0.00609100
v 0.00455000 -0.00770000 0.00602000
v 0.00481400 -0.00770000 0.00570500
v 0.00481400 -0.00770000 0.00529500
v 0.00455000 -0.00770000 0.00498000
v 0.00414600 -0.00770000 0.00490900
v -0.00650600 -0.00770000 0.00406800
v -0.00660000 -0.00770000 0.00432500
v -0.00650600 -0.00770000 0.00458200
v -0.00626900 -0.00770000 0.00471900
v -0.00600000 -0.00770000 0.00467100
v -0.00582400 -0.00770000 0.00446200
v -0.00582400 -0.00770000 0.00418800
v -0.00600000 -0.00770000 0.00397900
v -0.00626900 -0.00770000 0.00393100
v -0.00650600 -0.00770000 0.00533800
v -0.00660000 -0.00770000 0.00559500
v -0.00650600 -0.00770000 0.00585200
v -0.00626900 -0.00770000 0.00598900
v -0.00600000 -0.00770000 0.00594100
v -0.00582400 -0.00770000 0.00573200
v -0.00582400 -0.00770000 0.00545800
v -0.00600000 -0.00770000 0.00524900
v -0.00626900 -0.00770000 0.00520100
v -0.00650600 -0.00770000 0.00660800
v -0.00660000 -0.00770000 0.00686500
v -0.00650600 -0.00770000 0.00712200
v -0.00626900 -0.00770000 0.00725900
v -0.00600000 -0.00770000 0.00721100
v -0.00582400 -0.00770000 0.00700200
v -0.00582400 -0.00770000 0.00672800
v -0.00600000 -0.00770000 0.00651900
v -0.00626900 -0.00770000 0.00647100
v -0.00650600 -0.00770000 0.00787800
v -0.00660000 -0.00770000 0.00813500
v -0.00650600 -0.00770000 0.00839200
v -0.00626900 -0.00770000 0.00852900
v -0.00600000 -0.00770000 0.00848100
v -0.00582400 -0.00770000 0.00827200
v -0.00582400 -0.00770000 0.00799800
v -0.00600000 -0.00770000 0.00778900
v -0.00626900 -0.00770000 0.00774100
v -0.00650600 -0.00770000 0.00914800
v -0.00660000 -0.00770000 0.00940500
v -0.00650600 -0.00770000 0.00966200
v -0.00626900 -0.00770000 0.00979900
v -0.00600000 -0.00770000 0.00975100
v -0.00582400 -0.00770000 0.00954200
v -0.00582400 -0.00770000 0.00926800
v -0.00600000 -0.00770000 0.00905900
v -0.00626900 -0.00770000 0.00901100
v -0.00650600 -0.00770000 0.01041800
v -0.00660000 -0.00770000 0.01067500
v -0.00650600 -0.00770000 0.01093200
v -0.00626900 -0.00770000 0.01106900
v -0.00600000 -0.00770000 0.01102100
v -0.00582400 -0.00770000 0.01081200
v -0.00582400 -0.00770000 0.01053800
v -0.00600000 -0.00770000 0.01032900
v -0.00626900 -0.00770000 0.01028100
v -0.00650600 -0.00770000 0.01168800
v -0.00660000 -0.00770000 0.01194500
v -0.00650600 -0.00770000 0.01220200
v -0.00626900 -0.00770000 0.01233900
v -0.00600000 -0.00770000 0.01229100
v -0.00582400 -0.00770000 0.01208200
v -0.00582400 -0.00770000 0.01180800
v -0.00600000 -0.00770000 0.01159900
v -0.00626900 -0.00770000 0.01155100
v -0.00650600 -0.00770000 0.01295800
v -0.00660000 -0.00770000 0.01321500
v -0.00650600 -0.00770000 0.01347200
v -0.00626900 -0.00770000 0.01360900
v -0.00600000 -0.00770000 0.01356100
v -0.00582400 -0.00770000 0.01335200
v -0.00582400 -0.00770000 0.01307800
v -0.00600000 -0.00770000 0.01286900
v -0.00626900 -0.00770000 0.01282100
v -0.00850000 -0.00770000 0.01164500
v -0.00850000 -0.00770000 0.01224500
v -0.00850000 -0.00815000 0.01151000
v -0.00850000 -0.00815000 0.01238000
v -0.00850000 -0.00845000 0.01174500
v -0.00850000 -0.00845000 0.01214500
v -0.00850000 -0.00845000 0.01301500
v -0.00850000 -0.00885000 0.01301500
v -0.00850000 -0.00815000 0.01278000
v -0.00850000 -0.00815000 0.01365000
v -0.00850000 -0.00845000 0.01341500
v -0.00850000 -0.00815000 0.01385000
v -0.00850000 -0.00915000 0.01385000
v -0.00850000 -0.00770000 0.01291500
v -0.00850000 -0.00770000 0.01351500
v -0.00850000 -0.00885000 0.01341500
v -0.00850000 -0.00915000 0.01365000
v -0.00850000 -0.00915000 0.01278000
v -0.00850000 -0.00885000 0.01214500
v -0.00850000 -0.00915000 0.01238000
v -0.00850000 -0.00885000 0.01174500
v -0.00850000 -0.00915000 0.01151000
v -0.00850000 -0.00885000 0.01087500
v -0.00850000 -0.00915000 0.01111000
v -0.00850000 -0.00885000 0.01047500
v -0.00850000 -0.00915000 0.01024000
v -0.00850000 -0.00885000 0.00960500
v -0.00850000 -0.00915000 0.00984000
v -0.00850000 -0.00885000 0.00920500
v -0.00850000 -0.00915000 0.00897000
v -0.00850000 -0.00885000 0.00833500
v -0.00850000 -0.00915000 0.00857000
v -0.00850000 -0.00885000 0.00793500
v -0.00850000 -0.00915000 0.00770000
v -0.00850000 -0.00885000 0.00706500
v -0.00850000 -0.00915000 0.00730000
v -0.00850000 -0.00885000 0.00666500
v -0.00850000 -0.00915000 0.00643000
v -0.00850000 -0.00885000 0.00579500
v -0.00850000 -0.00915000 0.00603000
v -0.00850000 -0.00885000 0.00539500
v -0.00850000 -0.00915000 0.00516000
v -0.00850000 -0.00885000 0.00452500
v -0.00850000 -0.00915000 0.00476000
v -0.00850000 -0.00885000 0.00412500
v -0.00850000 -0.00915000 0.00389000
v -0.00850000 -0.00960000 0.01351500
v -0.00850000 -0.00960000 0.01291500
v -0.00850000 -0.00960000 0.01224500
v -0.00850000 -0.00960000 0.01164500
v -0.00850000 -0.00960000 0.01097500
v -0.00850000 -0.00960000 0.01037500
v -0.00850000 -0.00960000 0.00970500
v -0.00850000 -0.00960000 0.00910500
v -0.00850000 -0.00960000 0.00843500
v -0.00850000 -0.00960000 0.00783500
v -0.00850000 -0.00960000 0.00716500
v -0.00850000 -0.00960000 0.00656500
v -0.00850000 -0.00960000 0.00589500
v -0.00850000 -0.00960000 0.00529500
v -0.00850000 -0.00960000 0.00462500
v -0.00850000 -0.00960000 0.00402500
v -0.00850000 -0.00915000 0.00369000
v -0.00850000 -0.00815000 0.00369000
v -0.00850000 -0.00845000 0.00412500
v -0.00850000 -0.00815000 0.00389000
v -0.00850000 -0.00815000 0.00476000
v -0.00850000 -0.00770000 0.00462500
v -0.00850000 -0.00770000 0.00402500
v -0.00850000 -0.00815000 0.00516000
v -0.00850000 -0.00845000 0.00539500
v -0.00850000 -0.00845000 0.00452500
v -0.00850000 -0.00770000 0.00529500
v -0.00850000 -0.00770000 0.00589500
v -0.00850000 -0.00815000 0.00603000
v -0.00850000 -0.00845000 0.00579500
v -0.00850000 -0.00845000 0.00666500
v -0.00850000 -0.00815000 0.00643000
v -0.00850000 -0.00815000 0.00730000
v -0.00850000 -0.00845000 0.00706500
v -0.00850000 -0.00845000 0.00793500
v -0.00850000 -0.00770000 0.00656500
v -0.00850000 -0.00770000 0.00716500
v -0.00850000 -0.00815000 0.00770000
v -0.00850000 -0.00815000 0.00857000
v -0.00850000 -0.00845000 0.00833500
v -0.00850000 -0.00845000 0.00920500
v -0.00850000 -0.00770000 0.00783500
v -0.00850000 -0.00770000 0.00843500
v -0.00850000 -0.00815000 0.00897000
v -0.00850000 -0.00815000 0.00984000
v -0.00850000 -0.00845000 0.00960500
v -0.00850000 -0.00845000 0.01047500
v -0.00850000 -0.00770000 0.00910500
v -0.00850000 -0.00770000 0.00970500
v -0.00850000 -0.00815000 0.01024000
v -0.00850000 -0.00815000 0.01111000
v -0.00850000 -0.00845000 0.01087500
v -0.00850000 -0.00770000 0.01037500
v -0.00850000 -0.00770000 0.01097500
v -0.01070000 -0.00885000 0.00539500
v -0.01070000 -0.00885000 0.00579500
v -0.01070000 -0.00885000 0.00793500
v -0.01070000 -0.00885000 0.00833500
v -0.01070000 -0.00885000 0.01047500
v -0.01070000 -0.00885000 0.01087500
v -0.01070000 -0.00885000 0.01301500
v -0.01070000 -0.00885000 0.01341500
v -0.01070000 -0.00885000 0.01174500
v -0.01070000 -0.00885000 0.01214500
v -0.01070000 -0.00885000 0.00920500
v -0.01070000 -0.00885000 0.00960500
v -0.01070000 -0.00885000 0.00666500
v -0.01070000 -0.00885000 0.00706500
v -0.01070000 -0.00885000 0.00412500
v -0.01070000 -0.00885000 0.00452500
v -0.00700000 -0.00815000 0.01238000
v -0.00700000 -0.00770000 0.01224500
v -0.00700000 -0.00815000 0.00369000
v -0.00700000 -0.00915000 0.00369000
v -0.00700000 -0.00915000 0.01385000
v -0.00700000 -0.00815000 0.01385000
v -0.01100000 -0.00871000 0.00553500
v -0.01070000 -0.00845000 0.00539500
v -0.01070000 -0.00845000 0.00579500
v -0.01100000 -0.00871000 0.00807500
v -0.01070000 -0.00845000 0.00793500
v -0.01070000 -0.00845000 0.00833500
v -0.01100000 -0.00871000 0.01061500
v -0.01070000 -0.00845000 0.01047500
v -0.01070000 -0.00845000 0.01087500
v -0.01100000 -0.00871000 0.01315500
v -0.01070000 -0.00845000 0.01301500
v -0.01070000 -0.00845000 0.01341500
v -0.01100000 -0.00871000 0.01188500
v -0.01070000 -0.00845000 0.01174500
v -0.01070000 -0.00845000 0.01214500
v -0.01100000 -0.00871000 0.00934500
v -0.01070000 -0.00845000 0.00920500
v -0.01070000 -0.00845000 0.00960500
v -0.01100000 -0.00871000 0.00680500
v -0.01070000 -0.00845000 0.00666500
v -0.01070000 -0.00845000 0.00706500
v -0.01100000 -0.00871000 0.00426500
v -0.01070000 -0.00845000 0.00412500
v -0.01070000 -0.00845000 0.00452500
v -0.00700000 -0.00770000 0.01164500
v -0.00700000 -0.00815000 0.01278000
v -0.00700000 -0.00915000 0.01365000
v -0.00700000 -0.00885000 0.01341500
v -0.00700000 -0.00885000 0.01301500
v -0.00700000 -0.00915000 0.01278000
v -0.00700000 -0.00915000 0.01238000
v -0.00700000 -0.00885000 0.01214500
v -0.00700000 -0.00885000 0.01174500
v -0.00700000 -0.00845000 0.01341500
v -0.00700000 -0.00815000 0.01365000
v -0.00700000 -0.00845000 0.01301500
v -0.00700000 -0.00845000 0.01214500
v -0.00700000 -0.00845000 0.01174500
v -0.00700000 -0.00815000 0.01151000
v -0.00700000 -0.00845000 0.01087500
v -0.00700000 -0.00815000 0.01111000
v -0.00700000 -0.00845000 0.01047500
v -0.00700000 -0.00815000 0.01024000
v -0.00700000 -0.00845000 0.00960500
v -0.00700000 -0.00815000 0.00984000
v -0.00700000 -0.00845000 0.00920500
v -0.00700000 -0.00815000 0.00897000
v -0.00700000 -0.00845000 0.00833500
v -0.00700000 -0.00815000 0.00857000
v -0.00700000 -0.00845000 0.00793500
v -0.00700000 -0.00815000 0.00770000
v -0.00700000 -0.00845000 0.00706500
v -0.00700000 -0.00815000 0.00730000
v -0.00700000 -0.00845000 0.00666500
v -0.00700000 -0.00815000 0.00643000
v -0.00700000 -0.00845000 0.00579500
v -0.00700000 -0.00815000 0.00603000
v -0.00700000 -0.00845000 0.00539500
v -0.00700000 -0.00815000 0.00516000
v -0.00700000 -0.00845000 0.00452500
v -0.00700000 -0.00815000 0.00476000
v -0.00700000 -0.00845000 0.00412500
v -0.00700000 -0.00815000 0.00389000
v -0.00700000 -0.00770000 0.01351500
v -0.00700000 -0.00770000 0.01291500
v -0.00700000 -0.00770000 0.01097500
v -0.00700000 -0.00770000 0.01037500
v -0.00700000 -0.00770000 0.00970500
v -0.00700000 -0.00770000 0.00910500
v -0.00700000 -0.00770000 0.00843500
v -0.00700000 -0.00770000 0.00783500
v -0.00700000 -0.00770000 0.00716500
v -0.00700000 -0.00770000 0.00656500
v -0.00700000 -0.00770000 0.00589500
v -0.00700000 -0.00770000 0.00529500
v -0.00700000 -0.00770000 0.00462500
v -0.00700000 -0.00770000 0.00402500
v -0.00700000 -0.00885000 0.00412500
v -0.00700000 -0.00915000 0.00389000
v -0.00700000 -0.00915000 0.00476000
v -0.00700000 -0.00960000 0.00462500
v -0.00700000 -0.00960000 0.00402500
v -0.00700000 -0.00915000 0.00516000
v -0.00700000 -0.00885000 0.00539500
v -0.00700000 -0.00885000 0.00452500
v -0.00700000 -0.00960000 0.00529500
v -0.00700000 -0.00960000 0.00589500
v -0.00700000 -0.00915000 0.00603000
v -0.00700000 -0.00885000 0.00579500
v -0.00700000 -0.00885000 0.00666500
v -0.00700000 -0.00915000 0.00643000
v -0.00700000 -0.00915000 0.00730000
v -0.00700000 -0.00885000 0.00706500
v -0.00700000 -0.00885000 0.00793500
v -0.00700000 -0.00960000 0.00656500
v -0.00700000 -0.00960000 0.00716500
v -0.00700000 -0.00915000 0.00770000
v -0.00700000 -0.00915000 0.00857000
v -0.00700000 -0.00885000 0.00833500
v -0.00700000 -0.00885000 0.00920500
v -0.00700000 -0.00960000 0.00783500
v -0.00700000 -0.00960000 0.00843500
v -0.00700000 -0.00915000 0.00897000
v -0.00700000 -0.00915000 0.00984000
v -0.00700000 -0.00885000 0.00960500
v -0.00700000 -0.00885000 0.01047500
v -0.00700000 -0.00960000 0.00910500
v -0.00700000 -0.00960000 0.00970500
v -0.00700000 -0.00915000 0.01024000
v -0.00700000 -0.00915000 0.01111000
v -0.00700000 -0.00885000 0.01087500
v -0.00700000 -0.00960000 0.01037500
v -0.00700000 -0.00960000 0.01097500
v -0.00700000 -0.00915000 0.01151000
v -0.00700000 -0.00960000 0.01164500
v -0.00700000 -0.00960000 0.01224500
v -0.00700000 -0.00960000 0.01291500
v -0.00700000 -0.00960000 0.01351500
v -0.01100000 -0.00859000 0.00565500
v -0.01100000 -0.00859000 0.00819500
v -0.01100000 -0.00859000 0.01073500
v -0.01100000 -0.00859000 0.01327500
v -0.01100000 -0.00859000 0.01200500
v -0.01100000 -0.00859000 0.00946500
v -0.01100000 -0.00859000 0.00692500
v -0.01100000 -0.00859000 0.00438500
v -0.00640000 -0.00885000 0.00452500
v -0.00640000 -0.00845000 0.00452500
v -0.00600000 -0.00845000 0.00452500
v -0.00600000 -0.00650000 0.00432500
v -0.00640000 -0.00650000 0.00452500
v -0.00640000 -0.00885000 0.00412500
v -0.00640000 -0.00885000 0.00579500
v -0.00640000 -0.00845000 0.00579500
v -0.00600000 -0.00845000 0.00579500
v -0.00600000 -0.00650000 0.00579500
v -0.00640000 -0.00650000 0.00579500
v -0.00640000 -0.00885000 0.00539500
v -0.00640000 -0.00885000 0.00706500
v -0.00640000 -0.00845000 0.00706500
v -0.00600000 -0.00845000 0.00706500
v -0.00600000 -0.00650000 0.00706500
v -0.00640000 -0.00650000 0.00706500
v -0.00640000 -0.00885000 0.00666500
v -0.00640000 -0.00885000 0.00833500
v -0.00640000 -0.00845000 0.00833500
v -0.00600000 -0.00845000 0.00833500
v -0.00600000 -0.00650000 0.00833500
v -0.00640000 -0.00650000 0.00833500
v -0.00640000 -0.00885000 0.00793500
v -0.00640000 -0.00885000 0.00960500
v -0.00640000 -0.00845000 0.00960500
v -0.00600000 -0.00845000 0.00960500
v -0.00600000 -0.00650000 0.00960500
v -0.00640000 -0.00650000 0.00960500
v -0.00640000 -0.00885000 0.00920500
v -0.00640000 -0.00885000 0.01087500
v -0.00640000 -0.00845000 0.01087500
v -0.00600000 -0.00845000 0.01087500
v -0.00600000 -0.00650000 0.01087500
v -0.00640000 -0.00650000 0.01087500
v -0.00640000 -0.00885000 0.01047500
v -0.00640000 -0.00885000 0.01214500
v -0.00640000 -0.00845000 0.01214500
v -0.00600000 -0.00845000 0.01214500
v -0.00600000 -0.00650000 0.01214500
v -0.00640000 -0.00650000 0.01214500
v -0.00640000 -0.00885000 0.01174500
v -0.00640000 -0.00845000 0.01341500
v -0.00640000 -0.00845000 0.01301500
v -0.00640000 -0.00885000 0.01341500
v -0.00600000 -0.00845000 0.01341500
v -0.00600000 -0.00650000 0.01341500
v -0.00640000 -0.00650000 0.01341500
v -0.00640000 -0.00885000 0.01301500
v -0.01100000 -0.00859000 0.00553500
v -0.01100000 -0.00859000 0.00807500
v -0.01100000 -0.00859000 0.01061500
v -0.01100000 -0.00859000 0.01315500
v -0.01100000 -0.00859000 0.01188500
v -0.01100000 -0.00859000 0.00934500
v -0.01100000 -0.00859000 0.00680500
v -0.01100000 -0.00859000 0.00426500
v -0.00640000 -0.00845000 0.00412500
v -0.00640000 -0.00650000 0.00412500
v -0.00626000 -0.00620000 0.00438500
v -0.00600000 -0.00845000 0.00412500
v -0.00640000 -0.00845000 0.00539500
v -0.00640000 -0.00650000 0.00539500
v -0.00626000 -0.00620000 0.00565500
v -0.00600000 -0.00845000 0.00539500
v -0.00600000 -0.00650000 0.00539500
v -0.00640000 -0.00845000 0.00666500
v -0.00640000 -0.00650000 0.00666500
v -0.00626000 -0.00620000 0.00692500
v -0.00600000 -0.00845000 0.00666500
v -0.00600000 -0.00650000 0.00666500
v -0.00640000 -0.00845000 0.00793500
v -0.00640000 -0.00650000 0.00793500
v -0.00626000 -0.00620000 0.00819500
v -0.00600000 -0.00845000 0.00793500
v -0.00600000 -0.00650000 0.00793500
v -0.00640000 -0.00845000 0.00920500
v -0.00640000 -0.00650000 0.00920500
v -0.00626000 -0.00620000 0.00946500
v -0.00600000 -0.00845000 0.00920500
v -0.00600000 -0.00650000 0.00920500
v -0.00640000 -0.00845000 0.01047500
v -0.00640000 -0.00650000 0.01047500
v -0.00626000 -0.00620000 0.01073500
v -0.00600000 -0.00845000 0.01047500
v -0.00600000 -0.00650000 0.01047500
v -0.00640000 -0.00845000 0.01174500
v -0.00640000 -0.00650000 0.01174500
v -0.00626000 -0.00620000 0.01200500
v -0.00600000 -0.00845000 0.01174500
v -0.00600000 -0.00650000 0.01174500
v -0.00640000 -0.00650000 0.01301500
v -0.00626000 -0.00620000 0.01327500
v -0.00600000 -0.00845000 0.01301500
v -0.00600000 -0.00650000 0.01301500
v -0.00626000 -0.00620000 0.00426500
v -0.00626000 -0.00620000 0.00553500
v -0.00614000 -0.00620000 0.00553500
v -0.00626000 -0.00620000 0.00680500
v -0.00614000 -0.00620000 0.00680500
v -0.00626000 -0.00620000 0.00807500
v -0.00614000 -0.00620000 0.00807500
v -0.00626000 -0.00620000 0.00934500
v -0.00614000 -0.00620000 0.00934500
v -0.00626000 -0.00620000 0.01061500
v -0.00614000 -0.00620000 0.01061500
v -0.00626000 -0.00620000 0.01188500
v -0.00614000 -0.00620000 0.01188500
v -0.00626000 -0.00620000 0.01315500
v -0.00614000 -0.00620000 0.01315500
v 0.00570000 -0.00775000 0.01820000
v 0.00770000 -0.00775000 0.01820000
v 0.00570000 -0.00775000 0.01670000
v 0.00770000 -0.00775000 0.01670000
v 0.00770000 -0.00770000 0.01820000
v 0.00570000 -0.00770000 0.01820000
v 0.00570000 -0.00770000 0.01670000
v 0.00770000 -0.00770000 0.01670000
v 0.00124600 -0.00860000 0.01227200
v 0.00459300 -0.00860000 0.00890100
v 0.00124600 -0.00860000 0.00827200
v 0.00454600 -0.00860000 0.00877200
v 0.00459300 -0.00860000 0.00864300
v 0.00524600 -0.00860000 0.01227200
v 0.00471200 -0.00860000 0.00896900
v 0.00484600 -0.00860000 0.00894500
v 0.00493400 -0.00860000 0.00884000
v 0.00524600 -0.00860000 0.00827200
v 0.00493400 -0.00860000 0.00870400
v 0.00484600 -0.00860000 0.00859900
v 0.00471200 -0.00860000 0.00857500
v 0.00239600 -0.00790000 0.01227200
v 0.00214600 -0.00790000 0.01227200
v 0.00124600 -0.00775000 0.01227200
v 0.00214600 -0.00775000 0.01227200
v 0.00279600 -0.00790000 0.01227200
v 0.00304600 -0.00790000 0.01227200
v 0.00344600 -0.00790000 0.01227200
v 0.00369600 -0.00790000 0.01227200
v 0.00409600 -0.00790000 0.01227200
v 0.00434600 -0.00790000 0.01227200
v 0.00524600 -0.00775000 0.01227200
v 0.00434600 -0.00775000 0.01227200
v 0.00124600 -0.00790000 0.00942200
v 0.00124600 -0.00790000 0.00917200
v 0.00124600 -0.00775000 0.00827200
v 0.00124600 -0.00775000 0.00917200
v 0.00124600 -0.00790000 0.00982200
v 0.00124600 -0.00790000 0.01007200
v 0.00124600 -0.00790000 0.01047200
v 0.00124600 -0.00790000 0.01072200
v 0.00124600 -0.00790000 0.01112200
v 0.00124600 -0.00790000 0.01137200
v 0.00124600 -0.00775000 0.01137200
v 0.00434600 -0.00775000 0.00827200
v 0.00434600 -0.00790000 0.00827200
v 0.00524600 -0.00775000 0.00827200
v 0.00409600 -0.00790000 0.00827200
v 0.00369600 -0.00790000 0.00827200
v 0.00344600 -0.00790000 0.00827200
v 0.00304600 -0.00790000 0.00827200
v 0.00279600 -0.00790000 0.00827200
v 0.00239600 -0.00790000 0.00827200
v 0.00214600 -0.00790000 0.00827200
v 0.00214600 -0.00775000 0.00827200
v 0.00524600 -0.00790000 0.01112200
v 0.00524600 -0.00790000 0.01137200
v 0.00524600 -0.00775000 0.01137200
v 0.00524600 -0.00790000 0.01072200
v 0.00524600 -0.00790000 0.01047200
v 0.00524600 -0.00790000 0.01007200
v 0.00524600 -0.00790000 0.00982200
v 0.00524600 -0.00790000 0.00942200
v 0.00524600 -0.00790000 0.00917200
v 0.00524600 -0.00775000 0.00917200
v -0.00380000 -0.00670000 0.00571700
v -0.00380000 -0.00770000 0.00571700
v -0.00375000 -0.00670000 0.00550000
v -0.00375000 -0.00770000 0.00550000
v -0.00380000 -0.00670000 0.00528300
v -0.00380000 -0.00770000 0.00528300
v -0.00393800 -0.00670000 0.00510900
v -0.00393800 -0.00770000 0.00510900
v -0.00413900 -0.00670000 0.00501300
v -0.00413900 -0.00770000 0.00501300
v -0.00436100 -0.00670000 0.00501300
v -0.00436100 -0.00770000 0.00501300
v -0.00456200 -0.00670000 0.00510900
v -0.00456200 -0.00770000 0.00510900
v -0.00470000 -0.00670000 0.00528300
v -0.00470000 -0.00770000 0.00528300
v -0.00475000 -0.00670000 0.00550000
v -0.00475000 -0.00770000 0.00550000
v -0.00470000 -0.00670000 0.00571700
v -0.00470000 -0.00770000 0.00571700
v -0.00456200 -0.00670000 0.00589100
v -0.00456200 -0.00770000 0.00589100
v -0.00436100 -0.00670000 0.00598700
v -0.00436100 -0.00770000 0.00598700
v -0.00413900 -0.00670000 0.00598700
v -0.00413900 -0.00770000 0.00598700
v -0.00393800 -0.00670000 0.00589100
v -0.00393800 -0.00770000 0.00589100
v -0.00180200 -0.00730000 0.00086800
v -0.00200000 -0.00560000 -0.00000000
v -0.00200000 -0.00730000 -0.00000000
v -0.00180200 -0.00560000 -0.00086800
v -0.00180200 -0.00730000 -0.00086800
v -0.00124700 -0.00560000 -0.00156400
v -0.00124700 -0.00730000 -0.00156400
v -0.00044500 -0.00560000 -0.00195000
v -0.00044500 -0.00730000 -0.00195000
v 0.00044500 -0.00560000 -0.00195000
v 0.00044500 -0.00730000 -0.00195000
v 0.00124700 -0.00560000 -0.00156400
v 0.00124700 -0.00730000 -0.00156400
v 0.00180200 -0.00560000 -0.00086800
v 0.00180200 -0.00730000 -0.00086800
v 0.00200000 -0.00730000 -0.00000000
v 0.00200000 -0.00560000 -0.00000000
v 0.00180200 -0.00730000 0.00086800
v 0.00180200 -0.00560000 0.00086800
v 0.00124700 -0.00560000 0.00156400
v -0.00180200 -0.00560000 0.00086800
v -0.00124700 -0.00730000 0.00156400
v -0.00124700 -0.00560000 0.00156400
v -0.00044500 -0.00730000 0.00195000
v -0.00044500 -0.00560000 0.00195000
v 0.00044500 -0.00730000 0.00195000
v 0.00044500 -0.00560000 0.00195000
v 0.00124700 -0.00730000 0.00156400
v 0.00230900 -0.00730000 0.00095800
v 0.00250000 -0.00730000 -0.00000000
v 0.00230700 -0.00730000 -0.00096200
v 0.00176300 -0.00730000 -0.00177200
v 0.00095200 -0.00730000 -0.00231100
v -0.00000100 -0.00730000 -0.00250000
v -0.00095700 -0.00730000 -0.00231000
v -0.00176900 -0.00730000 -0.00176700
v -0.00230900 -0.00730000 -0.00095800
v -0.00250000 -0.00730000 -0.00000000
v -0.00230700 -0.00730000 0.00096200
v -0.00176300 -0.00730000 0.00177200
v -0.00095200 -0.00730000 0.00231100
v 0.00000100 -0.00730000 0.00250000
v 0.00095700 -0.00730000 0.00231000
v 0.00176900 -0.00730000 0.00176700
v 0.00207800 -0.00560000 -0.00086200
v 0.00225000 -0.00560000 -0.00000000
v 0.00207700 -0.00560000 0.00086600
v 0.00158600 -0.00560000 0.00159600
v 0.00085600 -0.00560000 0.00208100
v -0.00000200 -0.00560000 0.00225000
v -0.00086200 -0.00560000 0.00207900
v -0.00159200 -0.00560000 0.00159000
v -0.00207800 -0.00560000 0.00086200
v -0.00225000 -0.00560000 -0.00000000
v -0.00207700 -0.00560000 -0.00086600
v -0.00158600 -0.00560000 -0.00159600
v -0.00085600 -0.00560000 -0.00208100
v 0.00000200 -0.00560000 -0.00225000
v 0.00086200 -0.00560000 -0.00207900
v 0.00159200 -0.00560000 -0.00159000
v 0.00254300 -0.00775000 -0.00509700
v 0.00266500 -0.00775000 -0.00567200
v 0.00266500 -0.00775000 -0.00492800
v 0.00284500 -0.00775000 -0.00577600
v 0.00284500 -0.00775000 -0.00482400
v 0.00305200 -0.00775000 -0.00579700
v 0.00305200 -0.00775000 -0.00480300
v 0.00325000 -0.00775000 -0.00573300
v 0.00325000 -0.00775000 -0.00486700
v 0.00340500 -0.00775000 -0.00559400
v 0.00340500 -0.00775000 -0.00500600
v 0.00450000 -0.00460000 0.00675000
v -0.00386700 -0.00460000 0.00582100
v -0.00450000 -0.00460000 0.00675000
v -0.00400000 -0.00460000 0.00593300
v -0.00416300 -0.00460000 0.00599200
v 0.00550000 -0.00460000 0.00575000
v 0.00142700 -0.00460000 0.00174000
v 0.00125100 -0.00460000 0.00187100
v 0.00106200 -0.00460000 0.00198400
v 0.00550000 -0.00460000 -0.00175000
v 0.00215300 -0.00460000 0.00065300
v 0.00207800 -0.00460000 0.00086200
v 0.00198400 -0.00460000 0.00106200
v 0.00250000 -0.00460000 -0.00525000
v 0.00173600 -0.00460000 -0.00143200
v 0.00186800 -0.00460000 -0.00125600
v 0.00198100 -0.00460000 -0.00106700
v -0.00250000 -0.00460000 -0.00525000
v -0.00000200 -0.00460000 -0.00225000
v 0.00021900 -0.00460000 -0.00224000
v 0.00043500 -0.00460000 -0.00220800
v -0.00550000 -0.00460000 -0.00175000
v -0.00174100 -0.00460000 -0.00142600
v -0.00159200 -0.00460000 -0.00159000
v -0.00142700 -0.00460000 -0.00174000
v -0.00550000 -0.00460000 0.00575000
v -0.00463300 -0.00460000 0.00517900
v -0.00450000 -0.00460000 0.00506700
v -0.00433700 -0.00460000 0.00500800
v -0.00463300 -0.00460000 0.00582100
v -0.00472000 -0.00460000 0.00567100
v -0.00475000 -0.00460000 0.00550000
v -0.00378000 -0.00460000 0.00567100
v 0.00000200 -0.00460000 0.00225000
v -0.00375000 -0.00460000 0.00550000
v -0.00021900 -0.00460000 0.00224000
v -0.00043500 -0.00460000 0.00220800
v -0.00433700 -0.00460000 0.00599200
v -0.00450000 -0.00460000 0.00593300
v -0.00472000 -0.00460000 0.00532900
v -0.00416300 -0.00460000 0.00500800
v -0.00198100 -0.00460000 0.00106700
v -0.00207700 -0.00460000 0.00086600
v -0.00215200 -0.00460000 0.00065700
v -0.00400000 -0.00460000 0.00506700
v -0.00173600 -0.00460000 0.00143200
v -0.00186800 -0.00460000 0.00125600
v -0.00386700 -0.00460000 0.00517900
v -0.00142200 -0.00460000 0.00174400
v -0.00158600 -0.00460000 0.00159600
v -0.00378000 -0.00460000 0.00532900
v -0.00105600 -0.00460000 0.00198700
v -0.00124500 -0.00460000 0.00187500
v -0.00064800 -0.00460000 0.00215500
v -0.00085600 -0.00460000 0.00208100
v -0.00223900 -0.00460000 0.00022400
v -0.00225000 -0.00460000 -0.00000000
v -0.00223900 -0.00460000 -0.00022200
v -0.00220700 -0.00460000 -0.00044000
v -0.00215300 -0.00460000 -0.00065300
v -0.00207800 -0.00460000 -0.00086200
v -0.00198400 -0.00460000 -0.00106200
v -0.00187100 -0.00460000 -0.00125000
v -0.00125100 -0.00460000 -0.00187100
v -0.00106200 -0.00460000 -0.00198400
v -0.00086200 -0.00460000 -0.00207900
v -0.00065300 -0.00460000 -0.00215300
v -0.00044000 -0.00460000 -0.00220700
v -0.00022300 -0.00460000 -0.00223900
v 0.00064800 -0.00460000 -0.00215500
v 0.00085600 -0.00460000 -0.00208100
v 0.00105600 -0.00460000 -0.00198700
v 0.00124500 -0.00460000 -0.00187500
v 0.00142200 -0.00460000 -0.00174400
v 0.00158600 -0.00460000 -0.00159600
v 0.00207700 -0.00460000 -0.00086600
v 0.00215200 -0.00460000 -0.00065700
v 0.00220600 -0.00460000 -0.00044300
v 0.00223900 -0.00460000 -0.00022400
v 0.00225000 -0.00460000 -0.00000000
v 0.00223900 -0.00460000 0.00022200
v 0.00220700 -0.00460000 0.00044000
v 0.00187100 -0.00460000 0.00125000
v 0.00174100 -0.00460000 0.00142600
v 0.00159200 -0.00460000 0.00159000
v 0.00086200 -0.00460000 0.00207900
v 0.00065300 -0.00460000 0.00215300
v 0.00044000 -0.00460000 0.00220700
v 0.00022300 -0.00460000 0.00223900
v -0.00220600 -0.00460000 0.00044300
v -0.00450000 -0.00670000 0.00675000
v 0.00450000 -0.00670000 0.00675000
v -0.00550000 -0.00670000 -0.00175000
v -0.00550000 -0.00670000 0.00575000
v -0.00250000 -0.00670000 -0.00525000
v 0.00250000 -0.00670000 -0.00525000
v 0.00550000 -0.00670000 -0.00175000
v 0.00550000 -0.00670000 0.00575000
v -0.00378000 -0.00485000 0.00532900
v -0.00472000 -0.00485000 0.00532900
v -0.00375000 -0.00485000 0.00550000
v -0.00475000 -0.00485000 0.00550000
v -0.00378000 -0.00485000 0.00567100
v -0.00472000 -0.00485000 0.00567100
v -0.00386700 -0.00485000 0.00582100
v -0.00463300 -0.00485000 0.00582100
v -0.00400000 -0.00485000 0.00593300
v -0.00463300 -0.00485000 0.00517900
v -0.00386700 -0.00485000 0.00517900
v -0.00450000 -0.00485000 0.00506700
v -0.00145700 -0.00775000 -0.00509700
v -0.00133500 -0.00775000 -0.00567200
v -0.00133500 -0.00775000 -0.00492800
v -0.00115500 -0.00775000 -0.00577600
v -0.00115500 -0.00775000 -0.00482400
v -0.00094800 -0.00775000 -0.00579700
v -0.00094800 -0.00775000 -0.00480300
v -0.00075000 -0.00775000 -0.00573300
v -0.00075000 -0.00775000 -0.00486700
v -0.00059500 -0.00775000 -0.00559400
v -0.00059500 -0.00775000 -0.00500600
v -0.00345700 -0.00775000 -0.00509700
v -0.00333500 -0.00775000 -0.00567200
v -0.00333500 -0.00775000 -0.00492800
v -0.00315500 -0.00775000 -0.00577600
v -0.00315500 -0.00775000 -0.00482400
v -0.00294800 -0.00775000 -0.00579700
v -0.00294800 -0.00775000 -0.00480300
v -0.00275000 -0.00775000 -0.00573300
v -0.00275000 -0.00775000 -0.00486700
v -0.00259500 -0.00775000 -0.00559400
v -0.00259500 -0.00775000 -0.00500600
v -0.00105900 -0.00842000 0.00957700
v -0.00199900 -0.00842000 0.00957700
v -0.00105900 -0.00842000 0.01037700
v -0.00199900 -0.00842000 0.01037700
v -0.00105900 -0.00772000 0.00957700
v -0.00199900 -0.00771000 0.00956700
v -0.00105900 -0.00771000 0.01038700
v -0.00199900 -0.00772000 0.01037700
v -0.00070900 -0.00770000 0.01039700
v -0.00070900 -0.00844000 0.01039700
v -0.00105900 -0.00844000 0.01039700
v -0.00105900 -0.00770000 0.00955700
v -0.00105900 -0.00844000 0.00955700
v -0.00070900 -0.00770000 0.00955700
v -0.00070900 -0.00844000 0.00955700
v -0.00234900 -0.00770000 0.00955700
v -0.00234900 -0.00844000 0.00955700
v -0.00199900 -0.00844000 0.00955700
v -0.00199900 -0.00770000 0.01039700
v -0.00199900 -0.00844000 0.01039700
v -0.00234900 -0.00770000 0.01039700
v -0.00234900 -0.00844000 0.01039700
v -0.00200300 -0.00669500 0.01081200
v -0.00367300 -0.00669600 0.01081200
v -0.00217800 -0.00549000 0.01080600
v -0.00349800 -0.00549000 0.01080600
v -0.00349800 -0.00549000 0.00960700
v -0.00217800 -0.00549000 0.00960700
v -0.00200300 -0.00669600 0.00960200
v -0.00367300 -0.00669500 0.00960200
v -0.00217800 -0.00548000 0.01081600
v -0.00182800 -0.00548000 0.01081600
v -0.00217800 -0.00548000 0.00959700
v -0.00182800 -0.00548000 0.00959700
v -0.00349800 -0.00548000 0.00959700
v -0.00384800 -0.00548000 0.00959700
v -0.00384800 -0.00548000 0.01081600
v -0.00349800 -0.00548000 0.01081600
v 0.00054300 -0.00775000 -0.00509700
v 0.00066500 -0.00775000 -0.00567200
v 0.00066500 -0.00775000 -0.00492800
v 0.00084500 -0.00775000 -0.00577600
v 0.00084500 -0.00775000 -0.00482400
v 0.00105200 -0.00775000 -0.00579700
v 0.00105200 -0.00775000 -0.00480300
v 0.00125000 -0.00775000 -0.00573300
v 0.00125000 -0.00775000 -0.00486700
v 0.00140500 -0.00775000 -0.00559400
v 0.00140500 -0.00775000 -0.00500600
v 0.00570000 -0.00775000 0.02120000
v 0.00770000 -0.00775000 0.02120000
v 0.00570000 -0.00775000 0.01970000
v 0.00770000 -0.00775000 0.01970000
v 0.00770000 -0.00770000 0.02120000
v 0.00570000 -0.00770000 0.02120000
v 0.00570000 -0.00770000 0.01970000
v 0.00770000 -0.00770000 0.01970000
v 0.00373300 -0.00825000 -0.00265300
v 0.00373300 -0.00825000 0.00134700
v 0.00724300 -0.00825000 -0.00221000
v 0.00773300 -0.00825000 0.00134700
v 0.00727100 -0.00825000 -0.00217500
v 0.00731100 -0.00825000 -0.00215600
v 0.00735600 -0.00825000 -0.00215600
v 0.00739600 -0.00825000 -0.00217500
v 0.00742400 -0.00825000 -0.00221000
v 0.00773300 -0.00825000 -0.00265300
v 0.00727100 -0.00825000 -0.00233200
v 0.00724300 -0.00825000 -0.00229700
v 0.00723300 -0.00825000 -0.00225300
v 0.00773300 -0.00775000 -0.00265300
v 0.00773300 -0.00775000 0.00134700
v 0.00373300 -0.00775000 0.00134700
v 0.00373300 -0.00775000 -0.00265300
v 0.00083100 -0.00710000 0.00181900
v 0.00083100 -0.00560000 0.00181900
v 0.00116000 -0.00710000 -0.00163000
v 0.00116000 -0.00560000 -0.00163000
v 0.00083100 -0.00460000 0.00181900
v 0.00116000 -0.00460000 -0.00163000
v 0.00154300 -0.00710000 -0.00127200
v 0.00182000 -0.00710000 -0.00082900
v 0.00197200 -0.00710000 -0.00033100
v 0.00199100 -0.00710000 0.00018900
v 0.00187500 -0.00710000 0.00069700
v 0.00140500 -0.00710000 0.00142300
v -0.00007300 -0.00560000 0.00199900
v -0.00007300 -0.00460000 0.00199900
v -0.00096300 -0.00560000 0.00175300
v -0.00096300 -0.00460000 0.00175300
v -0.00164700 -0.00560000 0.00113500
v -0.00164700 -0.00460000 0.00113500
v -0.00198100 -0.00560000 0.00027500
v -0.00198100 -0.00460000 0.00027500
v -0.00189400 -0.00560000 -0.00064300
v -0.00189400 -0.00460000 -0.00064300
v -0.00140300 -0.00560000 -0.00142500
v -0.00140300 -0.00460000 -0.00142500
v -0.00061500 -0.00560000 -0.00190300
v -0.00061500 -0.00460000 -0.00190300
v 0.00030500 -0.00560000 -0.00197700
v 0.00030500 -0.00460000 -0.00197700
v -0.00066100 -0.00460000 -0.00215100
v 0.00021300 -0.00460000 -0.00224000
v 0.00105900 -0.00460000 -0.00198500
v 0.00173900 -0.00460000 -0.00142800
v 0.00215200 -0.00460000 -0.00065500
v 0.00224000 -0.00460000 0.00021500
v 0.00198800 -0.00460000 0.00105500
v 0.00143200 -0.00460000 0.00173500
v 0.00066100 -0.00460000 0.00215100
v -0.00021300 -0.00460000 0.00224000
v -0.00105900 -0.00460000 0.00198500
v -0.00173900 -0.00460000 0.00142800
v -0.00215200 -0.00460000 0.00065500
v -0.00224000 -0.00460000 -0.00021500
v -0.00198800 -0.00460000 -0.00105500
v -0.00143200 -0.00460000 -0.00173500
v 0.00290000 -0.00645000 0.00825000
v 0.00210000 -0.00645000 0.00825000
v 0.00290000 -0.00645000 0.00675000
v 0.00210000 -0.00645000 0.00675000
v 0.00210000 -0.00670000 0.00825000
v 0.00210000 -0.00670000 0.00675000
v 0.00290000 -0.00670000 0.00825000
v 0.00290000 -0.00670000 0.00675000
v 0.00040000 -0.00645000 0.00825000
v -0.00040000 -0.00645000 0.00825000
v 0.00040000 -0.00645000 0.00675000
v -0.00040000 -0.00645000 0.00675000
v -0.00040000 -0.00670000 0.00825000
v -0.00040000 -0.00670000 0.00675000
v 0.00040000 -0.00670000 0.00825000
v 0.00040000 -0.00670000 0.00675000
v 0.00470000 -0.00670000 0.00571700
v 0.00470000 -0.00770000 0.00571700
v 0.00475000 -0.00670000 0.00550000
v 0.00475000 -0.00770000 0.00550000
v 0.00470000 -0.00670000 0.00528300
v 0.00470000 -0.00770000 0.00528300
v 0.00456200 -0.00670000 0.00510900
v 0.00456200 -0.00770000 0.00510900
v 0.00436100 -0.00670000 0.00501300
v 0.00436100 -0.00770000 0.00501300
v 0.00413900 -0.00670000 0.00501300
v 0.00413900 -0.00770000 0.00501300
v 0.00393800 -0.00670000 0.00510900
v 0.00393800 -0.00770000 0.00510900
v 0.00380000 -0.00670000 0.00528300
v 0.00380000 -0.00770000 0.00528300
v 0.00375000 -0.00670000 0.00550000
v 0.00375000 -0.00770000 0.00550000
v 0.00380000 -0.00670000 0.00571700
v 0.00380000 -0.00770000 0.00571700
v 0.00393800 -0.00670000 0.00589100
v 0.00393800 -0.00770000 0.00589100
v 0.00413900 -0.00670000 0.00598700
v 0.00413900 -0.00770000 0.00598700
v 0.00436100 -0.00670000 0.00598700
v 0.00436100 -0.00770000 0.00598700
v 0.00456200 -0.00670000 0.00589100
v 0.00456200 -0.00770000 0.00589100
v -0.00075000 -0.00595000 -0.00675000
v 0.00075000 -0.00595000 -0.00675000
v -0.00075000 -0.00595000 -0.00525000
v 0.00075000 -0.00595000 -0.00525000
v 0.00075000 -0.00670000 -0.00675000
v 0.00075000 -0.00670000 -0.00525000
v -0.00075000 -0.00670000 -0.00675000
v -0.00075000 -0.00670000 -0.00525000
v -0.00210000 -0.00645000 0.00825000
v -0.00290000 -0.00645000 0.00825000
v -0.00210000 -0.00645000 0.00675000
v -0.00290000 -0.00645000 0.00675000
v -0.00290000 -0.00670000 0.00825000
v -0.00290000 -0.00670000 0.00675000
v -0.00210000 -0.00670000 0.00825000
v -0.00210000 -0.00670000 0.00675000
v -0.00395000 0.01140000 0.01661800
v -0.00395000 0.01140000 0.01601400
v -0.00374300 0.01140000 0.01578100
v -0.00374300 0.01140000 0.01685100
v -0.00345200 0.01140000 0.01567100
v -0.00345200 0.01140000 0.01696100
v -0.00314400 0.01140000 0.01692400
v -0.00314400 0.01140000 0.01570800
v -0.00288700 0.01140000 0.01674700
v -0.00288700 0.01140000 0.01588500
v -0.00274300 0.01140000 0.01647200
v 0.00206000 0.01140000 0.01899100
v 0.00206000 0.01140000 0.01838700
v 0.00226700 0.01140000 0.01815400
v 0.00226700 0.01140000 0.01922400
v 0.00255800 0.01140000 0.01804400
v 0.00255800 0.01140000 0.01933400
v 0.00286600 0.01140000 0.01929700
v 0.00286600 0.01140000 0.01808100
v 0.00312300 0.01140000 0.01912000
v 0.00312300 0.01140000 0.01825800
v 0.00326700 0.01140000 0.01884500
v 0.00237200 0.01140000 0.00969900
v 0.00237200 0.01140000 0.00889500
v 0.00260000 0.01140000 0.00855500
v 0.00260000 0.01140000 0.01004000
v 0.00294000 0.01140000 0.00832700
v 0.00294000 0.01140000 0.01026700
v 0.00334200 0.01140000 0.00824700
v 0.00334200 0.01140000 0.01034700
v 0.00374400 0.01140000 0.01026700
v 0.00374400 0.01140000 0.00832700
v 0.00408400 0.01140000 0.01004000
v 0.00408400 0.01140000 0.00855500
v 0.00431200 0.01140000 0.00969900
v 0.00431200 0.01140000 0.00889500
v -0.00404400 0.01140000 0.01051500
v -0.00404400 0.01140000 0.00982100
v -0.00382200 0.01140000 0.00954300
v -0.00382200 0.01140000 0.01079400
v -0.00350100 0.01140000 0.00938800
v -0.00350100 0.01140000 0.01094800
v -0.00314500 0.01140000 0.00938800
v -0.00314500 0.01140000 0.01094800
v -0.00282400 0.01140000 0.01079400
v -0.00282400 0.01140000 0.00954300
v -0.00260200 0.01140000 0.01051500
v -0.00260200 0.01140000 0.00982100
v -0.00402400 0.01010000 0.01631600
v -0.00402400 0.01140000 0.01631600
v -0.00395000 0.01010000 0.01601400
v -0.00374300 0.01010000 0.01578100
v -0.00345200 0.01010000 0.01567100
v -0.00314400 0.01010000 0.01570800
v -0.00288700 0.01010000 0.01588500
v -0.00274300 0.01010000 0.01616000
v -0.00274300 0.01140000 0.01616000
v -0.00274300 0.01010000 0.01647200
v -0.00288700 0.01010000 0.01674700
v -0.00314400 0.01010000 0.01692400
v -0.00345200 0.01010000 0.01696100
v -0.00374300 0.01010000 0.01685100
v -0.00395000 0.01010000 0.01661800
v 0.00198600 0.01040000 0.01868900
v 0.00198600 0.01140000 0.01868900
v 0.00206000 0.01040000 0.01838700
v 0.00226700 0.01040000 0.01815400
v 0.00255800 0.01040000 0.01804400
v 0.00286600 0.01040000 0.01808100
v 0.00312300 0.01040000 0.01825800
v 0.00326700 0.01040000 0.01853300
v 0.00326700 0.01140000 0.01853300
v 0.00326700 0.01040000 0.01884500
v 0.00312300 0.01040000 0.01912000
v 0.00286600 0.01040000 0.01929700
v 0.00255800 0.01040000 0.01933400
v 0.00226700 0.01040000 0.01922400
v 0.00206000 0.01040000 0.01899100
v 0.00160300 0.00710000 0.01102300
v 0.00160300 0.00880000 0.01102300
v 0.00167600 0.00710000 0.01027300
v 0.00167600 0.00880000 0.01027300
v 0.00163500 0.00880000 0.00952000
v 0.00163500 0.00710000 0.00952000
v 0.00148100 0.00880000 0.00878200
v 0.00148100 0.00710000 0.00878200
v 0.00121800 0.00880000 0.00807600
v 0.00121800 0.00710000 0.00807600
v 0.00237200 0.00710000 0.00969900
v 0.00229200 0.01140000 0.00929700
v 0.00229200 0.00710000 0.00929700
v 0.00237200 0.00710000 0.00889500
v 0.00260000 0.00710000 0.00855500
v 0.00294000 0.00710000 0.00832700
v 0.00334200 0.00710000 0.00824700
v 0.00374400 0.00710000 0.00832700
v 0.00408400 0.00710000 0.00855500
v 0.00431200 0.00710000 0.00889500
v 0.00439200 0.01140000 0.00929700
v 0.00439200 0.00710000 0.00929700
v 0.00431200 0.00710000 0.00969900
v 0.00408400 0.00710000 0.01004000
v 0.00374400 0.00710000 0.01026700
v 0.00334200 0.00710000 0.01034700
v 0.00294000 0.00710000 0.01026700
v 0.00260000 0.00710000 0.01004000
v -0.00407100 0.00880000 0.01045100
v -0.00412300 0.01140000 0.01016800
v -0.00412100 0.00880000 0.01011200
v -0.00402500 0.00880000 0.00978400
v -0.00380000 0.00880000 0.00952600
v -0.00348800 0.00880000 0.00938500
v -0.00314500 0.00880000 0.00938800
v -0.00283600 0.00880000 0.00953400
v -0.00388400 0.00880000 0.01073800
v -0.00359500 0.00880000 0.01092000
v -0.00359500 0.01030000 0.01092000
v -0.00342000 0.01030000 0.01096200
v -0.00324000 0.01030000 0.01096400
v -0.00306400 0.01030000 0.01092500
v -0.00306400 0.00880000 0.01092500
v -0.00277100 0.00880000 0.01074700
v -0.00258000 0.00880000 0.01046400
v -0.00252300 0.01140000 0.01016800
v -0.00252400 0.00880000 0.01012600
v -0.00261500 0.00880000 0.00979600
v -0.00303400 0.00740000 0.00517600
v -0.00218400 0.00740000 0.00530000
v -0.00303400 0.00880000 0.00517600
v -0.00218400 0.00880000 0.00530000
v -0.00136700 0.00740000 0.00556600
v -0.00136700 0.00880000 0.00556600
v -0.00060800 0.00740000 0.00596900
v -0.00060800 0.00880000 0.00596900
v -0.00477400 0.01010000 0.01631600
v -0.00469800 0.01010000 0.01586100
v -0.00469800 0.01010000 0.01677100
v -0.00447900 0.01010000 0.01545600
v -0.00447900 0.01010000 0.01717600
v -0.00414000 0.01010000 0.01748800
v -0.00414000 0.01010000 0.01514400
v -0.00371800 0.01010000 0.01495900
v -0.00325800 0.01010000 0.01492100
v -0.00281200 0.01010000 0.01503400
v -0.00242600 0.01010000 0.01528600
v -0.00214300 0.01010000 0.01565000
v -0.00199300 0.01010000 0.01608600
v -0.00199300 0.01010000 0.01654600
v -0.00214300 0.01010000 0.01698200
v -0.00242600 0.01010000 0.01734600
v -0.00281200 0.01010000 0.01759800
v -0.00325800 0.01010000 0.01771100
v -0.00371800 0.01010000 0.01767300
v 0.00131200 0.01040000 0.01914400
v 0.00123600 0.01040000 0.01868900
v 0.00131200 0.01040000 0.01823400
v 0.00153100 0.01040000 0.01782900
v 0.00187000 0.01040000 0.01751700
v 0.00229200 0.01040000 0.01733200
v 0.00275200 0.01040000 0.01729400
v 0.00319800 0.01040000 0.01740700
v 0.00358400 0.01040000 0.01765900
v 0.00386700 0.01040000 0.01802300
v 0.00401700 0.01040000 0.01845900
v 0.00401700 0.01040000 0.01891900
v 0.00386700 0.01040000 0.01935500
v 0.00358400 0.01040000 0.01971900
v 0.00319800 0.01040000 0.01997100
v 0.00275200 0.01040000 0.02008400
v 0.00229200 0.01040000 0.02004600
v 0.00187000 0.01040000 0.01986100
v 0.00153100 0.01040000 0.01954900
v -0.00396600 0.00880000 0.01094800
v -0.00396600 0.01030000 0.01094800
v -0.00433400 0.01030000 0.01100200
v -0.00469800 0.01030000 0.01108100
v -0.00469800 0.00880000 0.01108100
v -0.00433400 0.00880000 0.01100200
v 0.00100500 0.00880000 0.00856200
v 0.00090100 0.00880000 0.00908300
v 0.00091300 0.00880000 0.00961400
v 0.00103800 0.00880000 0.01013100
v 0.00127200 0.00880000 0.01060800
v 0.00158500 0.00710000 0.00759000
v 0.00205900 0.00710000 0.00721000
v 0.00261300 0.00710000 0.00695800
v 0.00321200 0.00710000 0.00685000
v 0.00381900 0.00710000 0.00689400
v 0.00439600 0.00710000 0.00708600
v 0.00490900 0.00710000 0.00741400
v 0.00532500 0.00710000 0.00785800
v 0.00561800 0.00710000 0.00839100
v 0.00577100 0.00710000 0.00898000
v 0.00577500 0.00710000 0.00958800
v 0.00562800 0.00710000 0.01017800
v 0.00534000 0.00710000 0.01071400
v 0.00492900 0.00710000 0.01116300
v 0.00442100 0.00710000 0.01149700
v 0.00384500 0.00710000 0.01169500
v 0.00323900 0.00710000 0.01174500
v 0.00263900 0.00710000 0.01164400
v 0.00208200 0.00710000 0.01139800
v -0.00009000 0.01140000 0.00865000
v -0.00072400 0.01140000 0.00865000
v -0.00009000 0.00990000 0.00865000
v -0.00072400 0.00990000 0.00865000
v -0.00196400 0.01030000 0.01110300
v -0.00227400 0.01030000 0.01144200
v -0.00232600 0.01030000 0.01101900
v -0.00266500 0.01030000 0.01168100
v -0.00269300 0.01030000 0.01095900
v -0.00310700 0.01030000 0.01180400
v -0.00356600 0.01030000 0.01180000
v -0.00400600 0.01030000 0.01167000
v -0.00439300 0.01030000 0.01142400
v -0.00196400 0.00880000 0.01110300
v -0.00232600 0.00880000 0.01101900
v -0.00269300 0.00880000 0.01095900
v -0.00174400 0.00880000 0.01064500
v -0.00167300 0.00880000 0.01014200
v -0.00175900 0.00880000 0.00964100
v -0.00199400 0.00880000 0.00919000
v -0.00235500 0.00880000 0.00883200
v -0.00280800 0.00880000 0.00860100
v -0.00330900 0.00880000 0.00851800
v -0.00381200 0.00880000 0.00859200
v -0.00426900 0.00880000 0.00881600
v -0.00463500 0.00880000 0.00916800
v -0.00487800 0.00880000 0.00961500
v -0.00497200 0.00880000 0.01011400
v -0.00491000 0.00880000 0.01061900
v -0.00226600 0.00880000 0.00555600
v -0.00145200 0.00880000 0.00582200
v -0.00383200 0.00740000 0.00461700
v -0.00311700 0.00740000 0.00390900
v -0.00236900 0.00740000 0.00440300
v -0.00154500 0.00740000 0.00475500
v -0.00067100 0.00740000 0.00495500
v 0.00022400 0.00740000 0.00499500
v 0.00036600 0.00740000 0.00598900
v 0.00111300 0.00740000 0.00487500
v 0.00133100 0.00740000 0.00585100
v 0.00226100 0.00740000 0.00555800
v 0.00196500 0.00740000 0.00459800
v 0.00313100 0.00740000 0.00511800
v 0.00275400 0.00740000 0.00417300
v 0.00391800 0.00740000 0.00454400
v 0.00345500 0.00740000 0.00361400
v 0.00460200 0.00740000 0.00385000
v 0.00404500 0.00740000 0.00293900
v 0.00516500 0.00740000 0.00305400
v 0.00450500 0.00740000 0.00216900
v 0.00559100 0.00740000 0.00217700
v 0.00482000 0.00740000 0.00133000
v 0.00587000 0.00740000 0.00124300
v 0.00498000 0.00740000 0.00044800
v 0.00599400 0.00740000 0.00027600
v 0.00498000 0.00740000 -0.00044800
v 0.00595900 0.00740000 -0.00069800
v 0.00482000 0.00740000 -0.00133000
v 0.00576800 0.00740000 -0.00165300
v 0.00450500 0.00740000 -0.00216900
v 0.00542400 0.00740000 -0.00256500
v 0.00493700 0.00740000 -0.00341000
v 0.00404500 0.00740000 -0.00293900
v 0.00432000 0.00740000 -0.00416400
v 0.00345500 0.00740000 -0.00361400
v 0.00358900 0.00740000 -0.00480900
v 0.00275400 0.00740000 -0.00417300
v 0.00276300 0.00740000 -0.00532600
v 0.00196500 0.00740000 -0.00459800
v 0.00186400 0.00740000 -0.00570300
v 0.00111300 0.00740000 -0.00487500
v 0.00091600 0.00740000 -0.00593000
v 0.00022400 0.00740000 -0.00499500
v -0.00005600 0.00740000 -0.00600000
v -0.00067100 0.00740000 -0.00495500
v -0.00102700 0.00740000 -0.00591100
v -0.00154500 0.00740000 -0.00475500
v -0.00197100 0.00740000 -0.00566700
v -0.00236900 0.00740000 -0.00440300
v -0.00286200 0.00740000 -0.00527300
v -0.00367800 0.00740000 -0.00474000
v -0.00311700 0.00740000 -0.00390900
v -0.00439700 0.00740000 -0.00408200
v -0.00376500 0.00740000 -0.00329000
v -0.00500000 0.00740000 -0.00331600
v -0.00429200 0.00740000 -0.00256400
v -0.00547100 0.00740000 -0.00246300
v -0.00468100 0.00740000 -0.00175700
v -0.00579800 0.00740000 -0.00154500
v -0.00492000 0.00740000 -0.00089300
v -0.00597100 0.00740000 -0.00058600
v -0.00500000 0.00740000 0.00000000
v -0.00598700 0.00740000 0.00038900
v -0.00492000 0.00740000 0.00089300
v -0.00584500 0.00740000 0.00135300
v -0.00468100 0.00740000 0.00175700
v -0.00554900 0.00740000 0.00228200
v -0.00429200 0.00740000 0.00256400
v -0.00510600 0.00740000 0.00315000
v -0.00376500 0.00740000 0.00329000
v -0.00452900 0.00740000 0.00393500
v 0.00800000 0.00770000 0.02292300
v 0.00746700 0.00770000 0.02291400
v 0.00800000 0.00870000 0.02292300
v 0.00746700 0.00870000 0.02291400
v 0.00695000 0.00770000 0.02304600
v 0.00695000 0.00870000 0.02304600
v 0.00648700 0.00770000 0.02331000
v 0.00648700 0.00870000 0.02331000
v 0.00611000 0.00770000 0.02368700
v 0.00611000 0.00870000 0.02368700
v 0.00584600 0.00770000 0.02415000
v 0.00584600 0.00870000 0.02415000
v 0.00571400 0.00770000 0.02466700
v 0.00571400 0.00870000 0.02466700
v 0.00572300 0.00770000 0.02520000
v 0.00572300 0.00870000 0.02520000
v -0.00572300 0.00770000 0.02520000
v -0.00571400 0.00770000 0.02466700
v -0.00572300 0.00870000 0.02520000
v -0.00571400 0.00870000 0.02466700
v -0.00584600 0.00770000 0.02415000
v -0.00584600 0.00870000 0.02415000
v -0.00611000 0.00770000 0.02368700
v -0.00611000 0.00870000 0.02368700
v -0.00648700 0.00770000 0.02331000
v -0.00648700 0.00870000 0.02331000
v -0.00695000 0.00770000 0.02304600
v -0.00695000 0.00870000 0.02304600
v -0.00746700 0.00770000 0.02291400
v -0.00746700 0.00870000 0.02291400
v -0.00800000 0.00770000 0.02292300
v -0.00800000 0.00870000 0.02292300
v -0.00815000 0.01140000 0.02205000
v 0.00815000 0.01140000 0.02205000
v -0.00815000 0.00870000 0.02205000
v 0.00815000 0.00870000 0.02205000
v -0.00469800 0.01140000 0.01586100
v -0.00477400 0.01140000 0.01631600
v -0.00469800 0.01140000 0.01677100
v -0.00447900 0.01140000 0.01717600
v -0.00414000 0.01140000 0.01748800
v -0.00371800 0.01140000 0.01767300
v -0.00325800 0.01140000 0.01771100
v -0.00281200 0.01140000 0.01759800
v -0.00242600 0.01140000 0.01734600
v -0.00214300 0.01140000 0.01698200
v -0.00199300 0.01140000 0.01654600
v -0.00199300 0.01140000 0.01608600
v -0.00214300 0.01140000 0.01565000
v -0.00242600 0.01140000 0.01528600
v -0.00281200 0.01140000 0.01503400
v -0.00325800 0.01140000 0.01492100
v -0.00371800 0.01140000 0.01495900
v -0.00414000 0.01140000 0.01514400
v -0.00447900 0.01140000 0.01545600
v 0.00131200 0.01140000 0.01823400
v 0.00123600 0.01140000 0.01868900
v 0.00131200 0.01140000 0.01914400
v 0.00153100 0.01140000 0.01954900
v 0.00187000 0.01140000 0.01986100
v 0.00229200 0.01140000 0.02004600
v 0.00275200 0.01140000 0.02008400
v 0.00319800 0.01140000 0.01997100
v 0.00358400 0.01140000 0.01971900
v 0.00386700 0.01140000 0.01935500
v 0.00401700 0.01140000 0.01891900
v 0.00401700 0.01140000 0.01845900
v 0.00386700 0.01140000 0.01802300
v 0.00358400 0.01140000 0.01765900
v 0.00319800 0.01140000 0.01740700
v 0.00275200 0.01140000 0.01729400
v 0.00229200 0.01140000 0.01733200
v 0.00187000 0.01140000 0.01751700
v 0.00153100 0.01140000 0.01782900
v -0.00496100 0.01140000 0.00997300
v -0.00497900 0.01140000 0.00963500
v -0.00496100 0.00990000 0.00997300
v -0.00497900 0.00990000 0.00963500
v -0.00510800 0.01140000 0.00932200
v -0.00510800 0.00990000 0.00932200
v -0.00533500 0.01140000 0.00907100
v -0.00533500 0.00990000 0.00907100
v -0.00563200 0.01140000 0.00890900
v -0.00563200 0.00990000 0.00890900
v -0.00596600 0.01140000 0.00885500
v -0.00596600 0.00990000 0.00885500
v -0.00629900 0.00990000 0.00891600
v -0.00629900 0.01140000 0.00891600
v -0.00915000 0.00990000 0.01300000
v -0.00908400 0.00990000 0.01224600
v -0.00915000 0.01140000 0.01300000
v -0.00908400 0.01140000 0.01224600
v -0.00888900 0.00990000 0.01151500
v -0.00888900 0.01140000 0.01151500
v -0.00857000 0.00990000 0.01083000
v -0.00857000 0.01140000 0.01083000
v -0.00813700 0.00990000 0.01020900
v -0.00813700 0.01140000 0.01020900
v -0.00760300 0.00990000 0.00967300
v -0.00760300 0.01140000 0.00967300
v -0.00698400 0.01140000 0.00923800
v -0.00698400 0.00990000 0.00923800
v 0.00504800 0.00770000 -0.00685800
v 0.00495100 0.00770000 -0.00625900
v 0.00504800 0.00990000 -0.00685800
v 0.00495100 0.00990000 -0.00625900
v 0.00501700 0.00770000 -0.00565600
v 0.00501700 0.00990000 -0.00565600
v 0.00524200 0.00770000 -0.00509200
v 0.00524200 0.00990000 -0.00509200
v 0.00560900 0.00770000 -0.00460900
v 0.00560900 0.00990000 -0.00460900
v 0.00609200 0.00770000 -0.00424200
v 0.00609200 0.00990000 -0.00424200
v 0.00665600 0.00770000 -0.00401700
v 0.00665600 0.00990000 -0.00401700
v 0.00725900 0.00770000 -0.00395100
v 0.00725900 0.00990000 -0.00395100
v 0.00785800 0.00770000 -0.00404800
v 0.00785800 0.00990000 -0.00404800
v 0.00915000 0.00990000 0.01300000
v 0.00915000 0.01140000 0.01300000
v 0.00909200 0.00990000 0.01229300
v 0.00909200 0.01140000 0.01229300
v 0.00892000 0.01140000 0.01160400
v 0.00892000 0.00990000 0.01160400
v 0.00863800 0.01140000 0.01095300
v 0.00863800 0.00990000 0.01095300
v 0.00825500 0.01140000 0.01035600
v 0.00825500 0.00990000 0.01035600
v 0.00777900 0.01140000 0.00983000
v 0.00777900 0.00990000 0.00983000
v 0.00722400 0.01140000 0.00938800
v 0.00722400 0.00990000 0.00938800
v 0.00570300 0.00990000 0.00995100
v 0.00587000 0.00990000 0.00961400
v 0.00570300 0.01140000 0.00995100
v 0.00587000 0.01140000 0.00961400
v 0.00614900 0.00990000 0.00936300
v 0.00614900 0.01140000 0.00936300
v 0.00650200 0.00990000 0.00923200
v 0.00650200 0.01140000 0.00923200
v 0.00687800 0.00990000 0.00924100
v 0.00687800 0.01140000 0.00924100
v 0.00173900 0.01140000 0.01115000
v 0.00225100 0.01140000 0.01149100
v 0.00283200 0.01140000 0.01169300
v 0.00344500 0.01140000 0.01174500
v 0.00405100 0.01140000 0.01164200
v 0.00461300 0.01140000 0.01139200
v 0.00509400 0.01140000 0.01100900
v 0.00546600 0.01140000 0.01051900
v 0.00579200 0.00990000 0.00934400
v 0.00572700 0.00990000 0.00873400
v 0.00551200 0.00990000 0.00816000
v 0.00516100 0.00990000 0.00765600
v 0.00469700 0.00990000 0.00725600
v 0.00414700 0.00990000 0.00698300
v 0.00354700 0.00990000 0.00685600
v 0.00293400 0.00990000 0.00688100
v 0.00234700 0.00990000 0.00705800
v 0.00182200 0.00990000 0.00737500
v 0.00139200 0.00990000 0.00781300
v 0.00108500 0.00990000 0.00834400
v 0.00091900 0.00990000 0.00893400
v 0.00090500 0.00990000 0.00954800
v 0.00090500 0.01140000 0.00954800
v 0.00104400 0.01140000 0.01014700
v 0.00132800 0.01140000 0.01069200
v 0.00080200 0.01140000 0.00919700
v 0.00080200 0.00990000 0.00919700
v 0.00058000 0.01140000 0.00890800
v 0.00058000 0.00990000 0.00890800
v 0.00026900 0.01140000 0.00871700
v 0.00026900 0.00990000 0.00871700
v -0.00170500 0.00990000 0.00984500
v -0.00171200 0.00990000 0.00949400
v -0.00170500 0.01140000 0.00984500
v -0.00171200 0.01140000 0.00949400
v -0.00159700 0.00990000 0.00916200
v -0.00159700 0.01140000 0.00916200
v -0.00137400 0.00990000 0.00889000
v -0.00137400 0.01140000 0.00889000
v -0.00107000 0.00990000 0.00871200
v -0.00107000 0.01140000 0.00871200
v -0.00476300 0.01140000 0.01097400
v -0.00444300 0.01140000 0.01137900
v -0.00401400 0.01140000 0.01166600
v -0.00351700 0.01140000 0.01180600
v -0.00300100 0.01140000 0.01178600
v -0.00251700 0.01140000 0.01160800
v -0.00211100 0.01140000 0.01128800
v -0.00182400 0.01140000 0.01085800
v -0.00168400 0.01140000 0.01036100
v -0.00188400 0.00990000 0.00936100
v -0.00220300 0.00990000 0.00895600
v -0.00263200 0.00990000 0.00867000
v -0.00312900 0.00990000 0.00852900
v -0.00364500 0.00990000 0.00855000
v -0.00412900 0.00990000 0.00872800
v -0.00453400 0.00990000 0.00904800
v -0.00482100 0.00990000 0.00947700
v -0.00494100 0.01140000 0.01048900
v -0.00591800 0.00990000 -0.00098800
v -0.00600000 0.00990000 0.00000000
v -0.00591800 0.00990000 0.00098800
v -0.00567500 0.00990000 0.00194800
v -0.00527700 0.00990000 0.00285600
v -0.00473500 0.00990000 0.00368500
v -0.00406400 0.00990000 0.00441400
v -0.00328200 0.00990000 0.00502300
v -0.00567500 0.00990000 -0.00194800
v -0.00527700 0.00990000 -0.00285600
v -0.00473500 0.00990000 -0.00368500
v -0.00406400 0.00990000 -0.00441400
v -0.00328200 0.00990000 -0.00502300
v -0.00241000 0.00990000 -0.00549500
v -0.00147300 0.00990000 -0.00581600
v -0.00049500 0.00990000 -0.00598000
v 0.00049500 0.00990000 -0.00598000
v 0.00147300 0.00990000 -0.00581600
v 0.00241000 0.00990000 -0.00549500
v 0.00328200 0.00990000 -0.00502300
v 0.00406400 0.00990000 -0.00441400
v 0.00473500 0.00990000 -0.00368500
v 0.00527700 0.00990000 -0.00285600
v 0.00567500 0.00990000 -0.00194800
v 0.00591800 0.00990000 -0.00098800
v 0.00600000 0.00990000 0.00000000
v 0.00591800 0.00990000 0.00098800
v 0.00567500 0.00990000 0.00194800
v 0.00527700 0.00990000 0.00285600
v 0.00473500 0.00990000 0.00368500
v 0.00406400 0.00990000 0.00441400
v 0.00328200 0.00990000 0.00502300
v 0.00241000 0.00990000 0.00549500
v 0.00147300 0.00990000 0.00581600
v 0.00049500 0.00990000 0.00598000
v -0.00049500 0.00990000 0.00598000
v -0.00147300 0.00990000 0.00581600
v -0.00241000 0.00990000 0.00549500
v -0.00785800 0.00770000 -0.00404800
v -0.00725900 0.00770000 -0.00395100
v -0.00785800 0.00990000 -0.00404800
v -0.00725900 0.00990000 -0.00395100
v -0.00665600 0.00770000 -0.00401700
v -0.00665600 0.00990000 -0.00401700
v -0.00609200 0.00770000 -0.00424200
v -0.00609200 0.00990000 -0.00424200
v -0.00560900 0.00770000 -0.00460900
v -0.00560900 0.00990000 -0.00460900
v -0.00524200 0.00770000 -0.00509200
v -0.00524200 0.00990000 -0.00509200
v -0.00501700 0.00770000 -0.00565600
v -0.00501700 0.00990000 -0.00565600
v -0.00495100 0.00770000 -0.00625900
v -0.00495100 0.00990000 -0.00625900
v -0.00504800 0.00770000 -0.00685800
v -0.00504800 0.00990000 -0.00685800
v -0.00492000 0.00980000 0.00089300
v -0.00500000 0.00980000 0.00000000
v -0.00492000 0.00980000 -0.00089300
v -0.00468100 0.00980000 -0.00175700
v -0.00429200 0.00980000 -0.00256400
v -0.00376500 0.00980000 -0.00329000
v -0.00311700 0.00980000 -0.00390900
v -0.00236900 0.00980000 -0.00440300
v -0.00154500 0.00980000 -0.00475500
v -0.00067100 0.00980000 -0.00495500
v 0.00022400 0.00980000 -0.00499500
v 0.00111300 0.00980000 -0.00487500
v 0.00196500 0.00980000 -0.00459800
v 0.00275400 0.00980000 -0.00417300
v 0.00345500 0.00980000 -0.00361400
v 0.00404500 0.00980000 -0.00293900
v 0.00450500 0.00980000 -0.00216900
v 0.00482000 0.00980000 -0.00133000
v 0.00498000 0.00980000 -0.00044800
v 0.00498000 0.00980000 0.00044800
v 0.00482000 0.00980000 0.00133000
v 0.00450500 0.00980000 0.00216900
v 0.00404500 0.00980000 0.00293900
v 0.00345500 0.00980000 0.00361400
v 0.00275400 0.00980000 0.00417300
v 0.00196500 0.00980000 0.00459800
v 0.00111300 0.00980000 0.00487500
v 0.00022400 0.00980000 0.00499500
v -0.00067100 0.00980000 0.00495500
v -0.00154500 0.00980000 0.00475500
v -0.00236900 0.00980000 0.00440300
v -0.00311700 0.00980000 0.00390900
v -0.00376500 0.00980000 0.00329000
v -0.00429200 0.00980000 0.00256400
v -0.00468100 0.00980000 0.00175700
v -0.00409200 0.00770000 -0.00815000
v -0.00409200 0.00990000 -0.00815000
v -0.00445700 0.00770000 -0.00808100
v -0.00445700 0.00990000 -0.00808100
v -0.00477100 0.00990000 -0.00788400
v -0.00477100 0.00770000 -0.00788400
v -0.00499200 0.00990000 -0.00758500
v -0.00499200 0.00770000 -0.00758500
v -0.00508900 0.00990000 -0.00722700
v -0.00508900 0.00770000 -0.00722700
v 0.00409200 0.00990000 -0.00815000
v 0.00409200 0.00770000 -0.00815000
v 0.00445700 0.00990000 -0.00808100
v 0.00445700 0.00770000 -0.00808100
v 0.00477100 0.00770000 -0.00788400
v 0.00477100 0.00990000 -0.00788400
v 0.00499200 0.00770000 -0.00758500
v 0.00499200 0.00990000 -0.00758500
v 0.00508900 0.00770000 -0.00722700
v 0.00508900 0.00990000 -0.00722700
v 0.00528900 0.00770000 -0.00815000
v 0.00532400 0.00770000 -0.00815200
v 0.00626100 0.00770000 -0.00789900
v 0.00535900 0.00770000 -0.00815800
v 0.00602100 0.00770000 -0.00811600
v 0.00638700 0.00770000 -0.00760100
v 0.00637700 0.00770000 -0.00727900
v 0.00623100 0.00770000 -0.00699000
v 0.00602800 0.00770000 -0.00663400
v 0.00595000 0.00770000 -0.00623200
v 0.00600700 0.00770000 -0.00582700
v 0.00619200 0.00770000 -0.00546100
v 0.00648500 0.00770000 -0.00517500
v 0.00685500 0.00770000 -0.00499900
v 0.00726200 0.00770000 -0.00495200
v 0.00766200 0.00770000 -0.00503800
v 0.00822700 0.00770000 -0.00408900
v 0.00917900 0.00770000 -0.00436100
v 0.00801200 0.00770000 -0.00525000
v 0.00917000 0.00770000 -0.00501700
v 0.00925000 0.00770000 -0.00469000
v 0.00895500 0.00770000 -0.00527600
v 0.00831100 0.00770000 -0.00540600
v 0.00915000 0.00770000 -0.00423300
v 0.00858500 0.00770000 -0.00399200
v 0.00888400 0.00770000 -0.00377100
v 0.00908100 0.00770000 -0.00345700
v 0.00915000 0.00770000 -0.00309200
v 0.00917900 0.00620000 -0.00436100
v 0.00916300 0.00620000 -0.00432000
v 0.00916300 0.00770000 -0.00432000
v 0.00915300 0.00770000 -0.00427700
v 0.00915300 0.00620000 -0.00427700
v 0.00915000 0.00620000 -0.00423300
v 0.00915000 0.00990000 -0.00309200
v 0.00908100 0.00990000 -0.00345700
v 0.00888400 0.00990000 -0.00377100
v 0.00858500 0.00990000 -0.00399200
v 0.00822700 0.00990000 -0.00408900
v 0.00915000 0.01140000 0.02105000
v 0.00915000 0.00870000 0.02105000
v 0.00907400 0.01140000 0.02143300
v 0.00907400 0.00870000 0.02143300
v 0.00885700 0.01140000 0.02175700
v 0.00885700 0.00870000 0.02175700
v 0.00853300 0.01140000 0.02197400
v 0.00853300 0.00870000 0.02197400
v 0.00834200 0.00870000 0.02291500
v 0.00834200 0.00770000 0.02291500
v 0.00866200 0.00870000 0.02279300
v 0.00866200 0.00770000 0.02279300
v 0.00892200 0.00870000 0.02256900
v 0.00892200 0.00770000 0.02256900
v 0.00909100 0.00870000 0.02227200
v 0.00909100 0.00770000 0.02227200
v 0.00915000 0.00770000 0.02193400
v 0.00915000 0.00870000 0.02193400
v 0.00915000 0.00770000 0.02254900
v 0.00915000 0.00620000 0.02254900
v 0.00915500 0.00770000 0.02260300
v 0.00915500 0.00620000 0.02260300
v 0.00916900 0.00770000 0.02265500
v 0.00916900 0.00620000 0.02265500
v 0.00919300 0.00770000 0.02270300
v 0.00919300 0.00620000 0.02270300
v 0.00926400 0.00770000 0.02331800
v 0.00910700 0.00770000 0.02359200
v 0.00885000 0.00770000 0.02377700
v 0.00854000 0.00770000 0.02384000
v 0.00823100 0.00770000 0.02376800
v 0.00780900 0.00770000 0.02365500
v 0.00737400 0.00770000 0.02369300
v 0.00697800 0.00770000 0.02388000
v 0.00667100 0.00770000 0.02419000
v 0.00649000 0.00770000 0.02458800
v 0.00645600 0.00770000 0.02502400
v 0.00571500 0.00770000 0.02554200
v 0.00657500 0.00770000 0.02544500
v 0.00639500 0.00770000 0.02633500
v 0.00658600 0.00770000 0.02607500
v 0.00611200 0.00770000 0.02649100
v 0.00579100 0.00770000 0.02651400
v 0.00559300 0.00770000 0.02586200
v 0.00548900 0.00770000 0.02639900
v 0.00536900 0.00770000 0.02612200
v 0.00548900 0.00620000 0.02639900
v 0.00543800 0.00770000 0.02637200
v 0.00543800 0.00620000 0.02637200
v 0.00538200 0.00770000 0.02635600
v 0.00538200 0.00620000 0.02635600
v 0.00532400 0.00620000 0.02635000
v 0.00532400 0.00770000 0.02635000
v 0.00473400 0.00770000 0.02635000
v 0.00473400 0.00870000 0.02635000
v 0.00507100 0.00770000 0.02629100
v 0.00507100 0.00870000 0.02629100
v 0.00536900 0.00870000 0.02612200
v 0.00559300 0.00870000 0.02586200
v 0.00571500 0.00870000 0.02554200
v -0.00473400 0.00870000 0.02635000
v -0.00507100 0.00870000 0.02629100
v -0.00536900 0.00870000 0.02612200
v -0.00559300 0.00870000 0.02586200
v -0.00834200 0.00870000 0.02291500
v -0.00853300 0.00870000 0.02197400
v -0.00866200 0.00870000 0.02279300
v -0.00892200 0.00870000 0.02256900
v -0.00885700 0.00870000 0.02175700
v -0.00909100 0.00870000 0.02227200
v -0.00915000 0.00870000 0.02193400
v -0.00915000 0.00870000 0.02105000
v -0.00907400 0.00870000 0.02143300
v -0.00473400 0.00770000 0.02635000
v -0.00507100 0.00770000 0.02629100
v -0.00536900 0.00770000 0.02612200
v -0.00559300 0.00770000 0.02586200
v -0.00571500 0.00770000 0.02554200
v -0.00571500 0.00870000 0.02554200
v -0.00532400 0.00620000 0.02635000
v -0.00538200 0.00620000 0.02635600
v -0.00532400 0.00770000 0.02635000
v -0.00538200 0.00770000 0.02635600
v -0.00543800 0.00770000 0.02637200
v -0.00543800 0.00620000 0.02637200
v -0.00548900 0.00770000 0.02639900
v -0.00548900 0.00620000 0.02639900
v -0.00579100 0.00770000 0.02651400
v -0.00611200 0.00770000 0.02649100
v -0.00645600 0.00770000 0.02502400
v -0.00649000 0.00770000 0.02458800
v -0.00667100 0.00770000 0.02419000
v -0.00697800 0.00770000 0.02388000
v -0.00737400 0.00770000 0.02369300
v -0.00639500 0.00770000 0.02633500
v -0.00657500 0.00770000 0.02544500
v -0.00658600 0.00770000 0.02607500
v -0.00780900 0.00770000 0.02365500
v -0.00823100 0.00770000 0.02376800
v -0.00834200 0.00770000 0.02291500
v -0.00854000 0.00770000 0.02384000
v -0.00866200 0.00770000 0.02279300
v -0.00885000 0.00770000 0.02377700
v -0.00892200 0.00770000 0.02256900
v -0.00910700 0.00770000 0.02359200
v -0.00915500 0.00770000 0.02260300
v -0.00919300 0.00770000 0.02270300
v -0.00926400 0.00770000 0.02331800
v -0.00919300 0.00620000 0.02270300
v -0.00916900 0.00770000 0.02265500
v -0.00916900 0.00620000 0.02265500
v -0.00915500 0.00620000 0.02260300
v -0.00915000 0.00770000 0.02254900
v -0.00915000 0.00620000 0.02254900
v -0.00915000 0.00770000 0.02193400
v -0.00909100 0.00770000 0.02227200
v -0.00853300 0.01140000 0.02197400
v -0.00885700 0.01140000 0.02175700
v -0.00907400 0.01140000 0.02143300
v -0.00915000 0.01140000 0.02105000
v -0.00915000 0.00990000 -0.00309200
v -0.00888400 0.00990000 -0.00377100
v -0.00858500 0.00990000 -0.00399200
v -0.00822700 0.00990000 -0.00408900
v -0.00915000 0.00770000 -0.00309200
v -0.00908100 0.00990000 -0.00345700
v -0.00908100 0.00770000 -0.00345700
v -0.00888400 0.00770000 -0.00377100
v -0.00858500 0.00770000 -0.00399200
v -0.00822700 0.00770000 -0.00408900
v -0.00915000 0.00770000 -0.00423300
v -0.00915000 0.00620000 -0.00423300
v -0.00915300 0.00770000 -0.00427700
v -0.00915300 0.00620000 -0.00427700
v -0.00916300 0.00770000 -0.00432000
v -0.00916300 0.00620000 -0.00432000
v -0.00917900 0.00770000 -0.00436100
v -0.00917900 0.00620000 -0.00436100
v -0.00925000 0.00770000 -0.00469000
v -0.00917000 0.00770000 -0.00501700
v -0.00895500 0.00770000 -0.00527600
v -0.00864800 0.00770000 -0.00541500
v -0.00831100 0.00770000 -0.00540600
v -0.00801200 0.00770000 -0.00525000
v -0.00766200 0.00770000 -0.00503800
v -0.00726200 0.00770000 -0.00495200
v -0.00685500 0.00770000 -0.00499900
v -0.00648500 0.00770000 -0.00517500
v -0.00619200 0.00770000 -0.00546100
v -0.00600700 0.00770000 -0.00582700
v -0.00595000 0.00770000 -0.00623200
v -0.00602800 0.00770000 -0.00663400
v -0.00623100 0.00770000 -0.00699000
v -0.00637700 0.00770000 -0.00727900
v -0.00638700 0.00770000 -0.00760100
v -0.00626100 0.00770000 -0.00789900
v -0.00602100 0.00770000 -0.00811600
v -0.00571300 0.00770000 -0.00821100
v -0.00539200 0.00770000 -0.00816800
v -0.00528900 0.00770000 -0.00815000
v -0.00400000 0.00980000 0.00000000
v -0.00391800 0.00980000 -0.00080500
v -0.00367600 0.00980000 -0.00157700
v -0.00328300 0.00980000 -0.00228500
v -0.00275600 0.00980000 -0.00289900
v -0.00211600 0.00980000 -0.00339500
v -0.00138900 0.00980000 -0.00375100
v -0.00060600 0.00980000 -0.00395400
v 0.00020300 0.00980000 -0.00399500
v 0.00100300 0.00980000 -0.00387200
v 0.00176200 0.00980000 -0.00359100
v 0.00244800 0.00980000 -0.00316300
v 0.00303500 0.00980000 -0.00260500
v 0.00349700 0.00980000 -0.00194100
v 0.00381700 0.00980000 -0.00119700
v 0.00397900 0.00980000 -0.00040500
v 0.00397900 0.00980000 0.00040500
v 0.00381700 0.00980000 0.00119700
v 0.00349700 0.00980000 0.00194100
v 0.00303500 0.00980000 0.00260500
v 0.00244800 0.00980000 0.00316300
v 0.00176200 0.00980000 0.00359100
v 0.00100300 0.00980000 0.00387200
v 0.00020300 0.00980000 0.00399500
v -0.00060600 0.00980000 0.00395400
v -0.00138900 0.00980000 0.00375100
v -0.00211600 0.00980000 0.00339500
v -0.00275600 0.00980000 0.00289900
v -0.00328300 0.00980000 0.00228500
v -0.00367600 0.00980000 0.00157700
v -0.00391800 0.00980000 0.00080500
v -0.00911800 0.00890000 -0.00563200
v -0.00817000 0.00890000 -0.00579800
v -0.00920000 0.00890000 -0.00617500
v -0.00825000 0.00890000 -0.00620000
v -0.00817000 0.00890000 -0.00660200
v -0.00794200 0.00890000 -0.00545800
v -0.00889000 0.00890000 -0.00513100
v -0.00760200 0.00890000 -0.00523000
v -0.00853500 0.00890000 -0.00471100
v -0.00808000 0.00890000 -0.00440400
v -0.00720000 0.00890000 -0.00515000
v -0.00755700 0.00890000 -0.00423200
v -0.00700800 0.00890000 -0.00420900
v -0.00647300 0.00890000 -0.00433700
v -0.00599400 0.00890000 -0.00460500
v -0.00679800 0.00890000 -0.00523000
v -0.00560500 0.00890000 -0.00499400
v -0.00645800 0.00890000 -0.00545800
v -0.00533700 0.00890000 -0.00547300
v -0.00623000 0.00890000 -0.00579800
v -0.00520900 0.00890000 -0.00600800
v -0.00615000 0.00890000 -0.00620000
v -0.00523200 0.00890000 -0.00655700
v -0.00623000 0.00890000 -0.00660200
v -0.00540400 0.00890000 -0.00708000
v -0.00645800 0.00890000 -0.00694200
v -0.00571100 0.00890000 -0.00753500
v -0.00679800 0.00890000 -0.00717000
v -0.00613100 0.00890000 -0.00789000
v -0.00720000 0.00890000 -0.00725000
v -0.00663200 0.00890000 -0.00811800
v -0.00778700 0.00890000 -0.00781000
v -0.00717500 0.00890000 -0.00820000
v -0.00760200 0.00890000 -0.00717000
v -0.00833600 0.00890000 -0.00733600
v -0.00794200 0.00890000 -0.00694200
v -0.00881000 0.00890000 -0.00678700
v -0.00680000 0.00940000 0.02700000
v 0.00680000 0.00940000 0.02700000
v -0.00867000 0.00620000 0.02449800
v -0.00867000 0.00940000 0.02449800
v -0.00875000 0.00620000 0.02490000
v -0.00875000 0.00940000 0.02490000
v -0.00867000 0.00620000 0.02530200
v -0.00867000 0.00940000 0.02530200
v -0.00844200 0.00620000 0.02564200
v -0.00844200 0.00940000 0.02564200
v -0.00810200 0.00620000 0.02587000
v -0.00810200 0.00940000 0.02587000
v -0.00770000 0.00620000 0.02595000
v -0.00770000 0.00940000 0.02595000
v -0.00729800 0.00620000 0.02587000
v -0.00729800 0.00940000 0.02587000
v -0.00695800 0.00620000 0.02564200
v -0.00695800 0.00940000 0.02564200
v -0.00673000 0.00620000 0.02530200
v -0.00673000 0.00940000 0.02530200
v -0.00665000 0.00620000 0.02490000
v -0.00665000 0.00940000 0.02490000
v -0.00673000 0.00620000 0.02449800
v -0.00673000 0.00940000 0.02449800
v -0.00695800 0.00620000 0.02415800
v -0.00695800 0.00940000 0.02415800
v -0.00729800 0.00620000 0.02393000
v -0.00729800 0.00940000 0.02393000
v -0.00770000 0.00620000 0.02385000
v -0.00770000 0.00940000 0.02385000
v -0.00810200 0.00620000 0.02393000
v -0.00810200 0.00940000 0.02393000
v -0.00844200 0.00620000 0.02415800
v -0.00844200 0.00940000 0.02415800
v -0.00817000 0.00620000 -0.00660200
v -0.00825000 0.00620000 -0.00620000
v -0.00817000 0.00620000 -0.00579800
v -0.00794200 0.00620000 -0.00545800
v -0.00760200 0.00620000 -0.00523000
v -0.00720000 0.00620000 -0.00515000
v -0.00679800 0.00620000 -0.00523000
v -0.00645800 0.00620000 -0.00545800
v -0.00623000 0.00620000 -0.00579800
v -0.00615000 0.00620000 -0.00620000
v -0.00623000 0.00620000 -0.00660200
v -0.00645800 0.00620000 -0.00694200
v -0.00679800 0.00620000 -0.00717000
v -0.00720000 0.00620000 -0.00725000
v -0.00760200 0.00620000 -0.00717000
v -0.00794200 0.00620000 -0.00694200
v 0.00673000 0.00620000 0.02449800
v 0.00673000 0.00940000 0.02449800
v 0.00665000 0.00620000 0.02490000
v 0.00665000 0.00940000 0.02490000
v 0.00673000 0.00620000 0.02530200
v 0.00673000 0.00940000 0.02530200
v 0.00695800 0.00620000 0.02564200
v 0.00695800 0.00940000 0.02564200
v 0.00729800 0.00620000 0.02587000
v 0.00729800 0.00940000 0.02587000
v 0.00770000 0.00620000 0.02595000
v 0.00770000 0.00940000 0.02595000
v 0.00810200 0.00620000 0.02587000
v 0.00810200 0.00940000 0.02587000
v 0.00844200 0.00620000 0.02564200
v 0.00844200 0.00940000 0.02564200
v 0.00867000 0.00620000 0.02530200
v 0.00867000 0.00940000 0.02530200
v 0.00875000 0.00620000 0.02490000
v 0.00875000 0.00940000 0.02490000
v 0.00867000 0.00620000 0.02449800
v 0.00867000 0.00940000 0.02449800
v 0.00844200 0.00620000 0.02415800
v 0.00844200 0.00940000 0.02415800
v 0.00810200 0.00620000 0.02393000
v 0.00810200 0.00940000 0.02393000
v 0.00770000 0.00620000 0.02385000
v 0.00770000 0.00940000 0.02385000
v 0.00729800 0.00620000 0.02393000
v 0.00729800 0.00940000 0.02393000
v 0.00695800 0.00620000 0.02415800
v 0.00695800 0.00940000 0.02415800
v 0.00528900 0.00620000 -0.00815000
v -0.00528900 0.00620000 -0.00815000
v 0.00623100 0.00620000 -0.00699000
v 0.00637700 0.00620000 -0.00727900
v 0.00638700 0.00620000 -0.00760100
v 0.00626100 0.00620000 -0.00789900
v 0.00602100 0.00620000 -0.00811600
v 0.00571300 0.00770000 -0.00821100
v 0.00571300 0.00620000 -0.00821100
v 0.00539200 0.00770000 -0.00816800
v 0.00539200 0.00620000 -0.00816800
v 0.00602800 0.00620000 -0.00663400
v 0.00595000 0.00620000 -0.00623200
v 0.00600700 0.00620000 -0.00582700
v 0.00619200 0.00620000 -0.00546100
v 0.00648500 0.00620000 -0.00517500
v 0.00685500 0.00620000 -0.00499900
v 0.00726200 0.00620000 -0.00495200
v 0.00766200 0.00620000 -0.00503800
v 0.00801200 0.00620000 -0.00525000
v 0.00831100 0.00620000 -0.00540600
v 0.00864800 0.00620000 -0.00541500
v 0.00864800 0.00770000 -0.00541500
v 0.00895500 0.00620000 -0.00527600
v 0.00917000 0.00620000 -0.00501700
v 0.00925000 0.00620000 -0.00469000
v 0.00823100 0.00620000 0.02376800
v 0.00854000 0.00620000 0.02384000
v 0.00885000 0.00620000 0.02377700
v 0.00910700 0.00620000 0.02359200
v 0.00926400 0.00620000 0.02331800
v 0.00929500 0.00770000 0.02300300
v 0.00929500 0.00620000 0.02300300
v 0.00780900 0.00620000 0.02365500
v 0.00737400 0.00620000 0.02369300
v 0.00697800 0.00620000 0.02388000
v 0.00667100 0.00620000 0.02419000
v 0.00649000 0.00620000 0.02458800
v 0.00645600 0.00620000 0.02502400
v 0.00657500 0.00620000 0.02544500
v 0.00665000 0.00770000 0.02575900
v 0.00665000 0.00620000 0.02575900
v 0.00658600 0.00620000 0.02607500
v 0.00639500 0.00620000 0.02633500
v 0.00611200 0.00620000 0.02649100
v 0.00579100 0.00620000 0.02651400
v -0.00657500 0.00620000 0.02544500
v -0.00665000 0.00620000 0.02575900
v -0.00665000 0.00770000 0.02575900
v -0.00658600 0.00620000 0.02607500
v -0.00639500 0.00620000 0.02633500
v -0.00611200 0.00620000 0.02649100
v -0.00579100 0.00620000 0.02651400
v -0.00645600 0.00620000 0.02502400
v -0.00649000 0.00620000 0.02458800
v -0.00667100 0.00620000 0.02419000
v -0.00697800 0.00620000 0.02388000
v -0.00737400 0.00620000 0.02369300
v -0.00780900 0.00620000 0.02365500
v -0.00823100 0.00620000 0.02376800
v -0.00854000 0.00620000 0.02384000
v -0.00885000 0.00620000 0.02377700
v -0.00910700 0.00620000 0.02359200
v -0.00926400 0.00620000 0.02331800
v -0.00929500 0.00620000 0.02300300
v -0.00929500 0.00770000 0.02300300
v -0.00801200 0.00620000 -0.00525000
v -0.00831100 0.00620000 -0.00540600
v -0.00864800 0.00620000 -0.00541500
v -0.00895500 0.00620000 -0.00527600
v -0.00917000 0.00620000 -0.00501700
v -0.00925000 0.00620000 -0.00469000
v -0.00766200 0.00620000 -0.00503800
v -0.00726200 0.00620000 -0.00495200
v -0.00685500 0.00620000 -0.00499900
v -0.00648500 0.00620000 -0.00517500
v -0.00619200 0.00620000 -0.00546100
v -0.00600700 0.00620000 -0.00582700
v -0.00595000 0.00620000 -0.00623200
v -0.00602800 0.00620000 -0.00663400
v -0.00623100 0.00620000 -0.00699000
v -0.00637700 0.00620000 -0.00727900
v -0.00638700 0.00620000 -0.00760100
v -0.00626100 0.00620000 -0.00789900
v -0.00602100 0.00620000 -0.00811600
v -0.00571300 0.00620000 -0.00821100
v -0.00539200 0.00620000 -0.00816800
v -0.00480000 0.01090000 -0.00880000
v 0.00480000 0.01090000 -0.00880000
v -0.00717500 0.01090000 -0.00820000
v -0.00663200 0.01090000 -0.00811800
v -0.00613100 0.01090000 -0.00789000
v -0.00571100 0.01090000 -0.00753500
v -0.00540400 0.01090000 -0.00708000
v -0.00523200 0.01090000 -0.00655700
v -0.00520900 0.01090000 -0.00600800
v -0.00533700 0.01090000 -0.00547300
v -0.00560500 0.01090000 -0.00499400
v -0.00599400 0.01090000 -0.00460500
v -0.00647300 0.01090000 -0.00433700
v -0.00700800 0.01090000 -0.00420900
v -0.00755700 0.01090000 -0.00423200
v -0.00808000 0.01090000 -0.00440400
v -0.00853500 0.01090000 -0.00471100
v -0.00889000 0.01090000 -0.00513100
v -0.00911800 0.01090000 -0.00563200
v -0.00920000 0.01090000 -0.00617500
v -0.00391800 0.01090000 0.00080500
v -0.00400000 0.01090000 0.00000000
v -0.00391800 0.01090000 -0.00080500
v -0.00367600 0.01090000 -0.00157700
v -0.00328300 0.01090000 -0.00228500
v -0.00275600 0.01090000 -0.00289900
v -0.00211600 0.01090000 -0.00339500
v -0.00138900 0.01090000 -0.00375100
v -0.00060600 0.01090000 -0.00395400
v 0.00020300 0.01090000 -0.00399500
v 0.00100300 0.01090000 -0.00387200
v 0.00176200 0.01090000 -0.00359100
v 0.00244800 0.01090000 -0.00316300
v 0.00303500 0.01090000 -0.00260500
v 0.00349700 0.01090000 -0.00194100
v 0.00381700 0.01090000 -0.00119700
v 0.00397900 0.01090000 -0.00040500
v 0.00397900 0.01090000 0.00040500
v 0.00381700 0.01090000 0.00119700
v 0.00349700 0.01090000 0.00194100
v 0.00303500 0.01090000 0.00260500
v 0.00244800 0.01090000 0.00316300
v 0.00176200 0.01090000 0.00359100
v 0.00100300 0.01090000 0.00387200
v 0.00020300 0.01090000 0.00399500
v -0.00060600 0.01090000 0.00395400
v -0.00138900 0.01090000 0.00375100
v -0.00211600 0.01090000 0.00339500
v -0.00275600 0.01090000 0.00289900
v -0.00328300 0.01090000 0.00228500
v -0.00367600 0.01090000 0.00157700
v 0.00623000 0.00620000 -0.00660200
v 0.00623000 0.01090000 -0.00660200
v 0.00615000 0.00620000 -0.00620000
v 0.00615000 0.01090000 -0.00620000
v 0.00623000 0.00620000 -0.00579800
v 0.00623000 0.01090000 -0.00579800
v 0.00645800 0.00620000 -0.00545800
v 0.00645800 0.01090000 -0.00545800
v 0.00679800 0.00620000 -0.00523000
v 0.00679800 0.01090000 -0.00523000
v 0.00720000 0.00620000 -0.00515000
v 0.00720000 0.01090000 -0.00515000
v 0.00760200 0.00620000 -0.00523000
v 0.00760200 0.01090000 -0.00523000
v 0.00794200 0.00620000 -0.00545800
v 0.00794200 0.01090000 -0.00545800
v 0.00817000 0.00620000 -0.00579800
v 0.00817000 0.01090000 -0.00579800
v 0.00825000 0.00620000 -0.00620000
v 0.00825000 0.01090000 -0.00620000
v 0.00817000 0.00620000 -0.00660200
v 0.00817000 0.01090000 -0.00660200
v 0.00794200 0.00620000 -0.00694200
v 0.00794200 0.01090000 -0.00694200
v 0.00760200 0.00620000 -0.00717000
v 0.00760200 0.01090000 -0.00717000
v 0.00720000 0.00620000 -0.00725000
v 0.00720000 0.01090000 -0.00725000
v 0.00679800 0.00620000 -0.00717000
v 0.00679800 0.01090000 -0.00717000
v 0.00645800 0.00620000 -0.00694200
v 0.00645800 0.01090000 -0.00694200
v -0.00953000 0.01090000 -0.00542000
v -0.00642000 0.01090000 -0.00853000
v -0.00562100 0.01090000 -0.00873200
v -0.00973200 0.01090000 -0.00462100
v -0.00980000 0.01090000 -0.00380000
v -0.00746800 0.00940000 0.02692500
v -0.00810200 0.00940000 0.02670300
v -0.00867000 0.00940000 0.02634600
v -0.00914500 0.00940000 0.02587000
v -0.00950300 0.00940000 0.02530200
v -0.00972500 0.00940000 0.02466800
v -0.00980000 0.00940000 0.02400000
v -0.00980000 0.00940000 0.02270000
v 0.00746800 0.00940000 0.02692500
v 0.00810200 0.00940000 0.02670300
v 0.00867000 0.00940000 0.02634600
v 0.00914500 0.00940000 0.02587000
v 0.00950300 0.00940000 0.02530200
v 0.00972500 0.00940000 0.02466800
v 0.00980000 0.00940000 0.02400000
v 0.00980000 0.00940000 0.02270000
v 0.00566800 0.01090000 -0.00872400
v 0.00651000 0.01090000 -0.00849800
v 0.00730000 0.01090000 -0.00813000
v 0.00801400 0.01090000 -0.00763000
v 0.00863000 0.01090000 -0.00701400
v 0.00913000 0.01090000 -0.00630000
v 0.00949800 0.01090000 -0.00551000
v 0.00972400 0.01090000 -0.00466800
v 0.00980000 0.01090000 -0.00380000
v -0.00980000 0.01090000 0.01300000
v -0.00972400 0.01090000 0.01213200
v -0.00949800 0.01090000 0.01129000
v -0.00913000 0.01090000 0.01050000
v -0.00863000 0.01090000 0.00978600
v -0.00801400 0.01090000 0.00917000
v -0.00730000 0.01090000 0.00867000
v -0.00651000 0.01090000 0.00830200
v -0.00566800 0.01090000 0.00807600
v -0.00480000 0.01090000 0.00800000
v 0.00480000 0.01090000 0.00800000
v 0.00566800 0.01090000 0.00807600
v 0.00651000 0.01090000 0.00830200
v 0.00730000 0.01090000 0.00867000
v 0.00801400 0.01090000 0.00917000
v 0.00863000 0.01090000 0.00978600
v 0.00913000 0.01090000 0.01050000
v 0.00949800 0.01090000 0.01129000
v 0.00972400 0.01090000 0.01213200
v 0.00980000 0.01090000 0.01300000
v -0.00980000 0.01340000 0.01300000
v -0.00980000 0.01340000 0.02270000
v 0.00980000 0.01340000 0.02270000
v 0.00980000 0.01340000 0.01300000
v 0.00480000 0.01340000 0.00800000
v 0.00566800 0.01340000 0.00807600
v 0.00651000 0.01340000 0.00830200
v 0.00730000 0.01340000 0.00867000
v 0.00801400 0.01340000 0.00917000
v 0.00863000 0.01340000 0.00978600
v 0.00913000 0.01340000 0.01050000
v 0.00949800 0.01340000 0.01129000
v 0.00972400 0.01340000 0.01213200
v -0.00480000 0.01340000 0.00800000
v -0.00972400 0.01340000 0.01213200
v -0.00949800 0.01340000 0.01129000
v -0.00913000 0.01340000 0.01050000
v -0.00863000 0.01340000 0.00978600
v -0.00801400 0.01340000 0.00917000
v -0.00730000 0.01340000 0.00867000
v -0.00651000 0.01340000 0.00830200
v -0.00566800 0.01340000 0.00807600
v 0.00765000 -0.00990000 0.00200000
v 0.00765000 -0.00990000 0.00300000
v 0.00765000 -0.00770000 0.00200000
v 0.00765000 -0.00770000 0.00300000
v -0.00050000 -0.00990000 -0.00665000
v 0.00050000 -0.00990000 -0.00665000
v -0.00050000 -0.00770000 -0.00665000
v 0.00050000 -0.00770000 -0.00665000
v 0.00627500 -0.00870000 0.02516600
v 0.00626400 -0.00870000 0.02470000
v 0.00627500 -0.01050000 0.02516600
v 0.00626400 -0.01050000 0.02470000
v 0.00640200 -0.00870000 0.02425400
v 0.00640200 -0.01050000 0.02425400
v 0.00667500 -0.00870000 0.02387500
v 0.00667500 -0.01050000 0.02387500
v 0.00705400 -0.00870000 0.02360200
v 0.00705400 -0.01050000 0.02360200
v 0.00750000 -0.00870000 0.02346400
v 0.00750000 -0.01050000 0.02346400
v 0.00796600 -0.00870000 0.02347500
v 0.00796600 -0.01050000 0.02347500
v 0.00815000 -0.00990000 0.00300000
v 0.00815000 -0.00770000 0.00300000
v 0.00815000 -0.00770000 0.00200000
v 0.00815000 -0.00990000 0.00200000
v 0.00050000 -0.00990000 -0.00715000
v 0.00050000 -0.00770000 -0.00715000
v -0.00050000 -0.00770000 -0.00715000
v -0.00050000 -0.00990000 -0.00715000
v -0.00796600 -0.00870000 0.02347500
v -0.00750000 -0.00870000 0.02346400
v -0.00796600 -0.01050000 0.02347500
v -0.00750000 -0.01050000 0.02346400
v -0.00705400 -0.00870000 0.02360200
v -0.00705400 -0.01050000 0.02360200
v -0.00667500 -0.00870000 0.02387500
v -0.00667500 -0.01050000 0.02387500
v -0.00640200 -0.00870000 0.02425400
v -0.00640200 -0.01050000 0.02425400
v -0.00626400 -0.00870000 0.02470000
v -0.00626400 -0.01050000 0.02470000
v -0.00627500 -0.00870000 0.02516600
v -0.00627500 -0.01050000 0.02516600
v 0.00815000 -0.01160000 0.02205000
v -0.00815000 -0.01160000 0.02205000
v 0.00815000 -0.01050000 0.02205000
v -0.00815000 -0.01050000 0.02205000
v -0.00566000 -0.00870000 0.02628000
v -0.00595200 -0.00870000 0.02610100
v -0.00579100 -0.00870000 0.02651400
v -0.00611200 -0.00870000 0.02649100
v -0.00616700 -0.00870000 0.02583300
v -0.00639500 -0.00870000 0.02633500
v -0.00658600 -0.00870000 0.02607500
v -0.00627900 -0.00870000 0.02550900
v -0.00665000 -0.00870000 0.02575900
v -0.00657500 -0.00870000 0.02544500
v -0.00645600 -0.00870000 0.02502400
v -0.00649000 -0.00870000 0.02458800
v -0.00667100 -0.00870000 0.02419000
v -0.00697800 -0.00870000 0.02388000
v -0.00737400 -0.00870000 0.02369300
v -0.00780900 -0.00870000 0.02365500
v -0.00823100 -0.00870000 0.02376800
v -0.00838800 -0.00870000 0.02346300
v -0.00854000 -0.00870000 0.02384000
v -0.00858700 -0.00870000 0.02339100
v -0.00885000 -0.00870000 0.02377700
v -0.00876700 -0.00870000 0.02327900
v -0.00891900 -0.00870000 0.02313100
v -0.00910700 -0.00870000 0.02359200
v -0.00903600 -0.00870000 0.02295500
v -0.00926400 -0.00870000 0.02331800
v -0.00929500 -0.00870000 0.02300300
v -0.00548900 -0.00620000 0.02639900
v -0.00543800 -0.00620000 0.02637200
v -0.00548900 -0.00870000 0.02639900
v -0.00543800 -0.00870000 0.02637200
v -0.00538200 -0.00620000 0.02635600
v -0.00538200 -0.00870000 0.02635600
v -0.00532400 -0.00620000 0.02635000
v -0.00532400 -0.00870000 0.02635000
v -0.00563600 -0.01050000 0.02628900
v -0.00529200 -0.01050000 0.02635000
v -0.00593800 -0.01050000 0.02611300
v -0.00616100 -0.01050000 0.02584500
v -0.00627800 -0.01050000 0.02551600
v -0.00266600 -0.01050000 0.02653700
v -0.00351400 -0.01050000 0.02635000
v -0.00180000 -0.01050000 0.02660000
v -0.00093400 -0.01050000 0.02653700
v -0.00008600 -0.01050000 0.02635000
v 0.00529200 -0.01050000 0.02635000
v 0.00563600 -0.01050000 0.02628900
v 0.00593800 -0.01050000 0.02611300
v 0.00616100 -0.01050000 0.02584500
v 0.00831600 -0.01050000 0.02347800
v 0.00853300 -0.01050000 0.02197400
v 0.00864500 -0.01050000 0.02336100
v 0.00891300 -0.01050000 0.02313800
v 0.00908900 -0.01050000 0.02283600
v 0.00915000 -0.01050000 0.02249200
v 0.00885700 -0.01050000 0.02175700
v 0.00907400 -0.01050000 0.02143300
v 0.00915000 -0.01050000 0.02105000
v -0.00853300 -0.01050000 0.02197400
v -0.00831600 -0.01050000 0.02347800
v -0.00885700 -0.01050000 0.02175700
v -0.00915000 -0.01050000 0.02249200
v -0.00908900 -0.01050000 0.02283600
v -0.00891300 -0.01050000 0.02313800
v -0.00907400 -0.01050000 0.02143300
v -0.00915000 -0.01050000 0.02105000
v -0.00864500 -0.01050000 0.02336100
v 0.00627900 -0.00870000 0.02550900
v 0.00627800 -0.01050000 0.02551600
v 0.00616700 -0.00870000 0.02583300
v 0.00595200 -0.00870000 0.02610100
v 0.00566000 -0.00870000 0.02628000
v 0.00532400 -0.00870000 0.02635000
v 0.00532400 -0.00620000 0.02635000
v 0.00538200 -0.00870000 0.02635600
v 0.00538200 -0.00620000 0.02635600
v 0.00543800 -0.00870000 0.02637200
v 0.00543800 -0.00620000 0.02637200
v 0.00548900 -0.00870000 0.02639900
v 0.00548900 -0.00620000 0.02639900
v 0.00579100 -0.00870000 0.02651400
v 0.00611200 -0.00870000 0.02649100
v 0.00639500 -0.00870000 0.02633500
v 0.00658600 -0.00870000 0.02607500
v 0.00657500 -0.00870000 0.02544500
v 0.00645600 -0.00870000 0.02502400
v 0.00649000 -0.00870000 0.02458800
v 0.00667100 -0.00870000 0.02419000
v 0.00697800 -0.00870000 0.02388000
v 0.00737400 -0.00870000 0.02369300
v 0.00780900 -0.00870000 0.02365500
v 0.00823100 -0.00870000 0.02376800
v 0.00838800 -0.00870000 0.02346300
v 0.00854000 -0.00870000 0.02384000
v 0.00858700 -0.00870000 0.02339100
v 0.00885000 -0.00870000 0.02377700
v 0.00876700 -0.00870000 0.02327900
v 0.00891900 -0.00870000 0.02313100
v 0.00910700 -0.00870000 0.02359200
v 0.00903600 -0.00870000 0.02295500
v 0.00911400 -0.00870000 0.02275800
v 0.00926400 -0.00870000 0.02331800
v 0.00915000 -0.00770000 -0.00423300
v 0.00915000 -0.00620000 -0.00423300
v 0.00915300 -0.00770000 -0.00427700
v 0.00915300 -0.00620000 -0.00427700
v 0.00916300 -0.00770000 -0.00432000
v 0.00916300 -0.00620000 -0.00432000
v 0.00917900 -0.00770000 -0.00436100
v 0.00917900 -0.00620000 -0.00436100
v 0.00919300 -0.00870000 0.02270300
v 0.00919300 -0.00620000 0.02270300
v 0.00916900 -0.00870000 0.02265500
v 0.00916900 -0.00620000 0.02265500
v 0.00915500 -0.00870000 0.02260300
v 0.00915500 -0.00620000 0.02260300
v 0.00915000 -0.00870000 0.02254900
v 0.00915000 -0.00620000 0.02254900
v 0.00914800 -0.00870000 0.02254900
v 0.00915000 -0.00870000 0.02249200
v 0.00817800 -0.00870000 0.02349100
v 0.00853300 -0.01160000 0.02197400
v 0.00885700 -0.01160000 0.02175700
v 0.00907400 -0.01160000 0.02143300
v 0.00915000 -0.01160000 0.02105000
v 0.00853300 -0.00770000 0.00307600
v 0.00853300 -0.00990000 0.00307600
v 0.00885700 -0.00770000 0.00329300
v 0.00885700 -0.00990000 0.00329300
v 0.00907400 -0.00770000 0.00361700
v 0.00907400 -0.00990000 0.00361700
v 0.00915000 -0.00770000 0.00400000
v 0.00915000 -0.00990000 0.00400000
v 0.00915000 -0.00770000 0.00100000
v 0.00907400 -0.00770000 0.00138300
v 0.00885700 -0.00770000 0.00170700
v 0.00853300 -0.00770000 0.00192400
v 0.00853300 -0.00990000 0.00192400
v 0.00885700 -0.00990000 0.00170700
v 0.00907400 -0.00990000 0.00138300
v 0.00915000 -0.00990000 0.00100000
v 0.00539200 -0.00770000 -0.00816800
v 0.00499200 -0.00770000 -0.00758500
v 0.00508900 -0.00770000 -0.00722700
v 0.00571300 -0.00770000 -0.00821100
v 0.00602100 -0.00770000 -0.00811600
v 0.00626100 -0.00770000 -0.00789900
v 0.00638700 -0.00770000 -0.00760100
v 0.00637700 -0.00770000 -0.00727900
v 0.00623100 -0.00770000 -0.00699000
v 0.00602800 -0.00770000 -0.00663400
v 0.00504800 -0.00770000 -0.00685800
v 0.00595000 -0.00770000 -0.00623200
v 0.00495100 -0.00770000 -0.00625900
v 0.00501700 -0.00770000 -0.00565600
v 0.00528900 -0.00770000 -0.00815000
v 0.00477100 -0.00770000 -0.00788400
v 0.00445700 -0.00770000 -0.00808100
v 0.00409200 -0.00770000 -0.00815000
v 0.00600700 -0.00770000 -0.00582700
v 0.00524200 -0.00770000 -0.00509200
v 0.00619200 -0.00770000 -0.00546100
v 0.00560900 -0.00770000 -0.00460900
v 0.00648500 -0.00770000 -0.00517500
v 0.00609200 -0.00770000 -0.00424200
v 0.00685500 -0.00770000 -0.00499900
v 0.00665600 -0.00770000 -0.00401700
v 0.00726200 -0.00770000 -0.00495200
v 0.00725900 -0.00770000 -0.00395100
v 0.00785800 -0.00770000 -0.00404800
v 0.00766200 -0.00770000 -0.00503800
v 0.00822700 -0.00770000 -0.00408900
v 0.00801200 -0.00770000 -0.00525000
v 0.00831100 -0.00770000 -0.00540600
v 0.00864800 -0.00770000 -0.00541500
v 0.00895500 -0.00770000 -0.00527600
v 0.00917000 -0.00770000 -0.00501700
v 0.00925000 -0.00770000 -0.00469000
v 0.00858500 -0.00770000 -0.00399200
v 0.00888400 -0.00770000 -0.00377100
v 0.00908100 -0.00770000 -0.00345700
v 0.00915000 -0.00770000 -0.00309200
v 0.00057600 -0.00770000 -0.00753300
v 0.00057600 -0.00990000 -0.00753300
v 0.00079300 -0.00770000 -0.00785700
v 0.00079300 -0.00990000 -0.00785700
v 0.00111700 -0.00770000 -0.00807400
v 0.00111700 -0.00990000 -0.00807400
v 0.00150000 -0.00770000 -0.00815000
v 0.00150000 -0.00990000 -0.00815000
v -0.00057600 -0.00770000 -0.00753300
v -0.00079300 -0.00770000 -0.00785700
v -0.00111700 -0.00770000 -0.00807400
v -0.00150000 -0.00770000 -0.00815000
v -0.00057600 -0.00990000 -0.00753300
v -0.00079300 -0.00990000 -0.00785700
v -0.00111700 -0.00990000 -0.00807400
v -0.00150000 -0.00990000 -0.00815000
v -0.00528900 -0.00770000 -0.00815000
v -0.00477100 -0.00770000 -0.00788400
v -0.00445700 -0.00770000 -0.00808100
v -0.00409200 -0.00770000 -0.00815000
v -0.00532400 -0.00770000 -0.00815200
v -0.00626100 -0.00770000 -0.00789900
v -0.00499200 -0.00770000 -0.00758500
v -0.00535900 -0.00770000 -0.00815800
v -0.00602100 -0.00770000 -0.00811600
v -0.00638700 -0.00770000 -0.00760100
v -0.00637700 -0.00770000 -0.00727900
v -0.00508900 -0.00770000 -0.00722700
v -0.00623100 -0.00770000 -0.00699000
v -0.00504800 -0.00770000 -0.00685800
v -0.00602800 -0.00770000 -0.00663400
v -0.00495100 -0.00770000 -0.00625900
v -0.00595000 -0.00770000 -0.00623200
v -0.00600700 -0.00770000 -0.00582700
v -0.00501700 -0.00770000 -0.00565600
v -0.00619200 -0.00770000 -0.00546100
v -0.00524200 -0.00770000 -0.00509200
v -0.00648500 -0.00770000 -0.00517500
v -0.00560900 -0.00770000 -0.00460900
v -0.00685500 -0.00770000 -0.00499900
v -0.00609200 -0.00770000 -0.00424200
v -0.00726200 -0.00770000 -0.00495200
v -0.00665600 -0.00770000 -0.00401700
v -0.00725900 -0.00770000 -0.00395100
v -0.00785800 -0.00770000 -0.00404800
v -0.00766200 -0.00770000 -0.00503800
v -0.00822700 -0.00770000 -0.00408900
v -0.00917900 -0.00770000 -0.00436100
v -0.00801200 -0.00770000 -0.00525000
v -0.00917000 -0.00770000 -0.00501700
v -0.00925000 -0.00770000 -0.00469000
v -0.00895500 -0.00770000 -0.00527600
v -0.00831100 -0.00770000 -0.00540600
v -0.00915000 -0.00770000 -0.00423300
v -0.00858500 -0.00770000 -0.00399200
v -0.00888400 -0.00770000 -0.00377100
v -0.00908100 -0.00770000 -0.00345700
v -0.00915000 -0.00770000 -0.00309200
v -0.00917900 -0.00620000 -0.00436100
v -0.00916300 -0.00620000 -0.00432000
v -0.00916300 -0.00770000 -0.00432000
v -0.00915300 -0.00770000 -0.00427700
v -0.00915300 -0.00620000 -0.00427700
v -0.00915000 -0.00620000 -0.00423300
v -0.00815000 -0.00770000 0.00200000
v -0.00815000 -0.00990000 0.00200000
v -0.00853300 -0.00770000 0.00192400
v -0.00853300 -0.00990000 0.00192400
v -0.00885700 -0.00770000 0.00170700
v -0.00885700 -0.00990000 0.00170700
v -0.00907400 -0.00770000 0.00138300
v -0.00907400 -0.00990000 0.00138300
v -0.00915000 -0.00770000 0.00100000
v -0.00915000 -0.00990000 0.00100000
v -0.00915000 -0.00770000 0.00300000
v -0.00765000 -0.00770000 0.00300000
v -0.00765000 -0.00770000 0.00200000
v -0.00915000 -0.01160000 0.02105000
v -0.00907400 -0.01160000 0.02143300
v -0.00885700 -0.01160000 0.02175700
v -0.00853300 -0.01160000 0.02197400
v -0.00817800 -0.00870000 0.02349100
v -0.00911400 -0.00870000 0.02275800
v -0.00914800 -0.00870000 0.02254900
v -0.00915000 -0.00870000 0.02249200
v -0.00915000 -0.00870000 0.02254900
v -0.00915000 -0.00620000 0.02254900
v -0.00915500 -0.00870000 0.02260300
v -0.00915500 -0.00620000 0.02260300
v -0.00916900 -0.00870000 0.02265500
v -0.00916900 -0.00620000 0.02265500
v -0.00919300 -0.00870000 0.02270300
v -0.00919300 -0.00620000 0.02270300
v -0.00555500 -0.01160000 0.00871600
v -0.00915000 -0.01160000 0.01300000
v -0.00480000 -0.01160000 0.00865000
v -0.00628800 -0.01160000 0.00891200
v -0.00697500 -0.01160000 0.00923300
v -0.00759600 -0.01160000 0.00966800
v -0.00813200 -0.01160000 0.01020400
v -0.00856700 -0.01160000 0.01082500
v -0.00888800 -0.01160000 0.01151200
v -0.00908400 -0.01160000 0.01224500
v 0.00480000 -0.01160000 0.00865000
v 0.00555500 -0.01160000 0.00871600
v 0.00915000 -0.01160000 0.01300000
v 0.00628800 -0.01160000 0.00891200
v 0.00697500 -0.01160000 0.00923300
v 0.00759600 -0.01160000 0.00966800
v 0.00813200 -0.01160000 0.01020400
v 0.00856700 -0.01160000 0.01082500
v 0.00888800 -0.01160000 0.01151200
v 0.00908400 -0.01160000 0.01224500
v -0.00765000 -0.00990000 0.00200000
v -0.00778700 -0.00890000 -0.00781000
v -0.00717500 -0.00890000 -0.00820000
v -0.00720000 -0.00890000 -0.00725000
v -0.00663200 -0.00890000 -0.00811800
v -0.00679800 -0.00890000 -0.00717000
v -0.00613100 -0.00890000 -0.00789000
v -0.00645800 -0.00890000 -0.00694200
v -0.00571100 -0.00890000 -0.00753500
v -0.00540400 -0.00890000 -0.00708000
v -0.00623000 -0.00890000 -0.00660200
v -0.00523200 -0.00890000 -0.00655700
v -0.00615000 -0.00890000 -0.00620000
v -0.00520900 -0.00890000 -0.00600800
v -0.00623000 -0.00890000 -0.00579800
v -0.00533700 -0.00890000 -0.00547300
v -0.00560500 -0.00890000 -0.00499400
v -0.00645800 -0.00890000 -0.00545800
v -0.00599400 -0.00890000 -0.00460500
v -0.00679800 -0.00890000 -0.00523000
v -0.00647300 -0.00890000 -0.00433700
v -0.00700800 -0.00890000 -0.00420900
v -0.00720000 -0.00890000 -0.00515000
v -0.00755700 -0.00890000 -0.00423200
v -0.00760200 -0.00890000 -0.00523000
v -0.00808000 -0.00890000 -0.00440400
v -0.00794200 -0.00890000 -0.00545800
v -0.00853500 -0.00890000 -0.00471100
v -0.00889000 -0.00890000 -0.00513100
v -0.00817000 -0.00890000 -0.00579800
v -0.00911800 -0.00890000 -0.00563200
v -0.00825000 -0.00890000 -0.00620000
v -0.00920000 -0.00890000 -0.00617500
v -0.00881000 -0.00890000 -0.00678700
v -0.00817000 -0.00890000 -0.00660200
v -0.00833600 -0.00890000 -0.00733600
v -0.00794200 -0.00890000 -0.00694200
v -0.00760200 -0.00890000 -0.00717000
v 0.00680000 -0.01120000 0.02700000
v -0.00680000 -0.01120000 0.02700000
v -0.00823100 -0.00620000 0.02376800
v -0.00854000 -0.00620000 0.02384000
v -0.00885000 -0.00620000 0.02377700
v -0.00910700 -0.00620000 0.02359200
v -0.00926400 -0.00620000 0.02331800
v -0.00929500 -0.00620000 0.02300300
v -0.00657500 -0.00620000 0.02544500
v -0.00645600 -0.00620000 0.02502400
v -0.00649000 -0.00620000 0.02458800
v -0.00667100 -0.00620000 0.02419000
v -0.00697800 -0.00620000 0.02388000
v -0.00737400 -0.00620000 0.02369300
v -0.00780900 -0.00620000 0.02365500
v -0.00579100 -0.00620000 0.02651400
v -0.00611200 -0.00620000 0.02649100
v -0.00639500 -0.00620000 0.02633500
v -0.00658600 -0.00620000 0.02607500
v -0.00665000 -0.00620000 0.02575900
v -0.00351400 -0.00620000 0.02635000
v -0.00529200 -0.00870000 0.02635000
v -0.00008600 -0.00620000 0.02635000
v -0.00093400 -0.00620000 0.02653700
v -0.00180000 -0.00620000 0.02660000
v -0.00266600 -0.00620000 0.02653700
v 0.00529200 -0.00870000 0.02635000
v 0.00657500 -0.00620000 0.02544500
v 0.00665000 -0.00620000 0.02575900
v 0.00665000 -0.00870000 0.02575900
v 0.00658600 -0.00620000 0.02607500
v 0.00639500 -0.00620000 0.02633500
v 0.00611200 -0.00620000 0.02649100
v 0.00579100 -0.00620000 0.02651400
v 0.00823100 -0.00620000 0.02376800
v 0.00780900 -0.00620000 0.02365500
v 0.00737400 -0.00620000 0.02369300
v 0.00697800 -0.00620000 0.02388000
v 0.00667100 -0.00620000 0.02419000
v 0.00649000 -0.00620000 0.02458800
v 0.00645600 -0.00620000 0.02502400
v 0.00854000 -0.00620000 0.02384000
v 0.00885000 -0.00620000 0.02377700
v 0.00910700 -0.00620000 0.02359200
v 0.00926400 -0.00620000 0.02331800
v 0.00929500 -0.00620000 0.02300300
v 0.00929500 -0.00870000 0.02300300
v 0.00801200 -0.00620000 -0.00525000
v 0.00831100 -0.00620000 -0.00540600
v 0.00864800 -0.00620000 -0.00541500
v 0.00895500 -0.00620000 -0.00527600
v 0.00917000 -0.00620000 -0.00501700
v 0.00925000 -0.00620000 -0.00469000
v 0.00766200 -0.00620000 -0.00503800
v 0.00726200 -0.00620000 -0.00495200
v 0.00685500 -0.00620000 -0.00499900
v 0.00648500 -0.00620000 -0.00517500
v 0.00619200 -0.00620000 -0.00546100
v 0.00600700 -0.00620000 -0.00582700
v 0.00595000 -0.00620000 -0.00623200
v 0.00602800 -0.00620000 -0.00663400
v 0.00623100 -0.00620000 -0.00699000
v 0.00637700 -0.00620000 -0.00727900
v 0.00638700 -0.00620000 -0.00760100
v 0.00626100 -0.00620000 -0.00789900
v 0.00602100 -0.00620000 -0.00811600
v 0.00571300 -0.00620000 -0.00821100
v 0.00539200 -0.00620000 -0.00816800
v -0.00623100 -0.00620000 -0.00699000
v -0.00637700 -0.00620000 -0.00727900
v -0.00638700 -0.00620000 -0.00760100
v -0.00626100 -0.00620000 -0.00789900
v -0.00602100 -0.00620000 -0.00811600
v -0.00571300 -0.00770000 -0.00821100
v -0.00571300 -0.00620000 -0.00821100
v -0.00539200 -0.00770000 -0.00816800
v -0.00539200 -0.00620000 -0.00816800
v -0.00602800 -0.00620000 -0.00663400
v -0.00595000 -0.00620000 -0.00623200
v -0.00600700 -0.00620000 -0.00582700
v -0.00619200 -0.00620000 -0.00546100
v -0.00648500 -0.00620000 -0.00517500
v -0.00685500 -0.00620000 -0.00499900
v -0.00726200 -0.00620000 -0.00495200
v -0.00766200 -0.00620000 -0.00503800
v -0.00801200 -0.00620000 -0.00525000
v -0.00831100 -0.00620000 -0.00540600
v -0.00864800 -0.00620000 -0.00541500
v -0.00864800 -0.00770000 -0.00541500
v -0.00895500 -0.00620000 -0.00527600
v -0.00917000 -0.00620000 -0.00501700
v -0.00925000 -0.00620000 -0.00469000
v 0.00867000 -0.00620000 0.02449800
v 0.00867000 -0.01120000 0.02449800
v 0.00875000 -0.00620000 0.02490000
v 0.00875000 -0.01120000 0.02490000
v 0.00867000 -0.00620000 0.02530200
v 0.00867000 -0.01120000 0.02530200
v 0.00844200 -0.00620000 0.02564200
v 0.00844200 -0.01120000 0.02564200
v 0.00810200 -0.00620000 0.02587000
v 0.00810200 -0.01120000 0.02587000
v 0.00770000 -0.00620000 0.02595000
v 0.00770000 -0.01120000 0.02595000
v 0.00729800 -0.00620000 0.02587000
v 0.00729800 -0.01120000 0.02587000
v 0.00695800 -0.00620000 0.02564200
v 0.00695800 -0.01120000 0.02564200
v 0.00673000 -0.00620000 0.02530200
v 0.00673000 -0.01120000 0.02530200
v 0.00665000 -0.00620000 0.02490000
v 0.00665000 -0.01120000 0.02490000
v 0.00673000 -0.00620000 0.02449800
v 0.00673000 -0.01120000 0.02449800
v 0.00695800 -0.00620000 0.02415800
v 0.00695800 -0.01120000 0.02415800
v 0.00729800 -0.00620000 0.02393000
v 0.00729800 -0.01120000 0.02393000
v 0.00770000 -0.00620000 0.02385000
v 0.00770000 -0.01120000 0.02385000
v 0.00810200 -0.00620000 0.02393000
v 0.00810200 -0.01120000 0.02393000
v 0.00844200 -0.00620000 0.02415800
v 0.00844200 -0.01120000 0.02415800
v -0.00673000 -0.00620000 0.02449800
v -0.00673000 -0.01120000 0.02449800
v -0.00665000 -0.00620000 0.02490000
v -0.00665000 -0.01120000 0.02490000
v -0.00673000 -0.00620000 0.02530200
v -0.00673000 -0.01120000 0.02530200
v -0.00695800 -0.00620000 0.02564200
v -0.00695800 -0.01120000 0.02564200
v -0.00729800 -0.00620000 0.02587000
v -0.00729800 -0.01120000 0.02587000
v -0.00770000 -0.00620000 0.02595000
v -0.00770000 -0.01120000 0.02595000
v -0.00810200 -0.00620000 0.02587000
v -0.00810200 -0.01120000 0.02587000
v -0.00844200 -0.00620000 0.02564200
v -0.00844200 -0.01120000 0.02564200
v -0.00867000 -0.00620000 0.02530200
v -0.00867000 -0.01120000 0.02530200
v -0.00875000 -0.00620000 0.02490000
v -0.00875000 -0.01120000 0.02490000
v -0.00867000 -0.00620000 0.02449800
v -0.00867000 -0.01120000 0.02449800
v -0.00844200 -0.00620000 0.02415800
v -0.00844200 -0.01120000 0.02415800
v -0.00810200 -0.00620000 0.02393000
v -0.00810200 -0.01120000 0.02393000
v -0.00770000 -0.00620000 0.02385000
v -0.00770000 -0.01120000 0.02385000
v -0.00729800 -0.00620000 0.02393000
v -0.00729800 -0.01120000 0.02393000
v -0.00695800 -0.00620000 0.02415800
v -0.00695800 -0.01120000 0.02415800
v -0.00623000 -0.00620000 -0.00660200
v -0.00615000 -0.00620000 -0.00620000
v -0.00623000 -0.00620000 -0.00579800
v -0.00645800 -0.00620000 -0.00545800
v -0.00679800 -0.00620000 -0.00523000
v -0.00720000 -0.00620000 -0.00515000
v -0.00760200 -0.00620000 -0.00523000
v -0.00794200 -0.00620000 -0.00545800
v -0.00817000 -0.00620000 -0.00579800
v -0.00825000 -0.00620000 -0.00620000
v -0.00817000 -0.00620000 -0.00660200
v -0.00794200 -0.00620000 -0.00694200
v -0.00760200 -0.00620000 -0.00717000
v -0.00720000 -0.00620000 -0.00725000
v -0.00679800 -0.00620000 -0.00717000
v -0.00645800 -0.00620000 -0.00694200
v -0.00480000 -0.00990000 0.00865000
v 0.00480000 -0.00990000 0.00865000
v 0.00555500 -0.00990000 0.00871600
v 0.00628800 -0.00990000 0.00891200
v 0.00697500 -0.00990000 0.00923300
v 0.00759600 -0.00990000 0.00966800
v 0.00813200 -0.00990000 0.01020400
v 0.00856700 -0.00990000 0.01082500
v 0.00888800 -0.00990000 0.01151200
v 0.00908400 -0.00990000 0.01224500
v 0.00915000 -0.00990000 0.01300000
v 0.00915000 -0.00990000 -0.00309200
v 0.00785800 -0.00990000 -0.00404800
v 0.00822700 -0.00990000 -0.00408900
v 0.00858500 -0.00990000 -0.00399200
v 0.00888400 -0.00990000 -0.00377100
v 0.00908100 -0.00990000 -0.00345700
v 0.00725900 -0.00990000 -0.00395100
v 0.00665600 -0.00990000 -0.00401700
v 0.00609200 -0.00990000 -0.00424200
v 0.00560900 -0.00990000 -0.00460900
v 0.00524200 -0.00990000 -0.00509200
v 0.00501700 -0.00990000 -0.00565600
v 0.00495100 -0.00990000 -0.00625900
v 0.00504800 -0.00990000 -0.00685800
v 0.00409200 -0.00990000 -0.00815000
v 0.00445700 -0.00990000 -0.00808100
v 0.00477100 -0.00990000 -0.00788400
v 0.00499200 -0.00990000 -0.00758500
v 0.00508900 -0.00990000 -0.00722700
v -0.00528900 -0.00620000 -0.00815000
v -0.00409200 -0.00990000 -0.00815000
v 0.00528900 -0.00620000 -0.00815000
v -0.00504800 -0.00990000 -0.00685800
v -0.00508900 -0.00990000 -0.00722700
v -0.00499200 -0.00990000 -0.00758500
v -0.00477100 -0.00990000 -0.00788400
v -0.00445700 -0.00990000 -0.00808100
v -0.00495100 -0.00990000 -0.00625900
v -0.00501700 -0.00990000 -0.00565600
v -0.00524200 -0.00990000 -0.00509200
v -0.00560900 -0.00990000 -0.00460900
v -0.00609200 -0.00990000 -0.00424200
v -0.00665600 -0.00990000 -0.00401700
v -0.00725900 -0.00990000 -0.00395100
v -0.00785800 -0.00990000 -0.00404800
v -0.00915000 -0.00990000 -0.00309200
v -0.00908100 -0.00990000 -0.00345700
v -0.00888400 -0.00990000 -0.00377100
v -0.00858500 -0.00990000 -0.00399200
v -0.00822700 -0.00990000 -0.00408900
v -0.00915000 -0.00620000 0.00300000
v -0.00915000 -0.00990000 0.01720000
v -0.00915000 -0.00620000 0.01720000
v -0.00915000 -0.00990000 0.01300000
v -0.00555500 -0.00990000 0.00871600
v -0.00628800 -0.00990000 0.00891200
v -0.00697500 -0.00990000 0.00923300
v -0.00759600 -0.00990000 0.00966800
v -0.00813200 -0.00990000 0.01020400
v -0.00856700 -0.00990000 0.01082500
v -0.00888800 -0.00990000 0.01151200
v -0.00908400 -0.00990000 0.01224500
v -0.00765000 -0.00990000 0.00300000
v -0.00920000 -0.01090000 -0.00617500
v -0.00911800 -0.01090000 -0.00563200
v -0.00889000 -0.01090000 -0.00513100
v -0.00853500 -0.01090000 -0.00471100
v -0.00808000 -0.01090000 -0.00440400
v -0.00755700 -0.01090000 -0.00423200
v -0.00700800 -0.01090000 -0.00420900
v -0.00647300 -0.01090000 -0.00433700
v -0.00599400 -0.01090000 -0.00460500
v -0.00560500 -0.01090000 -0.00499400
v -0.00533700 -0.01090000 -0.00547300
v -0.00520900 -0.01090000 -0.00600800
v -0.00523200 -0.01090000 -0.00655700
v -0.00540400 -0.01090000 -0.00708000
v -0.00571100 -0.01090000 -0.00753500
v -0.00613100 -0.01090000 -0.00789000
v -0.00663200 -0.01090000 -0.00811800
v -0.00717500 -0.01090000 -0.00820000
v 0.00480000 -0.01090000 -0.00880000
v -0.00480000 -0.01090000 -0.00880000
v 0.00492000 -0.00990000 -0.00089300
v 0.00500000 -0.01090000 0.00000000
v 0.00500000 -0.00990000 0.00000000
v 0.00492000 -0.01090000 0.00089300
v 0.00492000 -0.00990000 0.00089300
v 0.00468100 -0.01090000 0.00175700
v 0.00468100 -0.00990000 0.00175700
v 0.00429200 -0.01090000 0.00256400
v 0.00429200 -0.00990000 0.00256400
v 0.00376500 -0.01090000 0.00329000
v 0.00376500 -0.00990000 0.00329000
v 0.00311700 -0.01090000 0.00390900
v 0.00311700 -0.00990000 0.00390900
v 0.00236900 -0.01090000 0.00440300
v 0.00236900 -0.00990000 0.00440300
v 0.00154500 -0.01090000 0.00475500
v 0.00154500 -0.00990000 0.00475500
v 0.00067100 -0.01090000 0.00495500
v 0.00067100 -0.00990000 0.00495500
v -0.00022400 -0.01090000 0.00499500
v -0.00022400 -0.00990000 0.00499500
v -0.00111300 -0.01090000 0.00487500
v -0.00111300 -0.00990000 0.00487500
v -0.00196500 -0.01090000 0.00459800
v -0.00196500 -0.00990000 0.00459800
v -0.00275400 -0.01090000 0.00417300
v -0.00275400 -0.00990000 0.00417300
v -0.00345500 -0.01090000 0.00361400
v -0.00345500 -0.00990000 0.00361400
v -0.00404500 -0.01090000 0.00293900
v -0.00404500 -0.00990000 0.00293900
v -0.00450500 -0.01090000 0.00216900
v -0.00450500 -0.00990000 0.00216900
v -0.00482000 -0.01090000 0.00133000
v -0.00482000 -0.00990000 0.00133000
v -0.00498000 -0.01090000 0.00044800
v -0.00498000 -0.00990000 0.00044800
v -0.00498000 -0.01090000 -0.00044800
v -0.00498000 -0.00990000 -0.00044800
v -0.00482000 -0.01090000 -0.00133000
v -0.00482000 -0.00990000 -0.00133000
v -0.00450500 -0.01090000 -0.00216900
v -0.00450500 -0.00990000 -0.00216900
v -0.00404500 -0.01090000 -0.00293900
v -0.00404500 -0.00990000 -0.00293900
v -0.00345500 -0.01090000 -0.00361400
v -0.00345500 -0.00990000 -0.00361400
v -0.00275400 -0.01090000 -0.00417300
v -0.00275400 -0.00990000 -0.00417300
v -0.00196500 -0.01090000 -0.00459800
v -0.00196500 -0.00990000 -0.00459800
v -0.00111300 -0.01090000 -0.00487500
v -0.00111300 -0.00990000 -0.00487500
v -0.00022400 -0.01090000 -0.00499500
v -0.00022400 -0.00990000 -0.00499500
v 0.00067100 -0.01090000 -0.00495500
v 0.00067100 -0.00990000 -0.00495500
v 0.00154500 -0.01090000 -0.00475500
v 0.00154500 -0.00990000 -0.00475500
v 0.00236900 -0.01090000 -0.00440300
v 0.00236900 -0.00990000 -0.00440300
v 0.00311700 -0.01090000 -0.00390900
v 0.00311700 -0.00990000 -0.00390900
v 0.00376500 -0.01090000 -0.00329000
v 0.00376500 -0.00990000 -0.00329000
v 0.00429200 -0.01090000 -0.00256400
v 0.00429200 -0.00990000 -0.00256400
v 0.00468100 -0.01090000 -0.00175700
v 0.00468100 -0.00990000 -0.00175700
v 0.00492000 -0.01090000 -0.00089300
v 0.00817000 -0.00620000 -0.00660200
v 0.00817000 -0.01090000 -0.00660200
v 0.00825000 -0.00620000 -0.00620000
v 0.00825000 -0.01090000 -0.00620000
v 0.00817000 -0.00620000 -0.00579800
v 0.00817000 -0.01090000 -0.00579800
v 0.00794200 -0.00620000 -0.00545800
v 0.00794200 -0.01090000 -0.00545800
v 0.00760200 -0.00620000 -0.00523000
v 0.00760200 -0.01090000 -0.00523000
v 0.00720000 -0.00620000 -0.00515000
v 0.00720000 -0.01090000 -0.00515000
v 0.00679800 -0.00620000 -0.00523000
v 0.00679800 -0.01090000 -0.00523000
v 0.00645800 -0.00620000 -0.00545800
v 0.00645800 -0.01090000 -0.00545800
v 0.00623000 -0.00620000 -0.00579800
v 0.00623000 -0.01090000 -0.00579800
v 0.00615000 -0.00620000 -0.00620000
v 0.00615000 -0.01090000 -0.00620000
v 0.00623000 -0.00620000 -0.00660200
v 0.00623000 -0.01090000 -0.00660200
v 0.00645800 -0.00620000 -0.00694200
v 0.00645800 -0.01090000 -0.00694200
v 0.00679800 -0.00620000 -0.00717000
v 0.00679800 -0.01090000 -0.00717000
v 0.00720000 -0.00620000 -0.00725000
v 0.00720000 -0.01090000 -0.00725000
v 0.00760200 -0.00620000 -0.00717000
v 0.00760200 -0.01090000 -0.00717000
v 0.00794200 -0.00620000 -0.00694200
v 0.00794200 -0.01090000 -0.00694200
v 0.00980000 -0.01090000 -0.00380000
v 0.00972400 -0.01090000 -0.00466800
v 0.00949800 -0.01090000 -0.00551000
v 0.00913000 -0.01090000 -0.00630000
v 0.00863000 -0.01090000 -0.00701400
v 0.00801400 -0.01090000 -0.00763000
v 0.00730000 -0.01090000 -0.00813000
v 0.00651000 -0.01090000 -0.00849800
v 0.00566800 -0.01090000 -0.00872400
v 0.00746800 -0.01120000 0.02692500
v 0.00810200 -0.01120000 0.02670300
v 0.00867000 -0.01120000 0.02634600
v 0.00914500 -0.01120000 0.02587000
v 0.00950300 -0.01120000 0.02530200
v 0.00972500 -0.01120000 0.02466800
v 0.00980000 -0.01120000 0.02400000
v 0.00980000 -0.01120000 0.02270000
v -0.00746800 -0.01120000 0.02692500
v -0.00810200 -0.01120000 0.02670300
v -0.00867000 -0.01120000 0.02634600
v -0.00914500 -0.01120000 0.02587000
v -0.00950300 -0.01120000 0.02530200
v -0.00972500 -0.01120000 0.02466800
v -0.00980000 -0.01120000 0.02400000
v -0.00980000 -0.01120000 0.02270000
v -0.00642000 -0.01090000 -0.00853000
v -0.00953000 -0.01090000 -0.00542000
v -0.00973200 -0.01090000 -0.00462100
v -0.00980000 -0.01090000 -0.00380000
v -0.00562100 -0.01090000 -0.00873200
v -0.00980000 -0.00620000 0.01720000
v -0.00980000 -0.00620000 0.00300000
v -0.00980000 -0.00990000 0.01720000
v -0.00980000 -0.00990000 0.00300000
v 0.00730000 -0.01090000 0.00867000
v 0.00651000 -0.01090000 0.00830200
v 0.00566800 -0.01090000 0.00807600
v 0.00480000 -0.01090000 0.00800000
v -0.00480000 -0.01090000 0.00800000
v -0.00566800 -0.01090000 0.00807600
v -0.00651000 -0.01090000 0.00830200
v -0.00730000 -0.01090000 0.00867000
v 0.00980000 -0.01090000 0.01300000
v 0.00972400 -0.01090000 0.01213200
v 0.00949800 -0.01090000 0.01129000
v 0.00913000 -0.01090000 0.01050000
v 0.00863000 -0.01090000 0.00978600
v 0.00801400 -0.01090000 0.00917000
v -0.00801400 -0.01090000 0.00917000
v -0.00863000 -0.01090000 0.00978600
v -0.00913000 -0.01090000 0.01050000
v -0.00949800 -0.01090000 0.01129000
v -0.00972400 -0.01090000 0.01213200
v -0.00980000 -0.01090000 0.01300000
v 0.00980000 -0.01360000 0.02270000
v 0.00980000 -0.01360000 0.01300000
v -0.00980000 -0.01360000 0.02270000
v -0.00980000 -0.01360000 0.01300000
v -0.00480000 -0.01360000 0.00800000
v -0.00566800 -0.01360000 0.00807600
v -0.00651000 -0.01360000 0.00830200
v -0.00730000 -0.01360000 0.00867000
v -0.00801400 -0.01360000 0.00917000
v -0.00863000 -0.01360000 0.00978600
v -0.00913000 -0.01360000 0.01050000
v -0.00949800 -0.01360000 0.01129000
v -0.00972400 -0.01360000 0.01213200
v 0.00480000 -0.01360000 0.00800000
v 0.00972400 -0.01360000 0.01213200
v 0.00949800 -0.01360000 0.01129000
v 0.00913000 -0.01360000 0.01050000
v 0.00863000 -0.01360000 0.00978600
v 0.00801400 -0.01360000 0.00917000
v 0.00730000 -0.01360000 0.00867000
v 0.00651000 -0.01360000 0.00830200
v 0.00566800 -0.01360000 0.00807600
v -0.00763300 0.00990000 -0.00545000
v -0.00676700 0.00990000 -0.00545000
v -0.00806600 0.00990000 -0.00620000
v -0.00633400 0.00990000 -0.00620000
v -0.00763300 0.00990000 -0.00695000
v -0.00676700 0.00990000 -0.00695000
v -0.00763300 0.01090000 -0.00545000
v -0.00806600 0.01090000 -0.00620000
v -0.00763300 0.01090000 -0.00695000
v -0.00676700 0.01090000 -0.00695000
v -0.00633400 0.01090000 -0.00620000
v -0.00676700 0.01090000 -0.00545000
v -0.00859700 0.01090000 -0.00721500
v -0.00892700 0.01090000 -0.00620000
v -0.00859700 0.01090000 -0.00518500
v -0.00773400 0.01090000 -0.00455800
v -0.00666600 0.01090000 -0.00455800
v -0.00580300 0.01090000 -0.00518500
v -0.00547300 0.01090000 -0.00620000
v -0.00580300 0.01090000 -0.00721500
v -0.00666600 0.01090000 -0.00784200
v -0.00773400 0.01090000 -0.00784200
v -0.00902300 0.01080000 -0.00673500
v -0.00902300 0.01080000 -0.00566500
v -0.00844400 0.01080000 -0.00476400
v -0.00747000 0.01080000 -0.00431900
v -0.00641100 0.01080000 -0.00447200
v -0.00560200 0.01080000 -0.00517300
v -0.00530000 0.01080000 -0.00620000
v -0.00560200 0.01080000 -0.00722700
v -0.00844400 0.01080000 -0.00763600
v -0.00747000 0.01080000 -0.00808100
v -0.00641100 0.01080000 -0.00792800
v -0.00530000 0.00890000 -0.00620000
v -0.00560200 0.00890000 -0.00722700
v -0.00641100 0.00890000 -0.00792800
v -0.00747000 0.00890000 -0.00808100
v -0.00844400 0.00890000 -0.00763600
v -0.00902300 0.00890000 -0.00673500
v -0.00902300 0.00890000 -0.00566500
v -0.00844400 0.00890000 -0.00476400
v -0.00747000 0.00890000 -0.00431900
v -0.00641100 0.00890000 -0.00447200
v -0.00560200 0.00890000 -0.00517300
v -0.00620000 0.00090000 -0.00620000
v -0.00643400 0.00090000 -0.00555700
v -0.00643400 0.00090000 -0.00684300
v -0.00702600 0.00090000 -0.00521500
v -0.00702600 0.00090000 -0.00718500
v -0.00770000 0.00090000 -0.00533400
v -0.00770000 0.00090000 -0.00706600
v -0.00814000 0.00090000 -0.00585800
v -0.00814000 0.00090000 -0.00654200
v -0.00620000 0.00890000 -0.00620000
v -0.00643400 0.00890000 -0.00555700
v -0.00702600 0.00890000 -0.00521500
v -0.00770000 0.00890000 -0.00533400
v -0.00814000 0.00890000 -0.00585800
v -0.00814000 0.00890000 -0.00654200
v -0.00770000 0.00890000 -0.00706600
v -0.00702600 0.00890000 -0.00718500
v -0.00643400 0.00890000 -0.00684300
v -0.00763300 -0.00990000 -0.00695000
v -0.00676700 -0.00990000 -0.00695000
v -0.00806600 -0.00990000 -0.00620000
v -0.00633400 -0.00990000 -0.00620000
v -0.00763300 -0.00990000 -0.00545000
v -0.00676700 -0.00990000 -0.00545000
v -0.00763300 -0.01090000 -0.00695000
v -0.00806600 -0.01090000 -0.00620000
v -0.00763300 -0.01090000 -0.00545000
v -0.00676700 -0.01090000 -0.00545000
v -0.00633400 -0.01090000 -0.00620000
v -0.00676700 -0.01090000 -0.00695000
v -0.00859700 -0.01090000 -0.00518500
v -0.00892700 -0.01090000 -0.00620000
v -0.00859700 -0.01090000 -0.00721500
v -0.00773400 -0.01090000 -0.00784200
v -0.00666600 -0.01090000 -0.00784200
v -0.00580300 -0.01090000 -0.00721500
v -0.00547300 -0.01090000 -0.00620000
v -0.00580300 -0.01090000 -0.00518500
v -0.00666600 -0.01090000 -0.00455800
v -0.00773400 -0.01090000 -0.00455800
v -0.00902300 -0.01080000 -0.00566500
v -0.00902300 -0.01080000 -0.00673500
v -0.00844400 -0.01080000 -0.00763600
v -0.00747000 -0.01080000 -0.00808100
v -0.00641100 -0.01080000 -0.00792800
v -0.00560200 -0.01080000 -0.00722700
v -0.00530000 -0.01080000 -0.00620000
v -0.00560200 -0.01080000 -0.00517300
v -0.00844400 -0.01080000 -0.00476400
v -0.00747000 -0.01080000 -0.00431900
v -0.00641100 -0.01080000 -0.00447200
v -0.00530000 -0.00890000 -0.00620000
v -0.00560200 -0.00890000 -0.00517300
v -0.00641100 -0.00890000 -0.00447200
v -0.00747000 -0.00890000 -0.00431900
v -0.00844400 -0.00890000 -0.00476400
v -0.00902300 -0.00890000 -0.00566500
v -0.00902300 -0.00890000 -0.00673500
v -0.00844400 -0.00890000 -0.00763600
v -0.00747000 -0.00890000 -0.00808100
v -0.00641100 -0.00890000 -0.00792800
v -0.00560200 -0.00890000 -0.00722700
v -0.00620000 -0.00090000 -0.00620000
v -0.00643400 -0.00090000 -0.00684300
v -0.00643400 -0.00090000 -0.00555700
v -0.00702600 -0.00090000 -0.00718500
v -0.00702600 -0.00090000 -0.00521500
v -0.00770000 -0.00090000 -0.00706600
v -0.00770000 -0.00090000 -0.00533400
v -0.00814000 -0.00090000 -0.00654200
v -0.00814000 -0.00090000 -0.00585800
v -0.00620000 -0.00890000 -0.00620000
v -0.00643400 -0.00890000 -0.00684300
v -0.00702600 -0.00890000 -0.00718500
v -0.00770000 -0.00890000 -0.00706600
v -0.00814000 -0.00890000 -0.00654200
v -0.00814000 -0.00890000 -0.00585800
v -0.00770000 -0.00890000 -0.00533400
v -0.00702600 -0.00890000 -0.00521500
v -0.00643400 -0.00890000 -0.00555700
v -0.00940000 -0.01435000 0.00870000
v -0.00940000 -0.01435000 0.00166400
v -0.00940000 -0.01385000 0.00870000
v -0.00940000 -0.01385000 0.00166400
v -0.00931400 -0.01385000 0.01000500
v -0.00931400 -0.01435000 0.01000500
v -0.00905900 -0.01385000 0.01128800
v -0.00905900 -0.01435000 0.01128800
v -0.00863900 -0.01385000 0.01252700
v -0.00863900 -0.01435000 0.01252700
v -0.00806000 -0.01385000 0.01370000
v -0.00806000 -0.01435000 0.01370000
v -0.00733400 -0.01385000 0.01478800
v -0.00733400 -0.01435000 0.01478800
v -0.00647100 -0.01385000 0.01577100
v -0.00647100 -0.01435000 0.01577100
v -0.00548800 -0.01385000 0.01663400
v -0.00548800 -0.01435000 0.01663400
v -0.00440000 -0.01385000 0.01736000
v -0.00440000 -0.01435000 0.01736000
v -0.00322700 -0.01385000 0.01793900
v -0.00322700 -0.01435000 0.01793900
v -0.00198800 -0.01385000 0.01835900
v -0.00198800 -0.01435000 0.01835900
v -0.00070500 -0.01385000 0.01861400
v -0.00070500 -0.01435000 0.01861400
v 0.00060000 -0.01435000 0.01870000
v 0.00060000 -0.01385000 0.01870000
v 0.00550000 -0.01435000 0.01870000
v 0.00550000 -0.01385000 0.01870000
v 0.00596400 -0.01435000 0.01877300
v 0.00596400 -0.01385000 0.01877300
v 0.00638200 -0.01385000 0.01898600
v 0.00638200 -0.01435000 0.01898600
v 0.00671400 -0.01385000 0.01931800
v 0.00671400 -0.01435000 0.01931800
v 0.00692700 -0.01385000 0.01973600
v 0.00692700 -0.01435000 0.01973600
v 0.00700000 -0.01385000 0.02020000
v 0.00700000 -0.01435000 0.02020000
v 0.00700000 -0.01385000 0.02160000
v 0.00700000 -0.01435000 0.02160000
v 0.00550000 -0.01385000 0.02310000
v 0.00550000 -0.01435000 0.02310000
v 0.00596400 -0.01385000 0.02302700
v 0.00596400 -0.01435000 0.02302700
v 0.00638200 -0.01435000 0.02281400
v 0.00638200 -0.01385000 0.02281400
v 0.00671400 -0.01435000 0.02248200
v 0.00671400 -0.01385000 0.02248200
v 0.00692700 -0.01435000 0.02206400
v 0.00692700 -0.01385000 0.02206400
v -0.00780000 -0.01385000 0.02310000
v -0.00780000 -0.01435000 0.02310000
v -0.00831800 -0.01435000 0.02303200
v -0.00831800 -0.01385000 0.02303200
v -0.00880000 -0.01385000 0.02283200
v -0.00880000 -0.01435000 0.02283200
v -0.00921400 -0.01385000 0.02251400
v -0.00921400 -0.01435000 0.02251400
v -0.00953200 -0.01385000 0.02210000
v -0.00953200 -0.01435000 0.02210000
v -0.00973200 -0.01385000 0.02161800
v -0.00973200 -0.01435000 0.02161800
v -0.00980000 -0.01385000 0.02110000
v -0.00980000 -0.01435000 0.02110000
v -0.00980000 -0.01435000 0.01880000
v -0.00980000 -0.01385000 0.01880000
v -0.00986800 -0.01385000 0.01828200
v -0.00986800 -0.01435000 0.01828200
v -0.01006800 -0.01385000 0.01780000
v -0.01006800 -0.01435000 0.01780000
v -0.01038600 -0.01385000 0.01738600
v -0.01038600 -0.01435000 0.01738600
v -0.01080000 -0.01385000 0.01706800
v -0.01080000 -0.01435000 0.01706800
v -0.01128200 -0.01385000 0.01686800
v -0.01128200 -0.01435000 0.01686800
v -0.01180000 -0.01435000 0.01680000
v -0.01180000 -0.01385000 0.01680000
v -0.01090000 -0.01435000 -0.00400000
v -0.01190000 -0.01435000 -0.00700000
v -0.01090000 -0.01385000 -0.00400000
v -0.01190000 -0.01385000 -0.00700000
v -0.01090000 -0.01385000 -0.00300000
v -0.01090000 -0.01435000 -0.00300000
v -0.01083800 -0.01385000 -0.00200700
v -0.01083800 -0.01435000 -0.00200700
v -0.01065300 -0.01385000 -0.00102900
v -0.01065300 -0.01435000 -0.00102900
v -0.01034900 -0.01385000 -0.00008200
v -0.01034900 -0.01435000 -0.00008200
v -0.00992900 -0.01435000 0.00082100
v -0.00992900 -0.01385000 0.00082100
v -0.00442100 -0.01385000 0.01988400
v -0.00442100 -0.01435000 0.01988400
v -0.00400000 -0.01385000 0.01980000
v -0.00400000 -0.01435000 0.01980000
v -0.00357900 -0.01385000 0.01988400
v -0.00357900 -0.01435000 0.01988400
v -0.00322200 -0.01385000 0.02012200
v -0.00322200 -0.01435000 0.02012200
v -0.00298400 -0.01385000 0.02047900
v -0.00298400 -0.01435000 0.02047900
v -0.00290000 -0.01385000 0.02090000
v -0.00290000 -0.01435000 0.02090000
v -0.00298400 -0.01385000 0.02132100
v -0.00298400 -0.01435000 0.02132100
v -0.00322200 -0.01385000 0.02167800
v -0.00322200 -0.01435000 0.02167800
v -0.00357900 -0.01385000 0.02191600
v -0.00357900 -0.01435000 0.02191600
v -0.00400000 -0.01385000 0.02200000
v -0.00400000 -0.01435000 0.02200000
v -0.00442100 -0.01385000 0.02191600
v -0.00442100 -0.01435000 0.02191600
v -0.00477800 -0.01385000 0.02167800
v -0.00477800 -0.01435000 0.02167800
v -0.00501600 -0.01385000 0.02132100
v -0.00501600 -0.01435000 0.02132100
v -0.00510000 -0.01385000 0.02090000
v -0.00510000 -0.01435000 0.02090000
v -0.00501600 -0.01385000 0.02047900
v -0.00501600 -0.01435000 0.02047900
v -0.00477800 -0.01385000 0.02012200
v -0.00477800 -0.01435000 0.02012200
v 0.00357900 -0.01385000 0.01988400
v 0.00357900 -0.01435000 0.01988400
v 0.00400000 -0.01385000 0.01980000
v 0.00400000 -0.01435000 0.01980000
v 0.00442100 -0.01385000 0.01988400
v 0.00442100 -0.01435000 0.01988400
v 0.00477800 -0.01385000 0.02012200
v 0.00477800 -0.01435000 0.02012200
v 0.00501600 -0.01385000 0.02047900
v 0.00501600 -0.01435000 0.02047900
v 0.00510000 -0.01385000 0.02090000
v 0.00510000 -0.01435000 0.02090000
v 0.00501600 -0.01385000 0.02132100
v 0.00501600 -0.01435000 0.02132100
v 0.00477800 -0.01385000 0.02167800
v 0.00477800 -0.01435000 0.02167800
v 0.00442100 -0.01385000 0.02191600
v 0.00442100 -0.01435000 0.02191600
v 0.00400000 -0.01385000 0.02200000
v 0.00400000 -0.01435000 0.02200000
v 0.00357900 -0.01385000 0.02191600
v 0.00357900 -0.01435000 0.02191600
v 0.00322200 -0.01385000 0.02167800
v 0.00322200 -0.01435000 0.02167800
v 0.00298400 -0.01385000 0.02132100
v 0.00298400 -0.01435000 0.02132100
v 0.00290000 -0.01385000 0.02090000
v 0.00290000 -0.01435000 0.02090000
v 0.00298400 -0.01385000 0.02047900
v 0.00298400 -0.01435000 0.02047900
v 0.00322200 -0.01385000 0.02012200
v 0.00322200 -0.01435000 0.02012200
v -0.01090000 0.01365000 -0.00300000
v -0.01090000 0.01365000 -0.00400000
v -0.01090000 0.01415000 -0.00300000
v -0.01090000 0.01415000 -0.00400000
v -0.01190000 0.01365000 -0.00700000
v -0.01190000 0.01415000 -0.00700000
v -0.00980000 0.01415000 0.01880000
v -0.00986800 0.01415000 0.01828200
v -0.00980000 0.01365000 0.01880000
v -0.00986800 0.01365000 0.01828200
v -0.01006800 0.01415000 0.01780000
v -0.01006800 0.01365000 0.01780000
v -0.01038600 0.01415000 0.01738600
v -0.01038600 0.01365000 0.01738600
v -0.01080000 0.01415000 0.01706800
v -0.01080000 0.01365000 0.01706800
v -0.01128200 0.01415000 0.01686800
v -0.01128200 0.01365000 0.01686800
v -0.01180000 0.01365000 0.01680000
v -0.01180000 0.01415000 0.01680000
v -0.00980000 0.01365000 0.02110000
v -0.00980000 0.01415000 0.02110000
v -0.00780000 0.01365000 0.02310000
v -0.00780000 0.01415000 0.02310000
v -0.00831800 0.01365000 0.02303200
v -0.00831800 0.01415000 0.02303200
v -0.00880000 0.01415000 0.02283200
v -0.00880000 0.01365000 0.02283200
v -0.00921400 0.01415000 0.02251400
v -0.00921400 0.01365000 0.02251400
v -0.00953200 0.01415000 0.02210000
v -0.00953200 0.01365000 0.02210000
v -0.00973200 0.01415000 0.02161800
v -0.00973200 0.01365000 0.02161800
v 0.00550000 0.01415000 0.02310000
v 0.00550000 0.01365000 0.02310000
v 0.00596400 0.01415000 0.02302700
v 0.00596400 0.01365000 0.02302700
v 0.00638200 0.01365000 0.02281400
v 0.00638200 0.01415000 0.02281400
v 0.00671400 0.01365000 0.02248200
v 0.00671400 0.01415000 0.02248200
v 0.00692700 0.01365000 0.02206400
v 0.00692700 0.01415000 0.02206400
v 0.00700000 0.01365000 0.02160000
v 0.00700000 0.01415000 0.02160000
v 0.00700000 0.01415000 0.02020000
v 0.00700000 0.01365000 0.02020000
v 0.00550000 0.01365000 0.01870000
v 0.00550000 0.01415000 0.01870000
v 0.00596400 0.01365000 0.01877300
v 0.00596400 0.01415000 0.01877300
v 0.00638200 0.01415000 0.01898600
v 0.00638200 0.01365000 0.01898600
v 0.00671400 0.01415000 0.01931800
v 0.00671400 0.01365000 0.01931800
v 0.00692700 0.01415000 0.01973600
v 0.00692700 0.01365000 0.01973600
v 0.00060000 0.01365000 0.01870000
v 0.00060000 0.01415000 0.01870000
v -0.00070500 0.01415000 0.01861400
v -0.00070500 0.01365000 0.01861400
v -0.00198800 0.01365000 0.01835900
v -0.00198800 0.01415000 0.01835900
v -0.00322700 0.01365000 0.01793900
v -0.00322700 0.01415000 0.01793900
v -0.00440000 0.01365000 0.01736000
v -0.00440000 0.01415000 0.01736000
v -0.00548800 0.01365000 0.01663400
v -0.00548800 0.01415000 0.01663400
v -0.00647100 0.01365000 0.01577100
v -0.00647100 0.01415000 0.01577100
v -0.00733400 0.01365000 0.01478800
v -0.00733400 0.01415000 0.01478800
v -0.00806000 0.01365000 0.01370000
v -0.00806000 0.01415000 0.01370000
v -0.00863900 0.01365000 0.01252700
v -0.00863900 0.01415000 0.01252700
v -0.00905900 0.01365000 0.01128800
v -0.00905900 0.01415000 0.01128800
v -0.00931400 0.01365000 0.01000500
v -0.00931400 0.01415000 0.01000500
v -0.00940000 0.01365000 0.00870000
v -0.00940000 0.01415000 0.00870000
v -0.00940000 0.01365000 0.00166400
v -0.00940000 0.01415000 0.00166400
v -0.00992900 0.01415000 0.00082100
v -0.00992900 0.01365000 0.00082100
v -0.01034900 0.01415000 -0.00008200
v -0.01034900 0.01365000 -0.00008200
v -0.01065300 0.01365000 -0.00102900
v -0.01065300 0.01415000 -0.00102900
v -0.01083800 0.01365000 -0.00200700
v -0.01083800 0.01415000 -0.00200700
v -0.00357900 0.01365000 0.01988400
v -0.00357900 0.01415000 0.01988400
v -0.00400000 0.01365000 0.01980000
v -0.00400000 0.01415000 0.01980000
v -0.00442100 0.01365000 0.01988400
v -0.00442100 0.01415000 0.01988400
v -0.00477800 0.01365000 0.02012200
v -0.00477800 0.01415000 0.02012200
v -0.00501600 0.01365000 0.02047900
v -0.00501600 0.01415000 0.02047900
v -0.00510000 0.01365000 0.02090000
v -0.00510000 0.01415000 0.02090000
v -0.00501600 0.01365000 0.02132100
v -0.00501600 0.01415000 0.02132100
v -0.00477800 0.01365000 0.02167800
v -0.00477800 0.01415000 0.02167800
v -0.00442100 0.01365000 0.02191600
v -0.00442100 0.01415000 0.02191600
v -0.00400000 0.01365000 0.02200000
v -0.00400000 0.01415000 0.02200000
v -0.00357900 0.01365000 0.02191600
v -0.00357900 0.01415000 0.02191600
v -0.00322200 0.01365000 0.02167800
v -0.00322200 0.01415000 0.02167800
v -0.00298400 0.01365000 0.02132100
v -0.00298400 0.01415000 0.02132100
v -0.00290000 0.01365000 0.02090000
v -0.00290000 0.01415000 0.02090000
v -0.00298400 0.01365000 0.02047900
v -0.00298400 0.01415000 0.02047900
v -0.00322200 0.01365000 0.02012200
v -0.00322200 0.01415000 0.02012200
v 0.00442100 0.01365000 0.01988400
v 0.00442100 0.01415000 0.01988400
v 0.00400000 0.01365000 0.01980000
v 0.00400000 0.01415000 0.01980000
v 0.00357900 0.01365000 0.01988400
v 0.00357900 0.01415000 0.01988400
v 0.00322200 0.01365000 0.02012200
v 0.00322200 0.01415000 0.02012200
v 0.00298400 0.01365000 0.02047900
v 0.00298400 0.01415000 0.02047900
v 0.00290000 0.01365000 0.02090000
v 0.00290000 0.01415000 0.02090000
v 0.00298400 0.01365000 0.02132100
v 0.00298400 0.01415000 0.02132100
v 0.00322200 0.01365000 0.02167800
v 0.00322200 0.01415000 0.02167800
v 0.00357900 0.01365000 0.02191600
v 0.00357900 0.01415000 0.02191600
v 0.00400000 0.01365000 0.02200000
v 0.00400000 0.01415000 0.02200000
v 0.00442100 0.01365000 0.02191600
v 0.00442100 0.01415000 0.02191600
v 0.00477800 0.01365000 0.02167800
v 0.00477800 0.01415000 0.02167800
v 0.00501600 0.01365000 0.02132100
v 0.00501600 0.01415000 0.02132100
v 0.00510000 0.01365000 0.02090000
v 0.00510000 0.01415000 0.02090000
v 0.00501600 0.01365000 0.02047900
v 0.00501600 0.01415000 0.02047900
v 0.00477800 0.01365000 0.02012200
v 0.00477800 0.01415000 0.02012200
v -0.01420000 0.01365000 -0.00700000
v -0.01420000 0.01365000 0.01680000
v -0.01420000 -0.01385000 -0.00700000
v -0.01420000 -0.01385000 0.01680000
v -0.01420000 -0.01435000 -0.00700000
v -0.01420000 -0.01435000 0.01680000
v -0.01420000 0.01415000 0.01680000
v -0.01420000 0.01415000 -0.00700000
v -0.01470000 0.01365000 0.01680000
v -0.01463300 0.01390000 0.01680000
v -0.01470000 0.01365000 -0.00700000
v -0.01463300 0.01390000 -0.00700000
v -0.01445000 0.01408300 0.01680000
v -0.01445000 0.01408300 -0.00700000
v -0.01445000 -0.01428300 -0.00700000
v -0.01463300 -0.01410000 -0.00700000
v -0.01470000 -0.01385000 -0.00700000
v -0.01445000 -0.01428300 0.01680000
v -0.01463300 -0.01410000 0.01680000
v -0.01470000 -0.01385000 0.01680000
v -0.00363400 0.01435000 0.02011500
v -0.00449700 0.01435000 0.02019100
v -0.00313700 0.01435000 0.02082400
v -0.00486300 0.01435000 0.02097600
v -0.00350300 0.01435000 0.02160900
v -0.00436600 0.01435000 0.02168500
v -0.00436600 0.01521700 0.02168500
v -0.00453100 0.01525500 0.02144900
v -0.00469800 0.01525500 0.02121100
v -0.00486300 0.01521700 0.02097600
v -0.00474100 0.01525500 0.02071500
v -0.00461800 0.01525500 0.02045200
v -0.00449700 0.01521700 0.02019100
v -0.00313700 0.01521700 0.02082400
v -0.00330200 0.01525500 0.02058900
v -0.00346900 0.01525500 0.02035100
v -0.00363400 0.01521700 0.02011500
v -0.00325900 0.01525500 0.02108500
v -0.00338200 0.01525500 0.02134800
v -0.00350300 0.01521700 0.02160900
v -0.00407900 0.01525500 0.02166000
v -0.00379000 0.01525500 0.02163400
v -0.00392100 0.01525500 0.02014000
v -0.00421000 0.01525500 0.02016600
v -0.00582400 0.01434500 0.02021000
v -0.00594300 0.01434500 0.02107000
v -0.00537700 0.01493400 0.02102000
v -0.00567600 0.01434500 0.02189600
v -0.00519400 0.01478900 0.02190800
v -0.00507800 0.01434500 0.02252500
v -0.00419900 0.01465800 0.02258600
v -0.00426700 0.01434500 0.02283200
v -0.00340200 0.01434500 0.02275600
v -0.00351100 0.01465800 0.02252600
v -0.00265600 0.01434500 0.02231300
v -0.00265000 0.01478900 0.02168500
v -0.00217600 0.01434500 0.02159000
v -0.00262300 0.01493400 0.02078000
v -0.00205700 0.01434500 0.02073000
v -0.00232400 0.01434500 0.01990400
v -0.00280600 0.01478900 0.01989200
v -0.00292200 0.01434500 0.01927500
v -0.00306100 0.01494800 0.01991500
v -0.00380100 0.01465800 0.01921400
v -0.00362900 0.01515600 0.01996400
v -0.00452800 0.01515600 0.02004300
v -0.00535000 0.01478900 0.02011500
v -0.00373300 0.01434500 0.01896800
v -0.00459800 0.01434500 0.01904400
v -0.00448900 0.01465800 0.01927400
v -0.00534400 0.01434500 0.01948700
v -0.00347200 0.01515600 0.02175700
v -0.00437100 0.01515600 0.02183600
v -0.00582400 0.01415000 0.02021000
v -0.00594300 0.01415000 0.02107000
v -0.00567600 0.01415000 0.02189600
v -0.00507800 0.01415000 0.02252500
v -0.00426700 0.01415000 0.02283200
v -0.00340200 0.01415000 0.02275600
v -0.00265600 0.01415000 0.02231300
v -0.00217600 0.01415000 0.02159000
v -0.00205700 0.01415000 0.02073000
v -0.00232400 0.01415000 0.01990400
v -0.00292200 0.01415000 0.01927500
v -0.00373300 0.01415000 0.01896800
v -0.00459800 0.01415000 0.01904400
v -0.00534400 0.01415000 0.01948700
v -0.00485700 0.01115000 0.02038500
v -0.00324500 0.01115000 0.02024400
v -0.00499600 0.01115000 0.02098700
v -0.00300400 0.01115000 0.02081300
v -0.00475500 0.01115000 0.02155600
v -0.00314300 0.01115000 0.02141500
v -0.00422500 0.01115000 0.02187400
v -0.00360900 0.01115000 0.02182000
v -0.00439100 0.01115000 0.01998000
v -0.00377500 0.01115000 0.01992600
v -0.00499600 0.01415000 0.02098700
v -0.00485700 0.01415000 0.02038500
v -0.00439100 0.01415000 0.01998000
v -0.00377500 0.01415000 0.01992600
v -0.00324500 0.01415000 0.02024400
v -0.00300400 0.01415000 0.02081300
v -0.00314300 0.01415000 0.02141500
v -0.00360900 0.01415000 0.02182000
v -0.00422500 0.01415000 0.02187400
v -0.00475500 0.01415000 0.02155600
v 0.00436600 0.01435000 0.02011500
v 0.00350300 0.01435000 0.02019100
v 0.00486300 0.01435000 0.02082400
v 0.00313700 0.01435000 0.02097600
v 0.00449700 0.01435000 0.02160900
v 0.00363400 0.01435000 0.02168500
v 0.00363400 0.01521700 0.02168500
v 0.00346900 0.01525500 0.02144900
v 0.00330200 0.01525500 0.02121100
v 0.00313700 0.01521700 0.02097600
v 0.00325900 0.01525500 0.02071500
v 0.00338200 0.01525500 0.02045200
v 0.00350300 0.01521700 0.02019100
v 0.00486300 0.01521700 0.02082400
v 0.00469800 0.01525500 0.02058900
v 0.00453100 0.01525500 0.02035100
v 0.00436600 0.01521700 0.02011500
v 0.00474100 0.01525500 0.02108500
v 0.00461800 0.01525500 0.02134800
v 0.00449700 0.01521700 0.02160900
v 0.00392100 0.01525500 0.02166000
v 0.00421000 0.01525500 0.02163400
v 0.00407900 0.01525500 0.02014000
v 0.00379000 0.01525500 0.02016600
v 0.00217600 0.01434500 0.02021000
v 0.00205700 0.01434500 0.02107000
v 0.00262300 0.01493400 0.02102000
v 0.00232400 0.01434500 0.02189600
v 0.00280600 0.01478900 0.02190800
v 0.00292200 0.01434500 0.02252500
v 0.00380100 0.01465800 0.02258600
v 0.00373300 0.01434500 0.02283200
v 0.00459800 0.01434500 0.02275600
v 0.00448900 0.01465800 0.02252600
v 0.00534400 0.01434500 0.02231300
v 0.00535000 0.01478900 0.02168500
v 0.00582400 0.01434500 0.02159000
v 0.00537700 0.01493400 0.02078000
v 0.00594300 0.01434500 0.02073000
v 0.00567600 0.01434500 0.01990400
v 0.00519400 0.01478900 0.01989200
v 0.00507800 0.01434500 0.01927500
v 0.00493900 0.01494800 0.01991500
v 0.00419900 0.01465800 0.01921400
v 0.00437100 0.01515600 0.01996400
v 0.00347200 0.01515600 0.02004300
v 0.00265000 0.01478900 0.02011500
v 0.00426700 0.01434500 0.01896800
v 0.00340200 0.01434500 0.01904400
v 0.00351100 0.01465800 0.01927400
v 0.00265600 0.01434500 0.01948700
v 0.00452800 0.01515600 0.02175700
v 0.00362900 0.01515600 0.02183600
v 0.00217600 0.01415000 0.02021000
v 0.00205700 0.01415000 0.02107000
v 0.00232400 0.01415000 0.02189600
v 0.00292200 0.01415000 0.02252500
v 0.00373300 0.01415000 0.02283200
v 0.00459800 0.01415000 0.02275600
v 0.00534400 0.01415000 0.02231300
v 0.00582400 0.01415000 0.02159000
v 0.00594300 0.01415000 0.02073000
v 0.00567600 0.01415000 0.01990400
v 0.00507800 0.01415000 0.01927500
v 0.00426700 0.01415000 0.01896800
v 0.00340200 0.01415000 0.01904400
v 0.00265600 0.01415000 0.01948700
v 0.00314300 0.01115000 0.02038500
v 0.00475500 0.01115000 0.02024400
v 0.00300400 0.01115000 0.02098700
v 0.00499600 0.01115000 0.02081300
v 0.00324500 0.01115000 0.02155600
v 0.00485700 0.01115000 0.02141500
v 0.00377500 0.01115000 0.02187400
v 0.00439100 0.01115000 0.02182000
v 0.00360900 0.01115000 0.01998000
v 0.00422500 0.01115000 0.01992600
v 0.00300400 0.01415000 0.02098700
v 0.00314300 0.01415000 0.02038500
v 0.00360900 0.01415000 0.01998000
v 0.00422500 0.01415000 0.01992600
v 0.00475500 0.01415000 0.02024400
v 0.00499600 0.01415000 0.02081300
v 0.00485700 0.01415000 0.02141500
v 0.00439100 0.01415000 0.02182000
v 0.00377500 0.01415000 0.02187400
v 0.00324500 0.01415000 0.02155600
v 0.00449700 -0.01455000 0.02160900
v 0.00363400 -0.01455000 0.02168500
v 0.00486300 -0.01455000 0.02082400
v 0.00313700 -0.01455000 0.02097600
v 0.00436600 -0.01455000 0.02011500
v 0.00350300 -0.01455000 0.02019100
v 0.00350300 -0.01541700 0.02019100
v 0.00338200 -0.01545500 0.02045200
v 0.00325900 -0.01545500 0.02071500
v 0.00313700 -0.01541700 0.02097600
v 0.00330200 -0.01545500 0.02121100
v 0.00346900 -0.01545500 0.02144900
v 0.00363400 -0.01541700 0.02168500
v 0.00486300 -0.01541700 0.02082400
v 0.00474100 -0.01545500 0.02108500
v 0.00461800 -0.01545500 0.02134800
v 0.00449700 -0.01541700 0.02160900
v 0.00469800 -0.01545500 0.02058900
v 0.00453100 -0.01545500 0.02035100
v 0.00436600 -0.01541700 0.02011500
v 0.00379000 -0.01545500 0.02016600
v 0.00407900 -0.01545500 0.02014000
v 0.00421000 -0.01545500 0.02163400
v 0.00392100 -0.01545500 0.02166000
v 0.00232400 -0.01454500 0.02189600
v 0.00205700 -0.01454500 0.02107000
v 0.00262300 -0.01513400 0.02102000
v 0.00217600 -0.01454500 0.02021000
v 0.00265000 -0.01498900 0.02011500
v 0.00265600 -0.01454500 0.01948700
v 0.00351100 -0.01485800 0.01927400
v 0.00340200 -0.01454500 0.01904400
v 0.00426700 -0.01454500 0.01896800
v 0.00419900 -0.01485800 0.01921400
v 0.00507800 -0.01454500 0.01927500
v 0.00519400 -0.01498900 0.01989200
v 0.00567600 -0.01454500 0.01990400
v 0.00537700 -0.01513400 0.02078000
v 0.00594300 -0.01454500 0.02073000
v 0.00582400 -0.01454500 0.02159000
v 0.00535000 -0.01498900 0.02168500
v 0.00534400 -0.01454500 0.02231300
v 0.00509600 -0.01514800 0.02170700
v 0.00448900 -0.01485800 0.02252600
v 0.00452800 -0.01535600 0.02175700
v 0.00362900 -0.01535600 0.02183600
v 0.00280600 -0.01498900 0.02190800
v 0.00459800 -0.01454500 0.02275600
v 0.00373300 -0.01454500 0.02283200
v 0.00380100 -0.01485800 0.02258600
v 0.00292200 -0.01454500 0.02252500
v 0.00437100 -0.01535600 0.01996400
v 0.00347200 -0.01535600 0.02004300
v 0.00232400 -0.01435000 0.02189600
v 0.00205700 -0.01435000 0.02107000
v 0.00217600 -0.01435000 0.02021000
v 0.00265600 -0.01435000 0.01948700
v 0.00340200 -0.01435000 0.01904400
v 0.00426700 -0.01435000 0.01896800
v 0.00507800 -0.01435000 0.01927500
v 0.00567600 -0.01435000 0.01990400
v 0.00594300 -0.01435000 0.02073000
v 0.00582400 -0.01435000 0.02159000
v 0.00534400 -0.01435000 0.02231300
v 0.00459800 -0.01435000 0.02275600
v 0.00373300 -0.01435000 0.02283200
v 0.00292200 -0.01435000 0.02252500
v 0.00324500 -0.01135000 0.02155600
v 0.00485700 -0.01135000 0.02141500
v 0.00300400 -0.01135000 0.02098700
v 0.00499600 -0.01135000 0.02081300
v 0.00314300 -0.01135000 0.02038500
v 0.00475500 -0.01135000 0.02024400
v 0.00360900 -0.01135000 0.01998000
v 0.00422500 -0.01135000 0.01992600
v 0.00377500 -0.01135000 0.02187400
v 0.00439100 -0.01135000 0.02182000
v 0.00300400 -0.01435000 0.02098700
v 0.00324500 -0.01435000 0.02155600
v 0.00377500 -0.01435000 0.02187400
v 0.00439100 -0.01435000 0.02182000
v 0.00485700 -0.01435000 0.02141500
v 0.00499600 -0.01435000 0.02081300
v 0.00475500 -0.01435000 0.02024400
v 0.00422500 -0.01435000 0.01992600
v 0.00360900 -0.01435000 0.01998000
v 0.00314300 -0.01435000 0.02038500
v -0.00350300 -0.01455000 0.02160900
v -0.00436600 -0.01455000 0.02168500
v -0.00313700 -0.01455000 0.02082400
v -0.00486300 -0.01455000 0.02097600
v -0.00363400 -0.01455000 0.02011500
v -0.00449700 -0.01455000 0.02019100
v -0.00449700 -0.01541700 0.02019100
v -0.00461800 -0.01545500 0.02045200
v -0.00474100 -0.01545500 0.02071500
v -0.00486300 -0.01541700 0.02097600
v -0.00469800 -0.01545500 0.02121100
v -0.00453100 -0.01545500 0.02144900
v -0.00436600 -0.01541700 0.02168500
v -0.00313700 -0.01541700 0.02082400
v -0.00325900 -0.01545500 0.02108500
v -0.00338200 -0.01545500 0.02134800
v -0.00350300 -0.01541700 0.02160900
v -0.00330200 -0.01545500 0.02058900
v -0.00346900 -0.01545500 0.02035100
v -0.00363400 -0.01541700 0.02011500
v -0.00421000 -0.01545500 0.02016600
v -0.00392100 -0.01545500 0.02014000
v -0.00379000 -0.01545500 0.02163400
v -0.00407900 -0.01545500 0.02166000
v -0.00567600 -0.01454500 0.02189600
v -0.00594300 -0.01454500 0.02107000
v -0.00537700 -0.01513400 0.02102000
v -0.00582400 -0.01454500 0.02021000
v -0.00535000 -0.01498900 0.02011500
v -0.00534400 -0.01454500 0.01948700
v -0.00448900 -0.01485800 0.01927400
v -0.00459800 -0.01454500 0.01904400
v -0.00373300 -0.01454500 0.01896800
v -0.00380100 -0.01485800 0.01921400
v -0.00292200 -0.01454500 0.01927500
v -0.00280600 -0.01498900 0.01989200
v -0.00232400 -0.01454500 0.01990400
v -0.00262300 -0.01513400 0.02078000
v -0.00205700 -0.01454500 0.02073000
v -0.00217600 -0.01454500 0.02159000
v -0.00265000 -0.01498900 0.02168500
v -0.00265600 -0.01454500 0.02231300
v -0.00290400 -0.01514800 0.02170700
v -0.00351100 -0.01485800 0.02252600
v -0.00347200 -0.01535600 0.02175700
v -0.00437100 -0.01535600 0.02183600
v -0.00519400 -0.01498900 0.02190800
v -0.00340200 -0.01454500 0.02275600
v -0.00426700 -0.01454500 0.02283200
v -0.00419900 -0.01485800 0.02258600
v -0.00507800 -0.01454500 0.02252500
v -0.00362900 -0.01535600 0.01996400
v -0.00452800 -0.01535600 0.02004300
v -0.00567600 -0.01435000 0.02189600
v -0.00594300 -0.01435000 0.02107000
v -0.00582400 -0.01435000 0.02021000
v -0.00534400 -0.01435000 0.01948700
v -0.00459800 -0.01435000 0.01904400
v -0.00373300 -0.01435000 0.01896800
v -0.00292200 -0.01435000 0.01927500
v -0.00232400 -0.01435000 0.01990400
v -0.00205700 -0.01435000 0.02073000
v -0.00217600 -0.01435000 0.02159000
v -0.00265600 -0.01435000 0.02231300
v -0.00340200 -0.01435000 0.02275600
v -0.00426700 -0.01435000 0.02283200
v -0.00507800 -0.01435000 0.02252500
v -0.00475500 -0.01135000 0.02155600
v -0.00314300 -0.01135000 0.02141500
v -0.00499600 -0.01135000 0.02098700
v -0.00300400 -0.01135000 0.02081300
v -0.00485700 -0.01135000 0.02038500
v -0.00324500 -0.01135000 0.02024400
v -0.00439100 -0.01135000 0.01998000
v -0.00377500 -0.01135000 0.01992600
v -0.00422500 -0.01135000 0.02187400
v -0.00360900 -0.01135000 0.02182000
v -0.00499600 -0.01435000 0.02098700
v -0.00475500 -0.01435000 0.02155600
v -0.00422500 -0.01435000 0.02187400
v -0.00360900 -0.01435000 0.02182000
v -0.00314300 -0.01435000 0.02141500
v -0.00300400 -0.01435000 0.02081300
v -0.00324500 -0.01435000 0.02024400
v -0.00377500 -0.01435000 0.01992600
v -0.00439100 -0.01435000 0.01998000
v -0.00485700 -0.01435000 0.02038500
v -0.01210000 0.01070000 0.01622000
v -0.01210000 -0.00830400 0.00941500
v -0.01210000 -0.01080000 0.01622000
v -0.01210000 -0.00845000 0.00956100
v -0.01210000 -0.00865000 0.00961500
v -0.01210000 0.01070000 -0.00668000
v -0.01210000 -0.00825000 0.00413500
v -0.01210000 -0.00825000 0.00540500
v -0.01210000 -0.00825000 0.00667500
v -0.01210000 -0.00830400 0.00647500
v -0.01210000 -0.00830400 0.00560500
v -0.01210000 -0.00845000 0.00632900
v -0.01210000 -0.00845000 0.00575100
v -0.01210000 -0.00865000 0.00580500
v -0.01210000 -0.01080000 -0.00668000
v -0.01210000 -0.00830400 0.00012500
v -0.01210000 -0.00825000 0.00032500
v -0.01210000 -0.00825000 0.00159500
v -0.01210000 -0.00830400 0.00139500
v -0.01210000 -0.00830400 0.00052500
v -0.01210000 -0.00845000 0.00124900
v -0.01210000 -0.00845000 0.00067100
v -0.01210000 -0.00865000 0.00072500
v -0.01210000 -0.00905000 0.00413500
v -0.01210000 -0.00905000 0.00286500
v -0.01210000 -0.00905000 0.00159500
v -0.01210000 -0.00899600 0.00179500
v -0.01210000 -0.00899600 0.00266500
v -0.01210000 -0.00885000 0.00194100
v -0.01210000 -0.00885000 0.00251900
v -0.01210000 -0.00865000 0.00199500
v -0.01210000 -0.00865000 0.00246500
v -0.01210000 -0.00845000 0.00251900
v -0.01210000 -0.00905000 0.00921500
v -0.01210000 -0.00899600 0.00814500
v -0.01210000 -0.00905000 0.00794500
v -0.01210000 -0.00905000 0.00667500
v -0.01210000 -0.00905000 0.00540500
v -0.01210000 -0.00899600 0.00560500
v -0.01210000 -0.00899600 0.00647500
v -0.01210000 -0.00885000 0.00575100
v -0.01210000 -0.00885000 0.00632900
v -0.01210000 -0.00865000 0.00627500
v -0.01210000 -0.00899600 0.00901500
v -0.01210000 -0.00885000 0.00829100
v -0.01210000 -0.00885000 0.00886900
v -0.01210000 -0.00865000 0.00834500
v -0.01210000 -0.00865000 0.00881500
v -0.01210000 -0.00845000 0.00886900
v -0.01210000 -0.00830400 0.00901500
v -0.01210000 -0.00830400 0.00814500
v -0.01210000 -0.00845000 0.00829100
v -0.01210000 -0.00825000 0.00794500
v -0.01210000 -0.00825000 0.00921500
v -0.01210000 -0.00885000 0.00956100
v -0.01210000 -0.00899600 0.00941500
v -0.01210000 -0.00899600 0.00687500
v -0.01210000 -0.00899600 0.00774500
v -0.01210000 -0.00885000 0.00702100
v -0.01210000 -0.00885000 0.00759900
v -0.01210000 -0.00865000 0.00707500
v -0.01210000 -0.00865000 0.00754500
v -0.01210000 -0.00845000 0.00759900
v -0.01210000 -0.00830400 0.00774500
v -0.01210000 -0.00830400 0.00687500
v -0.01210000 -0.00845000 0.00702100
v -0.01210000 -0.00899600 0.00433500
v -0.01210000 -0.00899600 0.00520500
v -0.01210000 -0.00885000 0.00448100
v -0.01210000 -0.00885000 0.00505900
v -0.01210000 -0.00865000 0.00453500
v -0.01210000 -0.00865000 0.00500500
v -0.01210000 -0.00845000 0.00505900
v -0.01210000 -0.00830400 0.00520500
v -0.01210000 -0.00830400 0.00433500
v -0.01210000 -0.00845000 0.00448100
v -0.01210000 -0.00899600 0.00306500
v -0.01210000 -0.00899600 0.00393500
v -0.01210000 -0.00885000 0.00321100
v -0.01210000 -0.00885000 0.00378900
v -0.01210000 -0.00865000 0.00326500
v -0.01210000 -0.00865000 0.00373500
v -0.01210000 -0.00845000 0.00378900
v -0.01210000 -0.00830400 0.00393500
v -0.01210000 -0.00830400 0.00306500
v -0.01210000 -0.00845000 0.00321100
v -0.01210000 -0.00825000 0.00286500
v -0.01210000 -0.00830400 0.00266500
v -0.01210000 -0.00830400 0.00179500
v -0.01210000 -0.00845000 0.00194100
v -0.01210000 -0.00899600 0.00052500
v -0.01210000 -0.00905000 0.00032500
v -0.01210000 -0.00899600 0.00012500
v -0.01210000 -0.00885000 -0.00002100
v -0.01210000 -0.00899600 0.00139500
v -0.01210000 -0.00885000 0.00067100
v -0.01210000 -0.00885000 0.00124900
v -0.01210000 -0.00865000 0.00119500
v -0.01210000 -0.00865000 -0.00007500
v -0.01210000 -0.00845000 -0.00002100
v -0.01110000 -0.01080000 -0.00668000
v -0.01110000 0.01070000 -0.00668000
v -0.01110000 -0.01080000 0.01622000
v -0.01110000 0.01070000 0.01622000
v -0.01110000 -0.00899600 0.00052500
v -0.01110000 -0.00905000 0.00032500
v -0.01110000 -0.00899600 0.00012500
v -0.01110000 -0.00885000 -0.00002100
v -0.01110000 -0.00865000 -0.00007500
v -0.01110000 -0.00845000 -0.00002100
v -0.01110000 -0.00830400 0.00012500
v -0.01110000 -0.00825000 0.00032500
v -0.01110000 -0.00830400 0.00052500
v -0.01110000 -0.00845000 0.00067100
v -0.01110000 -0.00865000 0.00072500
v -0.01110000 -0.00885000 0.00067100
v -0.01110000 -0.00899600 0.00179500
v -0.01110000 -0.00905000 0.00159500
v -0.01110000 -0.00899600 0.00139500
v -0.01110000 -0.00885000 0.00124900
v -0.01110000 -0.00865000 0.00119500
v -0.01110000 -0.00845000 0.00124900
v -0.01110000 -0.00830400 0.00139500
v -0.01110000 -0.00825000 0.00159500
v -0.01110000 -0.00830400 0.00179500
v -0.01110000 -0.00845000 0.00194100
v -0.01110000 -0.00865000 0.00199500
v -0.01110000 -0.00885000 0.00194100
v -0.01110000 -0.00899600 0.00306500
v -0.01110000 -0.00905000 0.00286500
v -0.01110000 -0.00899600 0.00266500
v -0.01110000 -0.00885000 0.00251900
v -0.01110000 -0.00865000 0.00246500
v -0.01110000 -0.00845000 0.00251900
v -0.01110000 -0.00830400 0.00266500
v -0.01110000 -0.00825000 0.00286500
v -0.01110000 -0.00830400 0.00306500
v -0.01110000 -0.00845000 0.00321100
v -0.01110000 -0.00865000 0.00326500
v -0.01110000 -0.00885000 0.00321100
v -0.01110000 -0.00899600 0.00433500
v -0.01110000 -0.00905000 0.00413500
v -0.01110000 -0.00899600 0.00393500
v -0.01110000 -0.00885000 0.00378900
v -0.01110000 -0.00865000 0.00373500
v -0.01110000 -0.00845000 0.00378900
v -0.01110000 -0.00830400 0.00393500
v -0.01110000 -0.00825000 0.00413500
v -0.01110000 -0.00830400 0.00433500
v -0.01110000 -0.00845000 0.00448100
v -0.01110000 -0.00865000 0.00453500
v -0.01110000 -0.00885000 0.00448100
v -0.01110000 -0.00899600 0.00560500
v -0.01110000 -0.00905000 0.00540500
v -0.01110000 -0.00899600 0.00520500
v -0.01110000 -0.00885000 0.00505900
v -0.01110000 -0.00865000 0.00500500
v -0.01110000 -0.00845000 0.00505900
v -0.01110000 -0.00830400 0.00520500
v -0.01110000 -0.00825000 0.00540500
v -0.01110000 -0.00830400 0.00560500
v -0.01110000 -0.00845000 0.00575100
v -0.01110000 -0.00865000 0.00580500
v -0.01110000 -0.00885000 0.00575100
v -0.01110000 -0.00899600 0.00687500
v -0.01110000 -0.00905000 0.00667500
v -0.01110000 -0.00899600 0.00647500
v -0.01110000 -0.00885000 0.00632900
v -0.01110000 -0.00865000 0.00627500
v -0.01110000 -0.00845000 0.00632900
v -0.01110000 -0.00830400 0.00647500
v -0.01110000 -0.00825000 0.00667500
v -0.01110000 -0.00830400 0.00687500
v -0.01110000 -0.00845000 0.00702100
v -0.01110000 -0.00865000 0.00707500
v -0.01110000 -0.00885000 0.00702100
v -0.01110000 -0.00899600 0.00814500
v -0.01110000 -0.00905000 0.00794500
v -0.01110000 -0.00899600 0.00774500
v -0.01110000 -0.00885000 0.00759900
v -0.01110000 -0.00865000 0.00754500
v -0.01110000 -0.00845000 0.00759900
v -0.01110000 -0.00830400 0.00774500
v -0.01110000 -0.00825000 0.00794500
v -0.01110000 -0.00830400 0.00814500
v -0.01110000 -0.00845000 0.00829100
v -0.01110000 -0.00865000 0.00834500
v -0.01110000 -0.00885000 0.00829100
v -0.01110000 -0.00899600 0.00941500
v -0.01110000 -0.00905000 0.00921500
v -0.01110000 -0.00899600 0.00901500
v -0.01110000 -0.00885000 0.00886900
v -0.01110000 -0.00865000 0.00881500
v -0.01110000 -0.00845000 0.00886900
v -0.01110000 -0.00830400 0.00901500
v -0.01110000 -0.00825000 0.00921500
v -0.01110000 -0.00830400 0.00941500
v -0.01110000 -0.00845000 0.00956100
v -0.01110000 -0.00865000 0.00961500
v -0.01110000 -0.00885000 0.00956100
v -0.00910000 -0.00787500 0.01006800
v -0.01099000 -0.00799900 0.00979600
v -0.00910000 -0.00787500 -0.00049200
v -0.01102500 -0.00795500 -0.00019700
v -0.01101600 -0.00960600 0.00982100
v -0.00910000 -0.00967500 0.01006800
v -0.00910000 -0.00921000 0.00462200
v -0.00910000 -0.00967500 -0.00049200
v -0.00910000 -0.00921000 0.00368200
v -0.00910000 -0.00921000 0.00335200
v -0.00910000 -0.00834000 0.00368200
v -0.00910000 -0.00834000 0.00335200
v -0.00910000 -0.00834000 0.00241200
v -0.00910000 -0.00834000 0.00208200
v -0.00910000 -0.00921000 0.00208200
v -0.00910000 -0.00921000 0.00970200
v -0.00910000 -0.00921000 0.00876200
v -0.00910000 -0.00921000 0.00843200
v -0.00910000 -0.00834000 0.00876200
v -0.00910000 -0.00834000 0.00843200
v -0.00910000 -0.00834000 0.00749200
v -0.00910000 -0.00834000 0.00716200
v -0.00910000 -0.00921000 0.00716200
v -0.00910000 -0.00834000 0.00462200
v -0.00910000 -0.00834000 0.00495200
v -0.00910000 -0.00834000 0.00589200
v -0.00910000 -0.00834000 -0.00012800
v -0.00910000 -0.00834000 0.00081200
v -0.00910000 -0.00834000 0.00114200
v -0.00910000 -0.00921000 0.00081200
v -0.00910000 -0.00921000 0.00114200
v -0.00910000 -0.00921000 0.00241200
v -0.00910000 -0.00921000 0.00749200
v -0.00910000 -0.00921000 0.00622200
v -0.00910000 -0.00921000 0.00589200
v -0.00910000 -0.00834000 0.00622200
v -0.00910000 -0.00921000 0.00495200
v -0.00910000 -0.00921000 -0.00012800
v -0.00910000 -0.00834000 0.00970200
v -0.01102400 -0.00959700 -0.00019500
v -0.01062200 -0.00833300 0.00872600
v -0.01062200 -0.00921700 0.00872600
v -0.01059100 -0.00920000 0.00748500
v -0.01062200 -0.00833300 0.00745600
v -0.01059400 -0.00920000 0.00621600
v -0.01062200 -0.00833300 0.00618600
v -0.01059400 -0.00920000 0.00494600
v -0.01062200 -0.00833300 0.00491600
v -0.01059400 -0.00920000 0.00367600
v -0.01062200 -0.00833300 0.00364600
v -0.01059400 -0.00920000 0.00240600
v -0.01062200 -0.00833300 0.00237600
v -0.01059400 -0.00920000 0.00113600
v -0.01062200 -0.00833300 0.00110600
v -0.01350000 -0.00872000 0.00684500
v -0.01350000 -0.00872000 0.00650500
v -0.01315800 -0.00872000 0.00688500
v -0.01315800 -0.00872000 0.00646500
v -0.01145300 -0.00864900 0.00667500
v -0.01315800 -0.00858000 0.00646500
v -0.01080300 -0.00906700 0.00646500
v -0.01095300 -0.00912400 0.00646500
v -0.01095300 -0.00912400 0.00688500
v -0.01080300 -0.00906700 0.00688500
v -0.01135700 -0.00863300 0.00688500
v -0.01315800 -0.00858000 0.00688500
v -0.01347000 -0.00858000 0.00684900
v -0.01347000 -0.00858000 0.00650100
v -0.01415000 -0.00492500 0.00942000
v -0.01415000 -0.00575000 0.00942000
v -0.01415000 -0.00489800 0.00782000
v -0.01415000 -0.00575000 0.00762000
v -0.01415000 -0.00500000 0.00762000
v -0.01415000 0.00479800 0.00782000
v -0.01415000 0.00482500 0.00942000
v -0.01415000 -0.00492500 0.00984700
v -0.01415000 0.00482500 0.00984700
v -0.01415000 0.00490000 0.00762000
v -0.01415000 0.00565000 0.00762000
v -0.01415000 0.00565000 0.00942000
v -0.01361000 -0.00600000 0.01042000
v -0.01361000 -0.00500000 0.01042000
v -0.01405000 -0.00600000 0.01179000
v -0.01361000 0.00490000 0.01042000
v -0.01405000 0.00590000 0.01179000
v -0.01361000 0.00590000 0.01042000
v -0.01351400 -0.00500000 0.01012000
v -0.01351400 0.00490000 0.01012000
v -0.01405000 -0.00600000 0.01252000
v -0.01405000 0.00590000 0.01252000
v -0.01405000 -0.00640000 0.01282000
v -0.01405000 0.00630000 0.01282000
v -0.01405000 0.00630000 0.01252000
v -0.01405000 -0.00640000 0.01252000
v -0.01415000 0.00605000 0.01222000
v -0.01415000 0.00650000 0.01222000
v -0.01400000 0.00590000 0.01222000
v -0.01386000 0.00620000 0.01222000
v -0.01351000 0.00620000 0.01222000
v -0.01240000 0.00650000 0.01222000
v -0.01330000 0.00590000 0.01222000
v -0.01265000 0.00543500 0.01222000
v -0.01330000 0.00543500 0.01222000
v -0.01240000 0.00610000 0.01222000
v -0.01225000 0.00530000 0.01222000
v -0.01225000 -0.00540000 0.01222000
v -0.01210000 0.00530000 0.01222000
v -0.01210000 -0.00540000 0.01222000
v -0.01225000 0.00610000 0.01222000
v -0.01225000 -0.00620000 0.01222000
v -0.01240000 -0.00620000 0.01222000
v -0.01265000 -0.00553500 0.01222000
v -0.01240000 -0.00660000 0.01222000
v -0.01330000 -0.00600000 0.01222000
v -0.01330000 -0.00553500 0.01222000
v -0.01351000 -0.00630000 0.01222000
v -0.01415000 -0.00660000 0.01222000
v -0.01386000 -0.00630000 0.01222000
v -0.01400000 -0.00600000 0.01222000
v -0.01415000 -0.00615000 0.01222000
v -0.01403000 0.00630000 0.01294400
v -0.01403000 -0.00640000 0.01294400
v -0.01397400 -0.00640000 0.01305500
v -0.01397400 0.00630000 0.01305500
v -0.01388500 -0.00640000 0.01314400
v -0.01388500 0.00630000 0.01314400
v -0.01377400 -0.00640000 0.01320000
v -0.01377400 0.00630000 0.01320000
v -0.01365000 -0.00640000 0.01322000
v -0.01365000 0.00630000 0.01322000
v -0.01337500 0.00470000 0.01322000
v -0.01337500 -0.00490000 0.01322000
v -0.01305000 -0.00533500 0.01322000
v -0.01305000 -0.00490000 0.01322000
v -0.01305000 0.00523500 0.01322000
v -0.01230000 0.00630000 0.01322000
v -0.01230000 0.00523500 0.01322000
v -0.01305000 0.00470000 0.01322000
v -0.01230000 -0.00533500 0.01322000
v -0.01230000 -0.00640000 0.01322000
v -0.01315000 0.00650000 0.00952000
v -0.01415000 0.00650000 0.00952000
v -0.01315000 0.00650000 0.01119500
v -0.01311300 0.00650000 0.01128300
v -0.01307200 0.00650000 0.01131100
v -0.01290000 0.00650000 0.01119500
v -0.01240000 0.00650000 0.00952000
v -0.01290000 0.00650000 0.00762000
v -0.01225000 0.00650000 0.00762000
v -0.01225000 0.00650000 0.00952000
v -0.01225000 -0.00660000 0.00762000
v -0.01290000 -0.00660000 0.00762000
v -0.01240000 -0.00660000 0.00952000
v -0.01290000 -0.00660000 0.01119500
v -0.01307200 -0.00660000 0.01131100
v -0.01311300 -0.00660000 0.01128300
v -0.01315000 -0.00660000 0.00952000
v -0.01415000 -0.00660000 0.00952000
v -0.01315000 -0.00660000 0.01119500
v -0.01225000 -0.00660000 0.00952000
v -0.01385000 0.00482500 0.01002000
v -0.01385000 -0.00492500 0.01002000
v -0.01290000 -0.00575000 0.00762000
v -0.01290000 -0.00575000 0.01119500
v -0.01290000 0.00565000 0.01119500
v -0.01290000 0.00565000 0.00762000
v -0.01330500 -0.00490000 0.01320700
v -0.01330500 0.00470000 0.01320700
v -0.01324300 -0.00490000 0.01317000
v -0.01324300 0.00470000 0.01317000
v -0.01319900 -0.00490000 0.01311400
v -0.01319900 0.00470000 0.01311400
v -0.01317700 -0.00490000 0.01304600
v -0.01317700 0.00470000 0.01304600
v -0.01330000 0.00565000 0.00942000
v -0.01315000 0.00565000 0.00952000
v -0.01315000 0.00565000 0.01119500
v -0.01330000 -0.00575000 0.00942000
v -0.01315000 -0.00575000 0.00952000
v -0.01315000 -0.00575000 0.01119500
v -0.01405000 -0.00020000 0.00782000
v -0.01225000 -0.00540000 0.00762000
v -0.01210000 -0.00500000 0.00762000
v -0.01210000 0.00490000 0.00762000
v -0.01225000 0.00530000 0.00762000
v -0.01415000 -0.00615000 0.01087000
v -0.01415000 -0.00600000 0.00952000
v -0.01415000 -0.00600000 0.01087000
v -0.01415000 0.00605000 0.01087000
v -0.01415000 0.00590000 0.00952000
v -0.01415000 0.00590000 0.01087000
v -0.01365000 -0.00500000 0.01012000
v -0.01365000 0.00490000 0.01012000
v -0.01230000 -0.00640000 0.01252000
v -0.01230000 0.00630000 0.01252000
v -0.01300000 0.00590000 0.01252000
v -0.01230000 0.00523500 0.01252000
v -0.01300000 0.00523500 0.01252000
v -0.01300000 -0.00600000 0.01252000
v -0.01230000 -0.00533500 0.01252000
v -0.01300000 -0.00533500 0.01252000
v -0.01386000 -0.00600000 0.01182000
v -0.01335000 -0.00600000 0.01182000
v -0.01386000 -0.00600000 0.01119800
v -0.01331000 -0.00600000 0.01027000
v -0.01386000 -0.00600000 0.01027000
v -0.01331000 -0.00600000 0.01222000
v -0.01330000 -0.00600000 0.01232000
v -0.01335000 -0.00600000 0.01222000
v -0.01335000 0.00590000 0.01222000
v -0.01330000 0.00590000 0.01232000
v -0.01335000 0.00590000 0.01182000
v -0.01331000 0.00590000 0.01222000
v -0.01331000 0.00590000 0.01027000
v -0.01386000 0.00590000 0.01027000
v -0.01386000 0.00590000 0.01119800
v -0.01386000 0.00590000 0.01182000
v -0.01220000 -0.00490000 0.00781500
v -0.01275000 -0.00490000 0.00752000
v -0.01405000 -0.00490000 0.00781800
v -0.01405000 -0.00490000 0.00752000
v -0.01210900 -0.00490000 0.00731100
v -0.01244900 -0.00490000 0.00709100
v -0.01235000 -0.00490000 0.00742000
v -0.01205000 -0.00490000 0.00692000
v -0.01242200 -0.00490000 0.00704000
v -0.01205000 -0.00490000 0.00722000
v -0.01235000 0.00460000 0.00762000
v -0.01269400 0.00460000 0.00750400
v -0.01240000 0.00460000 0.00781500
v -0.01275000 0.00460000 0.00752000
v -0.01385000 0.00460000 0.00781500
v -0.01405000 0.00460000 0.00752000
v -0.01210900 0.00460000 0.00731100
v -0.01244900 0.00460000 0.00709100
v -0.01235000 0.00460000 0.00742000
v -0.01205000 0.00460000 0.00692000
v -0.01242200 0.00460000 0.00704000
v -0.01205000 0.00460000 0.00722000
v -0.01235000 -0.00340000 0.00762000
v -0.01269400 -0.00340000 0.00750400
v -0.01240000 -0.00340000 0.00781500
v -0.01275000 -0.00340000 0.00752000
v -0.01385000 -0.00340000 0.00781500
v -0.01405000 -0.00340000 0.00752000
v -0.01210900 -0.00340000 0.00731100
v -0.01244900 -0.00340000 0.00709100
v -0.01235000 -0.00340000 0.00742000
v -0.01205000 -0.00340000 0.00692000
v -0.01242200 -0.00340000 0.00704000
v -0.01205000 -0.00340000 0.00722000
v -0.01405000 0.00110000 0.00752000
v -0.01385000 0.00110000 0.00781500
v -0.01275000 0.00110000 0.00752000
v -0.01240000 0.00110000 0.00781500
v -0.01269400 0.00110000 0.00750400
v -0.01235000 0.00110000 0.00762000
v -0.01210900 0.00110000 0.00731100
v -0.01244900 0.00110000 0.00709100
v -0.01235000 0.00110000 0.00742000
v -0.01205000 0.00110000 0.00692000
v -0.01242200 0.00110000 0.00704000
v -0.01205000 0.00110000 0.00722000
v -0.01405000 -0.00090000 0.00752000
v -0.01385000 -0.00090000 0.00781500
v -0.01275000 -0.00090000 0.00752000
v -0.01240000 -0.00090000 0.00781500
v -0.01269400 -0.00090000 0.00750400
v -0.01235000 -0.00090000 0.00762000
v -0.01210900 -0.00090000 0.00731100
v -0.01244900 -0.00090000 0.00709100
v -0.01235000 -0.00090000 0.00742000
v -0.01205000 -0.00090000 0.00692000
v -0.01242200 -0.00090000 0.00704000
v -0.01205000 -0.00090000 0.00722000
v -0.01405000 0.00260000 0.00752000
v -0.01385000 0.00260000 0.00781500
v -0.01275000 0.00260000 0.00752000
v -0.01240000 0.00260000 0.00781500
v -0.01269400 0.00260000 0.00750400
v -0.01235000 0.00260000 0.00762000
v -0.01210900 0.00260000 0.00731100
v -0.01244900 0.00260000 0.00709100
v -0.01235000 0.00260000 0.00742000
v -0.01205000 0.00260000 0.00692000
v -0.01242200 0.00260000 0.00704000
v -0.01205000 0.00260000 0.00722000
v -0.01405000 -0.00290000 0.00752000
v -0.01385000 -0.00290000 0.00781500
v -0.01275000 -0.00290000 0.00752000
v -0.01240000 -0.00290000 0.00781500
v -0.01269400 -0.00290000 0.00750400
v -0.01235000 -0.00290000 0.00762000
v -0.01210900 -0.00290000 0.00731100
v -0.01244900 -0.00290000 0.00709100
v -0.01235000 -0.00290000 0.00742000
v -0.01205000 -0.00290000 0.00692000
v -0.01242200 -0.00290000 0.00704000
v -0.01205000 -0.00290000 0.00722000
v -0.01235000 -0.00140000 0.00762000
v -0.01269400 -0.00140000 0.00750400
v -0.01240000 -0.00140000 0.00781500
v -0.01275000 -0.00140000 0.00752000
v -0.01385000 -0.00140000 0.00781500
v -0.01405000 -0.00140000 0.00752000
v -0.01210900 -0.00140000 0.00731100
v -0.01244900 -0.00140000 0.00709100
v -0.01235000 -0.00140000 0.00742000
v -0.01205000 -0.00140000 0.00692000
v -0.01242200 -0.00140000 0.00704000
v -0.01205000 -0.00140000 0.00722000
v -0.01275000 0.00210000 0.00752000
v -0.01405000 0.00210000 0.00752000
v -0.01385000 0.00210000 0.00781500
v -0.01240000 0.00210000 0.00781500
v -0.01269400 0.00210000 0.00750400
v -0.01235000 0.00210000 0.00762000
v -0.01210900 0.00210000 0.00731100
v -0.01244900 0.00210000 0.00709100
v -0.01235000 0.00210000 0.00742000
v -0.01205000 0.00210000 0.00692000
v -0.01242200 0.00210000 0.00704000
v -0.01205000 0.00210000 0.00722000
v -0.01235000 -0.00440000 0.00762000
v -0.01269400 -0.00440000 0.00750400
v -0.01240000 -0.00440000 0.00781500
v -0.01275000 -0.00440000 0.00752000
v -0.01385000 -0.00440000 0.00781500
v -0.01405000 -0.00440000 0.00752000
v -0.01210900 -0.00440000 0.00731100
v -0.01244900 -0.00440000 0.00709100
v -0.01235000 -0.00440000 0.00742000
v -0.01205000 -0.00440000 0.00692000
v -0.01242200 -0.00440000 0.00704000
v -0.01205000 -0.00440000 0.00722000
v -0.01275000 -0.00240000 0.00752000
v -0.01405000 -0.00240000 0.00752000
v -0.01385000 -0.00240000 0.00781500
v -0.01240000 -0.00240000 0.00781500
v -0.01269400 -0.00240000 0.00750400
v -0.01235000 -0.00240000 0.00762000
v -0.01210900 -0.00240000 0.00731100
v -0.01244900 -0.00240000 0.00709100
v -0.01235000 -0.00240000 0.00742000
v -0.01205000 -0.00240000 0.00692000
v -0.01242200 -0.00240000 0.00704000
v -0.01205000 -0.00240000 0.00722000
v -0.01235000 -0.00190000 0.00762000
v -0.01269400 -0.00190000 0.00750400
v -0.01240000 -0.00190000 0.00781500
v -0.01275000 -0.00190000 0.00752000
v -0.01385000 -0.00190000 0.00781500
v -0.01405000 -0.00190000 0.00752000
v -0.01210900 -0.00190000 0.00731100
v -0.01244900 -0.00190000 0.00709100
v -0.01235000 -0.00190000 0.00742000
v -0.01205000 -0.00190000 0.00692000
v -0.01242200 -0.00190000 0.00704000
v -0.01205000 -0.00190000 0.00722000
v -0.01405000 0.00310000 0.00752000
v -0.01385000 0.00310000 0.00781500
v -0.01275000 0.00310000 0.00752000
v -0.01240000 0.00310000 0.00781500
v -0.01269400 0.00310000 0.00750400
v -0.01235000 0.00310000 0.00762000
v -0.01210900 0.00310000 0.00731100
v -0.01244900 0.00310000 0.00709100
v -0.01235000 0.00310000 0.00742000
v -0.01205000 0.00310000 0.00692000
v -0.01242200 0.00310000 0.00704000
v -0.01205000 0.00310000 0.00722000
v -0.01405000 0.00410000 0.00752000
v -0.01385000 0.00410000 0.00781500
v -0.01275000 0.00410000 0.00752000
v -0.01240000 0.00410000 0.00781500
v -0.01269400 0.00410000 0.00750400
v -0.01235000 0.00410000 0.00762000
v -0.01210900 0.00410000 0.00731100
v -0.01244900 0.00410000 0.00709100
v -0.01235000 0.00410000 0.00742000
v -0.01205000 0.00410000 0.00692000
v -0.01242200 0.00410000 0.00704000
v -0.01205000 0.00410000 0.00722000
v -0.01235000 0.00160000 0.00762000
v -0.01269400 0.00160000 0.00750400
v -0.01240000 0.00160000 0.00781500
v -0.01275000 0.00160000 0.00752000
v -0.01385000 0.00160000 0.00781500
v -0.01405000 0.00160000 0.00752000
v -0.01210900 0.00160000 0.00731100
v -0.01244900 0.00160000 0.00709100
v -0.01235000 0.00160000 0.00742000
v -0.01205000 0.00160000 0.00692000
v -0.01242200 0.00160000 0.00704000
v -0.01205000 0.00160000 0.00722000
v -0.01235000 0.00060000 0.00762000
v -0.01269400 0.00060000 0.00750400
v -0.01240000 0.00060000 0.00781500
v -0.01275000 0.00060000 0.00752000
v -0.01385000 0.00060000 0.00781500
v -0.01405000 0.00060000 0.00752000
v -0.01210900 0.00060000 0.00731100
v -0.01244900 0.00060000 0.00709100
v -0.01235000 0.00060000 0.00742000
v -0.01205000 0.00060000 0.00692000
v -0.01242200 0.00060000 0.00704000
v -0.01205000 0.00060000 0.00722000
v -0.01235000 -0.00390000 0.00762000
v -0.01269400 -0.00390000 0.00750400
v -0.01240000 -0.00390000 0.00781500
v -0.01275000 -0.00390000 0.00752000
v -0.01385000 -0.00390000 0.00781500
v -0.01405000 -0.00390000 0.00752000
v -0.01210900 -0.00390000 0.00731100
v -0.01244900 -0.00390000 0.00709100
v -0.01235000 -0.00390000 0.00742000
v -0.01205000 -0.00390000 0.00692000
v -0.01242200 -0.00390000 0.00704000
v -0.01205000 -0.00390000 0.00722000
v -0.01235000 0.00360000 0.00762000
v -0.01269400 0.00360000 0.00750400
v -0.01240000 0.00360000 0.00781500
v -0.01275000 0.00360000 0.00752000
v -0.01385000 0.00360000 0.00781500
v -0.01405000 0.00360000 0.00752000
v -0.01210900 0.00360000 0.00731100
v -0.01244900 0.00360000 0.00709100
v -0.01235000 0.00360000 0.00742000
v -0.01205000 0.00360000 0.00692000
v -0.01242200 0.00360000 0.00704000
v -0.01205000 0.00360000 0.00722000
v -0.01235000 0.00010000 0.00762000
v -0.01269400 0.00010000 0.00750400
v -0.01240000 0.00010000 0.00781500
v -0.01275000 0.00010000 0.00752000
v -0.01385000 0.00010000 0.00781500
v -0.01405000 0.00010000 0.00752000
v -0.01210900 0.00010000 0.00731100
v -0.01244900 0.00010000 0.00709100
v -0.01235000 0.00010000 0.00742000
v -0.01205000 0.00010000 0.00692000
v -0.01242200 0.00010000 0.00704000
v -0.01205000 0.00010000 0.00722000
v -0.01235000 -0.00040000 0.00762000
v -0.01269400 -0.00040000 0.00750400
v -0.01240000 -0.00040000 0.00781500
v -0.01275000 -0.00040000 0.00752000
v -0.01385000 -0.00040000 0.00781500
v -0.01405000 -0.00040000 0.00752000
v -0.01210900 -0.00040000 0.00731100
v -0.01244900 -0.00040000 0.00709100
v -0.01235000 -0.00040000 0.00742000
v -0.01205000 -0.00040000 0.00692000
v -0.01242200 -0.00040000 0.00704000
v -0.01205000 -0.00040000 0.00722000
v -0.01235000 0.00380000 0.00762000
v -0.01240000 0.00380000 0.00781500
v -0.01269500 0.00380000 0.00750400
v -0.01275000 0.00380000 0.00752000
v -0.01385000 0.00380000 0.00781500
v -0.01405000 0.00380000 0.00752000
v -0.01235000 0.00380000 0.00742000
v -0.01244900 0.00380000 0.00709100
v -0.01210900 0.00380000 0.00731100
v -0.01205000 0.00380000 0.00722000
v -0.01242200 0.00380000 0.00704000
v -0.01205000 0.00380000 0.00692000
v -0.01235000 -0.00070000 0.00742000
v -0.01244900 -0.00070000 0.00709100
v -0.01210900 -0.00070000 0.00731100
v -0.01235000 -0.00070000 0.00762000
v -0.01240000 -0.00070000 0.00781500
v -0.01269500 -0.00070000 0.00750400
v -0.01275000 -0.00070000 0.00752000
v -0.01385000 -0.00070000 0.00781500
v -0.01405000 -0.00070000 0.00752000
v -0.01205000 -0.00070000 0.00722000
v -0.01242200 -0.00070000 0.00704000
v -0.01205000 -0.00070000 0.00692000
v -0.01235000 -0.00470000 0.00762000
v -0.01240000 -0.00470000 0.00781500
v -0.01269500 -0.00470000 0.00750400
v -0.01275000 -0.00470000 0.00752000
v -0.01385000 -0.00470000 0.00781500
v -0.01405000 -0.00470000 0.00752000
v -0.01235000 -0.00470000 0.00742000
v -0.01244900 -0.00470000 0.00709100
v -0.01210900 -0.00470000 0.00731100
v -0.01205000 -0.00470000 0.00722000
v -0.01242200 -0.00470000 0.00704000
v -0.01205000 -0.00470000 0.00692000
v -0.01235000 0.00280000 0.00762000
v -0.01240000 0.00280000 0.00781500
v -0.01269500 0.00280000 0.00750400
v -0.01275000 0.00280000 0.00752000
v -0.01385000 0.00280000 0.00781500
v -0.01405000 0.00280000 0.00752000
v -0.01235000 0.00280000 0.00742000
v -0.01244900 0.00280000 0.00709100
v -0.01210900 0.00280000 0.00731100
v -0.01205000 0.00280000 0.00722000
v -0.01242200 0.00280000 0.00704000
v -0.01205000 0.00280000 0.00692000
v -0.01235000 -0.00120000 0.00762000
v -0.01240000 -0.00120000 0.00781500
v -0.01269500 -0.00120000 0.00750400
v -0.01275000 -0.00120000 0.00752000
v -0.01385000 -0.00120000 0.00781500
v -0.01405000 -0.00120000 0.00752000
v -0.01235000 -0.00120000 0.00742000
v -0.01244900 -0.00120000 0.00709100
v -0.01210900 -0.00120000 0.00731100
v -0.01205000 -0.00120000 0.00722000
v -0.01242200 -0.00120000 0.00704000
v -0.01205000 -0.00120000 0.00692000
v -0.01235000 0.00180000 0.00742000
v -0.01244900 0.00180000 0.00709100
v -0.01210900 0.00180000 0.00731100
v -0.01235000 0.00180000 0.00762000
v -0.01240000 0.00180000 0.00781500
v -0.01269500 0.00180000 0.00750400
v -0.01275000 0.00180000 0.00752000
v -0.01385000 0.00180000 0.00781500
v -0.01405000 0.00180000 0.00752000
v -0.01205000 0.00180000 0.00722000
v -0.01242200 0.00180000 0.00704000
v -0.01205000 0.00180000 0.00692000
v -0.01235000 0.00330000 0.00762000
v -0.01240000 0.00330000 0.00781500
v -0.01269500 0.00330000 0.00750400
v -0.01275000 0.00330000 0.00752000
v -0.01385000 0.00330000 0.00781500
v -0.01405000 0.00330000 0.00752000
v -0.01235000 0.00330000 0.00742000
v -0.01244900 0.00330000 0.00709100
v -0.01210900 0.00330000 0.00731100
v -0.01205000 0.00330000 0.00722000
v -0.01242200 0.00330000 0.00704000
v -0.01205000 0.00330000 0.00692000
v -0.01235000 0.00430000 0.00742000
v -0.01244900 0.00430000 0.00709100
v -0.01210900 0.00430000 0.00731100
v -0.01235000 0.00430000 0.00762000
v -0.01240000 0.00430000 0.00781500
v -0.01269500 0.00430000 0.00750400
v -0.01275000 0.00430000 0.00752000
v -0.01385000 0.00430000 0.00781500
v -0.01405000 0.00430000 0.00752000
v -0.01205000 0.00430000 0.00722000
v -0.01242200 0.00430000 0.00704000
v -0.01205000 0.00430000 0.00692000
v -0.01235000 -0.00170000 0.00762000
v -0.01240000 -0.00170000 0.00781500
v -0.01269500 -0.00170000 0.00750400
v -0.01275000 -0.00170000 0.00752000
v -0.01385000 -0.00170000 0.00781500
v -0.01405000 -0.00170000 0.00752000
v -0.01235000 -0.00170000 0.00742000
v -0.01244900 -0.00170000 0.00709100
v -0.01210900 -0.00170000 0.00731100
v -0.01205000 -0.00170000 0.00722000
v -0.01242200 -0.00170000 0.00704000
v -0.01205000 -0.00170000 0.00692000
v -0.01235000 -0.00220000 0.00762000
v -0.01240000 -0.00220000 0.00781500
v -0.01269500 -0.00220000 0.00750400
v -0.01275000 -0.00220000 0.00752000
v -0.01385000 -0.00220000 0.00781500
v -0.01405000 -0.00220000 0.00752000
v -0.01235000 -0.00220000 0.00742000
v -0.01244900 -0.00220000 0.00709100
v -0.01210900 -0.00220000 0.00731100
v -0.01205000 -0.00220000 0.00722000
v -0.01242200 -0.00220000 0.00704000
v -0.01205000 -0.00220000 0.00692000
v -0.01235000 0.00230000 0.00742000
v -0.01244900 0.00230000 0.00709100
v -0.01210900 0.00230000 0.00731100
v -0.01235000 0.00230000 0.00762000
v -0.01240000 0.00230000 0.00781500
v -0.01269500 0.00230000 0.00750400
v -0.01275000 0.00230000 0.00752000
v -0.01385000 0.00230000 0.00781500
v -0.01405000 0.00230000 0.00752000
v -0.01205000 0.00230000 0.00722000
v -0.01242200 0.00230000 0.00704000
v -0.01205000 0.00230000 0.00692000
v -0.01235000 0.00030000 0.00742000
v -0.01244900 0.00030000 0.00709100
v -0.01210900 0.00030000 0.00731100
v -0.01235000 0.00030000 0.00762000
v -0.01240000 0.00030000 0.00781500
v -0.01269500 0.00030000 0.00750400
v -0.01275000 0.00030000 0.00752000
v -0.01385000 0.00030000 0.00781500
v -0.01405000 0.00030000 0.00752000
v -0.01205000 0.00030000 0.00722000
v -0.01242200 0.00030000 0.00704000
v -0.01205000 0.00030000 0.00692000
v -0.01235000 -0.00370000 0.00762000
v -0.01240000 -0.00370000 0.00781500
v -0.01269500 -0.00370000 0.00750400
v -0.01275000 -0.00370000 0.00752000
v -0.01385000 -0.00370000 0.00781500
v -0.01405000 -0.00370000 0.00752000
v -0.01235000 -0.00370000 0.00742000
v -0.01244900 -0.00370000 0.00709100
v -0.01210900 -0.00370000 0.00731100
v -0.01205000 -0.00370000 0.00722000
v -0.01242200 -0.00370000 0.00704000
v -0.01205000 -0.00370000 0.00692000
v -0.01235000 -0.00020000 0.00762000
v -0.01240000 -0.00020000 0.00781500
v -0.01269500 -0.00020000 0.00750400
v -0.01275000 -0.00020000 0.00752000
v -0.01385000 -0.00020000 0.00781500
v -0.01405000 -0.00020000 0.00752000
v -0.01235000 -0.00020000 0.00742000
v -0.01244900 -0.00020000 0.00709100
v -0.01210900 -0.00020000 0.00731100
v -0.01205000 -0.00020000 0.00722000
v -0.01242200 -0.00020000 0.00704000
v -0.01205000 -0.00020000 0.00692000
v -0.01235000 0.00130000 0.00762000
v -0.01240000 0.00130000 0.00781500
v -0.01269500 0.00130000 0.00750400
v -0.01275000 0.00130000 0.00752000
v -0.01385000 0.00130000 0.00781500
v -0.01405000 0.00130000 0.00752000
v -0.01235000 0.00130000 0.00742000
v -0.01244900 0.00130000 0.00709100
v -0.01210900 0.00130000 0.00731100
v -0.01205000 0.00130000 0.00722000
v -0.01242200 0.00130000 0.00704000
v -0.01205000 0.00130000 0.00692000
v -0.01235000 0.00080000 0.00762000
v -0.01240000 0.00080000 0.00781500
v -0.01269500 0.00080000 0.00750400
v -0.01275000 0.00080000 0.00752000
v -0.01385000 0.00080000 0.00781500
v -0.01405000 0.00080000 0.00752000
v -0.01235000 0.00080000 0.00742000
v -0.01244900 0.00080000 0.00709100
v -0.01210900 0.00080000 0.00731100
v -0.01205000 0.00080000 0.00722000
v -0.01242200 0.00080000 0.00704000
v -0.01205000 0.00080000 0.00692000
v -0.01235000 -0.00420000 0.00762000
v -0.01240000 -0.00420000 0.00781500
v -0.01269500 -0.00420000 0.00750400
v -0.01275000 -0.00420000 0.00752000
v -0.01385000 -0.00420000 0.00781500
v -0.01405000 -0.00420000 0.00752000
v -0.01235000 -0.00420000 0.00742000
v -0.01244900 -0.00420000 0.00709100
v -0.01210900 -0.00420000 0.00731100
v -0.01205000 -0.00420000 0.00722000
v -0.01242200 -0.00420000 0.00704000
v -0.01205000 -0.00420000 0.00692000
v -0.01235000 -0.00270000 0.00742000
v -0.01244900 -0.00270000 0.00709100
v -0.01210900 -0.00270000 0.00731100
v -0.01235000 -0.00270000 0.00762000
v -0.01240000 -0.00270000 0.00781500
v -0.01269500 -0.00270000 0.00750400
v -0.01275000 -0.00270000 0.00752000
v -0.01385000 -0.00270000 0.00781500
v -0.01405000 -0.00270000 0.00752000
v -0.01205000 -0.00270000 0.00722000
v -0.01242200 -0.00270000 0.00704000
v -0.01205000 -0.00270000 0.00692000
v -0.01235000 -0.00320000 0.00762000
v -0.01240000 -0.00320000 0.00781500
v -0.01269500 -0.00320000 0.00750400
v -0.01275000 -0.00320000 0.00752000
v -0.01385000 -0.00320000 0.00781500
v -0.01405000 -0.00320000 0.00752000
v -0.01235000 -0.00320000 0.00742000
v -0.01244900 -0.00320000 0.00709100
v -0.01210900 -0.00320000 0.00731100
v -0.01205000 -0.00320000 0.00722000
v -0.01242200 -0.00320000 0.00704000
v -0.01205000 -0.00320000 0.00692000
v -0.01244900 0.00480000 0.00709100
v -0.01210900 0.00480000 0.00731100
v -0.01235000 0.00480000 0.00742000
v -0.01275000 0.00480000 0.00752000
v -0.01220000 0.00480000 0.00781500
v -0.01405000 0.00480000 0.00781500
v -0.01405000 0.00480000 0.00752000
v -0.01205000 0.00480000 0.00722000
v -0.01242200 0.00480000 0.00704000
v -0.01205000 0.00480000 0.00692000
v -0.01230000 -0.00685000 0.01082000
v -0.01230000 -0.00625000 0.01082000
v -0.01230000 -0.00685000 0.00962000
v -0.01230000 -0.00625000 0.00962000
v -0.01230000 0.00615000 0.00962000
v -0.01230000 0.00675000 0.00962000
v -0.01230000 0.00615000 0.01082000
v -0.01230000 0.00675000 0.01082000
v -0.01210000 -0.00540000 0.00762000
v -0.01210000 0.00530000 0.00762000
v -0.01330000 -0.00533500 0.00942000
v -0.01365000 -0.00522200 0.00942000
v -0.01385000 -0.00491200 0.00942000
v -0.01286000 0.00700000 0.00962000
v -0.01235000 0.00700000 0.00962000
v -0.01286000 0.00700000 0.01082000
v -0.01235000 0.00700000 0.01082000
v -0.01235000 -0.00710000 0.01082000
v -0.01286000 -0.00710000 0.01082000
v -0.01235000 -0.00710000 0.00962000
v -0.01286000 -0.00710000 0.00962000
v -0.01351000 -0.00630000 0.01087000
v -0.01351000 0.00620000 0.01087000
v -0.01365000 0.00480000 0.00942000
v -0.01385000 0.00481200 0.00942000
v -0.01365000 0.00527800 0.00942000
v -0.01330000 0.00527800 0.00942000
v -0.01386000 0.00590000 0.00952000
v -0.01386000 0.00620000 0.00952000
v -0.01330000 0.00590000 0.00952000
v -0.01336000 0.00620000 0.00952000
v -0.01386000 -0.00630000 0.00952000
v -0.01336000 -0.00630000 0.00952000
v -0.01330000 -0.00600000 0.00952000
v -0.01386000 -0.00600000 0.00952000
v -0.01386000 0.00620000 0.01087000
v -0.01386000 -0.00630000 0.01087000
v -0.01405000 -0.00489900 0.00781800
v -0.01400000 0.00590000 0.01022000
v -0.01400000 0.00490000 0.01022000
v -0.01400000 -0.00500000 0.01022000
v -0.01400000 -0.00600000 0.01022000
v -0.01400000 0.00590000 0.01163400
v -0.01400000 0.00590000 0.01087000
v -0.01386000 0.00590000 0.01029200
v -0.01400000 -0.00600000 0.01163400
v -0.01400000 -0.00600000 0.01087000
v -0.01386000 -0.00600000 0.01029200
v -0.01330000 -0.00600000 0.00992000
v -0.01330000 -0.00575000 0.00952000
v -0.01330000 -0.00533500 0.00992000
v -0.01400000 -0.00600000 0.00992000
v -0.01400000 -0.00500000 0.00992000
v -0.01400000 0.00490000 0.00992000
v -0.01400000 0.00590000 0.00992000
v -0.01210000 0.00615000 0.00962000
v -0.01210000 0.00675000 0.00962000
v -0.01235000 0.00680000 0.00962000
v -0.01286000 0.00680000 0.00962000
v -0.01210000 0.00675000 0.01082000
v -0.01210000 0.00615000 0.01082000
v -0.01235000 0.00680000 0.01082000
v -0.01286000 0.00680000 0.01082000
v -0.01210000 -0.00625000 0.01082000
v -0.01210000 -0.00685000 0.01082000
v -0.01235000 -0.00690000 0.01082000
v -0.01286000 -0.00690000 0.01082000
v -0.01210000 -0.00625000 0.00962000
v -0.01210000 -0.00685000 0.00962000
v -0.01235000 -0.00690000 0.00962000
v -0.01286000 -0.00690000 0.00962000
v -0.01330000 0.00565000 0.00952000
v -0.01330000 0.00527800 0.00992000
v -0.01330000 0.00590000 0.00992000
v -0.01225000 0.00610000 0.01082000
v -0.01235000 0.00610000 0.01082000
v -0.01240000 0.00610000 0.00952000
v -0.01235000 -0.00620000 0.01082000
v -0.01240000 -0.00620000 0.00952000
v -0.01225000 -0.00620000 0.01082000
v -0.01385000 0.00482500 0.00942000
v -0.01385000 -0.00150000 0.00762000
v -0.01240000 -0.00150000 0.00762000
v -0.01385000 -0.00160000 0.00762000
v -0.01240000 -0.00160000 0.00762000
v -0.01240000 0.00450000 0.00762000
v -0.01385000 0.00450000 0.00762000
v -0.01240000 0.00440000 0.00762000
v -0.01385000 0.00440000 0.00762000
v -0.01385000 0.00100000 0.00762000
v -0.01240000 0.00100000 0.00762000
v -0.01385000 0.00090000 0.00762000
v -0.01240000 0.00090000 0.00762000
v -0.01385000 0.00050000 0.00762000
v -0.01240000 0.00050000 0.00762000
v -0.01385000 0.00040000 0.00762000
v -0.01240000 0.00040000 0.00762000
v -0.01385000 -0.00050000 0.00762000
v -0.01240000 -0.00050000 0.00762000
v -0.01385000 -0.00060000 0.00762000
v -0.01240000 -0.00060000 0.00762000
v -0.01385000 -0.00200000 0.00762000
v -0.01240000 -0.00200000 0.00762000
v -0.01385000 -0.00210000 0.00762000
v -0.01240000 -0.00210000 0.00762000
v -0.01385000 0.00300000 0.00762000
v -0.01240000 0.00300000 0.00762000
v -0.01385000 0.00290000 0.00762000
v -0.01240000 0.00290000 0.00762000
v -0.01385000 -0.00300000 0.00762000
v -0.01240000 -0.00300000 0.00762000
v -0.01385000 -0.00310000 0.00762000
v -0.01240000 -0.00310000 0.00762000
v -0.01240000 0.00400000 0.00762000
v -0.01385000 0.00400000 0.00762000
v -0.01240000 0.00390000 0.00762000
v -0.01385000 0.00390000 0.00762000
v -0.01385000 -0.00400000 0.00762000
v -0.01240000 -0.00400000 0.00762000
v -0.01385000 -0.00410000 0.00762000
v -0.01240000 -0.00410000 0.00762000
v -0.01365000 -0.00615000 0.01182000
v -0.01365000 -0.00615000 0.01222000
v -0.01385000 0.00480000 0.00942000
v -0.01385000 0.00480000 0.00992000
v -0.01365000 0.00480000 0.01012000
v -0.01386000 -0.00604500 0.01222000
v -0.01386000 -0.00604500 0.01182000
v -0.01305000 -0.00490000 0.01209500
v -0.01336000 0.00620000 0.00977600
v -0.01336000 0.00590000 0.00977600
v -0.01336000 0.00590000 0.00952000
v -0.01350000 -0.00872000 0.00303500
v -0.01350000 -0.00872000 0.00269500
v -0.01315800 -0.00872000 0.00307500
v -0.01315800 -0.00872000 0.00265500
v -0.01145300 -0.00864900 0.00286500
v -0.01315800 -0.00858000 0.00265500
v -0.01080300 -0.00906700 0.00265500
v -0.01095300 -0.00912400 0.00265500
v -0.01095300 -0.00912400 0.00307500
v -0.01080300 -0.00906700 0.00307500
v -0.01135700 -0.00863300 0.00307500
v -0.01315800 -0.00858000 0.00307500
v -0.01347000 -0.00858000 0.00303900
v -0.01347000 -0.00858000 0.00269100
v -0.01350000 -0.00872000 0.00938500
v -0.01350000 -0.00872000 0.00904500
v -0.01315800 -0.00872000 0.00942500
v -0.01315800 -0.00872000 0.00900500
v -0.01145300 -0.00864900 0.00921500
v -0.01315800 -0.00858000 0.00900500
v -0.01080300 -0.00906700 0.00900500
v -0.01095300 -0.00912400 0.00900500
v -0.01095300 -0.00912400 0.00942500
v -0.01080300 -0.00906700 0.00942500
v -0.01135700 -0.00863300 0.00942500
v -0.01315800 -0.00858000 0.00942500
v -0.01347000 -0.00858000 0.00938900
v -0.01347000 -0.00858000 0.00904100
v -0.01350000 -0.00872000 0.00430500
v -0.01350000 -0.00872000 0.00396500
v -0.01315800 -0.00872000 0.00434500
v -0.01315800 -0.00872000 0.00392500
v -0.01145300 -0.00864900 0.00413500
v -0.01315800 -0.00858000 0.00392500
v -0.01080300 -0.00906700 0.00392500
v -0.01095300 -0.00912400 0.00392500
v -0.01095300 -0.00912400 0.00434500
v -0.01080300 -0.00906700 0.00434500
v -0.01135700 -0.00863300 0.00434500
v -0.01315800 -0.00858000 0.00434500
v -0.01347000 -0.00858000 0.00430900
v -0.01347000 -0.00858000 0.00396100
v -0.01350000 -0.00872000 0.00176500
v -0.01350000 -0.00872000 0.00142500
v -0.01315800 -0.00872000 0.00180500
v -0.01315800 -0.00872000 0.00138500
v -0.01145300 -0.00864900 0.00159500
v -0.01315800 -0.00858000 0.00138500
v -0.01080300 -0.00906700 0.00138500
v -0.01095300 -0.00912400 0.00138500
v -0.01095300 -0.00912400 0.00180500
v -0.01080300 -0.00906700 0.00180500
v -0.01135700 -0.00863300 0.00180500
v -0.01315800 -0.00858000 0.00180500
v -0.01347000 -0.00858000 0.00176900
v -0.01347000 -0.00858000 0.00142100
v -0.01350000 -0.00872000 0.00557500
v -0.01350000 -0.00872000 0.00523500
v -0.01315800 -0.00872000 0.00561500
v -0.01315800 -0.00872000 0.00519500
v -0.01145300 -0.00864900 0.00540500
v -0.01315800 -0.00858000 0.00519500
v -0.01080300 -0.00906700 0.00519500
v -0.01095300 -0.00912400 0.00519500
v -0.01095300 -0.00912400 0.00561500
v -0.01080300 -0.00906700 0.00561500
v -0.01135700 -0.00863300 0.00561500
v -0.01315800 -0.00858000 0.00561500
v -0.01347000 -0.00858000 0.00557900
v -0.01347000 -0.00858000 0.00523100
v -0.01350000 -0.00872000 0.00049500
v -0.01350000 -0.00872000 0.00015500
v -0.01315800 -0.00872000 0.00053500
v -0.01315800 -0.00872000 0.00011500
v -0.01145300 -0.00864900 0.00032500
v -0.01315800 -0.00858000 0.00011500
v -0.01080300 -0.00906700 0.00011500
v -0.01095300 -0.00912400 0.00011500
v -0.01095300 -0.00912400 0.00053500
v -0.01080300 -0.00906700 0.00053500
v -0.01135700 -0.00863300 0.00053500
v -0.01315800 -0.00858000 0.00053500
v -0.01347000 -0.00858000 0.00049900
v -0.01347000 -0.00858000 0.00015100
v -0.01350000 -0.00872000 0.00811500
v -0.01350000 -0.00872000 0.00777500
v -0.01315800 -0.00872000 0.00815500
v -0.01315800 -0.00872000 0.00773500
v -0.01145300 -0.00864900 0.00794500
v -0.01315800 -0.00858000 0.00773500
v -0.01080300 -0.00906700 0.00773500
v -0.01095300 -0.00912400 0.00773500
v -0.01095300 -0.00912400 0.00815500
v -0.01080300 -0.00906700 0.00815500
v -0.01135700 -0.00863300 0.00815500
v -0.01315800 -0.00858000 0.00815500
v -0.01347000 -0.00858000 0.00811900
v -0.01347000 -0.00858000 0.00777100
v -0.01240000 0.00291500 -0.00115500
v -0.01030000 0.00291500 -0.00115500
v -0.01240000 0.00291500 -0.00107700
v -0.01030000 0.00291500 -0.00098000
v -0.01030000 0.00291500 -0.00080500
v -0.01272500 0.00291500 -0.00080500
v -0.01291000 0.00291500 -0.00082300
v -0.01308900 0.00291500 -0.00087500
v -0.01325400 0.00291500 -0.00096100
v -0.01340000 0.00291500 -0.00107700
v -0.01240000 0.00166500 -0.00115500
v -0.01030000 0.00166500 -0.00115500
v -0.01240000 0.00166500 -0.00107700
v -0.01030000 0.00166500 -0.00098000
v -0.01030000 0.00166500 -0.00080500
v -0.01272500 0.00166500 -0.00080500
v -0.01291000 0.00166500 -0.00082300
v -0.01308900 0.00166500 -0.00087500
v -0.01325400 0.00166500 -0.00096100
v -0.01340000 0.00166500 -0.00107700
v -0.01240000 0.00041500 -0.00115500
v -0.01030000 0.00041500 -0.00115500
v -0.01240000 0.00041500 -0.00107700
v -0.01030000 0.00041500 -0.00098000
v -0.01030000 0.00041500 -0.00080500
v -0.01272500 0.00041500 -0.00080500
v -0.01291000 0.00041500 -0.00082300
v -0.01308900 0.00041500 -0.00087500
v -0.01325400 0.00041500 -0.00096100
v -0.01340000 0.00041500 -0.00107700
v -0.01240000 -0.00083500 -0.00115500
v -0.01030000 -0.00083500 -0.00115500
v -0.01240000 -0.00083500 -0.00107700
v -0.01030000 -0.00083500 -0.00098000
v -0.01030000 -0.00083500 -0.00080500
v -0.01272500 -0.00083500 -0.00080500
v -0.01291000 -0.00083500 -0.00082300
v -0.01308900 -0.00083500 -0.00087500
v -0.01325400 -0.00083500 -0.00096100
v -0.01340000 -0.00083500 -0.00107700
v -0.01240000 -0.00208500 -0.00115500
v -0.01030000 -0.00208500 -0.00115500
v -0.01240000 -0.00208500 -0.00107700
v -0.01030000 -0.00208500 -0.00098000
v -0.01030000 -0.00208500 -0.00080500
v -0.01272500 -0.00208500 -0.00080500
v -0.01291000 -0.00208500 -0.00082300
v -0.01308900 -0.00208500 -0.00087500
v -0.01325400 -0.00208500 -0.00096100
v -0.01340000 -0.00208500 -0.00107700
v -0.01240000 -0.00333500 -0.00115500
v -0.01030000 -0.00333500 -0.00115500
v -0.01240000 -0.00333500 -0.00107700
v -0.01030000 -0.00333500 -0.00098000
v -0.01030000 -0.00333500 -0.00080500
v -0.01272500 -0.00333500 -0.00080500
v -0.01291000 -0.00333500 -0.00082300
v -0.01308900 -0.00333500 -0.00087500
v -0.01325400 -0.00333500 -0.00096100
v -0.01340000 -0.00333500 -0.00107700
v -0.01240000 -0.00458500 -0.00115500
v -0.01030000 -0.00458500 -0.00115500
v -0.01240000 -0.00458500 -0.00107700
v -0.01030000 -0.00458500 -0.00098000
v -0.01030000 -0.00458500 -0.00080500
v -0.01272500 -0.00458500 -0.00080500
v -0.01291000 -0.00458500 -0.00082300
v -0.01308900 -0.00458500 -0.00087500
v -0.01325400 -0.00458500 -0.00096100
v -0.01340000 -0.00458500 -0.00107700
v -0.01440000 0.00522500 -0.00523000
v -0.01440000 0.00552500 -0.00543000
v -0.01440000 0.00552500 -0.00248000
v -0.01440000 0.00522500 -0.00248000
v -0.01322500 0.00448500 -0.00443000
v -0.01322500 0.00448500 -0.00248000
v -0.01322500 0.00432500 -0.00443000
v -0.01322500 0.00416500 -0.00248000
v -0.01322500 0.00416500 -0.00443000
v -0.01322500 0.00323500 -0.00443000
v -0.01322500 0.00323500 -0.00248000
v -0.01322500 0.00307500 -0.00443000
v -0.01322500 0.00291500 -0.00248000
v -0.01322500 0.00291500 -0.00443000
v -0.01322500 0.00198500 -0.00443000
v -0.01322500 0.00198500 -0.00248000
v -0.01322500 0.00182500 -0.00443000
v -0.01322500 0.00166500 -0.00248000
v -0.01322500 0.00166500 -0.00443000
v -0.01322500 0.00073500 -0.00443000
v -0.01322500 0.00073500 -0.00248000
v -0.01322500 0.00057500 -0.00443000
v -0.01322500 0.00041500 -0.00248000
v -0.01322500 0.00041500 -0.00443000
v -0.01322500 -0.00051500 -0.00443000
v -0.01322500 -0.00051500 -0.00248000
v -0.01322500 -0.00067500 -0.00443000
v -0.01322500 -0.00083500 -0.00248000
v -0.01322500 -0.00083500 -0.00443000
v -0.01322500 -0.00176500 -0.00443000
v -0.01322500 -0.00176500 -0.00248000
v -0.01322500 -0.00192500 -0.00443000
v -0.01322500 -0.00208500 -0.00248000
v -0.01322500 -0.00208500 -0.00443000
v -0.01322500 -0.00301500 -0.00443000
v -0.01322500 -0.00301500 -0.00248000
v -0.01322500 -0.00317500 -0.00443000
v -0.01322500 -0.00333500 -0.00248000
v -0.01322500 -0.00333500 -0.00443000
v -0.01322500 -0.00426500 -0.00443000
v -0.01322500 -0.00426500 -0.00248000
v -0.01322500 -0.00442500 -0.00443000
v -0.01322500 -0.00458500 -0.00248000
v -0.01322500 -0.00458500 -0.00443000
v -0.01440000 -0.00552500 -0.00543000
v -0.01440000 -0.00532500 -0.00523000
v -0.01440000 -0.00552500 -0.00248000
v -0.01440000 -0.00532500 -0.00248000
v -0.01030000 0.00307500 -0.00080500
v -0.01272500 0.00323500 -0.00080500
v -0.01030000 0.00323500 -0.00080500
v -0.01030000 0.00307500 -0.00115500
v -0.01240000 0.00323500 -0.00115500
v -0.01030000 0.00323500 -0.00115500
v -0.01030000 0.00182500 -0.00080500
v -0.01272500 0.00198500 -0.00080500
v -0.01030000 0.00198500 -0.00080500
v -0.01030000 0.00182500 -0.00115500
v -0.01240000 0.00198500 -0.00115500
v -0.01030000 0.00198500 -0.00115500
v -0.01030000 0.00057500 -0.00080500
v -0.01272500 0.00073500 -0.00080500
v -0.01030000 0.00073500 -0.00080500
v -0.01030000 0.00057500 -0.00115500
v -0.01240000 0.00073500 -0.00115500
v -0.01030000 0.00073500 -0.00115500
v -0.01030000 -0.00067500 -0.00080500
v -0.01272500 -0.00051500 -0.00080500
v -0.01030000 -0.00051500 -0.00080500
v -0.01030000 -0.00067500 -0.00115500
v -0.01240000 -0.00051500 -0.00115500
v -0.01030000 -0.00051500 -0.00115500
v -0.01030000 -0.00192500 -0.00080500
v -0.01272500 -0.00176500 -0.00080500
v -0.01030000 -0.00176500 -0.00080500
v -0.01030000 -0.00192500 -0.00115500
v -0.01240000 -0.00176500 -0.00115500
v -0.01030000 -0.00176500 -0.00115500
v -0.01030000 -0.00317500 -0.00080500
v -0.01272500 -0.00301500 -0.00080500
v -0.01030000 -0.00301500 -0.00080500
v -0.01030000 -0.00317500 -0.00115500
v -0.01240000 -0.00301500 -0.00115500
v -0.01030000 -0.00301500 -0.00115500
v -0.01030000 -0.00442500 -0.00080500
v -0.01272500 -0.00426500 -0.00080500
v -0.01030000 -0.00426500 -0.00080500
v -0.01030000 -0.00442500 -0.00115500
v -0.01240000 -0.00426500 -0.00115500
v -0.01030000 -0.00426500 -0.00115500
v -0.01355000 0.00552500 -0.00248000
v -0.01355000 0.00552500 -0.00543000
v -0.01520000 -0.00532500 -0.00523000
v -0.01520000 -0.00532500 -0.00443000
v -0.01520000 -0.00532500 -0.00423000
v -0.01520000 -0.00532500 -0.00248000
v -0.01520000 0.00522500 -0.00248000
v -0.01520000 0.00522500 -0.00423000
v -0.01520000 0.00522500 -0.00443000
v -0.01520000 0.00522500 -0.00523000
v -0.01540000 -0.00497500 -0.00383000
v -0.01540000 0.00487500 -0.00383000
v -0.01520000 -0.00497500 -0.00363000
v -0.01520000 0.00487500 -0.00363000
v -0.01382500 0.00416500 -0.00443000
v -0.01352500 0.00416500 -0.00443000
v -0.01382500 0.00416500 -0.00248000
v -0.01382500 0.00448500 -0.00443000
v -0.01382500 0.00448500 -0.00248000
v -0.01352500 0.00448500 -0.00443000
v -0.01382500 0.00291500 -0.00443000
v -0.01352500 0.00291500 -0.00443000
v -0.01382500 0.00291500 -0.00248000
v -0.01382500 0.00323500 -0.00443000
v -0.01382500 0.00323500 -0.00248000
v -0.01352500 0.00323500 -0.00443000
v -0.01382500 0.00166500 -0.00443000
v -0.01352500 0.00166500 -0.00443000
v -0.01382500 0.00166500 -0.00248000
v -0.01382500 0.00198500 -0.00443000
v -0.01382500 0.00198500 -0.00248000
v -0.01352500 0.00198500 -0.00443000
v -0.01382500 0.00041500 -0.00443000
v -0.01352500 0.00041500 -0.00443000
v -0.01382500 0.00041500 -0.00248000
v -0.01382500 0.00073500 -0.00443000
v -0.01382500 0.00073500 -0.00248000
v -0.01352500 0.00073500 -0.00443000
v -0.01382500 -0.00083500 -0.00443000
v -0.01352500 -0.00083500 -0.00443000
v -0.01382500 -0.00083500 -0.00248000
v -0.01382500 -0.00051500 -0.00443000
v -0.01382500 -0.00051500 -0.00248000
v -0.01352500 -0.00051500 -0.00443000
v -0.01382500 -0.00208500 -0.00443000
v -0.01352500 -0.00208500 -0.00443000
v -0.01382500 -0.00208500 -0.00248000
v -0.01382500 -0.00176500 -0.00443000
v -0.01382500 -0.00176500 -0.00248000
v -0.01352500 -0.00176500 -0.00443000
v -0.01382500 -0.00333500 -0.00443000
v -0.01352500 -0.00333500 -0.00443000
v -0.01382500 -0.00333500 -0.00248000
v -0.01382500 -0.00301500 -0.00443000
v -0.01382500 -0.00301500 -0.00248000
v -0.01352500 -0.00301500 -0.00443000
v -0.01382500 -0.00458500 -0.00443000
v -0.01352500 -0.00458500 -0.00443000
v -0.01382500 -0.00458500 -0.00248000
v -0.01382500 -0.00426500 -0.00443000
v -0.01382500 -0.00426500 -0.00248000
v -0.01352500 -0.00426500 -0.00443000
v -0.01355000 -0.00552500 -0.00248000
v -0.01355000 -0.00552500 -0.00543000
v -0.01240000 0.00416500 -0.00115500
v -0.01030000 0.00416500 -0.00115500
v -0.01240000 0.00416500 -0.00107700
v -0.01030000 0.00416500 -0.00098000
v -0.01030000 0.00416500 -0.00080500
v -0.01272500 0.00416500 -0.00080500
v -0.01291000 0.00416500 -0.00082300
v -0.01308900 0.00416500 -0.00087500
v -0.01325400 0.00416500 -0.00096100
v -0.01340000 0.00416500 -0.00107700
v -0.01520000 0.00487500 -0.00423000
v -0.01540000 0.00522500 -0.00443000
v -0.01540000 0.00487500 -0.00443000
v -0.01560000 0.00487500 -0.00443000
v -0.01560000 0.00487500 -0.00383000
v -0.01560000 -0.00497500 -0.00383000
v -0.01540000 -0.00532500 -0.00443000
v -0.01540000 -0.00497500 -0.00443000
v -0.01520000 -0.00497500 -0.00423000
v -0.01560000 -0.00497500 -0.00443000
v -0.01500000 -0.00470000 -0.00153000
v -0.01500000 -0.00415000 -0.00153000
v -0.01560000 -0.00470000 -0.00153000
v -0.01560000 -0.00415000 -0.00153000
v -0.01500000 -0.00345000 -0.00153000
v -0.01500000 -0.00290000 -0.00153000
v -0.01560000 -0.00345000 -0.00153000
v -0.01560000 -0.00290000 -0.00153000
v -0.01500000 -0.00220000 -0.00153000
v -0.01500000 -0.00165000 -0.00153000
v -0.01560000 -0.00220000 -0.00153000
v -0.01560000 -0.00165000 -0.00153000
v -0.01500000 -0.00095000 -0.00153000
v -0.01500000 -0.00040000 -0.00153000
v -0.01560000 -0.00095000 -0.00153000
v -0.01560000 -0.00040000 -0.00153000
v -0.01500000 0.00030000 -0.00153000
v -0.01500000 0.00085000 -0.00153000
v -0.01560000 0.00030000 -0.00153000
v -0.01560000 0.00085000 -0.00153000
v -0.01500000 0.00155000 -0.00153000
v -0.01500000 0.00210000 -0.00153000
v -0.01560000 0.00155000 -0.00153000
v -0.01560000 0.00210000 -0.00153000
v -0.01500000 0.00280000 -0.00153000
v -0.01500000 0.00335000 -0.00153000
v -0.01560000 0.00280000 -0.00153000
v -0.01560000 0.00335000 -0.00153000
v -0.01500000 0.00405000 -0.00153000
v -0.01500000 0.00460000 -0.00153000
v -0.01560000 0.00405000 -0.00153000
v -0.01560000 0.00460000 -0.00153000
v -0.01240000 0.00323500 -0.00107700
v -0.01030000 0.00323500 -0.00098000
v -0.01291000 0.00323500 -0.00082300
v -0.01308900 0.00323500 -0.00087500
v -0.01325400 0.00323500 -0.00096100
v -0.01340000 0.00323500 -0.00107700
v -0.01240000 0.00198500 -0.00107700
v -0.01030000 0.00198500 -0.00098000
v -0.01291000 0.00198500 -0.00082300
v -0.01308900 0.00198500 -0.00087500
v -0.01325400 0.00198500 -0.00096100
v -0.01340000 0.00198500 -0.00107700
v -0.01240000 0.00073500 -0.00107700
v -0.01030000 0.00073500 -0.00098000
v -0.01291000 0.00073500 -0.00082300
v -0.01308900 0.00073500 -0.00087500
v -0.01325400 0.00073500 -0.00096100
v -0.01340000 0.00073500 -0.00107700
v -0.01240000 -0.00051500 -0.00107700
v -0.01030000 -0.00051500 -0.00098000
v -0.01291000 -0.00051500 -0.00082300
v -0.01308900 -0.00051500 -0.00087500
v -0.01325400 -0.00051500 -0.00096100
v -0.01340000 -0.00051500 -0.00107700
v -0.01240000 -0.00176500 -0.00107700
v -0.01030000 -0.00176500 -0.00098000
v -0.01291000 -0.00176500 -0.00082300
v -0.01308900 -0.00176500 -0.00087500
v -0.01325400 -0.00176500 -0.00096100
v -0.01340000 -0.00176500 -0.00107700
v -0.01240000 -0.00301500 -0.00107700
v -0.01030000 -0.00301500 -0.00098000
v -0.01291000 -0.00301500 -0.00082300
v -0.01308900 -0.00301500 -0.00087500
v -0.01325400 -0.00301500 -0.00096100
v -0.01340000 -0.00301500 -0.00107700
v -0.01240000 -0.00426500 -0.00107700
v -0.01030000 -0.00426500 -0.00098000
v -0.01291000 -0.00426500 -0.00082300
v -0.01308900 -0.00426500 -0.00087500
v -0.01325400 -0.00426500 -0.00096100
v -0.01340000 -0.00426500 -0.00107700
v -0.01355000 0.00522500 -0.00248000
v -0.01355000 0.00522500 -0.00523000
v -0.01382500 0.00432500 -0.00443000
v -0.01382500 0.00307500 -0.00443000
v -0.01382500 0.00182500 -0.00443000
v -0.01382500 0.00057500 -0.00443000
v -0.01382500 -0.00067500 -0.00443000
v -0.01382500 -0.00192500 -0.00443000
v -0.01382500 -0.00317500 -0.00443000
v -0.01382500 -0.00442500 -0.00443000
v -0.01355000 -0.00532500 -0.00523000
v -0.01355000 -0.00532500 -0.00248000
v -0.01030000 0.00432500 -0.00080500
v -0.01272500 0.00448500 -0.00080500
v -0.01030000 0.00448500 -0.00080500
v -0.01030000 0.00432500 -0.00115500
v -0.01240000 0.00448500 -0.00115500
v -0.01030000 0.00448500 -0.00115500
v -0.01520000 0.00582500 -0.00443000
v -0.01560000 0.00582500 -0.00443000
v -0.01520000 0.00537500 -0.00148000
v -0.01520000 0.00582500 -0.00148000
v -0.01560000 0.00537500 -0.00148000
v -0.01560000 0.00582500 -0.00148000
v -0.01560000 -0.00547500 -0.00148000
v -0.01560000 -0.00592500 -0.00148000
v -0.01520000 -0.00547500 -0.00148000
v -0.01520000 -0.00592500 -0.00148000
v -0.01560000 0.00537500 -0.00123000
v -0.01560000 0.00460000 -0.00123000
v -0.01560000 0.00335000 -0.00123000
v -0.01560000 0.00085000 -0.00123000
v -0.01560000 0.00155000 -0.00123000
v -0.01560000 -0.00592500 -0.00443000
v -0.01560000 -0.00547500 -0.00123000
v -0.01560000 -0.00470000 -0.00123000
v -0.01560000 -0.00415000 -0.00123000
v -0.01560000 -0.00345000 -0.00123000
v -0.01560000 -0.00290000 -0.00123000
v -0.01560000 -0.00220000 -0.00123000
v -0.01560000 -0.00165000 -0.00123000
v -0.01560000 -0.00095000 -0.00123000
v -0.01560000 -0.00040000 -0.00123000
v -0.01560000 0.00030000 -0.00123000
v -0.01560000 0.00210000 -0.00123000
v -0.01560000 0.00280000 -0.00123000
v -0.01560000 0.00405000 -0.00123000
v -0.01520000 -0.00592500 -0.00443000
v -0.01520000 -0.00592500 -0.00123000
v -0.01520000 -0.00547500 -0.00123000
v -0.01500000 -0.00470000 -0.00123000
v -0.01500000 -0.00415000 -0.00123000
v -0.01500000 -0.00345000 -0.00123000
v -0.01500000 -0.00290000 -0.00123000
v -0.01500000 -0.00220000 -0.00123000
v -0.01500000 -0.00165000 -0.00123000
v -0.01500000 -0.00095000 -0.00123000
v -0.01500000 -0.00040000 -0.00123000
v -0.01500000 0.00030000 -0.00123000
v -0.01500000 0.00085000 -0.00123000
v -0.01500000 0.00155000 -0.00123000
v -0.01500000 0.00210000 -0.00123000
v -0.01500000 0.00280000 -0.00123000
v -0.01500000 0.00335000 -0.00123000
v -0.01500000 0.00405000 -0.00123000
v -0.01500000 0.00460000 -0.00123000
v -0.01520000 0.00537500 -0.00123000
v -0.01520000 0.00582500 -0.00123000
v -0.01280000 0.00522500 -0.00523000
v -0.01280000 0.00522500 -0.00248000
v -0.01280000 -0.00532500 -0.00248000
v -0.01280000 -0.00532500 -0.00523000
v -0.01340000 -0.00420000 -0.00073000
v -0.01340000 -0.00340000 -0.00073000
v -0.01340000 -0.00410000 -0.00063000
v -0.01340000 -0.00333500 -0.00123000
v -0.01340000 -0.00426500 -0.00123000
v -0.01340000 -0.00295000 -0.00073000
v -0.01340000 -0.00215000 -0.00073000
v -0.01340000 -0.00285000 -0.00063000
v -0.01340000 -0.00208500 -0.00123000
v -0.01340000 -0.00301500 -0.00123000
v -0.01340000 -0.00170000 -0.00073000
v -0.01340000 -0.00090000 -0.00073000
v -0.01340000 -0.00160000 -0.00063000
v -0.01340000 -0.00083500 -0.00123000
v -0.01340000 -0.00176500 -0.00123000
v -0.01340000 -0.00045000 -0.00073000
v -0.01340000 0.00035000 -0.00073000
v -0.01340000 -0.00035000 -0.00063000
v -0.01340000 0.00041500 -0.00123000
v -0.01340000 -0.00051500 -0.00123000
v -0.01340000 0.00080000 -0.00073000
v -0.01340000 0.00160000 -0.00073000
v -0.01340000 0.00090000 -0.00063000
v -0.01340000 0.00166500 -0.00123000
v -0.01340000 0.00073500 -0.00123000
v -0.01340000 0.00205000 -0.00073000
v -0.01340000 0.00285000 -0.00073000
v -0.01340000 0.00215000 -0.00063000
v -0.01340000 0.00198500 -0.00123000
v -0.01340000 0.00291500 -0.00123000
v -0.01340000 0.00330000 -0.00073000
v -0.01340000 0.00410000 -0.00073000
v -0.01340000 0.00340000 -0.00063000
v -0.01340000 0.00323500 -0.00123000
v -0.01340000 0.00416500 -0.00123000
v -0.01240000 0.00448500 -0.00107700
v -0.01030000 0.00448500 -0.00098000
v -0.01291000 0.00448500 -0.00082300
v -0.01308900 0.00448500 -0.00087500
v -0.01325400 0.00448500 -0.00096100
v -0.01340000 0.00448500 -0.00107700
v -0.01460000 0.00502500 -0.00123000
v -0.01410000 0.00502500 0.00007000
v -0.01460000 0.00582500 -0.00123000
v -0.01410000 0.00582500 0.00007000
v -0.01210000 0.00502500 0.00007000
v -0.01210000 0.00582500 0.00007000
v -0.01210000 0.00502500 -0.00543000
v -0.01210000 0.00582500 -0.00543000
v -0.01340000 0.00455000 -0.00073000
v -0.01340000 0.00502500 -0.00063000
v -0.01340000 0.00502500 -0.00123000
v -0.01340000 0.00448500 -0.00123000
v -0.01260000 -0.00552500 -0.00543000
v -0.01260000 0.00542500 -0.00543000
v -0.01355000 0.00542500 -0.00543000
v -0.01440000 0.00542500 -0.00543000
v -0.01520000 0.00542500 -0.00543000
v -0.01520000 0.00582500 -0.00543000
v -0.01460000 -0.00592500 -0.00123000
v -0.01210000 -0.00592500 -0.00543000
v -0.01520000 -0.00592500 -0.00543000
v -0.01210000 -0.00592500 0.00007000
v -0.01410000 -0.00592500 0.00007000
v -0.01520000 -0.00552500 -0.00543000
v -0.01460000 -0.00512500 -0.00123000
v -0.01410000 -0.00512500 0.00007000
v -0.01340000 -0.00512500 -0.00123000
v -0.01353000 -0.00458500 -0.00123000
v -0.01353000 -0.00426500 -0.00123000
v -0.01353000 -0.00333500 -0.00123000
v -0.01353000 -0.00301500 -0.00123000
v -0.01353000 -0.00208500 -0.00123000
v -0.01353000 -0.00176500 -0.00123000
v -0.01353000 -0.00083500 -0.00123000
v -0.01353000 -0.00051500 -0.00123000
v -0.01353000 0.00041500 -0.00123000
v -0.01353000 0.00073500 -0.00123000
v -0.01353000 0.00166500 -0.00123000
v -0.01353000 0.00198500 -0.00123000
v -0.01353000 0.00291500 -0.00123000
v -0.01353000 0.00323500 -0.00123000
v -0.01353000 0.00416500 -0.00123000
v -0.01340000 -0.00458500 -0.00123000
v -0.01353000 0.00448500 -0.00123000
v -0.01210000 -0.00512500 -0.00543000
v -0.01210000 -0.00512500 0.00007000
v -0.01340000 -0.00512500 -0.00063000
v -0.01340000 -0.00465000 -0.00073000
v -0.01280000 0.00315000 -0.00283000
v -0.01280000 -0.00325000 -0.00283000
v -0.01280000 -0.00435000 -0.00283000
v -0.01280000 0.00425000 -0.00398000
v -0.01280000 0.00425000 -0.00283000
v -0.01280000 0.00315000 -0.00398000
v -0.01280000 -0.00325000 -0.00398000
v -0.01280000 -0.00435000 -0.00398000
v -0.01240000 -0.00420000 -0.00073000
v -0.01240000 -0.00410000 -0.00063000
v -0.01240000 -0.00350000 -0.00063000
v -0.01340000 -0.00350000 -0.00063000
v -0.01240000 -0.00340000 -0.00073000
v -0.01240000 -0.00295000 -0.00073000
v -0.01240000 -0.00285000 -0.00063000
v -0.01240000 -0.00225000 -0.00063000
v -0.01340000 -0.00225000 -0.00063000
v -0.01240000 -0.00215000 -0.00073000
v -0.01240000 -0.00170000 -0.00073000
v -0.01240000 -0.00160000 -0.00063000
v -0.01240000 -0.00100000 -0.00063000
v -0.01340000 -0.00100000 -0.00063000
v -0.01240000 -0.00090000 -0.00073000
v -0.01240000 -0.00045000 -0.00073000
v -0.01240000 -0.00035000 -0.00063000
v -0.01240000 0.00025000 -0.00063000
v -0.01340000 0.00025000 -0.00063000
v -0.01240000 0.00035000 -0.00073000
v -0.01240000 0.00080000 -0.00073000
v -0.01240000 0.00090000 -0.00063000
v -0.01240000 0.00150000 -0.00063000
v -0.01340000 0.00150000 -0.00063000
v -0.01240000 0.00160000 -0.00073000
v -0.01240000 0.00205000 -0.00073000
v -0.01240000 0.00215000 -0.00063000
v -0.01240000 0.00275000 -0.00063000
v -0.01340000 0.00275000 -0.00063000
v -0.01240000 0.00285000 -0.00073000
v -0.01240000 0.00330000 -0.00073000
v -0.01240000 0.00340000 -0.00063000
v -0.01340000 0.00400000 -0.00063000
v -0.01240000 0.00400000 -0.00063000
v -0.01240000 0.00410000 -0.00073000
v -0.01240000 0.00455000 -0.00073000
v -0.01240000 0.00465000 -0.00063000
v -0.01340000 0.00465000 -0.00063000
v -0.01240000 0.00502500 -0.00063000
v -0.01240000 0.00502500 -0.00543000
v -0.01240000 -0.00512500 -0.00543000
v -0.01240000 -0.00512500 -0.00063000
v -0.01240000 -0.00475000 -0.00063000
v -0.01340000 -0.00475000 -0.00063000
v -0.01240000 -0.00465000 -0.00073000
v -0.01240000 -0.00435000 -0.00398000
v -0.01240000 -0.00325000 -0.00398000
v -0.01240000 -0.00325000 -0.00283000
v -0.01240000 -0.00435000 -0.00283000
v -0.01240000 0.00315000 -0.00398000
v -0.01240000 0.00425000 -0.00398000
v -0.01240000 0.00425000 -0.00283000
v -0.01240000 0.00315000 -0.00283000
v -0.00845000 -0.01260000 0.02446700
v -0.00770000 -0.01260000 0.02403400
v -0.00845000 -0.01260000 0.02533300
v -0.00695000 -0.01260000 0.02446700
v -0.00770000 -0.01260000 0.02576600
v -0.00695000 -0.01260000 0.02533300
v -0.00845000 -0.01360000 0.02446700
v -0.00845000 -0.01360000 0.02533300
v -0.00770000 -0.01360000 0.02576600
v -0.00695000 -0.01360000 0.02533300
v -0.00695000 -0.01360000 0.02446700
v -0.00770000 -0.01360000 0.02403400
v -0.00829100 -0.01360000 0.02652300
v -0.00919500 -0.01360000 0.02576300
v -0.00940100 -0.01360000 0.02460000
v -0.00881000 -0.01360000 0.02357700
v -0.00770000 -0.01360000 0.02317300
v -0.00659000 -0.01360000 0.02357700
v -0.00599900 -0.01360000 0.02460000
v -0.00620500 -0.01360000 0.02576300
v -0.00710900 -0.01360000 0.02652300
v -0.00847300 -0.01350000 0.02663600
v -0.00934500 -0.01350000 0.02585000
v -0.00959000 -0.01350000 0.02470100
v -0.00730500 -0.01350000 0.02675800
v -0.00628800 -0.01350000 0.02617100
v -0.00581000 -0.01350000 0.02509900
v -0.00605500 -0.01350000 0.02395000
v -0.00692700 -0.01350000 0.02316400
v -0.00809500 -0.01350000 0.02304200
v -0.00911200 -0.01350000 0.02362900
v -0.00692700 -0.01160000 0.02316400
v -0.00605500 -0.01160000 0.02395000
v -0.00581000 -0.01160000 0.02509900
v -0.00628800 -0.01160000 0.02617100
v -0.00730500 -0.01160000 0.02675800
v -0.00847300 -0.01160000 0.02663600
v -0.00934500 -0.01160000 0.02585000
v -0.00959000 -0.01160000 0.02470100
v -0.00911200 -0.01160000 0.02362900
v -0.00809500 -0.01160000 0.02304200
v -0.00683400 -0.00160000 0.02440000
v -0.00735800 -0.00160000 0.02396000
v -0.00671500 -0.00160000 0.02507400
v -0.00804200 -0.00160000 0.02396000
v -0.00705700 -0.00160000 0.02566600
v -0.00856600 -0.00160000 0.02440000
v -0.00770000 -0.00160000 0.02590000
v -0.00868500 -0.00160000 0.02507400
v -0.00834300 -0.00160000 0.02566600
v -0.00683400 -0.01160000 0.02440000
v -0.00735800 -0.01160000 0.02396000
v -0.00804200 -0.01160000 0.02396000
v -0.00856600 -0.01160000 0.02440000
v -0.00868500 -0.01160000 0.02507400
v -0.00834300 -0.01160000 0.02566600
v -0.00770000 -0.01160000 0.02590000
v -0.00705700 -0.01160000 0.02566600
v -0.00671500 -0.01160000 0.02507400
v 0.00770000 -0.01260000 0.02576600
v 0.00695000 -0.01260000 0.02533300
v 0.00845000 -0.01260000 0.02533300
v 0.00695000 -0.01260000 0.02446700
v 0.00845000 -0.01260000 0.02446700
v 0.00770000 -0.01260000 0.02403400
v 0.00770000 -0.01360000 0.02576600
v 0.00845000 -0.01360000 0.02533300
v 0.00845000 -0.01360000 0.02446700
v 0.00770000 -0.01360000 0.02403400
v 0.00695000 -0.01360000 0.02446700
v 0.00695000 -0.01360000 0.02533300
v 0.00940100 -0.01360000 0.02460000
v 0.00919500 -0.01360000 0.02576300
v 0.00829100 -0.01360000 0.02652300
v 0.00710900 -0.01360000 0.02652300
v 0.00620500 -0.01360000 0.02576300
v 0.00599900 -0.01360000 0.02460000
v 0.00659000 -0.01360000 0.02357700
v 0.00770000 -0.01360000 0.02317300
v 0.00881000 -0.01360000 0.02357700
v 0.00959000 -0.01350000 0.02470100
v 0.00934500 -0.01350000 0.02585000
v 0.00847300 -0.01350000 0.02663600
v 0.00911200 -0.01350000 0.02362900
v 0.00809500 -0.01350000 0.02304200
v 0.00692700 -0.01350000 0.02316400
v 0.00605500 -0.01350000 0.02395000
v 0.00581000 -0.01350000 0.02509900
v 0.00628800 -0.01350000 0.02617100
v 0.00730500 -0.01350000 0.02675800
v 0.00581000 -0.01160000 0.02509900
v 0.00605500 -0.01160000 0.02395000
v 0.00692700 -0.01160000 0.02316400
v 0.00809500 -0.01160000 0.02304200
v 0.00911200 -0.01160000 0.02362900
v 0.00959000 -0.01160000 0.02470100
v 0.00934500 -0.01160000 0.02585000
v 0.00847300 -0.01160000 0.02663600
v 0.00730500 -0.01160000 0.02675800
v 0.00628800 -0.01160000 0.02617100
v 0.00683400 -0.00160000 0.02440000
v 0.00671500 -0.00160000 0.02507400
v 0.00735800 -0.00160000 0.02396000
v 0.00705700 -0.00160000 0.02566600
v 0.00804200 -0.00160000 0.02396000
v 0.00770000 -0.00160000 0.02590000
v 0.00856600 -0.00160000 0.02440000
v 0.00834300 -0.00160000 0.02566600
v 0.00868500 -0.00160000 0.02507400
v 0.00683400 -0.01160000 0.02440000
v 0.00671500 -0.01160000 0.02507400
v 0.00705700 -0.01160000 0.02566600
v 0.00770000 -0.01160000 0.02590000
v 0.00834300 -0.01160000 0.02566600
v 0.00868500 -0.01160000 0.02507400
v 0.00856600 -0.01160000 0.02440000
v 0.00804200 -0.01160000 0.02396000
v 0.00735800 -0.01160000 0.02396000
v -0.00268100 -0.01200000 0.04915000
v -0.00350000 -0.01200000 0.05140000
v -0.00300000 -0.01200000 0.05140000
v -0.00268100 -0.01200000 0.05365000
v -0.00229800 -0.01200000 0.05332800
v -0.00060800 -0.01200000 0.05484700
v -0.00052100 -0.01200000 0.05435400
v 0.00150000 -0.01200000 0.05399800
v 0.00175000 -0.01200000 0.05443100
v 0.00281900 -0.01200000 0.05242600
v 0.00328900 -0.01200000 0.05259700
v 0.00328900 -0.01200000 0.05020300
v 0.00281900 -0.01200000 0.05037400
v 0.00175000 -0.01200000 0.04836900
v 0.00150000 -0.01200000 0.04880200
v -0.00060800 -0.01200000 0.04795300
v -0.00052100 -0.01200000 0.04844600
v -0.00229800 -0.01200000 0.04947200
v -0.00350000 -0.01220000 0.05140000
v -0.00268100 -0.01220000 0.05365000
v -0.00060800 -0.01220000 0.05484700
v 0.00175000 -0.01220000 0.05443100
v 0.00328900 -0.01220000 0.05259700
v 0.00328900 -0.01220000 0.05020300
v 0.00175000 -0.01220000 0.04836900
v -0.00060800 -0.01220000 0.04795300
v -0.00268100 -0.01220000 0.04915000
v 0.00498500 -0.01160000 0.05426600
v 0.00570400 -0.01160000 0.05067600
v 0.00498500 -0.01220000 0.05426600
v 0.00570400 -0.01220000 0.05067600
v 0.00411100 -0.01160000 0.04738000
v 0.00411100 -0.01220000 0.04738000
v 0.00085100 -0.01160000 0.04571300
v 0.00085100 -0.01220000 0.04571300
v -0.00275300 -0.01160000 0.04635200
v -0.00275300 -0.01220000 0.04635200
v -0.00524200 -0.01160000 0.04903700
v -0.00524200 -0.01220000 0.04903700
v -0.00560600 -0.01160000 0.05268000
v -0.00560600 -0.01220000 0.05268000
v -0.00369700 -0.01160000 0.05580400
v -0.00369700 -0.01220000 0.05580400
v -0.00028900 -0.01160000 0.05714300
v -0.00028900 -0.01220000 0.05714300
v -0.00229800 -0.01020000 0.04947200
v -0.00300000 -0.01020000 0.05140000
v -0.00229800 -0.01020000 0.05332800
v -0.00052100 -0.01020000 0.05435400
v 0.00150000 -0.01020000 0.05399800
v 0.00281900 -0.01020000 0.05242600
v 0.00281900 -0.01020000 0.05037400
v 0.00150000 -0.01020000 0.04880200
v -0.00052100 -0.01020000 0.04844600
v -0.00850400 -0.01120000 0.02557500
v -0.00875000 -0.01160000 0.02490000
v -0.00850400 -0.01160000 0.02422500
v -0.00850400 -0.01120000 0.02422500
v -0.00788200 -0.01160000 0.02386600
v -0.00788200 -0.01120000 0.02386600
v -0.00717500 -0.01160000 0.02399100
v -0.00717500 -0.01120000 0.02399100
v -0.00671300 -0.01160000 0.02454100
v -0.00671300 -0.01120000 0.02454100
v -0.00671300 -0.01160000 0.02525900
v -0.00671300 -0.01120000 0.02525900
v -0.00717500 -0.01160000 0.02580900
v -0.00717500 -0.01120000 0.02580900
v -0.00788200 -0.01160000 0.02593400
v -0.00788200 -0.01120000 0.02593400
v -0.00850400 -0.01160000 0.02557500
v 0.00689600 -0.01120000 0.02557500
v 0.00665000 -0.01160000 0.02490000
v 0.00689600 -0.01160000 0.02422500
v 0.00689600 -0.01120000 0.02422500
v 0.00751800 -0.01160000 0.02386600
v 0.00751800 -0.01120000 0.02386600
v 0.00822500 -0.01160000 0.02399100
v 0.00822500 -0.01120000 0.02399100
v 0.00868700 -0.01160000 0.02454100
v 0.00868700 -0.01120000 0.02454100
v 0.00868700 -0.01160000 0.02525900
v 0.00868700 -0.01120000 0.02525900
v 0.00822500 -0.01160000 0.02580900
v 0.00822500 -0.01120000 0.02580900
v 0.00751800 -0.01160000 0.02593400
v 0.00751800 -0.01120000 0.02593400
v 0.00689600 -0.01160000 0.02557500
v 0.00160100 -0.01220000 0.05644100
v 0.00337200 -0.01220000 0.05547600
v 0.00680000 -0.01160000 0.02800000
v 0.00680000 -0.01360000 0.02800000
v 0.00693400 -0.01160000 0.02750000
v 0.00693400 -0.01360000 0.02750000
v 0.00730000 -0.01360000 0.02713400
v 0.00730000 -0.01160000 0.02713400
v 0.00780000 -0.01360000 0.02700000
v 0.00780000 -0.01160000 0.02700000
v -0.00288100 -0.01160000 0.05763800
v -0.00420000 -0.01160000 0.05770000
v -0.00680000 -0.01160000 0.05770000
v -0.00830000 -0.01160000 0.05729800
v -0.00939800 -0.01160000 0.05620000
v -0.00980000 -0.01160000 0.05470000
v -0.00980000 -0.01160000 0.02700000
v -0.00157300 -0.01160000 0.05745100
v 0.00680000 -0.01160000 0.05040800
v 0.00660500 -0.01160000 0.05179200
v 0.00603400 -0.01160000 0.05306700
v 0.00513300 -0.01160000 0.05413500
v 0.00508400 -0.01160000 0.05417900
v 0.00503500 -0.01160000 0.05422200
v -0.00200000 -0.01020000 0.05140000
v -0.00153200 -0.01020000 0.05268600
v -0.00034700 -0.01020000 0.05337000
v 0.00100000 -0.01020000 0.05313200
v 0.00187900 -0.01020000 0.05208400
v 0.00187900 -0.01020000 0.05071600
v 0.00100000 -0.01020000 0.04966800
v -0.00034700 -0.01020000 0.04943000
v -0.00153200 -0.01020000 0.05011400
v 0.00980000 -0.01120000 0.02700000
v 0.00382600 -0.01120000 0.02391500
v 0.00450000 -0.01120000 0.02403400
v 0.00494000 -0.01120000 0.02455800
v 0.00494000 -0.01120000 0.02524200
v 0.00450000 -0.01120000 0.02576600
v -0.00980000 -0.01120000 0.02700000
v 0.00382600 -0.01120000 0.02588500
v -0.00417400 -0.01120000 0.02588500
v -0.00476600 -0.01120000 0.02554300
v -0.00500000 -0.01120000 0.02490000
v -0.00476600 -0.01120000 0.02425700
v -0.00417400 -0.01120000 0.02391500
v 0.00323400 -0.01120000 0.02425700
v -0.00306000 -0.01120000 0.02455800
v 0.00300000 -0.01120000 0.02490000
v -0.00306000 -0.01120000 0.02524200
v 0.00323400 -0.01120000 0.02554300
v -0.00350000 -0.01120000 0.02576600
v -0.00350000 -0.01120000 0.02403400
v -0.00616800 -0.01160000 0.02618600
v -0.00570000 -0.01160000 0.02490000
v -0.00616800 -0.01160000 0.02361400
v -0.00735300 -0.01160000 0.02293000
v -0.00870000 -0.01160000 0.02316800
v -0.00957900 -0.01160000 0.02421600
v -0.00957900 -0.01160000 0.02558400
v -0.00870000 -0.01160000 0.02663200
v -0.00735300 -0.01160000 0.02687000
v 0.00970000 -0.01160000 0.02490000
v 0.00923200 -0.01160000 0.02618600
v 0.00923200 -0.01160000 0.02361400
v 0.00804700 -0.01160000 0.02687000
v 0.00670000 -0.01160000 0.02663200
v 0.00582100 -0.01160000 0.02558400
v 0.00582100 -0.01160000 0.02421600
v 0.00670000 -0.01160000 0.02316800
v 0.00804700 -0.01160000 0.02293000
v -0.00980000 -0.01360000 0.05470000
v -0.00939800 -0.01360000 0.05620000
v -0.00830000 -0.01360000 0.05729800
v -0.00680000 -0.01360000 0.05770000
v -0.00420000 -0.01360000 0.05770000
v 0.00513300 -0.01360000 0.05413500
v 0.00234500 -0.01360000 0.05607600
v -0.00082800 -0.01360000 0.05728800
v 0.00680000 -0.01360000 0.05040800
v 0.00660500 -0.01360000 0.05179200
v 0.00603400 -0.01360000 0.05306700
v 0.00980000 -0.01360000 0.02700000
v -0.00200000 -0.01360000 0.05140000
v -0.00153200 -0.01360000 0.05011400
v -0.00034700 -0.01360000 0.04943000
v 0.00100000 -0.01360000 0.04966800
v 0.00187900 -0.01360000 0.05071600
v 0.00187900 -0.01360000 0.05208400
v 0.00100000 -0.01360000 0.05313200
v -0.00034700 -0.01360000 0.05337000
v -0.00153200 -0.01360000 0.05268600
v -0.00500000 -0.01360000 0.02490000
v -0.00476600 -0.01360000 0.02425700
v -0.00417400 -0.01360000 0.02391500
v -0.00350000 -0.01360000 0.02403400
v -0.00306000 -0.01360000 0.02455800
v -0.00306000 -0.01360000 0.02524200
v -0.00350000 -0.01360000 0.02576600
v -0.00417400 -0.01360000 0.02588500
v -0.00476600 -0.01360000 0.02554300
v 0.00300000 -0.01360000 0.02490000
v 0.00323400 -0.01360000 0.02425700
v 0.00382600 -0.01360000 0.02391500
v 0.00450000 -0.01360000 0.02403400
v 0.00494000 -0.01360000 0.02455800
v 0.00494000 -0.01360000 0.02524200
v 0.00450000 -0.01360000 0.02576600
v 0.00382600 -0.01360000 0.02588500
v 0.00323400 -0.01360000 0.02554300
v -0.00570000 -0.01360000 0.02490000
v -0.00616800 -0.01360000 0.02618600
v -0.00735300 -0.01360000 0.02687000
v -0.00870000 -0.01360000 0.02663200
v -0.00957900 -0.01360000 0.02558400
v -0.00957900 -0.01360000 0.02421600
v -0.00870000 -0.01360000 0.02316800
v -0.00735300 -0.01360000 0.02293000
v -0.00616800 -0.01360000 0.02361400
v 0.00935600 -0.01360000 0.02377900
v 0.00970000 -0.01360000 0.02490000
v 0.00955700 -0.01360000 0.02564300
v 0.00844300 -0.01360000 0.02304300
v 0.00727500 -0.01360000 0.02294600
v 0.00625300 -0.01360000 0.02352000
v 0.00572800 -0.01360000 0.02456800
v 0.00588100 -0.01360000 0.02573100
v 0.00665900 -0.01360000 0.02660800
v 0.00779500 -0.01360000 0.02689800
v 0.00853100 -0.01360000 0.02671900
v 0.00914700 -0.01360000 0.02628000
v 0.00770000 0.01240000 0.02576600
v 0.00845000 0.01240000 0.02533300
v 0.00695000 0.01240000 0.02533300
v 0.00845000 0.01240000 0.02446700
v 0.00695000 0.01240000 0.02446700
v 0.00770000 0.01240000 0.02403400
v 0.00770000 0.01340000 0.02576600
v 0.00695000 0.01340000 0.02533300
v 0.00695000 0.01340000 0.02446700
v 0.00770000 0.01340000 0.02403400
v 0.00845000 0.01340000 0.02446700
v 0.00845000 0.01340000 0.02533300
v 0.00599900 0.01340000 0.02460000
v 0.00620500 0.01340000 0.02576300
v 0.00710900 0.01340000 0.02652300
v 0.00829100 0.01340000 0.02652300
v 0.00919500 0.01340000 0.02576300
v 0.00940100 0.01340000 0.02460000
v 0.00881000 0.01340000 0.02357700
v 0.00770000 0.01340000 0.02317300
v 0.00659000 0.01340000 0.02357700
v 0.00581000 0.01330000 0.02470100
v 0.00605500 0.01330000 0.02585000
v 0.00692700 0.01330000 0.02663600
v 0.00628800 0.01330000 0.02362900
v 0.00730500 0.01330000 0.02304200
v 0.00847300 0.01330000 0.02316400
v 0.00934500 0.01330000 0.02395000
v 0.00959000 0.01330000 0.02509900
v 0.00911200 0.01330000 0.02617100
v 0.00809500 0.01330000 0.02675800
v 0.00959000 0.01140000 0.02509900
v 0.00934500 0.01140000 0.02395000
v 0.00847300 0.01140000 0.02316400
v 0.00730500 0.01140000 0.02304200
v 0.00628800 0.01140000 0.02362900
v 0.00581000 0.01140000 0.02470100
v 0.00605500 0.01140000 0.02585000
v 0.00692700 0.01140000 0.02663600
v 0.00809500 0.01140000 0.02675800
v 0.00911200 0.01140000 0.02617100
v 0.00856600 0.00140000 0.02440000
v 0.00868500 0.00140000 0.02507400
v 0.00804200 0.00140000 0.02396000
v 0.00834300 0.00140000 0.02566600
v 0.00735800 0.00140000 0.02396000
v 0.00770000 0.00140000 0.02590000
v 0.00683400 0.00140000 0.02440000
v 0.00705700 0.00140000 0.02566600
v 0.00671500 0.00140000 0.02507400
v 0.00856600 0.01140000 0.02440000
v 0.00868500 0.01140000 0.02507400
v 0.00834300 0.01140000 0.02566600
v 0.00770000 0.01140000 0.02590000
v 0.00705700 0.01140000 0.02566600
v 0.00671500 0.01140000 0.02507400
v 0.00683400 0.01140000 0.02440000
v 0.00735800 0.01140000 0.02396000
v 0.00804200 0.01140000 0.02396000
v -0.00845000 0.01240000 0.02533300
v -0.00770000 0.01240000 0.02576600
v -0.00845000 0.01240000 0.02446700
v -0.00695000 0.01240000 0.02533300
v -0.00770000 0.01240000 0.02403400
v -0.00695000 0.01240000 0.02446700
v -0.00845000 0.01340000 0.02533300
v -0.00845000 0.01340000 0.02446700
v -0.00770000 0.01340000 0.02403400
v -0.00695000 0.01340000 0.02446700
v -0.00695000 0.01340000 0.02533300
v -0.00770000 0.01340000 0.02576600
v -0.00829100 0.01340000 0.02327700
v -0.00919500 0.01340000 0.02403700
v -0.00940100 0.01340000 0.02520000
v -0.00881000 0.01340000 0.02622300
v -0.00770000 0.01340000 0.02662700
v -0.00659000 0.01340000 0.02622300
v -0.00599900 0.01340000 0.02520000
v -0.00620500 0.01340000 0.02403700
v -0.00710900 0.01340000 0.02327700
v -0.00847300 0.01330000 0.02316400
v -0.00934500 0.01330000 0.02395000
v -0.00959000 0.01330000 0.02509900
v -0.00730500 0.01330000 0.02304200
v -0.00628800 0.01330000 0.02362900
v -0.00581000 0.01330000 0.02470100
v -0.00605500 0.01330000 0.02585000
v -0.00692700 0.01330000 0.02663600
v -0.00809500 0.01330000 0.02675800
v -0.00911200 0.01330000 0.02617100
v -0.00692700 0.01140000 0.02663600
v -0.00605500 0.01140000 0.02585000
v -0.00581000 0.01140000 0.02470100
v -0.00628800 0.01140000 0.02362900
v -0.00730500 0.01140000 0.02304200
v -0.00847300 0.01140000 0.02316400
v -0.00934500 0.01140000 0.02395000
v -0.00959000 0.01140000 0.02509900
v -0.00911200 0.01140000 0.02617100
v -0.00809500 0.01140000 0.02675800
v -0.00683400 0.00140000 0.02540000
v -0.00735800 0.00140000 0.02584000
v -0.00671500 0.00140000 0.02472600
v -0.00804200 0.00140000 0.02584000
v -0.00705700 0.00140000 0.02413400
v -0.00856600 0.00140000 0.02540000
v -0.00770000 0.00140000 0.02390000
v -0.00868500 0.00140000 0.02472600
v -0.00834300 0.00140000 0.02413400
v -0.00683400 0.01140000 0.02540000
v -0.00735800 0.01140000 0.02584000
v -0.00804200 0.01140000 0.02584000
v -0.00856600 0.01140000 0.02540000
v -0.00868500 0.01140000 0.02472600
v -0.00834300 0.01140000 0.02413400
v -0.00770000 0.01140000 0.02390000
v -0.00705700 0.01140000 0.02413400
v -0.00671500 0.01140000 0.02472600
v 0.00249000 0.01070000 0.04931100
v 0.00325000 0.01040000 0.05140000
v 0.00325000 0.01070000 0.05140000
v 0.00249000 0.01040000 0.05348900
v 0.00249000 0.01070000 0.05348900
v 0.00056400 0.01040000 0.05460100
v 0.00056400 0.01070000 0.05460100
v -0.00162500 0.01040000 0.05421500
v -0.00162500 0.01070000 0.05421500
v -0.00305400 0.01040000 0.05251200
v -0.00305400 0.01070000 0.05251200
v -0.00305400 0.01040000 0.05028800
v -0.00305400 0.01070000 0.05028800
v -0.00162500 0.01040000 0.04858500
v -0.00162500 0.01070000 0.04858500
v 0.00056400 0.01040000 0.04819900
v 0.00056400 0.01070000 0.04819900
v 0.00249000 0.01040000 0.04931100
v 0.00291100 0.01040000 0.04895700
v 0.00380000 0.01040000 0.05140000
v 0.00291100 0.01040000 0.05384300
v 0.00066000 0.01040000 0.05514200
v -0.00190000 0.01040000 0.05469100
v -0.00357100 0.01040000 0.05270000
v -0.00357100 0.01040000 0.05010000
v -0.00190000 0.01040000 0.04810900
v 0.00066000 0.01040000 0.04765800
v 0.00225000 0.01070000 0.04965000
v 0.00225000 0.01240000 0.04965000
v 0.00218300 0.01070000 0.04940000
v 0.00218300 0.01240000 0.04940000
v 0.00200000 0.01240000 0.04921700
v 0.00200000 0.01070000 0.04921700
v 0.00175000 0.01240000 0.04915000
v 0.00175000 0.01070000 0.04915000
v 0.00175000 0.01240000 0.05365000
v 0.00200000 0.01240000 0.05358300
v 0.00175000 0.01070000 0.05365000
v 0.00200000 0.01070000 0.05358300
v 0.00218300 0.01240000 0.05340000
v 0.00218300 0.01070000 0.05340000
v 0.00225000 0.01070000 0.05315000
v 0.00225000 0.01240000 0.05315000
v -0.00175000 0.01070000 0.05365000
v -0.00218300 0.01070000 0.05340000
v -0.00200000 0.01070000 0.05358300
v -0.00225000 0.01070000 0.04965000
v -0.00225000 0.01070000 0.05315000
v -0.00218300 0.01070000 0.04940000
v -0.00200000 0.01070000 0.04921700
v -0.00175000 0.01070000 0.04915000
v -0.00225000 0.01240000 0.05315000
v -0.00218300 0.01240000 0.05340000
v -0.00200000 0.01240000 0.05358300
v -0.00175000 0.01240000 0.05365000
v -0.00175000 0.01240000 0.04915000
v -0.00200000 0.01240000 0.04921700
v -0.00218300 0.01240000 0.04940000
v -0.00225000 0.01240000 0.04965000
v 0.00380000 0.01120000 0.05140000
v 0.00291100 0.01120000 0.05384300
v 0.00066000 0.01120000 0.05514200
v -0.00190000 0.01120000 0.05469100
v -0.00357100 0.01120000 0.05270000
v -0.00357100 0.01120000 0.05010000
v -0.00190000 0.01120000 0.04810900
v 0.00066000 0.01120000 0.04765800
v 0.00291100 0.01120000 0.04895700
v 0.00850400 0.00940000 0.02557500
v 0.00875000 0.01140000 0.02490000
v 0.00850400 0.01140000 0.02422500
v 0.00850400 0.00940000 0.02422500
v 0.00788200 0.01140000 0.02386600
v 0.00788200 0.00940000 0.02386600
v 0.00717500 0.01140000 0.02399100
v 0.00717500 0.00940000 0.02399100
v 0.00671300 0.01140000 0.02454100
v 0.00671300 0.00940000 0.02454100
v 0.00671300 0.01140000 0.02525900
v 0.00671300 0.00940000 0.02525900
v 0.00717500 0.01140000 0.02580900
v 0.00717500 0.00940000 0.02580900
v 0.00788200 0.01140000 0.02593400
v 0.00788200 0.00940000 0.02593400
v 0.00850400 0.01140000 0.02557500
v -0.00689600 0.00940000 0.02557500
v -0.00665000 0.01140000 0.02490000
v -0.00689600 0.01140000 0.02422500
v -0.00689600 0.00940000 0.02422500
v -0.00751800 0.01140000 0.02386600
v -0.00751800 0.00940000 0.02386600
v -0.00822500 0.01140000 0.02399100
v -0.00822500 0.00940000 0.02399100
v -0.00868700 0.01140000 0.02454100
v -0.00868700 0.00940000 0.02454100
v -0.00868700 0.01140000 0.02525900
v -0.00868700 0.00940000 0.02525900
v -0.00822500 0.01140000 0.02580900
v -0.00822500 0.00940000 0.02580900
v -0.00751800 0.01140000 0.02593400
v -0.00751800 0.00940000 0.02593400
v -0.00689600 0.01140000 0.02557500
v 0.00780000 0.01120000 0.02700000
v 0.00780000 0.01340000 0.02700000
v 0.00730000 0.01120000 0.02713400
v 0.00730000 0.01340000 0.02713400
v 0.00693400 0.01120000 0.02750000
v 0.00693400 0.01340000 0.02750000
v 0.00680000 0.01340000 0.02800000
v 0.00680000 0.01120000 0.02800000
v -0.00980000 0.01120000 0.02700000
v 0.00680000 0.01120000 0.05040800
v 0.00660500 0.01120000 0.05179200
v 0.00603400 0.01120000 0.05306700
v 0.00513300 0.01120000 0.05413500
v 0.00234500 0.01120000 0.05607600
v -0.00082800 0.01120000 0.05728800
v -0.00420000 0.01120000 0.05770000
v -0.00680000 0.01120000 0.05770000
v -0.00980000 0.01120000 0.05470000
v -0.00830000 0.01120000 0.05729800
v -0.00939800 0.01120000 0.05620000
v -0.00098700 0.01240000 0.05175900
v -0.00052500 0.01240000 0.05230900
v 0.00018200 0.01240000 0.05243400
v 0.00080400 0.01240000 0.05207500
v 0.00105000 0.01240000 0.05140000
v 0.00080400 0.01240000 0.05072500
v 0.00018200 0.01240000 0.05036600
v -0.00052500 0.01240000 0.05049100
v -0.00098700 0.01240000 0.05104100
v -0.00980000 0.00940000 0.02700000
v -0.00382600 0.00940000 0.02391500
v -0.00450000 0.00940000 0.02403400
v -0.00494000 0.00940000 0.02455800
v -0.00494000 0.00940000 0.02524200
v -0.00450000 0.00940000 0.02576600
v 0.00980000 0.00940000 0.02700000
v -0.00382600 0.00940000 0.02588500
v 0.00417400 0.00940000 0.02588500
v 0.00476600 0.00940000 0.02554300
v 0.00500000 0.00940000 0.02490000
v 0.00476600 0.00940000 0.02425700
v 0.00417400 0.00940000 0.02391500
v -0.00323400 0.00940000 0.02425700
v 0.00306000 0.00940000 0.02455800
v -0.00300000 0.00940000 0.02490000
v 0.00306000 0.00940000 0.02524200
v -0.00323400 0.00940000 0.02554300
v 0.00350000 0.00940000 0.02576600
v 0.00350000 0.00940000 0.02403400
v 0.00616800 0.01140000 0.02618600
v 0.00570000 0.01140000 0.02490000
v 0.00616800 0.01140000 0.02361400
v 0.00735300 0.01140000 0.02293000
v 0.00870000 0.01140000 0.02316800
v 0.00957900 0.01140000 0.02421600
v 0.00957900 0.01140000 0.02558400
v 0.00870000 0.01140000 0.02663200
v 0.00735300 0.01140000 0.02687000
v -0.00970000 0.01140000 0.02490000
v -0.00923200 0.01140000 0.02618600
v -0.00923200 0.01140000 0.02361400
v -0.00804700 0.01140000 0.02687000
v -0.00670000 0.01140000 0.02663200
v -0.00582100 0.01140000 0.02558400
v -0.00582100 0.01140000 0.02421600
v -0.00670000 0.01140000 0.02316800
v -0.00804700 0.01140000 0.02293000
v -0.00420000 0.01340000 0.05770000
v -0.00680000 0.01340000 0.05770000
v -0.00830000 0.01340000 0.05729800
v -0.00939800 0.01340000 0.05620000
v -0.00980000 0.01340000 0.05470000
v 0.00980000 0.01340000 0.02700000
v 0.00680000 0.01340000 0.05040800
v 0.00660500 0.01340000 0.05179200
v 0.00603400 0.01340000 0.05306700
v 0.00513300 0.01340000 0.05413500
v -0.00082800 0.01340000 0.05728800
v 0.00234500 0.01340000 0.05607600
v 0.00105000 0.01340000 0.05140000
v 0.00080400 0.01340000 0.05072500
v 0.00018200 0.01340000 0.05036600
v -0.00052500 0.01340000 0.05049100
v -0.00098700 0.01340000 0.05104100
v -0.00098700 0.01340000 0.05175900
v -0.00052500 0.01340000 0.05230900
v 0.00018200 0.01340000 0.05243400
v 0.00080400 0.01340000 0.05207500
v 0.00500000 0.01340000 0.02490000
v 0.00476600 0.01340000 0.02425700
v 0.00417400 0.01340000 0.02391500
v 0.00350000 0.01340000 0.02403400
v 0.00306000 0.01340000 0.02455800
v 0.00306000 0.01340000 0.02524200
v 0.00350000 0.01340000 0.02576600
v 0.00417400 0.01340000 0.02588500
v 0.00476600 0.01340000 0.02554300
v -0.00300000 0.01340000 0.02490000
v -0.00323400 0.01340000 0.02425700
v -0.00382600 0.01340000 0.02391500
v -0.00450000 0.01340000 0.02403400
v -0.00494000 0.01340000 0.02455800
v -0.00494000 0.01340000 0.02524200
v -0.00450000 0.01340000 0.02576600
v -0.00382600 0.01340000 0.02588500
v -0.00323400 0.01340000 0.02554300
v 0.00603000 0.01340000 0.02379900
v 0.00570000 0.01340000 0.02490000
v 0.00586100 0.01340000 0.02568700
v 0.00691300 0.01340000 0.02306200
v 0.00805500 0.01340000 0.02293200
v 0.00908000 0.01340000 0.02345200
v 0.00964900 0.01340000 0.02445200
v 0.00957400 0.01340000 0.02559900
v 0.00887900 0.01340000 0.02651500
v 0.00779500 0.01340000 0.02689800
v 0.00700100 0.01340000 0.02677400
v 0.00632000 0.01340000 0.02634800
v -0.00970000 0.01340000 0.02490000
v -0.00923200 0.01340000 0.02618600
v -0.00804700 0.01340000 0.02687000
v -0.00670000 0.01340000 0.02663200
v -0.00582100 0.01340000 0.02558400
v -0.00582100 0.01340000 0.02421600
v -0.00670000 0.01340000 0.02316800
v -0.00804700 0.01340000 0.02293000
v -0.00923200 0.01340000 0.02361400
v -0.00043300 0.01440000 0.05215000
v 0.00043300 0.01440000 0.05215000
v -0.00086600 0.01440000 0.05140000
v 0.00086600 0.01440000 0.05140000
v -0.00043300 0.01440000 0.05065000
v 0.00043300 0.01440000 0.05065000
v -0.00043300 0.01540000 0.05215000
v -0.00086600 0.01540000 0.05140000
v -0.00043300 0.01540000 0.05065000
v 0.00043300 0.01540000 0.05065000
v 0.00086600 0.01540000 0.05140000
v 0.00043300 0.01540000 0.05215000
v -0.00149500 0.01540000 0.05053700
v -0.00172700 0.01540000 0.05140000
v -0.00149500 0.01540000 0.05226300
v -0.00086300 0.01540000 0.05289500
v 0.00000000 0.01540000 0.05312700
v 0.00086300 0.01540000 0.05289500
v 0.00149500 0.01540000 0.05226300
v 0.00172700 0.01540000 0.05140000
v 0.00149500 0.01540000 0.05053700
v 0.00086300 0.01540000 0.04990500
v 0.00000000 0.01540000 0.04967300
v -0.00086300 0.01540000 0.04990500
v -0.00184500 0.01530000 0.05094500
v -0.00184500 0.01530000 0.05185500
v -0.00142200 0.01530000 0.05266000
v -0.00067400 0.01530000 0.05317600
v 0.00022900 0.01530000 0.05328600
v 0.00107900 0.01530000 0.05296400
v 0.00168200 0.01530000 0.05228300
v 0.00190000 0.01530000 0.05140000
v 0.00168200 0.01530000 0.05051700
v -0.00142200 0.01530000 0.05014000
v -0.00067400 0.01530000 0.04962400
v 0.00022900 0.01530000 0.04951400
v 0.00107900 0.01530000 0.04983600
v 0.00168200 0.01340000 0.05228300
v 0.00190000 0.01340000 0.05140000
v 0.00168200 0.01340000 0.05051700
v 0.00107900 0.01340000 0.04983600
v 0.00107900 0.01340000 0.05296400
v 0.00022900 0.01340000 0.05328600
v -0.00067400 0.01340000 0.05317600
v -0.00142200 0.01340000 0.05266000
v -0.00184500 0.01340000 0.05185500
v -0.00184500 0.01340000 0.05094500
v -0.00142200 0.01340000 0.05014000
v -0.00067400 0.01340000 0.04962400
v 0.00022900 0.01340000 0.04951400
v 0.00100000 0.00940000 0.05140000
v 0.00076600 0.00940000 0.05204300
v 0.00076600 0.00940000 0.05075700
v 0.00017400 0.00940000 0.05238500
v 0.00017400 0.00940000 0.05041500
v -0.00050000 0.00940000 0.05226600
v -0.00050000 0.00940000 0.05053400
v -0.00094000 0.00940000 0.05174200
v -0.00094000 0.00940000 0.05105800
v 0.00100000 0.01340000 0.05140000
v 0.00076600 0.01340000 0.05204300
v 0.00017400 0.01340000 0.05238500
v -0.00050000 0.01340000 0.05226600
v -0.00094000 0.01340000 0.05174200
v -0.00094000 0.01340000 0.05105800
v -0.00050000 0.01340000 0.05053400
v 0.00017400 0.01340000 0.05041500
v 0.00076600 0.01340000 0.05075700
v 0.01056200 0.01041400 0.02190000
v 0.01056200 0.00851400 0.00980000
v 0.01056200 0.01041400 -0.00210000
v 0.01056200 0.00851400 0.00680000
v 0.01056200 0.00851400 0.00510000
v 0.01056200 0.00551400 0.00510000
v 0.01056200 0.00551400 0.00680000
v 0.01056200 0.00381400 0.00510000
v 0.01056200 0.00381400 0.00680000
v 0.01056200 0.00081400 0.00510000
v 0.01056200 0.00081400 0.00680000
v 0.01056200 -0.00088600 0.00510000
v 0.01056200 -0.00088600 0.00680000
v 0.01056200 -0.00388600 0.00510000
v 0.01056200 -0.00388600 0.00680000
v 0.01056200 -0.00558600 0.00510000
v 0.01056200 -0.00558600 0.00680000
v 0.01056200 -0.00858600 0.00510000
v 0.01056200 -0.00858600 0.00680000
v 0.01056200 -0.01088600 -0.00210000
v 0.01056200 -0.00858600 0.00980000
v 0.01056200 -0.01088600 0.02190000
v 0.01056200 -0.00858600 0.01150000
v 0.01056200 -0.00858600 0.01450000
v 0.01056200 -0.00088600 0.01920000
v 0.01056200 0.00081400 0.01920000
v 0.01056200 0.00381400 0.01920000
v 0.01056200 -0.00068600 -0.00160000
v 0.01056200 -0.00108600 -0.00160000
v 0.01056200 -0.00208600 -0.00160000
v 0.01056200 0.00551400 0.01920000
v 0.01056200 0.00381400 0.01620000
v 0.01056200 0.00551400 0.01620000
v 0.01056200 0.00381400 0.01450000
v 0.01056200 0.00551400 0.01450000
v 0.01056200 0.00381400 0.01150000
v 0.01056200 0.00551400 0.01150000
v 0.01056200 0.00381400 0.00980000
v 0.01056200 0.00551400 0.00980000
v 0.01056200 0.00851400 0.01920000
v 0.01056200 0.00851400 0.01620000
v 0.01056200 0.00851400 0.01450000
v 0.01056200 0.00851400 0.01150000
v 0.01056200 -0.00388600 0.01920000
v 0.01056200 -0.00558600 0.01620000
v 0.01056200 -0.00388600 0.01620000
v 0.01056200 -0.00558600 0.01450000
v 0.01056200 -0.00388600 0.01450000
v 0.01056200 -0.00558600 0.01150000
v 0.01056200 -0.00388600 0.01150000
v 0.01056200 -0.00558600 0.00980000
v 0.01056200 -0.00388600 0.00980000
v 0.01056200 -0.00558600 0.01920000
v 0.01056200 -0.00088600 0.01620000
v 0.01056200 0.00081400 0.01620000
v 0.01056200 -0.00088600 0.01450000
v 0.01056200 0.00081400 0.01450000
v 0.01056200 -0.00088600 0.01150000
v 0.01056200 0.00081400 0.01150000
v 0.01056200 -0.00088600 0.00980000
v 0.01056200 0.00081400 0.00980000
v 0.01056200 -0.00858600 0.01620000
v 0.01056200 -0.00858600 0.01920000
v 0.01056200 -0.00088600 0.00210000
v 0.01056200 0.00081400 0.00210000
v 0.01056200 0.00031400 0.00040000
v 0.01056200 0.00071400 0.00040000
v 0.01056200 0.00031400 -0.00160000
v 0.01056200 0.00071400 -0.00160000
v 0.01056200 0.00171400 -0.00160000
v 0.01056200 0.00211400 -0.00160000
v 0.01056200 0.00211400 0.00040000
v 0.01056200 0.00381400 0.00210000
v 0.01056200 0.00551400 0.00210000
v 0.01056200 0.00451400 0.00040000
v 0.01056200 0.00851400 0.00210000
v 0.01056200 0.00451400 -0.00160000
v 0.01056200 0.00351400 -0.00160000
v 0.01056200 0.00311400 -0.00160000
v 0.01056200 0.00351400 0.00040000
v 0.01056200 0.00311400 0.00040000
v 0.01056200 0.00171400 0.00040000
v 0.01056200 -0.00858600 0.00210000
v 0.01056200 -0.00488600 -0.00160000
v 0.01056200 -0.00488600 0.00040000
v 0.01056200 -0.00558600 0.00210000
v 0.01056200 -0.00388600 0.00210000
v 0.01056200 -0.00388600 0.00040000
v 0.01056200 -0.00248600 -0.00160000
v 0.01056200 -0.00208600 0.00040000
v 0.01056200 -0.00248600 0.00040000
v 0.01056200 -0.00108600 0.00040000
v 0.01056200 -0.00068600 0.00040000
v 0.01056200 -0.00388600 -0.00160000
v 0.01056200 -0.00348600 -0.00160000
v 0.01056200 -0.00348600 0.00040000
v 0.00980000 0.01041400 -0.00210000
v 0.00980000 0.01041400 0.02190000
v 0.00980000 -0.01088600 0.02190000
v 0.00980000 -0.01088600 -0.00210000
v 0.01156200 0.00551400 0.01920000
v 0.01156200 0.00551400 0.01620000
v 0.01156200 0.00851400 0.01620000
v 0.01156200 0.00851400 0.01920000
v 0.01156200 0.00081400 0.01920000
v 0.01156200 0.00081400 0.01620000
v 0.01156200 0.00381400 0.01620000
v 0.01156200 0.00381400 0.01920000
v 0.01156200 -0.00388600 0.01920000
v 0.01156200 -0.00388600 0.01620000
v 0.01156200 -0.00088600 0.01620000
v 0.01156200 -0.00088600 0.01920000
v 0.01156200 -0.00858600 0.01920000
v 0.01156200 -0.00858600 0.01620000
v 0.01156200 -0.00558600 0.01620000
v 0.01156200 -0.00558600 0.01920000
v 0.01156200 0.00081400 0.01450000
v 0.01156200 0.00081400 0.01150000
v 0.01156200 0.00381400 0.01150000
v 0.01156200 0.00381400 0.01450000
v 0.01156200 -0.00388600 0.01450000
v 0.01156200 -0.00388600 0.01150000
v 0.01156200 -0.00088600 0.01150000
v 0.01156200 -0.00088600 0.01450000
v 0.01156200 -0.00858600 0.01450000
v 0.01156200 -0.00858600 0.01150000
v 0.01156200 -0.00558600 0.01150000
v 0.01156200 -0.00558600 0.01450000
v 0.01156200 0.00081400 0.00980000
v 0.01156200 0.00081400 0.00680000
v 0.01156200 0.00381400 0.00680000
v 0.01156200 0.00381400 0.00980000
v 0.01156200 -0.00388600 0.00980000
v 0.01156200 -0.00388600 0.00680000
v 0.01156200 -0.00088600 0.00680000
v 0.01156200 -0.00088600 0.00980000
v 0.01156200 -0.00858600 0.00980000
v 0.01156200 -0.00858600 0.00680000
v 0.01156200 -0.00558600 0.00680000
v 0.01156200 -0.00558600 0.00980000
v 0.01156200 0.00081400 0.00510000
v 0.01156200 0.00081400 0.00210000
v 0.01156200 0.00381400 0.00210000
v 0.01156200 0.00381400 0.00510000
v 0.01156200 -0.00388600 0.00510000
v 0.01156200 -0.00388600 0.00210000
v 0.01156200 -0.00088600 0.00210000
v 0.01156200 -0.00088600 0.00510000
v 0.01156200 -0.00858600 0.00510000
v 0.01156200 -0.00858600 0.00210000
v 0.01156200 -0.00558600 0.00210000
v 0.01156200 -0.00558600 0.00510000
v 0.01156200 0.00551400 0.01450000
v 0.01156200 0.00551400 0.01150000
v 0.01156200 0.00851400 0.01150000
v 0.01156200 0.00851400 0.01450000
v 0.01156200 0.00551400 0.00980000
v 0.01156200 0.00551400 0.00680000
v 0.01156200 0.00851400 0.00680000
v 0.01156200 0.00851400 0.00980000
v 0.01156200 0.00551400 0.00510000
v 0.01156200 0.00551400 0.00210000
v 0.01156200 0.00851400 0.00210000
v 0.01156200 0.00851400 0.00510000
v 0.01066200 0.00451400 -0.00160000
v 0.01066200 0.00451400 0.00040000
v 0.01066200 0.00351400 0.00040000
v 0.01066200 0.00351400 -0.00160000
v 0.01066200 0.00211400 -0.00160000
v 0.01066200 0.00311400 -0.00160000
v 0.01066200 0.00311400 0.00040000
v 0.01066200 0.00211400 0.00040000
v 0.01066200 0.00071400 -0.00160000
v 0.01066200 0.00171400 -0.00160000
v 0.01066200 0.00171400 0.00040000
v 0.01066200 0.00071400 0.00040000
v 0.01066200 -0.00068600 -0.00160000
v 0.01066200 0.00031400 -0.00160000
v 0.01066200 0.00031400 0.00040000
v 0.01066200 -0.00068600 0.00040000
v 0.01066200 -0.00208600 -0.00160000
v 0.01066200 -0.00108600 -0.00160000
v 0.01066200 -0.00108600 0.00040000
v 0.01066200 -0.00208600 0.00040000
v 0.01066200 -0.00348600 -0.00160000
v 0.01066200 -0.00248600 -0.00160000
v 0.01066200 -0.00248600 0.00040000
v 0.01066200 -0.00348600 0.00040000
v 0.01066200 -0.00488600 -0.00160000
v 0.01066200 -0.00388600 -0.00160000
v 0.01066200 -0.00388600 0.00040000
v 0.01066200 -0.00488600 0.00040000
v 0.01270800 0.00574500 0.01618700
v 0.01252600 0.00629900 0.01573500
v 0.01270800 0.00701400 0.01572500
v 0.01252600 0.00772900 0.01573500
v 0.01270800 0.00828300 0.01618700
v 0.01252600 0.00882500 0.01665500
v 0.01270800 0.00895900 0.01735700
v 0.01252600 0.00907300 0.01806300
v 0.01270800 0.00872400 0.01868700
v 0.01252600 0.00835800 0.01930200
v 0.01270800 0.00768900 0.01955600
v 0.01252600 0.00701400 0.01979100
v 0.01270800 0.00633900 0.01955600
v 0.01252600 0.00567000 0.01930200
v 0.01270800 0.00530400 0.01868700
v 0.01252600 0.00495500 0.01806300
v 0.01270800 0.00506900 0.01735700
v 0.01252600 0.00520300 0.01665500
v 0.01235500 0.00837700 0.01607500
v 0.01235500 0.00701400 0.01557900
v 0.01235500 0.00565100 0.01607500
v 0.01235500 0.00492500 0.01733200
v 0.01235500 0.00517700 0.01876000
v 0.01235500 0.00628900 0.01969300
v 0.01235500 0.00773900 0.01969300
v 0.01235500 0.00885100 0.01876000
v 0.01235500 0.00910300 0.01733200
v 0.01270800 0.00574500 0.00208700
v 0.01252600 0.00629900 0.00163500
v 0.01270800 0.00701400 0.00162500
v 0.01252600 0.00772900 0.00163500
v 0.01270800 0.00828300 0.00208700
v 0.01252600 0.00882500 0.00255500
v 0.01270800 0.00895900 0.00325700
v 0.01252600 0.00907300 0.00396300
v 0.01270800 0.00872400 0.00458700
v 0.01252600 0.00835800 0.00520200
v 0.01270800 0.00768900 0.00545500
v 0.01252600 0.00701400 0.00569100
v 0.01270800 0.00633900 0.00545500
v 0.01252600 0.00567000 0.00520200
v 0.01270800 0.00530400 0.00458700
v 0.01252600 0.00495500 0.00396300
v 0.01270800 0.00506900 0.00325700
v 0.01252600 0.00520300 0.00255500
v 0.01235500 0.00837700 0.00197500
v 0.01235500 0.00701400 0.00147900
v 0.01235500 0.00565100 0.00197500
v 0.01235500 0.00492500 0.00323200
v 0.01235500 0.00517700 0.00466000
v 0.01235500 0.00628900 0.00559300
v 0.01235500 0.00773900 0.00559300
v 0.01235500 0.00885100 0.00466000
v 0.01235500 0.00910300 0.00323200
v 0.01270800 0.00104500 0.00208700
v 0.01252600 0.00159900 0.00163500
v 0.01270800 0.00231400 0.00162500
v 0.01252600 0.00302900 0.00163500
v 0.01270800 0.00358300 0.00208700
v 0.01252600 0.00412500 0.00255500
v 0.01270800 0.00425900 0.00325700
v 0.01252600 0.00437300 0.00396300
v 0.01270800 0.00402400 0.00458700
v 0.01252600 0.00365800 0.00520200
v 0.01270800 0.00298900 0.00545500
v 0.01252600 0.00231400 0.00569100
v 0.01270800 0.00163900 0.00545500
v 0.01252600 0.00097000 0.00520200
v 0.01270800 0.00060400 0.00458700
v 0.01252600 0.00025500 0.00396300
v 0.01270800 0.00036900 0.00325700
v 0.01252600 0.00050300 0.00255500
v 0.01235500 0.00367700 0.00197500
v 0.01235500 0.00231400 0.00147900
v 0.01235500 0.00095100 0.00197500
v 0.01235500 0.00022500 0.00323200
v 0.01235500 0.00047700 0.00466000
v 0.01235500 0.00158900 0.00559300
v 0.01235500 0.00303900 0.00559300
v 0.01235500 0.00415100 0.00466000
v 0.01235500 0.00440300 0.00323200
v 0.01270800 -0.00365500 0.00208700
v 0.01252600 -0.00310100 0.00163500
v 0.01270800 -0.00238600 0.00162500
v 0.01252600 -0.00167100 0.00163500
v 0.01270800 -0.00111700 0.00208700
v 0.01252600 -0.00057500 0.00255500
v 0.01270800 -0.00044100 0.00325700
v 0.01252600 -0.00032700 0.00396300
v 0.01270800 -0.00067600 0.00458700
v 0.01252600 -0.00104200 0.00520200
v 0.01270800 -0.00171100 0.00545500
v 0.01252600 -0.00238600 0.00569100
v 0.01270800 -0.00306100 0.00545500
v 0.01252600 -0.00373000 0.00520200
v 0.01270800 -0.00409600 0.00458700
v 0.01252600 -0.00444500 0.00396300
v 0.01270800 -0.00433100 0.00325700
v 0.01252600 -0.00419700 0.00255500
v 0.01235500 -0.00102300 0.00197500
v 0.01235500 -0.00238600 0.00147900
v 0.01235500 -0.00374900 0.00197500
v 0.01235500 -0.00447500 0.00323200
v 0.01235500 -0.00422300 0.00466000
v 0.01235500 -0.00311100 0.00559300
v 0.01235500 -0.00166100 0.00559300
v 0.01235500 -0.00054900 0.00466000
v 0.01235500 -0.00029700 0.00323200
v 0.01270800 -0.00835500 0.00208700
v 0.01252600 -0.00780100 0.00163500
v 0.01270800 -0.00708600 0.00162500
v 0.01252600 -0.00637100 0.00163500
v 0.01270800 -0.00581700 0.00208700
v 0.01252600 -0.00527500 0.00255500
v 0.01270800 -0.00514100 0.00325700
v 0.01252600 -0.00502700 0.00396300
v 0.01270800 -0.00537600 0.00458700
v 0.01252600 -0.00574200 0.00520200
v 0.01270800 -0.00641100 0.00545500
v 0.01252600 -0.00708600 0.00569100
v 0.01270800 -0.00776100 0.00545500
v 0.01252600 -0.00843000 0.00520200
v 0.01270800 -0.00879600 0.00458700
v 0.01252600 -0.00914500 0.00396300
v 0.01270800 -0.00903100 0.00325700
v 0.01252600 -0.00889700 0.00255500
v 0.01235500 -0.00572300 0.00197500
v 0.01235500 -0.00708600 0.00147900
v 0.01235500 -0.00844900 0.00197500
v 0.01235500 -0.00917500 0.00323200
v 0.01235500 -0.00892300 0.00466000
v 0.01235500 -0.00781100 0.00559300
v 0.01235500 -0.00636100 0.00559300
v 0.01235500 -0.00524900 0.00466000
v 0.01235500 -0.00499700 0.00323200
v 0.01270800 -0.00835500 0.00678700
v 0.01252600 -0.00780100 0.00633500
v 0.01270800 -0.00708600 0.00632500
v 0.01252600 -0.00637100 0.00633500
v 0.01270800 -0.00581700 0.00678700
v 0.01252600 -0.00527500 0.00725500
v 0.01270800 -0.00514100 0.00795700
v 0.01252600 -0.00502700 0.00866300
v 0.01270800 -0.00537600 0.00928700
v 0.01252600 -0.00574200 0.00990200
v 0.01270800 -0.00641100 0.01015600
v 0.01252600 -0.00708600 0.01039100
v 0.01270800 -0.00776100 0.01015600
v 0.01252600 -0.00843000 0.00990200
v 0.01270800 -0.00879600 0.00928700
v 0.01252600 -0.00914500 0.00866300
v 0.01270800 -0.00903100 0.00795700
v 0.01252600 -0.00889700 0.00725500
v 0.01235500 -0.00572300 0.00667500
v 0.01235500 -0.00708600 0.00617900
v 0.01235500 -0.00844900 0.00667500
v 0.01235500 -0.00917500 0.00793200
v 0.01235500 -0.00892300 0.00936000
v 0.01235500 -0.00781100 0.01029300
v 0.01235500 -0.00636100 0.01029300
v 0.01235500 -0.00524900 0.00936000
v 0.01235500 -0.00499700 0.00793200
v 0.01270800 -0.00365500 0.00678700
v 0.01252600 -0.00310100 0.00633500
v 0.01270800 -0.00238600 0.00632500
v 0.01252600 -0.00167100 0.00633500
v 0.01270800 -0.00111700 0.00678700
v 0.01252600 -0.00057500 0.00725500
v 0.01270800 -0.00044100 0.00795700
v 0.01252600 -0.00032700 0.00866300
v 0.01270800 -0.00067600 0.00928700
v 0.01252600 -0.00104200 0.00990200
v 0.01270800 -0.00171100 0.01015600
v 0.01252600 -0.00238600 0.01039100
v 0.01270800 -0.00306100 0.01015600
v 0.01252600 -0.00373000 0.00990200
v 0.01270800 -0.00409600 0.00928700
v 0.01252600 -0.00444500 0.00866300
v 0.01270800 -0.00433100 0.00795700
v 0.01252600 -0.00419700 0.00725500
v 0.01235500 -0.00102300 0.00667500
v 0.01235500 -0.00238600 0.00617900
v 0.01235500 -0.00374900 0.00667500
v 0.01235500 -0.00447500 0.00793200
v 0.01235500 -0.00422300 0.00936000
v 0.01235500 -0.00311100 0.01029300
v 0.01235500 -0.00166100 0.01029300
v 0.01235500 -0.00054900 0.00936000
v 0.01235500 -0.00029700 0.00793200
v 0.01270800 0.00104500 0.00678700
v 0.01252600 0.00159900 0.00633500
v 0.01270800 0.00231400 0.00632500
v 0.01252600 0.00302900 0.00633500
v 0.01270800 0.00358300 0.00678700
v 0.01252600 0.00412500 0.00725500
v 0.01270800 0.00425900 0.00795700
v 0.01252600 0.00437300 0.00866300
v 0.01270800 0.00402400 0.00928700
v 0.01252600 0.00365800 0.00990200
v 0.01270800 0.00298900 0.01015600
v 0.01252600 0.00231400 0.01039100
v 0.01270800 0.00163900 0.01015600
v 0.01252600 0.00097000 0.00990200
v 0.01270800 0.00060400 0.00928700
v 0.01252600 0.00025500 0.00866300
v 0.01270800 0.00036900 0.00795700
v 0.01252600 0.00050300 0.00725500
v 0.01235500 0.00367700 0.00667500
v 0.01235500 0.00231400 0.00617900
v 0.01235500 0.00095100 0.00667500
v 0.01235500 0.00022500 0.00793200
v 0.01235500 0.00047700 0.00936000
v 0.01235500 0.00158900 0.01029300
v 0.01235500 0.00303900 0.01029300
v 0.01235500 0.00415100 0.00936000
v 0.01235500 0.00440300 0.00793200
v 0.01270800 0.00574500 0.00678700
v 0.01252600 0.00629900 0.00633500
v 0.01270800 0.00701400 0.00632500
v 0.01252600 0.00772900 0.00633500
v 0.01270800 0.00828300 0.00678700
v 0.01252600 0.00882500 0.00725500
v 0.01270800 0.00895900 0.00795700
v 0.01252600 0.00907300 0.00866300
v 0.01270800 0.00872400 0.00928700
v 0.01252600 0.00835800 0.00990200
v 0.01270800 0.00768900 0.01015600
v 0.01252600 0.00701400 0.01039100
v 0.01270800 0.00633900 0.01015600
v 0.01252600 0.00567000 0.00990200
v 0.01270800 0.00530400 0.00928700
v 0.01252600 0.00495500 0.00866300
v 0.01270800 0.00506900 0.00795700
v 0.01252600 0.00520300 0.00725500
v 0.01235500 0.00837700 0.00667500
v 0.01235500 0.00701400 0.00617900
v 0.01235500 0.00565100 0.00667500
v 0.01235500 0.00492500 0.00793200
v 0.01235500 0.00517700 0.00936000
v 0.01235500 0.00628900 0.01029300
v 0.01235500 0.00773900 0.01029300
v 0.01235500 0.00885100 0.00936000
v 0.01235500 0.00910300 0.00793200
v 0.01270800 0.00574500 0.01148700
v 0.01252600 0.00629900 0.01103500
v 0.01270800 0.00701400 0.01102500
v 0.01252600 0.00772900 0.01103500
v 0.01270800 0.00828300 0.01148700
v 0.01252600 0.00882500 0.01195500
v 0.01270800 0.00895900 0.01265700
v 0.01252600 0.00907300 0.01336300
v 0.01270800 0.00872400 0.01398700
v 0.01252600 0.00835800 0.01460200
v 0.01270800 0.00768900 0.01485600
v 0.01252600 0.00701400 0.01509100
v 0.01270800 0.00633900 0.01485600
v 0.01252600 0.00567000 0.01460200
v 0.01270800 0.00530400 0.01398700
v 0.01252600 0.00495500 0.01336300
v 0.01270800 0.00506900 0.01265700
v 0.01252600 0.00520300 0.01195500
v 0.01235500 0.00837700 0.01137500
v 0.01235500 0.00701400 0.01087900
v 0.01235500 0.00565100 0.01137500
v 0.01235500 0.00492500 0.01263200
v 0.01235500 0.00517700 0.01406000
v 0.01235500 0.00628900 0.01499300
v 0.01235500 0.00773900 0.01499300
v 0.01235500 0.00885100 0.01406000
v 0.01235500 0.00910300 0.01263200
v 0.01270800 0.00104500 0.01148700
v 0.01252600 0.00159900 0.01103500
v 0.01270800 0.00231400 0.01102500
v 0.01252600 0.00302900 0.01103500
v 0.01270800 0.00358300 0.01148700
v 0.01252600 0.00412500 0.01195500
v 0.01270800 0.00425900 0.01265700
v 0.01252600 0.00437300 0.01336300
v 0.01270800 0.00402400 0.01398700
v 0.01252600 0.00365800 0.01460200
v 0.01270800 0.00298900 0.01485600
v 0.01252600 0.00231400 0.01509100
v 0.01270800 0.00163900 0.01485600
v 0.01252600 0.00097000 0.01460200
v 0.01270800 0.00060400 0.01398700
v 0.01252600 0.00025500 0.01336300
v 0.01270800 0.00036900 0.01265700
v 0.01252600 0.00050300 0.01195500
v 0.01235500 0.00367700 0.01137500
v 0.01235500 0.00231400 0.01087900
v 0.01235500 0.00095100 0.01137500
v 0.01235500 0.00022500 0.01263200
v 0.01235500 0.00047700 0.01406000
v 0.01235500 0.00158900 0.01499300
v 0.01235500 0.00303900 0.01499300
v 0.01235500 0.00415100 0.01406000
v 0.01235500 0.00440300 0.01263200
v 0.01270800 -0.00365500 0.01148700
v 0.01252600 -0.00310100 0.01103500
v 0.01270800 -0.00238600 0.01102500
v 0.01252600 -0.00167100 0.01103500
v 0.01270800 -0.00111700 0.01148700
v 0.01252600 -0.00057500 0.01195500
v 0.01270800 -0.00044100 0.01265700
v 0.01252600 -0.00032700 0.01336300
v 0.01270800 -0.00067600 0.01398700
v 0.01252600 -0.00104200 0.01460200
v 0.01270800 -0.00171100 0.01485600
v 0.01252600 -0.00238600 0.01509100
v 0.01270800 -0.00306100 0.01485600
v 0.01252600 -0.00373000 0.01460200
v 0.01270800 -0.00409600 0.01398700
v 0.01252600 -0.00444500 0.01336300
v 0.01270800 -0.00433100 0.01265700
v 0.01252600 -0.00419700 0.01195500
v 0.01235500 -0.00102300 0.01137500
v 0.01235500 -0.00238600 0.01087900
v 0.01235500 -0.00374900 0.01137500
v 0.01235500 -0.00447500 0.01263200
v 0.01235500 -0.00422300 0.01406000
v 0.01235500 -0.00311100 0.01499300
v 0.01235500 -0.00166100 0.01499300
v 0.01235500 -0.00054900 0.01406000
v 0.01235500 -0.00029700 0.01263200
v 0.01270800 -0.00835500 0.01148700
v 0.01252600 -0.00780100 0.01103500
v 0.01270800 -0.00708600 0.01102500
v 0.01252600 -0.00637100 0.01103500
v 0.01270800 -0.00581700 0.01148700
v 0.01252600 -0.00527500 0.01195500
v 0.01270800 -0.00514100 0.01265700
v 0.01252600 -0.00502700 0.01336300
v 0.01270800 -0.00537600 0.01398700
v 0.01252600 -0.00574200 0.01460200
v 0.01270800 -0.00641100 0.01485600
v 0.01252600 -0.00708600 0.01509100
v 0.01270800 -0.00776100 0.01485600
v 0.01252600 -0.00843000 0.01460200
v 0.01270800 -0.00879600 0.01398700
v 0.01252600 -0.00914500 0.01336300
v 0.01270800 -0.00903100 0.01265700
v 0.01252600 -0.00889700 0.01195500
v 0.01235500 -0.00572300 0.01137500
v 0.01235500 -0.00708600 0.01087900
v 0.01235500 -0.00844900 0.01137500
v 0.01235500 -0.00917500 0.01263200
v 0.01235500 -0.00892300 0.01406000
v 0.01235500 -0.00781100 0.01499300
v 0.01235500 -0.00636100 0.01499300
v 0.01235500 -0.00524900 0.01406000
v 0.01235500 -0.00499700 0.01263200
v 0.01270800 -0.00835500 0.01618700
v 0.01252600 -0.00780100 0.01573500
v 0.01270800 -0.00708600 0.01572500
v 0.01252600 -0.00637100 0.01573500
v 0.01270800 -0.00581700 0.01618700
v 0.01252600 -0.00527500 0.01665500
v 0.01270800 -0.00514100 0.01735700
v 0.01252600 -0.00502700 0.01806300
v 0.01270800 -0.00537600 0.01868700
v 0.01252600 -0.00574200 0.01930200
v 0.01270800 -0.00641100 0.01955600
v 0.01252600 -0.00708600 0.01979100
v 0.01270800 -0.00776100 0.01955600
v 0.01252600 -0.00843000 0.01930200
v 0.01270800 -0.00879600 0.01868700
v 0.01252600 -0.00914500 0.01806300
v 0.01270800 -0.00903100 0.01735700
v 0.01252600 -0.00889700 0.01665500
v 0.01235500 -0.00572300 0.01607500
v 0.01235500 -0.00708600 0.01557900
v 0.01235500 -0.00844900 0.01607500
v 0.01235500 -0.00917500 0.01733200
v 0.01235500 -0.00892300 0.01876000
v 0.01235500 -0.00781100 0.01969300
v 0.01235500 -0.00636100 0.01969300
v 0.01235500 -0.00524900 0.01876000
v 0.01235500 -0.00499700 0.01733200
v 0.01270800 -0.00365500 0.01618700
v 0.01252600 -0.00310100 0.01573500
v 0.01270800 -0.00238600 0.01572500
v 0.01252600 -0.00167100 0.01573500
v 0.01270800 -0.00111700 0.01618700
v 0.01252600 -0.00057500 0.01665500
v 0.01270800 -0.00044100 0.01735700
v 0.01252600 -0.00032700 0.01806300
v 0.01270800 -0.00067600 0.01868700
v 0.01252600 -0.00104200 0.01930200
v 0.01270800 -0.00171100 0.01955600
v 0.01252600 -0.00238600 0.01979100
v 0.01270800 -0.00306100 0.01955600
v 0.01252600 -0.00373000 0.01930200
v 0.01270800 -0.00409600 0.01868700
v 0.01252600 -0.00444500 0.01806300
v 0.01270800 -0.00433100 0.01735700
v 0.01252600 -0.00419700 0.01665500
v 0.01235500 -0.00102300 0.01607500
v 0.01235500 -0.00238600 0.01557900
v 0.01235500 -0.00374900 0.01607500
v 0.01235500 -0.00447500 0.01733200
v 0.01235500 -0.00422300 0.01876000
v 0.01235500 -0.00311100 0.01969300
v 0.01235500 -0.00166100 0.01969300
v 0.01235500 -0.00054900 0.01876000
v 0.01235500 -0.00029700 0.01733200
v 0.01270800 0.00104500 0.01618700
v 0.01252600 0.00159900 0.01573500
v 0.01270800 0.00231400 0.01572500
v 0.01252600 0.00302900 0.01573500
v 0.01270800 0.00358300 0.01618700
v 0.01252600 0.00412500 0.01665500
v 0.01270800 0.00425900 0.01735700
v 0.01252600 0.00437300 0.01806300
v 0.01270800 0.00402400 0.01868700
v 0.01252600 0.00365800 0.01930200
v 0.01270800 0.00298900 0.01955600
v 0.01252600 0.00231400 0.01979100
v 0.01270800 0.00163900 0.01955600
v 0.01252600 0.00097000 0.01930200
v 0.01270800 0.00060400 0.01868700
v 0.01252600 0.00025500 0.01806300
v 0.01270800 0.00036900 0.01735700
v 0.01252600 0.00050300 0.01665500
v 0.01235500 0.00367700 0.01607500
v 0.01235500 0.00231400 0.01557900
v 0.01235500 0.00095100 0.01607500
v 0.01235500 0.00022500 0.01733200
v 0.01235500 0.00047700 0.01876000
v 0.01235500 0.00158900 0.01969300
v 0.01235500 0.00303900 0.01969300
v 0.01235500 0.00415100 0.01876000
v 0.01235500 0.00440300 0.01733200
v 0.01156200 0.00616500 0.00258800
v 0.01206200 0.00701400 0.00227900
v 0.01156200 0.00701400 0.00227900
v 0.01206200 0.00786300 0.00258800
v 0.01156200 0.00786300 0.00258800
v 0.01206200 0.00831500 0.00337100
v 0.01156200 0.00831500 0.00337100
v 0.01206200 0.00815800 0.00426100
v 0.01156200 0.00815800 0.00426100
v 0.01206200 0.00746600 0.00484200
v 0.01156200 0.00746600 0.00484200
v 0.01206200 0.00656200 0.00484200
v 0.01156200 0.00656200 0.00484200
v 0.01206200 0.00587000 0.00426100
v 0.01156200 0.00587000 0.00426100
v 0.01206200 0.00571300 0.00337100
v 0.01156200 0.00571300 0.00337100
v 0.01206200 0.00616500 0.00258800
v 0.01156200 0.00146500 0.00728800
v 0.01206200 0.00231400 0.00697900
v 0.01156200 0.00231400 0.00697900
v 0.01206200 0.00316300 0.00728800
v 0.01156200 0.00316300 0.00728800
v 0.01206200 0.00361500 0.00807100
v 0.01156200 0.00361500 0.00807100
v 0.01206200 0.00345800 0.00896100
v 0.01156200 0.00345800 0.00896100
v 0.01206200 0.00276600 0.00954200
v 0.01156200 0.00276600 0.00954200
v 0.01206200 0.00186200 0.00954200
v 0.01156200 0.00186200 0.00954200
v 0.01206200 0.00117000 0.00896100
v 0.01156200 0.00117000 0.00896100
v 0.01206200 0.00101300 0.00807100
v 0.01156200 0.00101300 0.00807100
v 0.01206200 0.00146500 0.00728800
v 0.01156200 0.00616500 0.00728800
v 0.01206200 0.00701400 0.00697900
v 0.01156200 0.00701400 0.00697900
v 0.01206200 0.00786300 0.00728800
v 0.01156200 0.00786300 0.00728800
v 0.01206200 0.00831500 0.00807100
v 0.01156200 0.00831500 0.00807100
v 0.01206200 0.00815800 0.00896100
v 0.01156200 0.00815800 0.00896100
v 0.01206200 0.00746600 0.00954200
v 0.01156200 0.00746600 0.00954200
v 0.01206200 0.00656200 0.00954200
v 0.01156200 0.00656200 0.00954200
v 0.01206200 0.00587000 0.00896100
v 0.01156200 0.00587000 0.00896100
v 0.01206200 0.00571300 0.00807100
v 0.01156200 0.00571300 0.00807100
v 0.01206200 0.00616500 0.00728800
v 0.01156200 0.00146500 0.00258800
v 0.01206200 0.00231400 0.00227900
v 0.01156200 0.00231400 0.00227900
v 0.01206200 0.00316300 0.00258800
v 0.01156200 0.00316300 0.00258800
v 0.01206200 0.00361500 0.00337100
v 0.01156200 0.00361500 0.00337100
v 0.01206200 0.00345800 0.00426100
v 0.01156200 0.00345800 0.00426100
v 0.01206200 0.00276600 0.00484200
v 0.01156200 0.00276600 0.00484200
v 0.01206200 0.00186200 0.00484200
v 0.01156200 0.00186200 0.00484200
v 0.01206200 0.00117000 0.00426100
v 0.01156200 0.00117000 0.00426100
v 0.01206200 0.00101300 0.00337100
v 0.01156200 0.00101300 0.00337100
v 0.01206200 0.00146500 0.00258800
v 0.01156200 -0.00793500 0.00258800
v 0.01206200 -0.00708600 0.00227900
v 0.01156200 -0.00708600 0.00227900
v 0.01206200 -0.00623700 0.00258800
v 0.01156200 -0.00623700 0.00258800
v 0.01206200 -0.00578500 0.00337100
v 0.01156200 -0.00578500 0.00337100
v 0.01206200 -0.00594200 0.00426100
v 0.01156200 -0.00594200 0.00426100
v 0.01206200 -0.00663400 0.00484200
v 0.01156200 -0.00663400 0.00484200
v 0.01206200 -0.00753800 0.00484200
v 0.01156200 -0.00753800 0.00484200
v 0.01206200 -0.00823000 0.00426100
v 0.01156200 -0.00823000 0.00426100
v 0.01206200 -0.00838700 0.00337100
v 0.01156200 -0.00838700 0.00337100
v 0.01206200 -0.00793500 0.00258800
v 0.01156200 -0.00323500 0.00728800
v 0.01206200 -0.00238600 0.00697900
v 0.01156200 -0.00238600 0.00697900
v 0.01206200 -0.00153700 0.00728800
v 0.01156200 -0.00153700 0.00728800
v 0.01206200 -0.00108500 0.00807100
v 0.01156200 -0.00108500 0.00807100
v 0.01206200 -0.00124200 0.00896100
v 0.01156200 -0.00124200 0.00896100
v 0.01206200 -0.00193400 0.00954200
v 0.01156200 -0.00193400 0.00954200
v 0.01206200 -0.00283800 0.00954200
v 0.01156200 -0.00283800 0.00954200
v 0.01206200 -0.00353000 0.00896100
v 0.01156200 -0.00353000 0.00896100
v 0.01206200 -0.00368700 0.00807100
v 0.01156200 -0.00368700 0.00807100
v 0.01206200 -0.00323500 0.00728800
v 0.01156200 -0.00793500 0.00728800
v 0.01206200 -0.00708600 0.00697900
v 0.01156200 -0.00708600 0.00697900
v 0.01206200 -0.00623700 0.00728800
v 0.01156200 -0.00623700 0.00728800
v 0.01206200 -0.00578500 0.00807100
v 0.01156200 -0.00578500 0.00807100
v 0.01206200 -0.00594200 0.00896100
v 0.01156200 -0.00594200 0.00896100
v 0.01206200 -0.00663400 0.00954200
v 0.01156200 -0.00663400 0.00954200
v 0.01206200 -0.00753800 0.00954200
v 0.01156200 -0.00753800 0.00954200
v 0.01206200 -0.00823000 0.00896100
v 0.01156200 -0.00823000 0.00896100
v 0.01206200 -0.00838700 0.00807100
v 0.01156200 -0.00838700 0.00807100
v 0.01206200 -0.00793500 0.00728800
v 0.01156200 -0.00323500 0.00258800
v 0.01206200 -0.00238600 0.00227900
v 0.01156200 -0.00238600 0.00227900
v 0.01206200 -0.00153700 0.00258800
v 0.01156200 -0.00153700 0.00258800
v 0.01206200 -0.00108500 0.00337100
v 0.01156200 -0.00108500 0.00337100
v 0.01206200 -0.00124200 0.00426100
v 0.01156200 -0.00124200 0.00426100
v 0.01206200 -0.00193400 0.00484200
v 0.01156200 -0.00193400 0.00484200
v 0.01206200 -0.00283800 0.00484200
v 0.01156200 -0.00283800 0.00484200
v 0.01206200 -0.00353000 0.00426100
v 0.01156200 -0.00353000 0.00426100
v 0.01206200 -0.00368700 0.00337100
v 0.01156200 -0.00368700 0.00337100
v 0.01206200 -0.00323500 0.00258800
v 0.01156200 0.00616500 0.01668800
v 0.01206200 0.00701400 0.01637900
v 0.01156200 0.00701400 0.01637900
v 0.01206200 0.00786300 0.01668800
v 0.01156200 0.00786300 0.01668800
v 0.01206200 0.00831500 0.01747100
v 0.01156200 0.00831500 0.01747100
v 0.01206200 0.00815800 0.01836100
v 0.01156200 0.00815800 0.01836100
v 0.01206200 0.00746600 0.01894200
v 0.01156200 0.00746600 0.01894200
v 0.01206200 0.00656200 0.01894200
v 0.01156200 0.00656200 0.01894200
v 0.01206200 0.00587000 0.01836100
v 0.01156200 0.00587000 0.01836100
v 0.01206200 0.00571300 0.01747100
v 0.01156200 0.00571300 0.01747100
v 0.01206200 0.00616500 0.01668800
v 0.01156200 0.00146500 0.01198800
v 0.01206200 0.00231400 0.01167900
v 0.01156200 0.00231400 0.01167900
v 0.01206200 0.00316300 0.01198800
v 0.01156200 0.00316300 0.01198800
v 0.01206200 0.00361500 0.01277100
v 0.01156200 0.00361500 0.01277100
v 0.01206200 0.00345800 0.01366100
v 0.01156200 0.00345800 0.01366100
v 0.01206200 0.00276600 0.01424200
v 0.01156200 0.00276600 0.01424200
v 0.01206200 0.00186200 0.01424200
v 0.01156200 0.00186200 0.01424200
v 0.01206200 0.00117000 0.01366100
v 0.01156200 0.00117000 0.01366100
v 0.01206200 0.00101300 0.01277100
v 0.01156200 0.00101300 0.01277100
v 0.01206200 0.00146500 0.01198800
v 0.01156200 0.00616500 0.01198800
v 0.01206200 0.00701400 0.01167900
v 0.01156200 0.00701400 0.01167900
v 0.01206200 0.00786300 0.01198800
v 0.01156200 0.00786300 0.01198800
v 0.01206200 0.00831500 0.01277100
v 0.01156200 0.00831500 0.01277100
v 0.01206200 0.00815800 0.01366100
v 0.01156200 0.00815800 0.01366100
v 0.01206200 0.00746600 0.01424200
v 0.01156200 0.00746600 0.01424200
v 0.01206200 0.00656200 0.01424200
v 0.01156200 0.00656200 0.01424200
v 0.01206200 0.00587000 0.01366100
v 0.01156200 0.00587000 0.01366100
v 0.01206200 0.00571300 0.01277100
v 0.01156200 0.00571300 0.01277100
v 0.01206200 0.00616500 0.01198800
v 0.01156200 0.00146500 0.01668800
v 0.01206200 0.00231400 0.01637900
v 0.01156200 0.00231400 0.01637900
v 0.01206200 0.00316300 0.01668800
v 0.01156200 0.00316300 0.01668800
v 0.01206200 0.00361500 0.01747100
v 0.01156200 0.00361500 0.01747100
v 0.01206200 0.00345800 0.01836100
v 0.01156200 0.00345800 0.01836100
v 0.01206200 0.00276600 0.01894200
v 0.01156200 0.00276600 0.01894200
v 0.01206200 0.00186200 0.01894200
v 0.01156200 0.00186200 0.01894200
v 0.01206200 0.00117000 0.01836100
v 0.01156200 0.00117000 0.01836100
v 0.01206200 0.00101300 0.01747100
v 0.01156200 0.00101300 0.01747100
v 0.01206200 0.00146500 0.01668800
v 0.01156200 -0.00793500 0.01668800
v 0.01206200 -0.00708600 0.01637900
v 0.01156200 -0.00708600 0.01637900
v 0.01206200 -0.00623700 0.01668800
v 0.01156200 -0.00623700 0.01668800
v 0.01206200 -0.00578500 0.01747100
v 0.01156200 -0.00578500 0.01747100
v 0.01206200 -0.00594200 0.01836100
v 0.01156200 -0.00594200 0.01836100
v 0.01206200 -0.00663400 0.01894200
v 0.01156200 -0.00663400 0.01894200
v 0.01206200 -0.00753800 0.01894200
v 0.01156200 -0.00753800 0.01894200
v 0.01206200 -0.00823000 0.01836100
v 0.01156200 -0.00823000 0.01836100
v 0.01206200 -0.00838700 0.01747100
v 0.01156200 -0.00838700 0.01747100
v 0.01206200 -0.00793500 0.01668800
v 0.01156200 -0.00323500 0.01198800
v 0.01206200 -0.00238600 0.01167900
v 0.01156200 -0.00238600 0.01167900
v 0.01206200 -0.00153700 0.01198800
v 0.01156200 -0.00153700 0.01198800
v 0.01206200 -0.00108500 0.01277100
v 0.01156200 -0.00108500 0.01277100
v 0.01206200 -0.00124200 0.01366100
v 0.01156200 -0.00124200 0.01366100
v 0.01206200 -0.00193400 0.01424200
v 0.01156200 -0.00193400 0.01424200
v 0.01206200 -0.00283800 0.01424200
v 0.01156200 -0.00283800 0.01424200
v 0.01206200 -0.00353000 0.01366100
v 0.01156200 -0.00353000 0.01366100
v 0.01206200 -0.00368700 0.01277100
v 0.01156200 -0.00368700 0.01277100
v 0.01206200 -0.00323500 0.01198800
v 0.01156200 -0.00793500 0.01198800
v 0.01206200 -0.00708600 0.01167900
v 0.01156200 -0.00708600 0.01167900
v 0.01206200 -0.00623700 0.01198800
v 0.01156200 -0.00623700 0.01198800
v 0.01206200 -0.00578500 0.01277100
v 0.01156200 -0.00578500 0.01277100
v 0.01206200 -0.00594200 0.01366100
v 0.01156200 -0.00594200 0.01366100
v 0.01206200 -0.00663400 0.01424200
v 0.01156200 -0.00663400 0.01424200
v 0.01206200 -0.00753800 0.01424200
v 0.01156200 -0.00753800 0.01424200
v 0.01206200 -0.00823000 0.01366100
v 0.01156200 -0.00823000 0.01366100
v 0.01206200 -0.00838700 0.01277100
v 0.01156200 -0.00838700 0.01277100
v 0.01206200 -0.00793500 0.01198800
v 0.01156200 -0.00323500 0.01668800
v 0.01206200 -0.00238600 0.01637900
v 0.01156200 -0.00238600 0.01637900
v 0.01206200 -0.00153700 0.01668800
v 0.01156200 -0.00153700 0.01668800
v 0.01206200 -0.00108500 0.01747100
v 0.01156200 -0.00108500 0.01747100
v 0.01206200 -0.00124200 0.01836100
v 0.01156200 -0.00124200 0.01836100
v 0.01206200 -0.00193400 0.01894200
v 0.01156200 -0.00193400 0.01894200
v 0.01206200 -0.00283800 0.01894200
v 0.01156200 -0.00283800 0.01894200
v 0.01206200 -0.00353000 0.01836100
v 0.01156200 -0.00353000 0.01836100
v 0.01206200 -0.00368700 0.01747100
v 0.01156200 -0.00368700 0.01747100
v 0.01206200 -0.00323500 0.01668800
v 0.01206200 0.00837700 0.01607500
v 0.01206200 0.00701400 0.01557900
v 0.01206200 0.00565100 0.01607500
v 0.01206200 0.00492500 0.01733200
v 0.01206200 0.00517700 0.01876000
v 0.01206200 0.00628900 0.01969300
v 0.01206200 0.00773900 0.01969300
v 0.01206200 0.00885100 0.01876000
v 0.01206200 0.00910300 0.01733200
v 0.01206200 0.00837700 0.00197500
v 0.01206200 0.00701400 0.00147900
v 0.01206200 0.00565100 0.00197500
v 0.01206200 0.00492500 0.00323200
v 0.01206200 0.00517700 0.00466000
v 0.01206200 0.00628900 0.00559300
v 0.01206200 0.00773900 0.00559300
v 0.01206200 0.00885100 0.00466000
v 0.01206200 0.00910300 0.00323200
v 0.01206200 0.00367700 0.00197500
v 0.01206200 0.00231400 0.00147900
v 0.01206200 0.00095100 0.00197500
v 0.01206200 0.00022500 0.00323200
v 0.01206200 0.00047700 0.00466000
v 0.01206200 0.00158900 0.00559300
v 0.01206200 0.00303900 0.00559300
v 0.01206200 0.00415100 0.00466000
v 0.01206200 0.00440300 0.00323200
v 0.01206200 -0.00102300 0.00197500
v 0.01206200 -0.00238600 0.00147900
v 0.01206200 -0.00374900 0.00197500
v 0.01206200 -0.00447500 0.00323200
v 0.01206200 -0.00422300 0.00466000
v 0.01206200 -0.00311100 0.00559300
v 0.01206200 -0.00166100 0.00559300
v 0.01206200 -0.00054900 0.00466000
v 0.01206200 -0.00029700 0.00323200
v 0.01206200 -0.00572300 0.00197500
v 0.01206200 -0.00708600 0.00147900
v 0.01206200 -0.00844900 0.00197500
v 0.01206200 -0.00917500 0.00323200
v 0.01206200 -0.00892300 0.00466000
v 0.01206200 -0.00781100 0.00559300
v 0.01206200 -0.00636100 0.00559300
v 0.01206200 -0.00524900 0.00466000
v 0.01206200 -0.00499700 0.00323200
v 0.01206200 -0.00572300 0.00667500
v 0.01206200 -0.00708600 0.00617900
v 0.01206200 -0.00844900 0.00667500
v 0.01206200 -0.00917500 0.00793200
v 0.01206200 -0.00892300 0.00936000
v 0.01206200 -0.00781100 0.01029300
v 0.01206200 -0.00636100 0.01029300
v 0.01206200 -0.00524900 0.00936000
v 0.01206200 -0.00499700 0.00793200
v 0.01206200 -0.00102300 0.00667500
v 0.01206200 -0.00238600 0.00617900
v 0.01206200 -0.00374900 0.00667500
v 0.01206200 -0.00447500 0.00793200
v 0.01206200 -0.00422300 0.00936000
v 0.01206200 -0.00311100 0.01029300
v 0.01206200 -0.00166100 0.01029300
v 0.01206200 -0.00054900 0.00936000
v 0.01206200 -0.00029700 0.00793200
v 0.01206200 0.00367700 0.00667500
v 0.01206200 0.00231400 0.00617900
v 0.01206200 0.00095100 0.00667500
v 0.01206200 0.00022500 0.00793200
v 0.01206200 0.00047700 0.00936000
v 0.01206200 0.00158900 0.01029300
v 0.01206200 0.00303900 0.01029300
v 0.01206200 0.00415100 0.00936000
v 0.01206200 0.00440300 0.00793200
v 0.01206200 0.00837700 0.00667500
v 0.01206200 0.00701400 0.00617900
v 0.01206200 0.00565100 0.00667500
v 0.01206200 0.00492500 0.00793200
v 0.01206200 0.00517700 0.00936000
v 0.01206200 0.00628900 0.01029300
v 0.01206200 0.00773900 0.01029300
v 0.01206200 0.00885100 0.00936000
v 0.01206200 0.00910300 0.00793200
v 0.01206200 0.00837700 0.01137500
v 0.01206200 0.00701400 0.01087900
v 0.01206200 0.00565100 0.01137500
v 0.01206200 0.00492500 0.01263200
v 0.01206200 0.00517700 0.01406000
v 0.01206200 0.00628900 0.01499300
v 0.01206200 0.00773900 0.01499300
v 0.01206200 0.00885100 0.01406000
v 0.01206200 0.00910300 0.01263200
v 0.01206200 0.00367700 0.01137500
v 0.01206200 0.00231400 0.01087900
v 0.01206200 0.00095100 0.01137500
v 0.01206200 0.00022500 0.01263200
v 0.01206200 0.00047700 0.01406000
v 0.01206200 0.00158900 0.01499300
v 0.01206200 0.00303900 0.01499300
v 0.01206200 0.00415100 0.01406000
v 0.01206200 0.00440300 0.01263200
v 0.01206200 -0.00102300 0.01137500
v 0.01206200 -0.00238600 0.01087900
v 0.01206200 -0.00374900 0.01137500
v 0.01206200 -0.00447500 0.01263200
v 0.01206200 -0.00422300 0.01406000
v 0.01206200 -0.00311100 0.01499300
v 0.01206200 -0.00166100 0.01499300
v 0.01206200 -0.00054900 0.01406000
v 0.01206200 -0.00029700 0.01263200
v 0.01206200 -0.00572300 0.01137500
v 0.01206200 -0.00708600 0.01087900
v 0.01206200 -0.00844900 0.01137500
v 0.01206200 -0.00917500 0.01263200
v 0.01206200 -0.00892300 0.01406000
v 0.01206200 -0.00781100 0.01499300
v 0.01206200 -0.00636100 0.01499300
v 0.01206200 -0.00524900 0.01406000
v 0.01206200 -0.00499700 0.01263200
v 0.01206200 -0.00572300 0.01607500
v 0.01206200 -0.00708600 0.01557900
v 0.01206200 -0.00844900 0.01607500
v 0.01206200 -0.00917500 0.01733200
v 0.01206200 -0.00892300 0.01876000
v 0.01206200 -0.00781100 0.01969300
v 0.01206200 -0.00636100 0.01969300
v 0.01206200 -0.00524900 0.01876000
v 0.01206200 -0.00499700 0.01733200
v 0.01206200 -0.00102300 0.01607500
v 0.01206200 -0.00238600 0.01557900
v 0.01206200 -0.00374900 0.01607500
v 0.01206200 -0.00447500 0.01733200
v 0.01206200 -0.00422300 0.01876000
v 0.01206200 -0.00311100 0.01969300
v 0.01206200 -0.00166100 0.01969300
v 0.01206200 -0.00054900 0.01876000
v 0.01206200 -0.00029700 0.01733200
v 0.01206200 0.00367700 0.01607500
v 0.01206200 0.00231400 0.01557900
v 0.01206200 0.00095100 0.01607500
v 0.01206200 0.00022500 0.01733200
v 0.01206200 0.00047700 0.01876000
v 0.01206200 0.00158900 0.01969300
v 0.01206200 0.00303900 0.01969300
v 0.01206200 0.00415100 0.01876000
v 0.01206200 0.00440300 0.01733200
v 0.01256200 0.00637100 0.00436600
v 0.01256200 0.00701400 0.00460000
v 0.01256200 0.00765700 0.00436600
v 0.01256200 0.00799900 0.00377400
v 0.01256200 0.00788000 0.00310000
v 0.01256200 0.00735600 0.00266000
v 0.01256200 0.00667200 0.00266000
v 0.01256200 0.00614800 0.00310000
v 0.01256200 0.00602900 0.00377400
v 0.01256200 0.00167100 0.00906600
v 0.01256200 0.00231400 0.00930000
v 0.01256200 0.00295700 0.00906600
v 0.01256200 0.00329900 0.00847400
v 0.01256200 0.00318000 0.00780000
v 0.01256200 0.00265600 0.00736000
v 0.01256200 0.00197200 0.00736000
v 0.01256200 0.00144800 0.00780000
v 0.01256200 0.00132900 0.00847400
v 0.01256200 0.00637100 0.00906600
v 0.01256200 0.00701400 0.00930000
v 0.01256200 0.00765700 0.00906600
v 0.01256200 0.00799900 0.00847400
v 0.01256200 0.00788000 0.00780000
v 0.01256200 0.00735600 0.00736000
v 0.01256200 0.00667200 0.00736000
v 0.01256200 0.00614800 0.00780000
v 0.01256200 0.00602900 0.00847400
v 0.01256200 0.00167100 0.00436600
v 0.01256200 0.00231400 0.00460000
v 0.01256200 0.00295700 0.00436600
v 0.01256200 0.00329900 0.00377400
v 0.01256200 0.00318000 0.00310000
v 0.01256200 0.00265600 0.00266000
v 0.01256200 0.00197200 0.00266000
v 0.01256200 0.00144800 0.00310000
v 0.01256200 0.00132900 0.00377400
v 0.01256200 -0.00772900 0.00436600
v 0.01256200 -0.00708600 0.00460000
v 0.01256200 -0.00644300 0.00436600
v 0.01256200 -0.00610100 0.00377400
v 0.01256200 -0.00622000 0.00310000
v 0.01256200 -0.00674400 0.00266000
v 0.01256200 -0.00742800 0.00266000
v 0.01256200 -0.00795200 0.00310000
v 0.01256200 -0.00807100 0.00377400
v 0.01256200 -0.00302900 0.00906600
v 0.01256200 -0.00238600 0.00930000
v 0.01256200 -0.00174300 0.00906600
v 0.01256200 -0.00140100 0.00847400
v 0.01256200 -0.00152000 0.00780000
v 0.01256200 -0.00204400 0.00736000
v 0.01256200 -0.00272800 0.00736000
v 0.01256200 -0.00325200 0.00780000
v 0.01256200 -0.00337100 0.00847400
v 0.01256200 -0.00772900 0.00906600
v 0.01256200 -0.00708600 0.00930000
v 0.01256200 -0.00644300 0.00906600
v 0.01256200 -0.00610100 0.00847400
v 0.01256200 -0.00622000 0.00780000
v 0.01256200 -0.00674400 0.00736000
v 0.01256200 -0.00742800 0.00736000
v 0.01256200 -0.00795200 0.00780000
v 0.01256200 -0.00807100 0.00847400
v 0.01256200 -0.00302900 0.00436600
v 0.01256200 -0.00238600 0.00460000
v 0.01256200 -0.00174300 0.00436600
v 0.01256200 -0.00140100 0.00377400
v 0.01256200 -0.00152000 0.00310000
v 0.01256200 -0.00204400 0.00266000
v 0.01256200 -0.00272800 0.00266000
v 0.01256200 -0.00325200 0.00310000
v 0.01256200 -0.00337100 0.00377400
v 0.01256200 0.00637100 0.01846600
v 0.01256200 0.00701400 0.01870000
v 0.01256200 0.00765700 0.01846600
v 0.01256200 0.00799900 0.01787400
v 0.01256200 0.00788000 0.01720000
v 0.01256200 0.00735600 0.01676000
v 0.01256200 0.00667200 0.01676000
v 0.01256200 0.00614800 0.01720000
v 0.01256200 0.00602900 0.01787400
v 0.01256200 0.00167100 0.01376600
v 0.01256200 0.00231400 0.01400000
v 0.01256200 0.00295700 0.01376600
v 0.01256200 0.00329900 0.01317400
v 0.01256200 0.00318000 0.01250000
v 0.01256200 0.00265600 0.01206000
v 0.01256200 0.00197200 0.01206000
v 0.01256200 0.00144800 0.01250000
v 0.01256200 0.00132900 0.01317400
v 0.01256200 0.00637100 0.01376600
v 0.01256200 0.00701400 0.01400000
v 0.01256200 0.00765700 0.01376600
v 0.01256200 0.00799900 0.01317400
v 0.01256200 0.00788000 0.01250000
v 0.01256200 0.00735600 0.01206000
v 0.01256200 0.00667200 0.01206000
v 0.01256200 0.00614800 0.01250000
v 0.01256200 0.00602900 0.01317400
v 0.01256200 0.00167100 0.01846600
v 0.01256200 0.00231400 0.01870000
v 0.01256200 0.00295700 0.01846600
v 0.01256200 0.00329900 0.01787400
v 0.01256200 0.00318000 0.01720000
v 0.01256200 0.00265600 0.01676000
v 0.01256200 0.00197200 0.01676000
v 0.01256200 0.00144800 0.01720000
v 0.01256200 0.00132900 0.01787400
v 0.01256200 -0.00772900 0.01846600
v 0.01256200 -0.00708600 0.01870000
v 0.01256200 -0.00644300 0.01846600
v 0.01256200 -0.00610100 0.01787400
v 0.01256200 -0.00622000 0.01720000
v 0.01256200 -0.00674400 0.01676000
v 0.01256200 -0.00742800 0.01676000
v 0.01256200 -0.00795200 0.01720000
v 0.01256200 -0.00807100 0.01787400
v 0.01256200 -0.00302900 0.01376600
v 0.01256200 -0.00238600 0.01400000
v 0.01256200 -0.00174300 0.01376600
v 0.01256200 -0.00140100 0.01317400
v 0.01256200 -0.00152000 0.01250000
v 0.01256200 -0.00204400 0.01206000
v 0.01256200 -0.00272800 0.01206000
v 0.01256200 -0.00325200 0.01250000
v 0.01256200 -0.00337100 0.01317400
v 0.01256200 -0.00772900 0.01376600
v 0.01256200 -0.00708600 0.01400000
v 0.01256200 -0.00644300 0.01376600
v 0.01256200 -0.00610100 0.01317400
v 0.01256200 -0.00622000 0.01250000
v 0.01256200 -0.00674400 0.01206000
v 0.01256200 -0.00742800 0.01206000
v 0.01256200 -0.00795200 0.01250000
v 0.01256200 -0.00807100 0.01317400
v 0.01256200 -0.00302900 0.01846600
v 0.01256200 -0.00238600 0.01870000
v 0.01256200 -0.00174300 0.01846600
v 0.01256200 -0.00140100 0.01787400
v 0.01256200 -0.00152000 0.01720000
v 0.01256200 -0.00204400 0.01676000
v 0.01256200 -0.00272800 0.01676000
v 0.01256200 -0.00325200 0.01720000
v 0.01256200 -0.00337100 0.01787400
v 0.01356200 0.00787300 0.01697900
v 0.01356200 0.00813500 0.01770000
v 0.01356200 0.00787300 0.01842100
v 0.01356200 0.00720900 0.01880400
v 0.01356200 0.00645400 0.01867100
v 0.01356200 0.00596100 0.01808300
v 0.01356200 0.00596100 0.01731700
v 0.01356200 0.00645400 0.01672900
v 0.01356200 0.00720900 0.01659600
v 0.01356200 0.00787300 0.00287900
v 0.01356200 0.00813500 0.00360000
v 0.01356200 0.00787300 0.00432100
v 0.01356200 0.00720900 0.00470400
v 0.01356200 0.00645400 0.00457100
v 0.01356200 0.00596100 0.00398300
v 0.01356200 0.00596100 0.00321700
v 0.01356200 0.00645400 0.00262900
v 0.01356200 0.00720900 0.00249600
v 0.01356200 0.00317300 0.00287900
v 0.01356200 0.00343500 0.00360000
v 0.01356200 0.00317300 0.00432100
v 0.01356200 0.00250900 0.00470400
v 0.01356200 0.00175400 0.00457100
v 0.01356200 0.00126100 0.00398300
v 0.01356200 0.00126100 0.00321700
v 0.01356200 0.00175400 0.00262900
v 0.01356200 0.00250900 0.00249600
v 0.01356200 -0.00152700 0.00287900
v 0.01356200 -0.00126500 0.00360000
v 0.01356200 -0.00152700 0.00432100
v 0.01356200 -0.00219100 0.00470400
v 0.01356200 -0.00294600 0.00457100
v 0.01356200 -0.00343900 0.00398300
v 0.01356200 -0.00343900 0.00321700
v 0.01356200 -0.00294600 0.00262900
v 0.01356200 -0.00219100 0.00249600
v 0.01356200 -0.00622700 0.00287900
v 0.01356200 -0.00596500 0.00360000
v 0.01356200 -0.00622700 0.00432100
v 0.01356200 -0.00689100 0.00470400
v 0.01356200 -0.00764600 0.00457100
v 0.01356200 -0.00813900 0.00398300
v 0.01356200 -0.00813900 0.00321700
v 0.01356200 -0.00764600 0.00262900
v 0.01356200 -0.00689100 0.00249600
v 0.01356200 -0.00622700 0.00757900
v 0.01356200 -0.00596500 0.00830000
v 0.01356200 -0.00622700 0.00902100
v 0.01356200 -0.00689100 0.00940400
v 0.01356200 -0.00764600 0.00927100
v 0.01356200 -0.00813900 0.00868300
v 0.01356200 -0.00813900 0.00791700
v 0.01356200 -0.00764600 0.00732900
v 0.01356200 -0.00689100 0.00719600
v 0.01356200 -0.00152700 0.00757900
v 0.01356200 -0.00126500 0.00830000
v 0.01356200 -0.00152700 0.00902100
v 0.01356200 -0.00219100 0.00940400
v 0.01356200 -0.00294600 0.00927100
v 0.01356200 -0.00343900 0.00868300
v 0.01356200 -0.00343900 0.00791700
v 0.01356200 -0.00294600 0.00732900
v 0.01356200 -0.00219100 0.00719600
v 0.01356200 0.00317300 0.00757900
v 0.01356200 0.00343500 0.00830000
v 0.01356200 0.00317300 0.00902100
v 0.01356200 0.00250900 0.00940400
v 0.01356200 0.00175400 0.00927100
v 0.01356200 0.00126100 0.00868300
v 0.01356200 0.00126100 0.00791700
v 0.01356200 0.00175400 0.00732900
v 0.01356200 0.00250900 0.00719600
v 0.01356200 0.00787300 0.00757900
v 0.01356200 0.00813500 0.00830000
v 0.01356200 0.00787300 0.00902100
v 0.01356200 0.00720900 0.00940400
v 0.01356200 0.00645400 0.00927100
v 0.01356200 0.00596100 0.00868300
v 0.01356200 0.00596100 0.00791700
v 0.01356200 0.00645400 0.00732900
v 0.01356200 0.00720900 0.00719600
v 0.01356200 0.00787300 0.01227900
v 0.01356200 0.00813500 0.01300000
v 0.01356200 0.00787300 0.01372100
v 0.01356200 0.00720900 0.01410400
v 0.01356200 0.00645400 0.01397100
v 0.01356200 0.00596100 0.01338300
v 0.01356200 0.00596100 0.01261700
v 0.01356200 0.00645400 0.01202900
v 0.01356200 0.00720900 0.01189600
v 0.01356200 0.00317300 0.01227900
v 0.01356200 0.00343500 0.01300000
v 0.01356200 0.00317300 0.01372100
v 0.01356200 0.00250900 0.01410400
v 0.01356200 0.00175400 0.01397100
v 0.01356200 0.00126100 0.01338300
v 0.01356200 0.00126100 0.01261700
v 0.01356200 0.00175400 0.01202900
v 0.01356200 0.00250900 0.01189600
v 0.01356200 -0.00152700 0.01227900
v 0.01356200 -0.00126500 0.01300000
v 0.01356200 -0.00152700 0.01372100
v 0.01356200 -0.00219100 0.01410400
v 0.01356200 -0.00294600 0.01397100
v 0.01356200 -0.00343900 0.01338300
v 0.01356200 -0.00343900 0.01261700
v 0.01356200 -0.00294600 0.01202900
v 0.01356200 -0.00219100 0.01189600
v 0.01356200 -0.00622700 0.01227900
v 0.01356200 -0.00596500 0.01300000
v 0.01356200 -0.00622700 0.01372100
v 0.01356200 -0.00689100 0.01410400
v 0.01356200 -0.00764600 0.01397100
v 0.01356200 -0.00813900 0.01338300
v 0.01356200 -0.00813900 0.01261700
v 0.01356200 -0.00764600 0.01202900
v 0.01356200 -0.00689100 0.01189600
v 0.01356200 -0.00622700 0.01697900
v 0.01356200 -0.00596500 0.01770000
v 0.01356200 -0.00622700 0.01842100
v 0.01356200 -0.00689100 0.01880400
v 0.01356200 -0.00764600 0.01867100
v 0.01356200 -0.00813900 0.01808300
v 0.01356200 -0.00813900 0.01731700
v 0.01356200 -0.00764600 0.01672900
v 0.01356200 -0.00689100 0.01659600
v 0.01356200 -0.00152700 0.01697900
v 0.01356200 -0.00126500 0.01770000
v 0.01356200 -0.00152700 0.01842100
v 0.01356200 -0.00219100 0.01880400
v 0.01356200 -0.00294600 0.01867100
v 0.01356200 -0.00343900 0.01808300
v 0.01356200 -0.00343900 0.01731700
v 0.01356200 -0.00294600 0.01672900
v 0.01356200 -0.00219100 0.01659600
v 0.01356200 0.00317300 0.01697900
v 0.01356200 0.00343500 0.01770000
v 0.01356200 0.00317300 0.01842100
v 0.01356200 0.00250900 0.01880400
v 0.01356200 0.00175400 0.01867100
v 0.01356200 0.00126100 0.01808300
v 0.01356200 0.00126100 0.01731700
v 0.01356200 0.00175400 0.01672900
v 0.01356200 0.00250900 0.01659600
v 0.01406200 0.00777300 0.01820700
v 0.01406200 0.00792700 0.01770000
v 0.01406200 0.00785800 0.01735100
v 0.01406200 0.00766000 0.01705400
v 0.01406200 0.00736300 0.01685600
v 0.01406200 0.00701400 0.01678700
v 0.01406200 0.00650700 0.01694100
v 0.01406200 0.00617000 0.01735100
v 0.01406200 0.00611900 0.01787800
v 0.01406200 0.00636800 0.01834600
v 0.01406200 0.00683600 0.01859600
v 0.01406200 0.00736300 0.01854400
v 0.01406200 0.00777300 0.00410700
v 0.01406200 0.00792700 0.00360000
v 0.01406200 0.00785800 0.00325100
v 0.01406200 0.00766000 0.00295400
v 0.01406200 0.00736300 0.00275600
v 0.01406200 0.00701400 0.00268700
v 0.01406200 0.00650700 0.00284100
v 0.01406200 0.00617000 0.00325100
v 0.01406200 0.00611900 0.00377800
v 0.01406200 0.00636800 0.00424600
v 0.01406200 0.00683600 0.00449500
v 0.01406200 0.00736300 0.00444400
v 0.01406200 0.00307300 0.00410700
v 0.01406200 0.00322700 0.00360000
v 0.01406200 0.00315800 0.00325100
v 0.01406200 0.00296000 0.00295400
v 0.01406200 0.00266300 0.00275600
v 0.01406200 0.00231400 0.00268700
v 0.01406200 0.00180700 0.00284100
v 0.01406200 0.00147000 0.00325100
v 0.01406200 0.00141900 0.00377800
v 0.01406200 0.00166800 0.00424600
v 0.01406200 0.00213600 0.00449500
v 0.01406200 0.00266300 0.00444400
v 0.01406200 -0.00162700 0.00410700
v 0.01406200 -0.00147300 0.00360000
v 0.01406200 -0.00154200 0.00325100
v 0.01406200 -0.00174000 0.00295400
v 0.01406200 -0.00203700 0.00275600
v 0.01406200 -0.00238600 0.00268700
v 0.01406200 -0.00289300 0.00284100
v 0.01406200 -0.00323000 0.00325100
v 0.01406200 -0.00328100 0.00377800
v 0.01406200 -0.00303200 0.00424600
v 0.01406200 -0.00256400 0.00449500
v 0.01406200 -0.00203700 0.00444400
v 0.01406200 -0.00632700 0.00410700
v 0.01406200 -0.00617300 0.00360000
v 0.01406200 -0.00624200 0.00325100
v 0.01406200 -0.00644000 0.00295400
v 0.01406200 -0.00673700 0.00275600
v 0.01406200 -0.00708600 0.00268700
v 0.01406200 -0.00759300 0.00284100
v 0.01406200 -0.00793000 0.00325100
v 0.01406200 -0.00798100 0.00377800
v 0.01406200 -0.00773200 0.00424600
v 0.01406200 -0.00726400 0.00449500
v 0.01406200 -0.00673700 0.00444400
v 0.01406200 -0.00632700 0.00880700
v 0.01406200 -0.00617300 0.00830000
v 0.01406200 -0.00624200 0.00795100
v 0.01406200 -0.00644000 0.00765400
v 0.01406200 -0.00673700 0.00745600
v 0.01406200 -0.00708600 0.00738700
v 0.01406200 -0.00759300 0.00754100
v 0.01406200 -0.00793000 0.00795100
v 0.01406200 -0.00798100 0.00847800
v 0.01406200 -0.00773200 0.00894600
v 0.01406200 -0.00726400 0.00919500
v 0.01406200 -0.00673700 0.00914400
v 0.01406200 -0.00162700 0.00880700
v 0.01406200 -0.00147300 0.00830000
v 0.01406200 -0.00154200 0.00795100
v 0.01406200 -0.00174000 0.00765400
v 0.01406200 -0.00203700 0.00745600
v 0.01406200 -0.00238600 0.00738700
v 0.01406200 -0.00289300 0.00754100
v 0.01406200 -0.00323000 0.00795100
v 0.01406200 -0.00328100 0.00847800
v 0.01406200 -0.00303200 0.00894600
v 0.01406200 -0.00256400 0.00919500
v 0.01406200 -0.00203700 0.00914400
v 0.01406200 0.00307300 0.00880700
v 0.01406200 0.00322700 0.00830000
v 0.01406200 0.00315800 0.00795100
v 0.01406200 0.00296000 0.00765400
v 0.01406200 0.00266300 0.00745600
v 0.01406200 0.00231400 0.00738700
v 0.01406200 0.00180700 0.00754100
v 0.01406200 0.00147000 0.00795100
v 0.01406200 0.00141900 0.00847800
v 0.01406200 0.00166800 0.00894600
v 0.01406200 0.00213600 0.00919500
v 0.01406200 0.00266300 0.00914400
v 0.01406200 0.00777300 0.00880700
v 0.01406200 0.00792700 0.00830000
v 0.01406200 0.00785800 0.00795100
v 0.01406200 0.00766000 0.00765400
v 0.01406200 0.00736300 0.00745600
v 0.01406200 0.00701400 0.00738700
v 0.01406200 0.00650700 0.00754100
v 0.01406200 0.00617000 0.00795100
v 0.01406200 0.00611900 0.00847800
v 0.01406200 0.00636800 0.00894600
v 0.01406200 0.00683600 0.00919500
v 0.01406200 0.00736300 0.00914400
v 0.01406200 0.00777300 0.01350700
v 0.01406200 0.00792700 0.01300000
v 0.01406200 0.00785800 0.01265100
v 0.01406200 0.00766000 0.01235400
v 0.01406200 0.00736300 0.01215600
v 0.01406200 0.00701400 0.01208700
v 0.01406200 0.00650700 0.01224100
v 0.01406200 0.00617000 0.01265100
v 0.01406200 0.00611900 0.01317800
v 0.01406200 0.00636800 0.01364600
v 0.01406200 0.00683600 0.01389600
v 0.01406200 0.00736300 0.01384400
v 0.01406200 0.00307300 0.01350700
v 0.01406200 0.00322700 0.01300000
v 0.01406200 0.00315800 0.01265100
v 0.01406200 0.00296000 0.01235400
v 0.01406200 0.00266300 0.01215600
v 0.01406200 0.00231400 0.01208700
v 0.01406200 0.00180700 0.01224100
v 0.01406200 0.00147000 0.01265100
v 0.01406200 0.00141900 0.01317800
v 0.01406200 0.00166800 0.01364600
v 0.01406200 0.00213600 0.01389600
v 0.01406200 0.00266300 0.01384400
v 0.01406200 -0.00162700 0.01350700
v 0.01406200 -0.00147300 0.01300000
v 0.01406200 -0.00154200 0.01265100
v 0.01406200 -0.00174000 0.01235400
v 0.01406200 -0.00203700 0.01215600
v 0.01406200 -0.00238600 0.01208700
v 0.01406200 -0.00289300 0.01224100
v 0.01406200 -0.00323000 0.01265100
v 0.01406200 -0.00328100 0.01317800
v 0.01406200 -0.00303200 0.01364600
v 0.01406200 -0.00256400 0.01389600
v 0.01406200 -0.00203700 0.01384400
v 0.01406200 -0.00632700 0.01350700
v 0.01406200 -0.00617300 0.01300000
v 0.01406200 -0.00624200 0.01265100
v 0.01406200 -0.00644000 0.01235400
v 0.01406200 -0.00673700 0.01215600
v 0.01406200 -0.00708600 0.01208700
v 0.01406200 -0.00759300 0.01224100
v 0.01406200 -0.00793000 0.01265100
v 0.01406200 -0.00798100 0.01317800
v 0.01406200 -0.00773200 0.01364600
v 0.01406200 -0.00726400 0.01389600
v 0.01406200 -0.00673700 0.01384400
v 0.01406200 -0.00632700 0.01820700
v 0.01406200 -0.00617300 0.01770000
v 0.01406200 -0.00624200 0.01735100
v 0.01406200 -0.00644000 0.01705400
v 0.01406200 -0.00673700 0.01685600
v 0.01406200 -0.00708600 0.01678700
v 0.01406200 -0.00759300 0.01694100
v 0.01406200 -0.00793000 0.01735100
v 0.01406200 -0.00798100 0.01787800
v 0.01406200 -0.00773200 0.01834600
v 0.01406200 -0.00726400 0.01859600
v 0.01406200 -0.00673700 0.01854400
v 0.01406200 -0.00162700 0.01820700
v 0.01406200 -0.00147300 0.01770000
v 0.01406200 -0.00154200 0.01735100
v 0.01406200 -0.00174000 0.01705400
v 0.01406200 -0.00203700 0.01685600
v 0.01406200 -0.00238600 0.01678700
v 0.01406200 -0.00289300 0.01694100
v 0.01406200 -0.00323000 0.01735100
v 0.01406200 -0.00328100 0.01787800
v 0.01406200 -0.00303200 0.01834600
v 0.01406200 -0.00256400 0.01859600
v 0.01406200 -0.00203700 0.01854400
v 0.01406200 0.00307300 0.01820700
v 0.01406200 0.00322700 0.01770000
v 0.01406200 0.00315800 0.01735100
v 0.01406200 0.00296000 0.01705400
v 0.01406200 0.00266300 0.01685600
v 0.01406200 0.00231400 0.01678700
v 0.01406200 0.00180700 0.01694100
v 0.01406200 0.00147000 0.01735100
v 0.01406200 0.00141900 0.01787800
v 0.01406200 0.00166800 0.01834600
v 0.01406200 0.00213600 0.01859600
v 0.01406200 0.00266300 0.01854400
v 0.01306200 0.00653200 0.01712600
v 0.01406200 0.00659700 0.01707600
v 0.01306200 0.00701400 0.01695000
v 0.01406200 0.00701400 0.01695000
v 0.01406200 0.00730100 0.01700700
v 0.01406200 0.00632100 0.01741300
v 0.01306200 0.00627500 0.01757000
v 0.01406200 0.00627800 0.01784600
v 0.01306200 0.00636400 0.01807500
v 0.01406200 0.00648400 0.01823000
v 0.01306200 0.00675700 0.01840500
v 0.01406200 0.00686800 0.01843600
v 0.01306200 0.00727100 0.01840500
v 0.01406200 0.00730100 0.01839300
v 0.01406200 0.00763800 0.01811700
v 0.01306200 0.00766400 0.01807500
v 0.01406200 0.00776400 0.01770000
v 0.01306200 0.00775300 0.01757000
v 0.01406200 0.00770700 0.01741300
v 0.01306200 0.00749600 0.01712600
v 0.01406200 0.00754400 0.01717000
v 0.01306200 0.00653200 0.00302500
v 0.01406200 0.00659700 0.00297600
v 0.01306200 0.00701400 0.00285000
v 0.01406200 0.00701400 0.00285000
v 0.01406200 0.00730100 0.00290700
v 0.01406200 0.00632100 0.00331300
v 0.01306200 0.00627500 0.00347000
v 0.01406200 0.00627800 0.00374600
v 0.01306200 0.00636400 0.00397500
v 0.01406200 0.00648400 0.00413000
v 0.01306200 0.00675700 0.00430500
v 0.01406200 0.00686800 0.00433600
v 0.01306200 0.00727100 0.00430500
v 0.01406200 0.00730100 0.00429300
v 0.01406200 0.00763800 0.00401700
v 0.01306200 0.00766400 0.00397500
v 0.01406200 0.00776400 0.00360000
v 0.01306200 0.00775300 0.00347000
v 0.01406200 0.00770700 0.00331300
v 0.01306200 0.00749600 0.00302500
v 0.01406200 0.00754400 0.00307000
v 0.01306200 0.00183200 0.00302500
v 0.01406200 0.00189700 0.00297600
v 0.01306200 0.00231400 0.00285000
v 0.01406200 0.00231400 0.00285000
v 0.01406200 0.00260100 0.00290700
v 0.01406200 0.00162100 0.00331300
v 0.01306200 0.00157500 0.00347000
v 0.01406200 0.00157800 0.00374600
v 0.01306200 0.00166400 0.00397500
v 0.01406200 0.00178400 0.00413000
v 0.01306200 0.00205700 0.00430500
v 0.01406200 0.00216800 0.00433600
v 0.01306200 0.00257100 0.00430500
v 0.01406200 0.00260100 0.00429300
v 0.01406200 0.00293800 0.00401700
v 0.01306200 0.00296400 0.00397500
v 0.01406200 0.00306400 0.00360000
v 0.01306200 0.00305300 0.00347000
v 0.01406200 0.00300700 0.00331300
v 0.01306200 0.00279600 0.00302500
v 0.01406200 0.00284400 0.00307000
v 0.01306200 -0.00286800 0.00302500
v 0.01406200 -0.00280300 0.00297600
v 0.01306200 -0.00238600 0.00285000
v 0.01406200 -0.00238600 0.00285000
v 0.01406200 -0.00209900 0.00290700
v 0.01406200 -0.00307900 0.00331300
v 0.01306200 -0.00312500 0.00347000
v 0.01406200 -0.00312200 0.00374600
v 0.01306200 -0.00303600 0.00397500
v 0.01406200 -0.00291600 0.00413000
v 0.01306200 -0.00264300 0.00430500
v 0.01406200 -0.00253200 0.00433600
v 0.01306200 -0.00212900 0.00430500
v 0.01406200 -0.00209900 0.00429300
v 0.01406200 -0.00176200 0.00401700
v 0.01306200 -0.00173600 0.00397500
v 0.01406200 -0.00163600 0.00360000
v 0.01306200 -0.00164700 0.00347000
v 0.01406200 -0.00169300 0.00331300
v 0.01306200 -0.00190400 0.00302500
v 0.01406200 -0.00185600 0.00307000
v 0.01306200 -0.00756800 0.00302500
v 0.01406200 -0.00750300 0.00297600
v 0.01306200 -0.00708600 0.00285000
v 0.01406200 -0.00708600 0.00285000
v 0.01406200 -0.00679900 0.00290700
v 0.01406200 -0.00777900 0.00331300
v 0.01306200 -0.00782500 0.00347000
v 0.01406200 -0.00782200 0.00374600
v 0.01306200 -0.00773600 0.00397500
v 0.01406200 -0.00761600 0.00413000
v 0.01306200 -0.00734300 0.00430500
v 0.01406200 -0.00723200 0.00433600
v 0.01306200 -0.00682900 0.00430500
v 0.01406200 -0.00679900 0.00429300
v 0.01406200 -0.00646200 0.00401700
v 0.01306200 -0.00643600 0.00397500
v 0.01406200 -0.00633600 0.00360000
v 0.01306200 -0.00634700 0.00347000
v 0.01406200 -0.00639300 0.00331300
v 0.01306200 -0.00660400 0.00302500
v 0.01406200 -0.00655600 0.00307000
v 0.01306200 -0.00756800 0.00772500
v 0.01406200 -0.00750300 0.00767600
v 0.01306200 -0.00708600 0.00755000
v 0.01406200 -0.00708600 0.00755000
v 0.01406200 -0.00679900 0.00760700
v 0.01406200 -0.00777900 0.00801300
v 0.01306200 -0.00782500 0.00817000
v 0.01406200 -0.00782200 0.00844600
v 0.01306200 -0.00773600 0.00867500
v 0.01406200 -0.00761600 0.00883000
v 0.01306200 -0.00734300 0.00900500
v 0.01406200 -0.00723200 0.00903600
v 0.01306200 -0.00682900 0.00900500
v 0.01406200 -0.00679900 0.00899300
v 0.01406200 -0.00646200 0.00871700
v 0.01306200 -0.00643600 0.00867500
v 0.01406200 -0.00633600 0.00830000
v 0.01306200 -0.00634700 0.00817000
v 0.01406200 -0.00639300 0.00801300
v 0.01306200 -0.00660400 0.00772500
v 0.01406200 -0.00655600 0.00777000
v 0.01306200 -0.00286800 0.00772500
v 0.01406200 -0.00280300 0.00767600
v 0.01306200 -0.00238600 0.00755000
v 0.01406200 -0.00238600 0.00755000
v 0.01406200 -0.00209900 0.00760700
v 0.01406200 -0.00307900 0.00801300
v 0.01306200 -0.00312500 0.00817000
v 0.01406200 -0.00312200 0.00844600
v 0.01306200 -0.00303600 0.00867500
v 0.01406200 -0.00291600 0.00883000
v 0.01306200 -0.00264300 0.00900500
v 0.01406200 -0.00253200 0.00903600
v 0.01306200 -0.00212900 0.00900500
v 0.01406200 -0.00209900 0.00899300
v 0.01406200 -0.00176200 0.00871700
v 0.01306200 -0.00173600 0.00867500
v 0.01406200 -0.00163600 0.00830000
v 0.01306200 -0.00164700 0.00817000
v 0.01406200 -0.00169300 0.00801300
v 0.01306200 -0.00190400 0.00772500
v 0.01406200 -0.00185600 0.00777000
v 0.01306200 0.00183200 0.00772500
v 0.01406200 0.00189700 0.00767600
v 0.01306200 0.00231400 0.00755000
v 0.01406200 0.00231400 0.00755000
v 0.01406200 0.00260100 0.00760700
v 0.01406200 0.00162100 0.00801300
v 0.01306200 0.00157500 0.00817000
v 0.01406200 0.00157800 0.00844600
v 0.01306200 0.00166400 0.00867500
v 0.01406200 0.00178400 0.00883000
v 0.01306200 0.00205700 0.00900500
v 0.01406200 0.00216800 0.00903600
v 0.01306200 0.00257100 0.00900500
v 0.01406200 0.00260100 0.00899300
v 0.01406200 0.00293800 0.00871700
v 0.01306200 0.00296400 0.00867500
v 0.01406200 0.00306400 0.00830000
v 0.01306200 0.00305300 0.00817000
v 0.01406200 0.00300700 0.00801300
v 0.01306200 0.00279600 0.00772500
v 0.01406200 0.00284400 0.00777000
v 0.01306200 0.00653200 0.00772500
v 0.01406200 0.00659700 0.00767600
v 0.01306200 0.00701400 0.00755000
v 0.01406200 0.00701400 0.00755000
v 0.01406200 0.00730100 0.00760700
v 0.01406200 0.00632100 0.00801300
v 0.01306200 0.00627500 0.00817000
v 0.01406200 0.00627800 0.00844600
v 0.01306200 0.00636400 0.00867500
v 0.01406200 0.00648400 0.00883000
v 0.01306200 0.00675700 0.00900500
v 0.01406200 0.00686800 0.00903600
v 0.01306200 0.00727100 0.00900500
v 0.01406200 0.00730100 0.00899300
v 0.01406200 0.00763800 0.00871700
v 0.01306200 0.00766400 0.00867500
v 0.01406200 0.00776400 0.00830000
v 0.01306200 0.00775300 0.00817000
v 0.01406200 0.00770700 0.00801300
v 0.01306200 0.00749600 0.00772500
v 0.01406200 0.00754400 0.00777000
v 0.01306200 0.00653200 0.01242600
v 0.01406200 0.00659700 0.01237600
v 0.01306200 0.00701400 0.01225000
v 0.01406200 0.00701400 0.01225000
v 0.01406200 0.00730100 0.01230700
v 0.01406200 0.00632100 0.01271300
v 0.01306200 0.00627500 0.01287000
v 0.01406200 0.00627800 0.01314600
v 0.01306200 0.00636400 0.01337500
v 0.01406200 0.00648400 0.01353000
v 0.01306200 0.00675700 0.01370500
v 0.01406200 0.00686800 0.01373600
v 0.01306200 0.00727100 0.01370500
v 0.01406200 0.00730100 0.01369300
v 0.01406200 0.00763800 0.01341700
v 0.01306200 0.00766400 0.01337500
v 0.01406200 0.00776400 0.01300000
v 0.01306200 0.00775300 0.01287000
v 0.01406200 0.00770700 0.01271300
v 0.01306200 0.00749600 0.01242600
v 0.01406200 0.00754400 0.01247000
v 0.01306200 0.00183200 0.01242600
v 0.01406200 0.00189700 0.01237600
v 0.01306200 0.00231400 0.01225000
v 0.01406200 0.00231400 0.01225000
v 0.01406200 0.00260100 0.01230700
v 0.01406200 0.00162100 0.01271300
v 0.01306200 0.00157500 0.01287000
v 0.01406200 0.00157800 0.01314600
v 0.01306200 0.00166400 0.01337500
v 0.01406200 0.00178400 0.01353000
v 0.01306200 0.00205700 0.01370500
v 0.01406200 0.00216800 0.01373600
v 0.01306200 0.00257100 0.01370500
v 0.01406200 0.00260100 0.01369300
v 0.01406200 0.00293800 0.01341700
v 0.01306200 0.00296400 0.01337500
v 0.01406200 0.00306400 0.01300000
v 0.01306200 0.00305300 0.01287000
v 0.01406200 0.00300700 0.01271300
v 0.01306200 0.00279600 0.01242600
v 0.01406200 0.00284400 0.01247000
v 0.01306200 -0.00286800 0.01242600
v 0.01406200 -0.00280300 0.01237600
v 0.01306200 -0.00238600 0.01225000
v 0.01406200 -0.00238600 0.01225000
v 0.01406200 -0.00209900 0.01230700
v 0.01406200 -0.00307900 0.01271300
v 0.01306200 -0.00312500 0.01287000
v 0.01406200 -0.00312200 0.01314600
v 0.01306200 -0.00303600 0.01337500
v 0.01406200 -0.00291600 0.01353000
v 0.01306200 -0.00264300 0.01370500
v 0.01406200 -0.00253200 0.01373600
v 0.01306200 -0.00212900 0.01370500
v 0.01406200 -0.00209900 0.01369300
v 0.01406200 -0.00176200 0.01341700
v 0.01306200 -0.00173600 0.01337500
v 0.01406200 -0.00163600 0.01300000
v 0.01306200 -0.00164700 0.01287000
v 0.01406200 -0.00169300 0.01271300
v 0.01306200 -0.00190400 0.01242600
v 0.01406200 -0.00185600 0.01247000
v 0.01306200 -0.00756800 0.01242600
v 0.01406200 -0.00750300 0.01237600
v 0.01306200 -0.00708600 0.01225000
v 0.01406200 -0.00708600 0.01225000
v 0.01406200 -0.00679900 0.01230700
v 0.01406200 -0.00777900 0.01271300
v 0.01306200 -0.00782500 0.01287000
v 0.01406200 -0.00782200 0.01314600
v 0.01306200 -0.00773600 0.01337500
v 0.01406200 -0.00761600 0.01353000
v 0.01306200 -0.00734300 0.01370500
v 0.01406200 -0.00723200 0.01373600
v 0.01306200 -0.00682900 0.01370500
v 0.01406200 -0.00679900 0.01369300
v 0.01406200 -0.00646200 0.01341700
v 0.01306200 -0.00643600 0.01337500
v 0.01406200 -0.00633600 0.01300000
v 0.01306200 -0.00634700 0.01287000
v 0.01406200 -0.00639300 0.01271300
v 0.01306200 -0.00660400 0.01242600
v 0.01406200 -0.00655600 0.01247000
v 0.01306200 -0.00756800 0.01712600
v 0.01406200 -0.00750300 0.01707600
v 0.01306200 -0.00708600 0.01695000
v 0.01406200 -0.00708600 0.01695000
v 0.01406200 -0.00679900 0.01700700
v 0.01406200 -0.00777900 0.01741300
v 0.01306200 -0.00782500 0.01757000
v 0.01406200 -0.00782200 0.01784600
v 0.01306200 -0.00773600 0.01807500
v 0.01406200 -0.00761600 0.01823000
v 0.01306200 -0.00734300 0.01840500
v 0.01406200 -0.00723200 0.01843600
v 0.01306200 -0.00682900 0.01840500
v 0.01406200 -0.00679900 0.01839300
v 0.01406200 -0.00646200 0.01811700
v 0.01306200 -0.00643600 0.01807500
v 0.01406200 -0.00633600 0.01770000
v 0.01306200 -0.00634700 0.01757000
v 0.01406200 -0.00639300 0.01741300
v 0.01306200 -0.00660400 0.01712600
v 0.01406200 -0.00655600 0.01717000
v 0.01306200 -0.00286800 0.01712600
v 0.01406200 -0.00280300 0.01707600
v 0.01306200 -0.00238600 0.01695000
v 0.01406200 -0.00238600 0.01695000
v 0.01406200 -0.00209900 0.01700700
v 0.01406200 -0.00307900 0.01741300
v 0.01306200 -0.00312500 0.01757000
v 0.01406200 -0.00312200 0.01784600
v 0.01306200 -0.00303600 0.01807500
v 0.01406200 -0.00291600 0.01823000
v 0.01306200 -0.00264300 0.01840500
v 0.01406200 -0.00253200 0.01843600
v 0.01306200 -0.00212900 0.01840500
v 0.01406200 -0.00209900 0.01839300
v 0.01406200 -0.00176200 0.01811700
v 0.01306200 -0.00173600 0.01807500
v 0.01406200 -0.00163600 0.01770000
v 0.01306200 -0.00164700 0.01757000
v 0.01406200 -0.00169300 0.01741300
v 0.01306200 -0.00190400 0.01712600
v 0.01406200 -0.00185600 0.01717000
v 0.01306200 0.00183200 0.01712600
v 0.01406200 0.00189700 0.01707600
v 0.01306200 0.00231400 0.01695000
v 0.01406200 0.00231400 0.01695000
v 0.01406200 0.00260100 0.01700700
v 0.01406200 0.00162100 0.01741300
v 0.01306200 0.00157500 0.01757000
v 0.01406200 0.00157800 0.01784600
v 0.01306200 0.00166400 0.01807500
v 0.01406200 0.00178400 0.01823000
v 0.01306200 0.00205700 0.01840500
v 0.01406200 0.00216800 0.01843600
v 0.01306200 0.00257100 0.01840500
v 0.01406200 0.00260100 0.01839300
v 0.01406200 0.00293800 0.01811700
v 0.01306200 0.00296400 0.01807500
v 0.01406200 0.00306400 0.01770000
v 0.01306200 0.00305300 0.01757000
v 0.01406200 0.00300700 0.01741300
v 0.01306200 0.00279600 0.01712600
v 0.01406200 0.00284400 0.01717000
v 0.01206200 0.00991000 -0.00210000
v 0.01206200 0.00541400 -0.00210000
v 0.01206200 0.00491400 -0.00160000
v 0.01206200 0.00516400 -0.00203300
v 0.01206200 0.01016000 -0.00203300
v 0.01206200 0.01041000 -0.00160000
v 0.01206200 0.01041000 0.02140000
v 0.01206200 0.01016000 0.02183300
v 0.01206200 0.00991000 0.02190000
v 0.01206200 -0.01039000 0.02190000
v 0.01206200 -0.01064000 0.02183300
v 0.01206200 -0.01089000 0.02140000
v 0.01206200 -0.01089000 -0.00160000
v 0.01206200 -0.01064000 -0.00203300
v 0.01206200 -0.01039000 -0.00210000
v 0.01206200 -0.00908600 -0.00210000
v 0.01206200 -0.00858600 -0.00160000
v 0.01206200 -0.00883600 -0.00203300
v 0.01206200 -0.00858600 0.00100000
v 0.01206200 0.00491400 0.00100000
v 0.01056200 0.01041000 -0.00160000
v 0.01056200 0.01041000 0.02140000
v 0.01056200 0.01016000 -0.00203300
v 0.01056200 0.00991000 -0.00210000
v 0.01056200 0.00541400 -0.00210000
v 0.01056200 0.00491400 0.00100000
v 0.01056200 0.00491400 -0.00160000
v 0.01056200 0.00516400 -0.00203300
v 0.01056200 -0.00858600 0.00100000
v 0.01056200 -0.00858600 -0.00160000
v 0.01056200 -0.01089000 -0.00160000
v 0.01056200 -0.00883600 -0.00203300
v 0.01056200 -0.00908600 -0.00210000
v 0.01056200 -0.01039000 -0.00210000
v 0.01056200 -0.01064000 -0.00203300
v 0.01056200 -0.01089000 0.02140000
v 0.01056200 -0.01064000 0.02183300
v 0.01056200 -0.01039000 0.02190000
v 0.01056200 0.00991000 0.02190000
v 0.01056200 0.01016000 0.02183300
v 0.01056200 0.01034300 -0.00185000
v 0.01206200 0.01034300 -0.00185000
v 0.01056200 -0.01082300 -0.00185000
v 0.01206200 -0.01082300 -0.00185000
v 0.01206200 -0.00865300 -0.00185000
v 0.01056200 -0.00865300 -0.00185000
v 0.01206200 0.00498100 -0.00185000
v 0.01056200 0.00498100 -0.00185000
v 0.01056200 -0.01082300 0.02165000
v 0.01206200 -0.01082300 0.02165000
v 0.01206200 0.01034300 0.02165000
v 0.01056200 0.01034300 0.02165000
v 0.01326200 -0.00781300 0.00184500
v 0.01326200 -0.00708600 0.00170000
v 0.01436200 -0.00708600 0.00170000
v 0.01326200 -0.00635900 0.00184500
v 0.01436200 -0.00586500 0.00214500
v 0.01326200 -0.00574200 0.00225600
v 0.01326200 -0.00533100 0.00287300
v 0.01436200 -0.00521500 0.00327000
v 0.01326200 -0.00518600 0.00360000
v 0.01436200 -0.00544100 0.00455000
v 0.01326200 -0.00533100 0.00432700
v 0.01326200 -0.00574200 0.00494400
v 0.01436200 -0.00643600 0.00538500
v 0.01326200 -0.00635900 0.00535500
v 0.01326200 -0.00708600 0.00550000
v 0.01436200 -0.00773600 0.00538500
v 0.01326200 -0.00781300 0.00535500
v 0.01326200 -0.00843000 0.00494400
v 0.01436200 -0.00873100 0.00455000
v 0.01326200 -0.00884100 0.00432700
v 0.01326200 -0.00898600 0.00360000
v 0.01436200 -0.00895700 0.00327000
v 0.01326200 -0.00884100 0.00287300
v 0.01436200 -0.00830700 0.00214500
v 0.01326200 -0.00843000 0.00225600
v 0.01326200 0.00158200 0.00183300
v 0.01326200 0.00231400 0.00168700
v 0.01436200 0.00231400 0.00168700
v 0.01326200 0.00304600 0.00183300
v 0.01436200 0.00354400 0.00213500
v 0.01326200 0.00366700 0.00224700
v 0.01326200 0.00408100 0.00286800
v 0.01436200 0.00419800 0.00326800
v 0.01326200 0.00422700 0.00360000
v 0.01436200 0.00397100 0.00455600
v 0.01326200 0.00408100 0.00433200
v 0.01326200 0.00366700 0.00495300
v 0.01436200 0.00296800 0.00539800
v 0.01326200 0.00304600 0.00536700
v 0.01326200 0.00231400 0.00551300
v 0.01436200 0.00166000 0.00539800
v 0.01326200 0.00158200 0.00536700
v 0.01326200 0.00096100 0.00495300
v 0.01436200 0.00065700 0.00455600
v 0.01326200 0.00054700 0.00433200
v 0.01326200 0.00040100 0.00360000
v 0.01436200 0.00043000 0.00326800
v 0.01326200 0.00054700 0.00286800
v 0.01436200 0.00108400 0.00213500
v 0.01326200 0.00096100 0.00224700
v 0.01326200 0.00628200 0.00653300
v 0.01326200 0.00701400 0.00638700
v 0.01436200 0.00701400 0.00638700
v 0.01326200 0.00774600 0.00653300
v 0.01436200 0.00824400 0.00683500
v 0.01326200 0.00836700 0.00694700
v 0.01326200 0.00878100 0.00756800
v 0.01436200 0.00889800 0.00796800
v 0.01326200 0.00892700 0.00830000
v 0.01436200 0.00867100 0.00925600
v 0.01326200 0.00878100 0.00903200
v 0.01326200 0.00836700 0.00965300
v 0.01436200 0.00766800 0.01009800
v 0.01326200 0.00774600 0.01006700
v 0.01326200 0.00701400 0.01021300
v 0.01436200 0.00636000 0.01009800
v 0.01326200 0.00628200 0.01006700
v 0.01326200 0.00566100 0.00965300
v 0.01436200 0.00535700 0.00925600
v 0.01326200 0.00524700 0.00903200
v 0.01326200 0.00510100 0.00830000
v 0.01436200 0.00513000 0.00796800
v 0.01326200 0.00524700 0.00756800
v 0.01436200 0.00578400 0.00683500
v 0.01326200 0.00566100 0.00694700
v 0.01326200 -0.00311800 0.00653300
v 0.01326200 -0.00238600 0.00638700
v 0.01436200 -0.00238600 0.00638700
v 0.01326200 -0.00165400 0.00653300
v 0.01436200 -0.00115600 0.00683500
v 0.01326200 -0.00103300 0.00694700
v 0.01326200 -0.00061900 0.00756800
v 0.01436200 -0.00050200 0.00796800
v 0.01326200 -0.00047300 0.00830000
v 0.01436200 -0.00072900 0.00925600
v 0.01326200 -0.00061900 0.00903200
v 0.01326200 -0.00103300 0.00965300
v 0.01436200 -0.00173200 0.01009800
v 0.01326200 -0.00165400 0.01006700
v 0.01326200 -0.00238600 0.01021300
v 0.01436200 -0.00304000 0.01009800
v 0.01326200 -0.00311800 0.01006700
v 0.01326200 -0.00373900 0.00965300
v 0.01436200 -0.00404300 0.00925600
v 0.01326200 -0.00415300 0.00903200
v 0.01326200 -0.00429900 0.00830000
v 0.01436200 -0.00427000 0.00796800
v 0.01326200 -0.00415300 0.00756800
v 0.01436200 -0.00361600 0.00683500
v 0.01326200 -0.00373900 0.00694700
v 0.01326200 0.00628200 0.01123300
v 0.01326200 0.00701400 0.01108700
v 0.01436200 0.00701400 0.01108700
v 0.01326200 0.00774600 0.01123300
v 0.01436200 0.00824400 0.01153500
v 0.01326200 0.00836700 0.01164700
v 0.01326200 0.00878100 0.01226800
v 0.01436200 0.00889800 0.01266800
v 0.01326200 0.00892700 0.01300000
v 0.01436200 0.00867100 0.01395600
v 0.01326200 0.00878100 0.01373200
v 0.01326200 0.00836700 0.01435300
v 0.01436200 0.00766800 0.01479800
v 0.01326200 0.00774600 0.01476700
v 0.01326200 0.00701400 0.01491300
v 0.01436200 0.00636000 0.01479800
v 0.01326200 0.00628200 0.01476700
v 0.01326200 0.00566100 0.01435300
v 0.01436200 0.00535700 0.01395600
v 0.01326200 0.00524700 0.01373200
v 0.01326200 0.00510100 0.01300000
v 0.01436200 0.00513000 0.01266800
v 0.01326200 0.00524700 0.01226800
v 0.01436200 0.00578400 0.01153500
v 0.01326200 0.00566100 0.01164700
v 0.01326200 -0.00311800 0.01123300
v 0.01326200 -0.00238600 0.01108700
v 0.01436200 -0.00238600 0.01108700
v 0.01326200 -0.00165400 0.01123300
v 0.01436200 -0.00115600 0.01153500
v 0.01326200 -0.00103300 0.01164700
v 0.01326200 -0.00061900 0.01226800
v 0.01436200 -0.00050200 0.01266800
v 0.01326200 -0.00047300 0.01300000
v 0.01436200 -0.00072900 0.01395600
v 0.01326200 -0.00061900 0.01373200
v 0.01326200 -0.00103300 0.01435300
v 0.01436200 -0.00173200 0.01479800
v 0.01326200 -0.00165400 0.01476700
v 0.01326200 -0.00238600 0.01491300
v 0.01436200 -0.00304000 0.01479800
v 0.01326200 -0.00311800 0.01476700
v 0.01326200 -0.00373900 0.01435300
v 0.01436200 -0.00404300 0.01395600
v 0.01326200 -0.00415300 0.01373200
v 0.01326200 -0.00429900 0.01300000
v 0.01436200 -0.00427000 0.01266800
v 0.01326200 -0.00415300 0.01226800
v 0.01436200 -0.00361600 0.01153500
v 0.01326200 -0.00373900 0.01164700
v 0.01326200 0.00628200 0.01593300
v 0.01326200 0.00701400 0.01578700
v 0.01436200 0.00701400 0.01578700
v 0.01326200 0.00774600 0.01593300
v 0.01436200 0.00824400 0.01623500
v 0.01326200 0.00836700 0.01634700
v 0.01326200 0.00878100 0.01696800
v 0.01436200 0.00889800 0.01736800
v 0.01326200 0.00892700 0.01770000
v 0.01436200 0.00867100 0.01865600
v 0.01326200 0.00878100 0.01843200
v 0.01326200 0.00836700 0.01905300
v 0.01436200 0.00766800 0.01949800
v 0.01326200 0.00774600 0.01946700
v 0.01326200 0.00701400 0.01961300
v 0.01436200 0.00636000 0.01949800
v 0.01326200 0.00628200 0.01946700
v 0.01326200 0.00566100 0.01905300
v 0.01436200 0.00535700 0.01865600
v 0.01326200 0.00524700 0.01843200
v 0.01326200 0.00510100 0.01770000
v 0.01436200 0.00513000 0.01736800
v 0.01326200 0.00524700 0.01696800
v 0.01436200 0.00578400 0.01623500
v 0.01326200 0.00566100 0.01634700
v 0.01326200 -0.00311800 0.01593300
v 0.01326200 -0.00238600 0.01578700
v 0.01436200 -0.00238600 0.01578700
v 0.01326200 -0.00165400 0.01593300
v 0.01436200 -0.00115600 0.01623500
v 0.01326200 -0.00103300 0.01634700
v 0.01326200 -0.00061900 0.01696800
v 0.01436200 -0.00050200 0.01736800
v 0.01326200 -0.00047300 0.01770000
v 0.01436200 -0.00072900 0.01865600
v 0.01326200 -0.00061900 0.01843200
v 0.01326200 -0.00103300 0.01905300
v 0.01436200 -0.00173200 0.01949800
v 0.01326200 -0.00165400 0.01946700
v 0.01326200 -0.00238600 0.01961300
v 0.01436200 -0.00304000 0.01949800
v 0.01326200 -0.00311800 0.01946700
v 0.01326200 -0.00373900 0.01905300
v 0.01436200 -0.00404300 0.01865600
v 0.01326200 -0.00415300 0.01843200
v 0.01326200 -0.00429900 0.01770000
v 0.01436200 -0.00427000 0.01736800
v 0.01326200 -0.00415300 0.01696800
v 0.01436200 -0.00361600 0.01623500
v 0.01326200 -0.00373900 0.01634700
v 0.01326200 -0.00781800 0.01593300
v 0.01326200 -0.00708600 0.01578700
v 0.01436200 -0.00708600 0.01578700
v 0.01326200 -0.00635400 0.01593300
v 0.01436200 -0.00585600 0.01623500
v 0.01326200 -0.00573300 0.01634700
v 0.01326200 -0.00531900 0.01696800
v 0.01436200 -0.00520200 0.01736800
v 0.01326200 -0.00517300 0.01770000
v 0.01436200 -0.00542900 0.01865600
v 0.01326200 -0.00531900 0.01843200
v 0.01326200 -0.00573300 0.01905300
v 0.01436200 -0.00643200 0.01949800
v 0.01326200 -0.00635400 0.01946700
v 0.01326200 -0.00708600 0.01961300
v 0.01436200 -0.00774000 0.01949800
v 0.01326200 -0.00781800 0.01946700
v 0.01326200 -0.00843900 0.01905300
v 0.01436200 -0.00874300 0.01865600
v 0.01326200 -0.00885300 0.01843200
v 0.01326200 -0.00899900 0.01770000
v 0.01436200 -0.00897000 0.01736800
v 0.01326200 -0.00885300 0.01696800
v 0.01436200 -0.00831600 0.01623500
v 0.01326200 -0.00843900 0.01634700
v 0.01326200 0.00158200 0.01593300
v 0.01326200 0.00231400 0.01578700
v 0.01436200 0.00231400 0.01578700
v 0.01326200 0.00304600 0.01593300
v 0.01436200 0.00354400 0.01623500
v 0.01326200 0.00366700 0.01634700
v 0.01326200 0.00408100 0.01696800
v 0.01436200 0.00419800 0.01736800
v 0.01326200 0.00422700 0.01770000
v 0.01436200 0.00397100 0.01865600
v 0.01326200 0.00408100 0.01843200
v 0.01326200 0.00366700 0.01905300
v 0.01436200 0.00296800 0.01949800
v 0.01326200 0.00304600 0.01946700
v 0.01326200 0.00231400 0.01961300
v 0.01436200 0.00166000 0.01949800
v 0.01326200 0.00158200 0.01946700
v 0.01326200 0.00096100 0.01905300
v 0.01436200 0.00065700 0.01865600
v 0.01326200 0.00054700 0.01843200
v 0.01326200 0.00040100 0.01770000
v 0.01436200 0.00043000 0.01736800
v 0.01326200 0.00054700 0.01696800
v 0.01436200 0.00108400 0.01623500
v 0.01326200 0.00096100 0.01634700
v 0.01326200 -0.00781800 0.01123300
v 0.01326200 -0.00708600 0.01108700
v 0.01436200 -0.00708600 0.01108700
v 0.01326200 -0.00635400 0.01123300
v 0.01436200 -0.00585600 0.01153500
v 0.01326200 -0.00573300 0.01164700
v 0.01326200 -0.00531900 0.01226800
v 0.01436200 -0.00520200 0.01266800
v 0.01326200 -0.00517300 0.01300000
v 0.01436200 -0.00542900 0.01395600
v 0.01326200 -0.00531900 0.01373200
v 0.01326200 -0.00573300 0.01435300
v 0.01436200 -0.00643200 0.01479800
v 0.01326200 -0.00635400 0.01476700
v 0.01326200 -0.00708600 0.01491300
v 0.01436200 -0.00774000 0.01479800
v 0.01326200 -0.00781800 0.01476700
v 0.01326200 -0.00843900 0.01435300
v 0.01436200 -0.00874300 0.01395600
v 0.01326200 -0.00885300 0.01373200
v 0.01326200 -0.00899900 0.01300000
v 0.01436200 -0.00897000 0.01266800
v 0.01326200 -0.00885300 0.01226800
v 0.01436200 -0.00831600 0.01153500
v 0.01326200 -0.00843900 0.01164700
v 0.01326200 0.00158200 0.01123300
v 0.01326200 0.00231400 0.01108700
v 0.01436200 0.00231400 0.01108700
v 0.01326200 0.00304600 0.01123300
v 0.01436200 0.00354400 0.01153500
v 0.01326200 0.00366700 0.01164700
v 0.01326200 0.00408100 0.01226800
v 0.01436200 0.00419800 0.01266800
v 0.01326200 0.00422700 0.01300000
v 0.01436200 0.00397100 0.01395600
v 0.01326200 0.00408100 0.01373200
v 0.01326200 0.00366700 0.01435300
v 0.01436200 0.00296800 0.01479800
v 0.01326200 0.00304600 0.01476700
v 0.01326200 0.00231400 0.01491300
v 0.01436200 0.00166000 0.01479800
v 0.01326200 0.00158200 0.01476700
v 0.01326200 0.00096100 0.01435300
v 0.01436200 0.00065700 0.01395600
v 0.01326200 0.00054700 0.01373200
v 0.01326200 0.00040100 0.01300000
v 0.01436200 0.00043000 0.01266800
v 0.01326200 0.00054700 0.01226800
v 0.01436200 0.00108400 0.01153500
v 0.01326200 0.00096100 0.01164700
v 0.01326200 -0.00781800 0.00653300
v 0.01326200 -0.00708600 0.00638700
v 0.01436200 -0.00708600 0.00638700
v 0.01326200 -0.00635400 0.00653300
v 0.01436200 -0.00585600 0.00683500
v 0.01326200 -0.00573300 0.00694700
v 0.01326200 -0.00531900 0.00756800
v 0.01436200 -0.00520200 0.00796800
v 0.01326200 -0.00517300 0.00830000
v 0.01436200 -0.00542900 0.00925600
v 0.01326200 -0.00531900 0.00903200
v 0.01326200 -0.00573300 0.00965300
v 0.01436200 -0.00643200 0.01009800
v 0.01326200 -0.00635400 0.01006700
v 0.01326200 -0.00708600 0.01021300
v 0.01436200 -0.00774000 0.01009800
v 0.01326200 -0.00781800 0.01006700
v 0.01326200 -0.00843900 0.00965300
v 0.01436200 -0.00874300 0.00925600
v 0.01326200 -0.00885300 0.00903200
v 0.01326200 -0.00899900 0.00830000
v 0.01436200 -0.00897000 0.00796800
v 0.01326200 -0.00885300 0.00756800
v 0.01436200 -0.00831600 0.00683500
v 0.01326200 -0.00843900 0.00694700
v 0.01326200 0.00158200 0.00653300
v 0.01326200 0.00231400 0.00638700
v 0.01436200 0.00231400 0.00638700
v 0.01326200 0.00304600 0.00653300
v 0.01436200 0.00354400 0.00683500
v 0.01326200 0.00366700 0.00694700
v 0.01326200 0.00408100 0.00756800
v 0.01436200 0.00419800 0.00796800
v 0.01326200 0.00422700 0.00830000
v 0.01436200 0.00397100 0.00925600
v 0.01326200 0.00408100 0.00903200
v 0.01326200 0.00366700 0.00965300
v 0.01436200 0.00296800 0.01009800
v 0.01326200 0.00304600 0.01006700
v 0.01326200 0.00231400 0.01021300
v 0.01436200 0.00166000 0.01009800
v 0.01326200 0.00158200 0.01006700
v 0.01326200 0.00096100 0.00965300
v 0.01436200 0.00065700 0.00925600
v 0.01326200 0.00054700 0.00903200
v 0.01326200 0.00040100 0.00830000
v 0.01436200 0.00043000 0.00796800
v 0.01326200 0.00054700 0.00756800
v 0.01436200 0.00108400 0.00683500
v 0.01326200 0.00096100 0.00694700
v 0.01326200 -0.00311800 0.00183300
v 0.01326200 -0.00238600 0.00168700
v 0.01436200 -0.00238600 0.00168700
v 0.01326200 -0.00165400 0.00183300
v 0.01436200 -0.00115600 0.00213500
v 0.01326200 -0.00103300 0.00224700
v 0.01326200 -0.00061900 0.00286800
v 0.01436200 -0.00050200 0.00326800
v 0.01326200 -0.00047300 0.00360000
v 0.01436200 -0.00072900 0.00455600
v 0.01326200 -0.00061900 0.00433200
v 0.01326200 -0.00103300 0.00495300
v 0.01436200 -0.00173200 0.00539800
v 0.01326200 -0.00165400 0.00536700
v 0.01326200 -0.00238600 0.00551300
v 0.01436200 -0.00304000 0.00539800
v 0.01326200 -0.00311800 0.00536700
v 0.01326200 -0.00373900 0.00495300
v 0.01436200 -0.00404300 0.00455600
v 0.01326200 -0.00415300 0.00433200
v 0.01326200 -0.00429900 0.00360000
v 0.01436200 -0.00427000 0.00326800
v 0.01326200 -0.00415300 0.00286800
v 0.01436200 -0.00361600 0.00213500
v 0.01326200 -0.00373900 0.00224700
v 0.01326200 0.00628200 0.00183300
v 0.01326200 0.00701400 0.00168700
v 0.01436200 0.00701400 0.00168700
v 0.01326200 0.00774600 0.00183300
v 0.01436200 0.00824400 0.00213500
v 0.01326200 0.00836700 0.00224700
v 0.01326200 0.00878100 0.00286800
v 0.01436200 0.00889800 0.00326800
v 0.01326200 0.00892700 0.00360000
v 0.01436200 0.00867100 0.00455600
v 0.01326200 0.00878100 0.00433200
v 0.01326200 0.00836700 0.00495300
v 0.01436200 0.00766800 0.00539800
v 0.01326200 0.00774600 0.00536700
v 0.01326200 0.00701400 0.00551300
v 0.01436200 0.00636000 0.00539800
v 0.01326200 0.00628200 0.00536700
v 0.01326200 0.00566100 0.00495300
v 0.01436200 0.00535700 0.00455600
v 0.01326200 0.00524700 0.00433200
v 0.01326200 0.00510100 0.00360000
v 0.01436200 0.00513000 0.00326800
v 0.01326200 0.00524700 0.00286800
v 0.01436200 0.00578400 0.00213500
v 0.01326200 0.00566100 0.00224700
v 0.01386200 -0.00780700 0.00445900
v 0.01326200 -0.00774500 0.00519000
v 0.01386200 -0.00708600 0.00472100
v 0.01326200 -0.00708600 0.00532100
v 0.01326200 -0.00642700 0.00519000
v 0.01386200 -0.00819000 0.00379500
v 0.01326200 -0.00867600 0.00425900
v 0.01326200 -0.00830300 0.00481700
v 0.01326200 -0.00880700 0.00360000
v 0.01386200 -0.00805700 0.00304000
v 0.01326200 -0.00867600 0.00294100
v 0.01326200 -0.00830300 0.00238300
v 0.01386200 -0.00746900 0.00254700
v 0.01326200 -0.00774500 0.00201000
v 0.01326200 -0.00708600 0.00187900
v 0.01386200 -0.00670300 0.00254700
v 0.01326200 -0.00642700 0.00201000
v 0.01326200 -0.00586900 0.00238300
v 0.01386200 -0.00611500 0.00304000
v 0.01326200 -0.00549600 0.00294100
v 0.01326200 -0.00536500 0.00360000
v 0.01386200 -0.00598200 0.00379500
v 0.01326200 -0.00549600 0.00425900
v 0.01386200 -0.00636500 0.00445900
v 0.01326200 -0.00586900 0.00481700
v 0.01386200 0.00159300 0.00445900
v 0.01326200 0.00165500 0.00519000
v 0.01386200 0.00231400 0.00472100
v 0.01326200 0.00231400 0.00532100
v 0.01326200 0.00297300 0.00519000
v 0.01386200 0.00121000 0.00379500
v 0.01326200 0.00072400 0.00425900
v 0.01326200 0.00109700 0.00481700
v 0.01326200 0.00059300 0.00360000
v 0.01386200 0.00134300 0.00304000
v 0.01326200 0.00072400 0.00294100
v 0.01326200 0.00109700 0.00238300
v 0.01386200 0.00193100 0.00254700
v 0.01326200 0.00165500 0.00201000
v 0.01326200 0.00231400 0.00187900
v 0.01386200 0.00269700 0.00254700
v 0.01326200 0.00297300 0.00201000
v 0.01326200 0.00353100 0.00238300
v 0.01386200 0.00328500 0.00304000
v 0.01326200 0.00390400 0.00294100
v 0.01326200 0.00403500 0.00360000
v 0.01386200 0.00341800 0.00379500
v 0.01326200 0.00390400 0.00425900
v 0.01386200 0.00303500 0.00445900
v 0.01326200 0.00353100 0.00481700
v 0.01386200 0.00629300 0.00915900
v 0.01326200 0.00635500 0.00989000
v 0.01386200 0.00701400 0.00942100
v 0.01326200 0.00701400 0.01002100
v 0.01326200 0.00767300 0.00989000
v 0.01386200 0.00591000 0.00849500
v 0.01326200 0.00542400 0.00895900
v 0.01326200 0.00579700 0.00951700
v 0.01326200 0.00529300 0.00830000
v 0.01386200 0.00604300 0.00774000
v 0.01326200 0.00542400 0.00764100
v 0.01326200 0.00579700 0.00708300
v 0.01386200 0.00663100 0.00724700
v 0.01326200 0.00635500 0.00671000
v 0.01326200 0.00701400 0.00657900
v 0.01386200 0.00739700 0.00724700
v 0.01326200 0.00767300 0.00671000
v 0.01326200 0.00823100 0.00708300
v 0.01386200 0.00798500 0.00774000
v 0.01326200 0.00860400 0.00764100
v 0.01326200 0.00873500 0.00830000
v 0.01386200 0.00811800 0.00849500
v 0.01326200 0.00860400 0.00895900
v 0.01386200 0.00773500 0.00915900
v 0.01326200 0.00823100 0.00951700
v 0.01386200 -0.00310700 0.00915900
v 0.01326200 -0.00304500 0.00989000
v 0.01386200 -0.00238600 0.00942100
v 0.01326200 -0.00238600 0.01002100
v 0.01326200 -0.00172700 0.00989000
v 0.01386200 -0.00349000 0.00849500
v 0.01326200 -0.00397600 0.00895900
v 0.01326200 -0.00360300 0.00951700
v 0.01326200 -0.00410700 0.00830000
v 0.01386200 -0.00335700 0.00774000
v 0.01326200 -0.00397600 0.00764100
v 0.01326200 -0.00360300 0.00708300
v 0.01386200 -0.00276900 0.00724700
v 0.01326200 -0.00304500 0.00671000
v 0.01326200 -0.00238600 0.00657900
v 0.01386200 -0.00200300 0.00724700
v 0.01326200 -0.00172700 0.00671000
v 0.01326200 -0.00116900 0.00708300
v 0.01386200 -0.00141500 0.00774000
v 0.01326200 -0.00079600 0.00764100
v 0.01326200 -0.00066500 0.00830000
v 0.01386200 -0.00128200 0.00849500
v 0.01326200 -0.00079600 0.00895900
v 0.01386200 -0.00166500 0.00915900
v 0.01326200 -0.00116900 0.00951700
v 0.01386200 0.00629300 0.01385900
v 0.01326200 0.00635500 0.01459000
v 0.01386200 0.00701400 0.01412100
v 0.01326200 0.00701400 0.01472100
v 0.01326200 0.00767300 0.01459000
v 0.01386200 0.00591000 0.01319500
v 0.01326200 0.00542400 0.01365900
v 0.01326200 0.00579700 0.01421700
v 0.01326200 0.00529300 0.01300000
v 0.01386200 0.00604300 0.01244000
v 0.01326200 0.00542400 0.01234100
v 0.01326200 0.00579700 0.01178300
v 0.01386200 0.00663100 0.01194700
v 0.01326200 0.00635500 0.01141000
v 0.01326200 0.00701400 0.01127900
v 0.01386200 0.00739700 0.01194700
v 0.01326200 0.00767300 0.01141000
v 0.01326200 0.00823100 0.01178300
v 0.01386200 0.00798500 0.01244000
v 0.01326200 0.00860400 0.01234100
v 0.01326200 0.00873500 0.01300000
v 0.01386200 0.00811800 0.01319500
v 0.01326200 0.00860400 0.01365900
v 0.01386200 0.00773500 0.01385900
v 0.01326200 0.00823100 0.01421700
v 0.01386200 -0.00310700 0.01385900
v 0.01326200 -0.00304500 0.01459000
v 0.01386200 -0.00238600 0.01412100
v 0.01326200 -0.00238600 0.01472100
v 0.01326200 -0.00172700 0.01459000
v 0.01386200 -0.00349000 0.01319500
v 0.01326200 -0.00397600 0.01365900
v 0.01326200 -0.00360300 0.01421700
v 0.01326200 -0.00410700 0.01300000
v 0.01386200 -0.00335700 0.01244000
v 0.01326200 -0.00397600 0.01234100
v 0.01326200 -0.00360300 0.01178300
v 0.01386200 -0.00276900 0.01194700
v 0.01326200 -0.00304500 0.01141000
v 0.01326200 -0.00238600 0.01127900
v 0.01386200 -0.00200300 0.01194700
v 0.01326200 -0.00172700 0.01141000
v 0.01326200 -0.00116900 0.01178300
v 0.01386200 -0.00141500 0.01244000
v 0.01326200 -0.00079600 0.01234100
v 0.01326200 -0.00066500 0.01300000
v 0.01386200 -0.00128200 0.01319500
v 0.01326200 -0.00079600 0.01365900
v 0.01386200 -0.00166500 0.01385900
v 0.01326200 -0.00116900 0.01421700
v 0.01386200 0.00629300 0.01855900
v 0.01326200 0.00635500 0.01929000
v 0.01386200 0.00701400 0.01882100
v 0.01326200 0.00701400 0.01942100
v 0.01326200 0.00767300 0.01929000
v 0.01386200 0.00591000 0.01789500
v 0.01326200 0.00542400 0.01835900
v 0.01326200 0.00579700 0.01891700
v 0.01326200 0.00529300 0.01770000
v 0.01386200 0.00604300 0.01714000
v 0.01326200 0.00542400 0.01704100
v 0.01326200 0.00579700 0.01648300
v 0.01386200 0.00663100 0.01664700
v 0.01326200 0.00635500 0.01611000
v 0.01326200 0.00701400 0.01597900
v 0.01386200 0.00739700 0.01664700
v 0.01326200 0.00767300 0.01611000
v 0.01326200 0.00823100 0.01648300
v 0.01386200 0.00798500 0.01714000
v 0.01326200 0.00860400 0.01704100
v 0.01326200 0.00873500 0.01770000
v 0.01386200 0.00811800 0.01789500
v 0.01326200 0.00860400 0.01835900
v 0.01386200 0.00773500 0.01855900
v 0.01326200 0.00823100 0.01891700
v 0.01386200 -0.00310700 0.01855900
v 0.01326200 -0.00304500 0.01929000
v 0.01386200 -0.00238600 0.01882100
v 0.01326200 -0.00238600 0.01942100
v 0.01326200 -0.00172700 0.01929000
v 0.01386200 -0.00349000 0.01789500
v 0.01326200 -0.00397600 0.01835900
v 0.01326200 -0.00360300 0.01891700
v 0.01326200 -0.00410700 0.01770000
v 0.01386200 -0.00335700 0.01714000
v 0.01326200 -0.00397600 0.01704100
v 0.01326200 -0.00360300 0.01648300
v 0.01386200 -0.00276900 0.01664700
v 0.01326200 -0.00304500 0.01611000
v 0.01326200 -0.00238600 0.01597900
v 0.01386200 -0.00200300 0.01664700
v 0.01326200 -0.00172700 0.01611000
v 0.01326200 -0.00116900 0.01648300
v 0.01386200 -0.00141500 0.01714000
v 0.01326200 -0.00079600 0.01704100
v 0.01326200 -0.00066500 0.01770000
v 0.01386200 -0.00128200 0.01789500
v 0.01326200 -0.00079600 0.01835900
v 0.01386200 -0.00166500 0.01855900
v 0.01326200 -0.00116900 0.01891700
v 0.01386200 -0.00780700 0.01855900
v 0.01326200 -0.00774500 0.01929000
v 0.01386200 -0.00708600 0.01882100
v 0.01326200 -0.00708600 0.01942100
v 0.01326200 -0.00642700 0.01929000
v 0.01386200 -0.00819000 0.01789500
v 0.01326200 -0.00867600 0.01835900
v 0.01326200 -0.00830300 0.01891700
v 0.01326200 -0.00880700 0.01770000
v 0.01386200 -0.00805700 0.01714000
v 0.01326200 -0.00867600 0.01704100
v 0.01326200 -0.00830300 0.01648300
v 0.01386200 -0.00746900 0.01664700
v 0.01326200 -0.00774500 0.01611000
v 0.01326200 -0.00708600 0.01597900
v 0.01386200 -0.00670300 0.01664700
v 0.01326200 -0.00642700 0.01611000
v 0.01326200 -0.00586900 0.01648300
v 0.01386200 -0.00611500 0.01714000
v 0.01326200 -0.00549600 0.01704100
v 0.01326200 -0.00536500 0.01770000
v 0.01386200 -0.00598200 0.01789500
v 0.01326200 -0.00549600 0.01835900
v 0.01386200 -0.00636500 0.01855900
v 0.01326200 -0.00586900 0.01891700
v 0.01386200 0.00159300 0.01855900
v 0.01326200 0.00165500 0.01929000
v 0.01386200 0.00231400 0.01882100
v 0.01326200 0.00231400 0.01942100
v 0.01326200 0.00297300 0.01929000
v 0.01386200 0.00121000 0.01789500
v 0.01326200 0.00072400 0.01835900
v 0.01326200 0.00109700 0.01891700
v 0.01326200 0.00059300 0.01770000
v 0.01386200 0.00134300 0.01714000
v 0.01326200 0.00072400 0.01704100
v 0.01326200 0.00109700 0.01648300
v 0.01386200 0.00193100 0.01664700
v 0.01326200 0.00165500 0.01611000
v 0.01326200 0.00231400 0.01597900
v 0.01386200 0.00269700 0.01664700
v 0.01326200 0.00297300 0.01611000
v 0.01326200 0.00353100 0.01648300
v 0.01386200 0.00328500 0.01714000
v 0.01326200 0.00390400 0.01704100
v 0.01326200 0.00403500 0.01770000
v 0.01386200 0.00341800 0.01789500
v 0.01326200 0.00390400 0.01835900
v 0.01386200 0.00303500 0.01855900
v 0.01326200 0.00353100 0.01891700
v 0.01386200 -0.00780700 0.01385900
v 0.01326200 -0.00774500 0.01459000
v 0.01386200 -0.00708600 0.01412100
v 0.01326200 -0.00708600 0.01472100
v 0.01326200 -0.00642700 0.01459000
v 0.01386200 -0.00819000 0.01319500
v 0.01326200 -0.00867600 0.01365900
v 0.01326200 -0.00830300 0.01421700
v 0.01326200 -0.00880700 0.01300000
v 0.01386200 -0.00805700 0.01244000
v 0.01326200 -0.00867600 0.01234100
v 0.01326200 -0.00830300 0.01178300
v 0.01386200 -0.00746900 0.01194700
v 0.01326200 -0.00774500 0.01141000
v 0.01326200 -0.00708600 0.01127900
v 0.01386200 -0.00670300 0.01194700
v 0.01326200 -0.00642700 0.01141000
v 0.01326200 -0.00586900 0.01178300
v 0.01386200 -0.00611500 0.01244000
v 0.01326200 -0.00549600 0.01234100
v 0.01326200 -0.00536500 0.01300000
v 0.01386200 -0.00598200 0.01319500
v 0.01326200 -0.00549600 0.01365900
v 0.01386200 -0.00636500 0.01385900
v 0.01326200 -0.00586900 0.01421700
v 0.01386200 0.00159300 0.01385900
v 0.01326200 0.00165500 0.01459000
v 0.01386200 0.00231400 0.01412100
v 0.01326200 0.00231400 0.01472100
v 0.01326200 0.00297300 0.01459000
v 0.01386200 0.00121000 0.01319500
v 0.01326200 0.00072400 0.01365900
v 0.01326200 0.00109700 0.01421700
v 0.01326200 0.00059300 0.01300000
v 0.01386200 0.00134300 0.01244000
v 0.01326200 0.00072400 0.01234100
v 0.01326200 0.00109700 0.01178300
v 0.01386200 0.00193100 0.01194700
v 0.01326200 0.00165500 0.01141000
v 0.01326200 0.00231400 0.01127900
v 0.01386200 0.00269700 0.01194700
v 0.01326200 0.00297300 0.01141000
v 0.01326200 0.00353100 0.01178300
v 0.01386200 0.00328500 0.01244000
v 0.01326200 0.00390400 0.01234100
v 0.01326200 0.00403500 0.01300000
v 0.01386200 0.00341800 0.01319500
v 0.01326200 0.00390400 0.01365900
v 0.01386200 0.00303500 0.01385900
v 0.01326200 0.00353100 0.01421700
v 0.01386200 -0.00780700 0.00915900
v 0.01326200 -0.00774500 0.00989000
v 0.01386200 -0.00708600 0.00942100
v 0.01326200 -0.00708600 0.01002100
v 0.01326200 -0.00642700 0.00989000
v 0.01386200 -0.00819000 0.00849500
v 0.01326200 -0.00867600 0.00895900
v 0.01326200 -0.00830300 0.00951700
v 0.01326200 -0.00880700 0.00830000
v 0.01386200 -0.00805700 0.00774000
v 0.01326200 -0.00867600 0.00764100
v 0.01326200 -0.00830300 0.00708300
v 0.01386200 -0.00746900 0.00724700
v 0.01326200 -0.00774500 0.00671000
v 0.01326200 -0.00708600 0.00657900
v 0.01386200 -0.00670300 0.00724700
v 0.01326200 -0.00642700 0.00671000
v 0.01326200 -0.00586900 0.00708300
v 0.01386200 -0.00611500 0.00774000
v 0.01326200 -0.00549600 0.00764100
v 0.01326200 -0.00536500 0.00830000
v 0.01386200 -0.00598200 0.00849500
v 0.01326200 -0.00549600 0.00895900
v 0.01386200 -0.00636500 0.00915900
v 0.01326200 -0.00586900 0.00951700
v 0.01386200 0.00159300 0.00915900
v 0.01326200 0.00165500 0.00989000
v 0.01386200 0.00231400 0.00942100
v 0.01326200 0.00231400 0.01002100
v 0.01326200 0.00297300 0.00989000
v 0.01386200 0.00121000 0.00849500
v 0.01326200 0.00072400 0.00895900
v 0.01326200 0.00109700 0.00951700
v 0.01326200 0.00059300 0.00830000
v 0.01386200 0.00134300 0.00774000
v 0.01326200 0.00072400 0.00764100
v 0.01326200 0.00109700 0.00708300
v 0.01386200 0.00193100 0.00724700
v 0.01326200 0.00165500 0.00671000
v 0.01326200 0.00231400 0.00657900
v 0.01386200 0.00269700 0.00724700
v 0.01326200 0.00297300 0.00671000
v 0.01326200 0.00353100 0.00708300
v 0.01386200 0.00328500 0.00774000
v 0.01326200 0.00390400 0.00764100
v 0.01326200 0.00403500 0.00830000
v 0.01386200 0.00341800 0.00849500
v 0.01326200 0.00390400 0.00895900
v 0.01386200 0.00303500 0.00915900
v 0.01326200 0.00353100 0.00951700
v 0.01386200 -0.00310700 0.00445900
v 0.01326200 -0.00304500 0.00519000
v 0.01386200 -0.00238600 0.00472100
v 0.01326200 -0.00238600 0.00532100
v 0.01326200 -0.00172700 0.00519000
v 0.01386200 -0.00349000 0.00379500
v 0.01326200 -0.00397600 0.00425900
v 0.01326200 -0.00360300 0.00481700
v 0.01326200 -0.00410700 0.00360000
v 0.01386200 -0.00335700 0.00304000
v 0.01326200 -0.00397600 0.00294100
v 0.01326200 -0.00360300 0.00238300
v 0.01386200 -0.00276900 0.00254700
v 0.01326200 -0.00304500 0.00201000
v 0.01326200 -0.00238600 0.00187900
v 0.01386200 -0.00200300 0.00254700
v 0.01326200 -0.00172700 0.00201000
v 0.01326200 -0.00116900 0.00238300
v 0.01386200 -0.00141500 0.00304000
v 0.01326200 -0.00079600 0.00294100
v 0.01326200 -0.00066500 0.00360000
v 0.01386200 -0.00128200 0.00379500
v 0.01326200 -0.00079600 0.00425900
v 0.01386200 -0.00166500 0.00445900
v 0.01326200 -0.00116900 0.00481700
v 0.01386200 0.00629300 0.00445900
v 0.01326200 0.00635500 0.00519000
v 0.01386200 0.00701400 0.00472100
v 0.01326200 0.00701400 0.00532100
v 0.01326200 0.00767300 0.00519000
v 0.01386200 0.00591000 0.00379500
v 0.01326200 0.00542400 0.00425900
v 0.01326200 0.00579700 0.00481700
v 0.01326200 0.00529300 0.00360000
v 0.01386200 0.00604300 0.00304000
v 0.01326200 0.00542400 0.00294100
v 0.01326200 0.00579700 0.00238300
v 0.01386200 0.00663100 0.00254700
v 0.01326200 0.00635500 0.00201000
v 0.01326200 0.00701400 0.00187900
v 0.01386200 0.00739700 0.00254700
v 0.01326200 0.00767300 0.00201000
v 0.01326200 0.00823100 0.00238300
v 0.01386200 0.00798500 0.00304000
v 0.01326200 0.00860400 0.00294100
v 0.01326200 0.00873500 0.00360000
v 0.01386200 0.00811800 0.00379500
v 0.01326200 0.00860400 0.00425900
v 0.01386200 0.00773500 0.00445900
v 0.01326200 0.00823100 0.00481700
v 0.01436200 -0.00767300 0.00429900
v 0.01436200 -0.00708600 0.00451300
v 0.01436200 -0.00649900 0.00429900
v 0.01436200 -0.00618700 0.00375900
v 0.01436200 -0.00629500 0.00314400
v 0.01436200 -0.00677400 0.00274200
v 0.01436200 -0.00739800 0.00274200
v 0.01436200 -0.00787700 0.00314400
v 0.01436200 -0.00798500 0.00375900
v 0.01436200 0.00172700 0.00429900
v 0.01436200 0.00231400 0.00451300
v 0.01436200 0.00290100 0.00429900
v 0.01436200 0.00321300 0.00375900
v 0.01436200 0.00310500 0.00314400
v 0.01436200 0.00262600 0.00274200
v 0.01436200 0.00200200 0.00274200
v 0.01436200 0.00152300 0.00314400
v 0.01436200 0.00141500 0.00375900
v 0.01436200 0.00642700 0.00899900
v 0.01436200 0.00701400 0.00921300
v 0.01436200 0.00760100 0.00899900
v 0.01436200 0.00791300 0.00845900
v 0.01436200 0.00780500 0.00784400
v 0.01436200 0.00732600 0.00744200
v 0.01436200 0.00670200 0.00744200
v 0.01436200 0.00622300 0.00784400
v 0.01436200 0.00611500 0.00845900
v 0.01436200 -0.00297300 0.00899900
v 0.01436200 -0.00238600 0.00921300
v 0.01436200 -0.00179900 0.00899900
v 0.01436200 -0.00148700 0.00845900
v 0.01436200 -0.00159500 0.00784400
v 0.01436200 -0.00207400 0.00744200
v 0.01436200 -0.00269800 0.00744200
v 0.01436200 -0.00317700 0.00784400
v 0.01436200 -0.00328500 0.00845900
v 0.01436200 0.00642700 0.01369900
v 0.01436200 0.00701400 0.01391300
v 0.01436200 0.00760100 0.01369900
v 0.01436200 0.00791300 0.01315800
v 0.01436200 0.00780500 0.01254400
v 0.01436200 0.00732600 0.01214200
v 0.01436200 0.00670200 0.01214200
v 0.01436200 0.00622300 0.01254400
v 0.01436200 0.00611500 0.01315800
v 0.01436200 -0.00297300 0.01369900
v 0.01436200 -0.00238600 0.01391300
v 0.01436200 -0.00179900 0.01369900
v 0.01436200 -0.00148700 0.01315800
v 0.01436200 -0.00159500 0.01254400
v 0.01436200 -0.00207400 0.01214200
v 0.01436200 -0.00269800 0.01214200
v 0.01436200 -0.00317700 0.01254400
v 0.01436200 -0.00328500 0.01315800
v 0.01436200 0.00642700 0.01839900
v 0.01436200 0.00701400 0.01861300
v 0.01436200 0.00760100 0.01839900
v 0.01436200 0.00791300 0.01785800
v 0.01436200 0.00780500 0.01724400
v 0.01436200 0.00732600 0.01684200
v 0.01436200 0.00670200 0.01684200
v 0.01436200 0.00622300 0.01724400
v 0.01436200 0.00611500 0.01785800
v 0.01436200 -0.00297300 0.01839900
v 0.01436200 -0.00238600 0.01861300
v 0.01436200 -0.00179900 0.01839900
v 0.01436200 -0.00148700 0.01785800
v 0.01436200 -0.00159500 0.01724400
v 0.01436200 -0.00207400 0.01684200
v 0.01436200 -0.00269800 0.01684200
v 0.01436200 -0.00317700 0.01724400
v 0.01436200 -0.00328500 0.01785800
v 0.01436200 -0.00767300 0.01839900
v 0.01436200 -0.00708600 0.01861300
v 0.01436200 -0.00649900 0.01839900
v 0.01436200 -0.00618700 0.01785800
v 0.01436200 -0.00629500 0.01724400
v 0.01436200 -0.00677400 0.01684200
v 0.01436200 -0.00739800 0.01684200
v 0.01436200 -0.00787700 0.01724400
v 0.01436200 -0.00798500 0.01785800
v 0.01436200 0.00172700 0.01839900
v 0.01436200 0.00231400 0.01861300
v 0.01436200 0.00290100 0.01839900
v 0.01436200 0.00321300 0.01785800
v 0.01436200 0.00310500 0.01724400
v 0.01436200 0.00262600 0.01684200
v 0.01436200 0.00200200 0.01684200
v 0.01436200 0.00152300 0.01724400
v 0.01436200 0.00141500 0.01785800
v 0.01436200 -0.00767300 0.01369900
v 0.01436200 -0.00708600 0.01391300
v 0.01436200 -0.00649900 0.01369900
v 0.01436200 -0.00618700 0.01315800
v 0.01436200 -0.00629500 0.01254400
v 0.01436200 -0.00677400 0.01214200
v 0.01436200 -0.00739800 0.01214200
v 0.01436200 -0.00787700 0.01254400
v 0.01436200 -0.00798500 0.01315800
v 0.01436200 0.00172700 0.01369900
v 0.01436200 0.00231400 0.01391300
v 0.01436200 0.00290100 0.01369900
v 0.01436200 0.00321300 0.01315800
v 0.01436200 0.00310500 0.01254400
v 0.01436200 0.00262600 0.01214200
v 0.01436200 0.00200200 0.01214200
v 0.01436200 0.00152300 0.01254400
v 0.01436200 0.00141500 0.01315800
v 0.01436200 -0.00767300 0.00899900
v 0.01436200 -0.00708600 0.00921300
v 0.01436200 -0.00649900 0.00899900
v 0.01436200 -0.00618700 0.00845900
v 0.01436200 -0.00629500 0.00784400
v 0.01436200 -0.00677400 0.00744200
v 0.01436200 -0.00739800 0.00744200
v 0.01436200 -0.00787700 0.00784400
v 0.01436200 -0.00798500 0.00845900
v 0.01436200 0.00172700 0.00899900
v 0.01436200 0.00231400 0.00921300
v 0.01436200 0.00290100 0.00899900
v 0.01436200 0.00321300 0.00845900
v 0.01436200 0.00310500 0.00784400
v 0.01436200 0.00262600 0.00744200
v 0.01436200 0.00200200 0.00744200
v 0.01436200 0.00152300 0.00784400
v 0.01436200 0.00141500 0.00845900
v 0.01436200 -0.00297300 0.00429900
v 0.01436200 -0.00238600 0.00451300
v 0.01436200 -0.00179900 0.00429900
v 0.01436200 -0.00148700 0.00375900
v 0.01436200 -0.00159500 0.00314400
v 0.01436200 -0.00207400 0.00274200
v 0.01436200 -0.00269800 0.00274200
v 0.01436200 -0.00317700 0.00314400
v 0.01436200 -0.00328500 0.00375900
v 0.01436200 0.00642700 0.00429900
v 0.01436200 0.00701400 0.00451300
v 0.01436200 0.00760100 0.00429900
v 0.01436200 0.00791300 0.00375900
v 0.01436200 0.00780500 0.00314400
v 0.01436200 0.00732600 0.00274200
v 0.01436200 0.00670200 0.00274200
v 0.01436200 0.00622300 0.00314400
v 0.01436200 0.00611500 0.00375900
v 0.01536200 0.00867200 -0.00070400
v 0.01536200 0.00950000 0.00061400
v 0.01536200 0.00808600 -0.00080000
v 0.01536200 0.00950000 0.01938600
v 0.01536200 0.00808600 0.02080000
v 0.01536200 0.00867200 0.02070400
v 0.01536200 0.00940400 0.01997200
v 0.01536200 0.00912100 0.02042100
v 0.01536200 0.00912100 -0.00042100
v 0.01536200 0.00940400 0.00002800
v 0.01536200 -0.00808600 -0.00080000
v 0.01536200 -0.00808600 0.02080000
v 0.01536200 -0.00950000 0.00061400
v 0.01536200 -0.00950000 0.01938600
v 0.01536200 -0.00867200 0.02070400
v 0.01536200 -0.00940400 0.01997200
v 0.01536200 -0.00912100 0.02042100
v 0.01536200 -0.00867200 -0.00070400
v 0.01536200 -0.00940400 0.00002800
v 0.01536200 -0.00912100 -0.00042100
v 0.01316200 -0.01028600 -0.00300000
v 0.01316200 0.01028600 -0.00300000
v 0.01296200 0.01190000 -0.00178600
v 0.01295200 0.01190000 -0.00200000
v 0.01294400 0.01182300 -0.00238400
v 0.01297000 0.01160500 -0.00270900
v 0.01301200 0.01127900 -0.00292500
v 0.01308300 0.01090000 -0.00300000
v 0.01296200 0.01190000 0.02178600
v 0.01316200 0.01028600 0.02300000
v 0.01308300 0.01090000 0.02300000
v 0.01301200 0.01127900 0.02292600
v 0.01297000 0.01160500 0.02270900
v 0.01294400 0.01182300 0.02238400
v 0.01295200 0.01190000 0.02200000
v 0.01316200 -0.01028600 0.02300000
v 0.01296200 -0.01190000 0.02178600
v 0.01295200 -0.01190000 0.02200000
v 0.01294400 -0.01182300 0.02238400
v 0.01297000 -0.01160500 0.02270900
v 0.01301200 -0.01127900 0.02292500
v 0.01308300 -0.01090000 0.02300000
v 0.01296200 -0.01190000 -0.00178600
v 0.01308300 -0.01090000 -0.00300000
v 0.01297000 -0.01160500 -0.00270900
v 0.01301200 -0.01127900 -0.00292500
v 0.01295200 -0.01190000 -0.00200000
v 0.01294400 -0.01182300 -0.00238400
v 0.00866200 -0.00500000 -0.00300000
v 0.01206200 -0.00500000 -0.00300000
v 0.00866200 -0.01090000 -0.00300000
v 0.01206200 0.00500000 -0.00300000
v 0.00866200 0.01090000 -0.00300000
v 0.00866200 0.00500000 -0.00300000
v 0.00866200 0.01140000 -0.00286600
v 0.00866200 0.01176600 -0.00250000
v 0.00866200 0.01190000 -0.00200000
v 0.00866200 0.01190000 0.02200000
v 0.00866200 0.01176600 0.02250000
v 0.00866200 0.01140000 0.02286600
v 0.00866200 0.01090000 0.02300000
v 0.00866200 -0.01090000 0.02300000
v 0.00866200 -0.01140000 0.02286600
v 0.00866200 -0.01176600 0.02250000
v 0.00866200 -0.01190000 0.02200000
v 0.00866200 -0.01190000 -0.00200000
v 0.00866200 -0.01176600 -0.00250000
v 0.00866200 -0.01140000 -0.00286600
v 0.01206200 0.00500000 -0.00200000
v 0.01206200 -0.00500000 -0.00200000
v 0.00866200 -0.00500000 -0.00200000
v 0.00866200 0.01090000 0.02200000
v 0.00866200 -0.01090000 0.02200000
v 0.00866200 -0.01090000 -0.00200000
v 0.00866200 0.01090000 -0.00200000
v 0.00866200 0.00500000 -0.00200000
v 0.01254800 0.01090000 -0.00200000
v 0.01274800 0.01070000 -0.00200000
v 0.01274800 -0.01070000 -0.00200000
v 0.01254800 -0.01090000 -0.00200000
v 0.01254800 -0.01090000 0.02200000
v 0.01274800 -0.01070000 0.02200000
v 0.01254800 0.01090000 0.02200000
v 0.01274800 0.01070000 0.02200000
v 0.01436200 0.00908600 -0.00038600
v 0.01436200 -0.00908600 -0.00038600
v 0.01436200 -0.00908600 0.02038600
v 0.01436200 0.00908600 0.02038600
f 1 2 3
f 3 2 4
f 3 4 5
f 5 4 6
f 5 6 7
f 5 7 8
f 8 7 9
f 10 11 12
f 12 11 13
f 12 13 14
f 14 13 15
f 14 15 16
f 14 16 17
f 17 16 18
f 19 20 21
f 21 20 22
f 21 22 23
f 23 22 24
f 23 24 25
f 23 25 26
f 26 25 27
f 26 27 28
f 29 30 31
f 31 30 32
f 31 32 33
f 33 32 34
f 33 34 35
f 35 34 36
f 35 36 37
f 37 36 38
f 37 38 39
f 39 38 40
f 39 40 41
f 41 40 42
f 41 42 43
f 43 42 44
f 43 44 45
f 45 44 46
f 45 46 47
f 47 46 48
f 47 48 49
f 49 48 50
f 49 50 51
f 49 51 52
f 52 51 53
f 52 53 54
f 54 53 55
f 54 55 56
f 56 55 57
f 56 57 58
f 58 57 59
f 58 59 60
f 60 59 61
f 60 61 62
f 62 61 63
f 62 63 64
f 64 63 65
f 64 65 66
f 66 65 67
f 66 67 68
f 68 67 29
f 68 29 31
f 69 31 70
f 70 31 33
f 70 33 71
f 71 33 35
f 71 35 72
f 72 35 37
f 72 37 73
f 73 37 39
f 73 39 74
f 74 39 41
f 74 41 75
f 75 41 43
f 75 43 76
f 76 43 45
f 76 45 77
f 77 45 47
f 77 47 78
f 78 47 49
f 78 49 79
f 79 49 52
f 79 52 80
f 80 52 54
f 80 54 81
f 81 54 56
f 81 56 82
f 82 56 58
f 82 58 83
f 83 58 60
f 83 60 84
f 84 60 62
f 84 62 85
f 85 62 64
f 85 64 86
f 86 64 66
f 86 66 87
f 87 66 68
f 87 68 69
f 69 68 31
f 88 89 90
f 90 89 91
f 90 91 92
f 90 93 88
f 94 95 96
f 96 95 97
f 96 97 98
f 98 97 99
f 98 99 100
f 100 101 98
f 102 103 104
f 104 103 105
f 104 105 106
f 106 105 107
f 106 107 108
f 108 107 109
f 108 109 110
f 108 110 111
f 111 110 112
f 111 112 113
f 113 112 114
f 115 116 117
f 117 116 118
f 117 118 119
f 120 121 115
f 122 123 124
f 124 123 125
f 124 125 126
f 126 125 127
f 126 127 128
f 128 127 129
f 128 129 130
f 130 129 131
f 130 131 132
f 132 131 133
f 132 133 134
f 134 133 135
f 134 135 136
f 136 135 137
f 136 137 138
f 138 137 139
f 138 139 140
f 140 139 141
f 140 141 142
f 142 141 143
f 142 143 144
f 144 143 145
f 144 145 122
f 122 145 123
f 146 147 148
f 148 147 149
f 148 149 150
f 150 149 151
f 150 151 152
f 152 151 153
f 152 153 154
f 154 153 155
f 154 155 156
f 156 155 157
f 156 157 158
f 158 157 159
f 158 159 160
f 160 159 161
f 160 161 162
f 162 161 163
f 162 163 164
f 164 163 165
f 164 165 166
f 166 165 167
f 166 167 168
f 168 167 169
f 168 169 146
f 146 169 147
f 120 115 170
f 170 115 171
f 172 171 117
f 117 171 115
f 173 172 119
f 119 172 117
f 174 175 176
f 176 175 177
f 178 179 180
f 180 179 181
f 182 183 184
f 184 183 185
f 186 187 188
f 188 187 189
f 187 190 189
f 189 190 191
f 29 192 30
f 30 192 193
f 30 193 32
f 32 193 194
f 32 194 34
f 34 194 195
f 34 195 36
f 36 195 196
f 36 196 38
f 38 196 197
f 38 197 40
f 40 197 198
f 40 198 42
f 42 198 199
f 42 199 44
f 44 199 200
f 44 200 46
f 46 200 201
f 46 201 48
f 48 201 202
f 48 202 50
f 50 202 203
f 50 203 51
f 51 203 204
f 51 204 53
f 53 204 205
f 53 205 55
f 55 205 206
f 55 206 57
f 57 206 207
f 57 207 59
f 59 207 208
f 59 208 61
f 61 208 209
f 61 209 63
f 63 209 210
f 63 210 65
f 65 210 211
f 65 211 67
f 67 211 212
f 67 212 29
f 29 212 192
f 213 174 214
f 214 174 176
f 176 177 214
f 214 177 215
f 175 216 177
f 177 216 215
f 89 88 217
f 217 88 218
f 218 88 219
f 89 220 91
f 89 217 220
f 220 217 221
f 221 217 222
f 222 217 223
f 222 223 224
f 224 223 225
f 224 225 226
f 226 225 227
f 227 225 228
f 227 228 229
f 229 228 94
f 228 230 94
f 94 230 231
f 232 233 234
f 234 233 231
f 231 233 94
f 94 233 95
f 235 236 237
f 237 236 238
f 237 238 239
f 239 238 240
f 239 240 241
f 239 241 80
f 80 241 242
f 80 242 79
f 79 242 243
f 79 243 78
f 78 243 244
f 78 244 77
f 77 244 245
f 77 245 76
f 76 245 246
f 76 246 75
f 75 246 74
f 74 246 247
f 74 247 73
f 73 247 72
f 72 247 248
f 72 248 71
f 71 248 249
f 71 249 70
f 70 249 250
f 70 250 251
f 251 250 252
f 252 250 253
f 252 253 254
f 254 253 255
f 254 255 256
f 256 255 257
f 256 257 258
f 258 257 259
f 258 259 260
f 251 261 70
f 70 261 69
f 69 261 262
f 69 262 87
f 87 262 263
f 87 263 86
f 86 263 85
f 85 263 264
f 85 264 84
f 84 264 265
f 84 265 266
f 266 267 84
f 84 267 268
f 84 268 269
f 84 269 83
f 83 269 270
f 83 270 239
f 80 81 239
f 239 81 82
f 239 82 83
f 92 91 271
f 271 91 272
f 271 272 273
f 273 272 274
f 273 274 275
f 275 274 276
f 277 178 278
f 278 178 180
f 278 180 279
f 279 180 181
f 179 280 181
f 181 280 279
f 281 187 186
f 281 186 282
f 187 283 190
f 188 284 186
f 186 284 282
f 285 286 287
f 287 286 288
f 289 182 290
f 290 182 184
f 291 292 185
f 185 292 293
f 185 293 294
f 185 294 184
f 184 294 295
f 184 295 296
f 296 290 184
f 183 297 185
f 185 297 291
f 119 118 173
f 173 118 298
f 173 298 299
f 299 300 173
f 190 283 191
f 191 283 301
f 191 301 302
f 283 303 301
f 301 303 304
f 304 303 281
f 191 302 305
f 305 302 306
f 305 306 307
f 307 306 308
f 307 308 309
f 309 308 310
f 309 310 170
f 170 310 311
f 170 311 120
f 120 311 121
f 121 311 116
f 116 311 298
f 116 298 118
f 312 313 314
f 314 313 315
f 315 313 316
f 315 316 317
f 317 316 318
f 317 318 319
f 319 318 320
f 319 320 321
f 321 320 322
f 321 322 323
f 323 322 324
f 323 324 325
f 325 324 326
f 325 326 327
f 327 326 328
f 328 326 329
f 328 329 330
f 330 331 328
f 332 333 334
f 334 333 335
f 335 333 336
f 335 336 337
f 337 336 338
f 337 338 339
f 339 338 340
f 340 338 341
f 340 341 331
f 331 330 340
f 342 343 344
f 344 343 345
f 345 343 346
f 345 346 347
f 347 346 348
f 347 348 349
f 349 348 350
f 349 350 351
f 351 350 352
f 351 352 353
f 353 352 354
f 353 354 355
f 355 354 356
f 355 356 357
f 357 356 358
f 357 358 359
f 359 358 360
f 359 360 361
f 361 360 362
f 361 362 363
f 363 362 332
f 363 332 334
f 364 365 366
f 366 365 367
f 366 367 368
f 368 367 369
f 368 369 370
f 370 369 371
f 370 371 372
f 372 371 373
f 372 373 374
f 374 373 375
f 374 375 376
f 376 375 377
f 376 377 378
f 378 377 379
f 378 379 380
f 380 379 381
f 380 381 382
f 382 381 383
f 382 383 384
f 384 383 385
f 384 385 386
f 386 385 387
f 386 387 388
f 388 387 389
f 388 389 364
f 364 389 365
f 390 391 392
f 392 391 393
f 392 393 394
f 394 393 395
f 394 395 299
f 299 395 300
f 396 307 397
f 397 307 171
f 397 171 172
f 398 188 396
f 396 188 189
f 396 189 305
f 305 189 191
f 398 399 188
f 188 399 400
f 188 400 284
f 399 401 400
f 400 401 402
f 402 401 403
f 402 403 404
f 403 401 405
f 405 401 406
f 405 406 407
f 407 406 408
f 407 408 409
f 409 408 410
f 410 408 411
f 410 411 412
f 412 411 413
f 413 411 414
f 413 414 415
f 415 414 416
f 416 414 417
f 416 417 418
f 418 417 182
f 418 182 289
f 417 419 182
f 182 419 420
f 182 420 183
f 183 420 421
f 183 421 422
f 422 421 423
f 423 421 424
f 423 424 425
f 425 424 426
f 426 424 427
f 426 427 428
f 428 427 429
f 429 427 430
f 429 430 431
f 431 430 432
f 432 430 433
f 432 433 434
f 434 433 435
f 434 435 436
f 436 435 437
f 436 437 438
f 437 435 439
f 439 435 440
f 439 440 178
f 178 440 441
f 178 441 442
f 178 442 179
f 179 442 443
f 179 443 444
f 179 444 445
f 445 444 446
f 445 446 447
f 447 446 448
f 447 448 449
f 449 448 450
f 449 450 451
f 451 450 452
f 451 452 453
f 453 452 454
f 453 454 455
f 455 454 456
f 455 456 457
f 457 456 458
f 458 456 174
f 458 174 213
f 456 459 174
f 174 459 175
f 175 459 460
f 175 460 216
f 461 462 459
f 459 462 463
f 459 463 464
f 462 461 465
f 465 461 466
f 465 466 467
f 467 466 468
f 467 468 469
f 469 468 470
f 470 468 471
f 470 471 472
f 472 471 473
f 472 473 474
f 472 474 172
f 172 474 397
f 475 476 213
f 213 476 458
f 445 477 179
f 179 477 280
f 280 477 478
f 280 478 479
f 479 480 280
f 280 480 312
f 312 480 313
f 313 480 481
f 313 481 202
f 202 481 203
f 203 481 475
f 203 475 204
f 204 475 213
f 204 213 205
f 205 213 206
f 206 213 207
f 207 213 208
f 208 213 344
f 208 344 209
f 209 344 210
f 210 344 211
f 211 344 212
f 212 344 156
f 212 156 158
f 212 158 192
f 192 158 160
f 192 160 193
f 193 160 194
f 194 160 337
f 194 337 339
f 201 134 202
f 202 134 318
f 202 318 316
f 134 201 132
f 132 201 200
f 132 200 130
f 130 200 199
f 130 199 128
f 128 199 198
f 128 198 126
f 126 198 124
f 124 198 197
f 124 197 329
f 329 197 330
f 330 197 196
f 330 196 340
f 340 196 195
f 340 195 339
f 339 195 194
f 305 307 396
f 171 309 170
f 173 300 172
f 172 300 482
f 172 482 472
f 464 483 459
f 459 483 460
f 344 345 156
f 156 345 154
f 154 345 347
f 154 347 152
f 152 347 349
f 152 349 351
f 152 351 150
f 150 351 353
f 150 353 355
f 355 357 150
f 150 357 148
f 148 357 359
f 148 359 361
f 148 361 146
f 146 361 363
f 146 363 168
f 168 363 166
f 166 363 334
f 166 334 335
f 337 162 335
f 335 162 164
f 335 164 166
f 124 329 122
f 122 329 326
f 122 326 144
f 144 326 142
f 142 326 324
f 142 324 140
f 140 324 138
f 138 324 322
f 138 322 136
f 136 322 320
f 136 320 318
f 316 313 202
f 178 277 439
f 422 297 183
f 160 162 337
f 134 136 318
f 460 484 216
f 216 484 342
f 216 342 344
f 213 214 344
f 344 214 215
f 344 215 216
f 485 486 487
f 487 486 488
f 237 489 235
f 235 489 490
f 235 490 236
f 236 490 491
f 236 491 238
f 238 491 492
f 238 492 240
f 240 492 493
f 240 493 241
f 241 493 494
f 241 494 242
f 242 494 495
f 242 495 243
f 243 495 496
f 243 496 244
f 244 496 497
f 244 497 245
f 245 497 498
f 245 498 246
f 246 498 499
f 246 499 247
f 247 499 500
f 247 500 248
f 248 500 501
f 248 501 249
f 249 501 502
f 249 502 250
f 250 502 503
f 250 503 253
f 253 503 504
f 253 504 255
f 255 504 505
f 255 505 257
f 257 505 506
f 257 506 259
f 259 506 507
f 259 507 260
f 260 507 508
f 260 508 258
f 258 508 509
f 258 509 256
f 256 509 510
f 256 510 254
f 254 510 511
f 254 511 252
f 252 511 512
f 252 512 251
f 251 512 513
f 251 513 261
f 261 513 488
f 261 488 486
f 489 237 514
f 514 237 239
f 514 239 218
f 218 239 217
f 217 239 270
f 217 270 223
f 223 270 225
f 225 270 269
f 225 269 228
f 228 269 268
f 228 268 230
f 230 268 267
f 230 267 231
f 231 267 266
f 231 266 234
f 234 266 515
f 515 266 265
f 515 265 516
f 516 265 264
f 516 264 517
f 517 264 263
f 517 263 518
f 518 263 262
f 518 262 486
f 486 262 261
f 519 219 520
f 520 219 88
f 521 522 523
f 523 522 524
f 523 524 525
f 526 527 525
f 525 527 528
f 525 528 523
f 523 529 521
f 521 529 530
f 521 530 531
f 529 523 532
f 532 523 528
f 532 528 527
f 533 534 535
f 535 534 536
f 535 536 537
f 538 539 537
f 537 539 540
f 537 540 535
f 541 542 539
f 539 542 540
f 540 542 543
f 540 543 535
f 535 543 533
f 533 543 544
f 396 545 398
f 398 545 546
f 398 546 547
f 398 547 399
f 399 547 548
f 399 548 401
f 401 548 549
f 401 549 406
f 406 549 550
f 406 550 408
f 408 550 551
f 408 551 411
f 411 551 552
f 411 552 414
f 414 552 553
f 414 553 417
f 417 553 554
f 417 554 419
f 420 419 555
f 555 419 554
f 555 556 420
f 420 556 421
f 421 556 557
f 421 557 424
f 424 557 427
f 427 557 558
f 427 558 430
f 430 558 559
f 430 559 560
f 430 560 433
f 433 560 561
f 433 561 435
f 435 561 562
f 435 562 440
f 440 562 563
f 440 563 441
f 441 563 564
f 441 564 442
f 443 442 565
f 565 442 564
f 443 565 444
f 444 565 566
f 444 566 567
f 444 567 446
f 446 567 568
f 446 568 448
f 448 568 569
f 448 569 450
f 450 569 570
f 450 570 452
f 452 570 571
f 452 571 454
f 454 571 572
f 454 572 456
f 572 573 456
f 456 573 459
f 573 574 459
f 459 574 461
f 461 574 575
f 461 575 466
f 466 575 576
f 466 576 468
f 468 576 577
f 468 577 471
f 471 577 578
f 471 578 473
f 473 578 579
f 473 579 474
f 474 579 397
f 397 579 580
f 580 545 397
f 397 545 396
f 531 530 581
f 581 530 582
f 582 530 583
f 583 530 529
f 583 529 532
f 532 584 583
f 585 586 587
f 587 586 588
f 544 543 589
f 589 543 590
f 590 543 591
f 591 543 542
f 591 542 541
f 541 592 591
f 593 594 595
f 595 594 596
f 597 598 599
f 599 598 600
f 598 601 600
f 600 601 602
f 603 604 605
f 605 604 606
f 606 604 607
f 606 607 608
f 608 607 609
f 608 609 610
f 610 609 611
f 610 611 612
f 612 611 613
f 612 613 614
f 614 613 602
f 614 602 601
f 615 603 616
f 616 603 605
f 617 615 618
f 618 615 616
f 232 617 233
f 233 617 618
f 619 275 477
f 477 275 276
f 477 276 478
f 478 276 220
f 478 220 479
f 479 220 221
f 479 221 480
f 480 221 222
f 480 222 481
f 481 222 224
f 481 224 475
f 475 224 226
f 475 226 476
f 476 226 227
f 476 227 229
f 476 229 458
f 458 229 101
f 458 101 457
f 457 101 100
f 457 100 620
f 457 620 455
f 455 620 621
f 455 621 453
f 453 621 622
f 453 622 451
f 451 622 623
f 451 623 449
f 449 623 624
f 449 624 447
f 447 624 625
f 447 625 445
f 445 625 619
f 445 619 477
f 626 93 627
f 627 93 90
f 628 626 629
f 629 626 627
f 630 297 631
f 631 297 422
f 631 422 423
f 631 423 632
f 632 423 425
f 632 425 633
f 634 635 636
f 636 635 637
f 636 637 638
f 638 637 639
f 638 639 640
f 640 639 633
f 640 633 641
f 641 633 426
f 641 426 428
f 635 634 642
f 642 634 643
f 642 643 644
f 644 643 645
f 644 645 646
f 646 645 647
f 646 647 648
f 648 647 649
f 648 649 650
f 650 649 651
f 650 651 438
f 438 651 436
f 436 651 652
f 436 652 434
f 434 652 653
f 434 653 432
f 432 653 654
f 432 654 431
f 431 654 655
f 431 655 429
f 429 655 656
f 429 656 428
f 428 656 641
f 633 425 426
f 277 657 439
f 439 657 658
f 439 658 659
f 439 659 437
f 437 659 650
f 437 650 438
f 314 660 312
f 312 660 278
f 312 278 279
f 661 657 660
f 660 657 277
f 660 277 278
f 279 280 312
f 662 661 663
f 663 661 660
f 663 664 662
f 662 664 665
f 665 664 666
f 665 666 667
f 667 666 668
f 667 668 669
f 669 668 670
f 669 670 671
f 671 670 672
f 671 672 673
f 673 672 674
f 673 674 675
f 675 674 676
f 675 676 677
f 677 676 678
f 677 678 679
f 679 678 680
f 679 680 681
f 681 680 682
f 681 682 683
f 683 682 684
f 683 684 685
f 685 684 686
f 685 686 687
f 687 686 688
f 687 688 689
f 689 688 690
f 689 690 691
f 691 690 692
f 691 692 693
f 693 692 285
f 693 285 287
f 286 304 288
f 288 304 694
f 694 304 284
f 284 304 281
f 284 281 282
f 694 284 695
f 695 284 400
f 695 400 402
f 695 402 696
f 696 402 404
f 696 404 697
f 698 699 700
f 700 699 701
f 700 701 413
f 413 701 702
f 413 702 412
f 412 702 703
f 412 703 410
f 410 703 704
f 410 704 409
f 409 704 705
f 409 705 407
f 407 705 405
f 405 705 706
f 405 706 403
f 403 706 707
f 403 707 697
f 697 707 708
f 697 708 709
f 709 708 710
f 709 710 711
f 711 710 712
f 711 712 713
f 713 712 714
f 713 714 715
f 715 714 716
f 715 716 717
f 717 716 718
f 717 718 719
f 719 718 720
f 719 720 698
f 698 720 699
f 697 404 403
f 413 415 700
f 289 721 418
f 418 721 722
f 418 722 723
f 418 723 416
f 416 723 700
f 416 700 415
f 290 296 289
f 289 296 724
f 289 724 721
f 725 726 292
f 292 726 293
f 293 726 727
f 293 727 294
f 294 727 728
f 294 728 295
f 295 728 724
f 295 724 296
f 630 725 297
f 297 725 292
f 297 292 291
f 729 730 731
f 731 730 732
f 731 732 733
f 733 732 734
f 733 734 735
f 735 734 736
f 735 736 737
f 737 736 738
f 737 738 739
f 739 738 740
f 739 740 741
f 741 740 742
f 741 742 743
f 743 742 744
f 743 744 745
f 745 744 746
f 745 746 747
f 747 746 748
f 747 748 749
f 749 748 750
f 749 750 751
f 751 750 752
f 751 752 753
f 753 752 754
f 753 754 755
f 755 754 756
f 755 756 757
f 757 756 758
f 757 758 729
f 729 758 730
f 594 759 596
f 596 759 760
f 761 762 763
f 763 762 764
f 763 764 765
f 765 764 766
f 765 766 767
f 767 766 768
f 769 593 770
f 770 593 595
f 759 594 769
f 769 594 593
f 484 771 346
f 346 771 348
f 348 771 350
f 350 771 772
f 350 772 352
f 352 772 773
f 352 773 774
f 352 774 354
f 354 774 775
f 354 775 356
f 356 775 298
f 356 298 686
f 686 298 688
f 688 298 690
f 690 298 692
f 692 298 286
f 692 286 285
f 775 776 298
f 298 776 299
f 298 311 286
f 286 311 310
f 286 310 308
f 308 306 286
f 286 306 302
f 286 302 301
f 301 304 286
f 356 686 358
f 358 686 684
f 358 684 360
f 360 684 682
f 360 682 362
f 362 682 680
f 362 680 332
f 332 680 678
f 332 678 333
f 333 678 676
f 333 676 336
f 336 676 674
f 336 674 338
f 338 674 672
f 338 672 341
f 341 672 670
f 341 670 331
f 331 670 668
f 331 668 328
f 328 668 666
f 328 666 366
f 366 666 664
f 366 664 364
f 364 664 663
f 364 663 388
f 388 663 386
f 386 663 384
f 384 663 660
f 384 660 382
f 382 660 380
f 380 660 321
f 380 321 378
f 378 321 323
f 378 323 376
f 376 323 325
f 376 325 374
f 374 325 327
f 374 327 372
f 372 327 370
f 370 327 328
f 370 328 368
f 368 328 366
f 314 315 660
f 660 315 317
f 660 317 319
f 319 321 660
f 346 343 484
f 484 343 342
f 484 460 777
f 777 460 483
f 777 483 778
f 778 483 464
f 778 464 463
f 463 779 778
f 515 604 234
f 234 604 603
f 234 603 232
f 232 603 617
f 617 603 615
f 604 515 607
f 607 515 516
f 607 516 609
f 609 516 517
f 609 517 611
f 611 517 518
f 611 518 613
f 613 518 486
f 613 486 602
f 602 486 485
f 602 485 600
f 600 485 599
f 599 485 780
f 599 780 597
f 597 780 781
f 782 783 784
f 784 783 785
f 784 785 786
f 786 785 787
f 786 787 788
f 788 787 789
f 488 513 487
f 487 513 512
f 487 512 790
f 790 512 511
f 790 511 791
f 791 511 510
f 791 510 792
f 792 510 509
f 792 509 793
f 793 509 508
f 793 508 794
f 794 508 507
f 794 507 795
f 795 507 796
f 796 507 506
f 796 506 797
f 797 506 505
f 797 505 798
f 798 505 504
f 798 504 799
f 799 504 503
f 799 503 800
f 800 503 502
f 800 502 801
f 801 502 501
f 801 501 802
f 802 501 500
f 802 500 803
f 803 500 499
f 803 499 804
f 804 499 498
f 804 498 805
f 805 498 497
f 805 497 806
f 806 497 496
f 806 496 807
f 807 496 495
f 807 495 808
f 808 495 494
f 808 494 809
f 809 494 493
f 809 493 810
f 810 493 492
f 810 492 811
f 811 492 491
f 811 491 519
f 519 491 490
f 519 490 489
f 519 489 219
f 219 489 514
f 219 514 218
f 812 628 813
f 813 628 629
f 628 520 626
f 626 520 88
f 626 88 93
f 628 812 520
f 814 813 815
f 815 813 816
f 815 816 817
f 817 816 818
f 817 818 819
f 819 820 817
f 821 584 526
f 526 584 527
f 527 584 532
f 531 581 521
f 521 581 522
f 522 581 822
f 586 823 588
f 588 823 824
f 824 825 826
f 826 825 827
f 826 827 828
f 828 827 829
f 828 829 830
f 830 831 828
f 832 585 833
f 833 585 587
f 832 823 585
f 585 823 586
f 834 833 835
f 835 833 836
f 835 836 837
f 837 836 838
f 837 838 839
f 839 840 837
f 841 592 538
f 538 592 539
f 539 592 541
f 544 589 533
f 533 589 534
f 534 589 842
f 545 580 595
f 595 580 579
f 595 579 843
f 843 579 578
f 843 578 577
f 843 577 844
f 844 577 576
f 844 576 845
f 845 576 846
f 846 576 575
f 846 575 847
f 847 575 574
f 847 574 848
f 848 574 573
f 848 573 788
f 788 573 786
f 786 573 784
f 784 573 782
f 782 573 597
f 782 597 781
f 572 610 573
f 573 610 612
f 573 612 598
f 598 612 614
f 598 614 601
f 571 620 572
f 572 620 100
f 572 100 99
f 620 571 621
f 621 571 570
f 621 570 622
f 622 570 569
f 622 569 623
f 623 569 624
f 624 569 568
f 624 568 625
f 625 568 567
f 625 567 566
f 625 566 627
f 627 566 565
f 627 565 564
f 627 564 629
f 629 564 563
f 629 563 562
f 561 819 562
f 562 819 818
f 562 818 629
f 629 818 816
f 629 816 813
f 819 561 652
f 652 561 560
f 652 560 653
f 653 560 654
f 654 560 559
f 654 559 655
f 655 559 558
f 655 558 656
f 656 558 641
f 641 558 557
f 641 557 640
f 640 557 831
f 640 831 638
f 638 831 636
f 636 831 849
f 636 849 850
f 557 556 831
f 831 556 828
f 828 556 826
f 826 556 588
f 826 588 824
f 556 555 588
f 588 555 554
f 588 554 587
f 587 554 553
f 587 553 836
f 836 553 838
f 838 553 839
f 839 553 552
f 839 552 699
f 699 552 701
f 701 552 702
f 702 552 551
f 702 551 703
f 703 551 550
f 703 550 704
f 704 550 705
f 705 550 549
f 705 549 706
f 706 549 548
f 706 548 707
f 707 548 851
f 707 851 708
f 708 851 852
f 708 852 710
f 710 852 853
f 710 853 712
f 712 853 854
f 712 854 714
f 714 854 589
f 714 589 716
f 716 589 590
f 716 590 718
f 718 590 591
f 718 591 592
f 548 547 851
f 851 547 855
f 855 547 596
f 855 596 856
f 856 596 760
f 547 546 596
f 596 546 545
f 596 545 595
f 90 92 627
f 627 92 619
f 627 619 625
f 99 97 572
f 572 97 95
f 572 95 618
f 618 95 233
f 618 616 572
f 572 616 608
f 572 608 610
f 605 606 616
f 616 606 608
f 598 597 573
f 843 857 595
f 595 857 762
f 595 762 770
f 592 858 718
f 718 858 859
f 718 859 720
f 720 859 860
f 720 860 839
f 836 833 587
f 850 861 636
f 636 861 581
f 636 581 634
f 634 581 582
f 634 582 583
f 583 584 634
f 634 584 643
f 643 584 862
f 643 862 645
f 645 862 863
f 645 863 647
f 647 863 864
f 647 864 649
f 649 864 819
f 649 819 651
f 651 819 652
f 699 720 839
f 760 865 856
f 856 865 866
f 856 866 855
f 855 866 867
f 855 867 868
f 868 851 855
f 728 869 724
f 724 869 870
f 724 870 871
f 869 728 872
f 872 728 727
f 872 727 726
f 872 726 873
f 873 726 725
f 873 725 874
f 874 725 875
f 875 725 630
f 875 630 876
f 876 630 635
f 876 635 642
f 635 630 637
f 637 630 631
f 637 631 632
f 633 639 632
f 632 639 637
f 876 642 877
f 877 642 644
f 877 644 878
f 878 644 657
f 878 657 879
f 879 657 880
f 880 657 661
f 880 661 881
f 881 661 882
f 882 661 883
f 883 661 662
f 883 662 884
f 884 662 885
f 885 662 886
f 886 662 887
f 887 662 749
f 887 749 751
f 644 646 657
f 657 646 658
f 658 646 648
f 658 648 659
f 659 648 650
f 749 662 747
f 747 662 665
f 747 665 745
f 745 665 667
f 745 667 669
f 669 671 745
f 745 671 673
f 745 673 743
f 743 673 675
f 743 675 741
f 741 675 677
f 741 677 679
f 741 679 739
f 739 679 681
f 739 681 737
f 737 681 683
f 737 683 735
f 735 683 685
f 735 685 687
f 735 687 733
f 733 687 689
f 733 689 691
f 733 691 731
f 731 691 693
f 731 693 287
f 288 888 287
f 287 888 889
f 287 889 757
f 757 889 890
f 757 890 755
f 755 890 891
f 755 891 753
f 753 891 892
f 753 892 751
f 751 892 887
f 288 694 888
f 888 694 893
f 893 694 894
f 894 694 713
f 894 713 895
f 895 713 715
f 895 715 896
f 896 715 717
f 896 717 721
f 721 717 719
f 721 719 722
f 722 719 723
f 723 719 698
f 723 698 700
f 713 694 711
f 711 694 695
f 711 695 709
f 709 695 696
f 709 696 697
f 896 721 871
f 871 721 724
f 757 729 287
f 287 729 731
f 759 769 760
f 760 769 770
f 760 770 865
f 865 770 761
f 761 770 762
f 897 779 789
f 789 779 848
f 789 848 788
f 779 897 898
f 898 897 899
f 898 899 771
f 771 899 772
f 772 899 900
f 772 900 901
f 772 901 773
f 773 901 902
f 773 902 774
f 774 902 903
f 774 903 775
f 775 903 904
f 775 904 776
f 776 904 767
f 776 767 390
f 390 767 857
f 390 857 482
f 482 857 843
f 482 843 472
f 472 843 844
f 472 844 470
f 470 844 845
f 470 845 469
f 469 845 846
f 469 846 467
f 467 846 847
f 467 847 465
f 465 847 848
f 465 848 462
f 462 848 779
f 462 779 463
f 767 768 857
f 482 391 390
f 782 781 783
f 783 781 905
f 905 781 485
f 485 781 780
f 905 485 906
f 906 485 790
f 906 790 791
f 485 487 790
f 906 791 907
f 907 791 792
f 907 792 908
f 908 792 793
f 908 793 909
f 909 793 794
f 909 794 910
f 910 794 795
f 910 795 911
f 911 795 796
f 911 796 912
f 912 796 797
f 912 797 913
f 913 797 798
f 913 798 914
f 914 798 799
f 914 799 915
f 915 799 800
f 915 800 916
f 916 800 801
f 916 801 917
f 917 801 802
f 917 802 918
f 918 802 803
f 918 803 919
f 919 803 804
f 919 804 920
f 920 804 805
f 920 805 921
f 921 805 806
f 921 806 922
f 922 806 807
f 922 807 923
f 923 807 808
f 923 808 924
f 924 808 809
f 924 809 925
f 925 809 810
f 925 810 926
f 926 810 811
f 926 811 927
f 927 811 520
f 927 520 928
f 811 519 520
f 812 813 520
f 520 813 928
f 928 813 814
f 821 929 584
f 584 929 862
f 862 929 930
f 862 930 863
f 863 930 931
f 863 931 864
f 864 931 820
f 864 820 819
f 830 932 831
f 831 932 849
f 849 932 933
f 849 933 850
f 850 933 934
f 850 934 861
f 861 934 822
f 861 822 581
f 823 832 824
f 824 832 833
f 824 833 825
f 825 833 834
f 841 935 592
f 592 935 858
f 858 935 936
f 858 936 859
f 859 936 937
f 859 937 860
f 860 937 840
f 860 840 839
f 868 938 851
f 851 938 852
f 852 938 939
f 852 939 853
f 853 939 940
f 853 940 854
f 854 940 842
f 854 842 589
f 894 941 893
f 893 941 942
f 893 942 888
f 888 942 943
f 888 943 889
f 889 943 944
f 889 944 890
f 890 944 945
f 890 945 891
f 891 945 946
f 891 946 892
f 892 946 947
f 892 947 887
f 887 947 948
f 887 948 886
f 886 948 949
f 886 949 885
f 885 949 950
f 885 950 884
f 884 950 951
f 884 951 883
f 883 951 952
f 883 952 882
f 882 952 953
f 882 953 881
f 881 953 954
f 881 954 880
f 880 954 955
f 880 955 879
f 879 955 956
f 879 956 878
f 878 956 957
f 878 957 877
f 877 957 958
f 877 958 876
f 876 958 959
f 876 959 875
f 875 959 960
f 875 960 874
f 874 960 961
f 874 961 873
f 873 961 962
f 873 962 872
f 872 962 963
f 872 963 869
f 869 963 964
f 869 964 870
f 870 964 965
f 870 965 871
f 871 965 966
f 871 966 896
f 896 966 967
f 896 967 895
f 895 967 968
f 895 968 894
f 894 968 941
f 842 940 534
f 534 940 939
f 534 939 943
f 943 939 865
f 943 865 944
f 944 865 914
f 944 914 915
f 939 938 865
f 865 938 866
f 866 938 867
f 867 938 868
f 914 865 913
f 913 865 761
f 913 761 912
f 912 761 904
f 912 904 903
f 912 903 911
f 911 903 902
f 911 902 910
f 910 902 901
f 910 901 900
f 910 900 909
f 909 900 899
f 909 899 908
f 908 899 907
f 907 899 783
f 907 783 906
f 906 783 905
f 944 915 945
f 945 915 916
f 945 916 946
f 946 916 917
f 946 917 947
f 947 917 918
f 947 918 948
f 948 918 949
f 949 918 919
f 949 919 950
f 950 919 920
f 950 920 951
f 951 920 921
f 951 921 952
f 952 921 922
f 952 922 953
f 953 922 923
f 953 923 954
f 954 923 924
f 954 924 955
f 955 924 814
f 955 814 930
f 930 814 931
f 931 814 815
f 931 815 817
f 924 925 814
f 814 925 926
f 814 926 927
f 927 928 814
f 817 820 931
f 955 930 526
f 526 930 929
f 526 929 821
f 525 957 526
f 526 957 956
f 526 956 955
f 525 524 957
f 957 524 522
f 957 522 958
f 958 522 959
f 959 522 825
f 959 825 960
f 960 825 961
f 961 825 962
f 962 825 963
f 963 825 834
f 963 834 964
f 964 834 965
f 965 834 966
f 966 834 967
f 967 834 538
f 967 538 968
f 968 538 941
f 941 538 537
f 941 537 536
f 822 934 522
f 522 934 933
f 522 933 825
f 825 933 827
f 827 933 932
f 827 932 829
f 829 932 830
f 538 834 936
f 936 834 835
f 936 835 937
f 937 835 837
f 937 837 840
f 936 935 538
f 538 935 841
f 536 534 941
f 941 534 942
f 942 534 943
f 969 970 971
f 969 971 972
f 972 971 973
f 974 975 976
f 976 975 977
f 976 977 970
f 970 977 978
f 970 978 971
f 971 978 979
f 971 979 973
f 973 979 980
f 973 980 981
f 981 980 982
f 981 982 983
f 983 982 984
f 983 984 972
f 972 984 985
f 972 985 969
f 969 985 986
f 969 986 974
f 974 986 975
f 987 260 975
f 975 260 988
f 975 988 977
f 977 988 989
f 977 989 978
f 978 989 990
f 978 990 991
f 978 991 979
f 979 991 992
f 979 992 980
f 980 992 993
f 980 993 994
f 980 994 982
f 982 994 995
f 982 995 984
f 984 995 996
f 984 996 985
f 985 996 997
f 985 997 998
f 985 998 986
f 986 998 987
f 986 987 975
f 999 1000 1001
f 1001 1000 1002
f 1001 1002 1003
f 1003 1002 1004
f 1003 1004 1005
f 1005 1004 1006
f 1005 1006 1007
f 1007 1006 1008
f 1007 1008 1009
f 1009 1008 1010
f 1009 1010 1011
f 987 999 260
f 260 999 1001
f 260 1001 988
f 988 1001 1003
f 988 1003 989
f 989 1003 1005
f 989 1005 990
f 990 1005 1007
f 990 1007 991
f 991 1007 1009
f 991 1009 992
f 992 1009 1011
f 992 1011 993
f 993 1011 1010
f 993 1010 994
f 994 1010 1008
f 994 1008 995
f 995 1008 1006
f 995 1006 996
f 996 1006 1004
f 996 1004 997
f 997 1004 1002
f 997 1002 998
f 998 1002 1000
f 998 1000 987
f 987 1000 999
f 1012 1013 1014
f 1014 1013 1015
f 1015 1013 1016
f 1015 1016 1017
f 1017 1016 1018
f 1017 1018 1019
f 1019 1018 1020
f 1014 1021 1012
f 1012 1021 1022
f 1012 1022 1013
f 1013 1022 1023
f 1013 1023 1016
f 1016 1023 1024
f 1016 1024 1018
f 1018 1024 1025
f 1018 1025 1020
f 1020 1025 1026
f 1020 1026 1019
f 1019 1026 1027
f 1019 1027 1017
f 1017 1027 1028
f 1017 1028 1015
f 1015 1028 1029
f 1015 1029 1014
f 1014 1029 1021
f 1030 1021 1031
f 1031 1021 1029
f 1031 1029 1032
f 1032 1029 1028
f 1032 1028 1033
f 1033 1028 1027
f 1033 1027 1034
f 1034 1027 1026
f 1034 1026 1025
f 1021 1030 1022
f 1022 1030 1035
f 1022 1035 1023
f 1023 1035 1036
f 1023 1036 1024
f 1024 1036 1037
f 1024 1037 1025
f 1025 1037 1034
f 1034 1038 1033
f 1033 1038 1039
f 1036 1040 1037
f 1037 1040 1041
f 1038 1034 1042
f 1042 1034 1037
f 1042 1037 1041
f 1032 1043 1031
f 1031 1043 1044
f 1039 1045 1033
f 1033 1045 1032
f 1032 1045 1043
f 1030 1046 1035
f 1035 1046 1047
f 1040 1036 1048
f 1048 1036 1035
f 1048 1035 1047
f 1044 1049 1031
f 1031 1049 1030
f 1030 1049 1046
f 1050 1051 1052
f 1052 1051 1053
f 1053 1051 1054
f 1055 1056 1057
f 1057 1056 1058
f 1057 1058 1059
f 1060 1061 1062
f 1062 1061 1063
f 1063 1061 1064
f 1063 1064 1065
f 1065 1064 1066
f 1066 1064 1067
f 1042 1068 1038
f 1038 1068 1069
f 1038 1069 1039
f 1039 1069 1045
f 1048 1070 1040
f 1040 1070 1041
f 1041 1070 1071
f 1041 1071 1042
f 1045 1072 1043
f 1043 1072 1073
f 1043 1073 1044
f 1044 1073 1049
f 1049 1074 1046
f 1046 1074 1075
f 1046 1075 1047
f 1047 1075 1048
f 1076 1077 1078
f 1078 1077 1079
f 1078 1079 1080
f 1050 1081 1051
f 1051 1081 1078
f 1078 1081 1076
f 1050 1052 1081
f 1081 1052 1082
f 1082 1052 1053
f 1082 1053 1083
f 1083 1053 1054
f 1083 1054 1084
f 1060 1062 1078
f 1078 1062 1084
f 1078 1084 1054
f 1054 1051 1078
f 1078 1080 1060
f 1055 1085 1056
f 1056 1085 1086
f 1056 1086 1058
f 1058 1086 1087
f 1058 1087 1059
f 1059 1087 1088
f 1089 1085 1090
f 1090 1085 1057
f 1057 1085 1055
f 1089 1090 1091
f 1091 1090 1092
f 1092 1090 1093
f 1059 1088 1090
f 1090 1088 1066
f 1090 1066 1067
f 1067 1093 1090
f 1090 1057 1059
f 1094 1074 1095
f 1095 1074 1049
f 1095 1049 1073
f 1074 1094 1075
f 1075 1094 1096
f 1075 1096 1048
f 1048 1096 1097
f 1048 1097 1070
f 1070 1097 1071
f 1071 1097 1098
f 1071 1098 1042
f 1042 1098 1099
f 1042 1099 1068
f 1068 1099 1100
f 1068 1100 1069
f 1069 1100 1045
f 1045 1100 1101
f 1045 1101 1072
f 1072 1101 1102
f 1072 1102 1073
f 1073 1102 1095
f 1103 1086 1104
f 1104 1086 1085
f 1104 1085 1105
f 1105 1085 1089
f 1105 1089 1106
f 1106 1089 1091
f 1106 1091 1107
f 1107 1091 1092
f 1107 1092 1108
f 1108 1092 1067
f 1086 1103 1087
f 1087 1103 1109
f 1087 1109 1110
f 1111 1066 1110
f 1110 1066 1088
f 1110 1088 1087
f 1062 1112 1113
f 1062 1113 1084
f 1084 1113 1083
f 1083 1113 1114
f 1083 1114 1115
f 1083 1115 1082
f 1082 1115 1116
f 1082 1116 1081
f 1081 1116 1117
f 1081 1117 1076
f 1076 1117 1118
f 1076 1118 1077
f 1077 1118 1119
f 1077 1119 1079
f 1079 1119 1060
f 1079 1060 1080
f 1119 1120 1060
f 1093 1067 1092
f 1121 1099 1122
f 1122 1099 1098
f 1122 1098 1123
f 1123 1098 1097
f 1123 1097 1124
f 1124 1097 1096
f 1124 1096 1125
f 1125 1096 1094
f 1125 1094 1126
f 1126 1094 1095
f 1126 1095 1127
f 1127 1095 1102
f 1127 1102 1128
f 1128 1102 1101
f 1128 1101 1129
f 1129 1101 1100
f 1129 1100 1121
f 1121 1100 1099
f 1130 1117 1131
f 1131 1117 1116
f 1131 1116 1115
f 1132 1119 1130
f 1130 1119 1118
f 1130 1118 1117
f 1133 1108 1132
f 1132 1108 1134
f 1132 1134 1120
f 1135 1106 1133
f 1133 1106 1107
f 1133 1107 1108
f 1136 1104 1135
f 1135 1104 1105
f 1135 1105 1106
f 1137 1109 1136
f 1136 1109 1103
f 1136 1103 1104
f 1138 1111 1137
f 1137 1111 1110
f 1137 1110 1109
f 1139 1113 1138
f 1138 1113 1112
f 1138 1112 1140
f 1131 1115 1139
f 1139 1115 1114
f 1139 1114 1113
f 1120 1119 1132
f 1140 1111 1138
f 1123 1141 1122
f 1122 1141 1142
f 1122 1142 1121
f 1121 1142 1143
f 1121 1143 1129
f 1129 1143 1144
f 1129 1144 1128
f 1128 1144 1145
f 1128 1145 1127
f 1127 1145 1146
f 1127 1146 1126
f 1126 1146 1147
f 1126 1147 1125
f 1125 1147 1148
f 1125 1148 1124
f 1124 1148 1149
f 1124 1149 1123
f 1123 1149 1141
f 1150 1131 1151
f 1151 1131 1139
f 1151 1139 1152
f 1152 1139 1138
f 1152 1138 1153
f 1153 1138 1137
f 1153 1137 1154
f 1154 1137 1136
f 1154 1136 1155
f 1155 1136 1135
f 1155 1135 1156
f 1156 1135 1133
f 1156 1133 1157
f 1157 1133 1132
f 1157 1132 1158
f 1158 1132 1130
f 1158 1130 1150
f 1150 1130 1131
f 1159 1146 1160
f 1160 1146 1145
f 1160 1145 1161
f 1161 1145 1144
f 1161 1144 1162
f 1162 1144 1143
f 1162 1143 1163
f 1163 1143 1142
f 1163 1142 1164
f 1164 1142 1141
f 1164 1141 1165
f 1165 1141 1149
f 1165 1149 1166
f 1166 1149 1148
f 1166 1148 1167
f 1167 1148 1147
f 1167 1147 1159
f 1159 1147 1146
f 1168 1169 1151
f 1151 1169 1170
f 1151 1170 1150
f 1150 1170 1171
f 1150 1171 1158
f 1158 1171 1172
f 1158 1172 1157
f 1157 1172 1173
f 1157 1173 1174
f 1157 1174 1156
f 1156 1174 1175
f 1156 1175 1155
f 1155 1175 1176
f 1155 1176 1154
f 1154 1176 1177
f 1154 1177 1178
f 1154 1178 1153
f 1153 1178 1179
f 1153 1179 1152
f 1152 1179 1168
f 1152 1168 1151
f 1180 1181 1160
f 1160 1181 1182
f 1160 1182 1159
f 1159 1182 1183
f 1159 1183 1167
f 1167 1183 1184
f 1167 1184 1166
f 1166 1184 1185
f 1166 1185 1165
f 1165 1185 1186
f 1165 1186 1187
f 1165 1187 1164
f 1164 1187 1188
f 1164 1188 1163
f 1163 1188 1189
f 1163 1189 1162
f 1162 1189 1190
f 1162 1190 1161
f 1161 1190 1180
f 1161 1180 1160
f 1168 1191 1169
f 1169 1191 1192
f 1169 1192 1170
f 1170 1192 1193
f 1170 1193 1171
f 1171 1193 1194
f 1171 1194 1172
f 1172 1194 1195
f 1172 1195 1173
f 1173 1195 1196
f 1173 1196 1174
f 1174 1196 1197
f 1174 1197 1175
f 1175 1197 1198
f 1175 1198 1176
f 1176 1198 1199
f 1176 1199 1177
f 1177 1199 1200
f 1177 1200 1178
f 1178 1200 1201
f 1178 1201 1179
f 1179 1201 1202
f 1179 1202 1168
f 1168 1202 1191
f 1180 1203 1181
f 1181 1203 1204
f 1181 1204 1182
f 1182 1204 1205
f 1182 1205 1183
f 1183 1205 1206
f 1183 1206 1184
f 1184 1206 1207
f 1184 1207 1185
f 1185 1207 1208
f 1185 1208 1186
f 1186 1208 1209
f 1186 1209 1187
f 1187 1209 1210
f 1187 1210 1188
f 1188 1210 1211
f 1188 1211 1189
f 1189 1211 1212
f 1189 1212 1190
f 1190 1212 1213
f 1190 1213 1180
f 1180 1213 1203
f 1214 1215 1198
f 1198 1215 1216
f 1198 1216 1199
f 1199 1216 1217
f 1199 1217 1200
f 1200 1217 1218
f 1200 1218 1201
f 1201 1218 1219
f 1201 1219 1202
f 1202 1219 1220
f 1202 1220 1191
f 1191 1220 1221
f 1191 1221 1192
f 1192 1221 1222
f 1192 1222 1193
f 1193 1222 1223
f 1193 1223 1194
f 1194 1223 1224
f 1194 1224 1195
f 1195 1224 1225
f 1195 1225 1196
f 1196 1225 1226
f 1196 1226 1197
f 1197 1226 1214
f 1197 1214 1198
f 1204 1203 1227
f 1227 1203 1213
f 1227 1213 1228
f 1228 1213 1212
f 1228 1212 1229
f 1229 1212 1211
f 1229 1211 1230
f 1230 1211 1210
f 1230 1210 1231
f 1231 1210 1209
f 1231 1209 1232
f 1232 1209 1208
f 1232 1208 1207
f 1232 1207 1233
f 1233 1207 1206
f 1233 1206 1234
f 1234 1206 1205
f 1234 1205 1235
f 1235 1205 1204
f 1235 1204 1227
f 1236 1215 1237
f 1237 1215 1214
f 1237 1214 1238
f 1238 1214 1226
f 1238 1226 1239
f 1239 1226 1225
f 1239 1225 1240
f 1240 1225 1224
f 1240 1224 1241
f 1241 1224 1223
f 1241 1223 1242
f 1242 1223 1222
f 1242 1222 1243
f 1243 1222 1221
f 1243 1221 1244
f 1244 1221 1220
f 1244 1220 1245
f 1245 1220 1219
f 1245 1219 1246
f 1246 1219 1218
f 1246 1218 1247
f 1247 1218 1217
f 1247 1217 1248
f 1248 1217 1216
f 1248 1216 1236
f 1236 1216 1215
f 1249 1227 1250
f 1250 1227 1228
f 1250 1228 1251
f 1251 1228 1229
f 1251 1229 1252
f 1252 1229 1230
f 1252 1230 1253
f 1253 1230 1231
f 1253 1231 1254
f 1254 1231 1232
f 1254 1232 1255
f 1255 1232 1233
f 1255 1233 1256
f 1256 1233 1234
f 1256 1234 1257
f 1257 1234 1235
f 1257 1235 1249
f 1249 1235 1227
f 1236 1237 1250
f 1250 1237 1238
f 1250 1238 1249
f 1249 1238 1239
f 1249 1239 1257
f 1257 1239 1240
f 1257 1240 1241
f 1257 1241 1256
f 1256 1241 1242
f 1256 1242 1255
f 1255 1242 1243
f 1255 1243 1244
f 1255 1244 1254
f 1254 1244 1245
f 1254 1245 1253
f 1253 1245 1246
f 1253 1246 1252
f 1252 1246 1247
f 1252 1247 1248
f 1252 1248 1251
f 1251 1248 1236
f 1251 1236 1250
f 1258 1259 1260
f 1260 1259 1261
f 1260 1261 1262
f 1258 1263 1259
f 1259 1263 1264
f 1264 1263 1265
f 1264 1265 1266
f 1266 1265 1267
f 1266 1267 1268
f 1268 1267 1269
f 1268 1269 1270
f 1270 1269 1271
f 1270 1271 1272
f 1272 1271 1273
f 1272 1273 1274
f 1274 1273 1275
f 1274 1275 1276
f 1276 1275 1277
f 1276 1277 1278
f 1278 1277 1279
f 1278 1279 1280
f 1280 1279 1281
f 1280 1281 1282
f 1282 1281 1283
f 1282 1283 1284
f 1284 1283 1285
f 1284 1285 1286
f 1286 1285 1287
f 1286 1287 1288
f 1288 1287 1289
f 1288 1289 1290
f 1290 1289 1291
f 1290 1291 1292
f 1292 1291 1293
f 1292 1293 1294
f 1294 1293 1295
f 1294 1295 1296
f 1296 1295 1297
f 1296 1297 1298
f 1298 1297 1299
f 1298 1299 1300
f 1300 1299 1301
f 1300 1301 1302
f 1302 1301 1303
f 1302 1303 1304
f 1304 1303 1305
f 1304 1305 1306
f 1306 1305 1307
f 1306 1307 1308
f 1308 1307 1309
f 1308 1309 1310
f 1310 1309 1311
f 1310 1311 1312
f 1312 1311 1313
f 1312 1313 1314
f 1314 1313 1315
f 1314 1315 1316
f 1316 1315 1317
f 1316 1317 1318
f 1318 1317 1319
f 1318 1319 1320
f 1320 1319 1321
f 1320 1321 1322
f 1322 1321 1323
f 1322 1323 1324
f 1324 1323 1325
f 1325 1323 1326
f 1325 1326 1327
f 1325 1327 1328
f 1328 1327 1329
f 1328 1329 1330
f 1330 1329 1331
f 1330 1331 1332
f 1332 1331 1333
f 1332 1333 1334
f 1334 1333 1335
f 1334 1335 1336
f 1336 1335 1337
f 1336 1337 1338
f 1338 1337 1339
f 1338 1339 1340
f 1340 1339 1341
f 1340 1341 1342
f 1342 1341 1343
f 1342 1343 1344
f 1344 1343 1345
f 1344 1345 1346
f 1346 1345 1347
f 1346 1347 1348
f 1348 1347 1349
f 1348 1349 1350
f 1350 1349 1351
f 1350 1351 1352
f 1352 1351 1353
f 1352 1353 1354
f 1354 1353 1355
f 1354 1355 1356
f 1356 1355 1357
f 1356 1357 1358
f 1358 1357 1359
f 1358 1359 1360
f 1360 1359 1361
f 1360 1361 1362
f 1362 1361 1363
f 1362 1363 1364
f 1364 1363 1365
f 1364 1365 1366
f 1366 1365 1367
f 1366 1367 1368
f 1368 1367 1369
f 1368 1369 1370
f 1370 1369 1371
f 1370 1371 1372
f 1372 1371 1373
f 1372 1373 1374
f 1374 1373 1375
f 1374 1375 1376
f 1376 1375 1377
f 1376 1377 1378
f 1378 1377 1379
f 1378 1379 1380
f 1380 1379 1381
f 1380 1381 1382
f 1382 1381 1383
f 1382 1383 1384
f 1384 1383 1385
f 1384 1385 1262
f 1262 1385 1260
f 1386 1387 1388
f 1388 1387 1389
f 1388 1389 1390
f 1387 1386 1391
f 1391 1386 1392
f 1391 1392 1393
f 1391 1393 1394
f 1394 1393 1395
f 1394 1395 1396
f 1396 1395 1397
f 1397 1395 1398
f 1397 1398 1399
f 1399 1398 1400
f 1399 1400 1401
f 1399 1401 1402
f 1402 1401 1403
f 1402 1403 1404
f 1404 1403 1405
f 1405 1403 1406
f 1405 1406 1407
f 1407 1406 1408
f 1407 1408 1409
f 1407 1409 1410
f 1410 1409 1411
f 1410 1411 1412
f 1412 1411 1413
f 1413 1411 1414
f 1413 1414 1415
f 1415 1414 1416
f 1415 1416 1417
f 1415 1417 1418
f 1418 1417 1419
f 1418 1419 1420
f 1420 1419 1421
f 1421 1419 1422
f 1421 1422 1423
f 1423 1422 1424
f 1423 1424 1425
f 1423 1425 1426
f 1426 1425 1427
f 1426 1427 1428
f 1428 1427 1429
f 1429 1427 1430
f 1429 1430 1431
f 1431 1430 1432
f 1431 1432 1433
f 1431 1433 1434
f 1434 1433 1435
f 1434 1435 1436
f 1436 1435 1437
f 1437 1435 1438
f 1437 1438 1439
f 1439 1438 1440
f 1439 1440 1441
f 1439 1441 1442
f 1442 1441 1443
f 1442 1443 1444
f 1444 1443 1445
f 1445 1443 1446
f 1445 1446 1447
f 1447 1446 1448
f 1447 1448 1449
f 1447 1449 1450
f 1450 1449 1451
f 1450 1451 1452
f 1452 1451 1453
f 1453 1451 1454
f 1453 1454 1455
f 1455 1454 1456
f 1455 1456 1457
f 1455 1457 1458
f 1458 1457 1459
f 1458 1459 1460
f 1460 1459 1461
f 1461 1459 1462
f 1461 1462 1463
f 1463 1462 1464
f 1463 1464 1465
f 1463 1465 1466
f 1466 1465 1467
f 1466 1467 1468
f 1468 1467 1469
f 1469 1467 1470
f 1469 1470 1471
f 1471 1470 1472
f 1471 1472 1473
f 1471 1473 1474
f 1474 1473 1475
f 1474 1475 1476
f 1476 1475 1477
f 1477 1475 1478
f 1477 1478 1479
f 1479 1478 1480
f 1479 1480 1481
f 1479 1481 1482
f 1482 1481 1483
f 1482 1483 1484
f 1484 1483 1485
f 1485 1483 1486
f 1485 1486 1487
f 1487 1486 1488
f 1487 1488 1489
f 1487 1489 1490
f 1490 1489 1491
f 1490 1491 1492
f 1492 1491 1493
f 1493 1491 1494
f 1493 1494 1495
f 1495 1494 1496
f 1495 1496 1497
f 1495 1497 1498
f 1498 1497 1499
f 1498 1499 1500
f 1500 1499 1501
f 1501 1499 1502
f 1501 1502 1503
f 1503 1502 1504
f 1503 1504 1505
f 1503 1505 1506
f 1506 1505 1507
f 1506 1507 1508
f 1508 1507 1509
f 1509 1507 1510
f 1509 1510 1511
f 1511 1510 1512
f 1511 1512 1513
f 1511 1513 1390
f 1390 1513 1388
f 1514 1515 1516
f 1516 1515 1517
f 1518 1517 1519
f 1520 1519 1521
f 1522 1521 1523
f 1524 1523 1525
f 1524 1525 1526
f 1527 1526 1528
f 1529 1528 1514
f 1514 1530 1515
f 1515 1530 1531
f 1515 1531 1517
f 1517 1531 1532
f 1517 1532 1519
f 1519 1532 1533
f 1519 1533 1521
f 1521 1533 1534
f 1521 1534 1523
f 1523 1534 1535
f 1523 1535 1525
f 1525 1535 1536
f 1525 1536 1526
f 1526 1536 1537
f 1526 1537 1528
f 1528 1537 1538
f 1528 1538 1514
f 1514 1538 1530
f 970 1516 976
f 976 1516 1518
f 976 1518 974
f 974 1518 1539
f 974 1539 969
f 969 1539 1520
f 969 1520 972
f 972 1520 1522
f 972 1522 983
f 983 1522 1524
f 983 1524 981
f 981 1524 1527
f 981 1527 973
f 973 1527 1540
f 973 1540 971
f 971 1540 1529
f 971 1529 970
f 970 1529 1516
f 1541 1542 1530
f 1530 1542 1543
f 1530 1543 1531
f 1531 1543 1544
f 1531 1544 1532
f 1532 1544 1545
f 1532 1545 1546
f 1532 1546 1533
f 1533 1546 1547
f 1533 1547 1534
f 1534 1547 1548
f 1534 1548 1535
f 1535 1548 1549
f 1535 1549 1550
f 1535 1550 1536
f 1536 1550 1551
f 1536 1551 1537
f 1537 1551 1552
f 1537 1552 1553
f 1537 1553 1538
f 1538 1553 1541
f 1538 1541 1530
f 1554 1555 976
f 976 1555 1556
f 976 1556 970
f 970 1556 1557
f 970 1557 971
f 971 1557 1558
f 971 1558 1559
f 971 1559 973
f 973 1559 1560
f 973 1560 981
f 981 1560 1561
f 981 1561 1562
f 981 1562 983
f 983 1562 1563
f 983 1563 972
f 972 1563 1564
f 972 1564 969
f 969 1564 1565
f 969 1565 1566
f 969 1566 974
f 974 1566 1554
f 974 1554 976
f 1541 1555 1542
f 1542 1555 1554
f 1542 1554 1543
f 1543 1554 1566
f 1543 1566 1544
f 1544 1566 1565
f 1544 1565 1545
f 1545 1565 1564
f 1545 1564 1546
f 1546 1564 1563
f 1546 1563 1547
f 1547 1563 1562
f 1547 1562 1548
f 1548 1562 1561
f 1548 1561 1549
f 1549 1561 1560
f 1549 1560 1550
f 1550 1560 1559
f 1550 1559 1551
f 1551 1559 1558
f 1551 1558 1552
f 1552 1558 1557
f 1552 1557 1553
f 1553 1557 1556
f 1553 1556 1541
f 1541 1556 1555
f 1567 1568 1569
f 1569 1568 1570
f 1569 1570 1571
f 1571 1570 1572
f 1571 1572 1573
f 1573 1572 1574
f 1573 1574 1575
f 1575 1574 1576
f 1575 1576 1577
f 1577 1576 1578
f 1577 1578 1579
f 1579 1578 1580
f 1579 1580 1581
f 1581 1580 1582
f 1581 1582 1583
f 1583 1582 1584
f 1583 1584 1585
f 1585 1584 1586
f 1585 1586 1567
f 1567 1586 1568
f 1587 1588 1569
f 1569 1588 1589
f 1569 1589 1567
f 1567 1589 1590
f 1567 1590 1585
f 1585 1590 1591
f 1585 1591 1592
f 1585 1592 1583
f 1583 1592 1593
f 1583 1593 1581
f 1581 1593 1594
f 1581 1594 1595
f 1581 1595 1579
f 1579 1595 1596
f 1579 1596 1577
f 1577 1596 1597
f 1577 1597 1598
f 1577 1598 1575
f 1575 1598 1599
f 1575 1599 1573
f 1573 1599 1600
f 1573 1600 1601
f 1573 1601 1571
f 1571 1601 1587
f 1571 1587 1569
f 1572 1570 1602
f 1602 1570 1568
f 1602 1568 1603
f 1603 1568 1586
f 1603 1586 1604
f 1604 1586 1584
f 1604 1584 1605
f 1605 1584 1582
f 1605 1582 1606
f 1606 1582 1580
f 1606 1580 1607
f 1607 1580 1578
f 1607 1578 1608
f 1608 1578 1576
f 1608 1576 1609
f 1609 1576 1574
f 1609 1574 1610
f 1610 1574 1572
f 1610 1572 1602
f 1611 1588 1612
f 1612 1588 1587
f 1612 1587 1613
f 1613 1587 1601
f 1613 1601 1614
f 1614 1601 1600
f 1614 1600 1615
f 1615 1600 1599
f 1615 1599 1616
f 1616 1599 1598
f 1616 1598 1617
f 1617 1598 1597
f 1617 1597 1618
f 1618 1597 1596
f 1618 1596 1619
f 1619 1596 1595
f 1619 1595 1620
f 1620 1595 1594
f 1620 1594 1621
f 1621 1594 1593
f 1621 1593 1622
f 1622 1593 1592
f 1622 1592 1623
f 1623 1592 1591
f 1623 1591 1624
f 1624 1591 1590
f 1624 1590 1625
f 1625 1590 1589
f 1625 1589 1611
f 1611 1589 1588
f 1626 1602 1627
f 1627 1602 1603
f 1627 1603 1628
f 1628 1603 1604
f 1628 1604 1629
f 1629 1604 1605
f 1629 1605 1630
f 1630 1605 1606
f 1630 1606 1631
f 1631 1606 1607
f 1631 1607 1632
f 1632 1607 1608
f 1632 1608 1633
f 1633 1608 1609
f 1633 1609 1634
f 1634 1609 1610
f 1634 1610 1626
f 1626 1610 1602
f 1611 1612 1627
f 1627 1612 1613
f 1627 1613 1626
f 1626 1613 1614
f 1626 1614 1615
f 1626 1615 1634
f 1634 1615 1616
f 1634 1616 1633
f 1633 1616 1617
f 1633 1617 1618
f 1633 1618 1632
f 1632 1618 1619
f 1632 1619 1620
f 1632 1620 1631
f 1631 1620 1621
f 1631 1621 1630
f 1630 1621 1622
f 1630 1622 1623
f 1630 1623 1629
f 1629 1623 1624
f 1629 1624 1628
f 1628 1624 1625
f 1628 1625 1611
f 1628 1611 1627
f 1635 1636 1637
f 1637 1636 1638
f 1637 1638 1639
f 1639 1638 1640
f 1639 1640 1641
f 1641 1640 1642
f 1641 1642 1643
f 1643 1642 1644
f 1643 1644 1645
f 1645 1644 1646
f 1645 1646 1647
f 1647 1646 1648
f 1647 1648 1649
f 1649 1648 1650
f 1649 1650 1651
f 1651 1650 1652
f 1651 1652 1635
f 1635 1652 1636
f 1653 1654 1637
f 1637 1654 1655
f 1637 1655 1635
f 1635 1655 1656
f 1635 1656 1651
f 1651 1656 1657
f 1651 1657 1658
f 1651 1658 1649
f 1649 1658 1659
f 1649 1659 1647
f 1647 1659 1660
f 1647 1660 1661
f 1647 1661 1645
f 1645 1661 1662
f 1645 1662 1663
f 1645 1663 1643
f 1643 1663 1664
f 1643 1664 1641
f 1641 1664 1665
f 1641 1665 1666
f 1641 1666 1639
f 1639 1666 1653
f 1639 1653 1637
f 1638 1636 731
f 731 1636 1652
f 731 1652 1667
f 1667 1652 1650
f 1667 1650 1668
f 1668 1650 741
f 741 1650 1648
f 741 1648 1669
f 1669 1648 1646
f 1669 1646 1670
f 1670 1646 1644
f 1670 1644 1642
f 1670 1642 751
f 751 1642 1640
f 751 1640 1671
f 1671 1640 1672
f 1672 1640 1638
f 1672 1638 731
f 1673 1655 1674
f 1674 1655 1654
f 1674 1654 1675
f 1675 1654 1653
f 1675 1653 1676
f 1676 1653 1666
f 1676 1666 1677
f 1677 1666 1665
f 1677 1665 1678
f 1678 1665 1664
f 1678 1664 1679
f 1679 1664 1663
f 1679 1663 1680
f 1680 1663 1662
f 1680 1662 1681
f 1681 1662 1661
f 1681 1661 1682
f 1682 1661 1660
f 1682 1660 1683
f 1683 1660 1659
f 1683 1659 1684
f 1684 1659 1658
f 1684 1658 1685
f 1685 1658 1657
f 1685 1657 1686
f 1686 1657 1656
f 1686 1656 1673
f 1673 1656 1655
f 1687 731 1688
f 1688 731 1667
f 1688 1667 1689
f 1689 1667 1668
f 1689 1668 1690
f 1690 1668 741
f 1690 741 1691
f 1691 741 1669
f 1691 1669 1692
f 1692 1669 1670
f 1692 1670 1693
f 1693 1670 751
f 1693 751 1694
f 1694 751 1671
f 1694 1671 1695
f 1695 1671 1672
f 1695 1672 1687
f 1687 1672 731
f 1673 1674 1688
f 1688 1674 1675
f 1688 1675 1687
f 1687 1675 1676
f 1687 1676 1695
f 1695 1676 1677
f 1695 1677 1678
f 1695 1678 1694
f 1694 1678 1679
f 1694 1679 1693
f 1693 1679 1680
f 1693 1680 1681
f 1693 1681 1692
f 1692 1681 1682
f 1692 1682 1683
f 1692 1683 1691
f 1691 1683 1684
f 1691 1684 1690
f 1690 1684 1685
f 1690 1685 1686
f 1690 1686 1689
f 1689 1686 1673
f 1689 1673 1688
f 1696 1697 1698
f 1698 1697 1699
f 1698 1699 1700
f 1700 1699 1701
f 1700 1701 1702
f 1702 1701 1703
f 1702 1703 1704
f 1704 1703 1705
f 1704 1705 1706
f 1706 1705 1707
f 1706 1707 1708
f 1708 1707 1709
f 1708 1709 1710
f 1710 1709 1711
f 1710 1711 1712
f 1712 1711 1713
f 1712 1713 1696
f 1696 1713 1697
f 1714 1715 1698
f 1698 1715 1716
f 1698 1716 1696
f 1696 1716 1717
f 1696 1717 1718
f 1696 1718 1712
f 1712 1718 1719
f 1712 1719 1710
f 1710 1719 1720
f 1710 1720 1721
f 1710 1721 1708
f 1708 1721 1722
f 1708 1722 1706
f 1706 1722 1723
f 1706 1723 1724
f 1706 1724 1704
f 1704 1724 1725
f 1704 1725 1726
f 1704 1726 1702
f 1702 1726 1727
f 1702 1727 1700
f 1700 1727 1728
f 1700 1728 1714
f 1700 1714 1698
f 1699 1697 1729
f 1729 1697 1713
f 1729 1713 1730
f 1730 1713 1711
f 1730 1711 1731
f 1731 1711 1732
f 1732 1711 1709
f 1732 1709 1733
f 1733 1709 1707
f 1733 1707 1734
f 1734 1707 1705
f 1734 1705 1703
f 1734 1703 1735
f 1735 1703 1701
f 1735 1701 1736
f 1736 1701 1737
f 1737 1701 1699
f 1737 1699 1729
f 1738 1715 1739
f 1739 1715 1714
f 1739 1714 1740
f 1740 1714 1728
f 1740 1728 1741
f 1741 1728 1727
f 1741 1727 1742
f 1742 1727 1726
f 1742 1726 1743
f 1743 1726 1725
f 1743 1725 1744
f 1744 1725 1724
f 1744 1724 1745
f 1745 1724 1723
f 1745 1723 1746
f 1746 1723 1722
f 1746 1722 1747
f 1747 1722 1721
f 1747 1721 1748
f 1748 1721 1720
f 1748 1720 1749
f 1749 1720 1719
f 1749 1719 1750
f 1750 1719 1718
f 1750 1718 1751
f 1751 1718 1717
f 1751 1717 1752
f 1752 1717 1716
f 1752 1716 1738
f 1738 1716 1715
f 1753 1729 1754
f 1754 1729 1730
f 1754 1730 1755
f 1755 1730 1731
f 1755 1731 1756
f 1756 1731 1732
f 1756 1732 1757
f 1757 1732 1733
f 1757 1733 1758
f 1758 1733 1734
f 1758 1734 1759
f 1759 1734 1735
f 1759 1735 1760
f 1760 1735 1736
f 1760 1736 1761
f 1761 1736 1737
f 1761 1737 1753
f 1753 1737 1729
f 1738 1739 1754
f 1754 1739 1740
f 1754 1740 1753
f 1753 1740 1741
f 1753 1741 1742
f 1753 1742 1761
f 1761 1742 1743
f 1761 1743 1760
f 1760 1743 1744
f 1760 1744 1745
f 1760 1745 1759
f 1759 1745 1746
f 1759 1746 1747
f 1759 1747 1758
f 1758 1747 1748
f 1758 1748 1757
f 1757 1748 1749
f 1757 1749 1750
f 1757 1750 1756
f 1756 1750 1751
f 1756 1751 1755
f 1755 1751 1752
f 1755 1752 1738
f 1755 1738 1754
f 1762 1763 1764
f 1764 1763 1765
f 1764 1765 1766
f 1766 1765 1767
f 1766 1767 1768
f 1768 1767 1769
f 1768 1769 1770
f 1770 1769 1771
f 1770 1771 1772
f 1772 1771 1773
f 1772 1773 1774
f 1774 1773 1775
f 1774 1775 1776
f 1776 1775 1777
f 1776 1777 1778
f 1778 1777 1779
f 1778 1779 1780
f 1780 1779 1781
f 1780 1781 1782
f 1782 1781 1783
f 1782 1783 1784
f 1784 1783 1785
f 1784 1785 1786
f 1786 1785 1787
f 1786 1787 1788
f 1788 1787 1789
f 1788 1789 1790
f 1790 1789 1791
f 1790 1791 1762
f 1762 1791 1763
f 1792 1793 1794
f 1794 1793 1795
f 1794 1795 1796
f 1796 1795 1797
f 1796 1797 1798
f 1798 1797 1799
f 1798 1799 1800
f 1798 1800 1801
f 1801 1800 1802
f 1801 1802 1803
f 1803 1802 1804
f 1803 1804 1805
f 1803 1805 1806
f 1806 1805 1807
f 1806 1807 1808
f 1806 1808 1809
f 1809 1808 1810
f 1809 1810 1811
f 1811 1810 1812
f 1811 1812 1813
f 1811 1813 1814
f 1814 1813 1792
f 1814 1792 1794
f 1792 1815 1793
f 1793 1815 1816
f 1793 1816 1795
f 1795 1816 1817
f 1795 1817 1797
f 1797 1817 1818
f 1797 1818 1799
f 1799 1818 1819
f 1799 1819 1800
f 1800 1819 1820
f 1800 1820 1802
f 1802 1820 1821
f 1802 1821 1804
f 1804 1821 1805
f 1805 1821 1822
f 1805 1822 1807
f 1807 1822 1823
f 1807 1823 1824
f 1815 1792 1825
f 1825 1792 1813
f 1825 1813 1826
f 1826 1813 1812
f 1826 1812 1827
f 1827 1812 1810
f 1827 1810 1828
f 1828 1810 1808
f 1828 1808 1824
f 1824 1808 1807
f 1829 1794 1830
f 1830 1794 1796
f 1830 1796 1831
f 1831 1796 1798
f 1831 1798 1832
f 1832 1798 1801
f 1832 1801 1833
f 1833 1801 1803
f 1833 1803 1834
f 1834 1803 1806
f 1834 1806 1835
f 1835 1806 1809
f 1835 1809 1836
f 1836 1809 1811
f 1836 1811 1837
f 1837 1811 1814
f 1837 1814 1829
f 1829 1814 1794
f 1838 1839 1815
f 1815 1839 1840
f 1815 1840 1816
f 1816 1840 1841
f 1816 1841 1817
f 1817 1841 1842
f 1817 1842 1818
f 1818 1842 1843
f 1818 1843 1819
f 1819 1843 1844
f 1819 1844 1820
f 1820 1844 1845
f 1820 1845 1821
f 1821 1845 1846
f 1821 1846 1822
f 1822 1846 1847
f 1822 1847 1823
f 1823 1847 1848
f 1823 1848 1824
f 1824 1848 1849
f 1824 1849 1828
f 1828 1849 1850
f 1828 1850 1827
f 1827 1850 1851
f 1827 1851 1826
f 1826 1851 1852
f 1826 1852 1825
f 1825 1852 1838
f 1825 1838 1815
f 1853 1854 1830
f 1830 1854 1855
f 1830 1855 1829
f 1829 1855 1856
f 1829 1856 1837
f 1837 1856 1836
f 1836 1856 1857
f 1836 1857 1835
f 1835 1857 1858
f 1835 1858 1834
f 1834 1858 1859
f 1834 1859 1860
f 1834 1860 1833
f 1833 1860 1861
f 1833 1861 1832
f 1832 1861 1831
f 1831 1861 1853
f 1831 1853 1830
f 1838 1862 1839
f 1839 1862 1863
f 1839 1863 1840
f 1840 1863 1864
f 1840 1864 1841
f 1841 1864 1865
f 1841 1865 1842
f 1842 1865 1866
f 1842 1866 1843
f 1843 1866 1867
f 1843 1867 1844
f 1844 1867 1868
f 1844 1868 1845
f 1845 1868 1869
f 1845 1869 1846
f 1846 1869 1870
f 1846 1870 1847
f 1847 1870 1871
f 1847 1871 1848
f 1848 1871 1872
f 1848 1872 1849
f 1849 1872 1873
f 1849 1873 1850
f 1850 1873 1874
f 1850 1874 1851
f 1851 1874 1875
f 1851 1875 1852
f 1852 1875 1876
f 1852 1876 1838
f 1838 1876 1862
f 1853 1877 1854
f 1854 1877 1878
f 1854 1878 1855
f 1855 1878 1879
f 1855 1879 1856
f 1856 1879 1880
f 1856 1880 1857
f 1857 1880 1881
f 1857 1881 1858
f 1858 1881 1882
f 1858 1882 1859
f 1859 1882 1883
f 1859 1883 1860
f 1860 1883 1884
f 1860 1884 1861
f 1861 1884 1885
f 1861 1885 1853
f 1853 1885 1877
f 1863 1862 1877
f 1877 1862 1876
f 1877 1876 1878
f 1878 1876 1875
f 1878 1875 1874
f 1878 1874 1879
f 1879 1874 1873
f 1879 1873 1880
f 1880 1873 1872
f 1880 1872 1871
f 1880 1871 1881
f 1881 1871 1870
f 1881 1870 1882
f 1882 1870 1869
f 1882 1869 1868
f 1882 1868 1883
f 1883 1868 1867
f 1883 1867 1866
f 1883 1866 1884
f 1884 1866 1865
f 1884 1865 1885
f 1885 1865 1864
f 1885 1864 1863
f 1885 1863 1877
f 1886 1887 1888
f 1888 1887 1889
f 1888 1889 1890
f 1890 1889 1891
f 1890 1891 1892
f 1892 1891 1893
f 1892 1893 1894
f 1894 1893 1895
f 1894 1895 1896
f 1896 1895 1897
f 1896 1897 1898
f 1898 1897 1899
f 1898 1899 1900
f 1900 1899 1901
f 1900 1901 1902
f 1902 1901 1903
f 1902 1903 1904
f 1904 1903 1905
f 1904 1905 1906
f 1906 1905 1907
f 1906 1907 1908
f 1908 1907 1909
f 1908 1909 1910
f 1910 1909 1911
f 1910 1911 1912
f 1912 1911 1913
f 1912 1913 1914
f 1914 1913 1915
f 1914 1915 1886
f 1886 1915 1887
f 1916 1917 1918
f 1916 1918 1919
f 1919 1918 1920
f 1919 1920 1921
f 1921 1920 1922
f 1921 1922 1923
f 1921 1923 1924
f 1924 1923 1925
f 1924 1925 1926
f 1927 1928 1929
f 1929 1928 1930
f 1929 1930 1931
f 1931 1930 1932
f 1931 1932 1933
f 1933 1932 1934
f 1934 1932 1935
f 1934 1935 1936
f 1936 1935 1937
f 1938 1939 1940
f 1940 1939 1927
f 1940 1927 1917
f 1917 1927 1929
f 1917 1929 1918
f 1918 1929 1931
f 1918 1931 1920
f 1920 1931 1933
f 1920 1933 1922
f 1922 1933 1934
f 1922 1934 1923
f 1923 1934 1936
f 1923 1936 1925
f 1925 1936 1941
f 1925 1941 1942
f 1942 1941 1943
f 1942 1943 1944
f 1944 1943 1937
f 1944 1937 1926
f 1926 1937 1935
f 1926 1935 1924
f 1924 1935 1932
f 1924 1932 1921
f 1921 1932 1930
f 1921 1930 1919
f 1919 1930 1928
f 1919 1928 1916
f 1916 1928 1945
f 1916 1945 1938
f 1938 1945 1939
f 1946 1947 1948
f 1946 1948 1949
f 1949 1948 1950
f 1949 1950 1951
f 1951 1950 1952
f 1951 1952 1953
f 1951 1953 1954
f 1954 1953 1955
f 1954 1955 1956
f 1957 1958 1959
f 1959 1958 1960
f 1959 1960 1961
f 1961 1960 1962
f 1961 1962 1963
f 1963 1962 1964
f 1964 1962 1965
f 1964 1965 1966
f 1966 1965 1967
f 1968 1969 1970
f 1970 1969 1957
f 1970 1957 1947
f 1947 1957 1959
f 1947 1959 1948
f 1948 1959 1961
f 1948 1961 1950
f 1950 1961 1963
f 1950 1963 1952
f 1952 1963 1964
f 1952 1964 1953
f 1953 1964 1966
f 1953 1966 1955
f 1955 1966 1971
f 1955 1971 1972
f 1972 1971 1973
f 1972 1973 1974
f 1974 1973 1967
f 1974 1967 1956
f 1956 1967 1965
f 1956 1965 1954
f 1954 1965 1962
f 1954 1962 1951
f 1951 1962 1960
f 1951 1960 1949
f 1949 1960 1958
f 1949 1958 1946
f 1946 1958 1975
f 1946 1975 1968
f 1968 1975 1969
f 1976 1977 1978
f 1978 1977 1979
f 1980 1981 1982
f 1982 1981 1983
f 1984 1985 1986
f 1986 1985 1987
f 1988 1989 1990
f 1990 1989 1991
f 1983 1981 1992
f 1980 1993 1981
f 1981 1993 1992
f 1980 1982 1993
f 1987 1994 1986
f 1986 1994 1995
f 1987 1985 1994
f 1984 1986 1995
f 1996 1995 1997
f 1997 1995 1994
f 1997 1994 1998
f 1998 1994 1999
f 1999 1994 1985
f 1999 1985 2000
f 2000 1985 2001
f 2000 2001 2002
f 1995 1996 1984
f 1984 1996 2003
f 1984 2003 2004
f 2004 2003 2005
f 2005 2003 2006
f 2005 2006 2007
f 2007 2006 2008
f 2008 2006 2009
f 2008 2009 2010
f 2010 2009 2011
f 2010 2011 2012
f 2012 2011 2013
f 2012 2013 2014
f 2014 2013 2015
f 2014 2015 2016
f 2016 2015 2017
f 2016 2017 2018
f 2011 2019 2013
f 2013 2019 2020
f 2013 2020 2021
f 2021 2020 2022
f 2021 2022 2023
f 2023 2022 2024
f 2023 2024 2025
f 2025 2024 2026
f 2025 2026 2027
f 2027 2026 2028
f 2027 2028 2029
f 2029 2028 2030
f 2029 2030 2031
f 2031 2030 2032
f 2031 2032 1988
f 1988 2032 2033
f 1988 2033 2034
f 2034 2033 2035
f 2035 2033 2036
f 2035 2036 2037
f 2037 2036 2038
f 2037 2038 2039
f 2039 2038 2040
f 2039 2040 2041
f 2041 2040 2042
f 2041 2042 2019
f 2019 2042 2020
f 2043 2044 2019
f 2019 2044 2045
f 2019 2045 2046
f 2046 2045 2047
f 2046 2047 2048
f 2048 2047 2049
f 2049 2047 2050
f 2049 2050 2051
f 2051 2050 2052
f 2051 2052 2053
f 2053 2052 2054
f 2053 2054 2055
f 2055 2054 2056
f 2055 2056 2043
f 2043 2056 2057
f 2043 2057 2058
f 2059 1993 2055
f 2055 1993 1989
f 2055 1989 1988
f 2060 1978 2059
f 2059 1978 1979
f 2059 1979 1992
f 1992 1979 1983
f 1983 1979 1977
f 1983 1977 2061
f 2061 1977 2062
f 2061 2062 2063
f 2064 2065 2060
f 2060 2065 2066
f 2060 2066 1978
f 1978 2066 2067
f 1978 2067 2068
f 2064 2069 2065
f 2065 2070 2066
f 2066 2070 2071
f 2071 2070 2072
f 2071 2072 2073
f 2073 2072 2074
f 2073 2074 2075
f 2075 2074 2002
f 2002 2074 2000
f 1988 1990 2031
f 2031 1990 2076
f 2076 1990 2077
f 2077 1990 1991
f 2077 1991 2078
f 2078 1991 2079
f 2078 2079 2080
f 2080 2079 2005
f 2080 2005 2081
f 2081 2005 2082
f 2081 2082 2083
f 2083 2082 2084
f 2083 2084 2085
f 2085 2084 2086
f 2085 2086 2027
f 1989 1993 1991
f 1991 1993 1982
f 1991 1982 2087
f 2087 1982 1983
f 2087 1983 2061
f 2001 1985 2088
f 2088 1985 1984
f 2088 1984 2004
f 2058 2044 2043
f 2019 2046 2089
f 2089 2046 2090
f 2089 2090 2091
f 2091 2090 2092
f 2092 2090 2093
f 2092 2093 2094
f 2095 2096 2094
f 2094 2096 2097
f 2094 2097 2092
f 2053 2055 2095
f 2095 2055 1988
f 2095 1988 2096
f 2096 1988 2098
f 2098 1988 2099
f 2098 2099 2100
f 2100 2099 2101
f 2100 2101 2102
f 2019 2089 2041
f 2041 2089 2103
f 2041 2103 2104
f 2104 2103 2102
f 2102 2103 2105
f 2102 2105 2100
f 2034 2099 1988
f 2020 2042 2106
f 2106 2042 2107
f 2106 2107 2108
f 2108 2107 2109
f 2108 2109 2110
f 2032 2030 2110
f 2110 2030 2111
f 2110 2111 2108
f 2016 2018 2112
f 2112 2018 2086
f 2112 2086 2084
f 2007 2082 2005
f 2061 2063 2075
f 2075 2063 2113
f 2075 2113 2073
f 1978 2068 1976
f 1976 2068 2114
f 1976 2114 2062
f 2029 2085 2027
f 2087 2079 1991
f 1992 1993 2059
f 1977 1976 2062
f 2115 2116 2043
f 2043 2116 2055
f 2055 2116 2117
f 2055 2117 2059
f 2059 2117 2118
f 2059 2118 2060
f 2060 2118 2119
f 2060 2119 2064
f 2120 2069 2119
f 2119 2069 2064
f 2121 2065 2120
f 2120 2065 2069
f 2065 2121 2070
f 2070 2121 2122
f 2070 2122 2072
f 2072 2122 2123
f 2123 2124 2072
f 2072 2124 2074
f 2074 2124 2125
f 2074 2125 2000
f 2000 2125 1999
f 1999 2125 2126
f 2127 1998 2126
f 2126 1998 1999
f 1998 2127 1997
f 1997 2127 2128
f 1997 2128 1996
f 1996 2128 2129
f 2129 2130 1996
f 1996 2130 2003
f 2003 2130 2006
f 2006 2130 2131
f 2006 2131 2009
f 2009 2131 2132
f 2133 2011 2132
f 2132 2011 2009
f 2011 2133 2019
f 2019 2133 2134
f 2115 2043 2134
f 2134 2043 2019
f 2135 2005 2136
f 2136 2005 2079
f 2136 2079 2137
f 2137 2079 2087
f 2137 2087 2138
f 2138 2087 2061
f 2138 2061 2139
f 2139 2061 2075
f 2139 2075 2140
f 2140 2075 2002
f 2140 2002 2141
f 2141 2002 2001
f 2141 2001 2142
f 2142 2001 2088
f 2142 2088 2143
f 2143 2088 2004
f 2143 2004 2135
f 2135 2004 2005
f 2144 2085 2145
f 2145 2085 2029
f 2145 2029 2146
f 2146 2029 2031
f 2146 2031 2147
f 2147 2031 2076
f 2147 2076 2148
f 2148 2076 2077
f 2148 2077 2149
f 2149 2077 2078
f 2149 2078 2150
f 2150 2078 2080
f 2150 2080 2151
f 2151 2080 2081
f 2151 2081 2152
f 2152 2081 2083
f 2152 2083 2144
f 2144 2083 2085
f 2153 2062 2154
f 2154 2062 2114
f 2154 2114 2155
f 2155 2114 2068
f 2155 2068 2156
f 2156 2068 2067
f 2156 2067 2157
f 2157 2067 2066
f 2157 2066 2158
f 2158 2066 2071
f 2158 2071 2159
f 2159 2071 2073
f 2159 2073 2160
f 2160 2073 2113
f 2160 2113 2161
f 2161 2113 2063
f 2161 2063 2153
f 2153 2063 2062
f 2162 2012 2163
f 2163 2012 2014
f 2163 2014 2164
f 2164 2014 2016
f 2164 2016 2165
f 2165 2016 2112
f 2165 2112 2166
f 2166 2112 2084
f 2166 2084 2167
f 2167 2084 2082
f 2167 2082 2168
f 2168 2082 2007
f 2168 2007 2169
f 2169 2007 2008
f 2169 2008 2170
f 2170 2008 2010
f 2170 2010 2162
f 2162 2010 2012
f 2171 2013 2172
f 2172 2013 2021
f 2172 2021 2173
f 2173 2021 2023
f 2173 2023 2174
f 2174 2023 2025
f 2174 2025 2175
f 2175 2025 2027
f 2175 2027 2176
f 2176 2027 2086
f 2176 2086 2177
f 2177 2086 2018
f 2177 2018 2178
f 2178 2018 2017
f 2178 2017 2179
f 2179 2017 2015
f 2179 2015 2171
f 2171 2015 2013
f 2180 2020 2181
f 2181 2020 2106
f 2181 2106 2182
f 2182 2106 2108
f 2182 2108 2183
f 2183 2108 2111
f 2183 2111 2184
f 2184 2111 2030
f 2184 2030 2185
f 2185 2030 2028
f 2185 2028 2186
f 2186 2028 2026
f 2186 2026 2187
f 2187 2026 2024
f 2187 2024 2188
f 2188 2024 2022
f 2188 2022 2180
f 2180 2022 2020
f 2189 2042 2190
f 2190 2042 2040
f 2190 2040 2191
f 2191 2040 2038
f 2191 2038 2192
f 2192 2038 2036
f 2192 2036 2193
f 2193 2036 2033
f 2193 2033 2194
f 2194 2033 2032
f 2194 2032 2195
f 2195 2032 2110
f 2195 2110 2196
f 2196 2110 2109
f 2196 2109 2197
f 2197 2109 2107
f 2197 2107 2189
f 2189 2107 2042
f 2198 2041 2199
f 2199 2041 2104
f 2199 2104 2200
f 2200 2104 2102
f 2200 2102 2201
f 2201 2102 2101
f 2201 2101 2202
f 2202 2101 2099
f 2202 2099 2203
f 2203 2099 2034
f 2203 2034 2204
f 2204 2034 2035
f 2204 2035 2205
f 2205 2035 2037
f 2205 2037 2206
f 2206 2037 2039
f 2206 2039 2198
f 2198 2039 2041
f 2207 2089 2208
f 2208 2089 2091
f 2208 2091 2209
f 2209 2091 2092
f 2209 2092 2210
f 2210 2092 2097
f 2210 2097 2211
f 2211 2097 2096
f 2211 2096 2212
f 2212 2096 2098
f 2212 2098 2213
f 2213 2098 2100
f 2213 2100 2214
f 2214 2100 2105
f 2214 2105 2215
f 2215 2105 2103
f 2215 2103 2207
f 2207 2103 2089
f 2216 2046 2217
f 2217 2046 2048
f 2217 2048 2218
f 2218 2048 2049
f 2218 2049 2219
f 2219 2049 2051
f 2219 2051 2220
f 2220 2051 2053
f 2220 2053 2221
f 2221 2053 2095
f 2221 2095 2222
f 2222 2095 2094
f 2222 2094 2223
f 2223 2094 2093
f 2223 2093 2224
f 2224 2093 2090
f 2224 2090 2216
f 2216 2090 2046
f 2225 2045 2226
f 2226 2045 2044
f 2226 2044 2227
f 2227 2044 2058
f 2227 2058 2228
f 2228 2058 2057
f 2228 2057 2229
f 2229 2057 2056
f 2229 2056 2230
f 2230 2056 2054
f 2230 2054 2231
f 2231 2054 2052
f 2231 2052 2232
f 2232 2052 2050
f 2232 2050 2233
f 2233 2050 2047
f 2233 2047 2225
f 2225 2047 2045
f 2133 2172 2134
f 2134 2172 2181
f 2134 2181 2190
f 2190 2181 2182
f 2190 2182 2189
f 2189 2182 2183
f 2189 2183 2197
f 2197 2183 2196
f 2196 2183 2184
f 2196 2184 2185
f 2132 2162 2133
f 2133 2162 2163
f 2133 2163 2172
f 2172 2163 2164
f 2172 2164 2171
f 2171 2164 2165
f 2171 2165 2179
f 2179 2165 2178
f 2178 2165 2166
f 2178 2166 2167
f 2162 2132 2170
f 2170 2132 2131
f 2170 2131 2169
f 2169 2131 2136
f 2169 2136 2168
f 2168 2136 2152
f 2168 2152 2144
f 2131 2130 2136
f 2136 2130 2135
f 2135 2130 2129
f 2135 2129 2143
f 2143 2129 2128
f 2143 2128 2127
f 2143 2127 2142
f 2142 2127 2126
f 2142 2126 2125
f 2142 2125 2141
f 2141 2125 2124
f 2141 2124 2140
f 2140 2124 2160
f 2140 2160 2161
f 2124 2123 2160
f 2160 2123 2159
f 2159 2123 2122
f 2159 2122 2158
f 2158 2122 2121
f 2158 2121 2118
f 2118 2121 2119
f 2119 2121 2120
f 2117 2156 2118
f 2118 2156 2157
f 2118 2157 2158
f 2116 2138 2117
f 2117 2138 2154
f 2117 2154 2155
f 2115 2230 2116
f 2116 2230 2231
f 2116 2231 2221
f 2221 2231 2232
f 2221 2232 2220
f 2220 2232 2233
f 2220 2233 2219
f 2219 2233 2225
f 2219 2225 2218
f 2218 2225 2217
f 2217 2225 2226
f 2217 2226 2134
f 2134 2226 2227
f 2134 2227 2115
f 2115 2227 2228
f 2115 2228 2229
f 2229 2230 2115
f 2221 2222 2116
f 2116 2222 2212
f 2116 2212 2213
f 2222 2223 2212
f 2212 2223 2211
f 2211 2223 2210
f 2210 2223 2224
f 2210 2224 2216
f 2217 2208 2216
f 2216 2208 2209
f 2216 2209 2210
f 2116 2213 2203
f 2203 2213 2214
f 2203 2214 2202
f 2202 2214 2201
f 2201 2214 2215
f 2201 2215 2207
f 2208 2199 2207
f 2207 2199 2200
f 2207 2200 2201
f 2116 2203 2148
f 2148 2203 2204
f 2148 2204 2147
f 2147 2204 2194
f 2147 2194 2195
f 2204 2205 2194
f 2194 2205 2193
f 2193 2205 2192
f 2192 2205 2206
f 2192 2206 2198
f 2192 2198 2191
f 2191 2198 2199
f 2191 2199 2190
f 2190 2199 2134
f 2147 2195 2185
f 2185 2195 2196
f 2147 2185 2146
f 2146 2185 2186
f 2146 2186 2176
f 2176 2186 2187
f 2176 2187 2175
f 2175 2187 2188
f 2175 2188 2174
f 2174 2188 2180
f 2174 2180 2173
f 2173 2180 2181
f 2173 2181 2172
f 2146 2176 2145
f 2145 2176 2177
f 2145 2177 2167
f 2167 2177 2178
f 2145 2167 2144
f 2144 2167 2168
f 2155 2156 2117
f 2161 2153 2140
f 2140 2153 2139
f 2139 2153 2154
f 2139 2154 2138
f 2148 2149 2116
f 2116 2149 2138
f 2149 2150 2138
f 2138 2150 2137
f 2137 2150 2151
f 2137 2151 2136
f 2136 2151 2152
f 2208 2217 2134
f 2199 2208 2134
f 2234 2235 2236
f 2236 2235 2237
f 2236 2237 2238
f 2238 2237 2239
f 2239 2237 2240
f 2239 2240 2241
f 2237 2242 2240
f 2240 2242 2243
f 2240 2243 2244
f 2244 2245 2246
f 2247 2248 2242
f 2242 2248 2243
f 2244 2246 2249
f 2249 2250 2241
f 2241 2250 2251
f 2241 2251 2252
f 2252 2251 2253
f 2252 2253 2254
f 2254 2253 2255
f 2254 2255 2256
f 2256 2255 2257
f 2256 2257 2258
f 2258 2257 2259
f 2258 2259 2260
f 2260 2259 2261
f 2260 2261 2262
f 2262 2261 2263
f 2262 2263 2264
f 2264 2263 2265
f 2264 2265 2266
f 2266 2265 2267
f 2266 2267 2268
f 2268 2267 2269
f 2268 2269 2270
f 2270 2269 2271
f 2270 2271 2272
f 2272 2271 2273
f 2272 2273 2274
f 2274 2273 2275
f 2274 2275 2276
f 2276 2275 2277
f 2276 2277 2278
f 2278 2277 2279
f 2250 2280 2251
f 2251 2280 2281
f 2253 2282 2255
f 2255 2282 2283
f 2257 2284 2259
f 2259 2284 2285
f 2261 2286 2263
f 2263 2286 2287
f 2265 2288 2267
f 2267 2288 2289
f 2269 2290 2271
f 2271 2290 2291
f 2273 2292 2275
f 2275 2292 2293
f 2277 2294 2279
f 2279 2294 2295
f 2296 2297 2278
f 2278 2297 2298
f 2298 2299 2300
f 2300 2299 2301
f 2301 2299 2302
f 2303 2304 2300
f 2300 2304 2305
f 2300 2305 2298
f 2306 2307 2303
f 2303 2307 2308
f 2303 2308 2304
f 2304 2308 2309
f 2309 2308 2310
f 2309 2310 2270
f 2308 2311 2310
f 2310 2311 2312
f 2310 2312 2313
f 2313 2312 2314
f 2313 2314 2266
f 2315 2316 2311
f 2311 2316 2312
f 2312 2317 2314
f 2314 2317 2318
f 2314 2318 2319
f 2319 2318 2320
f 2319 2320 2262
f 2321 2322 2317
f 2317 2322 2318
f 2318 2323 2320
f 2320 2323 2324
f 2320 2324 2325
f 2325 2324 2326
f 2325 2326 2258
f 2327 2328 2323
f 2323 2328 2324
f 2324 2329 2326
f 2326 2329 2330
f 2326 2330 2331
f 2331 2330 2238
f 2331 2238 2254
f 2332 2333 2329
f 2329 2333 2330
f 2330 2236 2238
f 2304 2274 2305
f 2305 2274 2276
f 2272 2309 2270
f 2264 2319 2262
f 2256 2331 2254
f 2252 2239 2241
f 2260 2325 2258
f 2268 2313 2266
f 2274 2334 2272
f 2272 2334 2335
f 2266 2336 2264
f 2264 2336 2337
f 2258 2338 2256
f 2256 2338 2339
f 2241 2340 2249
f 2249 2340 2341
f 2254 2342 2252
f 2252 2342 2343
f 2262 2344 2260
f 2260 2344 2345
f 2270 2346 2268
f 2268 2346 2347
f 2278 2348 2276
f 2276 2348 2349
f 2237 2235 2350
f 2350 2235 2351
f 2297 2296 2352
f 2352 2296 2353
f 2246 2245 2354
f 2354 2245 2355
f 2356 2335 2334
f 2274 2304 2334
f 2334 2304 2357
f 2335 2358 2272
f 2272 2358 2309
f 2359 2337 2336
f 2266 2314 2336
f 2336 2314 2360
f 2337 2361 2264
f 2264 2361 2319
f 2362 2339 2338
f 2258 2326 2338
f 2338 2326 2363
f 2339 2364 2256
f 2256 2364 2331
f 2365 2341 2340
f 2241 2240 2340
f 2340 2240 2366
f 2341 2367 2249
f 2249 2367 2244
f 2368 2343 2342
f 2254 2238 2342
f 2342 2238 2369
f 2343 2370 2252
f 2252 2370 2239
f 2371 2345 2344
f 2262 2320 2344
f 2344 2320 2372
f 2345 2373 2260
f 2260 2373 2325
f 2374 2347 2346
f 2270 2310 2346
f 2346 2310 2375
f 2347 2376 2268
f 2268 2376 2313
f 2377 2349 2348
f 2278 2298 2348
f 2348 2298 2378
f 2349 2379 2276
f 2276 2379 2305
f 2234 2380 2235
f 2235 2380 2351
f 2237 2350 2242
f 2242 2350 2381
f 2382 2383 2384
f 2382 2384 2385
f 2385 2384 2386
f 2386 2384 2387
f 2386 2387 2388
f 2354 2355 2383
f 2383 2355 2389
f 2389 2390 2391
f 2391 2390 2381
f 2391 2381 2392
f 2392 2381 2350
f 2392 2350 2393
f 2393 2350 2394
f 2393 2394 2395
f 2395 2394 2396
f 2395 2396 2397
f 2397 2396 2398
f 2397 2398 2399
f 2399 2398 2400
f 2399 2400 2401
f 2401 2400 2402
f 2401 2402 2403
f 2403 2402 2404
f 2403 2404 2405
f 2405 2404 2406
f 2405 2406 2407
f 2407 2406 2408
f 2407 2408 2409
f 2409 2408 2410
f 2409 2410 2411
f 2411 2410 2412
f 2411 2412 2413
f 2413 2412 2414
f 2413 2414 2415
f 2415 2414 2416
f 2415 2416 2417
f 2417 2416 2418
f 2390 2419 2381
f 2381 2419 2420
f 2350 2351 2394
f 2394 2351 2380
f 2396 2421 2398
f 2398 2421 2422
f 2400 2423 2402
f 2402 2423 2424
f 2404 2425 2406
f 2406 2425 2426
f 2408 2427 2410
f 2410 2427 2428
f 2412 2429 2414
f 2414 2429 2430
f 2416 2431 2418
f 2418 2431 2432
f 2352 2353 2417
f 2417 2353 2433
f 2433 2434 2435
f 2435 2434 2436
f 2436 2434 2437
f 2438 2439 2435
f 2435 2439 2440
f 2435 2440 2433
f 2441 2442 2438
f 2438 2442 2443
f 2438 2443 2439
f 2439 2443 2444
f 2444 2443 2445
f 2444 2445 2409
f 2443 2446 2445
f 2445 2446 2447
f 2445 2447 2448
f 2448 2447 2449
f 2448 2449 2405
f 2450 2451 2446
f 2446 2451 2447
f 2447 2452 2449
f 2449 2452 2453
f 2449 2453 2454
f 2454 2453 2455
f 2454 2455 2401
f 2456 2457 2452
f 2452 2457 2453
f 2453 2458 2455
f 2455 2458 2459
f 2455 2459 2460
f 2460 2459 2461
f 2460 2461 2397
f 2462 2463 2458
f 2458 2463 2459
f 2459 2464 2461
f 2461 2464 2465
f 2461 2465 2466
f 2466 2465 2388
f 2466 2388 2393
f 2467 2468 2464
f 2464 2468 2465
f 2465 2469 2388
f 2388 2469 2386
f 2470 2471 2469
f 2469 2471 2386
f 2472 2473 2385
f 2385 2473 2382
f 2415 2440 2413
f 2413 2440 2439
f 2411 2444 2409
f 2407 2448 2405
f 2403 2454 2401
f 2399 2460 2397
f 2395 2466 2393
f 2392 2387 2391
f 2391 2387 2384
f 2279 2434 2296
f 2296 2434 2353
f 2297 2352 2299
f 2299 2352 2418
f 2243 2390 2245
f 2245 2390 2355
f 2246 2354 2250
f 2250 2354 2382
f 2358 2335 2474
f 2334 2357 2356
f 2309 2358 2304
f 2304 2358 2357
f 2361 2337 2475
f 2336 2360 2359
f 2319 2361 2314
f 2314 2361 2360
f 2364 2339 2476
f 2338 2363 2362
f 2331 2364 2326
f 2326 2364 2363
f 2367 2341 2477
f 2340 2366 2365
f 2244 2367 2240
f 2240 2367 2366
f 2370 2343 2478
f 2342 2369 2368
f 2239 2370 2238
f 2238 2370 2369
f 2373 2345 2479
f 2344 2372 2371
f 2325 2373 2320
f 2320 2373 2372
f 2376 2347 2480
f 2346 2375 2374
f 2313 2376 2310
f 2310 2376 2375
f 2379 2349 2481
f 2348 2378 2377
f 2305 2379 2298
f 2298 2379 2378
f 2234 2236 2380
f 2380 2236 2394
f 2247 2242 2420
f 2420 2242 2381
f 2440 2415 2482
f 2482 2415 2483
f 2484 2483 2485
f 2485 2483 2486
f 2440 2482 2433
f 2433 2482 2487
f 2444 2411 2488
f 2488 2411 2489
f 2490 2489 2491
f 2491 2489 2492
f 2444 2488 2439
f 2439 2488 2493
f 2448 2407 2494
f 2494 2407 2495
f 2496 2495 2497
f 2497 2495 2498
f 2448 2494 2445
f 2445 2494 2499
f 2454 2403 2500
f 2500 2403 2501
f 2502 2501 2503
f 2503 2501 2504
f 2454 2500 2449
f 2449 2500 2505
f 2460 2399 2506
f 2506 2399 2507
f 2508 2507 2509
f 2509 2507 2510
f 2460 2506 2455
f 2455 2506 2511
f 2466 2395 2512
f 2512 2395 2513
f 2514 2513 2515
f 2515 2513 2516
f 2466 2512 2461
f 2461 2512 2517
f 2387 2392 2518
f 2518 2392 2519
f 2520 2519 2521
f 2521 2519 2522
f 2387 2518 2388
f 2388 2518 2523
f 2524 2389 2525
f 2525 2389 2391
f 2383 2389 2526
f 2526 2389 2524
f 2527 2524 2528
f 2528 2524 2529
f 2383 2526 2384
f 2384 2526 2530
f 2279 2295 2434
f 2434 2295 2437
f 2302 2299 2432
f 2432 2299 2418
f 2243 2248 2390
f 2390 2248 2419
f 2280 2250 2473
f 2473 2250 2382
f 2357 2358 2531
f 2360 2361 2532
f 2363 2364 2533
f 2366 2367 2534
f 2369 2370 2535
f 2372 2373 2536
f 2375 2376 2537
f 2378 2379 2538
f 2330 2396 2236
f 2236 2396 2394
f 2247 2420 2248
f 2248 2420 2419
f 2539 2540 2483
f 2483 2540 2486
f 2486 2541 2485
f 2484 2485 2542
f 2543 2544 2489
f 2489 2544 2492
f 2492 2545 2491
f 2490 2491 2546
f 2546 2491 2547
f 2548 2549 2495
f 2495 2549 2498
f 2498 2550 2497
f 2496 2497 2551
f 2551 2497 2552
f 2553 2554 2501
f 2501 2554 2504
f 2504 2555 2503
f 2502 2503 2556
f 2556 2503 2557
f 2558 2559 2507
f 2507 2559 2510
f 2510 2560 2509
f 2508 2509 2561
f 2561 2509 2562
f 2563 2564 2513
f 2513 2564 2516
f 2516 2565 2515
f 2514 2515 2566
f 2566 2515 2567
f 2568 2569 2519
f 2519 2569 2522
f 2522 2570 2521
f 2520 2521 2571
f 2571 2521 2572
f 2525 2573 2524
f 2524 2573 2529
f 2529 2574 2528
f 2527 2528 2575
f 2575 2528 2576
f 2294 2436 2295
f 2295 2436 2437
f 2302 2432 2301
f 2301 2432 2431
f 2280 2473 2281
f 2281 2473 2472
f 2330 2333 2396
f 2396 2333 2421
f 2577 2486 2540
f 2539 2542 2485
f 2539 2485 2540
f 2417 2433 2539
f 2539 2433 2487
f 2578 2492 2544
f 2543 2546 2547
f 2543 2547 2544
f 2413 2439 2543
f 2543 2439 2493
f 2547 2491 2579
f 2580 2498 2549
f 2548 2551 2552
f 2548 2552 2549
f 2409 2445 2548
f 2548 2445 2499
f 2552 2497 2581
f 2582 2504 2554
f 2553 2556 2557
f 2553 2557 2554
f 2405 2449 2553
f 2553 2449 2505
f 2557 2503 2583
f 2584 2510 2559
f 2558 2561 2562
f 2558 2562 2559
f 2401 2455 2558
f 2558 2455 2511
f 2562 2509 2585
f 2586 2516 2564
f 2563 2566 2567
f 2563 2567 2564
f 2397 2461 2563
f 2563 2461 2517
f 2567 2515 2587
f 2588 2522 2569
f 2568 2571 2572
f 2568 2572 2569
f 2393 2388 2568
f 2568 2388 2523
f 2572 2521 2589
f 2590 2529 2573
f 2525 2575 2576
f 2525 2576 2573
f 2391 2384 2525
f 2525 2384 2530
f 2576 2528 2591
f 2294 2277 2436
f 2436 2277 2435
f 2300 2301 2416
f 2416 2301 2431
f 2251 2281 2385
f 2385 2281 2472
f 2332 2422 2333
f 2333 2422 2421
f 2485 2577 2540
f 2547 2578 2544
f 2552 2580 2549
f 2557 2582 2554
f 2562 2584 2559
f 2567 2586 2564
f 2572 2588 2569
f 2576 2590 2573
f 2275 2438 2277
f 2277 2438 2435
f 2300 2416 2303
f 2303 2416 2414
f 2251 2385 2253
f 2253 2385 2386
f 2332 2329 2422
f 2422 2329 2398
f 2275 2293 2438
f 2438 2293 2441
f 2306 2303 2430
f 2430 2303 2414
f 2282 2253 2471
f 2471 2253 2386
f 2324 2400 2329
f 2329 2400 2398
f 2292 2442 2293
f 2293 2442 2441
f 2306 2430 2307
f 2307 2430 2429
f 2282 2471 2283
f 2283 2471 2470
f 2324 2328 2400
f 2400 2328 2423
f 2292 2273 2442
f 2442 2273 2443
f 2308 2307 2412
f 2412 2307 2429
f 2255 2283 2469
f 2469 2283 2470
f 2327 2424 2328
f 2328 2424 2423
f 2271 2446 2273
f 2273 2446 2443
f 2308 2412 2311
f 2311 2412 2410
f 2255 2469 2257
f 2257 2469 2465
f 2327 2323 2424
f 2424 2323 2402
f 2271 2291 2446
f 2446 2291 2450
f 2315 2311 2428
f 2428 2311 2410
f 2284 2257 2468
f 2468 2257 2465
f 2318 2404 2323
f 2323 2404 2402
f 2290 2451 2291
f 2291 2451 2450
f 2315 2428 2316
f 2316 2428 2427
f 2284 2468 2285
f 2285 2468 2467
f 2318 2322 2404
f 2404 2322 2425
f 2290 2269 2451
f 2451 2269 2447
f 2312 2316 2408
f 2408 2316 2427
f 2259 2285 2464
f 2464 2285 2467
f 2321 2426 2322
f 2322 2426 2425
f 2267 2452 2269
f 2269 2452 2447
f 2312 2408 2317
f 2317 2408 2406
f 2259 2464 2261
f 2261 2464 2459
f 2321 2317 2426
f 2426 2317 2406
f 2267 2289 2452
f 2452 2289 2456
f 2286 2261 2463
f 2463 2261 2459
f 2288 2457 2289
f 2289 2457 2456
f 2286 2463 2287
f 2287 2463 2462
f 2288 2265 2457
f 2457 2265 2453
f 2263 2287 2458
f 2458 2287 2462
f 2263 2458 2265
f 2265 2458 2453
f 2592 2593 2594
f 2594 2593 2595
f 2596 2593 2597
f 2597 2593 2592
f 2598 2594 2599
f 2599 2594 2595
f 2600 2601 2602
f 2602 2601 2603
f 2602 2603 2604
f 2600 2605 2601
f 2601 2605 2606
f 2606 2605 2607
f 2607 2605 2608
f 2608 2605 2609
f 2610 2609 2611
f 2612 2609 2602
f 2612 2602 2604
f 2613 2600 2614
f 2614 2600 2615
f 2614 2615 2616
f 2600 2613 2617
f 2617 2618 2600
f 2600 2618 2605
f 2605 2618 2619
f 2605 2619 2620
f 2605 2620 2621
f 2621 2622 2605
f 2605 2622 2623
f 2623 2622 2624
f 2625 2602 2626
f 2626 2602 2627
f 2626 2627 2628
f 2602 2625 2629
f 2629 2630 2602
f 2602 2630 2600
f 2600 2630 2631
f 2600 2631 2632
f 2600 2632 2633
f 2633 2634 2600
f 2600 2634 2615
f 2615 2634 2635
f 2636 2637 2638
f 2638 2637 2609
f 2609 2637 2639
f 2609 2639 2640
f 2640 2641 2609
f 2609 2641 2642
f 2609 2642 2602
f 2602 2642 2643
f 2602 2643 2644
f 2644 2645 2602
f 2602 2645 2627
f 2627 2645 2646
f 2647 2605 2648
f 2648 2605 2623
f 2648 2623 2649
f 2605 2647 2650
f 2650 2651 2605
f 2605 2651 2652
f 2605 2652 2609
f 2609 2652 2653
f 2609 2653 2654
f 2654 2655 2609
f 2609 2655 2638
f 2638 2655 2656
f 2657 2658 2659
f 2659 2658 2660
f 2659 2660 2661
f 2661 2660 2662
f 2661 2662 2663
f 2663 2662 2664
f 2663 2664 2665
f 2665 2664 2666
f 2665 2666 2667
f 2667 2666 2668
f 2667 2668 2669
f 2669 2668 2670
f 2669 2670 2671
f 2671 2670 2672
f 2671 2672 2673
f 2673 2672 2674
f 2673 2674 2675
f 2675 2674 2676
f 2675 2676 2677
f 2677 2676 2678
f 2677 2678 2679
f 2679 2678 2680
f 2679 2680 2681
f 2681 2680 2682
f 2681 2682 2683
f 2683 2682 2684
f 2683 2684 2657
f 2657 2684 2658
f 2658 2676 2660
f 2660 2676 2674
f 2660 2674 2662
f 2662 2674 2672
f 2662 2672 2664
f 2664 2672 2670
f 2676 2658 2678
f 2678 2658 2684
f 2685 2686 2687
f 2687 2686 2688
f 2687 2688 2689
f 2689 2688 2690
f 2689 2690 2691
f 2691 2690 2692
f 2691 2692 2693
f 2693 2692 2694
f 2693 2694 2695
f 2695 2694 2696
f 2695 2696 2697
f 2697 2696 2698
f 2697 2698 2699
f 2699 2698 2700
f 2700 2698 2701
f 2700 2701 2702
f 2702 2701 2703
f 2702 2703 2704
f 2686 2685 2705
f 2705 2685 2706
f 2705 2706 2707
f 2707 2706 2708
f 2707 2708 2709
f 2709 2708 2710
f 2709 2710 2711
f 2711 2710 2712
f 2711 2712 2704
f 2704 2712 2702
f 2713 2714 2700
f 2700 2714 2715
f 2700 2715 2699
f 2699 2715 2716
f 2699 2716 2697
f 2697 2716 2717
f 2697 2717 2695
f 2695 2717 2718
f 2695 2718 2693
f 2693 2718 2719
f 2693 2719 2691
f 2691 2719 2720
f 2691 2720 2689
f 2689 2720 2721
f 2689 2721 2687
f 2687 2721 2722
f 2687 2722 2723
f 2687 2723 2685
f 2685 2723 2724
f 2685 2724 2706
f 2706 2724 2725
f 2706 2725 2708
f 2708 2725 2726
f 2708 2726 2710
f 2710 2726 2727
f 2710 2727 2712
f 2712 2727 2728
f 2712 2728 2702
f 2702 2728 2713
f 2702 2713 2700
f 2729 2730 2701
f 2701 2730 2731
f 2701 2731 2703
f 2703 2731 2732
f 2703 2732 2704
f 2704 2732 2733
f 2704 2733 2711
f 2711 2733 2734
f 2711 2734 2709
f 2709 2734 2735
f 2709 2735 2707
f 2707 2735 2736
f 2707 2736 2705
f 2705 2736 2737
f 2705 2737 2686
f 2686 2737 2738
f 2686 2738 2739
f 2686 2739 2688
f 2688 2739 2740
f 2688 2740 2690
f 2690 2740 2741
f 2690 2741 2692
f 2692 2741 2742
f 2692 2742 2694
f 2694 2742 2743
f 2694 2743 2696
f 2696 2743 2744
f 2696 2744 2698
f 2698 2744 2729
f 2698 2729 2701
f 2745 2746 2747
f 2747 2746 2748
f 2747 2748 2749
f 2749 2748 2750
f 2749 2750 2751
f 2751 2750 2752
f 2751 2752 2753
f 2753 2752 2754
f 2753 2754 2755
f 2756 2757 2758
f 2758 2759 2760
f 2761 2762 2756
f 2756 2762 2763
f 2756 2763 2764
f 2765 2766 2761
f 2761 2766 2767
f 2761 2767 2768
f 2769 2770 2765
f 2765 2770 2771
f 2765 2771 2772
f 2773 2774 2769
f 2769 2774 2775
f 2769 2775 2776
f 2777 2778 2773
f 2773 2778 2779
f 2773 2779 2780
f 2781 2782 2777
f 2777 2782 2783
f 2777 2783 2784
f 2758 2785 2781
f 2781 2785 2786
f 2781 2786 2787
f 2788 2789 2790
f 2790 2789 2791
f 2790 2791 2792
f 2789 2788 2756
f 2756 2788 2757
f 2760 2793 2758
f 2758 2793 2794
f 2758 2794 2785
f 2787 2795 2781
f 2781 2795 2782
f 2796 2797 2784
f 2784 2797 2798
f 2784 2798 2799
f 2800 2801 2796
f 2796 2801 2802
f 2796 2802 2797
f 2803 2804 2800
f 2800 2804 2805
f 2800 2805 2801
f 2806 2807 2803
f 2803 2807 2808
f 2803 2808 2804
f 2790 2809 2806
f 2806 2809 2810
f 2806 2810 2807
f 2811 2812 2777
f 2777 2812 2813
f 2777 2813 2814
f 2814 2815 2777
f 2777 2815 2816
f 2777 2816 2817
f 2817 2818 2777
f 2777 2818 2778
f 2780 2819 2773
f 2773 2819 2820
f 2773 2820 2821
f 2821 2822 2773
f 2773 2822 2823
f 2773 2823 2824
f 2824 2774 2773
f 2776 2825 2769
f 2769 2825 2826
f 2769 2826 2827
f 2827 2828 2769
f 2769 2828 2829
f 2769 2829 2830
f 2830 2770 2769
f 2772 2831 2765
f 2765 2831 2832
f 2765 2832 2833
f 2833 2834 2765
f 2765 2834 2835
f 2765 2835 2836
f 2836 2837 2765
f 2765 2837 2766
f 2768 2838 2761
f 2761 2838 2839
f 2761 2839 2840
f 2840 2762 2761
f 2764 2841 2756
f 2756 2841 2842
f 2756 2842 2843
f 2843 2844 2756
f 2756 2844 2789
f 2792 2809 2790
f 2784 2799 2777
f 2777 2799 2845
f 2777 2845 2811
f 2758 2846 2756
f 2756 2846 2847
f 2777 2848 2781
f 2781 2848 2849
f 2773 2850 2777
f 2777 2850 2848
f 2850 2773 2851
f 2851 2773 2769
f 2765 2852 2769
f 2769 2852 2851
f 2761 2853 2765
f 2765 2853 2852
f 2854 2855 2856
f 2856 2855 2857
f 2856 2857 2858
f 2858 2857 2859
f 2858 2859 2860
f 2860 2859 2861
f 2860 2861 2862
f 2855 2854 2863
f 2863 2854 2864
f 2863 2864 2865
f 2781 2849 2758
f 2758 2849 2846
f 2756 2847 2761
f 2761 2847 2853
f 2866 2867 2868
f 2868 2867 2869
f 2868 2869 2870
f 2870 2869 2871
f 2870 2871 2872
f 2872 2871 2873
f 2872 2873 2874
f 2874 2873 2875
f 2874 2875 2876
f 2877 2878 2879
f 2879 2878 2880
f 2879 2880 2881
f 2881 2880 2882
f 2881 2882 2883
f 2883 2882 2884
f 2883 2884 2885
f 2885 2884 2886
f 2885 2886 2887
f 2888 2889 2890
f 2890 2889 2891
f 2888 2892 2889
f 2889 2892 2893
f 2894 2890 2895
f 2895 2890 2891
f 2896 2897 2894
f 2894 2897 2898
f 2899 2900 2901
f 2901 2900 2902
f 2902 2900 2897
f 2897 2900 2898
f 2903 2904 2893
f 2893 2904 2905
f 2906 2907 2908
f 2908 2907 2909
f 2905 2904 2907
f 2907 2904 2909
f 2901 2902 2896
f 2896 2902 2897
f 2908 2909 2903
f 2903 2909 2904
f 2910 2911 2912
f 2912 2911 2913
f 2914 2915 2913
f 2913 2915 2912
f 2915 2914 2916
f 2916 2914 2917
f 2918 2919 2910
f 2920 2921 2918
f 2918 2921 2919
f 2921 2920 2916
f 2922 2923 2917
f 2923 2922 2924
f 2924 2922 2925
f 2924 2925 2911
f 2919 2921 2910
f 2910 2921 2916
f 2923 2924 2917
f 2917 2924 2911
f 2926 2927 2928
f 2928 2927 2929
f 2928 2929 2930
f 2930 2929 2931
f 2930 2931 2932
f 2932 2931 2933
f 2932 2933 2934
f 2934 2933 2935
f 2934 2935 2936
f 2937 2938 2939
f 2939 2938 2940
f 2941 2938 2942
f 2942 2938 2937
f 2943 2939 2944
f 2944 2939 2940
f 2945 2946 2947
f 2947 2946 2948
f 2947 2948 2949
f 2949 2948 2950
f 2950 2948 2951
f 2951 2948 2952
f 2952 2948 2953
f 2953 2948 2954
f 2955 2954 2945
f 2955 2945 2956
f 2956 2945 2957
f 2957 2945 2947
f 2958 2954 2959
f 2959 2954 2948
f 2959 2948 2960
f 2960 2948 2946
f 2960 2946 2961
f 2961 2946 2945
f 2961 2945 2958
f 2958 2945 2954
f 2962 2963 2964
f 2964 2963 2965
f 2965 2963 2966
f 2965 2966 2967
f 2964 2968 2962
f 2962 2968 2969
f 2962 2969 2970
f 2970 2971 2962
f 2962 2971 2972
f 2962 2972 2973
f 2963 2974 2966
f 2966 2974 2975
f 2975 2974 2976
f 2975 2976 2977
f 2977 2976 2978
f 2977 2978 2979
f 2979 2978 2980
f 2979 2980 2981
f 2981 2980 2982
f 2981 2982 2983
f 2983 2982 2984
f 2983 2984 2985
f 2985 2984 2986
f 2985 2986 2987
f 2987 2986 2988
f 2987 2988 2989
f 2989 2988 2965
f 2989 2965 2967
f 2990 2987 2991
f 2991 2987 2989
f 2991 2989 2992
f 2992 2989 2967
f 2992 2967 2993
f 2993 2967 2994
f 2994 2967 2995
f 2995 2967 2966
f 2995 2966 2996
f 2996 2966 2997
f 2997 2966 2998
f 2998 2966 2975
f 2998 2975 2999
f 2999 2975 2977
f 2999 2977 3000
f 3000 2977 3001
f 3001 2977 2979
f 3001 2979 3002
f 3002 2979 2981
f 3002 2981 3003
f 3003 2981 2983
f 3003 2983 3004
f 3004 2983 2985
f 3004 2985 3005
f 3005 2985 2987
f 3005 2987 2990
f 3006 3007 3008
f 3008 3007 3009
f 3007 3010 3009
f 3009 3010 3011
f 3006 3012 3007
f 3007 3012 3010
f 3012 3006 3013
f 3013 3006 3008
f 3014 3015 3016
f 3016 3015 3017
f 3015 3018 3017
f 3017 3018 3019
f 3014 3020 3015
f 3015 3020 3018
f 3020 3014 3021
f 3021 3014 3016
f 3022 3023 3024
f 3024 3023 3025
f 3024 3025 3026
f 3026 3025 3027
f 3026 3027 3028
f 3028 3027 3029
f 3028 3029 3030
f 3030 3029 3031
f 3030 3031 3032
f 3032 3031 3033
f 3032 3033 3034
f 3034 3033 3035
f 3034 3035 3036
f 3036 3035 3037
f 3036 3037 3038
f 3038 3037 3039
f 3038 3039 3040
f 3040 3039 3041
f 3040 3041 3042
f 3042 3041 3043
f 3042 3043 3044
f 3044 3043 3045
f 3044 3045 3046
f 3046 3045 3047
f 3046 3047 3048
f 3048 3047 3049
f 3048 3049 3022
f 3022 3049 3023
f 3023 3041 3025
f 3025 3041 3039
f 3025 3039 3027
f 3027 3039 3037
f 3027 3037 3029
f 3029 3037 3035
f 3041 3023 3043
f 3043 3023 3049
f 3050 3051 3052
f 3052 3051 3053
f 3051 3054 3053
f 3053 3054 3055
f 3050 3056 3051
f 3051 3056 3054
f 3056 3050 3057
f 3057 3050 3052
f 3058 3059 3060
f 3060 3059 3061
f 3059 3062 3061
f 3061 3062 3063
f 3058 3064 3059
f 3059 3064 3062
f 3064 3058 3065
f 3065 3058 3060
f 3066 3067 3068
f 3066 3068 3069
f 3069 3068 3070
f 3069 3070 3071
f 3071 3070 3072
f 3072 3070 3073
f 3072 3073 3074
f 3074 3073 3075
f 3074 3075 3076
f 3077 3078 3079
f 3077 3079 3080
f 3080 3079 3081
f 3080 3081 3082
f 3082 3081 3083
f 3083 3081 3084
f 3083 3084 3085
f 3085 3084 3086
f 3085 3086 3087
f 3088 3089 3090
f 3088 3090 3091
f 3091 3090 3092
f 3091 3092 3093
f 3093 3092 3094
f 3093 3094 3095
f 3095 3094 3096
f 3096 3094 3097
f 3096 3097 3098
f 3098 3097 3099
f 3098 3099 3100
f 3100 3099 3101
f 3102 3103 3104
f 3102 3104 3105
f 3105 3104 3106
f 3105 3106 3107
f 3107 3106 3108
f 3107 3108 3109
f 3109 3108 3110
f 3110 3108 3111
f 3110 3111 3112
f 3112 3111 3113
f 3066 3114 3115
f 3115 3114 3116
f 3115 3116 3067
f 3067 3116 3117
f 3067 3117 3068
f 3068 3117 3118
f 3068 3118 3070
f 3070 3118 3119
f 3070 3119 3073
f 3073 3119 3120
f 3073 3120 3075
f 3075 3120 3121
f 3075 3121 3122
f 3122 3121 3123
f 3122 3123 3076
f 3076 3123 3124
f 3076 3124 3074
f 3074 3124 3125
f 3074 3125 3072
f 3072 3125 3126
f 3072 3126 3071
f 3071 3126 3127
f 3071 3127 3069
f 3069 3127 3128
f 3069 3128 3066
f 3066 3128 3114
f 3077 3129 3130
f 3130 3129 3131
f 3130 3131 3078
f 3078 3131 3132
f 3078 3132 3079
f 3079 3132 3133
f 3079 3133 3081
f 3081 3133 3134
f 3081 3134 3084
f 3084 3134 3135
f 3084 3135 3086
f 3086 3135 3136
f 3086 3136 3137
f 3137 3136 3138
f 3137 3138 3087
f 3087 3138 3139
f 3087 3139 3085
f 3085 3139 3140
f 3085 3140 3083
f 3083 3140 3141
f 3083 3141 3082
f 3082 3141 3142
f 3082 3142 3080
f 3080 3142 3143
f 3080 3143 3077
f 3077 3143 3129
f 3144 3145 3146
f 3146 3145 3147
f 3146 3147 3148
f 3146 3148 3149
f 3149 3148 3150
f 3149 3150 3151
f 3151 3150 3152
f 3151 3152 3153
f 3088 3154 3155
f 3155 3154 3156
f 3155 3156 3089
f 3089 3156 3157
f 3089 3157 3090
f 3090 3157 3158
f 3090 3158 3092
f 3092 3158 3159
f 3092 3159 3094
f 3094 3159 3160
f 3094 3160 3097
f 3097 3160 3161
f 3097 3161 3099
f 3099 3161 3162
f 3099 3162 3101
f 3101 3162 3163
f 3101 3163 3164
f 3164 3163 3165
f 3164 3165 3100
f 3100 3165 3166
f 3100 3166 3098
f 3098 3166 3167
f 3098 3167 3096
f 3096 3167 3168
f 3096 3168 3095
f 3095 3168 3169
f 3095 3169 3093
f 3093 3169 3170
f 3093 3170 3091
f 3091 3170 3171
f 3091 3171 3088
f 3088 3171 3154
f 3102 3172 3173
f 3173 3172 3174
f 3173 3174 3103
f 3103 3174 3175
f 3103 3175 3104
f 3104 3175 3176
f 3104 3176 3106
f 3106 3176 3177
f 3106 3177 3108
f 3108 3177 3178
f 3108 3178 3179
f 3172 3102 3180
f 3180 3102 3105
f 3180 3105 3181
f 3181 3105 3182
f 3182 3105 3107
f 3182 3107 3183
f 3183 3107 3184
f 3184 3107 3109
f 3184 3109 3185
f 3185 3109 3110
f 3185 3110 3186
f 3186 3110 3187
f 3187 3110 3112
f 3187 3112 3188
f 3188 3112 3189
f 3188 3189 3190
f 3190 3189 3113
f 3190 3113 3191
f 3191 3113 3111
f 3191 3111 3179
f 3179 3111 3108
f 3192 3193 3194
f 3194 3193 3195
f 3195 3193 3196
f 3195 3196 3197
f 3197 3196 3198
f 3197 3198 3199
f 3200 3201 3202
f 3202 3201 3203
f 3202 3203 3204
f 3204 3203 3114
f 3204 3114 3205
f 3205 3114 3128
f 3205 3128 3127
f 3203 3206 3114
f 3114 3206 3116
f 3116 3206 3117
f 3117 3206 3207
f 3117 3207 3118
f 3118 3207 3208
f 3118 3208 3119
f 3119 3208 3209
f 3119 3209 3120
f 3120 3209 3121
f 3121 3209 3210
f 3121 3210 3211
f 3212 3213 3211
f 3211 3213 3214
f 3211 3214 3123
f 3123 3214 3215
f 3123 3215 3216
f 3217 3125 3216
f 3216 3125 3124
f 3216 3124 3123
f 3125 3217 3126
f 3126 3217 3218
f 3126 3218 3127
f 3127 3218 3205
f 3123 3121 3211
f 3219 3220 3129
f 3129 3220 3221
f 3129 3221 3222
f 3129 3222 3131
f 3131 3222 3223
f 3131 3223 3132
f 3132 3223 3224
f 3132 3224 3133
f 3133 3224 3225
f 3133 3225 3134
f 3134 3225 3226
f 3134 3226 3135
f 3135 3226 3227
f 3135 3227 3136
f 3136 3227 3228
f 3136 3228 3229
f 3229 3230 3136
f 3136 3230 3138
f 3138 3230 3231
f 3138 3231 3232
f 3138 3232 3139
f 3139 3232 3233
f 3139 3233 3140
f 3140 3233 3234
f 3140 3234 3141
f 3141 3234 3235
f 3141 3235 3142
f 3142 3235 3236
f 3142 3236 3143
f 3143 3236 3237
f 3143 3237 3129
f 3129 3237 3219
f 3181 3182 3238
f 3238 3182 3239
f 3238 3239 3240
f 3241 3242 3240
f 3240 3242 3243
f 3240 3243 3238
f 3152 3150 3244
f 3244 3150 3245
f 3245 3150 3148
f 3245 3148 3246
f 3246 3148 3247
f 3247 3148 3147
f 3247 3147 3248
f 3248 3147 3145
f 3153 3249 3151
f 3151 3249 3157
f 3151 3157 3156
f 3157 3249 3158
f 3158 3249 3250
f 3158 3250 3251
f 3158 3251 3159
f 3159 3251 3252
f 3159 3252 3160
f 3160 3252 3253
f 3160 3253 3161
f 3161 3253 3254
f 3161 3254 3162
f 3162 3254 3255
f 3162 3255 3163
f 3163 3255 3256
f 3163 3256 3257
f 3163 3257 3165
f 3165 3257 3258
f 3165 3258 3259
f 3259 3260 3165
f 3165 3260 3166
f 3166 3260 3261
f 3166 3261 3262
f 3166 3262 3167
f 3167 3262 3263
f 3167 3263 3168
f 3168 3263 3264
f 3168 3264 3169
f 3169 3264 3265
f 3169 3265 3170
f 3170 3265 3266
f 3170 3266 3267
f 3144 3146 3267
f 3267 3146 3171
f 3267 3171 3170
f 3171 3146 3154
f 3154 3146 3149
f 3154 3149 3156
f 3156 3149 3151
f 3268 3269 3270
f 3270 3269 3271
f 3272 3273 3274
f 3274 3273 3275
f 3274 3275 3276
f 3276 3275 3277
f 3276 3277 3185
f 3185 3277 3184
f 3184 3277 3183
f 3183 3277 3278
f 3183 3278 3182
f 3182 3278 3239
f 3239 3278 3279
f 3239 3279 3240
f 3240 3279 3280
f 3240 3280 3241
f 3281 3272 3282
f 3282 3272 3274
f 3282 3274 3276
f 3185 3186 3276
f 3276 3186 3283
f 3276 3283 3282
f 3186 3187 3283
f 3283 3188 3282
f 3282 3188 3190
f 3282 3190 3281
f 3281 3190 3284
f 3284 3190 3285
f 3285 3190 3286
f 3286 3190 3287
f 3287 3190 3191
f 3287 3191 3288
f 3288 3191 3179
f 3288 3179 3289
f 3289 3179 3178
f 3289 3178 3290
f 3290 3178 3177
f 3290 3177 3291
f 3291 3177 3176
f 3291 3176 3292
f 3292 3176 3175
f 3292 3175 3293
f 3293 3175 3174
f 3293 3174 3294
f 3294 3174 3295
f 3295 3174 3296
f 3296 3174 3242
f 3242 3174 3243
f 3243 3174 3172
f 3243 3172 3238
f 3238 3180 3181
f 3194 3195 3297
f 3297 3195 3298
f 3298 3195 3197
f 3298 3197 3199
f 3299 3300 3192
f 3192 3300 3301
f 3192 3301 3193
f 3193 3301 3302
f 3193 3302 3196
f 3196 3302 3303
f 3196 3303 3198
f 3198 3303 3304
f 3198 3304 3305
f 3305 3304 3306
f 3305 3306 3307
f 3307 3306 3308
f 3308 3306 3309
f 3308 3309 3310
f 3310 3309 3311
f 3310 3311 3312
f 3312 3311 3313
f 3312 3313 3314
f 3314 3313 3315
f 3314 3315 3316
f 3316 3315 3317
f 3316 3317 3318
f 3318 3317 3319
f 3318 3319 3320
f 3320 3319 3321
f 3320 3321 3322
f 3322 3321 3323
f 3322 3323 3324
f 3324 3323 3325
f 3324 3325 3326
f 3326 3325 3327
f 3326 3327 3328
f 3328 3327 3329
f 3329 3327 3330
f 3329 3330 3331
f 3331 3330 3332
f 3331 3332 3333
f 3333 3332 3334
f 3333 3334 3335
f 3335 3334 3336
f 3335 3336 3337
f 3337 3336 3338
f 3337 3338 3339
f 3339 3338 3340
f 3339 3340 3341
f 3341 3340 3342
f 3341 3342 3343
f 3343 3342 3344
f 3343 3344 3345
f 3345 3344 3346
f 3345 3346 3347
f 3347 3346 3348
f 3348 3346 3349
f 3348 3349 3350
f 3350 3349 3351
f 3350 3351 3352
f 3352 3351 3353
f 3352 3353 3354
f 3354 3353 3355
f 3354 3355 3356
f 3356 3355 3357
f 3356 3357 3358
f 3358 3357 3359
f 3358 3359 3360
f 3360 3359 3361
f 3360 3361 3362
f 3362 3361 3363
f 3362 3363 3364
f 3364 3363 3365
f 3364 3365 3366
f 3366 3365 3367
f 3366 3367 3368
f 3368 3367 3299
f 3299 3367 3300
f 3369 3370 3371
f 3371 3370 3372
f 3372 3370 3373
f 3372 3373 3374
f 3374 3373 3375
f 3374 3375 3376
f 3376 3375 3377
f 3376 3377 3378
f 3378 3377 3379
f 3378 3379 3380
f 3380 3379 3381
f 3380 3381 3382
f 3382 3381 3383
f 3382 3383 3384
f 3385 3386 3387
f 3387 3386 3388
f 3388 3386 3389
f 3388 3389 3390
f 3390 3389 3391
f 3390 3391 3392
f 3392 3391 3393
f 3392 3393 3394
f 3394 3393 3395
f 3394 3395 3396
f 3396 3395 3397
f 3396 3397 3398
f 3398 3397 3399
f 3398 3399 3400
f 3401 3402 3403
f 3403 3402 3404
f 3405 3200 3406
f 3406 3200 3202
f 3406 3202 3407
f 3407 3202 3204
f 3407 3204 3408
f 3408 3204 3205
f 3408 3205 3409
f 3409 3205 3218
f 3409 3218 3410
f 3410 3218 3217
f 3410 3217 3411
f 3411 3217 3216
f 3411 3216 3412
f 3412 3216 3215
f 3412 3215 3413
f 3413 3215 3214
f 3413 3214 3414
f 3414 3214 3213
f 3414 3213 3415
f 3415 3213 3212
f 3415 3212 3416
f 3416 3212 3211
f 3416 3211 3417
f 3417 3211 3210
f 3417 3210 3418
f 3418 3210 3209
f 3418 3209 3419
f 3419 3209 3208
f 3419 3208 3420
f 3420 3208 3207
f 3420 3207 3421
f 3421 3207 3206
f 3421 3206 3422
f 3422 3206 3203
f 3422 3203 3423
f 3423 3203 3201
f 3423 3201 3405
f 3405 3201 3200
f 3424 3220 3425
f 3425 3220 3219
f 3425 3219 3426
f 3426 3219 3237
f 3426 3237 3427
f 3427 3237 3236
f 3427 3236 3428
f 3428 3236 3235
f 3428 3235 3429
f 3429 3235 3234
f 3429 3234 3430
f 3430 3234 3233
f 3430 3233 3431
f 3431 3233 3232
f 3431 3232 3432
f 3432 3232 3231
f 3432 3231 3433
f 3433 3231 3230
f 3433 3230 3434
f 3434 3230 3229
f 3434 3229 3435
f 3435 3229 3228
f 3435 3228 3436
f 3436 3228 3227
f 3436 3227 3437
f 3437 3227 3226
f 3437 3226 3438
f 3438 3226 3225
f 3438 3225 3439
f 3439 3225 3224
f 3439 3224 3440
f 3440 3224 3223
f 3440 3223 3441
f 3441 3223 3222
f 3441 3222 3442
f 3442 3222 3221
f 3442 3221 3424
f 3424 3221 3220
f 3443 3444 3445
f 3445 3444 3446
f 3446 3444 3447
f 3446 3447 3448
f 3448 3447 3449
f 3448 3449 3450
f 3450 3449 3451
f 3450 3451 3452
f 3452 3451 3453
f 3452 3453 3454
f 3454 3453 3455
f 3455 3453 3456
f 3457 3458 3459
f 3459 3458 3460
f 3460 3458 3461
f 3460 3461 3462
f 3462 3461 3463
f 3462 3463 3464
f 3464 3463 3465
f 3464 3465 3466
f 3466 3465 3467
f 3466 3467 3468
f 3468 3467 3469
f 3469 3467 3470
f 3469 3470 3455
f 3455 3456 3469
f 3471 3472 3473
f 3473 3472 3474
f 3474 3472 3475
f 3474 3475 3476
f 3476 3475 3477
f 3476 3477 3478
f 3478 3477 3479
f 3478 3479 3480
f 3480 3479 3481
f 3480 3481 3482
f 3482 3481 3483
f 3482 3483 3484
f 3484 3483 3485
f 3484 3485 3486
f 3486 3485 3487
f 3486 3487 3488
f 3489 3490 3491
f 3491 3490 3492
f 3491 3492 3493
f 3491 3493 3494
f 3494 3493 3495
f 3494 3495 3496
f 3496 3495 3497
f 3496 3497 3498
f 3498 3497 3499
f 3498 3499 3500
f 3500 3499 3501
f 3500 3501 3502
f 3503 3504 3505
f 3505 3504 3506
f 3506 3504 3507
f 3506 3507 3508
f 3508 3507 3509
f 3508 3509 3510
f 3510 3509 3511
f 3510 3511 3512
f 3512 3511 3502
f 3512 3502 3501
f 3145 3144 3513
f 3513 3144 3267
f 3513 3267 3514
f 3514 3267 3266
f 3514 3266 3515
f 3515 3266 3265
f 3515 3265 3516
f 3516 3265 3264
f 3516 3264 3517
f 3517 3264 3263
f 3517 3263 3518
f 3518 3263 3262
f 3518 3262 3519
f 3519 3262 3261
f 3519 3261 3520
f 3520 3261 3260
f 3520 3260 3505
f 3505 3260 3503
f 3503 3260 3259
f 3503 3259 3521
f 3521 3259 3258
f 3521 3258 3522
f 3522 3258 3257
f 3522 3257 3523
f 3523 3257 3256
f 3523 3256 3524
f 3524 3256 3255
f 3524 3255 3525
f 3525 3255 3254
f 3525 3254 3526
f 3526 3254 3253
f 3526 3253 3527
f 3527 3253 3252
f 3527 3252 3528
f 3528 3252 3251
f 3528 3251 3529
f 3529 3251 3250
f 3529 3250 3530
f 3530 3250 3249
f 3530 3249 3531
f 3531 3249 3153
f 3531 3153 3152
f 3531 3152 3532
f 3532 3152 3244
f 3532 3244 3533
f 3533 3244 3245
f 3533 3245 3534
f 3534 3245 3246
f 3534 3246 3535
f 3535 3246 3536
f 3536 3246 3247
f 3536 3247 3248
f 3536 3248 3537
f 3537 3248 3145
f 3537 3145 3513
f 3535 3538 3534
f 3534 3538 3539
f 3539 3538 3540
f 3539 3540 3541
f 3541 3540 3542
f 3541 3542 3543
f 3543 3542 3270
f 3270 3542 3268
f 3544 3545 3546
f 3546 3545 3547
f 3547 3545 3548
f 3547 3548 3549
f 3549 3548 3550
f 3549 3550 3551
f 3551 3550 3552
f 3551 3552 3553
f 3553 3552 3269
f 3269 3552 3271
f 3296 3242 3554
f 3554 3242 3241
f 3554 3241 3555
f 3555 3241 3280
f 3555 3280 3556
f 3556 3280 3279
f 3556 3279 3278
f 3556 3278 3557
f 3557 3278 3277
f 3557 3277 3558
f 3558 3277 3275
f 3558 3275 3559
f 3559 3275 3273
f 3559 3273 3560
f 3560 3273 3272
f 3560 3272 3561
f 3561 3272 3281
f 3561 3281 3284
f 3561 3284 3562
f 3562 3284 3285
f 3562 3285 3546
f 3546 3285 3544
f 3544 3285 3286
f 3544 3286 3563
f 3563 3286 3287
f 3563 3287 3564
f 3564 3287 3288
f 3564 3288 3565
f 3565 3288 3289
f 3565 3289 3566
f 3566 3289 3290
f 3566 3290 3567
f 3567 3290 3291
f 3567 3291 3568
f 3568 3291 3292
f 3568 3292 3569
f 3569 3292 3293
f 3569 3293 3570
f 3570 3293 3294
f 3570 3294 3445
f 3445 3294 3295
f 3445 3295 3443
f 3443 3295 3571
f 3571 3295 3296
f 3571 3296 3554
f 3572 3358 3573
f 3573 3358 3360
f 3573 3360 3574
f 3574 3360 3362
f 3574 3362 3575
f 3575 3362 3364
f 3575 3364 3576
f 3576 3364 3366
f 3576 3366 3577
f 3577 3366 3368
f 3577 3368 3578
f 3578 3368 3299
f 3578 3299 3579
f 3579 3299 3192
f 3579 3192 3194
f 3358 3572 3356
f 3356 3572 3580
f 3356 3580 3354
f 3354 3580 3581
f 3354 3581 3352
f 3352 3581 3582
f 3352 3582 3350
f 3350 3582 3583
f 3350 3583 3348
f 3348 3583 3584
f 3348 3584 3347
f 3347 3584 3585
f 3347 3585 3345
f 3345 3585 3586
f 3345 3586 3343
f 3343 3586 3587
f 3343 3587 3341
f 3341 3587 3588
f 3341 3588 3339
f 3339 3588 3589
f 3339 3589 3337
f 3337 3589 3590
f 3337 3590 3335
f 3335 3590 3591
f 3335 3591 3333
f 3333 3591 3592
f 3333 3592 3331
f 3331 3592 3593
f 3331 3593 3329
f 3329 3593 3594
f 3329 3594 3328
f 3328 3594 3595
f 3328 3595 3326
f 3326 3595 3596
f 3326 3596 3324
f 3324 3596 3597
f 3324 3597 3322
f 3322 3597 3598
f 3322 3598 3320
f 3320 3598 3599
f 3320 3599 3318
f 3318 3599 3600
f 3318 3600 3316
f 3316 3600 3601
f 3316 3601 3314
f 3314 3601 3602
f 3314 3602 3312
f 3312 3602 3603
f 3312 3603 3310
f 3310 3603 3604
f 3310 3604 3308
f 3308 3604 3605
f 3308 3605 3307
f 3307 3605 3606
f 3307 3606 3305
f 3305 3606 3607
f 3305 3607 3198
f 3198 3607 3199
f 3199 3607 3608
f 3199 3608 3298
f 3298 3608 3297
f 3297 3608 3609
f 3297 3609 3194
f 3194 3609 3579
f 3610 3611 3612
f 3612 3611 3613
f 3613 3611 3614
f 3613 3614 3615
f 3615 3614 3616
f 3615 3616 3617
f 3617 3616 3618
f 3617 3618 3619
f 3619 3618 3620
f 3619 3620 3621
f 3621 3620 3622
f 3621 3622 3623
f 3623 3622 3624
f 3623 3624 3625
f 3625 3624 3626
f 3625 3626 3627
f 3628 3359 3629
f 3629 3359 3357
f 3629 3357 3630
f 3630 3357 3355
f 3630 3355 3631
f 3631 3355 3353
f 3631 3353 3632
f 3632 3353 3351
f 3632 3351 3633
f 3633 3351 3349
f 3633 3349 3634
f 3634 3349 3346
f 3634 3346 3635
f 3635 3346 3344
f 3635 3344 3636
f 3636 3344 3342
f 3636 3342 3637
f 3637 3342 3340
f 3637 3340 3638
f 3638 3340 3338
f 3638 3338 3639
f 3639 3338 3336
f 3639 3336 3640
f 3640 3336 3334
f 3640 3334 3641
f 3641 3334 3332
f 3641 3332 3642
f 3642 3332 3330
f 3642 3330 3643
f 3643 3330 3327
f 3643 3327 3644
f 3644 3327 3325
f 3644 3325 3645
f 3645 3325 3323
f 3645 3323 3646
f 3646 3323 3321
f 3646 3321 3647
f 3647 3321 3319
f 3647 3319 3648
f 3648 3319 3317
f 3648 3317 3649
f 3649 3317 3315
f 3649 3315 3650
f 3650 3315 3313
f 3650 3313 3651
f 3651 3313 3311
f 3651 3311 3652
f 3652 3311 3309
f 3652 3309 3653
f 3653 3309 3306
f 3653 3306 3654
f 3654 3306 3304
f 3654 3304 3655
f 3655 3304 3303
f 3655 3303 3656
f 3656 3303 3302
f 3656 3302 3657
f 3657 3302 3301
f 3657 3301 3658
f 3658 3301 3300
f 3658 3300 3659
f 3659 3300 3367
f 3659 3367 3660
f 3660 3367 3365
f 3660 3365 3661
f 3661 3365 3363
f 3661 3363 3662
f 3662 3363 3361
f 3662 3361 3628
f 3628 3361 3359
f 3663 3664 3665
f 3665 3664 3666
f 3665 3666 3667
f 3665 3667 3668
f 3668 3667 3669
f 3668 3669 3670
f 3670 3669 3671
f 3670 3671 3672
f 3672 3671 3627
f 3672 3627 3626
f 3673 3674 3675
f 3675 3674 3676
f 3675 3676 3677
f 3675 3677 3678
f 3678 3677 3679
f 3678 3679 3680
f 3680 3679 3681
f 3680 3681 3682
f 3682 3681 3471
f 3682 3471 3473
f 3683 3677 3676
f 3683 3676 3674
f 3684 3685 3679
f 3684 3679 3677
f 3685 3686 3687
f 3685 3688 3679
f 3679 3688 3689
f 3679 3689 3681
f 3681 3689 3690
f 3681 3690 3471
f 3471 3690 3691
f 3471 3691 3472
f 3472 3691 3692
f 3472 3692 3693
f 3472 3693 3475
f 3475 3693 3694
f 3475 3694 3477
f 3477 3694 3695
f 3477 3695 3479
f 3479 3695 3696
f 3479 3696 3481
f 3481 3696 3697
f 3481 3697 3483
f 3483 3697 3485
f 3485 3697 3487
f 3487 3697 3698
f 3487 3698 3699
f 3699 3698 3700
f 3701 3702 3698
f 3698 3702 3703
f 3698 3703 3700
f 3702 3701 3704
f 3704 3701 3705
f 3699 3706 3707
f 3707 3706 3708
f 3708 3706 3709
f 3709 3706 3710
f 3711 3712 3700
f 3700 3712 3713
f 3713 3712 3714
f 3714 3712 3715
f 3714 3715 3706
f 3706 3715 3716
f 3710 3717 3709
f 3709 3717 3718
f 3709 3718 3719
f 3709 3719 3708
f 3708 3719 3720
f 3708 3720 3707
f 3707 3720 3721
f 3707 3721 3699
f 3699 3721 3488
f 3699 3488 3487
f 3722 3723 3724
f 3724 3723 3725
f 3724 3725 3726
f 3726 3725 3727
f 3726 3727 3728
f 3728 3727 3729
f 3728 3729 3402
f 3402 3729 3404
f 3371 3730 3369
f 3369 3730 3731
f 3731 3730 3732
f 3731 3732 3733
f 3733 3732 3734
f 3733 3734 3735
f 3735 3734 3736
f 3735 3736 3737
f 3737 3736 3738
f 3738 3736 3739
f 3740 3741 3742
f 3742 3741 3743
f 3742 3743 3744
f 3744 3743 3745
f 3744 3745 3746
f 3746 3745 3747
f 3735 3746 3748
f 3748 3749 3735
f 3735 3749 3733
f 3733 3749 3750
f 3733 3750 3751
f 3733 3751 3731
f 3731 3751 3752
f 3731 3752 3369
f 3369 3752 3753
f 3369 3753 3370
f 3370 3753 3754
f 3370 3754 3373
f 3373 3754 3755
f 3373 3755 3375
f 3375 3755 3756
f 3375 3756 3377
f 3377 3756 3757
f 3377 3757 3379
f 3379 3757 3381
f 3381 3757 3758
f 3381 3758 3383
f 3383 3758 3759
f 3759 3758 3760
f 3759 3760 3761
f 3761 3760 3762
f 3761 3763 3759
f 3759 3763 3764
f 3759 3764 3765
f 3765 3764 3766
f 3765 3766 3767
f 3766 3768 3769
f 3769 3768 3770
f 3769 3770 3771
f 3771 3770 3772
f 3771 3772 3773
f 3773 3774 3771
f 3775 3776 3777
f 3777 3776 3778
f 3777 3778 3779
f 3777 3779 3767
f 3767 3779 3780
f 3767 3780 3765
f 3765 3780 3781
f 3765 3781 3759
f 3759 3781 3384
f 3759 3384 3383
f 3723 3739 3725
f 3725 3739 3727
f 3727 3739 3736
f 3727 3736 3734
f 3727 3734 3729
f 3729 3734 3732
f 3729 3732 3730
f 3729 3730 3404
f 3404 3730 3371
f 3404 3371 3372
f 3372 3374 3404
f 3404 3374 3376
f 3404 3376 3394
f 3394 3376 3392
f 3392 3376 3378
f 3392 3378 3390
f 3390 3378 3380
f 3390 3380 3782
f 3782 3380 3776
f 3776 3380 3382
f 3776 3382 3778
f 3778 3382 3384
f 3778 3384 3779
f 3779 3384 3780
f 3390 3782 3388
f 3388 3782 3783
f 3388 3783 3387
f 3387 3783 3784
f 3387 3784 3785
f 3404 3394 3403
f 3403 3394 3396
f 3403 3396 3398
f 3398 3400 3403
f 3403 3400 3786
f 3403 3786 3787
f 3787 3786 3788
f 3787 3788 3789
f 3787 3789 3790
f 3790 3789 3791
f 3790 3791 3792
f 3793 3794 3792
f 3792 3794 3790
f 3782 3795 3783
f 3783 3795 3796
f 3783 3796 3797
f 3783 3797 3784
f 3784 3797 3798
f 3784 3798 3785
f 3785 3798 3799
f 3785 3799 3800
f 3800 3799 3385
f 3800 3385 3387
f 3801 3802 3803
f 3803 3802 3804
f 3804 3802 3805
f 3805 3802 3806
f 3805 3806 3807
f 3807 3806 3808
f 3797 3805 3798
f 3798 3807 3809
f 3798 3809 3799
f 3799 3809 3810
f 3799 3810 3385
f 3385 3810 3811
f 3385 3811 3389
f 3389 3811 3391
f 3391 3811 3812
f 3391 3812 3393
f 3393 3812 3813
f 3393 3813 3395
f 3395 3813 3814
f 3395 3814 3815
f 3810 3816 3811
f 3811 3816 3817
f 3817 3816 3818
f 3395 3815 3397
f 3397 3815 3819
f 3397 3819 3399
f 3399 3819 3820
f 3399 3820 3821
f 3821 3820 3822
f 3821 3822 3823
f 3823 3822 3824
f 3823 3824 3825
f 3825 3824 3826
f 3825 3826 3827
f 3828 3826 3829
f 3389 3386 3385
f 3828 3830 3831
f 3831 3830 3832
f 3831 3832 3827
f 3827 3832 3833
f 3827 3833 3834
f 3834 3833 3835
f 3836 3792 3837
f 3837 3792 3791
f 3837 3791 3789
f 3837 3789 3825
f 3825 3789 3788
f 3825 3788 3823
f 3823 3788 3786
f 3823 3786 3821
f 3821 3786 3400
f 3821 3400 3399
f 3401 3403 3838
f 3838 3403 3787
f 3838 3787 3839
f 3839 3787 3790
f 3839 3790 3840
f 3840 3790 3794
f 3840 3794 3841
f 3841 3794 3793
f 3459 3406 3841
f 3841 3406 3407
f 3841 3407 3401
f 3401 3407 3408
f 3401 3408 3409
f 3460 3554 3459
f 3459 3554 3405
f 3459 3405 3406
f 3460 3462 3554
f 3554 3462 3464
f 3554 3464 3466
f 3466 3468 3554
f 3554 3468 3571
f 3571 3468 3469
f 3571 3469 3456
f 3456 3453 3571
f 3571 3453 3451
f 3571 3451 3443
f 3443 3451 3449
f 3443 3449 3447
f 3405 3554 3423
f 3423 3554 3555
f 3423 3555 3422
f 3422 3555 3556
f 3422 3556 3421
f 3421 3556 3557
f 3421 3557 3420
f 3420 3557 3558
f 3420 3558 3419
f 3419 3558 3559
f 3419 3559 3418
f 3418 3559 3560
f 3418 3560 3417
f 3417 3560 3561
f 3417 3561 3537
f 3537 3561 3536
f 3536 3561 3562
f 3536 3562 3268
f 3268 3562 3269
f 3269 3562 3553
f 3553 3562 3546
f 3553 3546 3551
f 3551 3546 3549
f 3268 3542 3536
f 3536 3542 3535
f 3535 3542 3540
f 3417 3537 3416
f 3416 3537 3513
f 3416 3513 3442
f 3442 3513 3441
f 3441 3513 3514
f 3441 3514 3440
f 3440 3514 3515
f 3440 3515 3439
f 3439 3515 3516
f 3439 3516 3438
f 3438 3516 3517
f 3438 3517 3437
f 3437 3517 3518
f 3437 3518 3436
f 3436 3518 3519
f 3436 3519 3490
f 3490 3519 3520
f 3490 3520 3492
f 3492 3520 3493
f 3493 3520 3495
f 3495 3520 3497
f 3497 3520 3499
f 3499 3520 3501
f 3501 3520 3512
f 3512 3520 3505
f 3512 3505 3510
f 3510 3505 3508
f 3436 3490 3435
f 3435 3490 3722
f 3435 3722 3402
f 3402 3722 3728
f 3728 3722 3726
f 3401 3429 3402
f 3402 3429 3430
f 3402 3430 3431
f 3401 3838 3841
f 3841 3838 3839
f 3426 3414 3425
f 3425 3414 3415
f 3425 3415 3424
f 3424 3415 3416
f 3424 3416 3442
f 3427 3412 3426
f 3426 3412 3413
f 3426 3413 3414
f 3428 3401 3427
f 3427 3401 3411
f 3427 3411 3412
f 3428 3429 3401
f 3431 3432 3402
f 3402 3432 3433
f 3402 3433 3434
f 3434 3435 3402
f 3409 3410 3401
f 3401 3410 3411
f 3270 3271 3607
f 3607 3271 3552
f 3607 3552 3608
f 3608 3552 3550
f 3608 3550 3564
f 3564 3550 3548
f 3564 3548 3563
f 3563 3548 3545
f 3564 3565 3608
f 3608 3565 3609
f 3609 3565 3566
f 3609 3566 3579
f 3579 3566 3567
f 3579 3567 3568
f 3569 3450 3568
f 3568 3450 3452
f 3568 3452 3578
f 3578 3452 3454
f 3578 3454 3577
f 3577 3454 3455
f 3577 3455 3576
f 3576 3455 3470
f 3576 3470 3575
f 3575 3470 3467
f 3575 3467 3842
f 3842 3467 3465
f 3842 3465 3463
f 3450 3569 3448
f 3448 3569 3570
f 3448 3570 3446
f 3463 3461 3842
f 3842 3461 3458
f 3842 3458 3457
f 3842 3843 3844
f 3842 3844 3845
f 3845 3612 3842
f 3842 3612 3613
f 3842 3613 3572
f 3572 3613 3580
f 3580 3613 3615
f 3580 3615 3581
f 3581 3615 3617
f 3581 3617 3619
f 3581 3619 3582
f 3582 3619 3621
f 3582 3621 3583
f 3583 3621 3623
f 3583 3623 3584
f 3584 3623 3625
f 3584 3625 3664
f 3664 3625 3627
f 3664 3627 3666
f 3666 3627 3667
f 3667 3627 3669
f 3673 3587 3664
f 3664 3587 3586
f 3664 3586 3585
f 3675 3473 3673
f 3673 3473 3474
f 3673 3474 3591
f 3591 3474 3476
f 3591 3476 3592
f 3592 3476 3478
f 3592 3478 3593
f 3593 3478 3480
f 3593 3480 3594
f 3594 3480 3482
f 3594 3482 3484
f 3675 3678 3473
f 3473 3678 3680
f 3594 3484 3595
f 3595 3484 3486
f 3595 3486 3596
f 3596 3486 3717
f 3596 3717 3597
f 3597 3717 3598
f 3598 3717 3599
f 3599 3717 3500
f 3599 3500 3502
f 3486 3488 3717
f 3717 3488 3721
f 3717 3721 3720
f 3720 3719 3717
f 3489 3491 3717
f 3717 3491 3494
f 3717 3494 3496
f 3496 3498 3717
f 3717 3498 3500
f 3599 3502 3600
f 3600 3502 3511
f 3600 3511 3523
f 3523 3511 3509
f 3523 3509 3522
f 3522 3509 3507
f 3522 3507 3521
f 3521 3507 3504
f 3521 3504 3503
f 3523 3524 3600
f 3600 3524 3601
f 3601 3524 3525
f 3601 3525 3602
f 3602 3525 3526
f 3602 3526 3603
f 3603 3526 3527
f 3603 3527 3528
f 3603 3528 3604
f 3604 3528 3529
f 3604 3529 3605
f 3605 3529 3530
f 3605 3530 3606
f 3606 3530 3531
f 3606 3531 3532
f 3533 3541 3532
f 3532 3541 3543
f 3532 3543 3606
f 3606 3543 3270
f 3606 3270 3607
f 3534 3539 3533
f 3533 3539 3541
f 3572 3573 3842
f 3842 3573 3574
f 3842 3574 3575
f 3578 3579 3568
f 3591 3590 3673
f 3673 3590 3589
f 3673 3589 3588
f 3588 3587 3673
f 3585 3584 3664
f 3842 3846 3847
f 3847 3846 3848
f 3847 3848 3849
f 3847 3849 3843
f 3843 3849 3850
f 3843 3850 3844
f 3844 3850 3851
f 3844 3851 3845
f 3845 3851 3610
f 3845 3610 3612
f 3852 3853 3854
f 3854 3853 3855
f 3854 3855 3856
f 3856 3855 3857
f 3856 3857 3858
f 3858 3857 3859
f 3852 3850 3849
f 3852 3849 3848
f 3850 3858 3851
f 3851 3858 3860
f 3851 3860 3861
f 3861 3862 3851
f 3851 3862 3863
f 3851 3863 3864
f 3864 3865 3851
f 3851 3865 3866
f 3851 3866 3610
f 3610 3866 3867
f 3610 3867 3611
f 3611 3867 3614
f 3614 3867 3868
f 3614 3868 3616
f 3616 3868 3869
f 3616 3869 3618
f 3618 3869 3870
f 3618 3870 3620
f 3620 3870 3871
f 3620 3871 3622
f 3622 3871 3872
f 3622 3872 3624
f 3624 3872 3626
f 3626 3872 3873
f 3626 3873 3672
f 3672 3873 3874
f 3672 3874 3875
f 3875 3876 3672
f 3672 3876 3877
f 3672 3877 3878
f 3878 3879 3672
f 3672 3879 3880
f 3672 3880 3670
f 3670 3881 3668
f 3668 3881 3665
f 3665 3881 3663
f 3848 3846 3852
f 3628 3629 3882
f 3882 3629 3630
f 3882 3630 3883
f 3883 3630 3631
f 3883 3631 3884
f 3884 3631 3632
f 3884 3632 3885
f 3885 3632 3633
f 3885 3633 3886
f 3886 3633 3634
f 3886 3634 3887
f 3887 3634 3635
f 3887 3635 3888
f 3888 3635 3636
f 3888 3636 3889
f 3889 3636 3637
f 3889 3637 3890
f 3890 3637 3638
f 3890 3638 3639
f 3890 3639 3891
f 3891 3639 3640
f 3891 3640 3892
f 3892 3640 3641
f 3892 3641 3893
f 3893 3641 3642
f 3893 3642 3894
f 3894 3642 3643
f 3894 3643 3895
f 3895 3643 3644
f 3895 3644 3896
f 3896 3644 3645
f 3896 3645 3897
f 3897 3645 3646
f 3897 3646 3647
f 3897 3647 3898
f 3898 3647 3648
f 3898 3648 3899
f 3899 3648 3649
f 3899 3649 3900
f 3900 3649 3650
f 3900 3650 3901
f 3901 3650 3651
f 3901 3651 3902
f 3902 3651 3652
f 3902 3652 3903
f 3903 3652 3653
f 3903 3653 3904
f 3904 3653 3654
f 3904 3654 3905
f 3905 3654 3655
f 3905 3655 3656
f 3905 3656 3906
f 3906 3656 3657
f 3906 3657 3907
f 3907 3657 3658
f 3907 3658 3908
f 3908 3658 3659
f 3908 3659 3909
f 3909 3659 3660
f 3909 3660 3910
f 3910 3660 3661
f 3910 3661 3911
f 3911 3661 3662
f 3911 3662 3912
f 3912 3662 3628
f 3912 3628 3882
f 3913 3914 3915
f 3915 3914 3916
f 3915 3916 3917
f 3914 3913 3918
f 3918 3913 3919
f 3918 3919 3920
f 3920 3919 3921
f 3920 3921 3922
f 3920 3922 3923
f 3923 3922 3924
f 3923 3924 3925
f 3925 3926 3923
f 3923 3926 3927
f 3923 3927 3928
f 3928 3927 3929
f 3928 3929 3930
f 3930 3929 3931
f 3930 3931 3932
f 3932 3931 3933
f 3932 3933 3934
f 3934 3933 3935
f 3934 3935 3936
f 3936 3935 3937
f 3936 3937 3938
f 3938 3937 3939
f 3938 3939 3940
f 3940 3939 3941
f 3940 3941 3942
f 3942 3941 3943
f 3942 3943 3944
f 3944 3943 3945
f 3942 3944 3946
f 3946 3944 3947
f 3946 3947 3948
f 3948 3947 3949
f 3948 3949 3917
f 3917 3949 3915
f 456 459 3950
f 3950 459 3951
f 3952 3953 3954
f 3954 3953 3955
f 3954 3955 3956
f 3956 3955 3957
f 3956 3957 3958
f 3958 3957 3959
f 3958 3959 3960
f 3960 3959 3961
f 3960 3961 3962
f 3962 3961 3963
f 3962 3963 3964
f 3964 3963 3965
f 3964 3965 3966
f 3966 3965 3967
f 3966 3967 3968
f 3968 3967 3969
f 3968 3969 3970
f 3970 3969 3971
f 3970 3971 3972
f 3972 3971 3973
f 3972 3973 3974
f 3974 3973 3975
f 3974 3975 3976
f 3976 3975 3977
f 3976 3977 3978
f 3978 3977 3979
f 3978 3979 3980
f 3980 3979 3981
f 3980 3981 3982
f 3982 3981 3983
f 3982 3983 3952
f 3952 3983 3953
f 3984 3917 3985
f 3985 3917 3916
f 3985 3916 3986
f 3986 3916 3914
f 3986 3914 3987
f 3987 3914 3918
f 3987 3918 3988
f 3988 3918 3920
f 3988 3920 3989
f 3989 3920 3923
f 3989 3923 3990
f 3990 3923 3928
f 3990 3928 3991
f 3991 3928 3930
f 3991 3930 3992
f 3992 3930 3932
f 3992 3932 3993
f 3993 3932 3934
f 3993 3934 3994
f 3994 3934 3936
f 3994 3936 3995
f 3995 3936 3938
f 3995 3938 3996
f 3996 3938 3940
f 3996 3940 3997
f 3997 3940 3942
f 3997 3942 3998
f 3998 3942 3946
f 3998 3946 3999
f 3999 3946 3948
f 3999 3948 3984
f 3984 3948 3917
f 4000 4001 4002
f 4002 4001 4003
f 4002 4003 4004
f 4004 4003 4005
f 4004 4005 4006
f 4006 4005 4007
f 4006 4007 4008
f 4008 4007 4009
f 4008 4009 4010
f 4010 4009 4011
f 4010 4011 4012
f 4012 4011 4013
f 4012 4013 4014
f 4014 4013 4015
f 4014 4015 4016
f 4016 4015 4017
f 4016 4017 4018
f 4018 4017 4019
f 4018 4019 4020
f 4020 4019 4021
f 4020 4021 4022
f 4022 4021 4023
f 4022 4023 4024
f 4024 4023 4025
f 4024 4025 4026
f 4026 4025 4027
f 4026 4027 4028
f 4028 4027 4029
f 4028 4029 4030
f 4030 4029 4031
f 4030 4031 4000
f 4000 4031 4001
f 3683 3674 4032
f 4032 3674 3663
f 4032 3663 4033
f 4033 3663 3881
f 3673 3664 3674
f 3674 3664 3663
f 3690 3689 4034
f 4034 3689 4035
f 4035 3689 3688
f 4035 3688 4036
f 4036 3688 3685
f 4036 3685 4037
f 4037 3685 3687
f 4037 3687 4038
f 4038 3687 4039
f 4038 4039 4040
f 4040 4039 4041
f 4040 4041 4042
f 3690 4034 3691
f 3691 4034 4043
f 3691 4043 4044
f 3691 4044 3692
f 3692 4044 4045
f 3692 4045 3693
f 3693 4045 4046
f 3693 4046 3694
f 3694 4046 4047
f 3694 4047 3695
f 3695 4047 4048
f 3695 4048 3696
f 3696 4048 4049
f 3696 4049 3697
f 3697 4049 4050
f 3697 4050 3698
f 3698 4050 4051
f 3698 4051 3701
f 4051 4052 3701
f 3701 4052 3705
f 3705 4052 4053
f 3705 4053 4054
f 4054 4053 4055
f 4054 4055 3704
f 3704 4055 4056
f 3704 4056 3702
f 3702 4056 4057
f 3702 4057 3703
f 3703 4057 3711
f 3703 3711 3700
f 3740 3738 3741
f 3741 3738 3710
f 3741 3710 3716
f 3716 3710 3706
f 3739 3723 3738
f 3738 3723 3489
f 3738 3489 3710
f 3710 3489 3717
f 3723 3722 3489
f 3489 3722 3490
f 3752 3751 4058
f 4058 3751 4059
f 4059 3751 3750
f 4059 3750 4060
f 4060 3750 3749
f 4060 3749 4061
f 4061 3749 3748
f 4061 3748 4062
f 4062 3748 4063
f 4062 4063 4064
f 4064 4063 3746
f 4064 3746 3747
f 4058 4065 3752
f 3752 4065 3753
f 3753 4065 4066
f 3753 4066 3754
f 3754 4066 4067
f 3754 4067 3755
f 3755 4067 4068
f 3755 4068 3756
f 3756 4068 4069
f 3756 4069 3757
f 3757 4069 4070
f 3757 4070 3758
f 3758 4070 4071
f 3758 4071 3760
f 3760 4071 4072
f 4072 4071 4073
f 4072 4073 4074
f 4072 4074 3762
f 3762 4074 4075
f 3762 4075 3761
f 3761 4075 4076
f 3761 4076 3763
f 3763 4076 4077
f 3763 4077 3764
f 3764 4077 3768
f 3764 3768 3766
f 3803 3795 3801
f 3801 3795 3775
f 3801 3775 3773
f 3773 3775 3774
f 3782 3776 3795
f 3795 3776 3775
f 4078 3817 4079
f 4079 3817 4080
f 4079 4080 3818
f 4079 3818 4081
f 4081 3818 3816
f 4081 3816 4082
f 4082 3816 3810
f 4082 3810 4083
f 4083 3810 3809
f 4083 3809 4084
f 4084 3809 3807
f 4084 3807 3808
f 4078 4085 3817
f 3817 4085 3811
f 3811 4085 4086
f 3811 4086 3812
f 3812 4086 4087
f 3812 4087 3813
f 3813 4087 4088
f 3813 4088 3814
f 3814 4088 4089
f 3814 4089 3815
f 3815 4089 4090
f 3815 4090 3819
f 3819 4090 4091
f 3819 4091 3820
f 4091 4092 3820
f 3820 4092 3822
f 3822 4092 4093
f 3822 4093 3824
f 3824 4093 4094
f 3824 4094 3826
f 3826 4094 4095
f 3826 4095 3829
f 3829 4095 4096
f 3829 4096 4097
f 4097 4096 3830
f 4097 3830 3828
f 3842 3457 3846
f 3846 3457 3836
f 3846 3836 3835
f 3835 3836 3834
f 3459 3841 3457
f 3457 3841 3793
f 3457 3793 3836
f 3836 3793 3792
f 3835 3853 3846
f 3846 3853 3852
f 3865 3864 4098
f 4098 3864 4099
f 4099 3864 3863
f 4099 3863 4100
f 4100 3863 3862
f 4100 3862 4101
f 4101 3862 3861
f 4101 3861 4102
f 4102 3861 3860
f 4102 3860 4103
f 4103 3860 3858
f 4103 3858 3859
f 4098 4104 3865
f 3865 4104 3866
f 3866 4104 4105
f 3866 4105 3867
f 3867 4105 4106
f 3867 4106 3868
f 3868 4106 4107
f 3868 4107 3869
f 3869 4107 4108
f 3869 4108 3870
f 3870 4108 4109
f 3870 4109 3871
f 3871 4109 4110
f 3871 4110 3872
f 3872 4110 4111
f 3872 4111 3873
f 3873 4111 3874
f 3874 4111 4112
f 4112 4113 3874
f 3874 4113 3875
f 3875 4113 4114
f 3875 4114 3876
f 3876 4114 4115
f 3876 4115 3877
f 3877 4115 4116
f 3877 4116 3878
f 3878 4116 4117
f 3878 4117 3879
f 3879 4117 4118
f 3879 4118 3880
f 4119 4120 420
f 420 4120 419
f 3945 3943 4121
f 4121 3943 4122
f 4122 3943 3941
f 4122 3941 4123
f 4123 3941 3939
f 4123 3939 4124
f 4124 3939 3937
f 4124 3937 4125
f 4125 3937 3935
f 4125 3935 4126
f 4126 3935 3933
f 4126 3933 4127
f 4127 3933 3931
f 4127 3931 4128
f 4128 3931 3929
f 4128 3929 4129
f 4129 3929 3927
f 4129 3927 4130
f 4130 3927 3926
f 4130 3926 4131
f 4131 3926 3925
f 4131 3925 4132
f 4132 3925 3924
f 4132 3924 4133
f 4133 3924 3922
f 4133 3922 4134
f 4134 3922 3921
f 4134 3921 4135
f 4135 3921 3919
f 4135 3919 4136
f 4136 3919 4137
f 4137 3919 3913
f 4137 3913 4138
f 4138 3913 3915
f 4139 3882 4140
f 4140 3882 3883
f 4140 3883 4141
f 4141 3883 3884
f 4141 3884 4142
f 4142 3884 3885
f 4142 3885 4143
f 4143 3885 3886
f 4143 3886 4144
f 4144 3886 3887
f 4144 3887 4145
f 4145 3887 3888
f 4145 3888 4146
f 4146 3888 3889
f 4146 3889 4147
f 4147 3889 3890
f 4147 3890 4148
f 4148 3890 3891
f 4148 3891 4149
f 4149 3891 3892
f 4149 3892 4150
f 4150 3892 3893
f 4150 3893 4151
f 4151 3893 3894
f 4151 3894 4152
f 4152 3894 3895
f 4152 3895 4153
f 4153 3895 3896
f 4153 3896 4154
f 4154 3896 3897
f 4154 3897 4155
f 4155 3897 3898
f 4155 3898 4156
f 4156 3898 3899
f 4156 3899 4157
f 4157 3899 3900
f 4157 3900 4158
f 4158 3900 3901
f 4158 3901 4159
f 4159 3901 3902
f 4159 3902 4160
f 4160 3902 3903
f 4160 3903 4161
f 4161 3903 3904
f 4161 3904 4162
f 4162 3904 3905
f 4162 3905 4163
f 4163 3905 3906
f 4163 3906 4164
f 4164 3906 3907
f 4164 3907 4165
f 4165 3907 3908
f 4165 3908 4166
f 4166 3908 3909
f 4166 3909 4167
f 4167 3909 3910
f 4167 3910 4168
f 4168 3910 3911
f 4168 3911 4169
f 4169 3911 3912
f 4169 3912 4139
f 4139 3912 3882
f 4170 4171 4172
f 4172 4171 4173
f 4172 4173 4174
f 4174 4173 4175
f 4174 4175 4176
f 4176 4175 4177
f 4176 4177 4178
f 4178 4177 4179
f 4178 4179 4180
f 4180 4179 4181
f 4180 4181 4182
f 4182 4181 4183
f 4182 4183 4184
f 4184 4183 4185
f 4184 4185 4186
f 4186 4185 4187
f 4186 4187 4188
f 4188 4187 4189
f 4188 4189 4190
f 4190 4189 4191
f 4190 4191 4192
f 4192 4191 4193
f 4192 4193 4194
f 4194 4193 4195
f 4194 4195 4196
f 4196 4195 4197
f 4196 4197 4198
f 4198 4197 4199
f 4198 4199 4200
f 4200 4199 4201
f 4200 4201 4170
f 4170 4201 4171
f 4202 4138 440
f 440 4138 3915
f 440 3915 435
f 435 3915 3949
f 435 3949 433
f 433 3949 3947
f 433 3947 430
f 430 3947 3944
f 430 3944 427
f 427 3944 3945
f 427 3945 424
f 424 3945 4203
f 424 4203 421
f 421 4203 4204
f 421 4204 420
f 420 4204 4119
f 3945 4121 4203
f 440 441 4202
f 4202 441 4205
f 4205 441 442
f 4205 442 4206
f 3950 4207 456
f 456 4207 454
f 454 4207 4208
f 454 4208 452
f 452 4208 4209
f 452 4209 450
f 450 4209 4210
f 450 4210 448
f 448 4210 4211
f 448 4211 446
f 446 4211 4212
f 446 4212 444
f 444 4212 4213
f 444 4213 443
f 4214 4213 3953
f 3953 4213 4212
f 3953 4212 3955
f 3955 4212 4211
f 3955 4211 4210
f 3955 4210 3957
f 3957 4210 4209
f 3957 4209 3959
f 3959 4209 3961
f 3961 4209 4208
f 3961 4208 3963
f 3963 4208 4207
f 3963 4207 3965
f 3965 4207 3950
f 3965 3950 3967
f 3967 3950 3969
f 3969 3950 3971
f 3971 3950 3951
f 3971 3951 4003
f 4003 3951 4005
f 4005 3951 4007
f 4007 3951 4009
f 4009 3951 4215
f 4009 4215 4011
f 4011 4215 4216
f 4011 4216 4013
f 4013 4216 4217
f 4013 4217 4015
f 4015 4217 4017
f 4017 4217 4218
f 4017 4218 4019
f 4019 4218 4219
f 4019 4219 4220
f 4019 4220 4021
f 4021 4220 4221
f 4021 4221 4222
f 4214 4029 4222
f 4222 4029 4027
f 4222 4027 4025
f 3971 4003 3973
f 3973 4003 4001
f 3973 4001 3975
f 3975 4001 4031
f 3975 4031 3977
f 3977 4031 4029
f 3977 4029 4214
f 4025 4023 4222
f 4222 4023 4021
f 3953 3983 4214
f 4214 3983 3981
f 4214 3981 3979
f 3979 3977 4214
f 397 4221 474
f 474 4221 4220
f 474 4220 4219
f 474 4219 473
f 473 4219 4218
f 473 4218 471
f 471 4218 4217
f 471 4217 468
f 468 4217 4216
f 468 4216 466
f 466 4216 4215
f 466 4215 461
f 461 4215 3951
f 461 3951 459
f 454 3964 456
f 456 3964 3966
f 456 3966 4081
f 4081 3966 4079
f 4079 3966 3968
f 4078 3968 4085
f 4085 3968 3970
f 4085 3970 4086
f 4086 3970 3972
f 4086 3972 4087
f 4087 3972 3974
f 4087 3974 4088
f 4088 3974 3976
f 4088 3976 4089
f 4089 3976 3978
f 4089 3978 4090
f 4090 3978 3980
f 4090 3980 4091
f 4091 3980 3982
f 4091 3982 4092
f 4092 3982 3952
f 4092 3952 4093
f 4093 3952 4094
f 4094 3952 3954
f 4094 3954 446
f 446 3954 448
f 448 3954 3956
f 448 3956 450
f 450 3956 3958
f 450 3958 3960
f 3964 454 3962
f 3962 454 452
f 3962 452 3960
f 3960 452 450
f 446 444 4094
f 4094 444 443
f 4094 443 4095
f 4095 443 4096
f 4096 443 3835
f 443 442 3835
f 3835 442 3853
f 3853 442 3859
f 442 441 3859
f 3859 441 4103
f 4103 441 440
f 4103 440 4102
f 4102 440 4101
f 4101 440 435
f 4101 435 4100
f 4100 435 3985
f 4100 3985 3986
f 435 433 3985
f 3985 433 3984
f 3984 433 430
f 3984 430 3999
f 3999 430 3998
f 3998 430 427
f 3998 427 3997
f 3997 427 3996
f 3996 427 424
f 3996 424 4114
f 4114 424 4115
f 4115 424 4116
f 4116 424 421
f 4116 421 4117
f 4117 421 4118
f 4033 421 420
f 4033 420 419
f 4033 419 4032
f 4032 419 417
f 4042 417 4040
f 4040 417 4038
f 4038 417 414
f 4038 414 4037
f 4037 414 4036
f 4036 414 4198
f 4036 4198 4035
f 4035 4198 4200
f 4035 4200 4034
f 4034 4200 4170
f 4034 4170 4043
f 4043 4170 4172
f 4043 4172 4044
f 4044 4172 4045
f 4045 4172 4174
f 4045 4174 4046
f 4046 4174 4176
f 4046 4176 4047
f 4047 4176 4178
f 4047 4178 4048
f 4048 4178 4180
f 4048 4180 4049
f 4049 4180 4182
f 4049 4182 4050
f 4050 4182 4184
f 4050 4184 4051
f 4051 4184 4186
f 4051 4186 4052
f 4052 4186 4053
f 4053 4186 4188
f 4053 4188 401
f 401 4188 406
f 406 4188 4190
f 406 4190 408
f 408 4190 4192
f 408 4192 4194
f 414 411 4198
f 4198 411 4196
f 4196 411 4194
f 4194 411 408
f 4053 401 4055
f 4055 401 399
f 4055 399 4056
f 4056 399 4057
f 4057 399 398
f 4057 398 3711
f 3711 398 396
f 3711 396 3716
f 3716 396 3741
f 3741 396 397
f 3741 397 4064
f 4064 397 4062
f 4062 397 4061
f 4061 397 474
f 4061 474 473
f 4061 473 4018
f 4018 473 471
f 4018 471 4016
f 4016 471 468
f 4016 468 4014
f 4014 468 4012
f 4012 468 466
f 4012 466 4010
f 4010 466 461
f 4010 461 4008
f 4008 461 459
f 4008 459 4006
f 4006 459 4074
f 4006 4074 4073
f 456 3773 459
f 459 4077 4076
f 4111 3994 4112
f 4112 3994 3995
f 4112 3995 4113
f 4113 3995 3996
f 4113 3996 4114
f 3994 4111 3993
f 3993 4111 4110
f 3993 4110 4109
f 3993 4109 3992
f 3992 4109 4108
f 3992 4108 3991
f 3991 4108 4107
f 3991 4107 3990
f 3990 4107 4106
f 3990 4106 3989
f 3989 4106 4105
f 3989 4105 3988
f 3988 4105 4104
f 3988 4104 3987
f 3987 4104 4098
f 3987 4098 3986
f 3986 4098 4099
f 3986 4099 4100
f 4081 4082 456
f 456 4082 4083
f 456 4083 4084
f 3801 3773 456
f 4076 4075 459
f 459 4075 4074
f 4006 4073 4004
f 4004 4071 4070
f 4004 4070 4002
f 4002 4070 4069
f 4002 4069 4000
f 4000 4069 4068
f 4000 4068 4030
f 4030 4068 4067
f 4030 4067 4028
f 4028 4067 4066
f 4028 4066 4026
f 4026 4066 4065
f 4026 4065 4024
f 4024 4065 4058
f 4024 4058 4022
f 4022 4058 4059
f 4022 4059 4020
f 4020 4059 4060
f 4020 4060 4061
f 4018 4020 4061
f 4120 4223 419
f 419 4223 417
f 417 4223 4224
f 417 4224 414
f 414 4224 4225
f 414 4225 411
f 411 4225 4226
f 411 4226 408
f 408 4226 4227
f 408 4227 406
f 406 4227 4228
f 406 4228 401
f 401 4228 4229
f 401 4229 399
f 399 4229 4230
f 399 4230 398
f 398 4230 396
f 396 4230 4231
f 4121 4122 4203
f 4203 4122 4123
f 4203 4123 4204
f 4204 4123 4124
f 4204 4124 4119
f 4119 4124 4125
f 4119 4125 4126
f 4119 4126 4146
f 4146 4126 4127
f 4146 4127 4145
f 4145 4127 4128
f 4145 4128 4144
f 4144 4128 4129
f 4144 4129 4143
f 4143 4129 4130
f 4143 4130 4142
f 4142 4130 4131
f 4142 4131 4141
f 4141 4131 4132
f 4141 4132 4140
f 4140 4132 4133
f 4140 4133 4206
f 4206 4133 4134
f 4206 4134 4135
f 4206 4135 4205
f 4205 4135 4136
f 4205 4136 4202
f 4202 4136 4137
f 4202 4137 4138
f 4232 4233 4206
f 4206 4233 4234
f 4206 4234 4235
f 4235 4236 4206
f 4206 4236 4237
f 4206 4237 4238
f 4206 4238 4139
f 4139 4238 4239
f 4139 4239 4169
f 4169 4239 4240
f 4169 4240 4168
f 4168 4240 4241
f 4168 4241 4167
f 4167 4241 4166
f 4166 4241 4165
f 4165 4241 4164
f 4164 4241 4163
f 4163 4241 4242
f 4163 4242 4162
f 4162 4242 4161
f 4161 4242 4160
f 4160 4242 4159
f 4159 4242 4243
f 4159 4243 4158
f 4158 4243 4244
f 4158 4244 4157
f 4157 4244 4245
f 4157 4245 4231
f 4231 4245 4246
f 4231 4246 4247
f 4247 4248 4231
f 4231 4248 4249
f 4231 4249 4250
f 4250 4251 4231
f 4230 4185 4231
f 4231 4185 4183
f 4231 4183 4181
f 4230 4229 4185
f 4185 4229 4187
f 4187 4229 4228
f 4187 4228 4189
f 4189 4228 4227
f 4189 4227 4191
f 4191 4227 4193
f 4193 4227 4226
f 4193 4226 4195
f 4195 4226 4225
f 4195 4225 4197
f 4197 4225 4199
f 4199 4225 4224
f 4199 4224 4201
f 4201 4224 4223
f 4201 4223 4171
f 4171 4223 4120
f 4171 4120 4173
f 4173 4120 4151
f 4173 4151 4175
f 4175 4151 4152
f 4175 4152 4177
f 4177 4152 4153
f 4177 4153 4179
f 4179 4153 4154
f 4179 4154 4181
f 4181 4154 4155
f 4181 4155 4231
f 4231 4155 4156
f 4231 4156 4157
f 4119 4148 4120
f 4120 4148 4149
f 4120 4149 4150
f 4146 4147 4119
f 4119 4147 4148
f 4150 4151 4120
f 4139 4140 4206
f 4252 4232 4253
f 4253 4232 4214
f 4214 4232 443
f 4214 443 4213
f 4206 442 4232
f 4232 442 443
f 4214 4222 4253
f 4253 4222 4254
f 4231 4251 396
f 396 4251 397
f 397 4251 4222
f 397 4222 4221
f 4255 4254 4251
f 4251 4254 4222
f 4256 4257 4242
f 4242 4257 4243
f 4243 4257 4258
f 4243 4258 4244
f 4244 4258 4259
f 4244 4259 4245
f 4245 4259 4260
f 4245 4260 4246
f 4246 4260 4261
f 4246 4261 4247
f 4247 4261 4262
f 4247 4262 4248
f 4248 4262 4263
f 4248 4263 4249
f 4249 4263 4264
f 4249 4264 4250
f 4250 4264 4255
f 4250 4255 4251
f 4242 4241 4256
f 4256 4241 4265
f 4252 4266 4232
f 4232 4266 4233
f 4233 4266 4267
f 4233 4267 4234
f 4234 4267 4268
f 4234 4268 4235
f 4235 4268 4269
f 4235 4269 4236
f 4236 4269 4270
f 4236 4270 4237
f 4237 4270 4271
f 4237 4271 4238
f 4238 4271 4272
f 4238 4272 4239
f 4239 4272 4273
f 4239 4273 4240
f 4240 4273 4265
f 4240 4265 4241
f 4257 4256 4255
f 4255 4256 4265
f 4255 4265 4252
f 4252 4265 4273
f 4252 4273 4266
f 4266 4273 4272
f 4266 4272 4271
f 4271 4270 4266
f 4266 4270 4269
f 4266 4269 4268
f 4268 4267 4266
f 4253 4254 4252
f 4252 4254 4255
f 4264 4263 4255
f 4255 4263 4262
f 4255 4262 4261
f 4261 4260 4255
f 4255 4260 4259
f 4255 4259 4258
f 4258 4257 4255
f 4274 4275 4276
f 4276 4275 4277
f 4278 4279 4280
f 4280 4279 4281
f 4282 4283 4284
f 4284 4283 4285
f 4285 4283 4286
f 4285 4286 4287
f 4287 4286 4288
f 4287 4288 4289
f 4289 4288 4290
f 4289 4290 4291
f 4291 4290 4292
f 4291 4292 4293
f 4293 4292 4294
f 4293 4294 4295
f 4275 4296 4277
f 4277 4296 4297
f 4276 4298 4274
f 4274 4298 4299
f 4279 4300 4281
f 4281 4300 4301
f 4280 4302 4278
f 4278 4302 4303
f 4304 4305 4306
f 4306 4305 4307
f 4307 4305 4308
f 4307 4308 4309
f 4309 4308 4310
f 4309 4310 4311
f 4311 4310 4312
f 4311 4312 4313
f 4313 4312 4314
f 4313 4314 4315
f 4315 4314 4316
f 4315 4316 4317
f 4318 4319 4320
f 4320 4319 4321
f 4322 4323 4324
f 4324 4323 4325
f 4325 4323 4326
f 4325 4326 4327
f 4327 4326 4328
f 4328 4326 4329
f 4328 4329 4330
f 4330 4329 4331
f 4331 4329 4316
f 4331 4316 4332
f 4332 4316 4314
f 4332 4314 4333
f 4333 4314 4312
f 4333 4312 4334
f 4334 4312 4310
f 4334 4310 4335
f 4335 4310 4308
f 4335 4308 4336
f 4336 4308 4305
f 4336 4305 4337
f 4337 4305 4304
f 4337 4304 4338
f 4338 4339 4340
f 4340 4339 4341
f 4340 4341 4342
f 4342 4341 4343
f 4342 4343 4344
f 4342 4344 4345
f 4345 4344 4346
f 4345 4346 4347
f 4347 4346 4348
f 4349 4350 4351
f 4351 4350 4352
f 4352 4350 4353
f 4352 4353 4354
f 4354 4353 4355
f 4354 4355 4356
f 4357 4356 4358
f 4356 4357 4322
f 4322 4357 4359
f 4322 4359 4323
f 4323 4359 4360
f 4323 4360 4326
f 4326 4360 4361
f 4326 4361 4329
f 4329 4361 4317
f 4329 4317 4316
f 4362 4311 4363
f 4363 4311 4313
f 4363 4313 4315
f 4362 4364 4311
f 4311 4364 4365
f 4311 4365 4366
f 4367 4287 4366
f 4366 4287 4289
f 4366 4289 4320
f 4320 4289 4291
f 4320 4291 4293
f 4287 4367 4285
f 4285 4367 4368
f 4285 4368 4284
f 4284 4368 4369
f 4284 4369 4370
f 4293 4295 4320
f 4320 4295 4371
f 4320 4371 4372
f 4372 4371 4373
f 4372 4373 4374
f 4374 4375 4372
f 4372 4375 4376
f 4372 4376 4377
f 4377 4376 4378
f 4378 4376 4379
f 4320 4321 4366
f 4366 4321 4311
f 4380 4381 4321
f 4321 4381 4306
f 4321 4306 4307
f 4382 4383 4380
f 4380 4383 4384
f 4380 4384 4385
f 4382 4386 4383
f 4383 4386 4387
f 4385 4388 4380
f 4380 4388 4381
f 4307 4309 4321
f 4321 4309 4311
f 4317 4357 4315
f 4315 4357 4358
f 4315 4358 4363
f 4317 4360 4359
f 4317 4359 4357
f 4282 4284 4389
f 4389 4284 4390
f 4389 4390 4391
f 4391 4390 4370
f 4391 4370 4392
f 4392 4370 4369
f 4392 4369 4393
f 4393 4369 4368
f 4393 4368 4394
f 4394 4368 4367
f 4394 4395 4396
f 4396 4395 4397
f 4396 4397 4398
f 4398 4397 4399
f 4398 4399 4400
f 4400 4399 4401
f 4393 4402 4392
f 4392 4402 4403
f 4392 4403 4391
f 4391 4403 4404
f 4391 4404 4389
f 4389 4404 4405
f 4389 4405 4406
f 4406 4407 4389
f 4282 4407 4283
f 4283 4407 4408
f 4283 4408 4286
f 4286 4408 4409
f 4286 4409 4288
f 4288 4409 4410
f 4288 4410 4290
f 4290 4410 4411
f 4290 4411 4292
f 4292 4411 4412
f 4292 4412 4294
f 4294 4412 4413
f 4414 4413 4415
f 4414 4415 4416
f 4416 4415 4417
f 4416 4417 4418
f 4418 4417 4419
f 4419 4417 4420
f 4419 4420 4421
f 4422 4420 4423
f 4424 4425 4426
f 4426 4425 4427
f 4426 4427 4428
f 4428 4427 4429
f 4428 4429 4430
f 4430 4429 4431
f 4432 4433 4434
f 4434 4433 4435
f 4434 4435 4436
f 4436 4435 4437
f 4436 4437 4438
f 4438 4437 4439
f 4375 4422 4376
f 4376 4422 4440
f 4376 4440 4441
f 4422 4375 4421
f 4421 4375 4374
f 4421 4374 4419
f 4419 4374 4418
f 4418 4374 4373
f 4418 4373 4416
f 4416 4373 4414
f 4414 4373 4371
f 4414 4371 4442
f 4442 4371 4295
f 4442 4295 4294
f 4318 4320 4443
f 4443 4320 4372
f 4443 4372 4444
f 4444 4372 4377
f 4444 4377 4445
f 4445 4377 4378
f 4445 4378 4446
f 4446 4378 4379
f 4297 4296 4447
f 4447 4296 4448
f 4447 4448 4449
f 4449 4448 4450
f 4449 4450 4451
f 4451 4450 4452
f 4451 4452 4453
f 4453 4452 4454
f 4455 4456 4453
f 4453 4456 4451
f 4451 4456 4457
f 4451 4457 4449
f 4449 4457 4458
f 4449 4458 4447
f 4447 4458 4298
f 4447 4298 4297
f 4297 4298 4276
f 4297 4276 4277
f 4299 4298 4459
f 4459 4298 4458
f 4459 4458 4460
f 4460 4458 4457
f 4460 4457 4461
f 4461 4457 4456
f 4461 4456 4462
f 4462 4456 4455
f 4463 4464 4465
f 4463 4465 4466
f 4466 4465 4467
f 4467 4465 4468
f 4468 4465 4469
f 4469 4465 4470
f 4470 4465 4471
f 4471 4465 4472
f 4472 4465 4473
f 4472 4473 4474
f 4474 4473 4475
f 4474 4475 4476
f 4464 4477 4478
f 4478 4477 4479
f 4479 4477 4480
f 4474 4476 4481
f 4481 4476 4482
f 4481 4482 4483
f 4483 4482 4484
f 4483 4484 4485
f 4485 4484 4486
f 4485 4486 4487
f 4487 4486 4488
f 4487 4488 4489
f 4489 4488 4490
f 4489 4490 4491
f 4489 4491 4492
f 4492 4491 4493
f 4492 4493 4494
f 4494 4493 4495
f 4495 4493 4496
f 4496 4493 4497
f 4497 4493 4498
f 4498 4493 4499
f 4499 4493 4430
f 4430 4493 4500
f 4424 4500 4501
f 4424 4501 4502
f 4502 4503 4424
f 4301 4300 4504
f 4504 4300 4505
f 4504 4505 4506
f 4506 4505 4507
f 4506 4507 4508
f 4508 4507 4509
f 4508 4509 4510
f 4510 4509 4511
f 4504 4512 4301
f 4301 4512 4302
f 4301 4302 4281
f 4281 4302 4280
f 4512 4504 4513
f 4513 4504 4506
f 4513 4506 4514
f 4514 4506 4508
f 4514 4508 4515
f 4515 4508 4510
f 4303 4302 4516
f 4516 4302 4512
f 4516 4512 4517
f 4517 4512 4513
f 4517 4513 4518
f 4518 4513 4514
f 4518 4514 4519
f 4519 4514 4515
f 4520 4521 4522
f 4520 4522 4523
f 4524 4525 4526
f 4524 4526 4521
f 4525 4527 4528
f 4525 4529 4526
f 4526 4529 4530
f 4526 4530 4531
f 4531 4530 4532
f 4531 4532 4533
f 4533 4532 4534
f 4533 4534 4535
f 4535 4534 4536
f 4535 4536 4537
f 4535 4537 4538
f 4538 4537 4539
f 4538 4539 4540
f 4540 4539 4541
f 4540 4541 4542
f 4542 4541 4543
f 4542 4543 4544
f 4544 4543 4545
f 4544 4545 4546
f 4546 4545 4547
f 4547 4545 4548
f 4548 4545 4549
f 4548 4549 4550
f 4550 4549 4551
f 4552 4553 4549
f 4549 4553 4554
f 4549 4554 4551
f 4553 4552 4555
f 4555 4552 4556
f 4550 4557 4558
f 4558 4557 4559
f 4559 4557 4560
f 4560 4557 4561
f 4562 4563 4551
f 4551 4563 4564
f 4564 4563 4565
f 4565 4563 4566
f 4565 4566 4557
f 4557 4566 4567
f 4568 4569 4570
f 4570 4569 4571
f 4570 4571 4572
f 4572 4571 4573
f 4572 4573 4574
f 4574 4573 4575
f 4574 4575 4576
f 4576 4575 4577
f 4576 4578 4574
f 4574 4578 4572
f 4572 4578 4570
f 4570 4578 4568
f 4568 4578 4579
f 4568 4579 4580
f 4581 4387 4582
f 4582 4387 4386
f 4582 4386 4583
f 4583 4386 4382
f 4583 4382 4584
f 4584 4382 4380
f 4584 4380 4319
f 4319 4380 4321
f 4304 4306 4585
f 4585 4306 4381
f 4585 4381 4339
f 4339 4381 4388
f 4339 4388 4341
f 4341 4388 4343
f 4343 4388 4385
f 4343 4385 4344
f 4344 4385 4346
f 4346 4385 4384
f 4346 4384 4586
f 4586 4384 4383
f 4586 4383 4587
f 4587 4383 4588
f 4589 4590 4591
f 4591 4590 4592
f 4591 4592 4593
f 4593 4592 4594
f 4593 4594 4595
f 4595 4594 4596
f 4597 4598 4599
f 4599 4598 4583
f 4599 4583 4584
f 4597 4600 4598
f 4598 4600 4601
f 4598 4601 4602
f 4602 4603 4598
f 4598 4603 4604
f 4598 4604 4605
f 4605 4606 4598
f 4598 4581 4583
f 4319 4318 4584
f 4584 4318 4443
f 4584 4443 4599
f 4599 4443 4607
f 4607 4443 4608
f 4608 4443 4609
f 4608 4609 4610
f 4610 4609 4611
f 4611 4609 4612
f 4612 4609 4613
f 4613 4609 4614
f 4614 4609 4615
f 4615 4609 4616
f 4609 4443 4446
f 4446 4443 4444
f 4617 4569 4580
f 4580 4569 4568
f 4618 4619 4620
f 4620 4619 4621
f 4620 4621 4622
f 4622 4621 4623
f 4622 4623 4624
f 4624 4623 4625
f 4624 4625 4626
f 4624 4626 4627
f 4627 4626 4628
f 4627 4628 4629
f 4629 4628 4630
f 4629 4630 4631
f 4631 4630 4632
f 4631 4632 4633
f 4631 4633 4634
f 4634 4633 4635
f 4634 4635 4636
f 4636 4635 4637
f 4636 4637 4638
f 4636 4638 4639
f 4639 4638 4640
f 4639 4640 4641
f 4641 4640 4642
f 4641 4642 4643
f 4643 4642 4644
f 4643 4644 4645
f 4643 4645 4646
f 4646 4645 4647
f 4646 4647 4648
f 4648 4647 4649
f 4648 4649 4650
f 4648 4650 4651
f 4651 4650 4652
f 4651 4652 4653
f 4653 4652 4654
f 4654 4652 4618
f 4654 4618 4620
f 573 572 4655
f 4655 572 4656
f 4338 4340 4657
f 4657 4340 4658
f 4658 4340 4342
f 4658 4342 4659
f 4659 4342 4345
f 4659 4345 4660
f 4660 4345 4347
f 4660 4347 4661
f 4661 4347 4348
f 4661 4348 4662
f 4662 4348 4595
f 4662 4595 4596
f 4331 4332 4663
f 4663 4332 4664
f 4664 4332 4333
f 4664 4333 4665
f 4665 4333 4334
f 4665 4334 4666
f 4666 4334 4335
f 4666 4335 4667
f 4667 4335 4336
f 4667 4336 4668
f 4668 4336 4337
f 4668 4337 4669
f 4669 4337 4338
f 4669 4338 4657
f 4351 4324 4349
f 4349 4324 4670
f 4670 4324 4325
f 4670 4325 4671
f 4671 4325 4327
f 4671 4327 4672
f 4672 4327 4328
f 4672 4328 4673
f 4673 4328 4330
f 4673 4330 4674
f 4674 4330 4663
f 4663 4330 4331
f 4355 4675 4676
f 4676 4675 4363
f 4676 4363 4358
f 4366 4365 4677
f 4677 4365 4678
f 4678 4365 4364
f 4678 4364 4679
f 4679 4364 4362
f 4679 4362 4680
f 4680 4362 4363
f 4680 4363 4675
f 4367 4366 4681
f 4681 4366 4677
f 4681 4677 4395
f 4395 4394 4681
f 4682 4406 4683
f 4683 4406 4684
f 4683 4684 4405
f 4683 4405 4685
f 4685 4405 4404
f 4685 4404 4686
f 4686 4404 4403
f 4686 4403 4687
f 4687 4403 4402
f 4687 4402 4688
f 4688 4402 4400
f 4688 4400 4401
f 4413 4412 4689
f 4689 4412 4690
f 4690 4412 4411
f 4690 4411 4691
f 4691 4411 4410
f 4691 4410 4692
f 4692 4410 4409
f 4692 4409 4693
f 4693 4409 4408
f 4693 4408 4694
f 4694 4408 4407
f 4694 4407 4695
f 4695 4407 4406
f 4695 4406 4682
f 4689 4696 4413
f 4413 4696 4415
f 4415 4696 4697
f 4415 4697 4417
f 4417 4697 4698
f 4417 4698 4420
f 4420 4698 4699
f 4420 4699 4423
f 4423 4699 4700
f 4423 4700 4701
f 4701 4700 4433
f 4701 4433 4432
f 4494 4495 4702
f 4702 4495 4703
f 4703 4495 4496
f 4703 4496 4704
f 4704 4496 4497
f 4704 4497 4705
f 4705 4497 4498
f 4705 4498 4706
f 4706 4498 4499
f 4706 4499 4707
f 4707 4499 4430
f 4707 4430 4431
f 4702 4708 4494
f 4494 4708 4492
f 4492 4708 4709
f 4492 4709 4489
f 4489 4709 4710
f 4489 4710 4487
f 4487 4710 4711
f 4487 4711 4485
f 4485 4711 4712
f 4485 4712 4483
f 4483 4712 4713
f 4483 4713 4481
f 4481 4713 4714
f 4481 4714 4474
f 4474 4714 4715
f 4474 4715 4472
f 4472 4715 4471
f 4471 4715 4716
f 4716 4717 4471
f 4471 4717 4470
f 4470 4717 4718
f 4470 4718 4469
f 4469 4718 4719
f 4469 4719 4468
f 4468 4719 4720
f 4468 4720 4467
f 4467 4720 4721
f 4467 4721 4466
f 4466 4721 4722
f 4466 4722 4463
f 4532 4530 4723
f 4723 4530 4724
f 4724 4530 4529
f 4724 4529 4725
f 4725 4529 4525
f 4725 4525 4726
f 4726 4525 4528
f 4726 4528 4727
f 4727 4528 4728
f 4727 4728 4729
f 4729 4728 4730
f 4729 4730 4731
f 4532 4723 4534
f 4534 4723 4732
f 4534 4732 4733
f 4534 4733 4536
f 4536 4733 4734
f 4536 4734 4537
f 4537 4734 4735
f 4537 4735 4539
f 4539 4735 4736
f 4539 4736 4541
f 4541 4736 4737
f 4541 4737 4543
f 4543 4737 4738
f 4543 4738 4545
f 4545 4738 4739
f 4545 4739 4549
f 4549 4739 4740
f 4549 4740 4552
f 4740 4741 4552
f 4552 4741 4556
f 4556 4741 4742
f 4556 4742 4743
f 4743 4742 4744
f 4743 4744 4555
f 4555 4744 4745
f 4555 4745 4553
f 4553 4745 4746
f 4553 4746 4554
f 4554 4746 4562
f 4554 4562 4551
f 4747 4748 4749
f 4749 4748 4750
f 4749 4750 4751
f 4751 4750 4752
f 4751 4752 4753
f 4753 4752 4754
f 4753 4754 4755
f 4755 4754 4756
f 4755 4756 4757
f 4757 4756 4758
f 4757 4758 4759
f 4759 4758 4760
f 4759 4760 4761
f 4761 4760 4762
f 4761 4762 4763
f 4763 4762 4764
f 4763 4764 4765
f 4765 4764 4766
f 4765 4766 4767
f 4767 4766 4768
f 4767 4768 4769
f 4769 4768 4770
f 4769 4770 4771
f 4771 4770 4772
f 4771 4772 4773
f 4773 4772 4774
f 4773 4774 4775
f 4775 4774 4776
f 4775 4776 4777
f 4777 4776 4778
f 4777 4778 4747
f 4747 4778 4748
f 4779 4780 4781
f 4781 4780 4782
f 4781 4782 4783
f 4783 4782 4784
f 4783 4784 4785
f 4785 4784 4786
f 4785 4786 4787
f 4787 4786 4788
f 4787 4788 4789
f 4789 4788 4790
f 4789 4790 4791
f 4791 4790 4792
f 4791 4792 4793
f 4793 4792 4794
f 4793 4794 4795
f 4795 4794 4796
f 4795 4796 4797
f 4797 4796 4798
f 4797 4798 4799
f 4799 4798 4800
f 4799 4800 4801
f 4801 4800 4802
f 4801 4802 4803
f 4803 4802 4804
f 4803 4804 4805
f 4805 4804 4806
f 4805 4806 4807
f 4807 4806 4808
f 4807 4808 4809
f 4809 4808 4810
f 4809 4810 4779
f 4779 4810 4780
f 4811 4627 4812
f 4812 4627 4629
f 4812 4629 4813
f 4813 4629 4631
f 4813 4631 4814
f 4814 4631 4634
f 4814 4634 4815
f 4815 4634 4636
f 4815 4636 4816
f 4816 4636 4639
f 4816 4639 4817
f 4817 4639 4641
f 4817 4641 4818
f 4818 4641 4643
f 4818 4643 4819
f 4819 4643 4646
f 4819 4646 4820
f 4820 4646 4648
f 4820 4648 4821
f 4821 4648 4651
f 4821 4651 4822
f 4822 4651 4653
f 4822 4653 4823
f 4823 4653 4654
f 4823 4654 4824
f 4824 4654 4620
f 4824 4620 4825
f 4825 4620 4622
f 4825 4622 4826
f 4826 4622 4624
f 4826 4624 4811
f 4811 4624 4627
f 4599 4607 4827
f 4827 4607 4828
f 4607 4608 4828
f 4828 4608 4829
f 4829 4608 4610
f 4829 4610 4830
f 4830 4610 4831
f 4831 4610 4611
f 4831 4611 4832
f 4832 4611 4612
f 4832 4612 4613
f 4832 4613 4833
f 4833 4613 4614
f 4833 4614 4834
f 4834 4614 4615
f 4834 4615 4835
f 4835 4615 4616
f 4835 4616 4836
f 4836 4616 4609
f 4836 4609 4837
f 4838 4462 4503
f 4503 4462 4455
f 4503 4455 4425
f 4425 4455 4453
f 4425 4453 4439
f 4439 4453 4441
f 4439 4441 4438
f 4454 4837 4453
f 4453 4837 4441
f 4441 4837 4379
f 4379 4837 4609
f 4379 4609 4446
f 4379 4376 4441
f 4425 4424 4503
f 4839 4840 4491
f 4491 4840 4493
f 4493 4840 4841
f 4493 4841 4500
f 4500 4841 4842
f 4500 4842 4501
f 4501 4842 4843
f 4501 4843 4502
f 4502 4843 4503
f 4503 4843 4838
f 4491 4490 4839
f 4839 4490 4844
f 4844 4490 4488
f 4844 4488 4845
f 4845 4488 4486
f 4845 4486 4846
f 4846 4486 4484
f 4846 4484 4847
f 4847 4484 4482
f 4847 4482 4848
f 4848 4482 4476
f 4848 4476 4849
f 4849 4476 4475
f 4849 4475 4850
f 4850 4475 4473
f 4850 4473 4851
f 4480 4852 4479
f 4479 4852 4853
f 4479 4853 4854
f 4479 4854 4478
f 4478 4854 4855
f 4478 4855 4464
f 4464 4855 4856
f 4464 4856 4465
f 4465 4856 4851
f 4465 4851 4473
f 4520 4523 4857
f 4857 4523 4515
f 4857 4515 4510
f 4858 4519 4523
f 4523 4519 4515
f 4511 4852 4510
f 4510 4852 4480
f 4510 4480 4859
f 4859 4480 4477
f 4859 4857 4510
f 4860 4861 4533
f 4533 4861 4531
f 4531 4861 4862
f 4531 4862 4526
f 4526 4862 4863
f 4526 4863 4521
f 4521 4863 4864
f 4521 4864 4522
f 4522 4864 4523
f 4523 4864 4858
f 4533 4535 4860
f 4860 4535 4865
f 4865 4535 4538
f 4865 4538 4866
f 4866 4538 4540
f 4866 4540 4867
f 4867 4540 4542
f 4867 4542 4868
f 4868 4542 4544
f 4868 4544 4869
f 4869 4544 4546
f 4869 4546 4870
f 4870 4546 4547
f 4870 4547 4871
f 4871 4547 4548
f 4871 4548 4872
f 4561 4873 4560
f 4560 4873 4874
f 4560 4874 4875
f 4560 4875 4559
f 4559 4875 4876
f 4559 4876 4558
f 4558 4876 4877
f 4558 4877 4550
f 4550 4877 4872
f 4550 4872 4548
f 4577 4873 4576
f 4576 4873 4561
f 4576 4561 4567
f 4567 4561 4557
f 4567 4878 4576
f 4576 4878 4578
f 4879 4880 4588
f 4588 4880 4590
f 4588 4590 4589
f 4383 4387 4588
f 4588 4387 4879
f 4581 4598 4387
f 4387 4598 4879
f 4598 4881 4879
f 4827 4882 4599
f 4599 4882 4597
f 4597 4882 4883
f 4597 4883 4600
f 4600 4883 4884
f 4600 4884 4601
f 4601 4884 4885
f 4601 4885 4602
f 4602 4885 4886
f 4602 4886 4603
f 4603 4886 4887
f 4603 4887 4604
f 4604 4887 4888
f 4604 4888 4605
f 4605 4888 4889
f 4605 4889 4606
f 4606 4889 4598
f 4598 4889 4881
f 4890 4617 4579
f 4579 4617 4580
f 4891 4649 4892
f 4892 4649 4647
f 4892 4647 4893
f 4893 4647 4645
f 4893 4645 4644
f 4893 4644 4894
f 4894 4644 4642
f 4894 4642 4895
f 4895 4642 4640
f 4895 4640 4896
f 4896 4640 4638
f 4896 4638 4897
f 4897 4638 4637
f 4897 4637 4898
f 4898 4637 4635
f 4898 4635 4899
f 4899 4635 4633
f 4899 4633 4900
f 4900 4633 4632
f 4900 4632 4901
f 4901 4632 4630
f 4901 4630 4902
f 4902 4630 4628
f 4902 4628 4903
f 4903 4628 4626
f 4903 4626 4904
f 4904 4626 4625
f 4904 4625 4905
f 4905 4625 4623
f 4905 4623 4906
f 4906 4623 4621
f 4906 4621 4907
f 4907 4621 4619
f 4907 4619 4908
f 4909 4910 554
f 554 4910 555
f 4911 4912 4913
f 4913 4912 4914
f 4913 4914 4915
f 4915 4914 4916
f 4915 4916 4917
f 4917 4916 4918
f 4917 4918 4919
f 4919 4918 4920
f 4919 4920 4921
f 4921 4920 4922
f 4921 4922 4923
f 4923 4922 4924
f 4923 4924 4925
f 4925 4924 4926
f 4925 4926 4927
f 4927 4926 4928
f 4927 4928 4929
f 4929 4928 4930
f 4929 4930 4931
f 4931 4930 4932
f 4931 4932 4933
f 4933 4932 4934
f 4933 4934 4935
f 4935 4934 4936
f 4935 4936 4937
f 4937 4936 4938
f 4937 4938 4939
f 4939 4938 4940
f 4939 4940 4941
f 4941 4940 4942
f 4941 4942 4943
f 4943 4942 4944
f 4943 4944 4945
f 4945 4944 4946
f 4945 4946 4947
f 4947 4946 4948
f 4947 4948 4949
f 4949 4948 4950
f 4949 4950 4951
f 4951 4950 4952
f 4951 4952 4953
f 4953 4952 4954
f 4953 4954 4955
f 4955 4954 4956
f 4955 4956 4957
f 4957 4956 4958
f 4957 4958 4959
f 4959 4958 4960
f 4959 4960 4961
f 4961 4960 4962
f 4961 4962 4963
f 4963 4962 4964
f 4963 4964 4965
f 4965 4964 4966
f 4965 4966 4967
f 4967 4966 4968
f 4967 4968 4969
f 4969 4968 4970
f 4969 4970 4971
f 4971 4970 4972
f 4971 4972 4973
f 4973 4972 4974
f 4973 4974 4975
f 4975 4974 4976
f 4975 4976 4977
f 4977 4976 4978
f 4977 4978 4979
f 4979 4978 4980
f 4979 4980 4911
f 4911 4980 4912
f 4981 4982 4983
f 4983 4982 4984
f 4983 4984 4985
f 4985 4984 4986
f 4985 4986 4987
f 4987 4986 4988
f 4987 4988 4989
f 4989 4988 4990
f 4989 4990 4991
f 4991 4990 4992
f 4991 4992 4993
f 4993 4992 4994
f 4993 4994 4995
f 4995 4994 4996
f 4995 4996 4997
f 4997 4996 4998
f 4997 4998 4999
f 4999 4998 5000
f 4999 5000 5001
f 5001 5000 5002
f 5001 5002 5003
f 5003 5002 5004
f 5003 5004 5005
f 5005 5004 5006
f 5005 5006 5007
f 5007 5006 5008
f 5007 5008 5009
f 5009 5008 5010
f 5009 5010 5011
f 5011 5010 5012
f 5011 5012 4981
f 4981 5012 4982
f 5013 5014 545
f 545 5014 546
f 546 5014 5015
f 546 5015 547
f 547 5015 5016
f 547 5016 548
f 548 5016 5017
f 548 5017 549
f 549 5017 5018
f 549 5018 550
f 550 5018 5019
f 550 5019 551
f 551 5019 5020
f 551 5020 552
f 552 5020 5021
f 552 5021 553
f 553 5021 4909
f 553 4909 554
f 4655 5022 573
f 573 5022 574
f 574 5022 5023
f 574 5023 575
f 575 5023 5024
f 575 5024 576
f 576 5024 5025
f 576 5025 577
f 577 5025 5026
f 577 5026 578
f 578 5026 5027
f 578 5027 579
f 579 5027 5028
f 579 5028 580
f 5029 5028 4748
f 4748 5028 5027
f 4748 5027 4750
f 4750 5027 5026
f 4750 5026 5025
f 4750 5025 4752
f 4752 5025 5024
f 4752 5024 4754
f 4754 5024 4756
f 4756 5024 5023
f 4756 5023 4758
f 4758 5023 5022
f 4758 5022 4760
f 4760 5022 4655
f 4760 4655 4762
f 4762 4655 4764
f 4764 4655 4766
f 4766 4655 4656
f 4766 4656 4782
f 4782 4656 4784
f 4784 4656 4786
f 4786 4656 4788
f 4788 4656 5030
f 4788 5030 4790
f 4790 5030 5031
f 4790 5031 4792
f 4792 5031 5032
f 4792 5032 4794
f 4794 5032 4796
f 4796 5032 5033
f 4796 5033 4798
f 4798 5033 5034
f 4798 5034 5035
f 4798 5035 4800
f 4800 5035 5036
f 4800 5036 5037
f 5029 4808 5037
f 5037 4808 4806
f 5037 4806 4804
f 4766 4782 4768
f 4768 4782 4780
f 4768 4780 4770
f 4770 4780 4810
f 4770 4810 4772
f 4772 4810 4808
f 4772 4808 5029
f 4804 4802 5037
f 5037 4802 4800
f 4748 4778 5029
f 5029 4778 4776
f 5029 4776 4774
f 4774 4772 5029
f 4908 4619 5038
f 5038 4619 557
f 5038 557 556
f 557 4619 558
f 558 4619 4618
f 558 4618 559
f 559 4618 4652
f 559 4652 560
f 560 4652 4650
f 560 4650 561
f 561 4650 4649
f 561 4649 562
f 562 4649 5039
f 562 5039 563
f 563 5039 5040
f 563 5040 564
f 564 5040 5041
f 4649 4891 5039
f 5038 556 5042
f 5042 556 555
f 5042 555 4910
f 565 5036 566
f 566 5036 5035
f 566 5035 5034
f 566 5034 567
f 567 5034 5033
f 567 5033 568
f 568 5033 5032
f 568 5032 569
f 569 5032 5031
f 569 5031 570
f 570 5031 5030
f 570 5030 571
f 571 5030 4656
f 571 4656 572
f 4567 4562 564
f 564 4562 563
f 563 4562 4746
f 563 4746 562
f 562 4746 4745
f 562 4745 4744
f 562 4744 561
f 561 4744 4742
f 561 4742 4820
f 4820 4742 4819
f 4819 4742 4741
f 4819 4741 4740
f 4819 4740 4818
f 4818 4740 4739
f 4818 4739 4817
f 4817 4739 4738
f 4817 4738 4816
f 4816 4738 4737
f 4816 4737 4815
f 4815 4737 4736
f 4815 4736 4814
f 4814 4736 4735
f 4814 4735 4813
f 4813 4735 4734
f 4813 4734 4812
f 4812 4734 4733
f 4812 4733 4732
f 4812 4732 4811
f 4811 4732 4723
f 4811 4723 4826
f 4826 4723 4724
f 4826 4724 4825
f 4825 4724 4725
f 4825 4725 557
f 557 4725 4726
f 557 4726 4727
f 557 4727 556
f 556 4727 4729
f 556 4729 4731
f 556 4857 555
f 555 4857 4859
f 555 4859 554
f 554 4859 553
f 553 4722 4721
f 553 4721 4720
f 553 4720 552
f 552 4720 4719
f 552 4719 4718
f 552 4718 5005
f 5005 4718 4717
f 5005 4717 5003
f 5003 4717 4716
f 5003 4716 5001
f 5001 4716 4715
f 5001 4715 4999
f 4999 4715 4714
f 4999 4714 4713
f 4999 4713 4997
f 4997 4713 4712
f 4997 4712 4995
f 4995 4712 4711
f 4995 4711 4993
f 4993 4711 4710
f 4993 4710 4991
f 4991 4710 4709
f 4991 4709 4989
f 4989 4709 4708
f 4989 4708 4987
f 4987 4708 4702
f 4987 4702 4985
f 4985 4702 4703
f 4985 4703 4704
f 4705 548 4704
f 4704 548 4983
f 4704 4983 4985
f 548 4705 547
f 547 4705 4706
f 547 4706 4707
f 547 4707 546
f 546 4707 4431
f 546 4431 545
f 545 4431 4425
f 545 4425 4439
f 4439 4700 580
f 580 4700 4699
f 580 4699 4698
f 4697 4747 4698
f 4698 4747 4749
f 4698 4749 578
f 578 4749 577
f 577 4749 4751
f 577 4751 576
f 576 4751 4753
f 576 4753 4755
f 4697 4696 4747
f 4747 4696 4777
f 4777 4696 4689
f 4777 4689 4775
f 4775 4689 4690
f 4775 4690 4773
f 4773 4690 4691
f 4773 4691 4771
f 4771 4691 4692
f 4771 4692 4769
f 4769 4692 4693
f 4769 4693 4767
f 4767 4693 4694
f 4767 4694 4765
f 4765 4694 4695
f 4765 4695 4763
f 4763 4695 4682
f 4763 4683 4761
f 4761 4683 4685
f 4761 4685 573
f 573 4685 4686
f 573 4686 4687
f 4687 4688 573
f 573 4395 4677
f 4677 4678 573
f 573 4678 4679
f 573 4679 572
f 572 4679 4680
f 572 4680 4675
f 4355 4349 4675
f 4675 4349 4670
f 4675 4670 572
f 572 4670 4671
f 572 4671 4672
f 4672 4673 572
f 572 4673 4785
f 572 4785 4787
f 4673 4674 4785
f 4785 4674 4783
f 4783 4663 4664
f 4783 4664 4781
f 4781 4664 4665
f 4781 4665 4779
f 4779 4665 4666
f 4779 4666 4809
f 4809 4666 4667
f 4809 4667 4807
f 4807 4667 4668
f 4807 4668 4805
f 4805 4668 4669
f 4805 4669 4803
f 4803 4669 4657
f 4803 4657 4801
f 4801 4657 4658
f 4801 4658 4799
f 4799 4658 4659
f 4799 4659 4660
f 4661 565 4660
f 4660 565 566
f 4660 566 567
f 4661 4662 565
f 565 4662 5043
f 5043 4662 4590
f 5043 4590 4880
f 4660 567 4797
f 4797 567 568
f 4797 568 4795
f 4795 568 569
f 4795 569 4793
f 4793 569 4791
f 4791 569 570
f 4791 570 4789
f 4789 570 571
f 4789 571 4787
f 4787 571 572
f 4761 573 4759
f 4759 573 574
f 4759 574 4757
f 4757 574 575
f 4757 575 4755
f 4755 575 576
f 578 579 4698
f 4698 579 580
f 580 545 4439
f 548 549 4983
f 4983 549 4981
f 4981 549 550
f 4981 550 5011
f 5011 550 5009
f 5009 550 551
f 5009 551 5007
f 5007 551 5005
f 5005 551 552
f 557 558 4825
f 4825 558 4824
f 4824 558 4823
f 4823 558 559
f 4823 559 4822
f 4822 559 4821
f 4821 559 560
f 4821 560 4820
f 4820 560 561
f 5044 4878 564
f 564 4878 4567
f 4797 4799 4660
f 5043 4880 5045
f 5045 4880 4879
f 4879 4881 5045
f 5045 4881 5046
f 5046 4881 4889
f 5046 4889 4888
f 4888 4887 5046
f 5046 4887 4886
f 5046 4886 4885
f 5046 4885 4890
f 4890 4885 4884
f 4890 4884 4883
f 4883 4882 4890
f 4890 4882 4941
f 4890 4941 4943
f 4882 4827 4941
f 4941 4827 4939
f 4939 4827 4937
f 4937 4827 4935
f 4935 4827 4933
f 4933 4827 4931
f 4931 4827 4828
f 4931 4828 4929
f 4929 4828 4927
f 4927 4828 4925
f 4925 4828 4923
f 4923 4828 4921
f 4921 4828 4829
f 4921 4829 4919
f 4919 4829 4275
f 4919 4275 4917
f 4917 4275 4274
f 4917 4274 4915
f 4915 4274 4913
f 4913 4274 4911
f 4911 4274 4844
f 4911 4844 4845
f 4829 4830 4275
f 4275 4830 4831
f 4275 4831 4454
f 4454 4831 4832
f 4454 4832 4833
f 4833 4834 4454
f 4454 4834 4835
f 4454 4835 4836
f 4836 4837 4454
f 4454 4450 4448
f 4454 4448 4296
f 4296 4275 4454
f 4844 4274 4462
f 4462 4274 4299
f 4462 4299 4459
f 4459 4460 4462
f 4462 4838 4844
f 4844 4838 4839
f 4839 4838 4840
f 4840 4838 4841
f 4841 4838 4842
f 4911 4845 4979
f 4979 4845 4846
f 4979 4846 4977
f 4977 4846 4847
f 4977 4847 4848
f 4977 4848 4975
f 4975 4848 4849
f 4975 4849 4973
f 4973 4849 4850
f 4973 4850 4971
f 4971 4850 4852
f 4971 4852 4511
f 4852 4850 4853
f 4853 4850 4851
f 4853 4851 4854
f 4854 4851 4855
f 4509 4279 4511
f 4511 4279 4969
f 4511 4969 4971
f 4279 4509 4300
f 4300 4509 4507
f 4278 4965 4279
f 4279 4965 4967
f 4279 4967 4969
f 4303 4518 4278
f 4278 4518 4519
f 4278 4519 4963
f 4963 4519 4961
f 4961 4519 4858
f 4961 4858 4959
f 4959 4858 4865
f 4959 4865 4866
f 4303 4517 4518
f 4858 4864 4865
f 4865 4864 4860
f 4860 4864 4863
f 4860 4863 4862
f 4959 4866 4957
f 4957 4866 4867
f 4957 4867 4955
f 4955 4867 4868
f 4955 4868 4953
f 4953 4868 4869
f 4953 4869 4951
f 4951 4869 4870
f 4951 4870 4949
f 4949 4870 4871
f 4949 4871 4617
f 4617 4871 4577
f 4617 4577 4569
f 4569 4577 4571
f 4571 4577 4573
f 4577 4871 4873
f 4873 4871 4872
f 4873 4872 4877
f 4877 4876 4873
f 4873 4876 4875
f 4890 4945 4617
f 4617 4945 4947
f 4617 4947 4949
f 4943 4945 4890
f 4963 4965 4278
f 4878 5044 4578
f 4578 5044 5046
f 4578 5046 4890
f 4890 4579 4578
f 4909 4964 4910
f 4910 4964 4962
f 4910 4962 4960
f 5021 5002 4909
f 4909 5002 5000
f 4909 5000 4972
f 4972 5000 4998
f 4972 4998 4974
f 4974 4998 4996
f 4974 4996 4976
f 4976 4996 4994
f 4976 4994 4978
f 4978 4994 4992
f 4978 4992 4980
f 4980 4992 5013
f 4980 5013 4912
f 4912 5013 4914
f 4914 5013 5047
f 4914 5047 4916
f 4916 5047 5048
f 4916 5048 4918
f 4918 5048 5049
f 4918 5049 4920
f 4920 5049 5050
f 4920 5050 4922
f 4922 5050 4924
f 4924 5050 4926
f 4926 5050 4928
f 4928 5050 4930
f 4930 5050 5051
f 4930 5051 4932
f 4932 5051 4934
f 4934 5051 4936
f 4936 5051 4938
f 4938 5051 5052
f 4938 5052 4940
f 4940 5052 5053
f 4940 5053 4942
f 4942 5053 5054
f 4942 5054 4944
f 4944 5054 5041
f 4944 5041 4946
f 4946 5041 4948
f 4948 5041 4896
f 4948 4896 4897
f 5002 5021 5004
f 5004 5021 5020
f 5004 5020 5006
f 5006 5020 5019
f 5006 5019 5008
f 5008 5019 5010
f 5010 5019 5018
f 5010 5018 5012
f 5012 5018 5017
f 5012 5017 4982
f 4982 5017 4984
f 4984 5017 5016
f 4984 5016 4986
f 4986 5016 5015
f 4986 5015 4988
f 4988 5015 5014
f 4988 5014 5013
f 5055 5056 5013
f 5013 5056 5057
f 5013 5057 5058
f 5058 5059 5013
f 5013 5059 5060
f 5013 5060 5047
f 5054 5061 5041
f 5041 5061 5062
f 5041 5062 5063
f 5063 5064 5041
f 5041 5064 5065
f 5041 5065 5066
f 5040 4894 5041
f 5041 4894 4895
f 5041 4895 4896
f 4894 5040 4893
f 4893 5040 5039
f 4893 5039 4892
f 4892 5039 4891
f 4948 4897 4950
f 4950 4897 4898
f 4950 4898 4952
f 4952 4898 4899
f 4952 4899 4954
f 4954 4899 4900
f 4954 4900 4956
f 4956 4900 4901
f 4956 4901 4958
f 4958 4901 4902
f 4958 4902 4903
f 4904 4910 4903
f 4903 4910 4960
f 4903 4960 4958
f 4904 4905 4910
f 4910 4905 5042
f 5042 4905 4906
f 5042 4906 5038
f 5038 4906 4907
f 5038 4907 4908
f 4992 4990 5013
f 5013 4990 4988
f 4972 4970 4909
f 4909 4970 4968
f 4909 4968 4966
f 4966 4964 4909
f 5067 5068 5029
f 5029 5068 5055
f 5029 5055 580
f 580 5055 545
f 545 5055 5013
f 580 5028 5029
f 5029 5037 5067
f 5067 5037 5069
f 5046 5066 5045
f 5045 5066 5037
f 5045 5037 5036
f 5044 564 5046
f 5046 564 5041
f 5046 5041 5066
f 5066 5070 5037
f 5037 5070 5069
f 5036 565 5045
f 5045 565 5043
f 5071 5072 5051
f 5051 5072 5052
f 5052 5072 5073
f 5052 5073 5053
f 5053 5073 5074
f 5053 5074 5054
f 5054 5074 5075
f 5054 5075 5061
f 5061 5075 5076
f 5061 5076 5062
f 5062 5076 5077
f 5062 5077 5063
f 5063 5077 5078
f 5063 5078 5064
f 5064 5078 5079
f 5064 5079 5065
f 5065 5079 5070
f 5065 5070 5066
f 5051 5050 5071
f 5071 5050 5080
f 5068 5081 5055
f 5055 5081 5056
f 5056 5081 5082
f 5056 5082 5057
f 5057 5082 5083
f 5057 5083 5058
f 5058 5083 5084
f 5058 5084 5059
f 5059 5084 5085
f 5059 5085 5060
f 5060 5085 5086
f 5060 5086 5047
f 5047 5086 5087
f 5047 5087 5048
f 5048 5087 5088
f 5048 5088 5049
f 5049 5088 5080
f 5049 5080 5050
f 5072 5071 5070
f 5070 5071 5080
f 5070 5080 5068
f 5068 5080 5088
f 5068 5088 5081
f 5081 5088 5087
f 5081 5087 5086
f 5086 5085 5081
f 5081 5085 5084
f 5081 5084 5083
f 5083 5082 5081
f 5067 5069 5068
f 5068 5069 5070
f 5079 5078 5070
f 5070 5078 5077
f 5070 5077 5076
f 5076 5075 5070
f 5070 5075 5074
f 5070 5074 5073
f 5073 5072 5070
f 5089 5090 5091
f 5091 5090 5092
f 5091 5092 5093
f 5093 5092 5094
f 5089 5091 5095
f 5095 5091 5096
f 5091 5093 5096
f 5096 5093 5097
f 5093 5094 5097
f 5097 5094 5098
f 5094 5092 5098
f 5098 5092 5099
f 5092 5090 5099
f 5099 5090 5100
f 5090 5089 5100
f 5100 5089 5095
f 5101 5102 5096
f 5096 5102 5103
f 5096 5103 5095
f 5095 5103 5104
f 5095 5104 5105
f 5095 5105 5100
f 5100 5105 5106
f 5100 5106 5099
f 5099 5106 5107
f 5099 5107 5108
f 5099 5108 5098
f 5098 5108 5109
f 5098 5109 5110
f 5098 5110 5097
f 5097 5110 5101
f 5097 5101 5096
f 5101 5111 5102
f 5102 5111 5112
f 5102 5112 5103
f 5103 5112 5113
f 5103 5113 5104
f 5104 5113 5114
f 5104 5114 5105
f 5105 5114 5115
f 5105 5115 5106
f 5106 5115 5116
f 5106 5116 5107
f 5107 5116 5117
f 5107 5117 5118
f 5111 5101 5119
f 5119 5101 5110
f 5119 5110 5120
f 5120 5110 5109
f 5120 5109 5121
f 5121 5109 5108
f 5121 5108 5118
f 5118 5108 5107
f 5116 5122 5117
f 5117 5122 5123
f 5117 5123 5118
f 5118 5123 5124
f 5118 5124 5121
f 5121 5124 5125
f 5121 5125 5120
f 5120 5125 5126
f 5120 5126 5119
f 5119 5126 5127
f 5119 5127 5111
f 5111 5127 5128
f 5111 5128 5112
f 5112 5128 5129
f 5112 5129 5113
f 5113 5129 5130
f 5113 5130 5114
f 5114 5130 5131
f 5114 5131 5115
f 5115 5131 5132
f 5115 5132 5116
f 5116 5132 5122
f 5133 5134 5135
f 5135 5134 5136
f 5135 5136 5137
f 5137 5136 5138
f 5137 5138 5139
f 5139 5138 5140
f 5139 5140 5141
f 5123 5122 5142
f 5142 5122 5132
f 5142 5132 5143
f 5143 5132 5131
f 5143 5131 5144
f 5144 5131 5130
f 5144 5130 5145
f 5145 5130 5129
f 5145 5129 5146
f 5146 5129 5128
f 5146 5128 5147
f 5147 5128 5127
f 5147 5127 5126
f 5147 5126 5148
f 5148 5126 5125
f 5148 5125 5149
f 5149 5125 5124
f 5149 5124 5150
f 5150 5124 5123
f 5150 5123 5142
f 5135 5142 5133
f 5133 5142 5143
f 5133 5143 5134
f 5134 5143 5144
f 5134 5144 5136
f 5136 5144 5145
f 5136 5145 5138
f 5138 5145 5146
f 5138 5146 5140
f 5140 5146 5147
f 5140 5147 5141
f 5141 5147 5148
f 5141 5148 5139
f 5139 5148 5149
f 5139 5149 5137
f 5137 5149 5150
f 5137 5150 5135
f 5135 5150 5142
f 5151 5152 5153
f 5153 5152 5154
f 5153 5154 5155
f 5155 5154 5156
f 5151 5153 5157
f 5157 5153 5158
f 5153 5155 5158
f 5158 5155 5159
f 5155 5156 5159
f 5159 5156 5160
f 5156 5154 5160
f 5160 5154 5161
f 5154 5152 5161
f 5161 5152 5162
f 5152 5151 5162
f 5162 5151 5157
f 5163 5164 5158
f 5158 5164 5165
f 5158 5165 5157
f 5157 5165 5166
f 5157 5166 5167
f 5157 5167 5162
f 5162 5167 5168
f 5162 5168 5161
f 5161 5168 5169
f 5161 5169 5170
f 5161 5170 5160
f 5160 5170 5171
f 5160 5171 5172
f 5160 5172 5159
f 5159 5172 5163
f 5159 5163 5158
f 5163 5173 5164
f 5164 5173 5174
f 5164 5174 5165
f 5165 5174 5175
f 5165 5175 5166
f 5166 5175 5176
f 5166 5176 5167
f 5167 5176 5177
f 5167 5177 5168
f 5168 5177 5178
f 5168 5178 5169
f 5169 5178 5179
f 5169 5179 5180
f 5173 5163 5181
f 5181 5163 5172
f 5181 5172 5182
f 5182 5172 5171
f 5182 5171 5183
f 5183 5171 5170
f 5183 5170 5180
f 5180 5170 5169
f 5178 5184 5179
f 5179 5184 5185
f 5179 5185 5180
f 5180 5185 5186
f 5180 5186 5183
f 5183 5186 5187
f 5183 5187 5182
f 5182 5187 5188
f 5182 5188 5181
f 5181 5188 5189
f 5181 5189 5173
f 5173 5189 5190
f 5173 5190 5174
f 5174 5190 5191
f 5174 5191 5175
f 5175 5191 5192
f 5175 5192 5176
f 5176 5192 5193
f 5176 5193 5177
f 5177 5193 5194
f 5177 5194 5178
f 5178 5194 5184
f 5195 5196 5197
f 5197 5196 5198
f 5197 5198 5199
f 5199 5198 5200
f 5199 5200 5201
f 5201 5200 5202
f 5201 5202 5203
f 5185 5184 5204
f 5204 5184 5194
f 5204 5194 5205
f 5205 5194 5193
f 5205 5193 5206
f 5206 5193 5192
f 5206 5192 5207
f 5207 5192 5191
f 5207 5191 5208
f 5208 5191 5190
f 5208 5190 5209
f 5209 5190 5189
f 5209 5189 5188
f 5209 5188 5210
f 5210 5188 5187
f 5210 5187 5211
f 5211 5187 5186
f 5211 5186 5212
f 5212 5186 5185
f 5212 5185 5204
f 5197 5204 5195
f 5195 5204 5205
f 5195 5205 5196
f 5196 5205 5206
f 5196 5206 5198
f 5198 5206 5207
f 5198 5207 5200
f 5200 5207 5208
f 5200 5208 5202
f 5202 5208 5209
f 5202 5209 5203
f 5203 5209 5210
f 5203 5210 5201
f 5201 5210 5211
f 5201 5211 5199
f 5199 5211 5212
f 5199 5212 5197
f 5197 5212 5204
f 5213 5214 5215
f 5215 5214 5216
f 5215 5217 5213
f 5213 5217 5218
f 5218 5217 5219
f 5218 5219 5220
f 5220 5219 5221
f 5220 5221 5222
f 5222 5221 5223
f 5222 5223 5224
f 5224 5223 5225
f 5224 5225 5226
f 5226 5225 5227
f 5226 5227 5228
f 5228 5227 5229
f 5228 5229 5230
f 5230 5229 5231
f 5230 5231 5232
f 5232 5231 5233
f 5232 5233 5234
f 5234 5233 5235
f 5234 5235 5236
f 5236 5235 5237
f 5236 5237 5238
f 5238 5237 5239
f 5239 5237 5240
f 5239 5240 5241
f 5241 5240 5242
f 5241 5242 5243
f 5243 5242 5244
f 5243 5244 5245
f 5243 5245 5246
f 5246 5245 5247
f 5246 5247 5248
f 5248 5247 5249
f 5248 5249 5250
f 5250 5249 5251
f 5250 5251 5252
f 5251 5253 5252
f 5252 5253 5254
f 5255 5256 5257
f 5257 5256 5258
f 5257 5258 5259
f 5257 5259 5260
f 5260 5259 5261
f 5260 5261 5262
f 5262 5261 5263
f 5262 5263 5264
f 5264 5263 5254
f 5264 5254 5253
f 5265 5266 5255
f 5255 5266 5256
f 5266 5265 5267
f 5267 5265 5268
f 5267 5268 5269
f 5267 5269 5270
f 5270 5269 5271
f 5270 5271 5272
f 5272 5271 5273
f 5272 5273 5274
f 5274 5273 5275
f 5274 5275 5276
f 5276 5275 5277
f 5276 5277 5278
f 5279 5278 5280
f 5280 5278 5277
f 5280 5281 5279
f 5279 5281 5282
f 5282 5281 5283
f 5282 5283 5284
f 5284 5283 5285
f 5284 5285 5286
f 5286 5285 5287
f 5286 5287 5288
f 5288 5287 5289
f 5288 5289 5290
f 5290 5289 5291
f 5291 5289 5292
f 5293 5294 5295
f 5295 5294 5296
f 5295 5297 5293
f 5293 5297 5298
f 5297 5299 5298
f 5298 5299 5300
f 5300 5299 5301
f 5300 5301 5302
f 5302 5301 5303
f 5302 5303 5304
f 5304 5303 5305
f 5305 5303 5306
f 5305 5306 5214
f 5214 5306 5216
f 5307 5308 5309
f 5309 5308 5310
f 5309 5310 5311
f 5311 5310 5312
f 5311 5312 5313
f 5313 5312 5314
f 5313 5314 5315
f 5315 5314 5316
f 5315 5316 5317
f 5317 5316 5318
f 5317 5318 5319
f 5319 5318 5320
f 5319 5320 5321
f 5321 5320 5322
f 5321 5322 5323
f 5323 5322 5324
f 5323 5324 5325
f 5325 5324 5326
f 5325 5326 5327
f 5327 5326 5328
f 5327 5328 5329
f 5329 5328 5330
f 5329 5330 5331
f 5331 5330 5332
f 5331 5332 5333
f 5333 5332 5334
f 5333 5334 5335
f 5335 5334 5336
f 5335 5336 5337
f 5337 5336 5338
f 5337 5338 5307
f 5307 5338 5308
f 5339 5340 5341
f 5341 5340 5342
f 5341 5342 5343
f 5343 5342 5344
f 5343 5344 5345
f 5345 5344 5346
f 5345 5346 5347
f 5347 5346 5348
f 5347 5348 5349
f 5349 5348 5350
f 5349 5350 5351
f 5351 5350 5352
f 5351 5352 5353
f 5353 5352 5354
f 5353 5354 5355
f 5355 5354 5356
f 5355 5356 5357
f 5357 5356 5358
f 5357 5358 5359
f 5359 5358 5360
f 5359 5360 5361
f 5361 5360 5362
f 5361 5362 5363
f 5363 5362 5364
f 5363 5364 5365
f 5365 5364 5366
f 5365 5366 5367
f 5367 5366 5368
f 5367 5368 5369
f 5369 5368 5370
f 5369 5370 5339
f 5339 5370 5340
f 5371 5372 5373
f 5373 5372 5374
f 5372 5375 5374
f 5374 5375 5376
f 5377 5378 5379
f 5379 5378 5380
f 5380 5378 5381
f 5380 5381 5382
f 5382 5381 5383
f 5382 5383 5384
f 5384 5383 5385
f 5384 5385 5386
f 5386 5385 5387
f 5386 5387 5388
f 5388 5387 5389
f 5389 5387 5390
f 5379 5391 5377
f 5377 5391 5392
f 5393 5394 5395
f 5395 5394 5396
f 5395 5396 5397
f 5395 5397 5398
f 5398 5397 5399
f 5398 5399 5400
f 5400 5399 5401
f 5400 5401 5402
f 5402 5401 5403
f 5402 5403 5404
f 5404 5403 5392
f 5404 5392 5391
f 5394 5393 5405
f 5405 5393 5406
f 5405 5406 5407
f 5407 5406 5408
f 5407 5408 5409
f 5407 5409 5410
f 5410 5409 5411
f 5410 5411 5412
f 5412 5411 5413
f 5412 5413 5414
f 5414 5413 5415
f 5414 5415 5416
f 5417 5416 5418
f 5418 5416 5415
f 5419 5420 5421
f 5421 5420 5422
f 5421 5422 5423
f 5421 5423 5424
f 5424 5423 5425
f 5424 5425 5426
f 5426 5425 5427
f 5426 5427 5428
f 5428 5427 5417
f 5428 5417 5418
f 5429 5430 5419
f 5419 5430 5420
f 5430 5429 5431
f 5431 5429 5432
f 5431 5432 5433
f 5431 5433 5434
f 5434 5433 5435
f 5434 5435 5436
f 5436 5435 5437
f 5436 5437 5438
f 5438 5437 5439
f 5438 5439 5440
f 5440 5439 5441
f 5440 5441 5442
f 5442 5441 5443
f 5442 5443 5444
f 5444 5443 5445
f 5444 5445 5446
f 5446 5445 5447
f 5446 5447 5448
f 5448 5447 5449
f 5448 5449 5450
f 5450 5449 5451
f 5450 5451 5452
f 5452 5451 5453
f 5452 5453 5454
f 5453 5455 5454
f 5454 5455 5456
f 5456 5455 5457
f 5457 5455 5458
f 5457 5458 5459
f 5459 5458 5460
f 5459 5460 5461
f 5459 5461 5462
f 5462 5461 5463
f 5462 5463 5464
f 5464 5463 5371
f 5464 5371 5373
f 5465 5466 5467
f 5467 5466 5468
f 5467 5468 5469
f 5469 5468 5470
f 5469 5470 5471
f 5471 5470 5472
f 5471 5472 5473
f 5473 5472 5474
f 5473 5474 5475
f 5475 5474 5476
f 5475 5476 5477
f 5477 5476 5478
f 5477 5478 5479
f 5479 5478 5480
f 5479 5480 5481
f 5481 5480 5482
f 5481 5482 5483
f 5483 5482 5484
f 5483 5484 5485
f 5485 5484 5486
f 5485 5486 5487
f 5487 5486 5488
f 5487 5488 5489
f 5489 5488 5490
f 5489 5490 5491
f 5491 5490 5492
f 5491 5492 5493
f 5493 5492 5494
f 5493 5494 5495
f 5495 5494 5496
f 5495 5496 5465
f 5465 5496 5466
f 5497 5498 5499
f 5499 5498 5500
f 5499 5500 5501
f 5501 5500 5502
f 5501 5502 5503
f 5503 5502 5504
f 5503 5504 5505
f 5505 5504 5506
f 5505 5506 5507
f 5507 5506 5508
f 5507 5508 5509
f 5509 5508 5510
f 5509 5510 5511
f 5511 5510 5512
f 5511 5512 5513
f 5513 5512 5514
f 5513 5514 5515
f 5515 5514 5516
f 5515 5516 5517
f 5517 5516 5518
f 5517 5518 5519
f 5519 5518 5520
f 5519 5520 5521
f 5521 5520 5522
f 5521 5522 5523
f 5523 5522 5524
f 5523 5524 5525
f 5525 5524 5526
f 5525 5526 5527
f 5527 5526 5528
f 5527 5528 5497
f 5497 5528 5498
f 5375 5372 5529
f 5529 5372 5371
f 5529 5371 5463
f 5463 5461 5529
f 5529 5461 5460
f 5529 5460 5530
f 5530 5460 5453
f 5530 5453 5451
f 5460 5458 5453
f 5453 5458 5455
f 5451 5449 5530
f 5530 5449 5389
f 5389 5449 5447
f 5389 5447 5388
f 5388 5447 5445
f 5388 5445 5386
f 5386 5445 5443
f 5386 5443 5384
f 5384 5443 5382
f 5382 5443 5441
f 5382 5441 5380
f 5380 5441 5439
f 5380 5439 5379
f 5379 5439 5471
f 5379 5471 5473
f 5439 5437 5471
f 5471 5437 5469
f 5469 5437 5467
f 5467 5437 5435
f 5467 5435 5465
f 5465 5435 5433
f 5465 5433 5495
f 5495 5433 5493
f 5493 5433 5432
f 5493 5432 5491
f 5491 5432 5429
f 5491 5429 5507
f 5507 5429 5505
f 5505 5429 5503
f 5503 5429 5501
f 5501 5429 5419
f 5501 5419 5499
f 5499 5419 5497
f 5497 5419 5527
f 5527 5419 5421
f 5527 5421 5424
f 5527 5424 5525
f 5525 5424 5426
f 5525 5426 5428
f 5428 5418 5525
f 5525 5418 5523
f 5523 5418 5415
f 5523 5415 5521
f 5521 5415 5413
f 5521 5413 5411
f 5411 5409 5521
f 5521 5409 5519
f 5519 5409 5408
f 5519 5408 5406
f 5393 5483 5406
f 5406 5483 5485
f 5406 5485 5513
f 5513 5485 5487
f 5513 5487 5511
f 5511 5487 5489
f 5511 5489 5509
f 5509 5489 5491
f 5509 5491 5507
f 5395 5398 5393
f 5393 5398 5400
f 5393 5400 5402
f 5402 5404 5393
f 5393 5404 5391
f 5393 5391 5475
f 5475 5391 5473
f 5473 5391 5379
f 5513 5515 5406
f 5406 5515 5517
f 5406 5517 5519
f 5475 5477 5393
f 5393 5477 5479
f 5393 5479 5481
f 5481 5483 5393
f 5529 5530 5531
f 5531 5530 5532
f 5216 5306 5215
f 5215 5306 5303
f 5215 5303 5532
f 5532 5303 5301
f 5532 5301 5531
f 5531 5301 5299
f 5531 5299 5297
f 5297 5295 5531
f 5531 5295 5296
f 5215 5532 5217
f 5217 5532 5292
f 5217 5292 5219
f 5219 5292 5289
f 5219 5289 5287
f 5219 5287 5221
f 5221 5287 5285
f 5221 5285 5223
f 5223 5285 5283
f 5223 5283 5281
f 5223 5281 5225
f 5225 5281 5280
f 5225 5280 5227
f 5227 5280 5265
f 5227 5265 5333
f 5333 5265 5331
f 5331 5265 5329
f 5329 5265 5327
f 5327 5265 5325
f 5325 5265 5255
f 5325 5255 5323
f 5323 5255 5359
f 5323 5359 5321
f 5321 5359 5361
f 5321 5361 5319
f 5319 5361 5363
f 5319 5363 5240
f 5240 5363 5365
f 5240 5365 5367
f 5277 5271 5280
f 5280 5271 5269
f 5280 5269 5268
f 5275 5273 5277
f 5277 5273 5271
f 5268 5265 5280
f 5257 5351 5255
f 5255 5351 5353
f 5255 5353 5355
f 5351 5257 5349
f 5349 5257 5260
f 5349 5260 5262
f 5264 5253 5262
f 5262 5253 5349
f 5253 5251 5349
f 5349 5251 5247
f 5349 5247 5245
f 5251 5249 5247
f 5245 5244 5349
f 5349 5244 5347
f 5347 5244 5242
f 5347 5242 5345
f 5345 5242 5343
f 5343 5242 5341
f 5341 5242 5339
f 5339 5242 5240
f 5339 5240 5369
f 5369 5240 5367
f 5240 5237 5319
f 5319 5237 5317
f 5317 5237 5235
f 5317 5235 5315
f 5315 5235 5313
f 5313 5235 5233
f 5313 5233 5311
f 5311 5233 5309
f 5309 5233 5231
f 5309 5231 5307
f 5307 5231 5337
f 5337 5231 5229
f 5337 5229 5335
f 5335 5229 5227
f 5335 5227 5333
f 5355 5357 5255
f 5255 5357 5359
f 5294 5293 5533
f 5533 5293 5298
f 5533 5298 5300
f 5300 5302 5533
f 5533 5302 5304
f 5533 5304 5534
f 5534 5304 5213
f 5534 5213 5218
f 5304 5305 5213
f 5213 5305 5214
f 5218 5220 5534
f 5534 5220 5291
f 5291 5220 5222
f 5291 5222 5290
f 5290 5222 5224
f 5290 5224 5288
f 5288 5224 5226
f 5288 5226 5286
f 5286 5226 5284
f 5284 5226 5228
f 5284 5228 5282
f 5282 5228 5230
f 5282 5230 5279
f 5279 5230 5338
f 5279 5338 5336
f 5230 5232 5338
f 5338 5232 5308
f 5308 5232 5310
f 5310 5232 5234
f 5310 5234 5312
f 5312 5234 5236
f 5312 5236 5314
f 5314 5236 5316
f 5316 5236 5238
f 5316 5238 5318
f 5318 5238 5239
f 5318 5239 5366
f 5366 5239 5368
f 5368 5239 5370
f 5370 5239 5340
f 5340 5239 5241
f 5340 5241 5342
f 5342 5241 5344
f 5344 5241 5346
f 5346 5241 5243
f 5346 5243 5246
f 5346 5246 5348
f 5348 5246 5248
f 5348 5248 5250
f 5250 5252 5348
f 5348 5252 5350
f 5350 5252 5254
f 5350 5254 5352
f 5352 5254 5263
f 5352 5263 5261
f 5261 5259 5352
f 5352 5259 5354
f 5354 5259 5258
f 5354 5258 5256
f 5266 5326 5256
f 5256 5326 5324
f 5256 5324 5360
f 5360 5324 5322
f 5360 5322 5362
f 5362 5322 5320
f 5362 5320 5364
f 5364 5320 5318
f 5364 5318 5366
f 5267 5270 5266
f 5266 5270 5272
f 5266 5272 5274
f 5274 5276 5266
f 5266 5276 5278
f 5266 5278 5334
f 5334 5278 5336
f 5336 5278 5279
f 5360 5358 5256
f 5256 5358 5356
f 5256 5356 5354
f 5334 5332 5266
f 5266 5332 5330
f 5266 5330 5328
f 5328 5326 5266
f 5456 5457 5454
f 5454 5457 5459
f 5454 5459 5535
f 5535 5459 5462
f 5535 5462 5536
f 5536 5462 5464
f 5536 5464 5373
f 5373 5374 5536
f 5536 5374 5376
f 5454 5535 5452
f 5452 5535 5390
f 5452 5390 5450
f 5450 5390 5387
f 5450 5387 5385
f 5450 5385 5448
f 5448 5385 5383
f 5448 5383 5446
f 5446 5383 5381
f 5446 5381 5378
f 5446 5378 5444
f 5444 5378 5377
f 5444 5377 5442
f 5442 5377 5394
f 5442 5394 5476
f 5476 5394 5478
f 5478 5394 5480
f 5480 5394 5482
f 5482 5394 5484
f 5484 5394 5405
f 5484 5405 5486
f 5486 5405 5514
f 5486 5514 5488
f 5488 5514 5512
f 5488 5512 5490
f 5490 5512 5510
f 5490 5510 5430
f 5430 5510 5508
f 5430 5508 5506
f 5392 5399 5377
f 5377 5399 5397
f 5377 5397 5396
f 5403 5401 5392
f 5392 5401 5399
f 5396 5394 5377
f 5407 5522 5405
f 5405 5522 5520
f 5405 5520 5518
f 5522 5407 5524
f 5524 5407 5410
f 5524 5410 5412
f 5414 5416 5412
f 5412 5416 5524
f 5416 5417 5524
f 5524 5417 5425
f 5524 5425 5423
f 5417 5427 5425
f 5423 5422 5524
f 5524 5422 5526
f 5526 5422 5420
f 5526 5420 5528
f 5528 5420 5498
f 5498 5420 5500
f 5500 5420 5502
f 5502 5420 5430
f 5502 5430 5504
f 5504 5430 5506
f 5430 5431 5490
f 5490 5431 5492
f 5492 5431 5434
f 5492 5434 5494
f 5494 5434 5496
f 5496 5434 5436
f 5496 5436 5466
f 5466 5436 5468
f 5468 5436 5438
f 5468 5438 5470
f 5470 5438 5472
f 5472 5438 5440
f 5472 5440 5474
f 5474 5440 5442
f 5474 5442 5476
f 5518 5516 5405
f 5405 5516 5514
f 5537 5538 5539
f 5539 5538 5540
f 5540 5538 5541
f 5540 5541 5542
f 5542 5541 5536
f 5536 5541 5535
f 5294 5533 5531
f 5531 5533 5543
f 5531 5543 5544
f 5544 5545 5531
f 5531 5545 5539
f 5531 5539 5529
f 5529 5539 5540
f 5529 5540 5542
f 5542 5536 5529
f 5529 5536 5375
f 5375 5536 5376
f 5531 5296 5294
f 5534 5546 5533
f 5533 5546 5543
f 5543 5546 5547
f 5543 5547 5544
f 5544 5547 5548
f 5544 5548 5545
f 5390 5535 5530
f 5530 5535 5541
f 5530 5541 5538
f 5538 5537 5530
f 5530 5537 5548
f 5530 5548 5532
f 5532 5548 5547
f 5532 5547 5546
f 5546 5534 5532
f 5532 5534 5292
f 5292 5534 5291
f 5530 5389 5390
f 5545 5548 5539
f 5539 5548 5537
f 5549 5550 5551
f 5551 5550 5552
f 5551 5552 5553
f 5553 5552 5554
f 5555 5554 5556
f 5556 5554 5552
f 5556 5552 5557
f 5557 5552 5558
f 5558 5552 5559
f 5559 5552 5550
f 5559 5550 5560
f 5560 5550 5561
f 5562 5563 5551
f 5551 5563 5564
f 5551 5564 5549
f 5549 5564 5565
f 5562 5551 5566
f 5566 5551 5553
f 5566 5553 5567
f 5567 5553 5568
f 5555 5569 5554
f 5554 5569 5570
f 5554 5570 5553
f 5553 5570 5568
f 5565 5571 5549
f 5549 5571 5572
f 5549 5572 5550
f 5550 5572 5561
f 5573 5574 5575
f 5575 5574 5576
f 5575 5576 5577
f 5577 5576 5578
f 5577 5578 5579
f 5579 5578 5580
f 5579 5580 5581
f 5579 5581 5582
f 5582 5581 5583
f 5582 5583 5584
f 5584 5583 5585
f 5584 5585 5586
f 5586 5585 5587
f 5586 5587 5588
f 5586 5588 5589
f 5589 5588 5590
f 5589 5590 5591
f 5591 5590 5592
f 5591 5592 5593
f 5593 5592 5594
f 5593 5594 5572
f 5559 5594 5595
f 5559 5595 5575
f 5575 5595 5573
f 5590 5596 5592
f 5592 5596 5597
f 5592 5597 5598
f 5598 5597 5599
f 5598 5599 5595
f 5595 5599 5573
f 5600 5569 5601
f 5601 5557 5577
f 5601 5577 5579
f 5577 5557 5575
f 5575 5557 5558
f 5575 5558 5559
f 5593 5564 5591
f 5591 5564 5563
f 5591 5563 5586
f 5586 5563 5562
f 5586 5562 5566
f 5586 5566 5584
f 5584 5566 5567
f 5584 5567 5600
f 5589 5591 5586
f 5594 5592 5598
f 5600 5601 5579
f 5594 5598 5595
f 5579 5582 5600
f 5600 5582 5584
f 5573 5602 5574
f 5574 5602 5603
f 5574 5603 5576
f 5576 5603 5604
f 5576 5604 5578
f 5578 5604 5605
f 5578 5605 5580
f 5580 5605 5606
f 5580 5606 5581
f 5581 5606 5607
f 5581 5607 5583
f 5583 5607 5608
f 5583 5608 5585
f 5585 5608 5609
f 5585 5609 5587
f 5587 5609 5610
f 5587 5610 5588
f 5588 5610 5611
f 5588 5611 5590
f 5590 5611 5612
f 5590 5612 5596
f 5596 5612 5613
f 5596 5613 5597
f 5597 5613 5614
f 5597 5614 5599
f 5599 5614 5615
f 5599 5615 5573
f 5573 5615 5602
f 5616 5617 5618
f 5618 5617 5619
f 5618 5619 5620
f 5620 5619 5621
f 5620 5621 5622
f 5622 5621 5623
f 5624 5625 5616
f 5616 5625 5617
f 5604 5603 5626
f 5626 5603 5602
f 5626 5602 5627
f 5627 5602 5615
f 5627 5615 5628
f 5628 5615 5614
f 5628 5614 5613
f 5628 5613 5629
f 5629 5613 5612
f 5629 5612 5630
f 5630 5612 5611
f 5630 5611 5631
f 5631 5611 5610
f 5631 5610 5609
f 5631 5609 5632
f 5632 5609 5608
f 5632 5608 5633
f 5633 5608 5607
f 5633 5607 5606
f 5633 5606 5634
f 5634 5606 5605
f 5634 5605 5635
f 5635 5605 5604
f 5635 5604 5626
f 5620 5635 5618
f 5618 5635 5626
f 5618 5626 5616
f 5616 5626 5627
f 5616 5627 5624
f 5624 5627 5628
f 5624 5628 5625
f 5625 5628 5629
f 5625 5629 5617
f 5617 5629 5630
f 5617 5630 5619
f 5619 5630 5631
f 5619 5631 5621
f 5621 5631 5632
f 5621 5632 5623
f 5623 5632 5633
f 5623 5633 5622
f 5622 5633 5634
f 5622 5634 5620
f 5620 5634 5635
f 5636 5637 5638
f 5638 5637 5639
f 5638 5639 5640
f 5640 5639 5641
f 5642 5641 5643
f 5643 5641 5639
f 5643 5639 5644
f 5644 5639 5645
f 5645 5639 5646
f 5646 5639 5637
f 5646 5637 5647
f 5647 5637 5648
f 5649 5650 5638
f 5638 5650 5651
f 5638 5651 5636
f 5636 5651 5652
f 5649 5638 5653
f 5653 5638 5640
f 5653 5640 5654
f 5654 5640 5655
f 5642 5656 5641
f 5641 5656 5657
f 5641 5657 5640
f 5640 5657 5655
f 5652 5658 5636
f 5636 5658 5659
f 5636 5659 5637
f 5637 5659 5648
f 5660 5661 5662
f 5662 5661 5663
f 5662 5663 5664
f 5664 5663 5665
f 5664 5665 5666
f 5666 5665 5667
f 5666 5667 5668
f 5666 5668 5669
f 5669 5668 5670
f 5669 5670 5671
f 5671 5670 5672
f 5671 5672 5673
f 5673 5672 5674
f 5673 5674 5675
f 5673 5675 5676
f 5676 5675 5677
f 5676 5677 5678
f 5678 5677 5679
f 5678 5679 5680
f 5680 5679 5681
f 5680 5681 5659
f 5646 5681 5682
f 5646 5682 5662
f 5662 5682 5660
f 5677 5683 5679
f 5679 5683 5684
f 5679 5684 5685
f 5685 5684 5686
f 5685 5686 5682
f 5682 5686 5660
f 5687 5656 5688
f 5688 5644 5664
f 5688 5664 5666
f 5664 5644 5662
f 5662 5644 5645
f 5662 5645 5646
f 5680 5651 5678
f 5678 5651 5650
f 5678 5650 5673
f 5673 5650 5649
f 5673 5649 5653
f 5673 5653 5671
f 5671 5653 5654
f 5671 5654 5687
f 5676 5678 5673
f 5681 5679 5685
f 5687 5688 5666
f 5681 5685 5682
f 5666 5669 5687
f 5687 5669 5671
f 5660 5689 5661
f 5661 5689 5690
f 5661 5690 5663
f 5663 5690 5691
f 5663 5691 5665
f 5665 5691 5692
f 5665 5692 5667
f 5667 5692 5693
f 5667 5693 5668
f 5668 5693 5694
f 5668 5694 5670
f 5670 5694 5695
f 5670 5695 5672
f 5672 5695 5696
f 5672 5696 5674
f 5674 5696 5697
f 5674 5697 5675
f 5675 5697 5698
f 5675 5698 5677
f 5677 5698 5699
f 5677 5699 5683
f 5683 5699 5700
f 5683 5700 5684
f 5684 5700 5701
f 5684 5701 5686
f 5686 5701 5702
f 5686 5702 5660
f 5660 5702 5689
f 5703 5704 5705
f 5705 5704 5706
f 5705 5706 5707
f 5707 5706 5708
f 5707 5708 5709
f 5709 5708 5710
f 5711 5712 5703
f 5703 5712 5704
f 5691 5690 5713
f 5713 5690 5689
f 5713 5689 5714
f 5714 5689 5702
f 5714 5702 5715
f 5715 5702 5701
f 5715 5701 5700
f 5715 5700 5716
f 5716 5700 5699
f 5716 5699 5717
f 5717 5699 5698
f 5717 5698 5718
f 5718 5698 5697
f 5718 5697 5696
f 5718 5696 5719
f 5719 5696 5695
f 5719 5695 5720
f 5720 5695 5694
f 5720 5694 5693
f 5720 5693 5721
f 5721 5693 5692
f 5721 5692 5722
f 5722 5692 5691
f 5722 5691 5713
f 5707 5722 5705
f 5705 5722 5713
f 5705 5713 5703
f 5703 5713 5714
f 5703 5714 5711
f 5711 5714 5715
f 5711 5715 5712
f 5712 5715 5716
f 5712 5716 5704
f 5704 5716 5717
f 5704 5717 5706
f 5706 5717 5718
f 5706 5718 5708
f 5708 5718 5719
f 5708 5719 5710
f 5710 5719 5720
f 5710 5720 5709
f 5709 5720 5721
f 5709 5721 5707
f 5707 5721 5722
f 5723 5724 5725
f 5725 5724 5726
f 5725 5726 5727
f 5727 5726 5728
f 5729 5728 5730
f 5730 5728 5726
f 5730 5726 5731
f 5731 5726 5732
f 5732 5726 5733
f 5733 5726 5724
f 5733 5724 5734
f 5734 5724 5735
f 5736 5737 5725
f 5725 5737 5738
f 5725 5738 5723
f 5723 5738 5739
f 5736 5725 5740
f 5740 5725 5727
f 5740 5727 5741
f 5741 5727 5742
f 5729 5743 5728
f 5728 5743 5744
f 5728 5744 5727
f 5727 5744 5742
f 5739 5745 5723
f 5723 5745 5746
f 5723 5746 5724
f 5724 5746 5735
f 5747 5748 5749
f 5749 5748 5750
f 5749 5750 5751
f 5751 5750 5752
f 5751 5752 5753
f 5753 5752 5754
f 5753 5754 5755
f 5753 5755 5756
f 5756 5755 5757
f 5756 5757 5758
f 5758 5757 5759
f 5758 5759 5760
f 5760 5759 5761
f 5760 5761 5762
f 5760 5762 5763
f 5763 5762 5764
f 5763 5764 5765
f 5765 5764 5766
f 5765 5766 5767
f 5767 5766 5768
f 5767 5768 5746
f 5733 5768 5769
f 5733 5769 5749
f 5749 5769 5747
f 5764 5770 5766
f 5766 5770 5771
f 5766 5771 5772
f 5772 5771 5773
f 5772 5773 5769
f 5769 5773 5747
f 5774 5743 5775
f 5775 5731 5751
f 5775 5751 5753
f 5751 5731 5749
f 5749 5731 5732
f 5749 5732 5733
f 5767 5738 5765
f 5765 5738 5737
f 5765 5737 5760
f 5760 5737 5736
f 5760 5736 5740
f 5760 5740 5758
f 5758 5740 5741
f 5758 5741 5774
f 5763 5765 5760
f 5768 5766 5772
f 5774 5775 5753
f 5768 5772 5769
f 5753 5756 5774
f 5774 5756 5758
f 5747 5776 5748
f 5748 5776 5777
f 5748 5777 5750
f 5750 5777 5778
f 5750 5778 5752
f 5752 5778 5779
f 5752 5779 5754
f 5754 5779 5780
f 5754 5780 5755
f 5755 5780 5781
f 5755 5781 5757
f 5757 5781 5782
f 5757 5782 5759
f 5759 5782 5783
f 5759 5783 5761
f 5761 5783 5784
f 5761 5784 5762
f 5762 5784 5785
f 5762 5785 5764
f 5764 5785 5786
f 5764 5786 5770
f 5770 5786 5787
f 5770 5787 5771
f 5771 5787 5788
f 5771 5788 5773
f 5773 5788 5789
f 5773 5789 5747
f 5747 5789 5776
f 5790 5791 5792
f 5792 5791 5793
f 5792 5793 5794
f 5794 5793 5795
f 5794 5795 5796
f 5796 5795 5797
f 5798 5799 5790
f 5790 5799 5791
f 5778 5777 5800
f 5800 5777 5776
f 5800 5776 5801
f 5801 5776 5789
f 5801 5789 5802
f 5802 5789 5788
f 5802 5788 5787
f 5802 5787 5803
f 5803 5787 5786
f 5803 5786 5804
f 5804 5786 5785
f 5804 5785 5805
f 5805 5785 5784
f 5805 5784 5783
f 5805 5783 5806
f 5806 5783 5782
f 5806 5782 5807
f 5807 5782 5781
f 5807 5781 5780
f 5807 5780 5808
f 5808 5780 5779
f 5808 5779 5809
f 5809 5779 5778
f 5809 5778 5800
f 5794 5809 5792
f 5792 5809 5800
f 5792 5800 5790
f 5790 5800 5801
f 5790 5801 5798
f 5798 5801 5802
f 5798 5802 5799
f 5799 5802 5803
f 5799 5803 5791
f 5791 5803 5804
f 5791 5804 5793
f 5793 5804 5805
f 5793 5805 5795
f 5795 5805 5806
f 5795 5806 5797
f 5797 5806 5807
f 5797 5807 5796
f 5796 5807 5808
f 5796 5808 5794
f 5794 5808 5809
f 5810 5811 5812
f 5812 5811 5813
f 5812 5813 5814
f 5814 5813 5815
f 5816 5815 5817
f 5817 5815 5813
f 5817 5813 5818
f 5818 5813 5819
f 5819 5813 5820
f 5820 5813 5811
f 5820 5811 5821
f 5821 5811 5822
f 5823 5824 5812
f 5812 5824 5825
f 5812 5825 5810
f 5810 5825 5826
f 5823 5812 5827
f 5827 5812 5814
f 5827 5814 5828
f 5828 5814 5829
f 5816 5830 5815
f 5815 5830 5831
f 5815 5831 5814
f 5814 5831 5829
f 5826 5832 5810
f 5810 5832 5833
f 5810 5833 5811
f 5811 5833 5822
f 5834 5835 5836
f 5836 5835 5837
f 5836 5837 5838
f 5838 5837 5839
f 5838 5839 5840
f 5840 5839 5841
f 5840 5841 5842
f 5840 5842 5843
f 5843 5842 5844
f 5843 5844 5845
f 5845 5844 5846
f 5845 5846 5847
f 5847 5846 5848
f 5847 5848 5849
f 5847 5849 5850
f 5850 5849 5851
f 5850 5851 5852
f 5852 5851 5853
f 5852 5853 5854
f 5854 5853 5855
f 5854 5855 5833
f 5820 5855 5856
f 5820 5856 5836
f 5836 5856 5834
f 5851 5857 5853
f 5853 5857 5858
f 5853 5858 5859
f 5859 5858 5860
f 5859 5860 5856
f 5856 5860 5834
f 5861 5830 5862
f 5862 5818 5838
f 5862 5838 5840
f 5838 5818 5836
f 5836 5818 5819
f 5836 5819 5820
f 5854 5825 5852
f 5852 5825 5824
f 5852 5824 5847
f 5847 5824 5823
f 5847 5823 5827
f 5847 5827 5845
f 5845 5827 5828
f 5845 5828 5861
f 5850 5852 5847
f 5855 5853 5859
f 5861 5862 5840
f 5855 5859 5856
f 5840 5843 5861
f 5861 5843 5845
f 5834 5863 5835
f 5835 5863 5864
f 5835 5864 5837
f 5837 5864 5865
f 5837 5865 5839
f 5839 5865 5866
f 5839 5866 5841
f 5841 5866 5867
f 5841 5867 5842
f 5842 5867 5868
f 5842 5868 5844
f 5844 5868 5869
f 5844 5869 5846
f 5846 5869 5870
f 5846 5870 5848
f 5848 5870 5871
f 5848 5871 5849
f 5849 5871 5872
f 5849 5872 5851
f 5851 5872 5873
f 5851 5873 5857
f 5857 5873 5874
f 5857 5874 5858
f 5858 5874 5875
f 5858 5875 5860
f 5860 5875 5876
f 5860 5876 5834
f 5834 5876 5863
f 5877 5878 5879
f 5879 5878 5880
f 5879 5880 5881
f 5881 5880 5882
f 5881 5882 5883
f 5883 5882 5884
f 5885 5886 5877
f 5877 5886 5878
f 5865 5864 5887
f 5887 5864 5863
f 5887 5863 5888
f 5888 5863 5876
f 5888 5876 5889
f 5889 5876 5875
f 5889 5875 5874
f 5889 5874 5890
f 5890 5874 5873
f 5890 5873 5891
f 5891 5873 5872
f 5891 5872 5892
f 5892 5872 5871
f 5892 5871 5870
f 5892 5870 5893
f 5893 5870 5869
f 5893 5869 5894
f 5894 5869 5868
f 5894 5868 5867
f 5894 5867 5895
f 5895 5867 5866
f 5895 5866 5896
f 5896 5866 5865
f 5896 5865 5887
f 5881 5896 5879
f 5879 5896 5887
f 5879 5887 5877
f 5877 5887 5888
f 5877 5888 5885
f 5885 5888 5889
f 5885 5889 5886
f 5886 5889 5890
f 5886 5890 5878
f 5878 5890 5891
f 5878 5891 5880
f 5880 5891 5892
f 5880 5892 5882
f 5882 5892 5893
f 5882 5893 5884
f 5884 5893 5894
f 5884 5894 5883
f 5883 5894 5895
f 5883 5895 5881
f 5881 5895 5896
f 5897 5898 5899
f 5899 5898 5900
f 5899 5900 5901
f 5902 5903 5897
f 5897 5903 5904
f 5897 5904 5905
f 5905 5904 5906
f 5906 5907 5908
f 5908 5907 5909
f 5908 5909 5910
f 5911 5912 5902
f 5902 5912 5913
f 5902 5913 5914
f 5914 5913 5915
f 5915 5916 5917
f 5917 5916 5918
f 5917 5918 5919
f 5899 5920 5911
f 5911 5920 5921
f 5911 5921 5922
f 5922 5921 5923
f 5923 5924 5925
f 5925 5924 5926
f 5925 5926 5927
f 5927 5926 5928
f 5927 5928 5929
f 5930 5931 5932
f 5930 5932 5899
f 5899 5932 5933
f 5899 5933 5934
f 5934 5933 5935
f 5935 5936 5937
f 5937 5936 5938
f 5937 5938 5910
f 5910 5938 5939
f 5910 5939 5908
f 5931 5940 5941
f 5941 5940 5942
f 5941 5942 5943
f 5943 5942 5944
f 5943 5944 5945
f 5946 5947 5945
f 5945 5947 5948
f 5945 5948 5943
f 5949 5946 5950
f 5949 5950 5897
f 5897 5950 5898
f 5901 5951 5899
f 5899 5951 5952
f 5899 5952 5930
f 5933 5932 5953
f 5953 5954 5955
f 5955 5954 5956
f 5955 5956 5957
f 5957 5956 5958
f 5957 5958 5959
f 5960 5961 5959
f 5959 5961 5962
f 5959 5962 5957
f 5905 5960 5949
f 5905 5949 5897
f 5934 5963 5920
f 5934 5920 5899
f 5963 5964 5965
f 5965 5964 5966
f 5965 5966 5967
f 5967 5966 5968
f 5967 5968 5969
f 5970 5971 5969
f 5969 5971 5972
f 5969 5972 5967
f 5903 5970 5904
f 5921 5920 5973
f 5973 5974 5975
f 5975 5974 5976
f 5975 5976 5977
f 5977 5976 5978
f 5977 5978 5979
f 5980 5981 5979
f 5979 5981 5982
f 5979 5982 5977
f 5983 5980 5903
f 5983 5903 5902
f 5984 5985 5929
f 5929 5985 5986
f 5929 5986 5927
f 5914 5984 5983
f 5914 5983 5902
f 5922 5987 5988
f 5922 5988 5911
f 5911 5988 5989
f 5911 5989 5990
f 5987 5991 5992
f 5992 5991 5993
f 5992 5993 5919
f 5919 5993 5994
f 5919 5994 5917
f 5990 5995 5911
f 5911 5995 5996
f 5911 5996 5912
f 5997 5911 5998
f 5998 5911 5902
f 5999 5899 5997
f 5997 5899 5911
f 6000 5897 5999
f 5999 5897 5899
f 5998 5902 6000
f 6000 5902 5897
f 5987 6001 5988
f 5988 6001 6002
f 5988 6002 5989
f 5989 6002 6003
f 5989 6003 5990
f 5990 6003 6004
f 5990 6004 5995
f 5995 6004 6005
f 5995 6005 5996
f 5996 6005 6006
f 5996 6006 5912
f 5912 6006 6007
f 5912 6007 5913
f 5913 6007 6008
f 5913 6008 5916
f 5916 6008 6009
f 5916 6009 5918
f 5918 6009 6010
f 5918 6010 5919
f 5919 6010 6011
f 5919 6011 5992
f 5992 6011 6012
f 5992 6012 5987
f 5987 6012 6001
f 5923 6013 5922
f 5922 6013 6014
f 5922 6014 5991
f 5991 6014 6015
f 5991 6015 5993
f 5993 6015 6016
f 5993 6016 5994
f 5994 6016 6017
f 5994 6017 5917
f 5917 6017 6018
f 5917 6018 5915
f 5915 6018 6019
f 5915 6019 5914
f 5914 6019 6020
f 5914 6020 5985
f 5985 6020 6021
f 5985 6021 5986
f 5986 6021 6022
f 5986 6022 5927
f 5927 6022 6023
f 5927 6023 5925
f 5925 6023 6024
f 5925 6024 5923
f 5923 6024 6013
f 5973 6025 5921
f 5921 6025 6026
f 5921 6026 5924
f 5924 6026 6027
f 5924 6027 5926
f 5926 6027 6028
f 5926 6028 5928
f 5928 6028 6029
f 5928 6029 5929
f 5929 6029 6030
f 5929 6030 5984
f 5984 6030 6031
f 5984 6031 5983
f 5983 6031 6032
f 5983 6032 5981
f 5981 6032 6033
f 5981 6033 5982
f 5982 6033 6034
f 5982 6034 5977
f 5977 6034 6035
f 5977 6035 5975
f 5975 6035 6036
f 5975 6036 5973
f 5973 6036 6025
f 5963 6037 5920
f 5920 6037 6038
f 5920 6038 5974
f 5974 6038 6039
f 5974 6039 5976
f 5976 6039 6040
f 5976 6040 5978
f 5978 6040 6041
f 5978 6041 5979
f 5979 6041 6042
f 5979 6042 5980
f 5980 6042 6043
f 5980 6043 5903
f 5903 6043 6044
f 5903 6044 5971
f 5971 6044 6045
f 5971 6045 5972
f 5972 6045 6046
f 5972 6046 5967
f 5967 6046 6047
f 5967 6047 5965
f 5965 6047 6048
f 5965 6048 5963
f 5963 6048 6037
f 5935 6049 5934
f 5934 6049 6050
f 5934 6050 5964
f 5964 6050 6051
f 5964 6051 5966
f 5966 6051 6052
f 5966 6052 5968
f 5968 6052 6053
f 5968 6053 5969
f 5969 6053 6054
f 5969 6054 5970
f 5970 6054 6055
f 5970 6055 5904
f 5904 6055 6056
f 5904 6056 5907
f 5907 6056 6057
f 5907 6057 5909
f 5909 6057 6058
f 5909 6058 5910
f 5910 6058 6059
f 5910 6059 5937
f 5937 6059 6060
f 5937 6060 5935
f 5935 6060 6049
f 5953 6061 5933
f 5933 6061 6062
f 5933 6062 5936
f 5936 6062 6063
f 5936 6063 5938
f 5938 6063 6064
f 5938 6064 5939
f 5939 6064 6065
f 5939 6065 5908
f 5908 6065 6066
f 5908 6066 5906
f 5906 6066 6067
f 5906 6067 5905
f 5905 6067 6068
f 5905 6068 5961
f 5961 6068 6069
f 5961 6069 5962
f 5962 6069 6070
f 5962 6070 5957
f 5957 6070 6071
f 5957 6071 5955
f 5955 6071 6072
f 5955 6072 5953
f 5953 6072 6061
f 5931 6073 5932
f 5932 6073 6074
f 5932 6074 5954
f 5954 6074 6075
f 5954 6075 5956
f 5956 6075 6076
f 5956 6076 5958
f 5958 6076 6077
f 5958 6077 5959
f 5959 6077 6078
f 5959 6078 5960
f 5960 6078 6079
f 5960 6079 5949
f 5949 6079 6080
f 5949 6080 5947
f 5947 6080 6081
f 5947 6081 5948
f 5948 6081 6082
f 5948 6082 5943
f 5943 6082 6083
f 5943 6083 5941
f 5941 6083 6084
f 5941 6084 5931
f 5931 6084 6073
f 5952 6085 5930
f 5930 6085 6086
f 5930 6086 5940
f 5940 6086 6087
f 5940 6087 5942
f 5942 6087 6088
f 5942 6088 5944
f 5944 6088 6089
f 5944 6089 5945
f 5945 6089 6090
f 5945 6090 5946
f 5946 6090 6091
f 5946 6091 5950
f 5950 6091 6092
f 5950 6092 5898
f 5898 6092 6093
f 5898 6093 5900
f 5900 6093 6094
f 5900 6094 5901
f 5901 6094 6095
f 5901 6095 5951
f 5951 6095 6096
f 5951 6096 5952
f 5952 6096 6085
f 5999 6093 6000
f 6000 6093 6092
f 6000 6092 6080
f 6080 6092 6091
f 6081 6091 6090
f 6081 6090 6082
f 6082 6090 6083
f 6083 6090 6089
f 6083 6089 6088
f 5997 6038 5999
f 5999 6038 6050
f 5999 6050 6062
f 6062 6050 6049
f 6063 6049 6060
f 6063 6060 6064
f 6064 6060 6059
f 6064 6059 6065
f 6065 6059 6066
f 6066 6059 6058
f 6066 6058 6057
f 5998 6007 5997
f 5997 6007 6006
f 5997 6006 6005
f 6000 6044 5998
f 5998 6044 6032
f 5998 6032 6020
f 6020 6032 6031
f 6021 6031 6030
f 6021 6030 6022
f 6022 6030 6023
f 6023 6030 6029
f 6023 6029 6028
f 6085 5999 6086
f 6086 5999 6074
f 6086 6074 6073
f 6085 6096 5999
f 5999 6096 6095
f 5999 6095 6094
f 6094 6093 5999
f 6083 6088 6084
f 6084 6088 6087
f 6084 6087 6073
f 6000 6080 6068
f 6068 6080 6079
f 6069 6079 6078
f 6069 6078 6070
f 6070 6078 6071
f 6071 6078 6077
f 6071 6077 6076
f 6071 6076 6072
f 6072 6076 6075
f 6072 6075 6061
f 6061 6074 6062
f 6062 6074 5999
f 6000 6068 6056
f 6056 6068 6067
f 6057 6067 6066
f 6000 6056 6044
f 6044 6056 6055
f 6045 6055 6054
f 6045 6054 6046
f 6046 6054 6047
f 6047 6054 6053
f 6047 6053 6052
f 6047 6052 6048
f 6048 6052 6051
f 6048 6051 6037
f 6037 6050 6038
f 6044 6043 6032
f 6033 6043 6042
f 6033 6042 6034
f 6034 6042 6035
f 6035 6042 6041
f 6035 6041 6040
f 6035 6040 6036
f 6036 6040 6039
f 6036 6039 6025
f 6025 6038 6026
f 6026 6038 5997
f 6026 5997 6014
f 6014 5997 6002
f 6014 6002 6001
f 6023 6028 6024
f 6024 6028 6027
f 6024 6027 6013
f 6013 6026 6014
f 5998 6020 6008
f 6008 6020 6019
f 6009 6019 6018
f 6009 6018 6010
f 6010 6018 6011
f 6011 6018 6017
f 6011 6017 6016
f 6011 6016 6012
f 6012 6016 6015
f 6012 6015 6001
f 6008 6007 5998
f 6005 6004 5997
f 5997 6004 6003
f 5997 6003 6002
f 6097 6098 6099
f 6099 6098 6100
f 6101 6098 6102
f 6102 6098 6097
f 6102 6103 6104
f 6104 6103 6105
f 6104 6105 6106
f 6106 6105 6107
f 6106 6107 6108
f 6108 6107 6099
f 6108 6099 6109
f 6109 6099 6110
f 6109 6110 6111
f 6097 6112 6102
f 6102 6112 6113
f 6102 6113 6114
f 6114 6113 6115
f 6114 6115 6116
f 6116 6115 6097
f 6116 6097 6117
f 6117 6097 6118
f 6117 6118 6119
f 6099 6120 6097
f 6097 6120 6121
f 6097 6121 6122
f 6104 6123 6099
f 6099 6123 6124
f 6099 6124 6125
f 6125 6124 6126
f 6125 6126 6127
f 6127 6126 6104
f 6127 6104 6111
f 6111 6104 6128
f 6111 6128 6109
f 6114 6129 6102
f 6102 6129 6119
f 6102 6119 6130
f 6129 6117 6119
f 6102 6130 6131
f 6131 6130 6132
f 6131 6132 6122
f 6122 6132 6097
f 6132 6118 6097
f 6131 6133 6102
f 6102 6133 6103
f 6133 6121 6103
f 6103 6121 6120
f 6107 6120 6099
f 6106 6128 6104
f 6125 6110 6099
f 6126 6134 6104
f 6104 6134 6123
f 6115 6135 6097
f 6097 6135 6112
f 6100 6136 6099
f 6099 6136 6104
f 6104 6136 6102
f 6102 6136 6101
f 6116 6137 6114
f 6114 6137 6138
f 6138 6139 6114
f 6114 6139 6129
f 6129 6139 6117
f 6117 6139 6140
f 6117 6140 6116
f 6116 6140 6137
f 6140 6139 6118
f 6118 6139 6119
f 6139 6141 6119
f 6119 6141 6130
f 6130 6141 6132
f 6132 6141 6142
f 6132 6142 6118
f 6118 6142 6140
f 6142 6141 6122
f 6122 6141 6131
f 6141 6143 6131
f 6131 6143 6133
f 6133 6143 6121
f 6121 6143 6144
f 6121 6144 6122
f 6122 6144 6142
f 6144 6143 6120
f 6120 6143 6103
f 6143 6145 6103
f 6103 6145 6105
f 6105 6145 6107
f 6107 6145 6146
f 6107 6146 6120
f 6120 6146 6144
f 6146 6145 6108
f 6108 6145 6106
f 6145 6147 6106
f 6106 6147 6128
f 6128 6147 6109
f 6109 6147 6148
f 6109 6148 6108
f 6108 6148 6146
f 6148 6147 6110
f 6110 6147 6111
f 6147 6149 6111
f 6111 6149 6127
f 6127 6149 6125
f 6125 6149 6150
f 6125 6150 6110
f 6110 6150 6148
f 6150 6149 6124
f 6124 6149 6126
f 6126 6149 6134
f 6134 6149 6136
f 6123 6134 6100
f 6100 6134 6136
f 6124 6123 6150
f 6150 6123 6100
f 6115 6137 6135
f 6135 6137 6098
f 6135 6098 6112
f 6112 6098 6101
f 6101 6138 6112
f 6112 6138 6113
f 6115 6113 6137
f 6137 6113 6138
f 6138 6101 6139
f 6139 6101 6141
f 6141 6101 6143
f 6143 6101 6136
f 6143 6136 6145
f 6145 6136 6147
f 6147 6136 6149
f 6098 6144 6100
f 6100 6144 6146
f 6100 6146 6148
f 6137 6140 6098
f 6098 6140 6142
f 6098 6142 6144
f 6148 6150 6100
f 6151 6152 6153
f 6153 6152 6154
f 6153 6154 6155
f 6154 6156 6155
f 6157 6158 6155
f 6155 6159 6160
f 6160 6161 6155
f 6162 6153 6155
f 6155 6156 6162
f 6162 6156 6163
f 6163 6156 6164
f 6165 6166 6167
f 6167 6166 6168
f 6167 6168 6169
f 6167 6170 6165
f 6165 6170 6171
f 6165 6171 6172
f 6172 6171 6173
f 6174 6175 6170
f 6170 6175 6176
f 6170 6176 6171
f 6177 6178 6179
f 6179 6178 6180
f 6179 6180 6181
f 6181 6180 6182
f 6183 6184 6178
f 6178 6184 6180
f 6179 6181 6185
f 6185 6181 6186
f 6185 6186 6187
f 6187 6186 6188
f 6188 6186 6189
f 6187 6190 6185
f 6191 6192 6193
f 6193 6192 6194
f 6194 6192 6195
f 6195 6192 6196
f 6195 6196 6197
f 6197 6196 6198
f 6197 6198 6199
f 6196 6200 6198
f 6198 6200 6201
f 6198 6201 6202
f 6202 6201 6203
f 6202 6203 6204
f 6200 6205 6201
f 6206 6207 6202
f 6202 6207 6208
f 6202 6208 6198
f 6207 6209 6208
f 6208 6209 6210
f 6208 6210 6211
f 6210 6209 6212
f 6212 6209 6213
f 6212 6213 6214
f 6214 6213 6215
f 6213 6216 6215
f 6188 6187 6217
f 6217 6187 6218
f 6217 6218 6219
f 6217 6219 6220
f 6220 6219 6221
f 6220 6221 6222
f 6222 6221 6223
f 6222 6223 6224
f 6224 6223 6225
f 6224 6225 6226
f 6226 6227 6225
f 6225 6227 6228
f 6225 6228 6229
f 6229 6228 6230
f 6227 6226 6231
f 6231 6226 6232
f 6231 6232 6233
f 6231 6234 6227
f 6235 6236 6229
f 6229 6236 6225
f 6237 6238 6239
f 6239 6238 6192
f 6240 6192 6241
f 6241 6192 6196
f 6242 6196 6243
f 6242 6243 6244
f 6244 6243 6245
f 6245 6243 6246
f 6247 6248 6249
f 6249 6248 6250
f 6249 6250 6209
f 6209 6251 6213
f 6213 6251 6252
f 6253 6254 6255
f 6255 6254 6213
f 6249 6256 6247
f 6257 6258 6173
f 6173 6258 6172
f 6259 6248 6260
f 6260 6248 6250
f 6261 6242 6262
f 6262 6242 6244
f 6228 6263 6227
f 6227 6263 6264
f 6264 6263 6265
f 6264 6265 6266
f 6266 6265 6267
f 6266 6267 6268
f 6268 6267 6269
f 6268 6269 6270
f 6271 6272 6262
f 6271 6262 6175
f 6262 6272 6261
f 6261 6272 6273
f 6175 6176 6271
f 6166 6274 6168
f 6168 6274 6259
f 6259 6274 6275
f 6259 6275 6260
f 6260 6275 6276
f 6167 6277 6170
f 6248 6247 6259
f 6259 6247 6278
f 6259 6278 6169
f 6169 6278 6279
f 6169 6168 6259
f 6175 6174 6262
f 6262 6174 6280
f 6262 6280 6281
f 6281 6245 6262
f 6262 6245 6244
f 6216 6213 6282
f 6282 6213 6254
f 6282 6254 6283
f 6283 6284 6282
f 6191 6192 6285
f 6285 6192 6238
f 6285 6238 6286
f 6286 6287 6285
f 6183 6288 6184
f 6184 6288 6289
f 6236 6290 6225
f 6225 6290 6190
f 6225 6190 6187
f 6232 6291 6226
f 6226 6291 6189
f 6226 6189 6188
f 6186 6189 6292
f 6292 6189 6291
f 6292 6291 6293
f 6293 6294 6292
f 6185 6190 6295
f 6295 6190 6290
f 6295 6290 6296
f 6296 6297 6295
f 6298 6299 6300
f 6300 6299 6177
f 6177 6299 6301
f 6177 6301 6302
f 6301 6299 6303
f 6304 6305 6185
f 6304 6185 6295
f 6305 6215 6185
f 6193 6186 6306
f 6306 6186 6307
f 6186 6292 6307
f 6308 6309 6310
f 6308 6310 6182
f 6182 6310 6311
f 6182 6312 6308
f 6308 6312 6313
f 6314 6315 6316
f 6316 6315 6317
f 6318 6319 6320
f 6321 6322 6323
f 6324 6325 6326
f 6326 6327 6328
f 6328 6327 6329
f 6330 6331 6332
f 6333 6334 6335
f 6336 6337 6338
f 6338 6339 6340
f 6340 6339 6341
f 6342 6343 6344
f 6345 6346 6347
f 6348 6349 6350
f 6350 6349 6351
f 6352 6351 6353
f 6354 6355 6356
f 6357 6358 6359
f 6360 6361 6362
f 6362 6361 6363
f 6364 6363 6365
f 6366 6367 6368
f 6369 6370 6371
f 6372 6373 6374
f 6374 6373 6375
f 6376 6375 6377
f 6378 6379 6380
f 6381 6382 6383
f 6384 6385 6386
f 6386 6385 6387
f 6388 6387 6389
f 6390 6391 6392
f 6393 6394 6395
f 6396 6397 6398
f 6398 6399 6400
f 6400 6399 6401
f 6402 6403 6404
f 6405 6406 6407
f 6408 6409 6410
f 6410 6411 6408
f 6412 6411 6413
f 6414 6415 6416
f 6417 6418 6419
f 6420 6421 6422
f 6422 6423 6424
f 6424 6423 6425
f 6426 6427 6428
f 6429 6430 6431
f 6432 6433 6434
f 6434 6435 6432
f 6436 6435 6437
f 6438 6439 6440
f 6441 6442 6443
f 6444 6445 6446
f 6446 6447 6448
f 6448 6447 6449
f 6450 6451 6452
f 6453 6454 6455
f 6456 6457 6458
f 6458 6457 6459
f 6460 6459 6461
f 6462 6463 6464
f 6465 6466 6467
f 6468 6469 6470
f 6470 6469 6471
f 6472 6471 6473
f 6474 6475 6476
f 6477 6478 6479
f 6480 6481 6482
f 6482 6483 6484
f 6484 6483 6485
f 6486 6487 6488
f 6489 6490 6491
f 6492 6493 6494
f 6494 6495 6496
f 6496 6495 6497
f 6498 6499 6500
f 6501 6502 6503
f 6504 6505 6506
f 6506 6507 6508
f 6508 6507 6509
f 6510 6511 6512
f 6513 6514 6515
f 6516 6517 6518
f 6518 6519 6520
f 6520 6519 6521
f 6522 6523 6524
f 6525 6526 6527
f 6528 6529 6530
f 6530 6531 6532
f 6532 6531 6533
f 6534 6535 6536
f 6537 6538 6539
f 6540 6541 6542
f 6542 6543 6544
f 6544 6543 6545
f 6546 6547 6548
f 6549 6550 6551
f 6552 6553 6554
f 6555 6553 6556
f 6555 6556 6557
f 6558 6559 6560
f 6561 6562 6563
f 6564 6565 6566
f 6567 6568 6569
f 6570 6568 6571
f 6570 6571 6572
f 6573 6574 6575
f 6576 6577 6578
f 6579 6577 6580
f 6579 6580 6581
f 6582 6583 6584
f 6585 6586 6587
f 6588 6589 6590
f 6591 6589 6592
f 6591 6592 6593
f 6594 6595 6596
f 6597 6598 6599
f 6600 6601 6602
f 6603 6601 6604
f 6603 6604 6605
f 6606 6607 6608
f 6609 6610 6611
f 6612 6613 6614
f 6615 6616 6617
f 6618 6616 6619
f 6618 6619 6620
f 6621 6622 6623
f 6624 6625 6626
f 6627 6625 6628
f 6627 6628 6629
f 6630 6631 6632
f 6633 6634 6635
f 6636 6637 6638
f 6639 6640 6641
f 6642 6640 6643
f 6642 6643 6644
f 6645 6646 6647
f 6648 6649 6650
f 6651 6649 6652
f 6651 6652 6653
f 6654 6655 6656
f 6657 6658 6659
f 6660 6661 6662
f 6663 6661 6664
f 6663 6664 6665
f 6666 6667 6668
f 6669 6670 6671
f 6672 6673 6674
f 6675 6676 6677
f 6678 6676 6679
f 6678 6679 6680
f 6681 6682 6683
f 6684 6685 6686
f 6687 6688 6689
f 6690 6688 6691
f 6690 6691 6692
f 6693 6694 6695
f 6696 6697 6698
f 6699 6697 6700
f 6699 6700 6701
f 6702 6703 6704
f 6705 6706 6707
f 6708 6709 6710
f 6711 6709 6712
f 6711 6712 6713
f 6714 6715 6716
f 6717 6718 6719
f 6720 6721 6722
f 6723 6721 6724
f 6723 6724 6725
f 6726 6727 6728
f 6729 6730 6731
f 6732 6733 6734
f 6735 6733 6736
f 6735 6736 6737
f 6738 6739 6740
f 6741 6742 6743
f 6744 6745 6746
f 6747 6745 6748
f 6747 6748 6749
f 6750 6751 6752
f 6753 6754 6755
f 6756 6757 6758
f 6759 6760 6761
f 6762 6760 6763
f 6762 6763 6764
f 6765 6766 6767
f 6768 6769 6770
f 6771 6769 6772
f 6771 6772 6773
f 6774 6775 6776
f 6777 6778 6779
f 6780 6781 6782
f 6783 6784 6785
f 6783 6785 6786
f 6787 6788 6789
f 6790 6791 6792
f 6792 6791 6793
f 6794 6795 6796
f 6796 6795 6797
f 6278 6798 6202
f 6202 6798 6204
f 6203 6201 6799
f 6799 6201 6281
f 6800 6274 6801
f 6801 6274 6166
f 6801 6166 6165
f 6165 6802 6801
f 6803 6804 6805
f 6805 6804 6806
f 6807 6808 6809
f 6809 6808 6810
f 6212 6303 6811
f 6811 6303 6301
f 6310 6812 6309
f 6309 6812 6195
f 6813 6814 6815
f 6815 6814 6176
f 6815 6176 6271
f 6814 6171 6176
f 6271 6816 6815
f 6235 6229 6297
f 6297 6296 6235
f 6231 6294 6233
f 6233 6294 6293
f 6817 6286 6818
f 6818 6286 6238
f 6818 6238 6237
f 6272 6819 6237
f 6237 6819 6820
f 6237 6820 6818
f 6283 6254 6821
f 6821 6254 6253
f 6821 6253 6822
f 6822 6253 6823
f 6253 6275 6823
f 6821 6824 6283
f 6812 6825 6195
f 6195 6825 6194
f 6214 6212 6826
f 6826 6212 6811
f 6827 6169 6314
f 6314 6169 6279
f 6174 6785 6784
f 6174 6784 6280
f 6182 6828 6180
f 6180 6828 6829
f 6830 6178 6831
f 6831 6178 6177
f 6832 6312 6833
f 6833 6312 6834
f 6833 6834 6828
f 6828 6286 6287
f 6828 6287 6833
f 6835 6836 6300
f 6300 6836 6837
f 6837 6836 6831
f 6831 6836 6284
f 6831 6284 6283
f 6823 6838 6839
f 6839 6838 6840
f 6839 6840 6800
f 6825 6311 6812
f 6812 6311 6310
f 6301 6811 6302
f 6302 6811 6826
f 6841 6842 6831
f 6831 6842 6830
f 6829 6828 6843
f 6843 6828 6844
f 6794 6845 6795
f 6795 6845 6846
f 6804 6803 6847
f 6847 6803 6848
f 6849 6797 6850
f 6850 6797 6796
f 6806 6805 6851
f 6851 6805 6852
f 6791 6853 6790
f 6790 6853 6854
f 6855 6807 6856
f 6856 6807 6808
f 6793 6857 6792
f 6792 6857 6858
f 6859 6809 6860
f 6860 6809 6810
f 6833 6285 6193
f 6193 6285 6191
f 6216 6215 6282
f 6282 6215 6836
f 6816 6861 6862
f 6862 6861 6863
f 6863 6861 6819
f 6864 6205 6865
f 6865 6205 6200
f 6865 6200 6866
f 6207 6867 6868
f 6207 6206 6867
f 6867 6206 6869
f 6651 6653 6447
f 6447 6653 6449
f 6618 6620 6483
f 6483 6620 6485
f 6723 6725 6350
f 6350 6725 6348
f 6663 6665 6432
f 6432 6665 6433
f 6762 6764 6386
f 6386 6764 6384
f 6699 6701 6507
f 6507 6701 6509
f 6771 6773 6339
f 6339 6773 6341
f 6555 6557 6519
f 6519 6557 6521
f 6627 6629 6458
f 6458 6629 6456
f 6678 6680 6408
f 6408 6680 6409
f 6603 6605 6399
f 6399 6605 6401
f 6591 6593 6374
f 6374 6593 6372
f 6690 6692 6531
f 6531 6692 6533
f 6711 6713 6543
f 6543 6713 6545
f 6735 6737 6495
f 6495 6737 6497
f 6570 6572 6362
f 6362 6572 6360
f 6783 6786 6327
f 6327 6786 6329
f 6642 6644 6470
f 6470 6644 6468
f 6747 6749 6423
f 6423 6749 6425
f 6579 6581 6315
f 6315 6581 6317
f 6289 6843 6829
f 6289 6829 6180
f 6288 6842 6830
f 6288 6830 6178
f 6848 6803 6852
f 6852 6803 6805
f 6808 6856 6810
f 6810 6856 6860
f 6171 6173 6870
f 6870 6173 6257
f 6871 6872 6873
f 6873 6872 6874
f 6875 6876 6877
f 6877 6876 6878
f 6879 6880 6881
f 6881 6880 6882
f 6883 6884 6885
f 6885 6884 6886
f 6887 6888 6889
f 6889 6888 6890
f 6891 6892 6893
f 6893 6892 6894
f 6895 6896 6897
f 6897 6896 6898
f 6899 6900 6901
f 6901 6900 6902
f 6903 6904 6905
f 6905 6904 6906
f 6907 6908 6909
f 6909 6908 6910
f 6911 6299 6912
f 6912 6299 6305
f 6913 6813 6914
f 6914 6813 6915
f 6916 6912 6917
f 6917 6912 6911
f 6918 6269 6230
f 6919 6920 6820
f 6820 6920 6921
f 6922 6923 6924
f 6924 6923 6925
f 6924 6925 6926
f 6925 6927 6926
f 6928 6929 6926
f 6926 6930 6931
f 6931 6932 6926
f 6933 6924 6926
f 6926 6927 6933
f 6933 6927 6934
f 6934 6927 6935
f 6936 6937 6938
f 6938 6937 6939
f 6938 6939 6940
f 6939 6941 6940
f 6942 6943 6940
f 6940 6944 6945
f 6945 6946 6940
f 6947 6938 6940
f 6940 6941 6947
f 6947 6941 6948
f 6948 6941 6949
f 6950 6951 6952
f 6952 6951 6953
f 6952 6953 6954
f 6953 6955 6954
f 6956 6957 6954
f 6954 6958 6959
f 6959 6960 6954
f 6961 6952 6954
f 6954 6955 6961
f 6961 6955 6962
f 6962 6955 6963
f 6964 6965 6966
f 6966 6965 6967
f 6966 6967 6968
f 6967 6969 6968
f 6970 6971 6968
f 6968 6972 6973
f 6973 6974 6968
f 6975 6966 6968
f 6968 6969 6975
f 6975 6969 6976
f 6976 6969 6977
f 6978 6979 6980
f 6980 6979 6981
f 6980 6981 6982
f 6981 6983 6982
f 6984 6985 6982
f 6982 6986 6987
f 6987 6988 6982
f 6989 6980 6982
f 6982 6983 6989
f 6989 6983 6990
f 6990 6983 6991
f 6992 6993 6994
f 6994 6993 6995
f 6994 6995 6996
f 6995 6997 6996
f 6998 6999 6996
f 6996 7000 7001
f 7001 7002 6996
f 7003 6994 6996
f 6996 6997 7003
f 7003 6997 7004
f 7004 6997 7005
f 7006 7007 7008
f 7008 7007 7009
f 7008 7009 7010
f 7009 7011 7010
f 7012 7013 7010
f 7010 7014 7015
f 7015 7016 7010
f 7017 7008 7010
f 7010 7011 7017
f 7017 7011 7018
f 7018 7011 7019
f 7020 7021 7022
f 7022 7021 7023
f 7022 7023 7024
f 7024 7025 7022
f 7022 7026 7027
f 7027 7028 7022
f 7022 7028 7029
f 7030 7031 7032
f 7032 7031 7033
f 7032 7033 7034
f 7034 7035 7032
f 7032 7036 7037
f 7037 7038 7032
f 7032 7038 7039
f 7040 7041 7042
f 7042 7041 7043
f 7042 7043 7044
f 7044 7045 7042
f 7042 7046 7047
f 7047 7048 7042
f 7042 7048 7049
f 7050 7051 7052
f 7052 7051 7053
f 7052 7053 7054
f 7054 7055 7052
f 7052 7056 7057
f 7057 7058 7052
f 7052 7058 7059
f 7060 7061 7062
f 7062 7061 7063
f 7062 7063 7064
f 7064 7065 7062
f 7062 7066 7067
f 7067 7068 7062
f 7062 7068 7069
f 7070 7071 7072
f 7072 7071 7073
f 7072 7073 7074
f 7074 7075 7072
f 7072 7076 7077
f 7077 7078 7072
f 7072 7078 7079
f 7080 7081 7082
f 7082 7081 7083
f 7082 7083 7084
f 7084 7085 7082
f 7082 7086 7087
f 7087 7088 7082
f 7082 7088 7089
f 7090 7091 7092
f 7090 7092 7093
f 7094 7095 7096
f 7096 7095 7097
f 7096 7097 7098
f 7099 7100 7101
f 7101 7100 7102
f 7101 7102 7103
f 7104 7105 7106
f 7106 7105 7107
f 7106 7107 7108
f 7109 7110 7111
f 7111 7110 7112
f 7111 7112 7113
f 7114 7115 7116
f 7116 7115 7117
f 7116 7117 7118
f 7119 7120 7121
f 7121 7120 7122
f 7121 7122 7123
f 7124 7125 7126
f 7126 7125 7127
f 7126 7127 7128
f 7129 7130 7131
f 7131 7130 7132
f 7131 7132 7133
f 7134 7135 7136
f 7136 7135 7137
f 7024 7138 7025
f 7025 7138 7139
f 7139 7138 7140
f 7021 7020 7141
f 7141 7020 7142
f 7141 7142 7143
f 7034 7144 7035
f 7035 7144 7145
f 7145 7144 7146
f 7031 7030 7147
f 7147 7030 7148
f 7147 7148 7149
f 7044 7150 7045
f 7045 7150 7151
f 7151 7150 7152
f 7041 7040 7153
f 7153 7040 7154
f 7153 7154 7155
f 7054 7156 7055
f 7055 7156 7157
f 7157 7156 7158
f 7051 7050 7159
f 7159 7050 7160
f 7159 7160 7161
f 7064 7162 7065
f 7065 7162 7163
f 7163 7162 7164
f 7061 7060 7165
f 7165 7060 7166
f 7165 7166 7167
f 7074 7168 7075
f 7075 7168 7169
f 7169 7168 7170
f 7071 7070 7171
f 7171 7070 7172
f 7171 7172 7173
f 7084 7174 7085
f 7085 7174 7175
f 7175 7174 7176
f 7081 7080 7177
f 7177 7080 7178
f 7177 7178 7179
f 7092 7091 7180
f 7180 7091 7181
f 7182 7183 7135
f 7135 7183 7184
f 7135 7184 7137
f 7137 7184 7185
f 7186 7187 7093
f 7093 7187 7090
f 7090 7187 7188
f 7090 7188 7189
f 7190 7191 7192
f 7192 7191 7193
f 7194 7195 7196
f 7196 7195 7097
f 7097 7195 7098
f 7197 7198 7199
f 7199 7198 7095
f 7199 7095 7094
f 7200 7201 7202
f 7202 7201 7102
f 7102 7201 7103
f 7203 7204 7205
f 7205 7204 7100
f 7205 7100 7099
f 7206 7207 7208
f 7208 7207 7107
f 7107 7207 7108
f 7209 7210 7211
f 7211 7210 7105
f 7211 7105 7104
f 7212 7213 7214
f 7214 7213 7112
f 7112 7213 7113
f 7215 7216 7217
f 7217 7216 7110
f 7217 7110 7109
f 7218 7219 7220
f 7220 7219 7117
f 7117 7219 7118
f 7221 7222 7223
f 7223 7222 7115
f 7223 7115 7114
f 7224 7225 7226
f 7226 7225 7122
f 7122 7225 7123
f 7227 7228 7229
f 7229 7228 7120
f 7229 7120 7119
f 7230 7231 7232
f 7232 7231 7127
f 7127 7231 7128
f 7233 7234 7235
f 7235 7234 7125
f 7235 7125 7124
f 7236 7237 7238
f 7238 7237 7132
f 7132 7237 7133
f 7239 7240 7241
f 7241 7240 7130
f 7241 7130 7129
f 7242 7243 7136
f 7136 7243 7134
f 7244 7245 7246
f 7246 7245 7247
f 7246 7247 7248
f 7248 7249 7246
f 7246 7250 7251
f 7251 7252 7246
f 7246 7252 7253
f 7187 7254 7255
f 7255 7254 7256
f 7257 7256 7191
f 7191 7256 7254
f 7191 7254 7193
f 7191 7258 7257
f 7191 7190 7258
f 7258 7190 7259
f 7260 7261 7184
f 7184 7261 7262
f 7192 7262 7190
f 7190 7262 7261
f 7190 7261 7259
f 7259 7261 7263
f 7264 7265 7266
f 7266 7265 7267
f 7268 7269 7270
f 7270 7269 7271
f 7272 7273 7274
f 7274 7273 7275
f 7276 7277 7278
f 7278 7277 7279
f 7280 7281 7282
f 7282 7281 7283
f 7284 7285 7286
f 7286 7285 7287
f 7288 7289 7290
f 7290 7289 7291
f 7292 7293 7294
f 7294 7293 7295
f 7142 7296 7143
f 7143 7296 7297
f 7297 7296 7140
f 7140 7296 7139
f 7298 7296 7299
f 7299 7296 7300
f 7300 7296 7301
f 7148 7302 7149
f 7149 7302 7303
f 7303 7302 7146
f 7146 7302 7145
f 7304 7302 7305
f 7305 7302 7306
f 7306 7302 7307
f 7154 7308 7155
f 7155 7308 7309
f 7309 7308 7152
f 7152 7308 7151
f 7310 7308 7311
f 7311 7308 7312
f 7312 7308 7313
f 7160 7314 7161
f 7161 7314 7315
f 7315 7314 7158
f 7158 7314 7157
f 7316 7314 7317
f 7317 7314 7318
f 7318 7314 7319
f 7166 7320 7167
f 7167 7320 7321
f 7321 7320 7164
f 7164 7320 7163
f 7322 7320 7323
f 7323 7320 7324
f 7324 7320 7325
f 7172 7326 7173
f 7173 7326 7327
f 7327 7326 7170
f 7170 7326 7169
f 7328 7326 7329
f 7329 7326 7330
f 7330 7326 7331
f 7178 7332 7179
f 7179 7332 7333
f 7333 7332 7176
f 7176 7332 7175
f 7334 7332 7335
f 7335 7332 7336
f 7336 7332 7337
f 7338 7180 7339
f 7339 7180 7181
f 7193 7185 7192
f 7192 7185 7184
f 7192 7184 7262
f 7254 7187 7193
f 7193 7187 7186
f 7193 7186 7185
f 7197 7340 7198
f 7198 7340 7196
f 7196 7340 7194
f 7203 7341 7204
f 7204 7341 7202
f 7202 7341 7200
f 7209 7342 7210
f 7210 7342 7208
f 7208 7342 7206
f 7215 7343 7216
f 7216 7343 7214
f 7214 7343 7212
f 7221 7344 7222
f 7222 7344 7220
f 7220 7344 7218
f 7227 7345 7228
f 7228 7345 7226
f 7226 7345 7224
f 7233 7346 7234
f 7234 7346 7232
f 7232 7346 7230
f 7239 7347 7240
f 7240 7347 7238
f 7238 7347 7236
f 7243 7242 7348
f 7348 7242 7349
f 7248 7350 7249
f 7249 7350 7351
f 7351 7350 7352
f 7245 7244 7353
f 7353 7244 7354
f 7353 7354 7355
f 7188 7255 7356
f 7356 7255 7357
f 7357 7255 7257
f 7257 7255 7256
f 7358 7359 7360
f 7360 7359 7361
f 7362 7363 7364
f 7364 7363 7365
f 7366 7360 7367
f 7367 7360 7295
f 7295 7360 7258
f 7295 7258 7294
f 7294 7258 7291
f 7294 7291 7368
f 7360 7361 7258
f 7258 7361 7357
f 7258 7357 7257
f 7259 7282 7258
f 7258 7282 7283
f 7258 7283 7286
f 7286 7283 7369
f 7286 7369 7370
f 7263 7371 7259
f 7259 7371 7363
f 7259 7363 7362
f 7372 7373 7362
f 7362 7373 7266
f 7362 7266 7259
f 7259 7266 7267
f 7259 7267 7270
f 7270 7267 7374
f 7270 7374 7375
f 7270 7271 7259
f 7259 7271 7274
f 7259 7274 7275
f 7271 7376 7274
f 7274 7376 7377
f 7259 7275 7278
f 7278 7275 7378
f 7278 7378 7379
f 7278 7279 7259
f 7259 7279 7282
f 7279 7380 7282
f 7282 7380 7381
f 7286 7287 7258
f 7258 7287 7290
f 7258 7290 7291
f 7287 7382 7290
f 7290 7382 7383
f 7368 7384 7294
f 7261 7260 7263
f 7263 7260 7371
f 7371 7260 7385
f 7385 7260 7183
f 7365 7386 7364
f 7364 7386 7387
f 7364 7387 7362
f 7362 7387 7372
f 7388 7264 7373
f 7373 7264 7266
f 7264 7388 7265
f 7265 7388 7389
f 7265 7389 7267
f 7267 7389 7374
f 7390 7268 7375
f 7375 7268 7270
f 7268 7390 7269
f 7269 7390 7391
f 7269 7391 7271
f 7271 7391 7376
f 7392 7272 7377
f 7377 7272 7274
f 7272 7392 7273
f 7273 7392 7393
f 7273 7393 7275
f 7275 7393 7378
f 7394 7276 7379
f 7379 7276 7278
f 7395 7277 7394
f 7394 7277 7276
f 7277 7395 7279
f 7279 7395 7380
f 7396 7280 7381
f 7381 7280 7282
f 7397 7281 7396
f 7396 7281 7280
f 7281 7397 7283
f 7283 7397 7369
f 7398 7284 7370
f 7370 7284 7286
f 7399 7285 7398
f 7398 7285 7284
f 7285 7399 7287
f 7287 7399 7382
f 7400 7288 7383
f 7383 7288 7290
f 7401 7289 7400
f 7400 7289 7288
f 7289 7401 7291
f 7291 7401 7368
f 7402 7292 7384
f 7384 7292 7294
f 7403 7293 7402
f 7402 7293 7292
f 7293 7403 7295
f 7295 7403 7367
f 7404 7358 7366
f 7366 7358 7360
f 7405 7359 7404
f 7404 7359 7358
f 7406 7407 7339
f 7339 7407 7338
f 7180 7338 7092
f 7092 7338 7093
f 7093 7338 7198
f 7093 7198 7196
f 7198 7338 7095
f 7095 7338 7407
f 7095 7407 7097
f 7097 7407 7100
f 7097 7100 7196
f 7196 7100 7204
f 7196 7204 7186
f 7186 7204 7202
f 7186 7202 7210
f 7210 7202 7105
f 7105 7202 7102
f 7105 7102 7407
f 7407 7102 7100
f 7408 7112 7407
f 7407 7112 7110
f 7407 7110 7107
f 7107 7110 7208
f 7208 7110 7216
f 7208 7216 7186
f 7186 7216 7214
f 7186 7214 7222
f 7222 7214 7115
f 7115 7214 7112
f 7115 7112 7408
f 7349 7132 7408
f 7408 7132 7130
f 7408 7130 7127
f 7127 7130 7232
f 7232 7130 7240
f 7232 7240 7185
f 7185 7240 7137
f 7137 7240 7238
f 7137 7238 7349
f 7349 7238 7132
f 7242 7136 7349
f 7349 7136 7137
f 7186 7222 7185
f 7185 7222 7220
f 7185 7220 7228
f 7228 7220 7120
f 7120 7220 7117
f 7120 7117 7408
f 7408 7117 7115
f 7186 7093 7196
f 7234 7226 7125
f 7125 7226 7122
f 7125 7122 7408
f 7408 7122 7120
f 7226 7234 7185
f 7185 7234 7232
f 7127 7125 7408
f 7228 7226 7185
f 7210 7208 7186
f 7107 7105 7407
f 7408 7409 7349
f 7349 7409 7348
f 7337 7410 7411
f 7411 7410 7412
f 7411 7079 7337
f 7337 7079 7413
f 7337 7413 7414
f 7331 7415 7416
f 7416 7415 7417
f 7416 7069 7331
f 7331 7069 7418
f 7331 7418 7419
f 7325 7420 7421
f 7421 7420 7422
f 7421 7059 7325
f 7325 7059 7423
f 7325 7423 7424
f 7319 7425 7426
f 7426 7425 7427
f 7426 7049 7319
f 7319 7049 7428
f 7319 7428 7429
f 7313 7430 7431
f 7431 7430 7432
f 7431 7039 7313
f 7313 7039 7433
f 7313 7433 7434
f 7307 7435 7436
f 7436 7435 7437
f 7436 7029 7307
f 7307 7029 7438
f 7438 7029 7439
f 7301 7440 7441
f 7441 7440 7442
f 7441 7253 7301
f 7301 7253 7443
f 7443 7253 7444
f 7354 7445 7355
f 7355 7445 7446
f 7446 7445 7352
f 7352 7445 7351
f 7447 7445 7448
f 7448 7445 7449
f 7449 7445 7450
f 7451 7452 7453
f 7453 7452 7454
f 7455 7456 7452
f 7452 7456 7454
f 7455 7457 7456
f 7456 7457 7458
f 7459 7460 7461
f 7459 7461 7450
f 7450 7461 7462
f 7463 7243 7409
f 7409 7243 7348
f 7464 7463 7406
f 7406 7463 7409
f 7339 7465 7406
f 7406 7465 7464
f 7466 7090 7467
f 7467 7090 7189
f 7188 7356 7189
f 7189 7356 7467
f 7467 7356 7468
f 7357 7361 7356
f 7356 7361 7359
f 7356 7359 7453
f 7453 7359 7405
f 7454 7456 7453
f 7453 7456 7458
f 7453 7458 7356
f 7356 7458 7468
f 7386 7365 7469
f 7469 7365 7385
f 7469 7385 7470
f 7470 7385 7471
f 7363 7371 7365
f 7365 7371 7385
f 7470 7472 7469
f 7469 7472 7473
f 7471 7385 7474
f 7474 7385 7182
f 7182 7385 7183
f 7135 7134 7182
f 7182 7134 7474
f 7469 7473 7475
f 7475 7473 7476
f 7477 7478 7475
f 7475 7478 7479
f 7475 7479 7389
f 7389 7479 7480
f 7389 7480 7390
f 7390 7480 7481
f 7390 7481 7391
f 7391 7481 7482
f 7391 7482 7392
f 7392 7482 7483
f 7392 7483 7393
f 7393 7483 7484
f 7393 7484 7394
f 7394 7484 7485
f 7394 7485 7395
f 7395 7485 7486
f 7395 7486 7396
f 7396 7486 7487
f 7396 7487 7397
f 7397 7487 7488
f 7397 7488 7398
f 7398 7488 7489
f 7398 7489 7399
f 7399 7489 7490
f 7399 7490 7400
f 7400 7490 7491
f 7400 7491 7401
f 7401 7491 7492
f 7401 7492 7402
f 7402 7492 7451
f 7402 7451 7403
f 7403 7451 7404
f 7403 7404 7367
f 7367 7404 7366
f 7477 7493 7478
f 7414 7413 7479
f 7479 7413 7480
f 7419 7418 7481
f 7481 7418 7482
f 7424 7423 7483
f 7483 7423 7484
f 7429 7428 7485
f 7485 7428 7486
f 7434 7433 7487
f 7487 7433 7488
f 7438 7439 7489
f 7489 7439 7490
f 7443 7444 7491
f 7491 7444 7492
f 7492 7494 7451
f 7451 7494 7461
f 7461 7494 7462
f 7451 7453 7404
f 7404 7453 7405
f 7384 7368 7402
f 7402 7368 7401
f 7383 7382 7400
f 7400 7382 7399
f 7370 7369 7398
f 7398 7369 7397
f 7381 7380 7396
f 7396 7380 7395
f 7379 7378 7394
f 7394 7378 7393
f 7377 7376 7392
f 7392 7376 7391
f 7375 7374 7390
f 7390 7374 7389
f 7389 7388 7475
f 7475 7388 7387
f 7475 7387 7469
f 7469 7387 7386
f 7388 7373 7387
f 7387 7373 7372
f 7495 7496 7470
f 7470 7496 7472
f 7472 7496 7473
f 7473 7496 7476
f 7497 7498 7477
f 7477 7498 7089
f 7477 7089 7493
f 7407 7499 7408
f 7408 7499 7500
f 7408 7500 7501
f 7406 7502 7407
f 7407 7502 7503
f 7407 7503 7499
f 7502 7406 7504
f 7504 7406 7409
f 7504 7409 7505
f 7505 7409 7506
f 7506 7409 7408
f 7506 7408 7501
f 7505 7500 7504
f 7504 7500 7499
f 7507 7410 7332
f 7332 7410 7337
f 7507 7508 7410
f 7410 7508 7412
f 7508 7509 7412
f 7412 7509 7510
f 7509 7511 7510
f 7510 7511 7411
f 7511 7072 7411
f 7411 7072 7079
f 7512 7415 7326
f 7326 7415 7331
f 7512 7513 7415
f 7415 7513 7417
f 7513 7514 7417
f 7417 7514 7515
f 7514 7516 7515
f 7515 7516 7416
f 7516 7062 7416
f 7416 7062 7069
f 7517 7420 7320
f 7320 7420 7325
f 7517 7518 7420
f 7420 7518 7422
f 7518 7519 7422
f 7422 7519 7520
f 7519 7521 7520
f 7520 7521 7421
f 7521 7052 7421
f 7421 7052 7059
f 7522 7425 7314
f 7314 7425 7319
f 7522 7523 7425
f 7425 7523 7427
f 7523 7524 7427
f 7427 7524 7525
f 7524 7526 7525
f 7525 7526 7426
f 7526 7042 7426
f 7426 7042 7049
f 7527 7430 7308
f 7308 7430 7313
f 7527 7528 7430
f 7430 7528 7432
f 7528 7529 7432
f 7432 7529 7530
f 7529 7531 7530
f 7530 7531 7431
f 7531 7032 7431
f 7431 7032 7039
f 7532 7435 7302
f 7302 7435 7307
f 7532 7533 7435
f 7435 7533 7437
f 7533 7534 7437
f 7437 7534 7535
f 7534 7536 7535
f 7535 7536 7436
f 7536 7022 7436
f 7436 7022 7029
f 7537 7440 7296
f 7296 7440 7301
f 7537 7538 7440
f 7440 7538 7442
f 7539 7442 7540
f 7540 7442 7538
f 7540 7541 7539
f 7539 7541 7441
f 7541 7246 7441
f 7441 7246 7253
f 7542 7459 7445
f 7445 7459 7450
f 7542 7543 7459
f 7459 7543 7544
f 7543 7545 7544
f 7544 7545 7460
f 7461 7460 7451
f 7451 7460 7452
f 7452 7460 7455
f 7455 7460 7545
f 7455 7545 7457
f 7457 7545 7546
f 7474 7134 7471
f 7471 7134 7243
f 7471 7243 7470
f 7470 7243 7463
f 7470 7463 7547
f 7547 7463 7464
f 7547 7464 7546
f 7546 7464 7458
f 7546 7458 7457
f 7465 7181 7464
f 7464 7181 7458
f 7458 7181 7468
f 7468 7181 7091
f 7468 7091 7467
f 7467 7091 7466
f 7547 7495 7470
f 7495 7548 7496
f 7496 7548 7497
f 7496 7497 7476
f 7476 7497 7475
f 7475 7497 7477
f 7495 7547 7548
f 7548 7549 7497
f 7497 7549 7550
f 7549 7551 7550
f 7550 7551 7498
f 7551 7082 7498
f 7498 7082 7089
f 7552 7553 7506
f 7506 7553 7505
f 7553 7554 7505
f 7505 7554 7500
f 7554 7555 7500
f 7500 7555 7501
f 7555 7552 7501
f 7501 7552 7506
f 7556 7557 7504
f 7504 7557 7502
f 7557 7558 7502
f 7502 7558 7503
f 7558 7559 7503
f 7503 7559 7499
f 7559 7556 7499
f 7499 7556 7504
f 7080 7548 7555
f 7080 7555 7178
f 7178 7555 7070
f 7178 7070 7072
f 7082 7551 7548
f 7548 7547 7555
f 7555 7547 7552
f 7552 7547 7553
f 7553 7547 7556
f 7553 7556 7040
f 7040 7556 7154
f 7154 7556 7559
f 7154 7559 7030
f 7030 7559 7148
f 7148 7559 7020
f 7148 7020 7022
f 7547 7546 7556
f 7556 7546 7557
f 7557 7546 7558
f 7558 7546 7545
f 7558 7545 7354
f 7445 7545 7542
f 7354 7244 7558
f 7558 7244 7559
f 7559 7244 7142
f 7559 7142 7020
f 7244 7246 7142
f 7142 7246 7296
f 7296 7246 7540
f 7296 7540 7538
f 7022 7534 7302
f 7022 7302 7148
f 7534 7533 7302
f 7030 7032 7154
f 7154 7032 7308
f 7308 7032 7529
f 7308 7529 7528
f 7553 7040 7160
f 7160 7040 7042
f 7160 7042 7314
f 7314 7042 7524
f 7314 7524 7523
f 7160 7050 7553
f 7553 7050 7554
f 7554 7050 7166
f 7554 7166 7060
f 7050 7052 7166
f 7166 7052 7320
f 7320 7052 7519
f 7320 7519 7518
f 7554 7060 7172
f 7172 7060 7062
f 7172 7062 7326
f 7326 7062 7514
f 7326 7514 7513
f 7172 7070 7554
f 7554 7070 7555
f 7072 7509 7332
f 7072 7332 7178
f 7509 7508 7332
f 7560 7561 7562
f 7562 7561 7563
f 7562 7563 7564
f 7564 7563 7565
f 7560 7562 7566
f 7566 7562 7567
f 7562 7564 7567
f 7567 7564 7568
f 7564 7565 7568
f 7568 7565 7569
f 7565 7563 7569
f 7569 7563 7570
f 7563 7561 7570
f 7570 7561 7571
f 7561 7560 7571
f 7571 7560 7566
f 7572 7573 7567
f 7567 7573 7574
f 7567 7574 7566
f 7566 7574 7575
f 7566 7575 7571
f 7571 7575 7576
f 7571 7576 7577
f 7571 7577 7570
f 7570 7577 7578
f 7570 7578 7569
f 7569 7578 7579
f 7569 7579 7580
f 7569 7580 7568
f 7568 7580 7572
f 7568 7572 7567
f 7572 7581 7573
f 7573 7581 7582
f 7573 7582 7583
f 7581 7572 7584
f 7584 7572 7580
f 7584 7580 7585
f 7585 7580 7579
f 7585 7579 7586
f 7586 7579 7578
f 7586 7578 7587
f 7587 7578 7577
f 7587 7577 7588
f 7588 7577 7576
f 7588 7576 7589
f 7589 7576 7575
f 7589 7575 7590
f 7590 7575 7574
f 7590 7574 7583
f 7583 7574 7573
f 7588 7591 7587
f 7587 7591 7592
f 7587 7592 7586
f 7586 7592 7593
f 7586 7593 7585
f 7585 7593 7594
f 7585 7594 7584
f 7584 7594 7595
f 7584 7595 7581
f 7581 7595 7596
f 7581 7596 7582
f 7582 7596 7597
f 7582 7597 7583
f 7583 7597 7598
f 7583 7598 7590
f 7590 7598 7599
f 7590 7599 7589
f 7589 7599 7600
f 7589 7600 7588
f 7588 7600 7591
f 7601 7602 7603
f 7603 7602 7604
f 7603 7604 7605
f 7605 7604 7606
f 7605 7606 7607
f 7607 7606 7608
f 7607 7608 7609
f 7593 7592 7610
f 7610 7592 7591
f 7610 7591 7611
f 7611 7591 7600
f 7611 7600 7612
f 7612 7600 7599
f 7612 7599 7613
f 7613 7599 7598
f 7613 7598 7614
f 7614 7598 7597
f 7614 7597 7615
f 7615 7597 7596
f 7615 7596 7616
f 7616 7596 7595
f 7616 7595 7617
f 7617 7595 7594
f 7617 7594 7618
f 7618 7594 7593
f 7618 7593 7610
f 7603 7610 7601
f 7601 7610 7611
f 7601 7611 7602
f 7602 7611 7612
f 7602 7612 7604
f 7604 7612 7613
f 7604 7613 7606
f 7606 7613 7614
f 7606 7614 7608
f 7608 7614 7615
f 7608 7615 7609
f 7609 7615 7616
f 7609 7616 7607
f 7607 7616 7617
f 7607 7617 7605
f 7605 7617 7618
f 7605 7618 7603
f 7603 7618 7610
f 7619 7620 7621
f 7621 7620 7622
f 7621 7622 7623
f 7623 7622 7624
f 7619 7621 7625
f 7625 7621 7626
f 7621 7623 7626
f 7626 7623 7627
f 7623 7624 7627
f 7627 7624 7628
f 7624 7622 7628
f 7628 7622 7629
f 7622 7620 7629
f 7629 7620 7630
f 7620 7619 7630
f 7630 7619 7625
f 7631 7632 7626
f 7626 7632 7633
f 7626 7633 7625
f 7625 7633 7634
f 7625 7634 7630
f 7630 7634 7635
f 7630 7635 7636
f 7630 7636 7629
f 7629 7636 7637
f 7629 7637 7628
f 7628 7637 7638
f 7628 7638 7639
f 7628 7639 7627
f 7627 7639 7631
f 7627 7631 7626
f 7631 7640 7632
f 7632 7640 7641
f 7632 7641 7642
f 7640 7631 7643
f 7643 7631 7639
f 7643 7639 7644
f 7644 7639 7638
f 7644 7638 7645
f 7645 7638 7637
f 7645 7637 7646
f 7646 7637 7636
f 7646 7636 7647
f 7647 7636 7635
f 7647 7635 7648
f 7648 7635 7634
f 7648 7634 7649
f 7649 7634 7633
f 7649 7633 7642
f 7642 7633 7632
f 7647 7650 7646
f 7646 7650 7651
f 7646 7651 7645
f 7645 7651 7652
f 7645 7652 7644
f 7644 7652 7653
f 7644 7653 7643
f 7643 7653 7654
f 7643 7654 7640
f 7640 7654 7655
f 7640 7655 7641
f 7641 7655 7656
f 7641 7656 7642
f 7642 7656 7657
f 7642 7657 7649
f 7649 7657 7658
f 7649 7658 7648
f 7648 7658 7659
f 7648 7659 7647
f 7647 7659 7650
f 7660 7661 7662
f 7662 7661 7663
f 7662 7663 7664
f 7664 7663 7665
f 7664 7665 7666
f 7666 7665 7667
f 7666 7667 7668
f 7652 7651 7669
f 7669 7651 7650
f 7669 7650 7670
f 7670 7650 7659
f 7670 7659 7671
f 7671 7659 7658
f 7671 7658 7672
f 7672 7658 7657
f 7672 7657 7673
f 7673 7657 7656
f 7673 7656 7674
f 7674 7656 7655
f 7674 7655 7675
f 7675 7655 7654
f 7675 7654 7676
f 7676 7654 7653
f 7676 7653 7677
f 7677 7653 7652
f 7677 7652 7669
f 7662 7669 7660
f 7660 7669 7670
f 7660 7670 7661
f 7661 7670 7671
f 7661 7671 7663
f 7663 7671 7672
f 7663 7672 7665
f 7665 7672 7673
f 7665 7673 7667
f 7667 7673 7674
f 7667 7674 7668
f 7668 7674 7675
f 7668 7675 7666
f 7666 7675 7676
f 7666 7676 7664
f 7664 7676 7677
f 7664 7677 7662
f 7662 7677 7669
f 7678 7679 7680
f 7680 7679 7681
f 7680 7681 7682
f 7682 7681 7683
f 7682 7683 7684
f 7684 7683 7685
f 7685 7683 7686
f 7685 7686 7687
f 7687 7686 7688
f 7687 7688 7689
f 7687 7689 7690
f 7690 7689 7691
f 7690 7691 7692
f 7692 7691 7693
f 7692 7693 7694
f 7694 7693 7695
f 7695 7693 7678
f 7695 7678 7680
f 7678 7696 7679
f 7679 7696 7697
f 7679 7697 7681
f 7681 7697 7698
f 7681 7698 7683
f 7683 7698 7699
f 7683 7699 7686
f 7686 7699 7700
f 7686 7700 7688
f 7688 7700 7701
f 7688 7701 7689
f 7689 7701 7702
f 7689 7702 7691
f 7691 7702 7703
f 7691 7703 7693
f 7693 7703 7704
f 7693 7704 7678
f 7678 7704 7696
f 7705 7706 7707
f 7707 7706 7708
f 7708 7706 7709
f 7708 7709 7710
f 7710 7709 7711
f 7710 7711 7712
f 7712 7711 7713
f 7712 7713 7714
f 7714 7713 7715
f 7714 7715 7716
f 7716 7715 7717
f 7716 7717 7718
f 7718 7717 7719
f 7718 7719 7720
f 7720 7719 7721
f 7720 7721 7722
f 7723 7680 7724
f 7724 7680 7682
f 7724 7682 7725
f 7725 7682 7684
f 7725 7684 7726
f 7726 7684 7685
f 7726 7685 7727
f 7727 7685 7687
f 7727 7687 7728
f 7728 7687 7690
f 7728 7690 7729
f 7729 7690 7692
f 7729 7692 7730
f 7730 7692 7694
f 7730 7694 7731
f 7731 7694 7695
f 7731 7695 7723
f 7723 7695 7680
f 7732 7733 4798
f 4798 7733 7734
f 4798 7734 7735
f 7735 7734 7736
f 7735 7736 7737
f 7737 7736 7738
f 7737 7738 7739
f 7739 7738 7740
f 7739 7740 7741
f 7741 7740 7742
f 7741 7742 7743
f 7743 7742 7744
f 7743 7744 7745
f 7745 7744 7746
f 7745 7746 7747
f 7747 7746 7748
f 7747 7748 7732
f 7732 7748 7733
f 7749 7750 4766
f 4766 7750 7751
f 4766 7751 7752
f 7752 7751 7753
f 7752 7753 7754
f 7754 7753 7755
f 7754 7755 7756
f 7756 7755 7757
f 7756 7757 7758
f 7758 7757 7759
f 7758 7759 7760
f 7760 7759 7761
f 7760 7761 7762
f 7762 7761 7763
f 7762 7763 7764
f 7764 7763 7765
f 7764 7765 7749
f 7749 7765 7750
f 7720 7722 7698
f 7698 7722 7766
f 7698 7766 7699
f 7699 7766 7767
f 7699 7767 7700
f 7700 7767 7707
f 7700 7707 7708
f 7700 7708 7701
f 7701 7708 7710
f 7701 7710 7702
f 7702 7710 7712
f 7702 7712 7703
f 7703 7712 7714
f 7703 7714 7704
f 7704 7714 7716
f 7704 7716 7696
f 7696 7716 7718
f 7696 7718 7697
f 7697 7718 7720
f 7697 7720 7698
f 7768 7769 7770
f 7770 7769 7771
f 7770 7771 7772
f 7770 7772 7773
f 7773 7772 7774
f 7773 7774 7775
f 7776 7719 7777
f 7777 7719 7717
f 7777 7717 7778
f 7778 7717 7779
f 7779 7717 7780
f 7780 7717 7781
f 7781 7717 7715
f 7781 7715 7782
f 7782 7715 7713
f 7782 7713 7711
f 7776 7783 7719
f 7719 7783 7721
f 7782 7711 7768
f 7768 7711 7709
f 7768 7709 7784
f 7784 7709 7706
f 7784 7706 7785
f 7785 7706 7786
f 7786 7706 7787
f 7787 7706 7788
f 7788 7706 7789
f 7789 7706 7705
f 7768 7770 7782
f 7782 7770 7773
f 7782 7773 7775
f 7723 7724 7790
f 7790 7724 7725
f 7790 7725 7791
f 7791 7725 7726
f 7791 7726 7792
f 7792 7726 7793
f 7793 7726 7727
f 7793 7727 7794
f 7794 7727 7728
f 7794 7728 7729
f 7794 7729 7795
f 7795 7729 7730
f 7795 7730 7796
f 7796 7730 7731
f 7796 7731 7797
f 7797 7731 7798
f 7798 7731 7723
f 7798 7723 7790
f 5029 7758 7799
f 7799 7758 7760
f 7799 7760 7762
f 5037 7800 5029
f 5029 7800 7801
f 5029 7801 7754
f 7754 7801 7752
f 7752 7801 7802
f 7752 7802 4766
f 4766 7802 7803
f 4766 7803 7749
f 7749 7803 7804
f 7749 7804 7764
f 7764 7804 7799
f 7764 7799 7762
f 7805 4798 5037
f 5037 4798 7735
f 5037 7735 7737
f 7799 7806 7805
f 7805 7806 7807
f 7805 7807 7745
f 7745 7807 7808
f 7745 7808 7743
f 7743 7808 7809
f 7743 7809 7741
f 7741 7809 7810
f 7741 7810 7739
f 7739 7810 7811
f 7739 7811 5037
f 5037 7811 7800
f 7812 7813 7814
f 7814 7813 7815
f 7814 7815 7816
f 7816 7815 7817
f 7816 7817 7806
f 7806 7817 7807
f 7813 7812 7818
f 7818 7812 7800
f 7818 7800 7811
f 7804 7806 7799
f 7754 7756 5029
f 5029 7756 7758
f 7737 7739 5037
f 7745 7747 7805
f 7805 7747 7732
f 7805 7732 4798
f 7819 7742 7820
f 7820 7742 7740
f 7820 7740 7821
f 7821 7740 7738
f 7821 7738 7822
f 7822 7738 7736
f 7822 7736 7823
f 7823 7736 7734
f 7823 7734 7824
f 7824 7734 7733
f 7824 7733 7825
f 7825 7733 7748
f 7825 7748 7826
f 7826 7748 7746
f 7826 7746 7827
f 7827 7746 7744
f 7827 7744 7819
f 7819 7744 7742
f 7828 7829 7830
f 7830 7829 7757
f 7830 7757 7755
f 7831 7761 7829
f 7829 7761 7759
f 7829 7759 7757
f 7761 7831 7763
f 7763 7831 7832
f 7763 7832 7765
f 7765 7832 7750
f 7750 7832 7833
f 7750 7833 7834
f 7834 7835 7750
f 7750 7835 7751
f 7751 7835 7753
f 7753 7835 7836
f 7753 7836 7755
f 7755 7836 7830
f 7781 7837 7780
f 7780 7837 7838
f 7780 7838 7839
f 7780 7839 7779
f 7779 7839 7840
f 7779 7840 7778
f 7777 7778 7841
f 7841 7778 7840
f 7788 7707 7842
f 7788 7842 7787
f 7707 7767 7842
f 7842 7767 7843
f 7843 7767 7766
f 7843 7766 7844
f 7844 7766 7722
f 7844 7722 7721
f 7721 7783 7844
f 7844 7783 7776
f 7844 7776 7841
f 7841 7776 7777
f 7845 7784 7846
f 7846 7784 7785
f 7846 7785 7847
f 7847 7785 7786
f 7847 7786 7787
f 7787 7842 7847
f 7768 7784 7769
f 7769 7784 7845
f 7774 7848 7775
f 7775 7848 7799
f 7775 7799 7805
f 7805 7782 7775
f 5029 7799 5067
f 5067 7799 7848
f 5037 5029 5069
f 5069 5029 5067
f 7805 5037 7782
f 7782 5037 5069
f 7782 5069 7837
f 7837 7781 7782
f 7791 7849 7790
f 7790 7849 7850
f 7790 7850 7798
f 7798 7850 7851
f 7798 7851 7797
f 7797 7851 7852
f 7797 7852 7796
f 7796 7852 7853
f 7796 7853 7795
f 7795 7853 7854
f 7795 7854 7794
f 7794 7854 7855
f 7794 7855 7793
f 7793 7855 7856
f 7793 7856 7792
f 7792 7856 7857
f 7792 7857 7791
f 7791 7857 7849
f 7808 7858 7809
f 7809 7858 7859
f 7809 7859 7810
f 7810 7859 7860
f 7810 7860 7811
f 7811 7860 7861
f 7811 7861 7818
f 7818 7861 7862
f 7818 7862 7813
f 7813 7862 7863
f 7813 7863 7815
f 7815 7863 7864
f 7815 7864 7817
f 7817 7864 7865
f 7817 7865 7807
f 7807 7865 7866
f 7807 7866 7808
f 7808 7866 7858
f 7816 7867 7814
f 7814 7867 7868
f 7814 7868 7812
f 7812 7868 7869
f 7812 7869 7800
f 7800 7869 7870
f 7800 7870 7801
f 7801 7870 7871
f 7801 7871 7802
f 7802 7871 7872
f 7802 7872 7803
f 7803 7872 7873
f 7803 7873 7804
f 7804 7873 7874
f 7804 7874 7806
f 7806 7874 7875
f 7806 7875 7816
f 7816 7875 7867
f 7821 7876 7820
f 7820 7876 7877
f 7820 7877 7819
f 7819 7877 7878
f 7819 7878 7827
f 7827 7878 7879
f 7827 7879 7826
f 7826 7879 7880
f 7826 7880 7825
f 7825 7880 7881
f 7825 7881 7824
f 7824 7881 7882
f 7824 7882 7823
f 7823 7882 7883
f 7823 7883 7822
f 7822 7883 7884
f 7822 7884 7821
f 7821 7884 7876
f 7830 7885 7828
f 7828 7885 7886
f 7828 7886 7887
f 7885 7830 7888
f 7888 7830 7836
f 7888 7836 7889
f 7889 7836 7835
f 7889 7835 7890
f 7890 7835 7834
f 7890 7834 7891
f 7891 7834 7833
f 7891 7833 7892
f 7892 7833 7832
f 7892 7832 7893
f 7893 7832 7894
f 7894 7832 7831
f 7894 7831 7895
f 7895 7831 7829
f 7895 7829 7896
f 7896 7829 7887
f 7887 7829 7828
f 5067 7883 5069
f 5069 7883 7882
f 5069 7882 7881
f 7848 7886 5067
f 5067 7886 7885
f 5067 7885 7888
f 7774 7895 7848
f 7848 7895 7896
f 7848 7896 7887
f 7895 7774 7894
f 7894 7772 7893
f 7893 7772 7771
f 7893 7771 7769
f 7845 7852 7769
f 7769 7852 7874
f 7769 7874 7873
f 7846 7847 7845
f 7845 7847 7853
f 7845 7853 7852
f 7847 7842 7853
f 7853 7842 7854
f 7854 7842 7843
f 7854 7843 7855
f 7855 7843 7844
f 7855 7844 7856
f 7856 7844 7857
f 7857 7844 7841
f 7857 7841 7849
f 7849 7841 7840
f 7849 7840 7837
f 7837 7840 7839
f 7837 7839 7838
f 5069 7880 7837
f 7837 7880 7879
f 7837 7879 7878
f 7888 7889 5067
f 5067 7889 7883
f 7883 7889 7869
f 7869 7889 7890
f 7869 7890 7870
f 7870 7890 7871
f 7871 7890 7891
f 7871 7891 7872
f 7872 7891 7892
f 7872 7892 7873
f 7873 7892 7769
f 7892 7893 7769
f 7887 7886 7848
f 7884 7859 7876
f 7876 7859 7858
f 7876 7858 7866
f 7859 7884 7860
f 7860 7884 7883
f 7860 7883 7861
f 7861 7883 7869
f 7861 7869 7868
f 7881 7880 5069
f 7837 7878 7850
f 7850 7878 7877
f 7850 7877 7865
f 7865 7877 7866
f 7866 7877 7876
f 7875 7863 7867
f 7867 7863 7862
f 7867 7862 7868
f 7868 7862 7861
f 7874 7852 7875
f 7875 7852 7851
f 7875 7851 7864
f 7864 7851 7850
f 7864 7850 7865
f 7864 7863 7875
f 7850 7849 7837
f 7897 7898 7899
f 7899 7898 7900
f 7899 7900 7901
f 7901 7900 7902
f 7897 7899 7903
f 7903 7899 7904
f 7899 7901 7904
f 7904 7901 7905
f 7901 7902 7905
f 7905 7902 7906
f 7902 7900 7906
f 7906 7900 7907
f 7900 7898 7907
f 7907 7898 7908
f 7898 7897 7908
f 7908 7897 7903
f 7909 7910 7904
f 7904 7910 7911
f 7904 7911 7903
f 7903 7911 7912
f 7903 7912 7908
f 7908 7912 7913
f 7908 7913 7914
f 7908 7914 7907
f 7907 7914 7915
f 7907 7915 7906
f 7906 7915 7916
f 7906 7916 7917
f 7906 7917 7905
f 7905 7917 7909
f 7905 7909 7904
f 7909 7918 7910
f 7910 7918 7919
f 7910 7919 7920
f 7918 7909 7921
f 7921 7909 7917
f 7921 7917 7922
f 7922 7917 7916
f 7922 7916 7923
f 7923 7916 7915
f 7923 7915 7924
f 7924 7915 7914
f 7924 7914 7925
f 7925 7914 7913
f 7925 7913 7926
f 7926 7913 7912
f 7926 7912 7927
f 7927 7912 7911
f 7927 7911 7920
f 7920 7911 7910
f 7925 7928 7924
f 7924 7928 7929
f 7924 7929 7923
f 7923 7929 7930
f 7923 7930 7922
f 7922 7930 7931
f 7922 7931 7921
f 7921 7931 7932
f 7921 7932 7918
f 7918 7932 7933
f 7918 7933 7919
f 7919 7933 7934
f 7919 7934 7920
f 7920 7934 7935
f 7920 7935 7927
f 7927 7935 7936
f 7927 7936 7926
f 7926 7936 7937
f 7926 7937 7925
f 7925 7937 7928
f 7938 7939 7940
f 7940 7939 7941
f 7940 7941 7942
f 7942 7941 7943
f 7942 7943 7944
f 7944 7943 7945
f 7944 7945 7946
f 7930 7929 7947
f 7947 7929 7928
f 7947 7928 7948
f 7948 7928 7937
f 7948 7937 7949
f 7949 7937 7936
f 7949 7936 7950
f 7950 7936 7935
f 7950 7935 7951
f 7951 7935 7934
f 7951 7934 7952
f 7952 7934 7933
f 7952 7933 7953
f 7953 7933 7932
f 7953 7932 7954
f 7954 7932 7931
f 7954 7931 7955
f 7955 7931 7930
f 7955 7930 7947
f 7940 7947 7938
f 7938 7947 7948
f 7938 7948 7939
f 7939 7948 7949
f 7939 7949 7941
f 7941 7949 7950
f 7941 7950 7943
f 7943 7950 7951
f 7943 7951 7945
f 7945 7951 7952
f 7945 7952 7946
f 7946 7952 7953
f 7946 7953 7944
f 7944 7953 7954
f 7944 7954 7942
f 7942 7954 7955
f 7942 7955 7940
f 7940 7955 7947
f 7956 7957 7958
f 7958 7957 7959
f 7958 7959 7960
f 7960 7959 7961
f 7956 7958 7962
f 7962 7958 7963
f 7958 7960 7963
f 7963 7960 7964
f 7960 7961 7964
f 7964 7961 7965
f 7961 7959 7965
f 7965 7959 7966
f 7959 7957 7966
f 7966 7957 7967
f 7957 7956 7967
f 7967 7956 7962
f 7968 7969 7963
f 7963 7969 7970
f 7963 7970 7962
f 7962 7970 7971
f 7962 7971 7967
f 7967 7971 7972
f 7967 7972 7973
f 7967 7973 7966
f 7966 7973 7974
f 7966 7974 7965
f 7965 7974 7975
f 7965 7975 7976
f 7965 7976 7964
f 7964 7976 7968
f 7964 7968 7963
f 7968 7977 7969
f 7969 7977 7978
f 7969 7978 7979
f 7977 7968 7980
f 7980 7968 7976
f 7980 7976 7981
f 7981 7976 7975
f 7981 7975 7982
f 7982 7975 7974
f 7982 7974 7983
f 7983 7974 7973
f 7983 7973 7984
f 7984 7973 7972
f 7984 7972 7985
f 7985 7972 7971
f 7985 7971 7986
f 7986 7971 7970
f 7986 7970 7979
f 7979 7970 7969
f 7984 7987 7983
f 7983 7987 7988
f 7983 7988 7982
f 7982 7988 7989
f 7982 7989 7981
f 7981 7989 7990
f 7981 7990 7980
f 7980 7990 7991
f 7980 7991 7977
f 7977 7991 7992
f 7977 7992 7978
f 7978 7992 7993
f 7978 7993 7979
f 7979 7993 7994
f 7979 7994 7986
f 7986 7994 7995
f 7986 7995 7985
f 7985 7995 7996
f 7985 7996 7984
f 7984 7996 7987
f 7997 7998 7999
f 7999 7998 8000
f 7999 8000 8001
f 8001 8000 8002
f 8001 8002 8003
f 8003 8002 8004
f 8003 8004 8005
f 7989 7988 8006
f 8006 7988 7987
f 8006 7987 8007
f 8007 7987 7996
f 8007 7996 8008
f 8008 7996 7995
f 8008 7995 8009
f 8009 7995 7994
f 8009 7994 8010
f 8010 7994 7993
f 8010 7993 8011
f 8011 7993 7992
f 8011 7992 8012
f 8012 7992 7991
f 8012 7991 8013
f 8013 7991 7990
f 8013 7990 8014
f 8014 7990 7989
f 8014 7989 8006
f 7999 8006 7997
f 7997 8006 8007
f 7997 8007 7998
f 7998 8007 8008
f 7998 8008 8000
f 8000 8008 8009
f 8000 8009 8002
f 8002 8009 8010
f 8002 8010 8004
f 8004 8010 8011
f 8004 8011 8005
f 8005 8011 8012
f 8005 8012 8003
f 8003 8012 8013
f 8003 8013 8001
f 8001 8013 8014
f 8001 8014 7999
f 7999 8014 8006
f 8015 8016 8017
f 8017 8016 8018
f 8017 8018 8019
f 8019 8018 8020
f 8019 8020 8021
f 8021 8020 8022
f 8021 8022 8023
f 8023 8022 8024
f 8023 8024 8025
f 8025 8024 8026
f 8025 8026 8027
f 8027 8026 8028
f 8027 8028 8029
f 8029 8028 8030
f 8029 8030 8031
f 8031 8030 8032
f 8031 8032 8015
f 8015 8032 8016
f 8033 8034 8016
f 8016 8034 8035
f 8016 8035 8018
f 8018 8035 8036
f 8018 8036 8020
f 8020 8036 8022
f 8022 8036 8037
f 8022 8037 8024
f 8024 8037 8038
f 8024 8038 8039
f 8024 8039 8026
f 8026 8039 8040
f 8026 8040 8028
f 8028 8040 8041
f 8028 8041 8030
f 8030 8041 8032
f 8032 8041 8033
f 8032 8033 8016
f 8042 8043 8044
f 8044 8043 8045
f 8044 8045 8046
f 8044 8046 8047
f 8047 8046 8048
f 8047 8048 8049
f 8050 8051 8052
f 8052 8051 8053
f 8053 8051 8054
f 8053 8054 8055
f 8055 8054 8056
f 8056 8054 8057
f 8019 8056 8017
f 8017 8056 8042
f 8017 8042 8015
f 8015 8042 8044
f 8015 8044 8047
f 8021 8053 8019
f 8019 8053 8055
f 8019 8055 8056
f 8023 8058 8021
f 8021 8058 8052
f 8021 8052 8053
f 8025 8059 8023
f 8023 8060 8058
f 8027 8061 8025
f 8025 8061 8062
f 8025 8062 8059
f 8061 8027 8063
f 8063 8027 8029
f 8064 8029 8065
f 8065 8029 8031
f 8065 8031 8049
f 8049 8031 8047
f 8047 8031 8015
f 8066 8067 8062
f 8062 8067 8059
f 8059 8067 8060
f 8060 8067 8068
f 8060 8068 8058
f 8058 8068 8069
f 8065 8070 8064
f 8064 8070 8071
f 8064 8071 8063
f 8063 8071 8072
f 8063 8072 8073
f 8073 8061 8063
f 8033 8074 8034
f 8034 8074 8075
f 8034 8075 8035
f 8035 8075 8076
f 8035 8076 8036
f 8036 8076 8077
f 8036 8077 8037
f 8037 8077 8078
f 8037 8078 8038
f 8038 8078 8079
f 8038 8079 8039
f 8039 8079 8080
f 8039 8080 8040
f 8040 8080 8081
f 8040 8081 8041
f 8041 8081 8082
f 8041 8082 8033
f 8033 8082 8074
f 8048 8070 8049
f 8049 8070 8065
f 8057 8043 8056
f 8056 8043 8042
f 8069 8050 8058
f 8058 8050 8052
f 8073 8066 8061
f 8061 8066 8062
f 8083 8084 4019
f 4019 8084 8085
f 4019 8085 8086
f 8086 8085 8087
f 8086 8087 8088
f 8088 8087 8089
f 8088 8089 8090
f 8090 8089 8091
f 8090 8091 8092
f 8092 8091 8093
f 8092 8093 8094
f 8094 8093 8095
f 8094 8095 8096
f 8096 8095 8097
f 8096 8097 8098
f 8098 8097 8099
f 8098 8099 8083
f 8083 8099 8084
f 8100 8101 3971
f 3971 8101 8102
f 3971 8102 8103
f 8103 8102 8104
f 8103 8104 8105
f 8105 8104 8106
f 8105 8106 8107
f 8107 8106 8108
f 8107 8108 8109
f 8109 8108 8110
f 8109 8110 8111
f 8111 8110 8112
f 8111 8112 8113
f 8113 8112 8114
f 8113 8114 8115
f 8115 8114 8116
f 8115 8116 8100
f 8100 8116 8101
f 8117 8118 8119
f 8119 8118 8120
f 8119 8120 8121
f 8121 8120 8122
f 8121 8122 8123
f 8123 8124 8121
f 8117 8119 8125
f 8125 8119 8121
f 8125 8121 8124
f 8126 8082 8124
f 8124 8082 8081
f 8124 8081 8080
f 8082 8126 8074
f 8074 8126 8127
f 8074 8127 8128
f 8128 8129 8074
f 8074 8129 8075
f 8075 8129 8130
f 8075 8130 8076
f 8076 8130 8131
f 8076 8131 8077
f 8077 8131 8132
f 8077 8132 8078
f 8078 8132 8133
f 8078 8133 8134
f 8134 8133 8135
f 8134 8135 8136
f 8078 8134 8079
f 8079 8134 8125
f 8079 8125 8080
f 8080 8125 8124
f 8073 8137 8066
f 8066 8137 8138
f 8066 8138 8069
f 8069 8138 8139
f 8069 8139 8050
f 8050 8139 8140
f 8050 8140 8057
f 8057 8140 8141
f 8057 8141 8043
f 8043 8141 8142
f 8043 8142 8048
f 8048 8142 8143
f 8048 8143 8070
f 8070 8143 8144
f 8070 8144 8073
f 8073 8144 8145
f 8073 8145 8137
f 8073 8071 8070
f 8048 8046 8043
f 8057 8054 8050
f 8069 8067 8066
f 4214 8109 8146
f 8146 8109 8111
f 8146 8111 8113
f 4222 8147 4214
f 4214 8147 8148
f 4214 8148 8105
f 8105 8148 8103
f 8103 8148 8149
f 8103 8149 3971
f 3971 8149 8150
f 3971 8150 8100
f 8100 8150 8151
f 8100 8151 8115
f 8115 8151 8146
f 8115 8146 8113
f 8152 4019 4222
f 4222 4019 8086
f 4222 8086 8088
f 8146 8153 8152
f 8152 8153 8154
f 8152 8154 8096
f 8096 8154 8155
f 8096 8155 8094
f 8094 8155 8156
f 8094 8156 8092
f 8092 8156 8157
f 8092 8157 8090
f 8090 8157 8158
f 8090 8158 4222
f 4222 8158 8147
f 8159 8160 8161
f 8161 8160 8162
f 8161 8162 8163
f 8163 8162 8164
f 8163 8164 8153
f 8153 8164 8154
f 8160 8159 8165
f 8165 8159 8147
f 8165 8147 8158
f 8151 8153 8146
f 8105 8107 4214
f 4214 8107 8109
f 8088 8090 4222
f 8096 8098 8152
f 8152 8098 8083
f 8152 8083 4019
f 8166 8093 8167
f 8167 8093 8091
f 8167 8091 8168
f 8168 8091 8089
f 8168 8089 8169
f 8169 8089 8087
f 8169 8087 8170
f 8170 8087 8085
f 8170 8085 8171
f 8171 8085 8084
f 8171 8084 8172
f 8172 8084 8099
f 8172 8099 8173
f 8173 8099 8097
f 8173 8097 8174
f 8174 8097 8095
f 8174 8095 8166
f 8166 8095 8093
f 8175 8176 8177
f 8177 8176 8108
f 8177 8108 8106
f 8178 8112 8176
f 8176 8112 8110
f 8176 8110 8108
f 8112 8178 8114
f 8114 8178 8179
f 8114 8179 8116
f 8116 8179 8101
f 8101 8179 8180
f 8101 8180 8181
f 8181 8182 8101
f 8101 8182 8102
f 8102 8182 8104
f 8104 8182 8183
f 8104 8183 8106
f 8106 8183 8177
f 8184 8185 8132
f 8132 8185 8133
f 8133 8185 8135
f 8135 8185 8186
f 8135 8186 8136
f 8136 8186 8187
f 8136 8187 8188
f 8188 8134 8136
f 8146 8125 4214
f 4214 8125 4253
f 4253 8125 8188
f 8188 8125 8134
f 4222 4214 4254
f 4254 4214 4253
f 8152 4222 8189
f 8189 4222 4254
f 8118 8117 8189
f 8189 8117 8152
f 8152 8117 8146
f 8146 8117 8125
f 8123 8190 8124
f 8124 8190 8126
f 8126 8190 8127
f 8127 8190 8191
f 8127 8191 8128
f 8128 8191 8192
f 8128 8192 8193
f 8193 8129 8128
f 8184 8132 8194
f 8194 8132 8131
f 8194 8131 8130
f 8129 8193 8130
f 8130 8193 8195
f 8130 8195 8194
f 8140 8196 8141
f 8141 8196 8197
f 8141 8197 8142
f 8142 8197 8198
f 8142 8198 8143
f 8143 8198 8199
f 8143 8199 8144
f 8144 8199 8200
f 8144 8200 8145
f 8145 8200 8201
f 8145 8201 8137
f 8137 8201 8202
f 8137 8202 8138
f 8138 8202 8203
f 8138 8203 8139
f 8139 8203 8204
f 8139 8204 8140
f 8140 8204 8196
f 8155 8205 8156
f 8156 8205 8206
f 8156 8206 8157
f 8157 8206 8207
f 8157 8207 8158
f 8158 8207 8208
f 8158 8208 8165
f 8165 8208 8209
f 8165 8209 8160
f 8160 8209 8210
f 8160 8210 8162
f 8162 8210 8211
f 8162 8211 8164
f 8164 8211 8212
f 8164 8212 8154
f 8154 8212 8213
f 8154 8213 8155
f 8155 8213 8205
f 8163 8214 8161
f 8161 8214 8215
f 8161 8215 8159
f 8159 8215 8216
f 8159 8216 8147
f 8147 8216 8217
f 8147 8217 8148
f 8148 8217 8218
f 8148 8218 8149
f 8149 8218 8219
f 8149 8219 8150
f 8150 8219 8220
f 8150 8220 8151
f 8151 8220 8221
f 8151 8221 8153
f 8153 8221 8222
f 8153 8222 8163
f 8163 8222 8214
f 8168 8223 8167
f 8167 8223 8224
f 8167 8224 8225
f 8223 8168 8226
f 8226 8168 8169
f 8226 8169 8227
f 8227 8169 8170
f 8227 8170 8228
f 8228 8170 8171
f 8228 8171 8229
f 8229 8171 8172
f 8229 8172 8230
f 8230 8172 8231
f 8231 8172 8173
f 8231 8173 8232
f 8232 8173 8174
f 8232 8174 8233
f 8233 8174 8166
f 8233 8166 8234
f 8234 8166 8225
f 8225 8166 8167
f 8177 8235 8175
f 8175 8235 8236
f 8175 8236 8176
f 8176 8236 8237
f 8176 8237 8178
f 8178 8237 8238
f 8178 8238 8179
f 8179 8238 8239
f 8179 8239 8180
f 8180 8239 8240
f 8180 8240 8181
f 8181 8240 8241
f 8181 8241 8182
f 8182 8241 8242
f 8182 8242 8183
f 8183 8242 8243
f 8183 8243 8177
f 8177 8243 8235
f 8192 8190 8193
f 8193 8190 8196
f 8193 8196 8195
f 8195 8196 8204
f 8195 8204 8203
f 8192 8191 8190
f 8196 8190 8197
f 8197 8190 8123
f 8197 8123 8211
f 8211 8123 8212
f 8212 8123 8213
f 8213 8123 8234
f 8213 8234 8225
f 8123 8122 8234
f 8234 8122 8233
f 8233 8122 8120
f 8233 8120 8232
f 8232 8118 8231
f 8231 8118 8189
f 8231 8189 8230
f 8230 8189 8229
f 8229 8189 4254
f 8229 4254 8228
f 8228 4254 8227
f 8227 4254 8242
f 8227 8242 8226
f 8226 8242 8241
f 8226 8241 8216
f 8216 8241 8217
f 8217 8241 8240
f 8217 8240 8218
f 8218 8240 8219
f 8219 8240 8239
f 8219 8239 8220
f 8220 8239 8238
f 8220 8238 8221
f 8221 8238 8200
f 8221 8200 8199
f 4254 4253 8242
f 8242 4253 8243
f 8243 4253 8235
f 8235 4253 8188
f 8235 8188 8236
f 8236 8188 8237
f 8237 8188 8238
f 8238 8188 8200
f 8187 8186 8188
f 8188 8186 8185
f 8188 8185 8200
f 8200 8185 8184
f 8200 8184 8201
f 8201 8184 8194
f 8201 8194 8202
f 8202 8194 8203
f 8203 8194 8195
f 8225 8224 8205
f 8205 8224 8223
f 8205 8223 8206
f 8206 8223 8207
f 8207 8223 8226
f 8207 8226 8208
f 8208 8226 8216
f 8208 8216 8215
f 8213 8225 8205
f 8222 8210 8214
f 8214 8210 8209
f 8214 8209 8215
f 8215 8209 8208
f 8221 8199 8222
f 8222 8199 8198
f 8222 8198 8211
f 8211 8198 8197
f 8211 8210 8222
f 8244 8245 8246
f 8246 8245 8247
f 8246 8247 8248
f 8248 8247 8249
f 8244 8246 8250
f 8250 8246 8251
f 8246 8248 8251
f 8251 8248 8252
f 8248 8249 8252
f 8252 8249 8253
f 8249 8247 8253
f 8253 8247 8254
f 8247 8245 8254
f 8254 8245 8255
f 8245 8244 8255
f 8255 8244 8250
f 8256 8257 8251
f 8251 8257 8258
f 8251 8258 8250
f 8250 8258 8259
f 8250 8259 8260
f 8250 8260 8255
f 8255 8260 8261
f 8255 8261 8262
f 8255 8262 8254
f 8254 8262 8263
f 8254 8263 8264
f 8254 8264 8253
f 8253 8264 8265
f 8253 8265 8266
f 8253 8266 8252
f 8252 8266 8267
f 8252 8267 8256
f 8252 8256 8251
f 8256 8268 8257
f 8257 8268 8269
f 8257 8269 8258
f 8258 8269 8270
f 8258 8270 8259
f 8259 8270 8271
f 8259 8271 8260
f 8260 8271 8272
f 8260 8272 8261
f 8261 8272 8273
f 8261 8273 8262
f 8262 8273 8274
f 8262 8274 8263
f 8263 8274 8275
f 8263 8275 8276
f 8268 8256 8277
f 8277 8256 8267
f 8277 8267 8278
f 8278 8267 8266
f 8278 8266 8279
f 8279 8266 8265
f 8279 8265 8280
f 8280 8265 8264
f 8280 8264 8276
f 8276 8264 8263
f 8274 8281 8275
f 8275 8281 8282
f 8275 8282 8276
f 8276 8282 8283
f 8276 8283 8284
f 8274 8273 8281
f 8281 8273 8285
f 8285 8273 8272
f 8285 8272 8286
f 8286 8272 8271
f 8286 8271 8287
f 8287 8271 8270
f 8287 8270 8288
f 8288 8270 8269
f 8288 8269 8289
f 8289 8269 8268
f 8289 8268 8290
f 8290 8268 8277
f 8290 8277 8291
f 8291 8277 8278
f 8291 8278 8292
f 8292 8278 8279
f 8292 8279 8293
f 8293 8279 8280
f 8293 8280 8284
f 8284 8280 8276
f 8294 8295 8296
f 8296 8295 8297
f 8296 8297 8298
f 8298 8297 8299
f 8298 8299 8300
f 8300 8299 8301
f 8300 8301 8302
f 8283 8282 8303
f 8303 8282 8281
f 8303 8281 8304
f 8304 8281 8285
f 8304 8285 8305
f 8305 8285 8286
f 8305 8286 8287
f 8305 8287 8306
f 8306 8287 8288
f 8306 8288 8307
f 8307 8288 8289
f 8307 8289 8308
f 8308 8289 8290
f 8308 8290 8291
f 8308 8291 8309
f 8309 8291 8292
f 8309 8292 8310
f 8310 8292 8293
f 8310 8293 8284
f 8310 8284 8311
f 8311 8284 8283
f 8311 8283 8303
f 8296 8303 8294
f 8294 8303 8304
f 8294 8304 8295
f 8295 8304 8305
f 8295 8305 8297
f 8297 8305 8306
f 8297 8306 8299
f 8299 8306 8307
f 8299 8307 8301
f 8301 8307 8308
f 8301 8308 8302
f 8302 8308 8309
f 8302 8309 8300
f 8300 8309 8310
f 8300 8310 8298
f 8298 8310 8311
f 8298 8311 8296
f 8296 8311 8303
f 8312 8313 8314
f 8314 8313 8315
f 8314 8315 8316
f 8316 8315 8317
f 8317 8315 8318
f 8317 8318 8319
f 8319 8318 8320
f 8319 8320 8321
f 8321 8320 8322
f 8321 8322 8323
f 8323 8322 8324
f 8323 8324 8325
f 8325 8324 8326
f 8325 8326 8327
f 8327 8326 8328
f 8327 8328 8329
f 8329 8328 8330
f 8329 8330 8331
f 8331 8330 8332
f 8331 8332 8333
f 8333 8332 8334
f 8333 8334 8335
f 8333 8336 8312
f 8312 8336 8337
f 8312 8337 8338
f 8314 8339 8331
f 8331 8339 8340
f 8331 8340 8341
f 8342 8343 8344
f 8344 8343 8345
f 8344 8345 8346
f 8346 8345 8347
f 8346 8347 8348
f 8348 8347 8349
f 8348 8349 8350
f 8350 8349 8320
f 8350 8320 8318
f 8351 8312 8342
f 8342 8312 8338
f 8342 8338 8343
f 8351 8352 8312
f 8312 8352 8353
f 8312 8353 8354
f 8353 8352 8346
f 8346 8352 8344
f 8355 8356 8357
f 8357 8356 8358
f 8357 8358 8359
f 8359 8358 8360
f 8359 8360 8361
f 8361 8360 8362
f 8361 8362 8363
f 8363 8362 8328
f 8363 8328 8326
f 8336 8333 8355
f 8355 8333 8364
f 8355 8364 8356
f 8336 8365 8337
f 8337 8365 8366
f 8366 8365 8367
f 8366 8367 8368
f 8368 8367 8369
f 8368 8369 8370
f 8370 8369 8371
f 8370 8371 8372
f 8372 8371 8324
f 8372 8324 8322
f 8367 8365 8359
f 8359 8365 8357
f 8366 8368 8343
f 8343 8368 8345
f 8349 8347 8372
f 8372 8347 8370
f 8358 8356 8335
f 8335 8356 8373
f 8335 8373 8333
f 8333 8373 8374
f 8333 8374 8364
f 8362 8360 8332
f 8332 8360 8334
f 8361 8363 8369
f 8369 8363 8371
f 8321 8375 8376
f 8376 8375 8377
f 8376 8377 8378
f 8378 8377 8379
f 8378 8379 8380
f 8380 8379 8314
f 8380 8314 8381
f 8381 8314 8382
f 8381 8382 8383
f 8319 8384 8317
f 8317 8384 8385
f 8385 8384 8386
f 8385 8386 8387
f 8387 8386 8388
f 8387 8388 8314
f 8314 8388 8389
f 8314 8389 8390
f 8390 8389 8391
f 8390 8391 8392
f 8392 8391 8384
f 8392 8384 8383
f 8383 8384 8376
f 8383 8376 8393
f 8393 8376 8378
f 8329 8331 8394
f 8394 8331 8395
f 8394 8395 8396
f 8327 8397 8325
f 8325 8397 8398
f 8398 8397 8396
f 8398 8396 8399
f 8397 8394 8396
f 8348 8350 8354
f 8354 8350 8313
f 8354 8313 8312
f 8391 8386 8384
f 8393 8381 8383
f 8331 8341 8400
f 8400 8341 8401
f 8400 8401 8402
f 8402 8401 8375
f 8402 8375 8398
f 8401 8403 8375
f 8375 8403 8404
f 8375 8404 8377
f 8403 8340 8404
f 8404 8340 8339
f 8395 8331 8405
f 8405 8331 8406
f 8405 8406 8407
f 8398 8399 8407
f 8407 8399 8405
f 8400 8406 8331
f 8407 8402 8398
f 8379 8339 8314
f 8390 8382 8314
f 8316 8387 8314
f 8323 8375 8321
f 8408 8409 8314
f 8314 8409 8312
f 8409 8410 8312
f 8312 8410 8333
f 8410 8411 8333
f 8333 8411 8331
f 8411 8408 8331
f 8331 8408 8314
f 8409 8408 8410
f 8410 8408 8411
f 8342 8344 8412
f 8412 8344 8413
f 8344 8352 8413
f 8413 8352 8414
f 8352 8351 8414
f 8414 8351 8415
f 8351 8342 8415
f 8415 8342 8412
f 8412 8413 8415
f 8415 8413 8414
f 8337 8366 8416
f 8416 8366 8417
f 8366 8343 8417
f 8417 8343 8418
f 8343 8338 8418
f 8418 8338 8419
f 8338 8337 8419
f 8419 8337 8416
f 8416 8417 8419
f 8419 8417 8418
f 8355 8357 8420
f 8420 8357 8421
f 8357 8365 8421
f 8421 8365 8422
f 8365 8336 8422
f 8422 8336 8423
f 8336 8355 8423
f 8423 8355 8420
f 8420 8421 8423
f 8423 8421 8422
f 8374 8373 8424
f 8424 8373 8425
f 8373 8356 8425
f 8425 8356 8426
f 8356 8364 8426
f 8426 8364 8427
f 8364 8374 8427
f 8427 8374 8424
f 8424 8425 8427
f 8427 8425 8426
f 8368 8370 8428
f 8428 8370 8429
f 8370 8347 8429
f 8429 8347 8430
f 8347 8345 8430
f 8430 8345 8431
f 8345 8368 8431
f 8431 8368 8428
f 8428 8429 8431
f 8431 8429 8430
f 8359 8361 8432
f 8432 8361 8433
f 8361 8369 8433
f 8433 8369 8434
f 8369 8367 8434
f 8434 8367 8435
f 8367 8359 8435
f 8435 8359 8432
f 8432 8433 8435
f 8435 8433 8434
f 8335 8334 8436
f 8436 8334 8437
f 8334 8360 8437
f 8437 8360 8438
f 8360 8358 8438
f 8438 8358 8439
f 8358 8335 8439
f 8439 8335 8436
f 8436 8437 8439
f 8439 8437 8438
f 8372 8322 8440
f 8440 8322 8441
f 8322 8320 8441
f 8441 8320 8442
f 8320 8349 8442
f 8442 8349 8443
f 8349 8372 8443
f 8443 8372 8440
f 8440 8441 8443
f 8443 8441 8442
f 8363 8326 8444
f 8444 8326 8445
f 8326 8324 8445
f 8445 8324 8446
f 8324 8371 8446
f 8446 8371 8447
f 8371 8363 8447
f 8447 8363 8444
f 8444 8445 8447
f 8447 8445 8446
f 8332 8330 8448
f 8448 8330 8449
f 8330 8328 8449
f 8449 8328 8450
f 8328 8362 8450
f 8450 8362 8451
f 8362 8332 8451
f 8451 8332 8448
f 8448 8449 8451
f 8451 8449 8450
f 8321 8376 8452
f 8452 8376 8453
f 8376 8384 8453
f 8453 8384 8454
f 8384 8319 8454
f 8454 8319 8455
f 8319 8321 8455
f 8455 8321 8452
f 8452 8453 8455
f 8455 8453 8454
f 8325 8398 8456
f 8456 8398 8457
f 8398 8375 8457
f 8457 8375 8458
f 8375 8323 8458
f 8458 8323 8459
f 8323 8325 8459
f 8459 8325 8456
f 8456 8457 8459
f 8459 8457 8458
f 8329 8394 8460
f 8460 8394 8461
f 8394 8397 8461
f 8461 8397 8462
f 8397 8327 8462
f 8462 8327 8463
f 8327 8329 8463
f 8463 8329 8460
f 8460 8461 8463
f 8463 8461 8462
f 8346 8348 8464
f 8464 8348 8465
f 8348 8354 8465
f 8465 8354 8466
f 8354 8353 8466
f 8466 8353 8467
f 8353 8346 8467
f 8467 8346 8464
f 8464 8465 8467
f 8467 8465 8466
f 8350 8318 8468
f 8468 8318 8469
f 8318 8315 8469
f 8469 8315 8470
f 8315 8313 8470
f 8470 8313 8471
f 8313 8350 8471
f 8471 8350 8468
f 8468 8469 8471
f 8471 8469 8470
f 8317 8385 8472
f 8472 8385 8473
f 8385 8387 8473
f 8473 8387 8474
f 8387 8316 8474
f 8474 8316 8475
f 8316 8317 8475
f 8475 8317 8472
f 8472 8473 8475
f 8475 8473 8474
f 8388 8386 8476
f 8476 8386 8477
f 8386 8391 8477
f 8477 8391 8478
f 8391 8389 8478
f 8478 8389 8479
f 8389 8388 8479
f 8479 8388 8476
f 8476 8477 8479
f 8479 8477 8478
f 8382 8390 8480
f 8480 8390 8481
f 8390 8392 8481
f 8481 8392 8482
f 8392 8383 8482
f 8482 8383 8483
f 8383 8382 8483
f 8483 8382 8480
f 8481 8482 8480
f 8480 8482 8483
f 8380 8381 8484
f 8484 8381 8485
f 8381 8393 8485
f 8485 8393 8486
f 8393 8378 8486
f 8486 8378 8487
f 8378 8380 8487
f 8487 8380 8484
f 8485 8486 8484
f 8484 8486 8487
f 8339 8379 8488
f 8488 8379 8489
f 8379 8377 8489
f 8489 8377 8490
f 8377 8404 8490
f 8490 8404 8491
f 8404 8339 8491
f 8491 8339 8488
f 8489 8490 8488
f 8488 8490 8491
f 8341 8340 8492
f 8492 8340 8493
f 8340 8403 8493
f 8493 8403 8494
f 8403 8401 8494
f 8494 8401 8495
f 8401 8341 8495
f 8495 8341 8492
f 8493 8494 8492
f 8492 8494 8495
f 8406 8400 8496
f 8496 8400 8497
f 8400 8402 8497
f 8497 8402 8498
f 8402 8407 8498
f 8498 8407 8499
f 8407 8406 8499
f 8499 8406 8496
f 8497 8498 8496
f 8496 8498 8499
f 8395 8405 8500
f 8500 8405 8501
f 8405 8399 8501
f 8501 8399 8502
f 8399 8396 8502
f 8502 8396 8503
f 8396 8395 8503
f 8503 8395 8500
f 8501 8502 8500
f 8500 8502 8503
f 8504 8505 8506
f 8506 8505 8507
f 8506 8507 8508
f 8508 8507 8509
f 8508 8509 8510
f 8510 8509 8511
f 8510 8511 8512
f 8512 8511 8513
f 8512 8513 8514
f 8514 8513 8515
f 8514 8515 8516
f 8516 8515 8517
f 8516 8517 8518
f 8518 8517 8519
f 8518 8519 8520
f 8520 8519 8521
f 8520 8521 8504
f 8504 8521 8505
f 8522 8507 8523
f 8523 8507 8505
f 8523 8505 8524
f 8524 8505 8521
f 8524 8521 8525
f 8525 8521 8519
f 8525 8519 8526
f 8526 8519 8517
f 8526 8517 8527
f 8527 8517 8515
f 8527 8515 8528
f 8528 8515 8513
f 8528 8513 8529
f 8529 8513 8511
f 8529 8511 8530
f 8530 8511 8509
f 8530 8509 8522
f 8522 8509 8507
f 8531 8532 8533
f 8533 8532 8534
f 8533 8534 8535
f 8535 8534 8536
f 8535 8536 8537
f 8537 8536 8538
f 8537 8538 8539
f 8539 8538 8540
f 8539 8540 8541
f 8541 8540 8542
f 8541 8542 8543
f 8543 8542 8544
f 8543 8544 8545
f 8545 8544 8546
f 8545 8546 8547
f 8547 8546 8548
f 8547 8548 8531
f 8531 8548 8532
f 8549 8534 8550
f 8550 8534 8532
f 8550 8532 8551
f 8551 8532 8548
f 8551 8548 8552
f 8552 8548 8546
f 8552 8546 8553
f 8553 8546 8544
f 8553 8544 8554
f 8554 8544 8542
f 8554 8542 8555
f 8555 8542 8540
f 8555 8540 8556
f 8556 8540 8538
f 8556 8538 8557
f 8557 8538 8536
f 8557 8536 8549
f 8549 8536 8534
f 8558 8559 8560
f 8560 8559 8561
f 8560 8561 8562
f 8562 8561 8563
f 8562 8563 8564
f 8564 8563 8565
f 8564 8565 8566
f 8566 8565 8567
f 8566 8567 8568
f 8568 8567 8569
f 8568 8569 8570
f 8570 8569 8571
f 8570 8571 8572
f 8572 8571 8573
f 8572 8573 8574
f 8574 8573 8575
f 8574 8575 8558
f 8558 8575 8559
f 8576 8561 8577
f 8577 8561 8559
f 8577 8559 8578
f 8578 8559 8575
f 8578 8575 8579
f 8579 8575 8573
f 8579 8573 8580
f 8580 8573 8571
f 8580 8571 8581
f 8581 8571 8569
f 8581 8569 8582
f 8582 8569 8567
f 8582 8567 8583
f 8583 8567 8565
f 8583 8565 8584
f 8584 8565 8563
f 8584 8563 8576
f 8576 8563 8561
f 8585 8586 8587
f 8587 8586 8588
f 8587 8588 8589
f 8589 8588 8590
f 8589 8590 8591
f 8591 8590 8592
f 8591 8592 8593
f 8593 8592 8594
f 8593 8594 8595
f 8595 8594 8596
f 8595 8596 8597
f 8597 8596 8598
f 8597 8598 8599
f 8599 8598 8600
f 8599 8600 8601
f 8601 8600 8602
f 8601 8602 8585
f 8585 8602 8586
f 8603 8588 8604
f 8604 8588 8586
f 8604 8586 8605
f 8605 8586 8602
f 8605 8602 8606
f 8606 8602 8600
f 8606 8600 8607
f 8607 8600 8598
f 8607 8598 8608
f 8608 8598 8596
f 8608 8596 8609
f 8609 8596 8594
f 8609 8594 8610
f 8610 8594 8592
f 8610 8592 8611
f 8611 8592 8590
f 8611 8590 8603
f 8603 8590 8588
f 8612 8613 8614
f 8614 8613 8615
f 8614 8615 8616
f 8616 8615 8617
f 8616 8617 8618
f 8618 8617 8619
f 8618 8619 8620
f 8620 8619 8621
f 8620 8621 8622
f 8622 8621 8623
f 8622 8623 8624
f 8624 8623 8625
f 8624 8625 8626
f 8626 8625 8627
f 8626 8627 8628
f 8628 8627 8629
f 8628 8629 8612
f 8612 8629 8613
f 8630 8615 8631
f 8631 8615 8613
f 8631 8613 8632
f 8632 8613 8629
f 8632 8629 8633
f 8633 8629 8627
f 8633 8627 8634
f 8634 8627 8625
f 8634 8625 8635
f 8635 8625 8623
f 8635 8623 8636
f 8636 8623 8621
f 8636 8621 8637
f 8637 8621 8619
f 8637 8619 8638
f 8638 8619 8617
f 8638 8617 8630
f 8630 8617 8615
f 8639 8640 8641
f 8641 8640 8642
f 8641 8642 8643
f 8643 8642 8644
f 8643 8644 8645
f 8645 8644 8646
f 8645 8646 8647
f 8647 8646 8648
f 8647 8648 8649
f 8649 8648 8650
f 8649 8650 8651
f 8651 8650 8652
f 8651 8652 8653
f 8653 8652 8654
f 8653 8654 8655
f 8655 8654 8656
f 8655 8656 8639
f 8639 8656 8640
f 8657 8642 8658
f 8658 8642 8640
f 8658 8640 8659
f 8659 8640 8656
f 8659 8656 8660
f 8660 8656 8654
f 8660 8654 8661
f 8661 8654 8652
f 8661 8652 8662
f 8662 8652 8650
f 8662 8650 8663
f 8663 8650 8648
f 8663 8648 8664
f 8664 8648 8646
f 8664 8646 8665
f 8665 8646 8644
f 8665 8644 8657
f 8657 8644 8642
f 8666 8667 8668
f 8668 8667 8669
f 8668 8669 8670
f 8670 8669 8671
f 8670 8671 8672
f 8672 8671 8673
f 8672 8673 8674
f 8674 8673 8675
f 8674 8675 8676
f 8676 8675 8677
f 8676 8677 8678
f 8678 8677 8679
f 8678 8679 8680
f 8680 8679 8681
f 8680 8681 8682
f 8682 8681 8683
f 8682 8683 8666
f 8666 8683 8667
f 8684 8669 8685
f 8685 8669 8667
f 8685 8667 8686
f 8686 8667 8683
f 8686 8683 8687
f 8687 8683 8681
f 8687 8681 8688
f 8688 8681 8679
f 8688 8679 8689
f 8689 8679 8677
f 8689 8677 8690
f 8690 8677 8675
f 8690 8675 8691
f 8691 8675 8673
f 8691 8673 8692
f 8692 8673 8671
f 8692 8671 8684
f 8684 8671 8669
f 8693 8694 8695
f 8695 8694 8696
f 8695 8696 8697
f 8697 8696 8698
f 8697 8698 8699
f 8699 8698 8700
f 8699 8700 8701
f 8701 8700 8702
f 8701 8702 8703
f 8703 8702 8704
f 8703 8704 8705
f 8705 8704 8706
f 8705 8706 8707
f 8707 8706 8708
f 8707 8708 8709
f 8709 8708 8710
f 8709 8710 8693
f 8693 8710 8694
f 8711 8696 8712
f 8712 8696 8694
f 8712 8694 8713
f 8713 8694 8710
f 8713 8710 8714
f 8714 8710 8708
f 8714 8708 8715
f 8715 8708 8706
f 8715 8706 8716
f 8716 8706 8704
f 8716 8704 8717
f 8717 8704 8702
f 8717 8702 8718
f 8718 8702 8700
f 8718 8700 8719
f 8719 8700 8698
f 8719 8698 8711
f 8711 8698 8696
f 8720 8721 8722
f 8722 8721 8723
f 8722 8723 8724
f 8724 8723 8725
f 8724 8725 8726
f 8726 8725 8727
f 8726 8727 8728
f 8728 8727 8729
f 8728 8729 8730
f 8730 8729 8731
f 8730 8731 8732
f 8732 8731 8733
f 8732 8733 8734
f 8734 8733 8735
f 8734 8735 8736
f 8736 8735 8737
f 8736 8737 8720
f 8720 8737 8721
f 8738 8723 8739
f 8739 8723 8721
f 8739 8721 8740
f 8740 8721 8737
f 8740 8737 8741
f 8741 8737 8735
f 8741 8735 8742
f 8742 8735 8733
f 8742 8733 8743
f 8743 8733 8731
f 8743 8731 8744
f 8744 8731 8729
f 8744 8729 8745
f 8745 8729 8727
f 8745 8727 8746
f 8746 8727 8725
f 8746 8725 8738
f 8738 8725 8723
f 8747 8748 8749
f 8749 8748 8750
f 8749 8750 8751
f 8751 8750 8752
f 8751 8752 8753
f 8753 8752 8754
f 8753 8754 8755
f 8755 8754 8756
f 8755 8756 8757
f 8757 8756 8758
f 8757 8758 8759
f 8759 8758 8760
f 8759 8760 8761
f 8761 8760 8762
f 8761 8762 8763
f 8763 8762 8764
f 8763 8764 8747
f 8747 8764 8748
f 8765 8750 8766
f 8766 8750 8748
f 8766 8748 8767
f 8767 8748 8764
f 8767 8764 8768
f 8768 8764 8762
f 8768 8762 8769
f 8769 8762 8760
f 8769 8760 8770
f 8770 8760 8758
f 8770 8758 8771
f 8771 8758 8756
f 8771 8756 8772
f 8772 8756 8754
f 8772 8754 8773
f 8773 8754 8752
f 8773 8752 8765
f 8765 8752 8750
f 8774 8775 8776
f 8776 8775 8777
f 8776 8777 8778
f 8778 8777 8779
f 8778 8779 8780
f 8780 8779 8781
f 8780 8781 8782
f 8782 8781 8783
f 8782 8783 8784
f 8784 8783 8785
f 8784 8785 8786
f 8786 8785 8787
f 8786 8787 8788
f 8788 8787 8789
f 8788 8789 8790
f 8790 8789 8791
f 8790 8791 8774
f 8774 8791 8775
f 8792 8777 8793
f 8793 8777 8775
f 8793 8775 8794
f 8794 8775 8791
f 8794 8791 8795
f 8795 8791 8789
f 8795 8789 8796
f 8796 8789 8787
f 8796 8787 8797
f 8797 8787 8785
f 8797 8785 8798
f 8798 8785 8783
f 8798 8783 8799
f 8799 8783 8781
f 8799 8781 8800
f 8800 8781 8779
f 8800 8779 8792
f 8792 8779 8777
f 8801 8802 8803
f 8803 8802 8804
f 8803 8804 8805
f 8805 8804 8806
f 8805 8806 8807
f 8807 8806 8808
f 8807 8808 8809
f 8809 8808 8810
f 8809 8810 8811
f 8811 8810 8812
f 8811 8812 8813
f 8813 8812 8814
f 8813 8814 8815
f 8815 8814 8816
f 8815 8816 8817
f 8817 8816 8818
f 8817 8818 8801
f 8801 8818 8802
f 8819 8804 8820
f 8820 8804 8802
f 8820 8802 8821
f 8821 8802 8818
f 8821 8818 8822
f 8822 8818 8816
f 8822 8816 8823
f 8823 8816 8814
f 8823 8814 8824
f 8824 8814 8812
f 8824 8812 8825
f 8825 8812 8810
f 8825 8810 8826
f 8826 8810 8808
f 8826 8808 8827
f 8827 8808 8806
f 8827 8806 8819
f 8819 8806 8804
f 8828 8829 8830
f 8830 8829 8831
f 8830 8831 8832
f 8832 8831 8833
f 8832 8833 8834
f 8834 8833 8835
f 8834 8835 8836
f 8836 8835 8837
f 8836 8837 8838
f 8838 8837 8839
f 8838 8839 8840
f 8840 8839 8841
f 8840 8841 8842
f 8842 8841 8843
f 8842 8843 8844
f 8844 8843 8845
f 8844 8845 8828
f 8828 8845 8829
f 8846 8831 8847
f 8847 8831 8829
f 8847 8829 8848
f 8848 8829 8845
f 8848 8845 8849
f 8849 8845 8843
f 8849 8843 8850
f 8850 8843 8841
f 8850 8841 8851
f 8851 8841 8839
f 8851 8839 8852
f 8852 8839 8837
f 8852 8837 8853
f 8853 8837 8835
f 8853 8835 8854
f 8854 8835 8833
f 8854 8833 8846
f 8846 8833 8831
f 8855 8856 8857
f 8857 8856 8858
f 8857 8858 8859
f 8859 8858 8860
f 8859 8860 8861
f 8861 8860 8862
f 8861 8862 8863
f 8863 8862 8864
f 8863 8864 8865
f 8865 8864 8866
f 8865 8866 8867
f 8867 8866 8868
f 8867 8868 8869
f 8869 8868 8870
f 8869 8870 8871
f 8871 8870 8872
f 8871 8872 8855
f 8855 8872 8856
f 8873 8858 8874
f 8874 8858 8856
f 8874 8856 8875
f 8875 8856 8872
f 8875 8872 8876
f 8876 8872 8870
f 8876 8870 8877
f 8877 8870 8868
f 8877 8868 8878
f 8878 8868 8866
f 8878 8866 8879
f 8879 8866 8864
f 8879 8864 8880
f 8880 8864 8862
f 8880 8862 8881
f 8881 8862 8860
f 8881 8860 8873
f 8873 8860 8858
f 8882 8883 8884
f 8884 8883 8885
f 8884 8885 8886
f 8886 8885 8887
f 8886 8887 8888
f 8888 8887 8889
f 8888 8889 8890
f 8890 8889 8891
f 8890 8891 8892
f 8892 8891 8893
f 8892 8893 8894
f 8894 8893 8895
f 8894 8895 8896
f 8896 8895 8897
f 8896 8897 8898
f 8898 8897 8899
f 8898 8899 8882
f 8882 8899 8883
f 8900 8885 8901
f 8901 8885 8883
f 8901 8883 8902
f 8902 8883 8899
f 8902 8899 8903
f 8903 8899 8897
f 8903 8897 8904
f 8904 8897 8895
f 8904 8895 8905
f 8905 8895 8893
f 8905 8893 8906
f 8906 8893 8891
f 8906 8891 8907
f 8907 8891 8889
f 8907 8889 8908
f 8908 8889 8887
f 8908 8887 8900
f 8900 8887 8885
f 8909 8910 8911
f 8911 8910 8912
f 8911 8912 8913
f 8913 8912 8914
f 8913 8914 8915
f 8915 8914 8916
f 8915 8916 8917
f 8917 8916 8918
f 8917 8918 8919
f 8919 8918 8920
f 8919 8920 8921
f 8921 8920 8922
f 8921 8922 8923
f 8923 8922 8924
f 8923 8924 8925
f 8925 8924 8926
f 8925 8926 8909
f 8909 8926 8910
f 8927 8912 8928
f 8928 8912 8910
f 8928 8910 8929
f 8929 8910 8926
f 8929 8926 8930
f 8930 8926 8924
f 8930 8924 8931
f 8931 8924 8922
f 8931 8922 8932
f 8932 8922 8920
f 8932 8920 8933
f 8933 8920 8918
f 8933 8918 8934
f 8934 8918 8916
f 8934 8916 8935
f 8935 8916 8914
f 8935 8914 8927
f 8927 8914 8912
f 8936 8937 8938
f 8938 8937 8939
f 8938 8939 8940
f 8940 8939 8941
f 8940 8941 8942
f 8942 8941 8943
f 8942 8943 8944
f 8944 8943 8945
f 8944 8945 8946
f 8946 8945 8947
f 8946 8947 8948
f 8948 8947 8949
f 8948 8949 8950
f 8950 8949 8951
f 8950 8951 8952
f 8952 8951 8953
f 8952 8953 8936
f 8936 8953 8937
f 8954 8955 8956
f 8956 8955 8957
f 8956 8957 8958
f 8958 8957 8959
f 8958 8959 8960
f 8960 8959 8961
f 8960 8961 8962
f 8962 8961 8963
f 8962 8963 8964
f 8964 8963 8965
f 8964 8965 8966
f 8966 8965 8967
f 8966 8967 8968
f 8968 8967 8969
f 8968 8969 8970
f 8970 8969 8971
f 8970 8971 8954
f 8954 8971 8955
f 8972 8973 8974
f 8974 8973 8975
f 8974 8975 8976
f 8976 8975 8977
f 8976 8977 8978
f 8978 8977 8979
f 8978 8979 8980
f 8980 8979 8981
f 8980 8981 8982
f 8982 8981 8983
f 8982 8983 8984
f 8984 8983 8985
f 8984 8985 8986
f 8986 8985 8987
f 8986 8987 8988
f 8988 8987 8989
f 8988 8989 8972
f 8972 8989 8973
f 8990 8991 8992
f 8992 8991 8993
f 8992 8993 8994
f 8994 8993 8995
f 8994 8995 8996
f 8996 8995 8997
f 8996 8997 8998
f 8998 8997 8999
f 8998 8999 9000
f 9000 8999 9001
f 9000 9001 9002
f 9002 9001 9003
f 9002 9003 9004
f 9004 9003 9005
f 9004 9005 9006
f 9006 9005 9007
f 9006 9007 8990
f 8990 9007 8991
f 9008 9009 9010
f 9010 9009 9011
f 9010 9011 9012
f 9012 9011 9013
f 9012 9013 9014
f 9014 9013 9015
f 9014 9015 9016
f 9016 9015 9017
f 9016 9017 9018
f 9018 9017 9019
f 9018 9019 9020
f 9020 9019 9021
f 9020 9021 9022
f 9022 9021 9023
f 9022 9023 9024
f 9024 9023 9025
f 9024 9025 9008
f 9008 9025 9009
f 9026 9027 9028
f 9028 9027 9029
f 9028 9029 9030
f 9030 9029 9031
f 9030 9031 9032
f 9032 9031 9033
f 9032 9033 9034
f 9034 9033 9035
f 9034 9035 9036
f 9036 9035 9037
f 9036 9037 9038
f 9038 9037 9039
f 9038 9039 9040
f 9040 9039 9041
f 9040 9041 9042
f 9042 9041 9043
f 9042 9043 9026
f 9026 9043 9027
f 9044 9045 9046
f 9046 9045 9047
f 9046 9047 9048
f 9048 9047 9049
f 9048 9049 9050
f 9050 9049 9051
f 9050 9051 9052
f 9052 9051 9053
f 9052 9053 9054
f 9054 9053 9055
f 9054 9055 9056
f 9056 9055 9057
f 9056 9057 9058
f 9058 9057 9059
f 9058 9059 9060
f 9060 9059 9061
f 9060 9061 9044
f 9044 9061 9045
f 9062 9063 9064
f 9064 9063 9065
f 9064 9065 9066
f 9066 9065 9067
f 9066 9067 9068
f 9068 9067 9069
f 9068 9069 9070
f 9070 9069 9071
f 9070 9071 9072
f 9072 9071 9073
f 9072 9073 9074
f 9074 9073 9075
f 9074 9075 9076
f 9076 9075 9077
f 9076 9077 9078
f 9078 9077 9079
f 9078 9079 9062
f 9062 9079 9063
f 9080 9081 9082
f 9082 9081 9083
f 9082 9083 9084
f 9084 9083 9085
f 9084 9085 9086
f 9086 9085 9087
f 9086 9087 9088
f 9088 9087 9089
f 9088 9089 9090
f 9090 9089 9091
f 9090 9091 9092
f 9092 9091 9093
f 9092 9093 9094
f 9094 9093 9095
f 9094 9095 9096
f 9096 9095 9097
f 9096 9097 9080
f 9080 9097 9081
f 9098 9099 9100
f 9100 9099 9101
f 9100 9101 9102
f 9102 9101 9103
f 9102 9103 9104
f 9104 9103 9105
f 9104 9105 9106
f 9106 9105 9107
f 9106 9107 9108
f 9108 9107 9109
f 9108 9109 9110
f 9110 9109 9111
f 9110 9111 9112
f 9112 9111 9113
f 9112 9113 9114
f 9114 9113 9115
f 9114 9115 9098
f 9098 9115 9099
f 9116 9117 9118
f 9118 9117 9119
f 9118 9119 9120
f 9120 9119 9121
f 9120 9121 9122
f 9122 9121 9123
f 9122 9123 9124
f 9124 9123 9125
f 9124 9125 9126
f 9126 9125 9127
f 9126 9127 9128
f 9128 9127 9129
f 9128 9129 9130
f 9130 9129 9131
f 9130 9131 9132
f 9132 9131 9133
f 9132 9133 9116
f 9116 9133 9117
f 9134 9135 9136
f 9136 9135 9137
f 9136 9137 9138
f 9138 9137 9139
f 9138 9139 9140
f 9140 9139 9141
f 9140 9141 9142
f 9142 9141 9143
f 9142 9143 9144
f 9144 9143 9145
f 9144 9145 9146
f 9146 9145 9147
f 9146 9147 9148
f 9148 9147 9149
f 9148 9149 9150
f 9150 9149 9151
f 9150 9151 9134
f 9134 9151 9135
f 9152 9153 9154
f 9154 9153 9155
f 9154 9155 9156
f 9156 9155 9157
f 9156 9157 9158
f 9158 9157 9159
f 9158 9159 9160
f 9160 9159 9161
f 9160 9161 9162
f 9162 9161 9163
f 9162 9163 9164
f 9164 9163 9165
f 9164 9165 9166
f 9166 9165 9167
f 9166 9167 9168
f 9168 9167 9169
f 9168 9169 9152
f 9152 9169 9153
f 9170 9171 9172
f 9172 9171 9173
f 9172 9173 9174
f 9174 9173 9175
f 9174 9175 9176
f 9176 9175 9177
f 9176 9177 9178
f 9178 9177 9179
f 9178 9179 9180
f 9180 9179 9181
f 9180 9181 9182
f 9182 9181 9183
f 9182 9183 9184
f 9184 9183 9185
f 9184 9185 9186
f 9186 9185 9187
f 9186 9187 9170
f 9170 9187 9171
f 9188 9189 9190
f 9190 9189 9191
f 9190 9191 9192
f 9192 9191 9193
f 9192 9193 9194
f 9194 9193 9195
f 9194 9195 9196
f 9196 9195 9197
f 9196 9197 9198
f 9198 9197 9199
f 9198 9199 9200
f 9200 9199 9201
f 9200 9201 9202
f 9202 9201 9203
f 9202 9203 9204
f 9204 9203 9205
f 9204 9205 9188
f 9188 9205 9189
f 9206 9207 9208
f 9208 9207 9209
f 9208 9209 9210
f 9210 9209 9211
f 9210 9211 9212
f 9212 9211 9213
f 9212 9213 9214
f 9214 9213 9215
f 9214 9215 9216
f 9216 9215 9217
f 9216 9217 9218
f 9218 9217 9219
f 9218 9219 9220
f 9220 9219 9221
f 9220 9221 9222
f 9222 9221 9223
f 9222 9223 9206
f 9206 9223 9207
f 9224 8523 9225
f 9225 8523 8524
f 9225 8524 9226
f 9226 8524 8525
f 9226 8525 9227
f 9227 8525 8526
f 9227 8526 9228
f 9228 8526 8527
f 9228 8527 9229
f 9229 8527 8528
f 9229 8528 9230
f 9230 8528 8529
f 9230 8529 9231
f 9231 8529 8530
f 9231 8530 9232
f 9232 8530 8522
f 9232 8522 9224
f 9224 8522 8523
f 9233 8550 9234
f 9234 8550 8551
f 9234 8551 9235
f 9235 8551 8552
f 9235 8552 9236
f 9236 8552 8553
f 9236 8553 9237
f 9237 8553 8554
f 9237 8554 9238
f 9238 8554 8555
f 9238 8555 9239
f 9239 8555 8556
f 9239 8556 9240
f 9240 8556 8557
f 9240 8557 9241
f 9241 8557 8549
f 9241 8549 9233
f 9233 8549 8550
f 9242 8577 9243
f 9243 8577 8578
f 9243 8578 9244
f 9244 8578 8579
f 9244 8579 9245
f 9245 8579 8580
f 9245 8580 9246
f 9246 8580 8581
f 9246 8581 9247
f 9247 8581 8582
f 9247 8582 9248
f 9248 8582 8583
f 9248 8583 9249
f 9249 8583 8584
f 9249 8584 9250
f 9250 8584 8576
f 9250 8576 9242
f 9242 8576 8577
f 9251 8604 9252
f 9252 8604 8605
f 9252 8605 9253
f 9253 8605 8606
f 9253 8606 9254
f 9254 8606 8607
f 9254 8607 9255
f 9255 8607 8608
f 9255 8608 9256
f 9256 8608 8609
f 9256 8609 9257
f 9257 8609 8610
f 9257 8610 9258
f 9258 8610 8611
f 9258 8611 9259
f 9259 8611 8603
f 9259 8603 9251
f 9251 8603 8604
f 9260 8631 9261
f 9261 8631 8632
f 9261 8632 9262
f 9262 8632 8633
f 9262 8633 9263
f 9263 8633 8634
f 9263 8634 9264
f 9264 8634 8635
f 9264 8635 9265
f 9265 8635 8636
f 9265 8636 9266
f 9266 8636 8637
f 9266 8637 9267
f 9267 8637 8638
f 9267 8638 9268
f 9268 8638 8630
f 9268 8630 9260
f 9260 8630 8631
f 9269 8658 9270
f 9270 8658 8659
f 9270 8659 9271
f 9271 8659 8660
f 9271 8660 9272
f 9272 8660 8661
f 9272 8661 9273
f 9273 8661 8662
f 9273 8662 9274
f 9274 8662 8663
f 9274 8663 9275
f 9275 8663 8664
f 9275 8664 9276
f 9276 8664 8665
f 9276 8665 9277
f 9277 8665 8657
f 9277 8657 9269
f 9269 8657 8658
f 9278 8685 9279
f 9279 8685 8686
f 9279 8686 9280
f 9280 8686 8687
f 9280 8687 9281
f 9281 8687 8688
f 9281 8688 9282
f 9282 8688 8689
f 9282 8689 9283
f 9283 8689 8690
f 9283 8690 9284
f 9284 8690 8691
f 9284 8691 9285
f 9285 8691 8692
f 9285 8692 9286
f 9286 8692 8684
f 9286 8684 9278
f 9278 8684 8685
f 9287 8712 9288
f 9288 8712 8713
f 9288 8713 9289
f 9289 8713 8714
f 9289 8714 9290
f 9290 8714 8715
f 9290 8715 9291
f 9291 8715 8716
f 9291 8716 9292
f 9292 8716 8717
f 9292 8717 9293
f 9293 8717 8718
f 9293 8718 9294
f 9294 8718 8719
f 9294 8719 9295
f 9295 8719 8711
f 9295 8711 9287
f 9287 8711 8712
f 9296 8739 9297
f 9297 8739 8740
f 9297 8740 9298
f 9298 8740 8741
f 9298 8741 9299
f 9299 8741 8742
f 9299 8742 9300
f 9300 8742 8743
f 9300 8743 9301
f 9301 8743 8744
f 9301 8744 9302
f 9302 8744 8745
f 9302 8745 9303
f 9303 8745 8746
f 9303 8746 9304
f 9304 8746 8738
f 9304 8738 9296
f 9296 8738 8739
f 9305 8766 9306
f 9306 8766 8767
f 9306 8767 9307
f 9307 8767 8768
f 9307 8768 9308
f 9308 8768 8769
f 9308 8769 9309
f 9309 8769 8770
f 9309 8770 9310
f 9310 8770 8771
f 9310 8771 9311
f 9311 8771 8772
f 9311 8772 9312
f 9312 8772 8773
f 9312 8773 9313
f 9313 8773 8765
f 9313 8765 9305
f 9305 8765 8766
f 9314 8793 9315
f 9315 8793 8794
f 9315 8794 9316
f 9316 8794 8795
f 9316 8795 9317
f 9317 8795 8796
f 9317 8796 9318
f 9318 8796 8797
f 9318 8797 9319
f 9319 8797 8798
f 9319 8798 9320
f 9320 8798 8799
f 9320 8799 9321
f 9321 8799 8800
f 9321 8800 9322
f 9322 8800 8792
f 9322 8792 9314
f 9314 8792 8793
f 9323 8820 9324
f 9324 8820 8821
f 9324 8821 9325
f 9325 8821 8822
f 9325 8822 9326
f 9326 8822 8823
f 9326 8823 9327
f 9327 8823 8824
f 9327 8824 9328
f 9328 8824 8825
f 9328 8825 9329
f 9329 8825 8826
f 9329 8826 9330
f 9330 8826 8827
f 9330 8827 9331
f 9331 8827 8819
f 9331 8819 9323
f 9323 8819 8820
f 9332 8847 9333
f 9333 8847 8848
f 9333 8848 9334
f 9334 8848 8849
f 9334 8849 9335
f 9335 8849 8850
f 9335 8850 9336
f 9336 8850 8851
f 9336 8851 9337
f 9337 8851 8852
f 9337 8852 9338
f 9338 8852 8853
f 9338 8853 9339
f 9339 8853 8854
f 9339 8854 9340
f 9340 8854 8846
f 9340 8846 9332
f 9332 8846 8847
f 9341 8874 9342
f 9342 8874 8875
f 9342 8875 9343
f 9343 8875 8876
f 9343 8876 9344
f 9344 8876 8877
f 9344 8877 9345
f 9345 8877 8878
f 9345 8878 9346
f 9346 8878 8879
f 9346 8879 9347
f 9347 8879 8880
f 9347 8880 9348
f 9348 8880 8881
f 9348 8881 9349
f 9349 8881 8873
f 9349 8873 9341
f 9341 8873 8874
f 9350 8901 9351
f 9351 8901 8902
f 9351 8902 9352
f 9352 8902 8903
f 9352 8903 9353
f 9353 8903 8904
f 9353 8904 9354
f 9354 8904 8905
f 9354 8905 9355
f 9355 8905 8906
f 9355 8906 9356
f 9356 8906 8907
f 9356 8907 9357
f 9357 8907 8908
f 9357 8908 9358
f 9358 8908 8900
f 9358 8900 9350
f 9350 8900 8901
f 9359 8928 9360
f 9360 8928 8929
f 9360 8929 9361
f 9361 8929 8930
f 9361 8930 9362
f 9362 8930 8931
f 9362 8931 9363
f 9363 8931 8932
f 9363 8932 9364
f 9364 8932 8933
f 9364 8933 9365
f 9365 8933 8934
f 9365 8934 9366
f 9366 8934 8935
f 9366 8935 9367
f 9367 8935 8927
f 9367 8927 9359
f 9359 8927 8928
f 9368 8947 9369
f 9369 8947 8945
f 9369 8945 9370
f 9370 8945 8943
f 9370 8943 9371
f 9371 8943 8941
f 9371 8941 9372
f 9372 8941 8939
f 9372 8939 9373
f 9373 8939 8937
f 9373 8937 9374
f 9374 8937 8953
f 9374 8953 9375
f 9375 8953 8951
f 9375 8951 9376
f 9376 8951 8949
f 9376 8949 9368
f 9368 8949 8947
f 9377 8965 9378
f 9378 8965 8963
f 9378 8963 9379
f 9379 8963 8961
f 9379 8961 9380
f 9380 8961 8959
f 9380 8959 9381
f 9381 8959 8957
f 9381 8957 9382
f 9382 8957 8955
f 9382 8955 9383
f 9383 8955 8971
f 9383 8971 9384
f 9384 8971 8969
f 9384 8969 9385
f 9385 8969 8967
f 9385 8967 9377
f 9377 8967 8965
f 9386 8983 9387
f 9387 8983 8981
f 9387 8981 9388
f 9388 8981 8979
f 9388 8979 9389
f 9389 8979 8977
f 9389 8977 9390
f 9390 8977 8975
f 9390 8975 9391
f 9391 8975 8973
f 9391 8973 9392
f 9392 8973 8989
f 9392 8989 9393
f 9393 8989 8987
f 9393 8987 9394
f 9394 8987 8985
f 9394 8985 9386
f 9386 8985 8983
f 9395 9001 9396
f 9396 9001 8999
f 9396 8999 9397
f 9397 8999 8997
f 9397 8997 9398
f 9398 8997 8995
f 9398 8995 9399
f 9399 8995 8993
f 9399 8993 9400
f 9400 8993 8991
f 9400 8991 9401
f 9401 8991 9007
f 9401 9007 9402
f 9402 9007 9005
f 9402 9005 9403
f 9403 9005 9003
f 9403 9003 9395
f 9395 9003 9001
f 9404 9019 9405
f 9405 9019 9017
f 9405 9017 9406
f 9406 9017 9015
f 9406 9015 9407
f 9407 9015 9013
f 9407 9013 9408
f 9408 9013 9011
f 9408 9011 9409
f 9409 9011 9009
f 9409 9009 9410
f 9410 9009 9025
f 9410 9025 9411
f 9411 9025 9023
f 9411 9023 9412
f 9412 9023 9021
f 9412 9021 9404
f 9404 9021 9019
f 9413 9037 9414
f 9414 9037 9035
f 9414 9035 9415
f 9415 9035 9033
f 9415 9033 9416
f 9416 9033 9031
f 9416 9031 9417
f 9417 9031 9029
f 9417 9029 9418
f 9418 9029 9027
f 9418 9027 9419
f 9419 9027 9043
f 9419 9043 9420
f 9420 9043 9041
f 9420 9041 9421
f 9421 9041 9039
f 9421 9039 9413
f 9413 9039 9037
f 9422 9055 9423
f 9423 9055 9053
f 9423 9053 9424
f 9424 9053 9051
f 9424 9051 9425
f 9425 9051 9049
f 9425 9049 9426
f 9426 9049 9047
f 9426 9047 9427
f 9427 9047 9045
f 9427 9045 9428
f 9428 9045 9061
f 9428 9061 9429
f 9429 9061 9059
f 9429 9059 9430
f 9430 9059 9057
f 9430 9057 9422
f 9422 9057 9055
f 9431 9073 9432
f 9432 9073 9071
f 9432 9071 9433
f 9433 9071 9069
f 9433 9069 9434
f 9434 9069 9067
f 9434 9067 9435
f 9435 9067 9065
f 9435 9065 9436
f 9436 9065 9063
f 9436 9063 9437
f 9437 9063 9079
f 9437 9079 9438
f 9438 9079 9077
f 9438 9077 9439
f 9439 9077 9075
f 9439 9075 9431
f 9431 9075 9073
f 9440 9091 9441
f 9441 9091 9089
f 9441 9089 9442
f 9442 9089 9087
f 9442 9087 9443
f 9443 9087 9085
f 9443 9085 9444
f 9444 9085 9083
f 9444 9083 9445
f 9445 9083 9081
f 9445 9081 9446
f 9446 9081 9097
f 9446 9097 9447
f 9447 9097 9095
f 9447 9095 9448
f 9448 9095 9093
f 9448 9093 9440
f 9440 9093 9091
f 9449 9109 9450
f 9450 9109 9107
f 9450 9107 9451
f 9451 9107 9105
f 9451 9105 9452
f 9452 9105 9103
f 9452 9103 9453
f 9453 9103 9101
f 9453 9101 9454
f 9454 9101 9099
f 9454 9099 9455
f 9455 9099 9115
f 9455 9115 9456
f 9456 9115 9113
f 9456 9113 9457
f 9457 9113 9111
f 9457 9111 9449
f 9449 9111 9109
f 9458 9127 9459
f 9459 9127 9125
f 9459 9125 9460
f 9460 9125 9123
f 9460 9123 9461
f 9461 9123 9121
f 9461 9121 9462
f 9462 9121 9119
f 9462 9119 9463
f 9463 9119 9117
f 9463 9117 9464
f 9464 9117 9133
f 9464 9133 9465
f 9465 9133 9131
f 9465 9131 9466
f 9466 9131 9129
f 9466 9129 9458
f 9458 9129 9127
f 9467 9145 9468
f 9468 9145 9143
f 9468 9143 9469
f 9469 9143 9141
f 9469 9141 9470
f 9470 9141 9139
f 9470 9139 9471
f 9471 9139 9137
f 9471 9137 9472
f 9472 9137 9135
f 9472 9135 9473
f 9473 9135 9151
f 9473 9151 9474
f 9474 9151 9149
f 9474 9149 9475
f 9475 9149 9147
f 9475 9147 9467
f 9467 9147 9145
f 9476 9163 9477
f 9477 9163 9161
f 9477 9161 9478
f 9478 9161 9159
f 9478 9159 9479
f 9479 9159 9157
f 9479 9157 9480
f 9480 9157 9155
f 9480 9155 9481
f 9481 9155 9153
f 9481 9153 9482
f 9482 9153 9169
f 9482 9169 9483
f 9483 9169 9167
f 9483 9167 9484
f 9484 9167 9165
f 9484 9165 9476
f 9476 9165 9163
f 9485 9181 9486
f 9486 9181 9179
f 9486 9179 9487
f 9487 9179 9177
f 9487 9177 9488
f 9488 9177 9175
f 9488 9175 9489
f 9489 9175 9173
f 9489 9173 9490
f 9490 9173 9171
f 9490 9171 9491
f 9491 9171 9187
f 9491 9187 9492
f 9492 9187 9185
f 9492 9185 9493
f 9493 9185 9183
f 9493 9183 9485
f 9485 9183 9181
f 9494 9199 9495
f 9495 9199 9197
f 9495 9197 9496
f 9496 9197 9195
f 9496 9195 9497
f 9497 9195 9193
f 9497 9193 9498
f 9498 9193 9191
f 9498 9191 9499
f 9499 9191 9189
f 9499 9189 9500
f 9500 9189 9205
f 9500 9205 9501
f 9501 9205 9203
f 9501 9203 9502
f 9502 9203 9201
f 9502 9201 9494
f 9494 9201 9199
f 9503 9217 9504
f 9504 9217 9215
f 9504 9215 9505
f 9505 9215 9213
f 9505 9213 9506
f 9506 9213 9211
f 9506 9211 9507
f 9507 9211 9209
f 9507 9209 9508
f 9508 9209 9207
f 9508 9207 9509
f 9509 9207 9223
f 9509 9223 9510
f 9510 9223 9221
f 9510 9221 9511
f 9511 9221 9219
f 9511 9219 9503
f 9503 9219 9217
f 9512 8510 9513
f 9513 8510 8512
f 9513 8512 9514
f 9514 8512 8514
f 9514 8514 9515
f 9515 8514 8516
f 9515 8516 9516
f 9516 8516 8518
f 9516 8518 9517
f 9517 8518 8520
f 9517 8520 9518
f 9518 8520 8504
f 9518 8504 9519
f 9519 8504 8506
f 9519 8506 9520
f 9520 8506 8508
f 9520 8508 9512
f 9512 8508 8510
f 9521 8537 9522
f 9522 8537 8539
f 9522 8539 9523
f 9523 8539 8541
f 9523 8541 9524
f 9524 8541 8543
f 9524 8543 9525
f 9525 8543 8545
f 9525 8545 9526
f 9526 8545 8547
f 9526 8547 9527
f 9527 8547 8531
f 9527 8531 9528
f 9528 8531 8533
f 9528 8533 9529
f 9529 8533 8535
f 9529 8535 9521
f 9521 8535 8537
f 9530 8564 9531
f 9531 8564 8566
f 9531 8566 9532
f 9532 8566 8568
f 9532 8568 9533
f 9533 8568 8570
f 9533 8570 9534
f 9534 8570 8572
f 9534 8572 9535
f 9535 8572 8574
f 9535 8574 9536
f 9536 8574 8558
f 9536 8558 9537
f 9537 8558 8560
f 9537 8560 9538
f 9538 8560 8562
f 9538 8562 9530
f 9530 8562 8564
f 9539 8591 9540
f 9540 8591 8593
f 9540 8593 9541
f 9541 8593 8595
f 9541 8595 9542
f 9542 8595 8597
f 9542 8597 9543
f 9543 8597 8599
f 9543 8599 9544
f 9544 8599 8601
f 9544 8601 9545
f 9545 8601 8585
f 9545 8585 9546
f 9546 8585 8587
f 9546 8587 9547
f 9547 8587 8589
f 9547 8589 9539
f 9539 8589 8591
f 9548 8618 9549
f 9549 8618 8620
f 9549 8620 9550
f 9550 8620 8622
f 9550 8622 9551
f 9551 8622 8624
f 9551 8624 9552
f 9552 8624 8626
f 9552 8626 9553
f 9553 8626 8628
f 9553 8628 9554
f 9554 8628 8612
f 9554 8612 9555
f 9555 8612 8614
f 9555 8614 9556
f 9556 8614 8616
f 9556 8616 9548
f 9548 8616 8618
f 9557 8645 9558
f 9558 8645 8647
f 9558 8647 9559
f 9559 8647 8649
f 9559 8649 9560
f 9560 8649 8651
f 9560 8651 9561
f 9561 8651 8653
f 9561 8653 9562
f 9562 8653 8655
f 9562 8655 9563
f 9563 8655 8639
f 9563 8639 9564
f 9564 8639 8641
f 9564 8641 9565
f 9565 8641 8643
f 9565 8643 9557
f 9557 8643 8645
f 9566 8672 9567
f 9567 8672 8674
f 9567 8674 9568
f 9568 8674 8676
f 9568 8676 9569
f 9569 8676 8678
f 9569 8678 9570
f 9570 8678 8680
f 9570 8680 9571
f 9571 8680 8682
f 9571 8682 9572
f 9572 8682 8666
f 9572 8666 9573
f 9573 8666 8668
f 9573 8668 9574
f 9574 8668 8670
f 9574 8670 9566
f 9566 8670 8672
f 9575 8699 9576
f 9576 8699 8701
f 9576 8701 9577
f 9577 8701 8703
f 9577 8703 9578
f 9578 8703 8705
f 9578 8705 9579
f 9579 8705 8707
f 9579 8707 9580
f 9580 8707 8709
f 9580 8709 9581
f 9581 8709 8693
f 9581 8693 9582
f 9582 8693 8695
f 9582 8695 9583
f 9583 8695 8697
f 9583 8697 9575
f 9575 8697 8699
f 9584 8726 9585
f 9585 8726 8728
f 9585 8728 9586
f 9586 8728 8730
f 9586 8730 9587
f 9587 8730 8732
f 9587 8732 9588
f 9588 8732 8734
f 9588 8734 9589
f 9589 8734 8736
f 9589 8736 9590
f 9590 8736 8720
f 9590 8720 9591
f 9591 8720 8722
f 9591 8722 9592
f 9592 8722 8724
f 9592 8724 9584
f 9584 8724 8726
f 9593 8753 9594
f 9594 8753 8755
f 9594 8755 9595
f 9595 8755 8757
f 9595 8757 9596
f 9596 8757 8759
f 9596 8759 9597
f 9597 8759 8761
f 9597 8761 9598
f 9598 8761 8763
f 9598 8763 9599
f 9599 8763 8747
f 9599 8747 9600
f 9600 8747 8749
f 9600 8749 9601
f 9601 8749 8751
f 9601 8751 9593
f 9593 8751 8753
f 9602 8780 9603
f 9603 8780 8782
f 9603 8782 9604
f 9604 8782 8784
f 9604 8784 9605
f 9605 8784 8786
f 9605 8786 9606
f 9606 8786 8788
f 9606 8788 9607
f 9607 8788 8790
f 9607 8790 9608
f 9608 8790 8774
f 9608 8774 9609
f 9609 8774 8776
f 9609 8776 9610
f 9610 8776 8778
f 9610 8778 9602
f 9602 8778 8780
f 9611 8807 9612
f 9612 8807 8809
f 9612 8809 9613
f 9613 8809 8811
f 9613 8811 9614
f 9614 8811 8813
f 9614 8813 9615
f 9615 8813 8815
f 9615 8815 9616
f 9616 8815 8817
f 9616 8817 9617
f 9617 8817 8801
f 9617 8801 9618
f 9618 8801 8803
f 9618 8803 9619
f 9619 8803 8805
f 9619 8805 9611
f 9611 8805 8807
f 9620 8834 9621
f 9621 8834 8836
f 9621 8836 9622
f 9622 8836 8838
f 9622 8838 9623
f 9623 8838 8840
f 9623 8840 9624
f 9624 8840 8842
f 9624 8842 9625
f 9625 8842 8844
f 9625 8844 9626
f 9626 8844 8828
f 9626 8828 9627
f 9627 8828 8830
f 9627 8830 9628
f 9628 8830 8832
f 9628 8832 9620
f 9620 8832 8834
f 9629 8861 9630
f 9630 8861 8863
f 9630 8863 9631
f 9631 8863 8865
f 9631 8865 9632
f 9632 8865 8867
f 9632 8867 9633
f 9633 8867 8869
f 9633 8869 9634
f 9634 8869 8871
f 9634 8871 9635
f 9635 8871 8855
f 9635 8855 9636
f 9636 8855 8857
f 9636 8857 9637
f 9637 8857 8859
f 9637 8859 9629
f 9629 8859 8861
f 9638 8888 9639
f 9639 8888 8890
f 9639 8890 9640
f 9640 8890 8892
f 9640 8892 9641
f 9641 8892 8894
f 9641 8894 9642
f 9642 8894 8896
f 9642 8896 9643
f 9643 8896 8898
f 9643 8898 9644
f 9644 8898 8882
f 9644 8882 9645
f 9645 8882 8884
f 9645 8884 9646
f 9646 8884 8886
f 9646 8886 9638
f 9638 8886 8888
f 9647 8915 9648
f 9648 8915 8917
f 9648 8917 9649
f 9649 8917 8919
f 9649 8919 9650
f 9650 8919 8921
f 9650 8921 9651
f 9651 8921 8923
f 9651 8923 9652
f 9652 8923 8925
f 9652 8925 9653
f 9653 8925 8909
f 9653 8909 9654
f 9654 8909 8911
f 9654 8911 9655
f 9655 8911 8913
f 9655 8913 9647
f 9647 8913 8915
f 9656 9657 9513
f 9513 9657 9658
f 9513 9658 9512
f 9512 9658 9659
f 9512 9659 9660
f 9512 9660 9520
f 9520 9660 9661
f 9520 9661 9519
f 9519 9661 9662
f 9519 9662 9518
f 9518 9662 9663
f 9518 9663 9664
f 9518 9664 9517
f 9517 9664 9665
f 9517 9665 9516
f 9516 9665 9666
f 9516 9666 9515
f 9515 9666 9667
f 9515 9667 9514
f 9514 9667 9656
f 9514 9656 9513
f 9668 9669 9522
f 9522 9669 9670
f 9522 9670 9521
f 9521 9670 9671
f 9521 9671 9672
f 9521 9672 9529
f 9529 9672 9673
f 9529 9673 9528
f 9528 9673 9674
f 9528 9674 9527
f 9527 9674 9675
f 9527 9675 9676
f 9527 9676 9526
f 9526 9676 9677
f 9526 9677 9525
f 9525 9677 9678
f 9525 9678 9524
f 9524 9678 9679
f 9524 9679 9523
f 9523 9679 9668
f 9523 9668 9522
f 9680 9681 9531
f 9531 9681 9682
f 9531 9682 9530
f 9530 9682 9683
f 9530 9683 9684
f 9530 9684 9538
f 9538 9684 9685
f 9538 9685 9537
f 9537 9685 9686
f 9537 9686 9536
f 9536 9686 9687
f 9536 9687 9688
f 9536 9688 9535
f 9535 9688 9689
f 9535 9689 9534
f 9534 9689 9690
f 9534 9690 9533
f 9533 9690 9691
f 9533 9691 9532
f 9532 9691 9680
f 9532 9680 9531
f 9692 9693 9540
f 9540 9693 9694
f 9540 9694 9539
f 9539 9694 9695
f 9539 9695 9696
f 9539 9696 9547
f 9547 9696 9697
f 9547 9697 9546
f 9546 9697 9698
f 9546 9698 9545
f 9545 9698 9699
f 9545 9699 9700
f 9545 9700 9544
f 9544 9700 9701
f 9544 9701 9543
f 9543 9701 9702
f 9543 9702 9542
f 9542 9702 9703
f 9542 9703 9541
f 9541 9703 9692
f 9541 9692 9540
f 9704 9705 9549
f 9549 9705 9706
f 9549 9706 9548
f 9548 9706 9707
f 9548 9707 9708
f 9548 9708 9556
f 9556 9708 9709
f 9556 9709 9555
f 9555 9709 9710
f 9555 9710 9554
f 9554 9710 9711
f 9554 9711 9712
f 9554 9712 9553
f 9553 9712 9713
f 9553 9713 9552
f 9552 9713 9714
f 9552 9714 9551
f 9551 9714 9715
f 9551 9715 9550
f 9550 9715 9704
f 9550 9704 9549
f 9716 9717 9558
f 9558 9717 9718
f 9558 9718 9557
f 9557 9718 9719
f 9557 9719 9720
f 9557 9720 9565
f 9565 9720 9721
f 9565 9721 9564
f 9564 9721 9722
f 9564 9722 9563
f 9563 9722 9723
f 9563 9723 9724
f 9563 9724 9562
f 9562 9724 9725
f 9562 9725 9561
f 9561 9725 9726
f 9561 9726 9560
f 9560 9726 9727
f 9560 9727 9559
f 9559 9727 9716
f 9559 9716 9558
f 9728 9729 9567
f 9567 9729 9730
f 9567 9730 9566
f 9566 9730 9731
f 9566 9731 9732
f 9566 9732 9574
f 9574 9732 9733
f 9574 9733 9573
f 9573 9733 9734
f 9573 9734 9572
f 9572 9734 9735
f 9572 9735 9736
f 9572 9736 9571
f 9571 9736 9737
f 9571 9737 9570
f 9570 9737 9738
f 9570 9738 9569
f 9569 9738 9739
f 9569 9739 9568
f 9568 9739 9728
f 9568 9728 9567
f 9740 9741 9576
f 9576 9741 9742
f 9576 9742 9575
f 9575 9742 9743
f 9575 9743 9744
f 9575 9744 9583
f 9583 9744 9745
f 9583 9745 9582
f 9582 9745 9746
f 9582 9746 9581
f 9581 9746 9747
f 9581 9747 9748
f 9581 9748 9580
f 9580 9748 9749
f 9580 9749 9579
f 9579 9749 9750
f 9579 9750 9578
f 9578 9750 9751
f 9578 9751 9577
f 9577 9751 9740
f 9577 9740 9576
f 9752 9753 9585
f 9585 9753 9754
f 9585 9754 9584
f 9584 9754 9755
f 9584 9755 9756
f 9584 9756 9592
f 9592 9756 9757
f 9592 9757 9591
f 9591 9757 9758
f 9591 9758 9590
f 9590 9758 9759
f 9590 9759 9760
f 9590 9760 9589
f 9589 9760 9761
f 9589 9761 9588
f 9588 9761 9762
f 9588 9762 9587
f 9587 9762 9763
f 9587 9763 9586
f 9586 9763 9752
f 9586 9752 9585
f 9764 9765 9594
f 9594 9765 9766
f 9594 9766 9593
f 9593 9766 9767
f 9593 9767 9768
f 9593 9768 9601
f 9601 9768 9769
f 9601 9769 9600
f 9600 9769 9770
f 9600 9770 9599
f 9599 9770 9771
f 9599 9771 9772
f 9599 9772 9598
f 9598 9772 9773
f 9598 9773 9597
f 9597 9773 9774
f 9597 9774 9596
f 9596 9774 9775
f 9596 9775 9595
f 9595 9775 9764
f 9595 9764 9594
f 9776 9777 9603
f 9603 9777 9778
f 9603 9778 9602
f 9602 9778 9779
f 9602 9779 9780
f 9602 9780 9610
f 9610 9780 9781
f 9610 9781 9609
f 9609 9781 9782
f 9609 9782 9608
f 9608 9782 9783
f 9608 9783 9784
f 9608 9784 9607
f 9607 9784 9785
f 9607 9785 9606
f 9606 9785 9786
f 9606 9786 9605
f 9605 9786 9787
f 9605 9787 9604
f 9604 9787 9776
f 9604 9776 9603
f 9788 9789 9612
f 9612 9789 9790
f 9612 9790 9611
f 9611 9790 9791
f 9611 9791 9792
f 9611 9792 9619
f 9619 9792 9793
f 9619 9793 9618
f 9618 9793 9794
f 9618 9794 9617
f 9617 9794 9795
f 9617 9795 9796
f 9617 9796 9616
f 9616 9796 9797
f 9616 9797 9615
f 9615 9797 9798
f 9615 9798 9614
f 9614 9798 9799
f 9614 9799 9613
f 9613 9799 9788
f 9613 9788 9612
f 9800 9801 9621
f 9621 9801 9802
f 9621 9802 9620
f 9620 9802 9803
f 9620 9803 9804
f 9620 9804 9628
f 9628 9804 9805
f 9628 9805 9627
f 9627 9805 9806
f 9627 9806 9626
f 9626 9806 9807
f 9626 9807 9808
f 9626 9808 9625
f 9625 9808 9809
f 9625 9809 9624
f 9624 9809 9810
f 9624 9810 9623
f 9623 9810 9811
f 9623 9811 9622
f 9622 9811 9800
f 9622 9800 9621
f 9812 9813 9630
f 9630 9813 9814
f 9630 9814 9629
f 9629 9814 9815
f 9629 9815 9816
f 9629 9816 9637
f 9637 9816 9817
f 9637 9817 9636
f 9636 9817 9818
f 9636 9818 9635
f 9635 9818 9819
f 9635 9819 9820
f 9635 9820 9634
f 9634 9820 9821
f 9634 9821 9633
f 9633 9821 9822
f 9633 9822 9632
f 9632 9822 9823
f 9632 9823 9631
f 9631 9823 9812
f 9631 9812 9630
f 9824 9825 9639
f 9639 9825 9826
f 9639 9826 9638
f 9638 9826 9827
f 9638 9827 9828
f 9638 9828 9646
f 9646 9828 9829
f 9646 9829 9645
f 9645 9829 9830
f 9645 9830 9644
f 9644 9830 9831
f 9644 9831 9832
f 9644 9832 9643
f 9643 9832 9833
f 9643 9833 9642
f 9642 9833 9834
f 9642 9834 9641
f 9641 9834 9835
f 9641 9835 9640
f 9640 9835 9824
f 9640 9824 9639
f 9836 9837 9648
f 9648 9837 9838
f 9648 9838 9647
f 9647 9838 9839
f 9647 9839 9840
f 9647 9840 9655
f 9655 9840 9841
f 9655 9841 9654
f 9654 9841 9842
f 9654 9842 9653
f 9653 9842 9843
f 9653 9843 9844
f 9653 9844 9652
f 9652 9844 9845
f 9652 9845 9651
f 9651 9845 9846
f 9651 9846 9650
f 9650 9846 9847
f 9650 9847 9649
f 9649 9847 9836
f 9649 9836 9648
f 9848 9849 9850
f 9850 9849 9851
f 9850 9851 9852
f 9849 9848 9853
f 9853 9848 9854
f 9853 9854 9855
f 9855 9854 9856
f 9855 9856 9857
f 9857 9856 9858
f 9857 9858 9859
f 9859 9858 9860
f 9859 9860 9861
f 9861 9860 9862
f 9862 9860 9863
f 9862 9863 9864
f 9864 9863 9865
f 9864 9865 9866
f 9866 9865 9867
f 9866 9867 9868
f 9868 9867 9852
f 9852 9867 9850
f 9869 9870 9871
f 9871 9870 9872
f 9871 9872 9873
f 9870 9869 9874
f 9874 9869 9875
f 9874 9875 9876
f 9876 9875 9877
f 9876 9877 9878
f 9878 9877 9879
f 9878 9879 9880
f 9880 9879 9881
f 9880 9881 9882
f 9882 9881 9883
f 9883 9881 9884
f 9883 9884 9885
f 9885 9884 9886
f 9885 9886 9887
f 9887 9886 9888
f 9887 9888 9889
f 9889 9888 9873
f 9873 9888 9871
f 9890 9891 9892
f 9892 9891 9893
f 9892 9893 9894
f 9891 9890 9895
f 9895 9890 9896
f 9895 9896 9897
f 9897 9896 9898
f 9897 9898 9899
f 9899 9898 9900
f 9899 9900 9901
f 9901 9900 9902
f 9901 9902 9903
f 9903 9902 9904
f 9904 9902 9905
f 9904 9905 9906
f 9906 9905 9907
f 9906 9907 9908
f 9908 9907 9909
f 9908 9909 9910
f 9910 9909 9894
f 9894 9909 9892
f 9911 9912 9913
f 9913 9912 9914
f 9913 9914 9915
f 9912 9911 9916
f 9916 9911 9917
f 9916 9917 9918
f 9918 9917 9919
f 9918 9919 9920
f 9920 9919 9921
f 9920 9921 9922
f 9922 9921 9923
f 9922 9923 9924
f 9924 9923 9925
f 9925 9923 9926
f 9925 9926 9927
f 9927 9926 9928
f 9927 9928 9929
f 9929 9928 9930
f 9929 9930 9931
f 9931 9930 9915
f 9915 9930 9913
f 9932 9933 9934
f 9934 9933 9935
f 9934 9935 9936
f 9933 9932 9937
f 9937 9932 9938
f 9937 9938 9939
f 9939 9938 9940
f 9939 9940 9941
f 9941 9940 9942
f 9941 9942 9943
f 9943 9942 9944
f 9943 9944 9945
f 9945 9944 9946
f 9946 9944 9947
f 9946 9947 9948
f 9948 9947 9949
f 9948 9949 9950
f 9950 9949 9951
f 9950 9951 9952
f 9952 9951 9936
f 9936 9951 9934
f 9953 9954 9955
f 9955 9954 9956
f 9955 9956 9957
f 9954 9953 9958
f 9958 9953 9959
f 9958 9959 9960
f 9960 9959 9961
f 9960 9961 9962
f 9962 9961 9963
f 9962 9963 9964
f 9964 9963 9965
f 9964 9965 9966
f 9966 9965 9967
f 9967 9965 9968
f 9967 9968 9969
f 9969 9968 9970
f 9969 9970 9971
f 9971 9970 9972
f 9971 9972 9973
f 9973 9972 9957
f 9957 9972 9955
f 9974 9975 9976
f 9976 9975 9977
f 9976 9977 9978
f 9975 9974 9979
f 9979 9974 9980
f 9979 9980 9981
f 9981 9980 9982
f 9981 9982 9983
f 9983 9982 9984
f 9983 9984 9985
f 9985 9984 9986
f 9985 9986 9987
f 9987 9986 9988
f 9988 9986 9989
f 9988 9989 9990
f 9990 9989 9991
f 9990 9991 9992
f 9992 9991 9993
f 9992 9993 9994
f 9994 9993 9978
f 9978 9993 9976
f 9995 9996 9997
f 9997 9996 9998
f 9997 9998 9999
f 9996 9995 10000
f 10000 9995 10001
f 10000 10001 10002
f 10002 10001 10003
f 10002 10003 10004
f 10004 10003 10005
f 10004 10005 10006
f 10006 10005 10007
f 10006 10007 10008
f 10008 10007 10009
f 10009 10007 10010
f 10009 10010 10011
f 10011 10010 10012
f 10011 10012 10013
f 10013 10012 10014
f 10013 10014 10015
f 10015 10014 9999
f 9999 10014 9997
f 10016 10017 10018
f 10018 10017 10019
f 10018 10019 10020
f 10017 10016 10021
f 10021 10016 10022
f 10021 10022 10023
f 10023 10022 10024
f 10023 10024 10025
f 10025 10024 10026
f 10025 10026 10027
f 10027 10026 10028
f 10027 10028 10029
f 10029 10028 10030
f 10030 10028 10031
f 10030 10031 10032
f 10032 10031 10033
f 10032 10033 10034
f 10034 10033 10035
f 10034 10035 10036
f 10036 10035 10020
f 10020 10035 10018
f 10037 10038 10039
f 10039 10038 10040
f 10039 10040 10041
f 10038 10037 10042
f 10042 10037 10043
f 10042 10043 10044
f 10044 10043 10045
f 10044 10045 10046
f 10046 10045 10047
f 10046 10047 10048
f 10048 10047 10049
f 10048 10049 10050
f 10050 10049 10051
f 10051 10049 10052
f 10051 10052 10053
f 10053 10052 10054
f 10053 10054 10055
f 10055 10054 10056
f 10055 10056 10057
f 10057 10056 10041
f 10041 10056 10039
f 10058 10059 10060
f 10060 10059 10061
f 10060 10061 10062
f 10059 10058 10063
f 10063 10058 10064
f 10063 10064 10065
f 10065 10064 10066
f 10065 10066 10067
f 10067 10066 10068
f 10067 10068 10069
f 10069 10068 10070
f 10069 10070 10071
f 10071 10070 10072
f 10072 10070 10073
f 10072 10073 10074
f 10074 10073 10075
f 10074 10075 10076
f 10076 10075 10077
f 10076 10077 10078
f 10078 10077 10062
f 10062 10077 10060
f 10079 10080 10081
f 10081 10080 10082
f 10081 10082 10083
f 10080 10079 10084
f 10084 10079 10085
f 10084 10085 10086
f 10086 10085 10087
f 10086 10087 10088
f 10088 10087 10089
f 10088 10089 10090
f 10090 10089 10091
f 10090 10091 10092
f 10092 10091 10093
f 10093 10091 10094
f 10093 10094 10095
f 10095 10094 10096
f 10095 10096 10097
f 10097 10096 10098
f 10097 10098 10099
f 10099 10098 10083
f 10083 10098 10081
f 10100 10101 10102
f 10102 10101 10103
f 10102 10103 10104
f 10101 10100 10105
f 10105 10100 10106
f 10105 10106 10107
f 10107 10106 10108
f 10107 10108 10109
f 10109 10108 10110
f 10109 10110 10111
f 10111 10110 10112
f 10111 10112 10113
f 10113 10112 10114
f 10114 10112 10115
f 10114 10115 10116
f 10116 10115 10117
f 10116 10117 10118
f 10118 10117 10119
f 10118 10119 10120
f 10120 10119 10104
f 10104 10119 10102
f 10121 10122 10123
f 10123 10122 10124
f 10123 10124 10125
f 10122 10121 10126
f 10126 10121 10127
f 10126 10127 10128
f 10128 10127 10129
f 10128 10129 10130
f 10130 10129 10131
f 10130 10131 10132
f 10132 10131 10133
f 10132 10133 10134
f 10134 10133 10135
f 10135 10133 10136
f 10135 10136 10137
f 10137 10136 10138
f 10137 10138 10139
f 10139 10138 10140
f 10139 10140 10141
f 10141 10140 10125
f 10125 10140 10123
f 10142 10143 10144
f 10144 10143 10145
f 10144 10145 10146
f 10143 10142 10147
f 10147 10142 10148
f 10147 10148 10149
f 10149 10148 10150
f 10149 10150 10151
f 10151 10150 10152
f 10151 10152 10153
f 10153 10152 10154
f 10153 10154 10155
f 10155 10154 10156
f 10156 10154 10157
f 10156 10157 10158
f 10158 10157 10159
f 10158 10159 10160
f 10160 10159 10161
f 10160 10161 10162
f 10162 10161 10146
f 10146 10161 10144
f 10163 10164 10165
f 10165 10164 10166
f 10165 10166 10167
f 10164 10163 10168
f 10168 10163 10169
f 10168 10169 10170
f 10170 10169 10171
f 10170 10171 10172
f 10172 10171 10173
f 10172 10173 10174
f 10174 10173 10175
f 10174 10175 10176
f 10176 10175 10177
f 10177 10175 10178
f 10177 10178 10179
f 10179 10178 10180
f 10179 10180 10181
f 10181 10180 10182
f 10181 10182 10183
f 10183 10182 10167
f 10167 10182 10165
f 10184 9234 10185
f 10185 9234 10186
f 10185 10186 10187
f 10188 10189 10184
f 10184 10189 9233
f 10184 9233 9234
f 10190 9304 10189
f 10189 9304 9241
f 10189 9241 9233
f 10190 10191 10192
f 10190 10192 9231
f 9231 10192 9230
f 9230 10192 9229
f 9229 10192 9365
f 9229 9365 9228
f 9228 9365 9366
f 9228 9366 9227
f 9227 9366 9367
f 9227 9367 9359
f 10193 9356 10192
f 10192 9356 9364
f 10192 9364 9365
f 10194 10195 10193
f 10193 10195 9345
f 10193 9345 9346
f 10196 9272 10195
f 10195 9272 9335
f 10195 9335 9344
f 9344 9335 9336
f 9344 9336 9343
f 9343 9336 9337
f 9343 9337 9342
f 9342 9337 9338
f 9342 9338 9341
f 9341 9338 9339
f 9341 9339 9352
f 9352 9339 9327
f 9352 9327 9328
f 10196 10197 10198
f 10196 10198 10199
f 10196 10199 10200
f 10200 10199 10201
f 10200 10202 10196
f 10196 10202 9263
f 10196 9263 9272
f 9272 9263 9264
f 9272 9264 9271
f 9271 9264 9265
f 9271 9265 9270
f 9270 9265 9266
f 9270 9266 9269
f 9269 9266 9267
f 9269 9267 9280
f 9280 9267 9255
f 9280 9255 9256
f 10203 9252 10202
f 10202 9252 9261
f 10202 9261 9262
f 10186 9234 10203
f 10203 9234 9235
f 10203 9235 9236
f 9226 9310 9225
f 9225 9310 9311
f 9225 9311 9224
f 9224 9311 9312
f 9224 9312 9232
f 9232 9312 9313
f 9232 9313 10190
f 10190 9313 9304
f 9227 9359 9226
f 9226 9359 9321
f 9226 9321 9309
f 9309 9321 9322
f 9309 9322 9308
f 9308 9322 9314
f 9308 9314 9307
f 9307 9314 9294
f 9307 9294 9300
f 9300 9294 9295
f 9300 9295 9299
f 9299 9295 9287
f 9299 9287 9298
f 9298 9287 9249
f 9298 9249 9237
f 9237 9249 9250
f 9237 9250 9236
f 9236 9250 10203
f 9231 9232 10190
f 9237 9238 9298
f 9298 9238 9297
f 9297 9238 9239
f 9297 9239 9296
f 9296 9239 9240
f 9296 9240 9304
f 9304 9240 9241
f 9244 9252 9243
f 9243 9252 10203
f 9243 10203 9242
f 9242 10203 9250
f 9252 9244 9251
f 9251 9244 9245
f 9251 9245 9259
f 9259 9245 9258
f 9258 9245 9246
f 9258 9246 9289
f 9289 9246 9247
f 9289 9247 9288
f 9288 9247 9248
f 9288 9248 9287
f 9287 9248 9249
f 9252 9253 9261
f 9261 9253 9260
f 9260 9253 9254
f 9260 9254 9268
f 9268 9254 9267
f 9267 9254 9255
f 9280 9256 9279
f 9279 9256 9257
f 9279 9257 9278
f 9278 9257 9258
f 9278 9258 9289
f 9262 9263 10202
f 9272 9273 9335
f 9335 9273 9334
f 9334 9273 9274
f 9334 9274 9333
f 9333 9274 9275
f 9333 9275 9332
f 9332 9275 9276
f 9332 9276 9325
f 9325 9276 9282
f 9325 9282 9283
f 9282 9276 9281
f 9281 9276 9277
f 9281 9277 9269
f 9280 9281 9269
f 9325 9283 9324
f 9324 9283 9284
f 9324 9284 9323
f 9323 9284 9285
f 9323 9285 9316
f 9316 9285 9291
f 9316 9291 9292
f 9291 9285 9290
f 9290 9285 9286
f 9290 9286 9278
f 9289 9290 9278
f 9316 9292 9315
f 9315 9292 9293
f 9315 9293 9314
f 9314 9293 9294
f 9300 9301 9307
f 9307 9301 9306
f 9306 9301 9302
f 9306 9302 9305
f 9305 9302 9303
f 9305 9303 9313
f 9313 9303 9304
f 9309 9310 9226
f 9316 9317 9323
f 9323 9317 9331
f 9331 9317 9330
f 9330 9317 9318
f 9330 9318 9361
f 9361 9318 9319
f 9361 9319 9360
f 9360 9319 9320
f 9360 9320 9359
f 9359 9320 9321
f 9325 9326 9332
f 9332 9326 9340
f 9340 9326 9339
f 9339 9326 9327
f 9352 9328 9351
f 9351 9328 9329
f 9351 9329 9350
f 9350 9329 9330
f 9350 9330 9361
f 9344 9345 10195
f 9346 9347 10193
f 10193 9347 9355
f 10193 9355 9356
f 9355 9347 9354
f 9354 9347 9348
f 9354 9348 9353
f 9353 9348 9349
f 9353 9349 9341
f 9352 9353 9341
f 9364 9356 9363
f 9363 9356 9357
f 9363 9357 9362
f 9362 9357 9358
f 9362 9358 9350
f 9361 9362 9350
f 10204 8313 10205
f 10205 8313 8354
f 10205 8354 8353
f 10204 10206 10207
f 10204 10207 8387
f 8387 10207 10208
f 8387 10208 10209
f 10209 10208 10210
f 10210 10208 10211
f 10212 8375 10209
f 10209 8375 8376
f 10209 8376 8384
f 10213 10214 10212
f 10212 10214 8394
f 10212 8394 8397
f 10213 10215 10216
f 10213 10216 10217
f 10213 10217 10214
f 10214 10217 10218
f 10219 8332 10214
f 10214 8332 8330
f 10214 8330 8329
f 8329 8330 8327
f 8327 8330 8328
f 8327 8328 8325
f 8325 8328 8326
f 8325 8326 8323
f 8323 8326 8324
f 8323 8324 8321
f 8321 8324 8322
f 8321 8322 8319
f 8319 8322 8320
f 8319 8320 8317
f 8317 8320 8318
f 8317 8318 8316
f 8316 8318 8315
f 8316 8315 10204
f 10204 8315 8313
f 10219 10220 10221
f 10219 10221 8374
f 8374 10221 8364
f 8364 10221 8355
f 8364 8355 8357
f 8355 10221 8336
f 8336 10221 10222
f 8336 10222 8337
f 8337 10222 8338
f 8338 10222 8342
f 8338 8342 8344
f 10223 10205 10222
f 10222 10205 8351
f 10222 8351 8342
f 8317 8385 8319
f 8319 8385 8384
f 8384 8385 10209
f 8385 8387 10209
f 8387 8316 10204
f 8322 8371 8372
f 8372 8371 8369
f 8372 8369 8370
f 8370 8369 8367
f 8370 8367 8368
f 8368 8367 8365
f 8368 8365 8366
f 8366 8365 8336
f 8366 8336 8337
f 8320 8349 8318
f 8318 8349 8350
f 8350 8349 8347
f 8350 8347 8348
f 8348 8347 8345
f 8348 8345 8346
f 8346 8345 8343
f 8346 8343 8344
f 8344 8343 8338
f 8347 8349 8370
f 8370 8349 8372
f 8354 8313 8348
f 8348 8313 8350
f 8321 8376 8323
f 8323 8376 8375
f 10212 8397 8398
f 8398 8397 8327
f 8398 8327 8325
f 8329 8394 10214
f 8324 8371 8322
f 8369 8371 8361
f 8361 8371 8363
f 8361 8363 8360
f 8360 8363 8362
f 8360 8362 8334
f 8334 8362 8332
f 8334 8332 10219
f 8363 8326 8362
f 8362 8326 8328
f 8398 8375 10212
f 8346 8344 8353
f 8353 8344 8352
f 8353 8352 10205
f 10205 8352 8351
f 8343 8345 8366
f 8366 8345 8368
f 8364 8357 8356
f 8356 8357 8359
f 8356 8359 8358
f 8358 8359 8361
f 8358 8361 8360
f 8374 8373 10219
f 10219 8373 8335
f 10219 8335 8334
f 8335 8373 8358
f 8358 8373 8356
f 8365 8367 8357
f 8357 8367 8359
f 8472 8317 8475
f 8475 8317 8316
f 8473 8385 8472
f 8472 8385 8317
f 8473 8474 8385
f 8385 8474 8387
f 8475 8316 8474
f 8474 8316 8387
f 8443 8440 8349
f 8349 8440 8372
f 8440 8441 8372
f 8372 8441 8322
f 8442 8320 8441
f 8441 8320 8322
f 8442 8443 8320
f 8320 8443 8349
f 8471 8468 8313
f 8313 8468 8350
f 8469 8318 8468
f 8468 8318 8350
f 8470 8315 8469
f 8469 8315 8318
f 8471 8313 8470
f 8470 8313 8315
f 8452 8321 8455
f 8455 8321 8319
f 8452 8453 8321
f 8321 8453 8376
f 8454 8384 8453
f 8453 8384 8376
f 8454 8455 8384
f 8384 8455 8319
f 8397 8394 8462
f 8462 8394 8461
f 8327 8397 8463
f 8463 8397 8462
f 8329 8327 8460
f 8460 8327 8463
f 8394 8329 8461
f 8461 8329 8460
f 8324 8326 8446
f 8446 8326 8445
f 8371 8324 8447
f 8447 8324 8446
f 8363 8371 8444
f 8444 8371 8447
f 8326 8363 8445
f 8445 8363 8444
f 8328 8330 8450
f 8450 8330 8449
f 8362 8328 8451
f 8451 8328 8450
f 8362 8451 8332
f 8332 8451 8448
f 8330 8332 8449
f 8449 8332 8448
f 8375 8398 8458
f 8458 8398 8457
f 8323 8375 8459
f 8459 8375 8458
f 8325 8323 8456
f 8456 8323 8459
f 8398 8325 8457
f 8457 8325 8456
f 8342 8351 8412
f 8412 8351 8415
f 8344 8342 8413
f 8413 8342 8412
f 8352 8344 8414
f 8414 8344 8413
f 8351 8352 8415
f 8415 8352 8414
f 8368 8345 8428
f 8428 8345 8431
f 8370 8368 8429
f 8429 8368 8428
f 8347 8370 8430
f 8430 8370 8429
f 8345 8347 8431
f 8431 8347 8430
f 8346 8353 8464
f 8464 8353 8467
f 8348 8346 8465
f 8465 8346 8464
f 8348 8465 8354
f 8354 8465 8466
f 8353 8354 8467
f 8467 8354 8466
f 8337 8338 8416
f 8416 8338 8419
f 8366 8337 8417
f 8417 8337 8416
f 8343 8366 8418
f 8418 8366 8417
f 8338 8343 8419
f 8419 8343 8418
f 8426 8356 8425
f 8425 8356 8373
f 8427 8364 8426
f 8426 8364 8356
f 8427 8424 8364
f 8364 8424 8374
f 8425 8373 8424
f 8424 8373 8374
f 8433 8434 8361
f 8361 8434 8369
f 8434 8435 8369
f 8369 8435 8367
f 8432 8359 8435
f 8435 8359 8367
f 8432 8433 8359
f 8359 8433 8361
f 8437 8438 8334
f 8334 8438 8360
f 8439 8358 8438
f 8438 8358 8360
f 8436 8335 8439
f 8439 8335 8358
f 8437 8334 8436
f 8436 8334 8335
f 8422 8365 8421
f 8421 8365 8357
f 8422 8423 8365
f 8365 8423 8336
f 8420 8355 8423
f 8423 8355 8336
f 8420 8421 8355
f 8355 8421 8357
f 10203 10202 10209
f 10209 10202 10212
f 10200 10213 10202
f 10202 10213 10212
f 8473 8938 8474
f 8474 8938 8940
f 8474 8940 8942
f 8472 8952 8473
f 8473 8952 8936
f 8473 8936 8938
f 8475 8946 8472
f 8472 8946 8948
f 8472 8948 8950
f 8474 8942 8475
f 8475 8942 8944
f 8475 8944 8946
f 8950 8952 8472
f 8441 8956 8442
f 8442 8956 8958
f 8442 8958 8960
f 8440 8970 8441
f 8441 8970 8954
f 8441 8954 8956
f 8443 8964 8440
f 8440 8964 8966
f 8440 8966 8968
f 8442 8960 8443
f 8443 8960 8962
f 8443 8962 8964
f 8968 8970 8440
f 8469 8974 8470
f 8470 8974 8976
f 8470 8976 8978
f 8468 8988 8469
f 8469 8988 8972
f 8469 8972 8974
f 8471 8982 8468
f 8468 8982 8984
f 8468 8984 8986
f 8470 8978 8471
f 8471 8978 8980
f 8471 8980 8982
f 8986 8988 8468
f 8453 8992 8454
f 8454 8992 8994
f 8454 8994 8996
f 8452 9006 8453
f 8453 9006 8990
f 8453 8990 8992
f 8455 9000 8452
f 8452 9000 9002
f 8452 9002 9004
f 8454 8996 8455
f 8455 8996 8998
f 8455 8998 9000
f 9004 9006 8452
f 8463 9018 8460
f 8460 9018 9020
f 8460 9020 9022
f 8462 9014 8463
f 8463 9014 9016
f 8463 9016 9018
f 8461 9010 8462
f 8462 9010 9012
f 8462 9012 9014
f 8460 9024 8461
f 8461 9024 9008
f 8461 9008 9010
f 9022 9024 8460
f 8447 9036 8444
f 8444 9036 9038
f 8444 9038 9040
f 8446 9032 8447
f 8447 9032 9034
f 8447 9034 9036
f 8445 9028 8446
f 8446 9028 9030
f 8446 9030 9032
f 8444 9042 8445
f 8445 9042 9026
f 8445 9026 9028
f 9040 9042 8444
f 8451 9054 8448
f 8448 9054 9056
f 8448 9056 9058
f 8450 9050 8451
f 8451 9050 9052
f 8451 9052 9054
f 8449 9046 8450
f 8450 9046 9048
f 8450 9048 9050
f 8448 9060 8449
f 8449 9060 9044
f 8449 9044 9046
f 9058 9060 8448
f 8459 9072 8456
f 8456 9072 9074
f 8456 9074 9076
f 8458 9068 8459
f 8459 9068 9070
f 8459 9070 9072
f 8457 9064 8458
f 8458 9064 9066
f 8458 9066 9068
f 8456 9078 8457
f 8457 9078 9062
f 8457 9062 9064
f 9076 9078 8456
f 8413 9082 8414
f 8414 9082 9084
f 8414 9084 9086
f 8412 9096 8413
f 8413 9096 9080
f 8413 9080 9082
f 8415 9090 8412
f 8412 9090 9092
f 8412 9092 9094
f 8414 9086 8415
f 8415 9086 9088
f 8415 9088 9090
f 9094 9096 8412
f 8429 9100 8430
f 8430 9100 9102
f 8430 9102 9104
f 8428 9114 8429
f 8429 9114 9098
f 8429 9098 9100
f 8431 9108 8428
f 8428 9108 9110
f 8428 9110 9112
f 8430 9104 8431
f 8431 9104 9106
f 8431 9106 9108
f 9112 9114 8428
f 8465 9118 8466
f 8466 9118 9120
f 8466 9120 9122
f 8464 9132 8465
f 8465 9132 9116
f 8465 9116 9118
f 8467 9126 8464
f 8464 9126 9128
f 8464 9128 9130
f 8466 9122 8467
f 8467 9122 9124
f 8467 9124 9126
f 9130 9132 8464
f 8417 9136 8418
f 8418 9136 9138
f 8418 9138 9140
f 8416 9150 8417
f 8417 9150 9134
f 8417 9134 9136
f 8419 9144 8416
f 8416 9144 9146
f 8416 9146 9148
f 8418 9140 8419
f 8419 9140 9142
f 8419 9142 9144
f 9148 9150 8416
f 8427 9162 8424
f 8424 9162 9164
f 8424 9164 9166
f 8426 9158 8427
f 8427 9158 9160
f 8427 9160 9162
f 8425 9154 8426
f 8426 9154 9156
f 8426 9156 9158
f 8424 9168 8425
f 8425 9168 9152
f 8425 9152 9154
f 9166 9168 8424
f 8435 9180 8432
f 8432 9180 9182
f 8432 9182 9184
f 8434 9176 8435
f 8435 9176 9178
f 8435 9178 9180
f 8433 9172 8434
f 8434 9172 9174
f 8434 9174 9176
f 8432 9186 8433
f 8433 9186 9170
f 8433 9170 9172
f 9184 9186 8432
f 8439 9198 8436
f 8436 9198 9200
f 8436 9200 9202
f 8438 9194 8439
f 8439 9194 9196
f 8439 9196 9198
f 8437 9190 8438
f 8438 9190 9192
f 8438 9192 9194
f 8436 9204 8437
f 8437 9204 9188
f 8437 9188 9190
f 9202 9204 8436
f 8423 9216 8420
f 8420 9216 9218
f 8420 9218 9220
f 8422 9212 8423
f 8423 9212 9214
f 8423 9214 9216
f 8421 9208 8422
f 8422 9208 9210
f 8422 9210 9212
f 8420 9222 8421
f 8421 9222 9206
f 8421 9206 9208
f 9220 9222 8420
f 9370 9373 9369
f 9369 9373 9374
f 9369 9374 9368
f 9368 9374 9375
f 9368 9375 9376
f 9371 9372 9370
f 9370 9372 9373
f 9379 9382 9378
f 9378 9382 9383
f 9378 9383 9377
f 9377 9383 9384
f 9377 9384 9385
f 9380 9381 9379
f 9379 9381 9382
f 9388 9391 9387
f 9387 9391 9392
f 9387 9392 9386
f 9386 9392 9393
f 9386 9393 9394
f 9389 9390 9388
f 9388 9390 9391
f 9397 9400 9396
f 9396 9400 9401
f 9396 9401 9395
f 9395 9401 9402
f 9395 9402 9403
f 9398 9399 9397
f 9397 9399 9400
f 9406 9409 9405
f 9405 9409 9410
f 9405 9410 9404
f 9404 9410 9411
f 9404 9411 9412
f 9407 9408 9406
f 9406 9408 9409
f 9415 9418 9414
f 9414 9418 9419
f 9414 9419 9413
f 9413 9419 9420
f 9413 9420 9421
f 9416 9417 9415
f 9415 9417 9418
f 9424 9427 9423
f 9423 9427 9428
f 9423 9428 9422
f 9422 9428 9429
f 9422 9429 9430
f 9425 9426 9424
f 9424 9426 9427
f 9433 9436 9432
f 9432 9436 9437
f 9432 9437 9431
f 9431 9437 9438
f 9431 9438 9439
f 9434 9435 9433
f 9433 9435 9436
f 9442 9445 9441
f 9441 9445 9446
f 9441 9446 9440
f 9440 9446 9447
f 9440 9447 9448
f 9443 9444 9442
f 9442 9444 9445
f 9451 9454 9450
f 9450 9454 9455
f 9450 9455 9449
f 9449 9455 9456
f 9449 9456 9457
f 9452 9453 9451
f 9451 9453 9454
f 9460 9463 9459
f 9459 9463 9464
f 9459 9464 9458
f 9458 9464 9465
f 9458 9465 9466
f 9461 9462 9460
f 9460 9462 9463
f 9469 9472 9468
f 9468 9472 9473
f 9468 9473 9467
f 9467 9473 9474
f 9467 9474 9475
f 9470 9471 9469
f 9469 9471 9472
f 9478 9481 9477
f 9477 9481 9482
f 9477 9482 9476
f 9476 9482 9483
f 9476 9483 9484
f 9479 9480 9478
f 9478 9480 9481
f 9487 9490 9486
f 9486 9490 9491
f 9486 9491 9485
f 9485 9491 9492
f 9485 9492 9493
f 9488 9489 9487
f 9487 9489 9490
f 9496 9499 9495
f 9495 9499 9500
f 9495 9500 9494
f 9494 9500 9501
f 9494 9501 9502
f 9497 9498 9496
f 9496 9498 9499
f 9505 9508 9504
f 9504 9508 9509
f 9504 9509 9503
f 9503 9509 9510
f 9503 9510 9511
f 9506 9507 9505
f 9505 9507 9508
f 9864 9657 9656
f 9864 9656 9862
f 9862 9656 9667
f 9862 9667 9861
f 9861 9667 9666
f 9861 9666 9859
f 9859 9666 9857
f 9857 9666 9665
f 9857 9665 9855
f 9855 9665 9664
f 9855 9664 9663
f 9855 9663 9853
f 9853 9663 9662
f 9853 9662 9849
f 9849 9662 9851
f 9851 9662 9661
f 9885 9669 9668
f 9885 9668 9883
f 9883 9668 9679
f 9883 9679 9882
f 9882 9679 9678
f 9882 9678 9880
f 9880 9678 9878
f 9878 9678 9677
f 9878 9677 9876
f 9876 9677 9676
f 9876 9676 9675
f 9876 9675 9874
f 9874 9675 9674
f 9874 9674 9870
f 9870 9674 9872
f 9872 9674 9673
f 9906 9681 9680
f 9906 9680 9904
f 9904 9680 9691
f 9904 9691 9903
f 9903 9691 9690
f 9903 9690 9901
f 9901 9690 9899
f 9899 9690 9689
f 9899 9689 9897
f 9897 9689 9688
f 9897 9688 9687
f 9897 9687 9895
f 9895 9687 9686
f 9895 9686 9891
f 9891 9686 9893
f 9893 9686 9685
f 9927 9693 9692
f 9927 9692 9925
f 9925 9692 9703
f 9925 9703 9924
f 9924 9703 9702
f 9924 9702 9922
f 9922 9702 9920
f 9920 9702 9701
f 9920 9701 9918
f 9918 9701 9700
f 9918 9700 9699
f 9918 9699 9916
f 9916 9699 9698
f 9916 9698 9912
f 9912 9698 9914
f 9914 9698 9697
f 9948 9705 9704
f 9948 9704 9946
f 9946 9704 9715
f 9946 9715 9945
f 9945 9715 9714
f 9945 9714 9943
f 9943 9714 9941
f 9941 9714 9713
f 9941 9713 9939
f 9939 9713 9712
f 9939 9712 9711
f 9939 9711 9937
f 9937 9711 9710
f 9937 9710 9933
f 9933 9710 9935
f 9935 9710 9709
f 9969 9717 9716
f 9969 9716 9967
f 9967 9716 9727
f 9967 9727 9966
f 9966 9727 9726
f 9966 9726 9964
f 9964 9726 9962
f 9962 9726 9725
f 9962 9725 9960
f 9960 9725 9724
f 9960 9724 9723
f 9960 9723 9958
f 9958 9723 9722
f 9958 9722 9954
f 9954 9722 9956
f 9956 9722 9721
f 9990 9729 9728
f 9990 9728 9988
f 9988 9728 9739
f 9988 9739 9987
f 9987 9739 9738
f 9987 9738 9985
f 9985 9738 9983
f 9983 9738 9737
f 9983 9737 9981
f 9981 9737 9736
f 9981 9736 9735
f 9981 9735 9979
f 9979 9735 9734
f 9979 9734 9975
f 9975 9734 9977
f 9977 9734 9733
f 10011 9741 9740
f 10011 9740 10009
f 10009 9740 9751
f 10009 9751 10008
f 10008 9751 9750
f 10008 9750 10006
f 10006 9750 10004
f 10004 9750 9749
f 10004 9749 10002
f 10002 9749 9748
f 10002 9748 9747
f 10002 9747 10000
f 10000 9747 9746
f 10000 9746 9996
f 9996 9746 9998
f 9998 9746 9745
f 10032 9753 9752
f 10032 9752 10030
f 10030 9752 9763
f 10030 9763 10029
f 10029 9763 9762
f 10029 9762 10027
f 10027 9762 10025
f 10025 9762 9761
f 10025 9761 10023
f 10023 9761 9760
f 10023 9760 9759
f 10023 9759 10021
f 10021 9759 9758
f 10021 9758 10017
f 10017 9758 10019
f 10019 9758 9757
f 10053 9765 9764
f 10053 9764 10051
f 10051 9764 9775
f 10051 9775 10050
f 10050 9775 9774
f 10050 9774 10048
f 10048 9774 10046
f 10046 9774 9773
f 10046 9773 10044
f 10044 9773 9772
f 10044 9772 9771
f 10044 9771 10042
f 10042 9771 9770
f 10042 9770 10038
f 10038 9770 10040
f 10040 9770 9769
f 10074 9777 9776
f 10074 9776 10072
f 10072 9776 9787
f 10072 9787 10071
f 10071 9787 9786
f 10071 9786 10069
f 10069 9786 10067
f 10067 9786 9785
f 10067 9785 10065
f 10065 9785 9784
f 10065 9784 9783
f 10065 9783 10063
f 10063 9783 9782
f 10063 9782 10059
f 10059 9782 10061
f 10061 9782 9781
f 10095 9789 9788
f 10095 9788 10093
f 10093 9788 9799
f 10093 9799 10092
f 10092 9799 9798
f 10092 9798 10090
f 10090 9798 10088
f 10088 9798 9797
f 10088 9797 10086
f 10086 9797 9796
f 10086 9796 9795
f 10086 9795 10084
f 10084 9795 9794
f 10084 9794 10080
f 10080 9794 10082
f 10082 9794 9793
f 10116 9801 9800
f 10116 9800 10114
f 10114 9800 9811
f 10114 9811 10113
f 10113 9811 9810
f 10113 9810 10111
f 10111 9810 10109
f 10109 9810 9809
f 10109 9809 10107
f 10107 9809 9808
f 10107 9808 9807
f 10107 9807 10105
f 10105 9807 9806
f 10105 9806 10101
f 10101 9806 10103
f 10103 9806 9805
f 10137 9813 9812
f 10137 9812 10135
f 10135 9812 9823
f 10135 9823 10134
f 10134 9823 9822
f 10134 9822 10132
f 10132 9822 10130
f 10130 9822 9821
f 10130 9821 10128
f 10128 9821 9820
f 10128 9820 9819
f 10128 9819 10126
f 10126 9819 9818
f 10126 9818 10122
f 10122 9818 10124
f 10124 9818 9817
f 10158 9825 9824
f 10158 9824 10156
f 10156 9824 9835
f 10156 9835 10155
f 10155 9835 9834
f 10155 9834 10153
f 10153 9834 10151
f 10151 9834 9833
f 10151 9833 10149
f 10149 9833 9832
f 10149 9832 9831
f 10149 9831 10147
f 10147 9831 9830
f 10147 9830 10143
f 10143 9830 10145
f 10145 9830 9829
f 10179 9837 9836
f 10179 9836 10177
f 10177 9836 9847
f 10177 9847 10176
f 10176 9847 9846
f 10176 9846 10174
f 10174 9846 10172
f 10172 9846 9845
f 10172 9845 10170
f 10170 9845 9844
f 10170 9844 9843
f 10170 9843 10168
f 10168 9843 9842
f 10168 9842 10164
f 10164 9842 10166
f 10166 9842 9841
f 9850 9867 9848
f 9848 9867 9854
f 9854 9867 9865
f 9854 9865 9856
f 9856 9865 9863
f 9856 9863 9858
f 9858 9863 9860
f 9871 9888 9869
f 9869 9888 9875
f 9875 9888 9886
f 9875 9886 9877
f 9877 9886 9884
f 9877 9884 9879
f 9879 9884 9881
f 9892 9909 9890
f 9890 9909 9896
f 9896 9909 9907
f 9896 9907 9898
f 9898 9907 9905
f 9898 9905 9900
f 9900 9905 9902
f 9913 9930 9911
f 9911 9930 9917
f 9917 9930 9928
f 9917 9928 9919
f 9919 9928 9926
f 9919 9926 9921
f 9921 9926 9923
f 9934 9951 9932
f 9932 9951 9938
f 9938 9951 9949
f 9938 9949 9940
f 9940 9949 9947
f 9940 9947 9942
f 9942 9947 9944
f 9955 9972 9953
f 9953 9972 9959
f 9959 9972 9970
f 9959 9970 9961
f 9961 9970 9968
f 9961 9968 9963
f 9963 9968 9965
f 9976 9993 9974
f 9974 9993 9980
f 9980 9993 9991
f 9980 9991 9982
f 9982 9991 9989
f 9982 9989 9984
f 9984 9989 9986
f 9997 10014 9995
f 9995 10014 10001
f 10001 10014 10012
f 10001 10012 10003
f 10003 10012 10010
f 10003 10010 10005
f 10005 10010 10007
f 10018 10035 10016
f 10016 10035 10022
f 10022 10035 10033
f 10022 10033 10024
f 10024 10033 10031
f 10024 10031 10026
f 10026 10031 10028
f 10039 10056 10037
f 10037 10056 10043
f 10043 10056 10054
f 10043 10054 10045
f 10045 10054 10052
f 10045 10052 10047
f 10047 10052 10049
f 10060 10077 10058
f 10058 10077 10064
f 10064 10077 10075
f 10064 10075 10066
f 10066 10075 10073
f 10066 10073 10068
f 10068 10073 10070
f 10081 10098 10079
f 10079 10098 10085
f 10085 10098 10096
f 10085 10096 10087
f 10087 10096 10094
f 10087 10094 10089
f 10089 10094 10091
f 10102 10119 10100
f 10100 10119 10106
f 10106 10119 10117
f 10106 10117 10108
f 10108 10117 10115
f 10108 10115 10110
f 10110 10115 10112
f 10123 10140 10121
f 10121 10140 10127
f 10127 10140 10138
f 10127 10138 10129
f 10129 10138 10136
f 10129 10136 10131
f 10131 10136 10133
f 10144 10161 10142
f 10142 10161 10148
f 10148 10161 10159
f 10148 10159 10150
f 10150 10159 10157
f 10150 10157 10152
f 10152 10157 10154
f 10165 10182 10163
f 10163 10182 10169
f 10169 10182 10180
f 10169 10180 10171
f 10171 10180 10178
f 10171 10178 10173
f 10173 10178 10175
f 10210 10186 10209
f 10209 10186 10203
f 10222 10221 10192
f 10192 10221 10193
f 10214 10196 10219
f 10219 10196 10195
f 10189 10204 10190
f 10190 10204 10205
f 10207 10184 10208
f 10208 10184 10185
f 10198 10217 10199
f 10199 10217 10216
f 10184 10207 10188
f 10188 10207 10206
f 10188 10206 10224
f 10188 10224 10225
f 10225 10224 10204
f 10225 10204 10189
f 10214 10226 10196
f 10196 10226 10227
f 10227 10226 10218
f 10227 10218 10197
f 10197 10218 10198
f 10198 10218 10217
f 10216 10215 10199
f 10199 10215 10201
f 10201 10215 10228
f 10228 10215 10229
f 10228 10229 10200
f 10200 10229 10213
f 10186 10210 10230
f 10230 10210 10231
f 10230 10231 10187
f 10187 10231 10211
f 10187 10211 10208
f 10208 10185 10187
f 10193 10221 10194
f 10194 10221 10220
f 10194 10220 10232
f 10194 10232 10233
f 10233 10232 10219
f 10233 10219 10195
f 10190 10205 10234
f 10234 10205 10235
f 10234 10235 10191
f 10191 10235 10223
f 10191 10223 10222
f 10222 10192 10191
f 10236 10237 10238
f 10238 10237 10239
f 10238 10239 10240
f 10240 10239 10241
f 10240 10241 10242
f 10240 10242 10243
f 10243 10242 10244
f 10243 10244 10245
f 10245 10244 10246
f 10245 10246 10247
f 10245 10247 10248
f 10248 10247 10249
f 10248 10249 10250
f 10248 10250 10251
f 10251 10250 10252
f 10251 10252 10253
f 10251 10253 10254
f 10254 10253 10255
f 10254 10255 10256
f 10254 10256 10257
f 10257 10256 10258
f 10257 10258 10259
f 10259 10258 10260
f 10259 10260 10236
f 10259 10236 10238
f 10261 10262 10263
f 10263 10262 10264
f 10263 10264 10265
f 10265 10264 10266
f 10265 10266 10267
f 10265 10267 10268
f 10268 10267 10269
f 10268 10269 10270
f 10270 10269 10271
f 10270 10271 10272
f 10270 10272 10273
f 10273 10272 10274
f 10273 10274 10275
f 10273 10275 10276
f 10276 10275 10277
f 10276 10277 10278
f 10276 10278 10279
f 10279 10278 10280
f 10279 10280 10281
f 10279 10281 10282
f 10282 10281 10283
f 10282 10283 10284
f 10284 10283 10285
f 10284 10285 10261
f 10284 10261 10263
f 10286 10287 10288
f 10288 10287 10289
f 10288 10289 10290
f 10290 10289 10291
f 10290 10291 10292
f 10290 10292 10293
f 10293 10292 10294
f 10293 10294 10295
f 10295 10294 10296
f 10295 10296 10297
f 10295 10297 10298
f 10298 10297 10299
f 10298 10299 10300
f 10298 10300 10301
f 10301 10300 10302
f 10301 10302 10303
f 10301 10303 10304
f 10304 10303 10305
f 10304 10305 10306
f 10304 10306 10307
f 10307 10306 10308
f 10307 10308 10309
f 10309 10308 10310
f 10309 10310 10286
f 10309 10286 10288
f 10311 10312 10313
f 10313 10312 10314
f 10313 10314 10315
f 10315 10314 10316
f 10315 10316 10317
f 10315 10317 10318
f 10318 10317 10319
f 10318 10319 10320
f 10320 10319 10321
f 10320 10321 10322
f 10320 10322 10323
f 10323 10322 10324
f 10323 10324 10325
f 10323 10325 10326
f 10326 10325 10327
f 10326 10327 10328
f 10326 10328 10329
f 10329 10328 10330
f 10329 10330 10331
f 10329 10331 10332
f 10332 10331 10333
f 10332 10333 10334
f 10334 10333 10335
f 10334 10335 10311
f 10334 10311 10313
f 10336 10337 10338
f 10338 10337 10339
f 10338 10339 10340
f 10340 10339 10341
f 10340 10341 10342
f 10340 10342 10343
f 10343 10342 10344
f 10343 10344 10345
f 10345 10344 10346
f 10345 10346 10347
f 10345 10347 10348
f 10348 10347 10349
f 10348 10349 10350
f 10348 10350 10351
f 10351 10350 10352
f 10351 10352 10353
f 10351 10353 10354
f 10354 10353 10355
f 10354 10355 10356
f 10354 10356 10357
f 10357 10356 10358
f 10357 10358 10359
f 10359 10358 10360
f 10359 10360 10336
f 10359 10336 10338
f 10361 10362 10363
f 10363 10362 10364
f 10363 10364 10365
f 10365 10364 10366
f 10365 10366 10367
f 10365 10367 10368
f 10368 10367 10369
f 10368 10369 10370
f 10370 10369 10371
f 10370 10371 10372
f 10370 10372 10373
f 10373 10372 10374
f 10373 10374 10375
f 10373 10375 10376
f 10376 10375 10377
f 10376 10377 10378
f 10376 10378 10379
f 10379 10378 10380
f 10379 10380 10381
f 10379 10381 10382
f 10382 10381 10383
f 10382 10383 10384
f 10384 10383 10385
f 10384 10385 10361
f 10384 10361 10363
f 10386 10387 10388
f 10388 10387 10389
f 10388 10389 10390
f 10390 10389 10391
f 10390 10391 10392
f 10390 10392 10393
f 10393 10392 10394
f 10393 10394 10395
f 10395 10394 10396
f 10395 10396 10397
f 10395 10397 10398
f 10398 10397 10399
f 10398 10399 10400
f 10398 10400 10401
f 10401 10400 10402
f 10401 10402 10403
f 10401 10403 10404
f 10404 10403 10405
f 10404 10405 10406
f 10404 10406 10407
f 10407 10406 10408
f 10407 10408 10409
f 10409 10408 10410
f 10409 10410 10386
f 10409 10386 10388
f 10411 10412 10413
f 10413 10412 10414
f 10413 10414 10415
f 10415 10414 10416
f 10415 10416 10417
f 10415 10417 10418
f 10418 10417 10419
f 10418 10419 10420
f 10420 10419 10421
f 10420 10421 10422
f 10420 10422 10423
f 10423 10422 10424
f 10423 10424 10425
f 10423 10425 10426
f 10426 10425 10427
f 10426 10427 10428
f 10426 10428 10429
f 10429 10428 10430
f 10429 10430 10431
f 10429 10431 10432
f 10432 10431 10433
f 10432 10433 10434
f 10434 10433 10435
f 10434 10435 10411
f 10434 10411 10413
f 10436 10437 10438
f 10438 10437 10439
f 10438 10439 10440
f 10440 10439 10441
f 10440 10441 10442
f 10440 10442 10443
f 10443 10442 10444
f 10443 10444 10445
f 10445 10444 10446
f 10445 10446 10447
f 10445 10447 10448
f 10448 10447 10449
f 10448 10449 10450
f 10448 10450 10451
f 10451 10450 10452
f 10451 10452 10453
f 10451 10453 10454
f 10454 10453 10455
f 10454 10455 10456
f 10454 10456 10457
f 10457 10456 10458
f 10457 10458 10459
f 10459 10458 10460
f 10459 10460 10436
f 10459 10436 10438
f 10461 10462 10463
f 10463 10462 10464
f 10463 10464 10465
f 10465 10464 10466
f 10465 10466 10467
f 10465 10467 10468
f 10468 10467 10469
f 10468 10469 10470
f 10470 10469 10471
f 10470 10471 10472
f 10470 10472 10473
f 10473 10472 10474
f 10473 10474 10475
f 10473 10475 10476
f 10476 10475 10477
f 10476 10477 10478
f 10476 10478 10479
f 10479 10478 10480
f 10479 10480 10481
f 10479 10481 10482
f 10482 10481 10483
f 10482 10483 10484
f 10484 10483 10485
f 10484 10485 10461
f 10484 10461 10463
f 10486 10487 10488
f 10488 10487 10489
f 10488 10489 10490
f 10490 10489 10491
f 10490 10491 10492
f 10490 10492 10493
f 10493 10492 10494
f 10493 10494 10495
f 10495 10494 10496
f 10495 10496 10497
f 10495 10497 10498
f 10498 10497 10499
f 10498 10499 10500
f 10498 10500 10501
f 10501 10500 10502
f 10501 10502 10503
f 10501 10503 10504
f 10504 10503 10505
f 10504 10505 10506
f 10504 10506 10507
f 10507 10506 10508
f 10507 10508 10509
f 10509 10508 10510
f 10509 10510 10486
f 10509 10486 10488
f 10511 10512 10513
f 10513 10512 10514
f 10513 10514 10515
f 10515 10514 10516
f 10515 10516 10517
f 10515 10517 10518
f 10518 10517 10519
f 10518 10519 10520
f 10520 10519 10521
f 10520 10521 10522
f 10520 10522 10523
f 10523 10522 10524
f 10523 10524 10525
f 10523 10525 10526
f 10526 10525 10527
f 10526 10527 10528
f 10526 10528 10529
f 10529 10528 10530
f 10529 10530 10531
f 10529 10531 10532
f 10532 10531 10533
f 10532 10533 10534
f 10534 10533 10535
f 10534 10535 10511
f 10534 10511 10513
f 10536 10537 10538
f 10538 10537 10539
f 10538 10539 10540
f 10540 10539 10541
f 10540 10541 10542
f 10540 10542 10543
f 10543 10542 10544
f 10543 10544 10545
f 10545 10544 10546
f 10545 10546 10547
f 10545 10547 10548
f 10548 10547 10549
f 10548 10549 10550
f 10548 10550 10551
f 10551 10550 10552
f 10551 10552 10553
f 10551 10553 10554
f 10554 10553 10555
f 10554 10555 10556
f 10554 10556 10557
f 10557 10556 10558
f 10557 10558 10559
f 10559 10558 10560
f 10559 10560 10536
f 10559 10536 10538
f 10561 10562 10563
f 10563 10562 10564
f 10563 10564 10565
f 10565 10564 10566
f 10565 10566 10567
f 10565 10567 10568
f 10568 10567 10569
f 10568 10569 10570
f 10570 10569 10571
f 10570 10571 10572
f 10570 10572 10573
f 10573 10572 10574
f 10573 10574 10575
f 10573 10575 10576
f 10576 10575 10577
f 10576 10577 10578
f 10576 10578 10579
f 10579 10578 10580
f 10579 10580 10581
f 10579 10581 10582
f 10582 10581 10583
f 10582 10583 10584
f 10584 10583 10585
f 10584 10585 10561
f 10584 10561 10563
f 10586 10587 10588
f 10588 10587 10589
f 10588 10589 10590
f 10590 10589 10591
f 10590 10591 10592
f 10590 10592 10593
f 10593 10592 10594
f 10593 10594 10595
f 10595 10594 10596
f 10595 10596 10597
f 10595 10597 10598
f 10598 10597 10599
f 10598 10599 10600
f 10598 10600 10601
f 10601 10600 10602
f 10601 10602 10603
f 10601 10603 10604
f 10604 10603 10605
f 10604 10605 10606
f 10604 10606 10607
f 10607 10606 10608
f 10607 10608 10609
f 10609 10608 10610
f 10609 10610 10586
f 10609 10586 10588
f 10611 10612 10613
f 10613 10612 10614
f 10613 10614 10615
f 10615 10614 10616
f 10615 10616 10617
f 10615 10617 10618
f 10618 10617 10619
f 10618 10619 10620
f 10620 10619 10621
f 10620 10621 10622
f 10620 10622 10623
f 10623 10622 10624
f 10623 10624 10625
f 10623 10625 10626
f 10626 10625 10627
f 10626 10627 10628
f 10626 10628 10629
f 10629 10628 10630
f 10629 10630 10631
f 10629 10631 10632
f 10632 10631 10633
f 10632 10633 10634
f 10634 10633 10635
f 10634 10635 10611
f 10634 10611 10613
f 10636 10637 10638
f 10638 10637 10639
f 10638 10639 10640
f 10641 10642 10636
f 10636 10642 10643
f 10636 10643 10637
f 10642 10641 10644
f 10644 10641 10645
f 10644 10645 10646
f 10646 10645 10647
f 10647 10645 10648
f 10647 10648 10649
f 10649 10648 10650
f 10650 10648 10651
f 10650 10651 10652
f 10652 10651 10653
f 10653 10651 10654
f 10653 10654 10655
f 10655 10654 10656
f 10656 10654 10657
f 10656 10657 10658
f 10658 10657 10659
f 10658 10659 10660
f 10660 10659 10640
f 10640 10659 10638
f 10661 10662 10663
f 10663 10662 10664
f 10663 10664 10665
f 10666 10667 10661
f 10661 10667 10668
f 10661 10668 10662
f 10667 10666 10669
f 10669 10666 10670
f 10669 10670 10671
f 10671 10670 10672
f 10672 10670 10673
f 10672 10673 10674
f 10674 10673 10675
f 10675 10673 10676
f 10675 10676 10677
f 10677 10676 10678
f 10678 10676 10679
f 10678 10679 10680
f 10680 10679 10681
f 10681 10679 10682
f 10681 10682 10683
f 10683 10682 10684
f 10683 10684 10685
f 10685 10684 10665
f 10665 10684 10663
f 10686 10687 10688
f 10688 10687 10689
f 10688 10689 10690
f 10691 10692 10686
f 10686 10692 10693
f 10686 10693 10687
f 10692 10691 10694
f 10694 10691 10695
f 10694 10695 10696
f 10696 10695 10697
f 10697 10695 10698
f 10697 10698 10699
f 10699 10698 10700
f 10700 10698 10701
f 10700 10701 10702
f 10702 10701 10703
f 10703 10701 10704
f 10703 10704 10705
f 10705 10704 10706
f 10706 10704 10707
f 10706 10707 10708
f 10708 10707 10709
f 10708 10709 10710
f 10710 10709 10690
f 10690 10709 10688
f 10711 10712 10713
f 10713 10712 10714
f 10713 10714 10715
f 10716 10717 10711
f 10711 10717 10718
f 10711 10718 10712
f 10717 10716 10719
f 10719 10716 10720
f 10719 10720 10721
f 10721 10720 10722
f 10722 10720 10723
f 10722 10723 10724
f 10724 10723 10725
f 10725 10723 10726
f 10725 10726 10727
f 10727 10726 10728
f 10728 10726 10729
f 10728 10729 10730
f 10730 10729 10731
f 10731 10729 10732
f 10731 10732 10733
f 10733 10732 10734
f 10733 10734 10735
f 10735 10734 10715
f 10715 10734 10713
f 10736 10737 10738
f 10738 10737 10739
f 10738 10739 10740
f 10741 10742 10736
f 10736 10742 10743
f 10736 10743 10737
f 10742 10741 10744
f 10744 10741 10745
f 10744 10745 10746
f 10746 10745 10747
f 10747 10745 10748
f 10747 10748 10749
f 10749 10748 10750
f 10750 10748 10751
f 10750 10751 10752
f 10752 10751 10753
f 10753 10751 10754
f 10753 10754 10755
f 10755 10754 10756
f 10756 10754 10757
f 10756 10757 10758
f 10758 10757 10759
f 10758 10759 10760
f 10760 10759 10740
f 10740 10759 10738
f 10761 10762 10763
f 10763 10762 10764
f 10763 10764 10765
f 10766 10767 10761
f 10761 10767 10768
f 10761 10768 10762
f 10767 10766 10769
f 10769 10766 10770
f 10769 10770 10771
f 10771 10770 10772
f 10772 10770 10773
f 10772 10773 10774
f 10774 10773 10775
f 10775 10773 10776
f 10775 10776 10777
f 10777 10776 10778
f 10778 10776 10779
f 10778 10779 10780
f 10780 10779 10781
f 10781 10779 10782
f 10781 10782 10783
f 10783 10782 10784
f 10783 10784 10785
f 10785 10784 10765
f 10765 10784 10763
f 10786 10787 10788
f 10788 10787 10789
f 10788 10789 10790
f 10791 10792 10786
f 10786 10792 10793
f 10786 10793 10787
f 10792 10791 10794
f 10794 10791 10795
f 10794 10795 10796
f 10796 10795 10797
f 10797 10795 10798
f 10797 10798 10799
f 10799 10798 10800
f 10800 10798 10801
f 10800 10801 10802
f 10802 10801 10803
f 10803 10801 10804
f 10803 10804 10805
f 10805 10804 10806
f 10806 10804 10807
f 10806 10807 10808
f 10808 10807 10809
f 10808 10809 10810
f 10810 10809 10790
f 10790 10809 10788
f 10811 10812 10813
f 10813 10812 10814
f 10813 10814 10815
f 10816 10817 10811
f 10811 10817 10818
f 10811 10818 10812
f 10817 10816 10819
f 10819 10816 10820
f 10819 10820 10821
f 10821 10820 10822
f 10822 10820 10823
f 10822 10823 10824
f 10824 10823 10825
f 10825 10823 10826
f 10825 10826 10827
f 10827 10826 10828
f 10828 10826 10829
f 10828 10829 10830
f 10830 10829 10831
f 10831 10829 10832
f 10831 10832 10833
f 10833 10832 10834
f 10833 10834 10835
f 10835 10834 10815
f 10815 10834 10813
f 10836 10837 10838
f 10838 10837 10839
f 10838 10839 10840
f 10841 10842 10836
f 10836 10842 10843
f 10836 10843 10837
f 10842 10841 10844
f 10844 10841 10845
f 10844 10845 10846
f 10846 10845 10847
f 10847 10845 10848
f 10847 10848 10849
f 10849 10848 10850
f 10850 10848 10851
f 10850 10851 10852
f 10852 10851 10853
f 10853 10851 10854
f 10853 10854 10855
f 10855 10854 10856
f 10856 10854 10857
f 10856 10857 10858
f 10858 10857 10859
f 10858 10859 10860
f 10860 10859 10840
f 10840 10859 10838
f 10861 10862 10863
f 10863 10862 10864
f 10863 10864 10865
f 10866 10867 10861
f 10861 10867 10868
f 10861 10868 10862
f 10867 10866 10869
f 10869 10866 10870
f 10869 10870 10871
f 10871 10870 10872
f 10872 10870 10873
f 10872 10873 10874
f 10874 10873 10875
f 10875 10873 10876
f 10875 10876 10877
f 10877 10876 10878
f 10878 10876 10879
f 10878 10879 10880
f 10880 10879 10881
f 10881 10879 10882
f 10881 10882 10883
f 10883 10882 10884
f 10883 10884 10885
f 10885 10884 10865
f 10865 10884 10863
f 10886 10887 10888
f 10888 10887 10889
f 10888 10889 10890
f 10891 10892 10886
f 10886 10892 10893
f 10886 10893 10887
f 10892 10891 10894
f 10894 10891 10895
f 10894 10895 10896
f 10896 10895 10897
f 10897 10895 10898
f 10897 10898 10899
f 10899 10898 10900
f 10900 10898 10901
f 10900 10901 10902
f 10902 10901 10903
f 10903 10901 10904
f 10903 10904 10905
f 10905 10904 10906
f 10906 10904 10907
f 10906 10907 10908
f 10908 10907 10909
f 10908 10909 10910
f 10910 10909 10890
f 10890 10909 10888
f 10911 10912 10913
f 10913 10912 10914
f 10913 10914 10915
f 10916 10917 10911
f 10911 10917 10918
f 10911 10918 10912
f 10917 10916 10919
f 10919 10916 10920
f 10919 10920 10921
f 10921 10920 10922
f 10922 10920 10923
f 10922 10923 10924
f 10924 10923 10925
f 10925 10923 10926
f 10925 10926 10927
f 10927 10926 10928
f 10928 10926 10929
f 10928 10929 10930
f 10930 10929 10931
f 10931 10929 10932
f 10931 10932 10933
f 10933 10932 10934
f 10933 10934 10935
f 10935 10934 10915
f 10915 10934 10913
f 10936 10937 10938
f 10938 10937 10939
f 10938 10939 10940
f 10941 10942 10936
f 10936 10942 10943
f 10936 10943 10937
f 10942 10941 10944
f 10944 10941 10945
f 10944 10945 10946
f 10946 10945 10947
f 10947 10945 10948
f 10947 10948 10949
f 10949 10948 10950
f 10950 10948 10951
f 10950 10951 10952
f 10952 10951 10953
f 10953 10951 10954
f 10953 10954 10955
f 10955 10954 10956
f 10956 10954 10957
f 10956 10957 10958
f 10958 10957 10959
f 10958 10959 10960
f 10960 10959 10940
f 10940 10959 10938
f 10961 10962 10963
f 10963 10962 10964
f 10963 10964 10965
f 10966 10967 10961
f 10961 10967 10968
f 10961 10968 10962
f 10967 10966 10969
f 10969 10966 10970
f 10969 10970 10971
f 10971 10970 10972
f 10972 10970 10973
f 10972 10973 10974
f 10974 10973 10975
f 10975 10973 10976
f 10975 10976 10977
f 10977 10976 10978
f 10978 10976 10979
f 10978 10979 10980
f 10980 10979 10981
f 10981 10979 10982
f 10981 10982 10983
f 10983 10982 10984
f 10983 10984 10985
f 10985 10984 10965
f 10965 10984 10963
f 10986 10987 10988
f 10988 10987 10989
f 10988 10989 10990
f 10991 10992 10986
f 10986 10992 10993
f 10986 10993 10987
f 10992 10991 10994
f 10994 10991 10995
f 10994 10995 10996
f 10996 10995 10997
f 10997 10995 10998
f 10997 10998 10999
f 10999 10998 11000
f 11000 10998 11001
f 11000 11001 11002
f 11002 11001 11003
f 11003 11001 11004
f 11003 11004 11005
f 11005 11004 11006
f 11006 11004 11007
f 11006 11007 11008
f 11008 11007 11009
f 11008 11009 11010
f 11010 11009 10990
f 10990 11009 10988
f 11011 11012 11013
f 11013 11012 11014
f 11013 11014 11015
f 11016 11017 11011
f 11011 11017 11018
f 11011 11018 11012
f 11017 11016 11019
f 11019 11016 11020
f 11019 11020 11021
f 11021 11020 11022
f 11022 11020 11023
f 11022 11023 11024
f 11024 11023 11025
f 11025 11023 11026
f 11025 11026 11027
f 11027 11026 11028
f 11028 11026 11029
f 11028 11029 11030
f 11030 11029 11031
f 11031 11029 11032
f 11031 11032 11033
f 11033 11032 11034
f 11033 11034 11035
f 11035 11034 11015
f 11015 11034 11013
f 11036 10638 11037
f 11037 10638 10659
f 11037 10659 11038
f 11038 10659 10657
f 11038 10657 11039
f 11039 10657 10654
f 11039 10654 11040
f 11040 10654 10651
f 11040 10651 11041
f 11041 10651 10648
f 11041 10648 11042
f 11042 10648 10645
f 11042 10645 11043
f 11043 10645 10641
f 11043 10641 11044
f 11044 10641 10636
f 11044 10636 11036
f 11036 10636 10638
f 11045 10663 11046
f 11046 10663 10684
f 11046 10684 11047
f 11047 10684 10682
f 11047 10682 11048
f 11048 10682 10679
f 11048 10679 11049
f 11049 10679 10676
f 11049 10676 11050
f 11050 10676 10673
f 11050 10673 11051
f 11051 10673 10670
f 11051 10670 11052
f 11052 10670 10666
f 11052 10666 11053
f 11053 10666 10661
f 11053 10661 11045
f 11045 10661 10663
f 11054 10688 11055
f 11055 10688 10709
f 11055 10709 11056
f 11056 10709 10707
f 11056 10707 11057
f 11057 10707 10704
f 11057 10704 11058
f 11058 10704 10701
f 11058 10701 11059
f 11059 10701 10698
f 11059 10698 11060
f 11060 10698 10695
f 11060 10695 11061
f 11061 10695 10691
f 11061 10691 11062
f 11062 10691 10686
f 11062 10686 11054
f 11054 10686 10688
f 11063 10713 11064
f 11064 10713 10734
f 11064 10734 11065
f 11065 10734 10732
f 11065 10732 11066
f 11066 10732 10729
f 11066 10729 11067
f 11067 10729 10726
f 11067 10726 11068
f 11068 10726 10723
f 11068 10723 11069
f 11069 10723 10720
f 11069 10720 11070
f 11070 10720 10716
f 11070 10716 11071
f 11071 10716 10711
f 11071 10711 11063
f 11063 10711 10713
f 11072 10738 11073
f 11073 10738 10759
f 11073 10759 11074
f 11074 10759 10757
f 11074 10757 11075
f 11075 10757 10754
f 11075 10754 11076
f 11076 10754 10751
f 11076 10751 11077
f 11077 10751 10748
f 11077 10748 11078
f 11078 10748 10745
f 11078 10745 11079
f 11079 10745 10741
f 11079 10741 11080
f 11080 10741 10736
f 11080 10736 11072
f 11072 10736 10738
f 11081 10763 11082
f 11082 10763 10784
f 11082 10784 11083
f 11083 10784 10782
f 11083 10782 11084
f 11084 10782 10779
f 11084 10779 11085
f 11085 10779 10776
f 11085 10776 11086
f 11086 10776 10773
f 11086 10773 11087
f 11087 10773 10770
f 11087 10770 11088
f 11088 10770 10766
f 11088 10766 11089
f 11089 10766 10761
f 11089 10761 11081
f 11081 10761 10763
f 11090 10788 11091
f 11091 10788 10809
f 11091 10809 11092
f 11092 10809 10807
f 11092 10807 11093
f 11093 10807 10804
f 11093 10804 11094
f 11094 10804 10801
f 11094 10801 11095
f 11095 10801 10798
f 11095 10798 11096
f 11096 10798 10795
f 11096 10795 11097
f 11097 10795 10791
f 11097 10791 11098
f 11098 10791 10786
f 11098 10786 11090
f 11090 10786 10788
f 11099 10813 11100
f 11100 10813 10834
f 11100 10834 11101
f 11101 10834 10832
f 11101 10832 11102
f 11102 10832 10829
f 11102 10829 11103
f 11103 10829 10826
f 11103 10826 11104
f 11104 10826 10823
f 11104 10823 11105
f 11105 10823 10820
f 11105 10820 11106
f 11106 10820 10816
f 11106 10816 11107
f 11107 10816 10811
f 11107 10811 11099
f 11099 10811 10813
f 11108 10838 11109
f 11109 10838 10859
f 11109 10859 11110
f 11110 10859 10857
f 11110 10857 11111
f 11111 10857 10854
f 11111 10854 11112
f 11112 10854 10851
f 11112 10851 11113
f 11113 10851 10848
f 11113 10848 11114
f 11114 10848 10845
f 11114 10845 11115
f 11115 10845 10841
f 11115 10841 11116
f 11116 10841 10836
f 11116 10836 11108
f 11108 10836 10838
f 11117 10863 11118
f 11118 10863 10884
f 11118 10884 11119
f 11119 10884 10882
f 11119 10882 11120
f 11120 10882 10879
f 11120 10879 11121
f 11121 10879 10876
f 11121 10876 11122
f 11122 10876 10873
f 11122 10873 11123
f 11123 10873 10870
f 11123 10870 11124
f 11124 10870 10866
f 11124 10866 11125
f 11125 10866 10861
f 11125 10861 11117
f 11117 10861 10863
f 11126 10888 11127
f 11127 10888 10909
f 11127 10909 11128
f 11128 10909 10907
f 11128 10907 11129
f 11129 10907 10904
f 11129 10904 11130
f 11130 10904 10901
f 11130 10901 11131
f 11131 10901 10898
f 11131 10898 11132
f 11132 10898 10895
f 11132 10895 11133
f 11133 10895 10891
f 11133 10891 11134
f 11134 10891 10886
f 11134 10886 11126
f 11126 10886 10888
f 11135 10913 11136
f 11136 10913 10934
f 11136 10934 11137
f 11137 10934 10932
f 11137 10932 11138
f 11138 10932 10929
f 11138 10929 11139
f 11139 10929 10926
f 11139 10926 11140
f 11140 10926 10923
f 11140 10923 11141
f 11141 10923 10920
f 11141 10920 11142
f 11142 10920 10916
f 11142 10916 11143
f 11143 10916 10911
f 11143 10911 11135
f 11135 10911 10913
f 11144 10938 11145
f 11145 10938 10959
f 11145 10959 11146
f 11146 10959 10957
f 11146 10957 11147
f 11147 10957 10954
f 11147 10954 11148
f 11148 10954 10951
f 11148 10951 11149
f 11149 10951 10948
f 11149 10948 11150
f 11150 10948 10945
f 11150 10945 11151
f 11151 10945 10941
f 11151 10941 11152
f 11152 10941 10936
f 11152 10936 11144
f 11144 10936 10938
f 11153 10963 11154
f 11154 10963 10984
f 11154 10984 11155
f 11155 10984 10982
f 11155 10982 11156
f 11156 10982 10979
f 11156 10979 11157
f 11157 10979 10976
f 11157 10976 11158
f 11158 10976 10973
f 11158 10973 11159
f 11159 10973 10970
f 11159 10970 11160
f 11160 10970 10966
f 11160 10966 11161
f 11161 10966 10961
f 11161 10961 11153
f 11153 10961 10963
f 11162 10988 11163
f 11163 10988 11009
f 11163 11009 11164
f 11164 11009 11007
f 11164 11007 11165
f 11165 11007 11004
f 11165 11004 11166
f 11166 11004 11001
f 11166 11001 11167
f 11167 11001 10998
f 11167 10998 11168
f 11168 10998 10995
f 11168 10995 11169
f 11169 10995 10991
f 11169 10991 11170
f 11170 10991 10986
f 11170 10986 11162
f 11162 10986 10988
f 11171 11013 11172
f 11172 11013 11034
f 11172 11034 11173
f 11173 11034 11032
f 11173 11032 11174
f 11174 11032 11029
f 11174 11029 11175
f 11175 11029 11026
f 11175 11026 11176
f 11176 11026 11023
f 11176 11023 11177
f 11177 11023 11020
f 11177 11020 11178
f 11178 11020 11016
f 11178 11016 11179
f 11179 11016 11011
f 11179 11011 11171
f 11171 11011 11013
f 11180 11181 11182
f 11182 11181 11183
f 11182 11183 11184
f 11184 11183 11185
f 11185 11183 11186
f 11185 11186 11187
f 11188 11189 11180
f 11180 11189 11181
f 11182 11184 11190
f 11190 11184 11191
f 11190 11191 11192
f 11192 11191 11193
f 11193 11191 11194
f 11193 11194 11195
f 11195 11194 11196
f 11190 11192 11197
f 11197 11192 11198
f 11197 11198 11199
f 11190 11200 11182
f 11182 11200 11201
f 11202 11181 11203
f 11203 11181 11189
f 11203 11189 11204
f 11204 11189 11205
f 11205 11189 11188
f 11205 11188 11206
f 11206 11188 11180
f 11206 11180 11207
f 11207 11180 11201
f 11201 11180 11182
f 11202 11208 11181
f 11181 11208 11183
f 11209 11184 11210
f 11210 11184 11185
f 11210 11185 11211
f 11211 11185 11187
f 11211 11187 11212
f 11212 11187 11186
f 11212 11186 11213
f 11213 11186 11214
f 11214 11186 11183
f 11214 11183 11208
f 11191 11184 11215
f 11215 11184 11209
f 11216 11193 11217
f 11217 11193 11195
f 11217 11195 11218
f 11218 11195 11219
f 11219 11195 11196
f 11219 11196 11220
f 11220 11196 11194
f 11220 11194 11221
f 11221 11194 11215
f 11215 11194 11191
f 11193 11216 11192
f 11192 11216 11222
f 11200 11190 11223
f 11223 11190 11197
f 11223 11197 11199
f 11198 11224 11199
f 11199 11224 11225
f 11199 11225 11223
f 11192 11226 11198
f 11198 11226 11227
f 11198 11227 11224
f 11192 11222 11226
f 11228 11229 11230
f 11230 11229 11223
f 11223 11229 11200
f 11200 11229 11231
f 11200 11231 11201
f 11201 11231 11207
f 11207 11231 11232
f 11232 11231 11233
f 11207 11232 11206
f 11206 11232 11234
f 11206 11234 11205
f 11205 11234 11235
f 11205 11235 11204
f 11204 11235 11236
f 11204 11236 11203
f 11214 11208 11237
f 11237 11208 11202
f 11237 11202 11236
f 11236 11202 11203
f 11214 11237 11213
f 11213 11237 11238
f 11213 11238 11212
f 11212 11238 11239
f 11212 11239 11211
f 11211 11239 11240
f 11211 11240 11210
f 11221 11215 11241
f 11241 11215 11209
f 11241 11209 11240
f 11240 11209 11210
f 11221 11241 11220
f 11220 11241 11242
f 11220 11242 11219
f 11219 11242 11243
f 11219 11243 11218
f 11218 11243 11244
f 11218 11244 11217
f 11216 11244 11222
f 11222 11244 11245
f 11222 11245 11226
f 11216 11217 11244
f 11226 11245 11227
f 11227 11245 11246
f 11227 11246 11224
f 11224 11246 11247
f 11224 11247 11225
f 11225 11247 11230
f 11225 11230 11223
f 11248 11231 11249
f 11249 11231 11229
f 11228 11250 11229
f 11229 11250 11249
f 11240 11251 11241
f 11241 11251 11252
f 11241 11252 11242
f 11242 11252 11243
f 11243 11252 11244
f 11244 11252 11253
f 11244 11253 11245
f 11245 11253 11246
f 11246 11253 11247
f 11247 11253 11230
f 11230 11253 11228
f 11228 11253 11250
f 11240 11239 11251
f 11251 11239 11238
f 11251 11238 11237
f 11237 11236 11251
f 11251 11236 11254
f 11254 11236 11235
f 11254 11235 11234
f 11234 11232 11254
f 11254 11232 11255
f 11255 11232 11233
f 11231 11248 11233
f 11233 11248 11255
f 11255 11248 11254
f 11254 11248 11256
f 11256 11248 11257
f 11257 11248 11258
f 11258 11248 11249
f 11258 11249 11259
f 11259 11249 11253
f 11253 11249 11250
f 11252 11260 11253
f 11253 11260 11259
f 11261 11260 11262
f 11262 11260 11252
f 11262 11252 11251
f 11262 11263 11261
f 11254 11256 11251
f 11251 11256 11262
f 11257 11258 11264
f 11264 11258 11265
f 11259 11260 11258
f 11258 11260 11261
f 11258 11261 11265
f 11265 11261 11266
f 11263 11267 11261
f 11261 11267 11266
f 11267 11263 11264
f 11264 11263 11257
f 11257 11263 11262
f 11257 11262 11256
f 11264 10293 11267
f 11267 10293 10343
f 11267 10343 10393
f 10393 10343 10345
f 10393 10345 10390
f 10390 10345 10348
f 10390 10348 10388
f 10388 10348 10351
f 10388 10351 10409
f 10409 10351 10354
f 10409 10354 10465
f 10465 10354 10520
f 10465 10520 10523
f 11265 10263 11264
f 11264 10263 10265
f 11264 10265 10634
f 10634 10265 10632
f 10632 10265 10268
f 10632 10268 10270
f 11266 10557 11265
f 11265 10557 10257
f 11265 10257 10259
f 11267 10476 11266
f 11266 10476 10423
f 11266 10423 10426
f 10259 10238 11265
f 11265 10238 10240
f 11265 10240 10609
f 10609 10240 10607
f 10607 10240 10243
f 10607 10243 10604
f 10604 10243 10245
f 10604 10245 10540
f 10540 10245 10248
f 10540 10248 10538
f 10538 10248 10251
f 10538 10251 10559
f 10559 10251 10254
f 10559 10254 10557
f 10557 10254 10257
f 10273 10565 10270
f 10270 10565 10629
f 10270 10629 10632
f 10565 10273 10563
f 10563 10273 10276
f 10563 10276 10584
f 10584 10276 10279
f 10584 10279 10315
f 10315 10279 10595
f 10315 10595 10598
f 10279 10282 10595
f 10595 10282 10593
f 10593 10282 10590
f 10590 10282 10284
f 10590 10284 10588
f 10588 10284 10263
f 10588 10263 11265
f 10290 10623 10288
f 10288 10623 10626
f 10288 10626 10309
f 10309 10626 10629
f 10309 10629 10565
f 10623 10290 10620
f 10620 10290 10293
f 10620 10293 10618
f 10618 10293 11264
f 10618 11264 10615
f 10615 11264 10613
f 10613 11264 10634
f 10293 10295 10343
f 10343 10295 10340
f 10340 10295 10298
f 10340 10298 10338
f 10338 10298 10301
f 10338 10301 10359
f 10359 10301 10304
f 10359 10304 10515
f 10515 10304 10570
f 10515 10570 10573
f 10304 10307 10570
f 10570 10307 10568
f 10568 10307 10565
f 10565 10307 10309
f 10315 10598 10313
f 10313 10598 10601
f 10313 10601 10334
f 10334 10601 10604
f 10334 10604 10540
f 10584 10315 10582
f 10582 10315 10318
f 10582 10318 10320
f 10323 10365 10320
f 10320 10365 10579
f 10320 10579 10582
f 10365 10323 10363
f 10363 10323 10326
f 10363 10326 10384
f 10384 10326 10329
f 10384 10329 10490
f 10490 10329 10545
f 10490 10545 10548
f 10329 10332 10545
f 10545 10332 10543
f 10543 10332 10334
f 10543 10334 10540
f 10354 10357 10520
f 10520 10357 10518
f 10518 10357 10515
f 10515 10357 10359
f 10368 10532 10365
f 10365 10532 10534
f 10365 10534 10579
f 10579 10534 10576
f 10576 10534 10513
f 10576 10513 10573
f 10573 10513 10515
f 10368 10370 10532
f 10532 10370 10529
f 10529 10370 10415
f 10529 10415 10484
f 10484 10415 10482
f 10482 10415 10418
f 10482 10418 10420
f 10370 10373 10415
f 10415 10373 10413
f 10413 10373 10376
f 10413 10376 10434
f 10434 10376 10379
f 10434 10379 10440
f 10440 10379 10495
f 10440 10495 10498
f 10379 10382 10495
f 10495 10382 10493
f 10493 10382 10490
f 10490 10382 10384
f 10393 10395 11267
f 11267 10395 10398
f 11267 10398 10401
f 11267 10401 10473
f 10473 10401 10404
f 10473 10404 10470
f 10470 10404 10407
f 10470 10407 10468
f 10468 10407 10465
f 10465 10407 10409
f 10482 10420 10479
f 10479 10420 10423
f 10479 10423 10476
f 11266 10426 10448
f 10448 10426 10429
f 10448 10429 10445
f 10445 10429 10432
f 10445 10432 10443
f 10443 10432 10440
f 10440 10432 10434
f 10440 10498 10438
f 10438 10498 10501
f 10438 10501 10459
f 10459 10501 10504
f 10459 10504 10457
f 10457 10504 10507
f 10457 10507 11266
f 11266 10507 10557
f 10448 10451 11266
f 11266 10451 10454
f 11266 10454 10457
f 10465 10523 10463
f 10463 10523 10526
f 10463 10526 10484
f 10484 10526 10529
f 10473 10476 11267
f 10490 10548 10488
f 10488 10548 10551
f 10488 10551 10509
f 10509 10551 10554
f 10509 10554 10507
f 10507 10554 10557
f 10609 10588 11265
f 10236 10649 10237
f 10237 10649 10650
f 10237 10650 10652
f 10649 10236 10647
f 10647 10236 10260
f 10647 10260 10646
f 10646 10260 10258
f 10646 10258 10644
f 10644 10258 10256
f 10644 10256 10255
f 10644 10255 10642
f 10642 10255 10253
f 10642 10253 10643
f 10643 10253 10252
f 10643 10252 10637
f 10637 10252 10250
f 10637 10250 10639
f 10639 10250 10640
f 10640 10250 10249
f 10640 10249 10660
f 10660 10249 10247
f 10660 10247 10658
f 10658 10247 10246
f 10658 10246 10656
f 10656 10246 10244
f 10656 10244 10242
f 10656 10242 10655
f 10655 10242 10241
f 10655 10241 10653
f 10653 10241 10239
f 10653 10239 10652
f 10652 10239 10237
f 10261 10674 10262
f 10262 10674 10675
f 10262 10675 10677
f 10674 10261 10672
f 10672 10261 10285
f 10672 10285 10671
f 10671 10285 10283
f 10671 10283 10669
f 10669 10283 10281
f 10669 10281 10280
f 10669 10280 10667
f 10667 10280 10278
f 10667 10278 10668
f 10668 10278 10277
f 10668 10277 10662
f 10662 10277 10275
f 10662 10275 10664
f 10664 10275 10665
f 10665 10275 10274
f 10665 10274 10685
f 10685 10274 10272
f 10685 10272 10683
f 10683 10272 10271
f 10683 10271 10681
f 10681 10271 10269
f 10681 10269 10267
f 10681 10267 10680
f 10680 10267 10266
f 10680 10266 10678
f 10678 10266 10264
f 10678 10264 10677
f 10677 10264 10262
f 10289 10287 10700
f 10700 10287 10286
f 10700 10286 10699
f 10699 10286 10310
f 10699 10310 10697
f 10697 10310 10308
f 10697 10308 10696
f 10696 10308 10306
f 10696 10306 10694
f 10694 10306 10692
f 10692 10306 10305
f 10692 10305 10693
f 10693 10305 10303
f 10693 10303 10687
f 10687 10303 10302
f 10687 10302 10689
f 10689 10302 10300
f 10689 10300 10299
f 10689 10299 10690
f 10690 10299 10297
f 10690 10297 10710
f 10710 10297 10296
f 10710 10296 10708
f 10708 10296 10294
f 10708 10294 10706
f 10706 10294 10705
f 10705 10294 10292
f 10705 10292 10703
f 10703 10292 10291
f 10703 10291 10702
f 10702 10291 10289
f 10702 10289 10700
f 10311 10724 10312
f 10312 10724 10725
f 10312 10725 10727
f 10724 10311 10722
f 10722 10311 10335
f 10722 10335 10721
f 10721 10335 10333
f 10721 10333 10719
f 10719 10333 10331
f 10719 10331 10330
f 10719 10330 10717
f 10717 10330 10328
f 10717 10328 10718
f 10718 10328 10327
f 10718 10327 10712
f 10712 10327 10325
f 10712 10325 10714
f 10714 10325 10715
f 10715 10325 10324
f 10715 10324 10735
f 10735 10324 10322
f 10735 10322 10733
f 10733 10322 10321
f 10733 10321 10731
f 10731 10321 10319
f 10731 10319 10317
f 10731 10317 10730
f 10730 10317 10316
f 10730 10316 10728
f 10728 10316 10314
f 10728 10314 10727
f 10727 10314 10312
f 10339 10337 10750
f 10750 10337 10336
f 10750 10336 10749
f 10749 10336 10360
f 10749 10360 10747
f 10747 10360 10358
f 10747 10358 10746
f 10746 10358 10356
f 10746 10356 10744
f 10744 10356 10742
f 10742 10356 10355
f 10742 10355 10743
f 10743 10355 10353
f 10743 10353 10737
f 10737 10353 10352
f 10737 10352 10739
f 10739 10352 10350
f 10739 10350 10349
f 10739 10349 10740
f 10740 10349 10347
f 10740 10347 10760
f 10760 10347 10346
f 10760 10346 10758
f 10758 10346 10344
f 10758 10344 10756
f 10756 10344 10755
f 10755 10344 10342
f 10755 10342 10753
f 10753 10342 10341
f 10753 10341 10752
f 10752 10341 10339
f 10752 10339 10750
f 10364 10362 10775
f 10775 10362 10361
f 10775 10361 10774
f 10774 10361 10385
f 10774 10385 10772
f 10772 10385 10383
f 10772 10383 10771
f 10771 10383 10381
f 10771 10381 10769
f 10769 10381 10767
f 10767 10381 10380
f 10767 10380 10768
f 10768 10380 10378
f 10768 10378 10762
f 10762 10378 10377
f 10762 10377 10764
f 10764 10377 10375
f 10764 10375 10374
f 10764 10374 10765
f 10765 10374 10372
f 10765 10372 10785
f 10785 10372 10371
f 10785 10371 10783
f 10783 10371 10369
f 10783 10369 10781
f 10781 10369 10780
f 10780 10369 10367
f 10780 10367 10778
f 10778 10367 10366
f 10778 10366 10777
f 10777 10366 10364
f 10777 10364 10775
f 10389 10387 10800
f 10800 10387 10386
f 10800 10386 10799
f 10799 10386 10410
f 10799 10410 10797
f 10797 10410 10408
f 10797 10408 10796
f 10796 10408 10406
f 10796 10406 10794
f 10794 10406 10792
f 10792 10406 10405
f 10792 10405 10793
f 10793 10405 10403
f 10793 10403 10787
f 10787 10403 10402
f 10787 10402 10789
f 10789 10402 10400
f 10789 10400 10399
f 10789 10399 10790
f 10790 10399 10397
f 10790 10397 10810
f 10810 10397 10396
f 10810 10396 10808
f 10808 10396 10394
f 10808 10394 10806
f 10806 10394 10805
f 10805 10394 10392
f 10805 10392 10803
f 10803 10392 10391
f 10803 10391 10802
f 10802 10391 10389
f 10802 10389 10800
f 10411 10824 10412
f 10412 10824 10825
f 10412 10825 10827
f 10824 10411 10822
f 10822 10411 10435
f 10822 10435 10821
f 10821 10435 10433
f 10821 10433 10819
f 10819 10433 10431
f 10819 10431 10430
f 10819 10430 10817
f 10817 10430 10428
f 10817 10428 10818
f 10818 10428 10427
f 10818 10427 10812
f 10812 10427 10425
f 10812 10425 10814
f 10814 10425 10815
f 10815 10425 10424
f 10815 10424 10835
f 10835 10424 10422
f 10835 10422 10833
f 10833 10422 10421
f 10833 10421 10831
f 10831 10421 10419
f 10831 10419 10417
f 10831 10417 10830
f 10830 10417 10416
f 10830 10416 10828
f 10828 10416 10414
f 10828 10414 10827
f 10827 10414 10412
f 10439 10437 10850
f 10850 10437 10436
f 10850 10436 10849
f 10849 10436 10460
f 10849 10460 10847
f 10847 10460 10458
f 10847 10458 10846
f 10846 10458 10456
f 10846 10456 10844
f 10844 10456 10842
f 10842 10456 10455
f 10842 10455 10843
f 10843 10455 10453
f 10843 10453 10837
f 10837 10453 10452
f 10837 10452 10839
f 10839 10452 10450
f 10839 10450 10449
f 10839 10449 10840
f 10840 10449 10447
f 10840 10447 10860
f 10860 10447 10446
f 10860 10446 10858
f 10858 10446 10444
f 10858 10444 10856
f 10856 10444 10855
f 10855 10444 10442
f 10855 10442 10853
f 10853 10442 10441
f 10853 10441 10852
f 10852 10441 10439
f 10852 10439 10850
f 10461 10874 10462
f 10462 10874 10875
f 10462 10875 10877
f 10874 10461 10872
f 10872 10461 10485
f 10872 10485 10871
f 10871 10485 10483
f 10871 10483 10869
f 10869 10483 10481
f 10869 10481 10480
f 10869 10480 10867
f 10867 10480 10478
f 10867 10478 10868
f 10868 10478 10477
f 10868 10477 10862
f 10862 10477 10475
f 10862 10475 10864
f 10864 10475 10865
f 10865 10475 10474
f 10865 10474 10885
f 10885 10474 10472
f 10885 10472 10883
f 10883 10472 10471
f 10883 10471 10881
f 10881 10471 10469
f 10881 10469 10467
f 10881 10467 10880
f 10880 10467 10466
f 10880 10466 10878
f 10878 10466 10464
f 10878 10464 10877
f 10877 10464 10462
f 10489 10487 10900
f 10900 10487 10486
f 10900 10486 10899
f 10899 10486 10510
f 10899 10510 10897
f 10897 10510 10508
f 10897 10508 10896
f 10896 10508 10506
f 10896 10506 10894
f 10894 10506 10892
f 10892 10506 10505
f 10892 10505 10893
f 10893 10505 10503
f 10893 10503 10887
f 10887 10503 10502
f 10887 10502 10889
f 10889 10502 10500
f 10889 10500 10499
f 10889 10499 10890
f 10890 10499 10497
f 10890 10497 10910
f 10910 10497 10496
f 10910 10496 10908
f 10908 10496 10494
f 10908 10494 10906
f 10906 10494 10905
f 10905 10494 10492
f 10905 10492 10903
f 10903 10492 10491
f 10903 10491 10902
f 10902 10491 10489
f 10902 10489 10900
f 10514 10512 10925
f 10925 10512 10511
f 10925 10511 10924
f 10924 10511 10535
f 10924 10535 10922
f 10922 10535 10533
f 10922 10533 10921
f 10921 10533 10531
f 10921 10531 10919
f 10919 10531 10917
f 10917 10531 10530
f 10917 10530 10918
f 10918 10530 10528
f 10918 10528 10912
f 10912 10528 10527
f 10912 10527 10914
f 10914 10527 10525
f 10914 10525 10524
f 10914 10524 10915
f 10915 10524 10522
f 10915 10522 10935
f 10935 10522 10521
f 10935 10521 10933
f 10933 10521 10519
f 10933 10519 10931
f 10931 10519 10930
f 10930 10519 10517
f 10930 10517 10928
f 10928 10517 10516
f 10928 10516 10927
f 10927 10516 10514
f 10927 10514 10925
f 10539 10537 10950
f 10950 10537 10536
f 10950 10536 10949
f 10949 10536 10560
f 10949 10560 10947
f 10947 10560 10558
f 10947 10558 10946
f 10946 10558 10556
f 10946 10556 10944
f 10944 10556 10942
f 10942 10556 10555
f 10942 10555 10943
f 10943 10555 10553
f 10943 10553 10937
f 10937 10553 10552
f 10937 10552 10939
f 10939 10552 10550
f 10939 10550 10549
f 10939 10549 10940
f 10940 10549 10547
f 10940 10547 10960
f 10960 10547 10546
f 10960 10546 10958
f 10958 10546 10544
f 10958 10544 10956
f 10956 10544 10955
f 10955 10544 10542
f 10955 10542 10953
f 10953 10542 10541
f 10953 10541 10952
f 10952 10541 10539
f 10952 10539 10950
f 10561 10974 10562
f 10562 10974 10975
f 10562 10975 10977
f 10974 10561 10972
f 10972 10561 10585
f 10972 10585 10971
f 10971 10585 10583
f 10971 10583 10969
f 10969 10583 10581
f 10969 10581 10580
f 10969 10580 10967
f 10967 10580 10578
f 10967 10578 10968
f 10968 10578 10577
f 10968 10577 10962
f 10962 10577 10575
f 10962 10575 10964
f 10964 10575 10965
f 10965 10575 10574
f 10965 10574 10985
f 10985 10574 10572
f 10985 10572 10983
f 10983 10572 10571
f 10983 10571 10981
f 10981 10571 10569
f 10981 10569 10567
f 10981 10567 10980
f 10980 10567 10566
f 10980 10566 10978
f 10978 10566 10564
f 10978 10564 10977
f 10977 10564 10562
f 10586 10999 10587
f 10587 10999 11000
f 10587 11000 11002
f 10999 10586 10997
f 10997 10586 10610
f 10997 10610 10996
f 10996 10610 10608
f 10996 10608 10994
f 10994 10608 10606
f 10994 10606 10605
f 10994 10605 10992
f 10992 10605 10603
f 10992 10603 10993
f 10993 10603 10602
f 10993 10602 10987
f 10987 10602 10600
f 10987 10600 10989
f 10989 10600 10990
f 10990 10600 10599
f 10990 10599 11010
f 11010 10599 10597
f 11010 10597 11008
f 11008 10597 10596
f 11008 10596 11006
f 11006 10596 10594
f 11006 10594 10592
f 11006 10592 11005
f 11005 10592 10591
f 11005 10591 11003
f 11003 10591 10589
f 11003 10589 11002
f 11002 10589 10587
f 10611 11024 10612
f 10612 11024 11025
f 10612 11025 11027
f 11024 10611 11022
f 11022 10611 10635
f 11022 10635 11021
f 11021 10635 10633
f 11021 10633 11019
f 11019 10633 10631
f 11019 10631 10630
f 11019 10630 11017
f 11017 10630 10628
f 11017 10628 11018
f 11018 10628 10627
f 11018 10627 11012
f 11012 10627 10625
f 11012 10625 11014
f 11014 10625 11015
f 11015 10625 10624
f 11015 10624 11035
f 11035 10624 10622
f 11035 10622 11033
f 11033 10622 10621
f 11033 10621 11031
f 11031 10621 10619
f 11031 10619 10617
f 11031 10617 11030
f 11030 10617 10616
f 11030 10616 11028
f 11028 10616 10614
f 11028 10614 11027
f 11027 10614 10612
f 11038 11041 11037
f 11037 11041 11042
f 11037 11042 11036
f 11036 11042 11043
f 11036 11043 11044
f 11039 11040 11038
f 11038 11040 11041
f 11047 11050 11046
f 11046 11050 11051
f 11046 11051 11045
f 11045 11051 11052
f 11045 11052 11053
f 11048 11049 11047
f 11047 11049 11050
f 11056 11059 11055
f 11055 11059 11060
f 11055 11060 11054
f 11054 11060 11061
f 11054 11061 11062
f 11057 11058 11056
f 11056 11058 11059
f 11065 11068 11064
f 11064 11068 11069
f 11064 11069 11063
f 11063 11069 11070
f 11063 11070 11071
f 11066 11067 11065
f 11065 11067 11068
f 11074 11077 11073
f 11073 11077 11078
f 11073 11078 11072
f 11072 11078 11079
f 11072 11079 11080
f 11075 11076 11074
f 11074 11076 11077
f 11082 11083 11081
f 11081 11083 11084
f 11081 11084 11089
f 11089 11084 11088
f 11088 11084 11085
f 11088 11085 11087
f 11087 11085 11086
f 11092 11095 11091
f 11091 11095 11096
f 11091 11096 11090
f 11090 11096 11097
f 11090 11097 11098
f 11093 11094 11092
f 11092 11094 11095
f 11100 11101 11099
f 11099 11101 11102
f 11099 11102 11107
f 11107 11102 11106
f 11106 11102 11103
f 11106 11103 11105
f 11105 11103 11104
f 11109 11110 11108
f 11108 11110 11111
f 11108 11111 11116
f 11116 11111 11115
f 11115 11111 11112
f 11115 11112 11114
f 11114 11112 11113
f 11118 11119 11117
f 11117 11119 11120
f 11117 11120 11125
f 11125 11120 11124
f 11124 11120 11121
f 11124 11121 11123
f 11123 11121 11122
f 11127 11128 11126
f 11126 11128 11129
f 11126 11129 11134
f 11134 11129 11133
f 11133 11129 11130
f 11133 11130 11132
f 11132 11130 11131
f 11137 11140 11136
f 11136 11140 11141
f 11136 11141 11135
f 11135 11141 11142
f 11135 11142 11143
f 11138 11139 11137
f 11137 11139 11140
f 11145 11146 11144
f 11144 11146 11147
f 11144 11147 11152
f 11152 11147 11151
f 11151 11147 11148
f 11151 11148 11150
f 11150 11148 11149
f 11155 11158 11154
f 11154 11158 11159
f 11154 11159 11153
f 11153 11159 11160
f 11153 11160 11161
f 11156 11157 11155
f 11155 11157 11158
f 11164 11167 11163
f 11163 11167 11168
f 11163 11168 11162
f 11162 11168 11169
f 11162 11169 11170
f 11165 11166 11164
f 11164 11166 11167
f 11173 11176 11172
f 11172 11176 11177
f 11172 11177 11171
f 11171 11177 11178
f 11171 11178 11179
f 11174 11175 11173
f 11173 11175 11176

